0.000000,0.000000000000000000e+00,0.000000000000000000e+00,7.594907452582463359e-01,1.000000000000000000e+00,0.000000000000000000e+00,0.000000000000000000e+00,0.000000000000000000e+00,-3.119999999999999996e-01,0.000000000000000000e+00,0.000000000000000000e+00,6.690000000000000391e-01,-3.629999999999999893e-01,0.000000000000000000e+00,-3.119999999999999996e-01,0.000000000000000000e+00,0.000000000000000000e+00,6.690000000000000391e-01,-3.629999999999999893e-01,0.000000000000000000e+00,0.000000000000000000e+00,0.000000000000000000e+00,0.000000000000000000e+00,2.000000000000000111e-01,2.000000000000000111e-01,0.000000000000000000e+00,5.999999999999999778e-01,0.000000000000000000e+00,0.000000000000000000e+00,0.000000000000000000e+00,2.000000000000000111e-01,-2.000000000000000111e-01,0.000000000000000000e+00,5.999999999999999778e-01,0.000000000000000000e+00,0.000000000000000000e+00,0.000000000000000000e+00
0.010000,2.186357450679350060e-03,6.026625398270368155e-04,7.590981340004706590e-01,9.999997620110229191e-01,1.870142046429334849e-07,-6.206265915790164494e-04,3.013312073203426480e-04,-3.043195276953421513e-01,0.000000000000000000e+00,0.000000000000000000e+00,6.605494427674102331e-01,-3.603511886147776622e-01,0.000000000000000000e+00,-3.191195107024730748e-01,0.000000000000000000e+00,0.000000000000000000e+00,6.788156875254133249e-01,-3.658263254984069346e-01,0.000000000000000000e+00,2.410650159308147262e-03,0.000000000000000000e+00,-1.124406039205566631e-03,2.190879198907601244e-01,1.985792684569868127e-01,0.000000000000000000e+00,5.916650724927932092e-01,0.000000000000000000e+00,0.000000000000000000e+00,0.000000000000000000e+00,1.670696821726596892e-01,-1.997054229477245590e-01,0.000000000000000000e+00,6.066147689880140303e-01,0.000000000000000000e+00,0.000000000000000000e+00,0.000000000000000000e+00
0.020000,4.382320923588404853e-03,1.189252981338188245e-03,7.587085691999850834e-01,9.999990549747538315e-01,7.370657015894057501e-07,-1.239543858682289187e-03,5.946259988148018018e-04,-2.968426941465635016e-01,0.000000000000000000e+00,0.000000000000000000e+00,6.523545385889850667e-01,-3.577771744014565103e-01,0.000000000000000000e+00,-3.260360887756030834e-01,0.000000000000000000e+00,0.000000000000000000e+00,6.883791080928539641e-01,-3.685725258807464599e-01,0.000000000000000000e+00,4.757011925352752982e-03,0.000000000000000000e+00,-2.245579548602686867e-03,2.375885662266727649e-01,1.971756387801547605e-01,0.000000000000000000e+00,5.835346075557578116e-01,0.000000000000000000e+00,0.000000000000000000e+00,0.000000000000000000e+00,1.348750274010013794e-01,-1.994104105489730994e-01,0.000000000000000000e+00,6.130323451979972083e-01,0.000000000000000000e+00,0.000000000000000000e+00,0.000000000000000000e+00
0.030000,6.587842484649052664e-03,1.759983249886208417e-03,7.583221466237447528e-01,9.999978894370363802e-01,1.633739040065615277e-06,-1.856538826101607068e-03,8.799899948158110751e-04,-2.895668359399180547e-01,0.000000000000000000e+00,0.000000000000000000e+00,6.444113618206644967e-01,-3.552768949658625108e-01,0.000000000000000000e+00,-3.327526493218024850e-01,0.000000000000000000e+00,0.000000000000000000e+00,6.976934140737368617e-01,-3.712397446700045345e-01,0.000000000000000000e+00,7.039932999544833668e-03,0.000000000000000000e+00,-3.363145923554301722e-03,2.555111151570323424e-01,1.957892660901229265e-01,0.000000000000000000e+00,5.756062354119253488e-01,0.000000000000000000e+00,0.000000000000000000e+00,0.000000000000000000e+00,1.034089452890305239e-01,-1.991149640177811153e-01,0.000000000000000000e+00,6.192557094219389713e-01,0.000000000000000000e+00,0.000000000000000000e+00,0.000000000000000000e+00
0.040000,8.802874199783180045e-03,2.315065270823850156e-03,7.579389620387044779e-01,9.999962761470899686e-01,2.860725744225323669e-06,-2.471398541198846239e-03,1.157528841914642068e-03,-2.824892896616598703e-01,0.000000000000000000e+00,0.000000000000000000e+00,6.367159868183887017e-01,-3.528492879138218630e-01,0.000000000000000000e+00,-3.392721074434835726e-01,0.000000000000000000e+00,0.000000000000000000e+00,7.067617578394781441e-01,-3.738291253891670163e-01,0.000000000000000000e+00,9.260261083295400625e-03,0.000000000000000000e+00,-4.476730559423349604e-03,2.728647428311333223e-01,1.944203055075102438e-01,0.000000000000000000e+00,5.678775862843270517e-01,0.000000000000000000e+00,0.000000000000000000e+00,0.000000000000000000e+00,7.266434544075257851e-02,-1.988190845681840069e-01,0.000000000000000000e+00,6.252878424518282241e-01,0.000000000000000000e+00,0.000000000000000000e+00,0.000000000000000000e+00
0.050000,1.102736813491267745e-02,2.854710969503868566e-03,7.575591112118192916e-01,9.999942260615112266e-01,4.401838947619014933e-06,-3.083910073761828713e-03,1.427348212622248959e-03,-2.756073918980427306e-01,0.000000000000000000e+00,0.000000000000000000e+00,6.292644879380974166e-01,-3.504932908511606549e-01,0.000000000000000000e+00,-3.455973782430586949e-01,0.000000000000000000e+00,0.000000000000000000e+00,7.155872917614929385e-01,-3.763418115612198189e-01,0.000000000000000000e+00,1.141884387801547426e-02,0.000000000000000000e+00,-5.585958851572771743e-03,2.896586253982704195e-01,1.930689121529358121e-01,0.000000000000000000e+00,5.603462903959944841e-01,0.000000000000000000e+00,0.000000000000000000e+00,0.000000000000000000e+00,4.263413746017299250e-02,-1.985227734142172018e-01,0.000000000000000000e+00,6.311317250796540934e-01,0.000000000000000000e+00,0.000000000000000000e+00,0.000000000000000000e+00
0.060000,1.326127635595942753e-02,3.379132271279016581e-03,7.571826899100441155e-01,9.999917503477111502e-01,6.241027575981724546e-06,-3.693860515855097552e-03,1.689553804992434578e-03,-2.689184792353209175e-01,0.000000000000000000e+00,0.000000000000000000e+00,6.220529395357304869e-01,-3.482078413837050301e-01,0.000000000000000000e+00,-3.517313768229403670e-01,0.000000000000000000e+00,0.000000000000000000e+00,7.241731682111972601e-01,-3.787789467091488560e-01,0.000000000000000000e+00,1.351652908511606632e-02,0.000000000000000000e+00,-6.690456195365505031e-03,3.059019390077378220e-01,1.917352411470186480e-01,0.000000000000000000e+00,5.530099779699590989e-01,0.000000000000000000e+00,0.000000000000000000e+00,0.000000000000000000e+00,1.331123095129726520e-02,-1.982260317699161833e-01,0.000000000000000000e+00,6.367903380974055949e-01,0.000000000000000000e+00,0.000000000000000000e+00,0.000000000000000000e+00
0.070000,1.550455092884532246e-02,3.888541101502047785e-03,7.568097939003339825e-01,9.999888603867901349e-01,8.362390078280722367e-06,-4.301036981665136601e-03,1.944251342208244953e-03,-2.624198882597481020e-01,0.000000000000000000e+00,0.000000000000000000e+00,6.150774159672280916e-01,-3.459918771172811325e-01,0.000000000000000000e+00,-3.576770182855409375e-01,0.000000000000000000e+00,0.000000000000000000e+00,7.325225395600060141e-01,-3.811416743559398745e-01,0.000000000000000000e+00,1.555416440600819114e-02,0.000000000000000000e+00,-7.789847986164491998e-03,3.216038598088302725e-01,1.904194476103777955e-01,0.000000000000000000e+00,5.458662792292519050e-01,0.000000000000000000e+00,0.000000000000000000e+00,0.000000000000000000e+00,-1.531146448186917856e-02,-1.979288608493163792e-01,0.000000000000000000e+00,6.422666622970718553e-01,0.000000000000000000e+00,0.000000000000000000e+00,0.000000000000000000e+00
0.080000,1.775714391949224924e-02,4.383149385525716632e-03,7.564405189496437032e-01,9.999855677758486827e-01,1.075018770596694039e-05,-4.905226607339482035e-03,2.191546572132566095e-03,-2.561089555575785104e-01,0.000000000000000000e+00,0.000000000000000000e+00,6.083339915885298543e-01,-3.438443356577149945e-01,0.000000000000000000e+00,-3.634372177332726439e-01,0.000000000000000000e+00,0.000000000000000000e+00,7.406385581793355488e-01,-3.834311380245789547e-01,0.000000000000000000e+00,1.753259754210286653e-02,0.000000000000000000e+00,-8.883759619332669971e-03,3.367735639508420697e-01,1.891216866636322436e-01,0.000000000000000000e+00,5.389128243969049104e-01,0.000000000000000000e+00,0.000000000000000000e+00,0.000000000000000000e+00,-4.324103923532084115e-02,-1.976312618664532172e-01,0.000000000000000000e+00,6.475636784706417792e-01,0.000000000000000000e+00,0.000000000000000000e+00,0.000000000000000000e+00
0.090000,2.001900739382209138e-02,4.863169048702775839e-03,7.560749608249281994e-01,9.999818843297360038e-01,1.338885734037708687e-05,-5.506216550819151116e-03,2.431545266824003231e-03,-2.499830177150660360e-01,0.000000000000000000e+00,0.000000000000000000e+00,6.018187407555758428e-01,-3.417641546108329820e-01,0.000000000000000000e+00,-3.690148902685480015e-01,0.000000000000000000e+00,0.000000000000000000e+00,7.485243764406008804e-01,-3.856484812380518989e-01,0.000000000000000000e+00,1.945267619481110336e-02,0.000000000000000000e+00,-9.971816490232978877e-03,3.514202275830678457e-01,1.878421134274010362e-01,0.000000000000000000e+00,5.321472436959490127e-01,0.000000000000000000e+00,0.000000000000000000e+00,0.000000000000000000e+00,-7.048458370505229775e-02,-1.973332360353621251e-01,0.000000000000000000e+00,6.526843674101047155e-01,0.000000000000000000e+00,0.000000000000000000e+00,0.000000000000000000e+00
0.100000,2.229009341775674627e-02,5.328812016385980725e-03,7.557132152931425040e-01,9.999778220822348462e-01,1.626302386823671580e-05,-6.103793991663739558e-03,2.664353222019205918e-03,-2.440394113184645719e-01,0.000000000000000000e+00,0.000000000000000000e+00,5.955277378243059028e-01,-3.397502715824609054e-01,0.000000000000000000e+00,-3.744129509937793587e-01,0.000000000000000000e+00,0.000000000000000000e+00,7.561831467152178021e-01,-3.877948475193445099e-01,0.000000000000000000e+00,2.131524806554392290e-02,0.000000000000000000e+00,-1.105364399422836472e-02,3.655530268548020101e-01,1.865808830223031622e-01,0.000000000000000000e+00,5.255671673494158869e-01,0.000000000000000000e+00,0.000000000000000000e+00,0.000000000000000000e+00,-9.704918828705806633e-02,-1.970347845700785305e-01,0.000000000000000000e+00,6.576317099074495687e-01,0.000000000000000000e+00,0.000000000000000000e+00,0.000000000000000000e+00
0.110000,2.457035405721809049e-02,5.780290213928083141e-03,7.553553781212414275e-01,9.999733932866835540e-01,1.935751210521783477e-05,-6.697746130868488003e-03,2.890076256582859663e-03,-2.382754729540282335e-01,0.000000000000000000e+00,0.000000000000000000e+00,5.894570571506599910e-01,-3.378016241784251306e-01,0.000000000000000000e+00,-3.796343150113791753e-01,0.000000000000000000e+00,0.000000000000000000e+00,7.636180213746016632e-01,-3.898713803914428122e-01,0.000000000000000000e+00,2.312116085571233257e-02,0.000000000000000000e+00,-1.212886752668175701e-02,3.791811379153390282e-01,1.853381505689576936e-01,0.000000000000000000e+00,5.191702255803368748e-01,0.000000000000000000e+00,0.000000000000000000e+00,0.000000000000000000e+00,-1.229419433773326492e-01,-1.967359086846378891e-01,0.000000000000000000e+00,6.624086867546654656e-01,0.000000000000000000e+00,0.000000000000000000e+00,0.000000000000000000e+00
0.120000,2.685974137812801796e-02,6.217815566681838407e-03,7.550015450761798919e-01,9.999686104160346867e-01,2.265735826750857597e-05,-7.287860190672600276e-03,3.108820211926679750e-03,-2.326885392080109416e-01,0.000000000000000000e+00,0.000000000000000000e+00,5.836027730905781752e-01,-3.359171500045516345e-01,0.000000000000000000e+00,-3.846818974237596889e-01,0.000000000000000000e+00,0.000000000000000000e+00,7.708321527901684789e-01,-3.918792233773327194e-01,0.000000000000000000e+00,2.487126226672735363e-02,0.000000000000000000e+00,-1.319711248295610088e-02,3.923137369139735875e-01,1.841140711879835912e-01,0.000000000000000000e+00,5.129540486117433185e-01,0.000000000000000000e+00,0.000000000000000000e+00,0.000000000000000000e+00,-1.481699393718706737e-01,-1.964366095930756562e-01,0.000000000000000000e+00,6.670182787437414218e-01,0.000000000000000000e+00,0.000000000000000000e+00,0.000000000000000000e+00
0.130000,2.915820744640841566e-02,6.641599999999999240e-03,7.546518119249129297e-01,9.999634861623506454e-01,2.614782099135616909e-05,-7.873923414358033682e-03,3.320690951398766900e-03,-2.272759466666666450e-01,0.000000000000000000e+00,0.000000000000000000e+00,5.779609600000000791e-01,-3.340957866666666165e-01,0.000000000000000000e+00,-3.895586133333333034e-01,0.000000000000000000e+00,0.000000000000000000e+00,7.778286933333332653e-01,-3.938195199999999230e-01,0.000000000000000000e+00,2.656639999999999696e-02,0.000000000000000000e+00,-1.425800425841433974e-02,4.049599999999999866e-01,1.829087999999999825e-01,0.000000000000000000e+00,5.069162666666666706e-01,0.000000000000000000e+00,0.000000000000000000e+00,0.000000000000000000e+00,-1.727402666666665865e-01,-1.961368885094272596e-01,0.000000000000000000e+00,6.714634666666666751e-01,0.000000000000000000e+00,0.000000000000000000e+00,0.000000000000000000e+00
0.140000,3.146570432798117406e-02,7.051855439235320093e-03,7.543062744343955739e-01,9.999580334357367484e-01,2.981439190054874203e-05,-8.455723066037982433e-03,3.525794359644791008e-03,-2.220350319162494312e-01,0.000000000000000000e+00,0.000000000000000000e+00,5.725276922348656594e-01,-3.323364717705962756e-01,0.000000000000000000e+00,-3.942673778425124786e-01,0.000000000000000000e+00,0.000000000000000000e+00,7.846107953755120379e-01,-3.956934137824306141e-01,0.000000000000000000e+00,2.820742175694128037e-02,0.000000000000000000e+00,-1.531116824841940484e-02,4.171291033227128020e-01,1.817224921256258563e-01,0.000000000000000000e+00,5.010545099681382730e-01,0.000000000000000000e+00,0.000000000000000000e+00,0.000000000000000000e+00,-1.966600156577150149e-01,-1.958367466477281271e-01,0.000000000000000000e+00,6.757472313154301302e-01,0.000000000000000000e+00,0.000000000000000000e+00,0.000000000000000000e+00
0.150000,3.378218408876817319e-02,7.448793809740555417e-03,7.539650283715827461e-01,9.999522653627105351e-01,3.364280572180552569e-05,-9.033046430434184260e-03,3.724236341942503518e-03,-2.169631315430131935e-01,0.000000000000000000e+00,0.000000000000000000e+00,5.672990441511150950e-01,-3.306381429221665336e-01,0.000000000000000000e+00,-3.988111060537096186e-01,0.000000000000000000e+00,0.000000000000000000e+00,7.911816112881201457e-01,-3.975020482476103734e-01,0.000000000000000000e+00,2.979517523896222167e-02,0.000000000000000000e+00,-1.635622984833423610e-02,4.288302230314064434e-01,1.805553026854802012e-01,0.000000000000000000e+00,4.953664087391898008e-01,0.000000000000000000e+00,0.000000000000000000e+00,0.000000000000000000e+00,-2.199362767410103781e-01,-1.955361852220137142e-01,0.000000000000000000e+00,6.798725534820210248e-01,0.000000000000000000e+00,0.000000000000000000e+00,0.000000000000000000e+00
0.160000,3.610759879469130351e-02,7.832627036868456197e-03,7.536281695034292571e-01,9.999461952840082990e-01,3.761904994804981281e-05,-9.605680812642257427e-03,3.916122823511150076e-03,-2.120575821332119359e-01,0.000000000000000000e+00,0.000000000000000000e+00,5.622710901046882315e-01,-3.289997377272037560e-01,0.000000000000000000e+00,-4.031927130693369610e-01,0.000000000000000000e+00,0.000000000000000000e+00,7.975442934425732711e-01,-3.992465669185252253e-01,0.000000000000000000e+00,3.133050814747382479e-02,0.000000000000000000e+00,-1.739281445352178559e-02,4.400725352753755426e-01,1.794073868001820615e-01,0.000000000000000000e+00,4.898495932028523736e-01,0.000000000000000000e+00,0.000000000000000000e+00,0.000000000000000000e+00,-2.425761403125473170e-01,-1.952352054463194486e-01,0.000000000000000000e+00,6.838424139584281525e-01,0.000000000000000000e+00,0.000000000000000000e+00,0.000000000000000000e+00
0.170000,3.844190051167245548e-02,8.203567045971778618e-03,7.532957935968899177e-01,9.999398367518286257e-01,4.172937404954327846e-05,-1.017341353788415309e-02,4.101559748797410643e-03,-2.073157202730996629e-01,0.000000000000000000e+00,0.000000000000000000e+00,5.574399044515248036e-01,-3.274201937915338645e-01,0.000000000000000000e+00,-4.074151139918069653e-01,0.000000000000000000e+00,0.000000000000000000e+00,8.037019942102867631e-01,-4.009281133181611390e-01,0.000000000000000000e+00,3.281426818388711447e-02,0.000000000000000000e+00,-1.842054745934498111e-02,4.508652162039143985e-01,1.782788995903504814e-01,0.000000000000000000e+00,4.845016935821574444e-01,0.000000000000000000e+00,0.000000000000000000e+00,0.000000000000000000e+00,-2.645866967683203619e-01,-1.949338085346807858e-01,0.000000000000000000e+00,6.876597935366408620e-01,0.000000000000000000e+00,0.000000000000000000e+00,0.000000000000000000e+00
0.180000,4.078504130563351954e-02,8.561825762403276266e-03,7.529679964189199826e-01,9.999332035265132701e-01,4.596029823286510753e-05,-1.073603195124684696e-02,4.280653080739522422e-03,-2.027348825489303508e-01,0.000000000000000000e+00,0.000000000000000000e+00,5.528015615475648792e-01,-3.258984487209831693e-01,0.000000000000000000e+00,-4.114812239235320912e-01,0.000000000000000000e+00,0.000000000000000000e+00,8.096578659626764152e-01,-4.025478309695038615e-01,0.000000000000000000e+00,3.424730304961310506e-02,0.000000000000000000e+00,-1.943905426116676258e-02,4.612174419663176428e-01,1.771699961766044773e-01,0.000000000000000000e+00,4.793203401001365216e-01,0.000000000000000000e+00,0.000000000000000000e+00,0.000000000000000000e+00,-2.859750365043239873e-01,-1.946319957011331259e-01,0.000000000000000000e+00,6.913276730086481692e-01,0.000000000000000000e+00,0.000000000000000000e+00,0.000000000000000000e+00
0.190000,4.313697324249637921e-02,8.907615111515701858e-03,7.526448737364741515e-01,9.999263095726639294e-01,5.029862174772436908e-05,-1.129332341740643328e-02,4.453508800011311657e-03,-1.983124055469579761e-01,0.000000000000000000e+00,0.000000000000000000e+00,5.483521357487483039e-01,-3.244334401213776475e-01,0.000000000000000000e+00,-4.153939579669245763e-01,0.000000000000000000e+00,0.000000000000000000e+00,8.154150610711576874e-01,-4.041068633955393619e-01,0.000000000000000000e+00,3.563046044606280743e-02,0.000000000000000000e+00,-2.044796025435008033e-02,4.711383887118798519e-01,1.760808316795630379e-01,0.000000000000000000e+00,4.743031629798209470e-01,0.000000000000000000e+00,0.000000000000000000e+00,0.000000000000000000e+00,-3.067482499165528065e-01,-1.943297681597119797e-01,0.000000000000000000e+00,6.948490331664390895e-01,0.000000000000000000e+00,0.000000000000000000e+00,0.000000000000000000e+00
0.200000,4.549764838818292495e-02,9.241147018661811582e-03,7.523265213165074572e-01,9.999191690546974653e-01,5.473143074159860031e-05,-1.184507532033662359e-02,4.620232904247899806e-03,-1.940456258534364875e-01,0.000000000000000000e+00,0.000000000000000000e+00,5.440877014110150345e-01,-3.230241055985433873e-01,0.000000000000000000e+00,-4.191562312243968802e-01,0.000000000000000000e+00,0.000000000000000000e+00,8.209767319071460401e-01,-4.056063541192535538e-01,0.000000000000000000e+00,3.696458807464724633e-02,0.000000000000000000e+00,-2.144689083425786041e-02,4.806372325898953246e-01,1.750115612198452353e-01,0.000000000000000000e+00,4.694477924442421735e-01,0.000000000000000000e+00,0.000000000000000000e+00,0.000000000000000000e+00,-3.269134274010013219e-01,-1.940271271244527473e-01,0.000000000000000000e+00,6.982268548020027499e-01,0.000000000000000000e+00,0.000000000000000000e+00,0.000000000000000000e+00
0.210000,4.786701880861504027e-02,9.562633409194354686e-03,7.520130349259750435e-01,9.999117963318371327e-01,5.924610566219672651e-05,-1.239107506300086460e-02,4.780931407254830970e-03,-1.899318800546199448e-01,0.000000000000000000e+00,0.000000000000000000e+00,5.400043328903049167e-01,-3.216693827583067544e-01,0.000000000000000000e+00,-4.227709587983614070e-01,0.000000000000000000e+00,0.000000000000000000e+00,8.263460308420573774e-01,-4.070474466636322397e-01,0.000000000000000000e+00,3.825053363677741874e-02,0.000000000000000000e+00,-2.243547139625304970e-02,4.897231497496586372e-01,1.739623399180701135e-01,0.000000000000000000e+00,4.647518587164314874e-01,0.000000000000000000e+00,0.000000000000000000e+00,0.000000000000000000e+00,-3.464776593536639249e-01,-1.937240738093908288e-01,0.000000000000000000e+00,7.014641187073282769e-01,0.000000000000000000e+00,0.000000000000000000e+00,0.000000000000000000e+00
0.220000,5.024503656971460869e-02,9.872286208466089091e-03,7.517045103318314991e-01,9.999042059525408144e-01,6.383032820774994917e-05,-1.293111006702712430e-02,4.935710338202505335e-03,-1.859685047367622412e-01,0.000000000000000000e+00,0.000000000000000000e+00,5.360981045425580183e-01,-3.203682092064936704e-01,0.000000000000000000e+00,-4.262410557912304498e-01,0.000000000000000000e+00,0.000000000000000000e+00,8.315261102473069377e-01,-4.084312845516613888e-01,0.000000000000000000e+00,3.948914483386435637e-02,0.000000000000000000e+00,-2.341332733569858812e-02,4.984053163404642550e-01,1.729333228948566337e-01,0.000000000000000000e+00,4.602129920194203971e-01,0.000000000000000000e+00,0.000000000000000000e+00,0.000000000000000000e+00,-3.654480361705353952e-01,-1.934206094285616795e-01,0.000000000000000000e+00,7.045638056744044642e-01,0.000000000000000000e+00,0.000000000000000000e+00,0.000000000000000000e+00
0.230000,5.263165373740353453e-02,1.017031734182976752e-02,7.514010433010319678e-01,9.998964126483669279e-01,6.847208782513787301e-05,-1.346496777236448096e-02,5.084675740807708018e-03,-1.821528364861174365e-01,0.000000000000000000e+00,0.000000000000000000e+00,5.323650907237141849e-01,-3.191195225489303344e-01,0.000000000000000000e+00,-4.295694373054164683e-01,0.000000000000000000e+00,0.000000000000000000e+00,8.365201224943105140e-01,-4.097590113063268036e-01,0.000000000000000000e+00,4.068126936731907006e-02,0.000000000000000000e+00,-2.438008404795741213e-02,5.066929085116067544e-01,1.719246652708238399e-01,0.000000000000000000e+00,4.558288225762403556e-01,0.000000000000000000e+00,0.000000000000000000e+00,0.000000000000000000e+00,-3.838316482476104019e-01,-1.931167351960007550e-01,0.000000000000000000e+00,7.075288964952206605e-01,0.000000000000000000e+00,0.000000000000000000e+00,0.000000000000000000e+00
0.240000,5.502682237760368744e-02,1.045693873463814268e-02,7.511027296005313714e-01,9.998884313272768942e-01,7.315968775586410909e-05,-1.399243563692065262e-02,5.227933672504137159e-03,-1.784822118889394793e-01,0.000000000000000000e+00,0.000000000000000000e+00,5.288013657897132624e-01,-3.179222603914428347e-01,0.000000000000000000e+00,-4.327590184433318110e-01,0.000000000000000000e+00,0.000000000000000000e+00,8.413312199544834558e-01,-4.110317704506144532e-01,0.000000000000000000e+00,4.182775493855257071e-02,0.000000000000000000e+00,-2.533536692839246512e-02,5.145951024123804896e-01,1.709365221665908041e-01,0.000000000000000000e+00,4.515969806099225936e-01,0.000000000000000000e+00,0.000000000000000000e+00,0.000000000000000000e+00,-4.016355859808828921e-01,-1.928124523257435108e-01,0.000000000000000000e+00,7.103623719617659926e-01,0.000000000000000000e+00,0.000000000000000000e+00,0.000000000000000000e+00
0.250000,5.743049455623696481e-02,1.073236231224396903e-02,7.508096649972844094e-01,9.998802770663748340e-01,7.788175062989886356e-05,-1.451330113617962415e-02,5.365590203603820378e-03,-1.749539675314823184e-01,0.000000000000000000e+00,0.000000000000000000e+00,5.254030040964953185e-01,-3.167753603398573703e-01,0.000000000000000000e+00,-4.358127143073888266e-01,0.000000000000000000e+00,0.000000000000000000e+00,8.459625549992414451e-01,-4.122507055075102511e-01,0.000000000000000000e+00,4.292944924897587611e-02,0.000000000000000000e+00,-2.627880137236668356e-02,5.221210741920802034e-01,1.699690487027765151e-01,0.000000000000000000e+00,4.475150963434987306e-01,0.000000000000000000e+00,0.000000000000000000e+00,0.000000000000000000e+00,-4.188669397663479232e-01,-1.925077620318253468e-01,0.000000000000000000e+00,7.130672128660294762e-01,0.000000000000000000e+00,0.000000000000000000e+00,0.000000000000000000e+00
0.260000,5.984262233922525709e-02,1.099679999999999928e-02,7.505219452582463369e-01,9.998719651040837153e-01,8.262722360741205313e-05,-1.502735176279856519e-02,5.497751416451291361e-03,-1.715654400000000135e-01,0.000000000000000000e+00,0.000000000000000000e+00,5.221660799999999769e-01,-3.156777599999999739e-01,0.000000000000000000e+00,-4.387334400000000301e-01,0.000000000000000000e+00,0.000000000000000000e+00,8.504172800000000532e-01,-4.134169599999999445e-01,0.000000000000000000e+00,4.398719999999999714e-02,0.000000000000000000e+00,-2.721001277524301085e-02,5.292799999999999727e-01,1.690223999999999893e-01,0.000000000000000000e+00,4.435807999999999973e-01,0.000000000000000000e+00,0.000000000000000000e+00,0.000000000000000000e+00,-4.355327999999998312e-01,-1.922026655282817464e-01,0.000000000000000000e+00,7.156464000000000159e-01,0.000000000000000000e+00,0.000000000000000000e+00,0.000000000000000000e+00
0.270000,6.226315779249045473e-02,1.125046372325898963e-02,7.502396661503718533e-01,9.998635108317596165e-01,8.738538306842527853e-05,-1.553437502618320969e-02,5.624523404572493758e-03,-1.683139658807464578e-01,0.000000000000000000e+00,0.000000000000000000e+00,5.190866678561675274e-01,-3.146283969776968448e-01,0.000000000000000000e+00,-4.415241106235776036e-01,0.000000000000000000e+00,0.000000000000000000e+00,8.546985473281747403e-01,-4.145316774510696134e-01,0.000000000000000000e+00,4.500185489303595854e-02,0.000000000000000000e+00,-2.812862653238438690e-02,5.360810559854345403e-01,1.680967311788802987e-01,0.000000000000000000e+00,4.397917218024579022e-01,0.000000000000000000e+00,0.000000000000000000e+00,0.000000000000000000e+00,-4.516402570778332293e-01,-1.918971640291481096e-01,0.000000000000000000e+00,7.181029141556668494e-01,0.000000000000000000e+00,0.000000000000000000e+00,0.000000000000000000e+00
0.280000,6.469205298195442044e-02,1.149356540737368933e-02,7.499629234406162137e-01,9.998549297847419970e-01,9.214583885041517544e-05,-1.603415845204097731e-02,5.746012271820260739e-03,-1.651968817599757389e-01,0.000000000000000000e+00,0.000000000000000000e+00,5.161608420209375936e-01,-3.136262088787741265e-01,0.000000000000000000e+00,-4.441876412805341179e-01,0.000000000000000000e+00,0.000000000000000000e+00,8.588095093551812997e-01,-4.155960013837050049e-01,0.000000000000000000e+00,4.597426162949475731e-02,0.000000000000000000e+00,-2.903426803915374471e-02,5.425334182976787600e-01,1.671921973600364320e-01,0.000000000000000000e+00,4.361454919739037872e-01,0.000000000000000000e+00,0.000000000000000000e+00,0.000000000000000000e+00,-4.671964013958426754e-01,-1.915912587484599194e-01,0.000000000000000000e+00,7.204397361250189924e-01,0.000000000000000000e+00,0.000000000000000000e+00,0.000000000000000000e+00
0.290000,6.712925997353906549e-02,1.172631697769685802e-02,7.496918128959340066e-01,9.998462376328419721e-01,9.689853803390664549e-05,-1.652648958191112183e-02,5.862324131518363395e-03,-1.622115242239417499e-01,0.000000000000000000e+00,0.000000000000000000e+00,5.133846768502503544e-01,-3.126701333090577961e-01,0.000000000000000000e+00,-4.467269470732816439e-01,0.000000000000000000e+00,0.000000000000000000e+00,8.627533184524351917e-01,-4.166110753208920880e-01,0.000000000000000000e+00,4.690526791078743207e-02,0.000000000000000000e+00,-2.992656269091402421e-02,5.486462630860262646e-01,1.663089536640873778e-01,0.000000000000000000e+00,4.326397407373691606e-01,0.000000000000000000e+00,0.000000000000000000e+00,0.000000000000000000e+00,-4.822083233500226718e-01,-1.912849509002525483e-01,0.000000000000000000e+00,7.226598467000454606e-01,0.000000000000000000e+00,0.000000000000000000e+00,0.000000000000000000e+00
0.300000,6.957473083316628726e-02,1.194893035958124669e-02,7.494264302832804869e-01,9.998374501702663730e-01,1.016337682760974653e-04,-1.701115597267118668e-02,5.973565105605959866e-03,-1.593552298588984950e-01,0.000000000000000000e+00,0.000000000000000000e+00,5.107542467000454334e-01,-3.117591078743741639e-01,0.000000000000000000e+00,-4.491449431042330298e-01,0.000000000000000000e+00,0.000000000000000000e+00,8.665331269913519874e-01,-4.175780427856167210e-01,0.000000000000000000e+00,4.779572143832498676e-02,0.000000000000000000e+00,-3.080513588302817574e-02,5.544287664997724630e-01,1.654471552116522637e-01,0.000000000000000000e+00,4.292720983158852532e-01,0.000000000000000000e+00,0.000000000000000000e+00,0.000000000000000000e+00,-4.966831133363676654e-01,-1.909782416985615072e-01,0.000000000000000000e+00,7.247662266727354918e-01,0.000000000000000000e+00,0.000000000000000000e+00,0.000000000000000000e+00
0.310000,7.202841762675793458e-02,1.216161747837960806e-02,7.491668713696102433e-01,9.998285833049801452e-01,1.063421606925619918e-04,-1.748794519601916050e-02,6.079841323784437521e-03,-1.566253352511000063e-01,0.000000000000000000e+00,0.000000000000000000e+00,5.082656259262631204e-01,-3.108920701805492626e-01,0.000000000000000000e+00,-4.514445444758002357e-01,0.000000000000000000e+00,0.000000000000000000e+00,8.701520873433469250e-01,-4.184980473008647617e-01,0.000000000000000000e+00,4.864646991351843225e-02,0.000000000000000000e+00,-3.166961301085913227e-02,5.598901046882110988e-01,1.646069571233500228e-01,0.000000000000000000e+00,4.260401949324837401e-01,0.000000000000000000e+00,0.000000000000000000e+00,0.000000000000000000e+00,-5.106278617508722695e-01,-1.906711323574221684e-01,0.000000000000000000e+00,7.267618568350781016e-01,0.000000000000000000e+00,0.000000000000000000e+00,0.000000000000000000e+00
0.320000,7.449027242023592565e-02,1.236459025944469658e-02,7.489132319218785305e-01,9.998196530475050858e-01,1.110146922870845423e-04,-1.795664483793079844e-02,6.181258922668467042e-03,-1.540191769868001770e-01,0.000000000000000000e+00,0.000000000000000000e+00,5.059148888848429282e-01,-3.100679578334092357e-01,0.000000000000000000e+00,-4.536286662903959988e-01,0.000000000000000000e+00,0.000000000000000000e+00,8.736133518798361308e-01,-4.193722323896221793e-01,0.000000000000000000e+00,4.945836103777878634e-02,0.000000000000000000e+00,-3.251961946976983375e-02,5.650394538006371370e-01,1.637885145197997550e-01,0.000000000000000000e+00,4.229416608101956854e-01,0.000000000000000000e+00,0.000000000000000000e+00,0.000000000000000000e+00,-5.240496589895310420e-01,-1.903636240908699873e-01,0.000000000000000000e+00,7.286497179790624168e-01,0.000000000000000000e+00,0.000000000000000000e+00,0.000000000000000000e+00
0.330000,7.696024727952216482e-02,1.255806062812926498e-02,7.486656077070401594e-01,9.998106754991558098e-01,1.156426879296779597e-04,-1.841704249809149666e-02,6.277924044943200034e-03,-1.515340916522530668e-01,0.000000000000000000e+00,0.000000000000000000e+00,5.036981099317251465e-01,-3.092857084387801159e-01,0.000000000000000000e+00,-4.557002236504323900e-01,0.000000000000000000e+00,0.000000000000000000e+00,8.769200729722349541e-01,-4.202017415748748319e-01,0.000000000000000000e+00,5.023224251251705991e-02,0.000000000000000000e+00,-3.335478065512322010e-02,5.698859899863450984e-01,1.629919825216203932e-01,0.000000000000000000e+00,4.199741261720528196e-01,0.000000000000000000e+00,0.000000000000000000e+00,0.000000000000000000e+00,-5.369555954483385962e-01,-1.900557181129404472e-01,0.000000000000000000e+00,7.304327908966773419e-01,0.000000000000000000e+00,0.000000000000000000e+00,0.000000000000000000e+00
0.340000,7.943829427053848702e-02,1.274224050978606942e-02,7.484240944920499405e-01,9.998016668397122775e-01,1.202178218828469947e-04,-1.886892578930237860e-02,6.369942838529435089e-03,-1.491674158337126244e-01,0.000000000000000000e+00,0.000000000000000000e+00,5.016113634228493989e-01,-3.085442596024882689e-01,0.000000000000000000e+00,-4.576621316583219801e-01,0.000000000000000000e+00,0.000000000000000000e+00,8.800754029919588550e-01,-4.209877183796085776e-01,0.000000000000000000e+00,5.096896203914427770e-02,0.000000000000000000e+00,-3.417472196228222431e-02,5.744388893946289487e-01,1.622175162494310652e-01,0.000000000000000000e+00,4.171352212410863181e-01,0.000000000000000000e+00,0.000000000000000000e+00,0.000000000000000000e+00,-5.493527615232891570e-01,-1.897474156376690035e-01,0.000000000000000000e+00,7.321140563799118928e-01,0.000000000000000000e+00,0.000000000000000000e+00,0.000000000000000000e+00
0.350000,8.192436545920682434e-02,1.291734182976786612e-02,7.481887880438631289e-01,9.997926433145303271e-01,1.247321188761586026e-04,-1.931208233686009315e-02,6.457421455758588502e-03,-1.469164861174328540e-01,0.000000000000000000e+00,0.000000000000000000e+00,4.996507237141556423e-01,-3.078425489303595608e-01,0.000000000000000000e+00,-4.595173054164770066e-01,0.000000000000000000e+00,0.000000000000000000e+00,8.830824943104232938e-01,-4.217313063268092743e-01,0.000000000000000000e+00,5.166936731907146446e-02,0.000000000000000000e+00,-3.497906878660980018e-02,5.787073281747836528e-01,1.614652708238506762e-01,0.000000000000000000e+00,4.144225762403276891e-01,0.000000000000000000e+00,0.000000000000000000e+00,0.000000000000000000e+00,-5.612482476103776152e-01,-1.894387178790909732e-01,0.000000000000000000e+00,7.336964952207555291e-01,0.000000000000000000e+00,0.000000000000000000e+00,0.000000000000000000e+00
0.360000,8.441841291144902559e-02,1.308357651342740083e-02,7.479597841294343130e-01,9.997836212210882145e-01,1.291779547291860763e-04,-1.974629977791005075e-02,6.540466052559275496e-03,-1.447786390896677322e-01,0.000000000000000000e+00,0.000000000000000000e+00,4.978122651615840000e-01,-3.071795140282202463e-01,0.000000000000000000e+00,-4.612686600273099846e-01,0.000000000000000000e+00,0.000000000000000000e+00,8.859444992990440637e-01,-4.224336489394628913e-01,0.000000000000000000e+00,5.233430605370960331e-02,0.000000000000000000e+00,-3.576744652346886683e-02,5.827004824761037316e-01,1.607354013654984370e-01,0.000000000000000000e+00,4.118338213928083302e-01,0.000000000000000000e+00,0.000000000000000000e+00,0.000000000000000000e+00,-5.726491441055985288e-01,-1.891296260512418947e-01,0.000000000000000000e+00,7.351830882111970444e-01,0.000000000000000000e+00,0.000000000000000000e+00,0.000000000000000000e+00
0.370000,8.692038869318703675e-02,1.324115648611743148e-02,7.477371785157186368e-01,9.997746168949706025e-01,1.335480565228971917e-04,-2.017136576077289620e-02,6.619182787657283511e-03,-1.427512113366712354e-01,0.000000000000000000e+00,0.000000000000000000e+00,4.960920621210742620e-01,-3.065540925018964691e-01,0.000000000000000000e+00,-4.629191105932332628e-01,0.000000000000000000e+00,0.000000000000000000e+00,8.886645703292370690e-01,-4.230958897405553421e-01,0.000000000000000000e+00,5.296462594446972594e-02,0.000000000000000000e+00,-3.653948056822238499e-02,5.864275284478833727e-01,1.600280629949931421e-01,0.000000000000000000e+00,4.093665869215596387e-01,0.000000000000000000e+00,0.000000000000000000e+00,0.000000000000000000e+00,-5.835625414049461224e-01,-1.888201413681571961e-01,0.000000000000000000e+00,7.365768161432255656e-01,0.000000000000000000e+00,0.000000000000000000e+00,0.000000000000000000e+00
0.380000,8.943024487034267889e-02,1.339029367319071427e-02,7.475210669696710220e-01,9.997656466952900001e-01,1.378355023195578270e-04,-2.058706794424399258e-02,6.693677821790632379e-03,-1.408315394446973401e-01,0.000000000000000000e+00,0.000000000000000000e+00,4.944861889485661632e-01,-3.059652219572143728e-01,0.000000000000000000e+00,-4.644715722166591343e-01,0.000000000000000000e+00,0.000000000000000000e+00,8.912458597724169929e-01,-4.237191722530723736e-01,0.000000000000000000e+00,5.356117469276285709e-02,0.000000000000000000e+00,-3.729479631623329461e-02,5.898976422394175412e-01,1.593434108329540300e-01,0.000000000000000000e+00,4.070185030496131784e-01,0.000000000000000000e+00,0.000000000000000000e+00,0.000000000000000000e+00,-5.939955299044151760e-01,-1.885102650438722771e-01,0.000000000000000000e+00,7.378806598088302193e-01,0.000000000000000000e+00,0.000000000000000000e+00,0.000000000000000000e+00
0.390000,9.194793350883788408e-02,1.353119999999999670e-02,7.473115452582463902e-01,9.997567269895439868e-01,1.420337204312262995e-04,-2.099319399686579157e-02,6.764057316941417958e-03,-1.390169600000000227e-01,0.000000000000000000e+00,0.000000000000000000e+00,4.929907199999999934e-01,-3.054118399999999345e-01,0.000000000000000000e+00,-4.659289599999999476e-01,0.000000000000000000e+00,0.000000000000000000e+00,8.936915199999999615e-01,-4.243046400000000107e-01,0.000000000000000000e+00,5.412479999999998681e-02,0.000000000000000000e+00,-3.803301916286452172e-02,5.931199999999999806e-01,1.586816000000000060e-01,0.000000000000000000e+00,4.047872000000000137e-01,0.000000000000000000e+00,0.000000000000000000e+00,0.000000000000000000e+00,-6.039551999999999143e-01,-1.881999982924226211e-01,0.000000000000000000e+00,7.390976000000000212e-01,0.000000000000000000e+00,0.000000000000000000e+00,0.000000000000000000e+00
0.400000,9.447340667459455665e-02,1.366408739189804017e-02,7.471087091483996634e-01,9.997478741379099976e-01,1.461364882369175545e-04,-2.138953159617328417e-02,6.830427435586112345e-03,-1.373048095888332876e-01,0.000000000000000000e+00,0.000000000000000000e+00,4.916017296313154317e-01,-3.048928842360795199e-01,0.000000000000000000e+00,-4.672941890456683289e-01,0.000000000000000000e+00,0.000000000000000000e+00,8.960047033834015462e-01,-4.248534365043240557e-01,0.000000000000000000e+00,5.465634956759216068e-02,0.000000000000000000e+00,-3.875377450347900626e-02,5.961037778789256558e-01,1.580427856167501421e-01,0.000000000000000000e+00,4.026703079957518194e-01,0.000000000000000000e+00,0.000000000000000000e+00,0.000000000000000000e+00,-6.134486420876952284e-01,-1.878893423278436559e-01,0.000000000000000000e+00,7.402306175087239870e-01,0.000000000000000000e+00,0.000000000000000000e+00,0.000000000000000000e+00
0.410000,9.700661643353451769e-02,1.378916777423759739e-02,7.469126544070857632e-01,9.997391044769781132e-01,1.501379305485144673e-04,-2.177586842791242108e-02,6.892894339965850714e-03,-1.356924247974510833e-01,0.000000000000000000e+00,0.000000000000000000e+00,4.903152921984524903e-01,-3.044072922712789953e-01,0.000000000000000000e+00,-4.685701744560764603e-01,0.000000000000000000e+00,0.000000000000000000e+00,8.981885622940372071e-01,-4.253667052890304778e-01,0.000000000000000000e+00,5.515667109695038955e-02,0.000000000000000000e+00,-3.945668773343969510e-02,5.988581520254894208e-01,1.574271228038233994e-01,0.000000000000000000e+00,4.006654572598999375e-01,0.000000000000000000e+00,0.000000000000000000e+00,0.000000000000000000e+00,-6.224829465634955650e-01,-1.875782983641708090e-01,0.000000000000000000e+00,7.412826931269913544e-01,0.000000000000000000e+00,0.000000000000000000e+00,0.000000000000000000e+00
0.420000,9.954751485157969926e-02,1.390665307237141587e-02,7.467234768012595003e-01,9.997304343029185247e-01,1.540325175255089570e-04,-2.215199218523184604e-02,6.951564191378269489e-03,-1.341771422121074420e-01,0.000000000000000000e+00,0.000000000000000000e+00,4.891274820573508486e-01,-3.039540017114246706e-01,0.000000000000000000e+00,-4.697598313336367459e-01,0.000000000000000000e+00,0.000000000000000000e+00,9.002462491033228487e-01,-4.258455898771051351e-01,0.000000000000000000e+00,5.562661228948566350e-02,0.000000000000000000e+00,-4.014138424810952122e-02,6.013922985889849082e-01,1.568347666818388497e-01,0.000000000000000000e+00,3.987702780154756543e-01,0.000000000000000000e+00,0.000000000000000000e+00,0.000000000000000000e+00,-6.310652038233953709e-01,-1.872668676154394807e-01,0.000000000000000000e+00,7.422568076467910281e-01,0.000000000000000000e+00,0.000000000000000000e+00,0.000000000000000000e+00
0.430000,1.020960539946520057e-01,1.401675521165225355e-02,7.465412720978760186e-01,9.997218798540877804e-01,1.578150621386549860e-04,-2.251769056784819201e-02,7.006543149492375569e-03,-1.327562984190563400e-01,0.000000000000000000e+00,0.000000000000000000e+00,4.880343735639507963e-01,-3.035319501623425786e-01,0.000000000000000000e+00,-4.708660747807617009e-01,0.000000000000000000e+00,0.000000000000000000e+00,9.021809161826734869e-01,-4.262912337915339411e-01,0.000000000000000000e+00,5.606702084660901420e-02,0.000000000000000000e+00,-4.080748944285143148e-02,6.037153937187074160e-01,1.562658723714155651e-01,0.000000000000000000e+00,3.969824004855105892e-01,0.000000000000000000e+00,0.000000000000000000e+00,0.000000000000000000e+00,-6.392025042633893150e-01,-1.869550512956852095e-01,0.000000000000000000e+00,7.431559418601122458e-01,0.000000000000000000e+00,0.000000000000000000e+00,0.000000000000000000e+00
0.440000,1.046521859286732720e-01,1.411968611743286139e-02,7.463661360638903508e-01,9.997134572930708174e-01,1.614807171826172002e-04,-2.287275128118541195e-02,7.057937371687813578e-03,-1.314272300045516428e-01,0.000000000000000000e+00,0.000000000000000000e+00,4.870320410741920680e-01,-3.031400752298588630e-01,0.000000000000000000e+00,-4.718918198998634517e-01,0.000000000000000000e+00,0.000000000000000000e+00,9.039957159035048040e-01,-4.267047805553026985e-01,0.000000000000000000e+00,5.647874446973144558e-02,0.000000000000000000e+00,-4.145462871302837277e-02,6.058366135639507988e-01,1.557205949931725064e-01,0.000000000000000000e+00,3.952994548930359731e-01,0.000000000000000000e+00,0.000000000000000000e+00,0.000000000000000000e+00,-6.469019382794718442e-01,-1.866428506189433401e-01,0.000000000000000000e+00,7.439830765589440231e-01,0.000000000000000000e+00,0.000000000000000000e+00,0.000000000000000000e+00
0.450000,1.072158627195654440e-01,1.421565771506599733e-02,7.461981644662571966e-01,9.997051826881599990e-01,1.650249718376986107e-04,-2.321696203548856072e-02,7.105853012419905031e-03,-1.301872735548475213e-01,0.000000000000000000e+00,0.000000000000000000e+00,4.861165589440145651e-01,-3.027773145197997229e-01,0.000000000000000000e+00,-4.728399817933545135e-01,0.000000000000000000e+00,0.000000000000000000e+00,9.056938006372327044e-01,-4.270873736913973762e-01,0.000000000000000000e+00,5.686263086026398933e-02,0.000000000000000000e+00,-4.208242745400325724e-02,6.077651342740099105e-01,1.551990896677287179e-01,0.000000000000000000e+00,3.937190714610833142e-01,0.000000000000000000e+00,0.000000000000000000e+00,0.000000000000000000e+00,-6.541705962676375163e-01,-1.863302667992493555e-01,0.000000000000000000e+00,7.447411925352754869e-01,0.000000000000000000e+00,0.000000000000000000e+00,0.000000000000000000e+00
0.460000,1.097870364332503706e-01,1.430488192990441235e-02,7.460374530719316999e-01,9.996970719942714911e-01,1.684436477807330253e-04,-2.355011054491285352e-02,7.150396222611714488e-03,-1.290337656561978408e-01,0.000000000000000000e+00,0.000000000000000000e+00,4.852840015293581888e-01,-3.024426056379911909e-01,0.000000000000000000e+00,-4.737134755636474015e-01,0.000000000000000000e+00,0.000000000000000000e+00,9.072783227552724261e-01,-4.274401567228038323e-01,0.000000000000000000e+00,5.721952771961764939e-02,0.000000000000000000e+00,-4.269051106113905952e-02,6.095101319981793830e-01,1.547015115157032439e-01,0.000000000000000000e+00,3.922388804126840101e-01,0.000000000000000000e+00,0.000000000000000000e+00,0.000000000000000000e+00,-6.610155686238811112e-01,-1.860173010506387392e-01,0.000000000000000000e+00,7.454332705810954307e-01,0.000000000000000000e+00,0.000000000000000000e+00,0.000000000000000000e+00
0.470000,1.123656591356499423e-01,1.438757068730086436e-02,7.458840976478685603e-01,9.996891410332975347e-01,1.717328948452246274e-04,-2.387198452658857023e-02,7.191673149074303238e-03,-1.279640428948566333e-01,0.000000000000000000e+00,0.000000000000000000e+00,4.845304431861629513e-01,-3.021348861902594662e-01,0.000000000000000000e+00,-4.745152163131542977e-01,0.000000000000000000e+00,0.000000000000000000e+00,9.087524346290396515e-01,-4.277642731725079805e-01,0.000000000000000000e+00,5.755028274920345743e-02,0.000000000000000000e+00,-4.327850492979868485e-02,6.110807828857531820e-01,1.542280156577150452e-01,0.000000000000000000e+00,3.908565119708694025e-01,0.000000000000000000e+00,0.000000000000000000e+00,0.000000000000000000e+00,-6.674439457441966317e-01,-1.857039545871468356e-01,0.000000000000000000e+00,7.460622914883930923e-01,0.000000000000000000e+00,0.000000000000000000e+00,0.000000000000000000e+00
0.480000,1.149516828926860496e-01,1.446393591260810262e-02,7.457381939610229216e-01,9.996814054738953903e-01,1.748891862308204635e-04,-2.418237169966288430e-02,7.229789933956299805e-03,-1.269754418570778753e-01,0.000000000000000000e+00,0.000000000000000000e+00,4.838519582703686428e-01,-3.018530937824305260e-01,0.000000000000000000e+00,-4.752481191442876618e-01,0.000000000000000000e+00,0.000000000000000000e+00,9.101192886299499518e-01,-4.280608665634956789e-01,0.000000000000000000e+00,5.785574365043241046e-02,0.000000000000000000e+00,-4.384603445534510091e-02,6.124862630860263835e-01,1.537787572143832493e-01,0.000000000000000000e+00,3.895695963586709443e-01,0.000000000000000000e+00,0.000000000000000000e+00,0.000000000000000000e+00,-6.734628180245789686e-01,-1.853902286228091278e-01,0.000000000000000000e+00,7.466312360491579314e-01,0.000000000000000000e+00,0.000000000000000000e+00,0.000000000000000000e+00
0.490000,1.175450597702806105e-01,1.453418953117887984e-02,7.455998377783493725e-01,9.996738808107139551e-01,1.779093132621971005e-04,-2.448105978431954627e-02,7.264852714223825510e-03,-1.260652991291154879e-01,0.000000000000000000e+00,0.000000000000000000e+00,4.832446211379153311e-01,-3.015961660203307360e-01,0.000000000000000000e+00,-4.759150991594598978e-01,0.000000000000000000e+00,0.000000000000000000e+00,9.113820371294188982e-01,-4.283310804187528409e-01,0.000000000000000000e+00,5.813675812471551935e-02,0.000000000000000000e+00,-4.439272503314123375e-02,6.137357487482930640e-01,1.533538913063267894e-01,0.000000000000000000e+00,3.883757637991200329e-01,0.000000000000000000e+00,0.000000000000000000e+00,0.000000000000000000e+00,-6.790792758610224578e-01,-1.850761243716610438e-01,0.000000000000000000e+00,7.471430850553785197e-01,0.000000000000000000e+00,0.000000000000000000e+00,0.000000000000000000e+00
0.500000,1.201457418343554601e-01,1.459854346836595221e-02,7.454691248668033898e-01,9.996665823430554987e-01,1.807903796974435801e-04,-2.476783650077755972e-02,7.296967621171632050e-03,-1.252309512972235028e-01,0.000000000000000000e+00,0.000000000000000000e+00,4.827045061447428065e-01,-3.013630405097860732e-01,0.000000000000000000e+00,-4.765190714610832989e-01,0.000000000000000000e+00,0.000000000000000000e+00,9.125438324988621730e-01,-4.285760582612653247e-01,0.000000000000000000e+00,5.839417387346380883e-02,0.000000000000000000e+00,-4.491820205855003023e-02,6.148384160218478556e-01,1.529535730541647931e-01,0.000000000000000000e+00,3.872726445152481212e-01,0.000000000000000000e+00,0.000000000000000000e+00,0.000000000000000000e+00,-6.843004096495219901e-01,-1.847616430477380389e-01,0.000000000000000000e+00,7.476008192990442058e-01,0.000000000000000000e+00,0.000000000000000000e+00,0.000000000000000000e+00
0.510000,1.227536811508325165e-01,1.465720964952207592e-02,7.453461509933396734e-01,9.996595251529748483e-01,1.835297955860206581e-04,-2.504248956827028610e-02,7.326240779966360084e-03,-1.244697349476559245e-01,0.000000000000000000e+00,0.000000000000000000e+00,4.822276876467910811e-01,-3.011526548566226258e-01,0.000000000000000000e+00,-4.770629511515702692e-01,0.000000000000000000e+00,0.000000000000000000e+00,9.136078271096951253e-01,-4.287969436140190993e-01,0.000000000000000000e+00,5.862883859808830367e-02,0.000000000000000000e+00,-4.542209092693442335e-02,6.158034410559855010e-01,1.525779575785161657e-01,0.000000000000000000e+00,3.862578687300864955e-01,0.000000000000000000e+00,0.000000000000000000e+00,0.000000000000000000e+00,-6.891333097860717904e-01,-1.844467858650755410e-01,0.000000000000000000e+00,7.480074195721437835e-01,0.000000000000000000e+00,0.000000000000000000e+00,0.000000000000000000e+00
0.520000,1.253688297856336842e-01,1.471039999999999848e-02,7.452310119249129228e-01,9.996527240828146921e-01,1.861252706763736058e-04,-2.530480670400630377e-02,7.352778309222596231e-03,-1.237789866666667293e-01,0.000000000000000000e+00,0.000000000000000000e+00,4.818102400000000562e-01,-3.009639466666666485e-01,0.000000000000000000e+00,-4.775496533333333238e-01,0.000000000000000000e+00,0.000000000000000000e+00,9.145771733333333264e-01,-4.289948799999999673e-01,0.000000000000000000e+00,5.884159999999999391e-02,0.000000000000000000e+00,-4.590401703365734609e-02,6.166399999999999659e-01,1.522272000000000070e-01,0.000000000000000000e+00,3.853290666666667197e-01,0.000000000000000000e+00,0.000000000000000000e+00,0.000000000000000000e+00,-6.935850666666665276e-01,-1.841315540377090054e-01,0.000000000000000000e+00,7.483658666666667125e-01,0.000000000000000000e+00,0.000000000000000000e+00,0.000000000000000000e+00
0.530000,1.279911398046808257e-01,1.475832644515248128e-02,7.451238034284783929e-01,9.996461937121768893e-01,1.885748073732748718e-04,-2.555457562211371769e-02,7.376686320612392024e-03,-1.231560430405098383e-01,0.000000000000000000e+00,0.000000000000000000e+00,4.814482375603094666e-01,-3.007958535457441740e-01,0.000000000000000000e+00,-4.779820931087846447e-01,0.000000000000000000e+00,0.000000000000000000e+00,9.154550235411926806e-01,-4.291710109421938979e-01,0.000000000000000000e+00,5.903330578060992512e-02,0.000000000000000000e+00,-4.636360577408175226e-02,6.173572690031861043e-01,1.519014554392353333e-01,0.000000000000000000e+00,3.844838685480200802e-01,0.000000000000000000e+00,0.000000000000000000e+00,0.000000000000000000e+00,-6.976627706873006485e-01,-1.838159487796738323e-01,0.000000000000000000e+00,7.486791413746015644e-01,0.000000000000000000e+00,0.000000000000000000e+00,0.000000000000000000e+00
0.540000,1.306205632738958455e-01,1.480120091033227184e-02,7.450246212709910054e-01,9.996399483343308967e-01,1.908766932449678126e-04,-2.579158403256960608e-02,7.398070918508739199e-03,-1.225982406554392418e-01,0.000000000000000000e+00,0.000000000000000000e+00,4.811377546836594910e-01,-3.006473130996813459e-01,0.000000000000000000e+00,-4.783631855803367472e-01,0.000000000000000000e+00,0.000000000000000000e+00,9.162445301046880930e-01,-4.293264799635866380e-01,0.000000000000000000e+00,5.920480364132908735e-02,0.000000000000000000e+00,-4.680048254357058179e-02,6.179644242148382149e-01,1.516008790168411613e-01,0.000000000000000000e+00,3.837199045971780298e-01,0.000000000000000000e+00,0.000000000000000000e+00,0.000000000000000000e+00,-7.013735122439688219e-01,-1.834999713050055048e-01,0.000000000000000000e+00,7.489502244879381321e-01,0.000000000000000000e+00,0.000000000000000000e+00,0.000000000000000000e+00
0.550000,1.332570522592006201e-01,1.483923532089212634e-02,7.449335612194055711e-01,9.996340019320573145e-01,1.930294930801822867e-04,-2.601561964011660580e-02,7.417038199663428082e-03,-1.221029160977090550e-01,0.000000000000000000e+00,0.000000000000000000e+00,4.808748657259899195e-01,-3.005172629343043633e-01,0.000000000000000000e+00,-4.786958458504020353e-01,0.000000000000000000e+00,0.000000000000000000e+00,9.169488453952360230e-01,-4.294624305871642678e-01,0.000000000000000000e+00,5.935694128356850535e-02,0.000000000000000000e+00,-4.721427273748676767e-02,6.184706417842510406e-01,1.513256258534365073e-01,0.000000000000000000e+00,3.830348050371719104e-01,0.000000000000000000e+00,0.000000000000000000e+00,0.000000000000000000e+00,-7.047243817326654947e-01,-1.831836228277394230e-01,0.000000000000000000e+00,7.491820967986648760e-01,0.000000000000000000e+00,0.000000000000000000e+00,0.000000000000000000e+00
0.560000,1.359005588265169706e-01,1.487264160218479403e-02,7.448507190406769007e-01,9.996283681529285481e-01,1.950320404950868156e-04,-2.622647014316864533e-02,7.433694252919572677e-03,-1.216674059535731156e-01,0.000000000000000000e+00,0.000000000000000000e+00,4.806556450432407646e-01,-3.004046406554392035e-01,0.000000000000000000e+00,-4.789829890213929131e-01,0.000000000000000000e+00,0.000000000000000000e+00,9.175711217842512646e-01,-4.295800063359125898e-01,0.000000000000000000e+00,5.949056640873917612e-02,0.000000000000000000e+00,-4.760460175119324289e-02,6.188850978607191022e-01,1.510758510696404155e-01,0.000000000000000000e+00,3.824262000910332304e-01,0.000000000000000000e+00,0.000000000000000000e+00,0.000000000000000000e+00,-7.077224695493853357e-01,-1.828669045619110700e-01,0.000000000000000000e+00,7.493777390987710341e-01,0.000000000000000000e+00,0.000000000000000000e+00,0.000000000000000000e+00
0.570000,1.385510350417669401e-01,1.490163167956303977e-02,7.447761905017601380e-01,9.996230602840244783e-01,1.968834290902403005e-04,-2.642392323270812207e-02,7.448145158958980293e-03,-1.212890468092854557e-01,0.000000000000000000e+00,0.000000000000000000e+00,4.804761669913518718e-01,-3.003083838689121210e-01,0.000000000000000000e+00,-4.792275301957214517e-01,0.000000000000000000e+00,0.000000000000000000e+00,9.181145116431496112e-01,-4.296803507328174065e-01,0.000000000000000000e+00,5.960652671825215909e-02,0.000000000000000000e+00,-4.797109498005297512e-02,6.192169685935364765e-01,1.508517097860719303e-01,0.000000000000000000e+00,3.818917199817933872e-01,0.000000000000000000e+00,0.000000000000000000e+00,0.000000000000000000e+00,-7.103748660901229028e-01,-1.825498177215558460e-01,0.000000000000000000e+00,7.495401321802458439e-01,0.000000000000000000e+00,0.000000000000000000e+00,0.000000000000000000e+00
0.580000,1.412084329708722386e-01,1.492641747837961108e-02,7.447100713696103158e-01,9.996180912260848039e-01,1.985830031575999471e-04,-2.660776659117698381e-02,7.460496990084379554e-03,-1.209651752511000516e-01,0.000000000000000000e+00,0.000000000000000000e+00,4.803325059262630869e-01,-3.002274301805492041e-01,0.000000000000000000e+00,-4.794323844758003883e-01,0.000000000000000000e+00,0.000000000000000000e+00,9.185821673433469670e-01,-4.297646073008647982e-01,0.000000000000000000e+00,5.970566991351844433e-02,0.000000000000000000e+00,-4.831337781942885573e-02,6.194754301319977952e-01,1.506533571233500401e-01,0.000000000000000000e+00,3.814289949324837781e-01,0.000000000000000000e+00,0.000000000000000000e+00,0.000000000000000000e+00,-7.126886617508721988e-01,-1.822323635207092341e-01,0.000000000000000000e+00,7.496722568350780991e-01,0.000000000000000000e+00,0.000000000000000000e+00,0.000000000000000000e+00
0.590000,1.438727046797549092e-01,1.494721092398725373e-02,7.446524574111821337e-01,9.996134734670970579e-01,2.001303479376401217e-04,-2.677778789136428181e-02,7.470855810036471263e-03,-1.206931278652708522e-01,0.000000000000000000e+00,0.000000000000000000e+00,4.802207362039144778e-01,-3.001607171961765408e-01,0.000000000000000000e+00,-4.796004669640418494e-01,0.000000000000000000e+00,0.000000000000000000e+00,9.189772412562584591e-01,-4.298339195630405118e-01,0.000000000000000000e+00,5.978884369594901493e-02,0.000000000000000000e+00,-4.863107566468387322e-02,6.196696586253982453e-01,1.504809482020937894e-01,0.000000000000000000e+00,3.810356551661356894e-01,0.000000000000000000e+00,0.000000000000000000e+00,0.000000000000000000e+00,-7.146709469276284477e-01,-1.819145431734066343e-01,0.000000000000000000e+00,7.497770938552570374e-01,0.000000000000000000e+00,0.000000000000000000e+00,0.000000000000000000e+00
0.600000,1.465438022343367730e-01,1.496422394173873779e-02,7.446034443934306246e-01,9.996092190553194090e-01,2.015252794266296813e-04,-2.693377479529292240e-02,7.479327673845558369e-03,-1.204702412380519311e-01,0.000000000000000000e+00,0.000000000000000000e+00,4.801369321802457235e-01,-3.001071825216204414e-01,0.000000000000000000e+00,-4.797346927628584057e-01,0.000000000000000000e+00,0.000000000000000000e+00,9.193028857532999920e-01,-4.298894310423304610e-01,0.000000000000000000e+00,5.985689576695495118e-02,0.000000000000000000e+00,-4.892381391118093281e-02,6.198088302230313484e-01,1.503346381429221945e-01,0.000000000000000000e+00,3.807093309057806296e-01,0.000000000000000000e+00,0.000000000000000000e+00,0.000000000000000000e+00,-7.163288120163857631e-01,-1.815963578936835021e-01,0.000000000000000000e+00,7.498576240327718967e-01,0.000000000000000000e+00,0.000000000000000000e+00,0.000000000000000000e+00
0.610000,1.492216777005397066e-01,1.497766845698679516e-02,7.445631280833108212e-01,9.996053395717408030e-01,2.027678337341113366e-04,-2.707551495310882642e-02,7.486018627717362130e-03,-1.202938519556972230e-01,0.000000000000000000e+00,0.000000000000000000e+00,4.800771682111970584e-01,-3.000657637627066610e-01,0.000000000000000000e+00,-4.798379769746624612e-01,0.000000000000000000e+00,0.000000000000000000e+00,9.195622532058868037e-01,-4.299322852617205037e-01,0.000000000000000000e+00,5.991067382794718066e-02,0.000000000000000000e+00,-4.919121795428300914e-02,6.199021210741919585e-01,1.502145820664542442e-01,0.000000000000000000e+00,3.804476523744501071e-01,0.000000000000000000e+00,0.000000000000000000e+00,0.000000000000000000e+00,-7.176693474131389250e-01,-1.812778088955752376e-01,0.000000000000000000e+00,7.499168281596115815e-01,0.000000000000000000e+00,0.000000000000000000e+00,0.000000000000000000e+00
0.620000,1.519062831442855865e-01,1.498775639508420805e-02,7.445316042477775342e-01,9.996018461019746670e-01,2.038582559906222398e-04,-2.720279600197534481e-02,7.491034708952622884e-03,-1.201612966044607045e-01,0.000000000000000000e+00,0.000000000000000000e+00,4.800375186527082172e-01,-3.000353985252616762e-01,0.000000000000000000e+00,-4.799132347018661426e-01,0.000000000000000000e+00,0.000000000000000000e+00,9.197584959854345765e-01,-4.299636257441965537e-01,0.000000000000000000e+00,5.995102558033683221e-02,0.000000000000000000e+00,-4.943291318935298662e-02,6.199587073281747074e-01,1.501209350933090381e-01,0.000000000000000000e+00,3.802482497951752971e-01,0.000000000000000000e+00,0.000000000000000000e+00,0.000000000000000000e+00,-7.186996435138823802e-01,-1.809588973931173239e-01,0.000000000000000000e+00,7.499576870277652185e-01,0.000000000000000000e+00,0.000000000000000000e+00,0.000000000000000000e+00
0.630000,1.545975706314963449e-01,1.499469968138370489e-02,7.445089686537857965e-01,9.995987492075891767e-01,2.047969888056870244e-04,-2.731540556497667055e-02,7.494481945899683119e-03,-1.200699117705963243e-01,0.000000000000000000e+00,0.000000000000000000e+00,4.800140578607192676e-01,-3.000150244151114642e-01,0.000000000000000000e+00,-4.799633810468820760e-01,0.000000000000000000e+00,0.000000000000000000e+00,9.198947664633592147e-01,-4.299845960127445799e-01,0.000000000000000000e+00,5.997879872553481956e-02,0.000000000000000000e+00,-4.964852501175388150e-02,6.199877651342738938e-01,1.500538523441056205e-01,0.000000000000000000e+00,3.801087533909878191e-01,0.000000000000000000e+00,0.000000000000000000e+00,0.000000000000000000e+00,-7.194267907146105756e-01,-1.806396246003451889e-01,0.000000000000000000e+00,7.499831814292217125e-01,0.000000000000000000e+00,0.000000000000000000e+00,0.000000000000000000e+00
0.640000,1.572954922280938306e-01,1.499871024123804880e-02,7.444953170682903076e-01,9.995960588968727523e-01,2.055846602761120809e-04,-2.741313125003344217e-02,7.496466357939442215e-03,-1.200170340403580865e-01,0.000000000000000000e+00,0.000000000000000000e+00,4.800028601911696668e-01,-3.000035790380822243e-01,0.000000000000000000e+00,-4.799913311121225545e-01,0.000000000000000000e+00,0.000000000000000000e+00,9.199742170110757344e-01,-4.299963395903503849e-01,0.000000000000000000e+00,5.999484096495219521e-02,0.000000000000000000e+00,-4.983767881684855738e-02,6.199984706417840385e-01,1.500134889394628968e-01,0.000000000000000000e+00,3.800267933849188484e-01,0.000000000000000000e+00,0.000000000000000000e+00,0.000000000000000000e+00,-7.198578794113181800e-01,-1.803199917312942602e-01,0.000000000000000000e+00,7.499962921559701901e-01,0.000000000000000000e+00,0.000000000000000000e+00,0.000000000000000000e+00
0.650000,1.600000000000000033e-01,1.499999999999999944e-02,7.444907452582463225e-01,9.995937845950332301e-01,2.062220715446013439e-04,-2.749576064883464330e-02,7.497093955501557029e-03,-1.199999999999999956e-01,0.000000000000000000e+00,0.000000000000000000e+00,4.799999999999999822e-01,-2.999999999999999889e-01,0.000000000000000000e+00,-4.799999999999999822e-01,0.000000000000000000e+00,0.000000000000000000e+00,9.200000000000000400e-01,-4.299999999999999933e-01,0.000000000000000000e+00,5.999999999999999778e-02,0.000000000000000000e+00,-5.000000000000000278e-02,6.199999999999999956e-01,1.499999999999999944e-01,0.000000000000000000e+00,3.800000000000000044e-01,0.000000000000000000e+00,0.000000000000000000e+00,0.000000000000000000e+00,-7.199999999999999734e-01,-1.799999999999999933e-01,0.000000000000000000e+00,7.500000000000000000e-01,0.000000000000000000e+00,0.000000000000000000e+00,0.000000000000000000e+00
0.660000,1.627253743221439286e-01,1.497527777777777659e-02,7.444948656286167754e-01,9.995918226578304200e-01,2.064407084099914569e-04,-2.757035341104580040e-02,7.484722481201213501e-03,-1.202370308641975277e-01,0.000000000000000000e+00,0.000000000000000000e+00,4.802630927835051522e-01,-3.000771296296296242e-01,0.000000000000000000e+00,-4.796868518518518365e-01,0.000000000000000000e+00,0.000000000000000000e+00,9.196126851851852413e-01,-4.298763888888889051e-01,0.000000000000000000e+00,5.990111111111110637e-02,0.000000000000000000e+00,-5.014544599298976363e-02,6.188792592592592401e-01,1.500107916666666430e-01,0.000000000000000000e+00,3.803131481481481502e-01,0.000000000000000000e+00,0.000000000000000000e+00,0.000000000000000000e+00,-7.188792592592592179e-01,-1.796739311830507224e-01,0.000000000000000000e+00,7.496950925925925935e-01,0.000000000000000000e+00,0.000000000000000000e+00,0.000000000000000000e+00
0.670000,1.654850652076332584e-01,1.490222222222222295e-02,7.445070415545426146e-01,9.995900587860797604e-01,2.059830837123600923e-04,-2.764410148113167348e-02,7.448194432997252631e-03,-1.209392098765432050e-01,0.000000000000000000e+00,0.000000000000000000e+00,4.810435738831614905e-01,-3.003059259259259206e-01,0.000000000000000000e+00,-4.787614814814814546e-01,0.000000000000000000e+00,0.000000000000000000e+00,9.184681481481481446e-01,-4.295111111111111213e-01,0.000000000000000000e+00,5.960888888888889181e-02,0.000000000000000000e+00,-5.028437604762639457e-02,6.155674074074073410e-01,1.500430000000000097e-01,0.000000000000000000e+00,3.812385185185185321e-01,0.000000000000000000e+00,0.000000000000000000e+00,0.000000000000000000e+00,-7.155674074074073188e-01,-1.793364512431321334e-01,0.000000000000000000e+00,7.487940740740740564e-01,0.000000000000000000e+00,0.000000000000000000e+00,0.000000000000000000e+00
0.680000,1.682777791796576383e-01,1.478249999999999877e-02,7.445269952582463935e-01,9.995884847460076994e-01,2.048669392553236098e-04,-2.771699084395733148e-02,7.388342931513672621e-03,-1.220931666666666693e-01,0.000000000000000000e+00,0.000000000000000000e+00,4.823282474226803784e-01,-3.006824999999999637e-01,0.000000000000000000e+00,-4.772449999999999748e-01,0.000000000000000000e+00,0.000000000000000000e+00,9.165925000000000322e-01,-4.289125000000000298e-01,0.000000000000000000e+00,5.912999999999999506e-02,0.000000000000000000e+00,-5.041701828931334506e-02,6.101400000000000157e-01,1.500963750000000041e-01,0.000000000000000000e+00,3.827550000000000119e-01,0.000000000000000000e+00,0.000000000000000000e+00,0.000000000000000000e+00,-7.101399999999999935e-01,-1.789881376734258067e-01,0.000000000000000000e+00,7.473175000000000789e-01,0.000000000000000000e+00,0.000000000000000000e+00,0.000000000000000000e+00
0.690000,1.711022227614067970e-01,1.461777777777777641e-02,7.445544489619499995e-01,9.995870908329739235e-01,2.031103844337962100e-04,-2.778900744003186263e-02,7.306001077306290177e-03,-1.236855308641975210e-01,0.000000000000000000e+00,0.000000000000000000e+00,4.841039175257731975e-01,-3.012029629629629501e-01,0.000000000000000000e+00,-4.751585185185184801e-01,0.000000000000000000e+00,0.000000000000000000e+00,9.140118518518519641e-01,-4.280888888888889077e-01,0.000000000000000000e+00,5.847111111111110565e-02,0.000000000000000000e+00,-5.054360084345405069e-02,6.026725925925925376e-01,1.501706666666666468e-01,0.000000000000000000e+00,3.848414814814815066e-01,0.000000000000000000e+00,0.000000000000000000e+00,0.000000000000000000e+00,-7.026725925925925154e-01,-1.786295679671133230e-01,0.000000000000000000e+00,7.452859259259259073e-01,0.000000000000000000e+00,0.000000000000000000e+00,0.000000000000000000e+00
0.700000,1.739571024760703521e-01,1.440972222222222134e-02,7.445891248878759860e-01,9.995858660622554126e-01,2.007318921933554361e-04,-2.786013717035514675e-02,7.202001952736713716e-03,-1.257029320987654575e-01,0.000000000000000000e+00,0.000000000000000000e+00,4.863573883161511624e-01,-3.018634259259259656e-01,0.000000000000000000e+00,-4.725231481481481088e-01,0.000000000000000000e+00,0.000000000000000000e+00,9.107523148148148895e-01,-4.270486111111111427e-01,0.000000000000000000e+00,5.763888888888888534e-02,0.000000000000000000e+00,-5.066435183545194010e-02,5.932407407407406241e-01,1.502656249999999860e-01,0.000000000000000000e+00,3.874768518518518778e-01,0.000000000000000000e+00,0.000000000000000000e+00,0.000000000000000000e+00,-6.932407407407406019e-01,-1.782613196173761794e-01,0.000000000000000000e+00,7.427199074074074536e-01,0.000000000000000000e+00,0.000000000000000000e+00,0.000000000000000000e+00
0.710000,1.768411248468378660e-01,1.416000000000000071e-02,7.446307452582463515e-01,9.995847983528827196e-01,1.977502947614743253e-04,-2.793036590117336376e-02,7.077178623895770057e-03,-1.281319999999999681e-01,0.000000000000000000e+00,0.000000000000000000e+00,4.890754639175257101e-01,-3.026599999999999846e-01,0.000000000000000000e+00,-4.693599999999999994e-01,0.000000000000000000e+00,0.000000000000000000e+00,9.068400000000000905e-01,-4.258000000000000118e-01,0.000000000000000000e+00,5.664000000000000284e-02,0.000000000000000000e+00,-5.077949939071046276e-02,5.819199999999999928e-01,1.503809999999999869e-01,0.000000000000000000e+00,3.906399999999999872e-01,0.000000000000000000e+00,0.000000000000000000e+00,0.000000000000000000e+00,-6.819199999999999706e-01,-1.778839701173959564e-01,0.000000000000000000e+00,7.396399999999999642e-01,0.000000000000000000e+00,0.000000000000000000e+00,0.000000000000000000e+00
0.720000,1.797529963968991507e-01,1.387027777777777825e-02,7.446790322952833163e-01,9.995838747045294737e-01,1.941847791495301013e-04,-2.799967946863699680e-02,6.932364142537787884e-03,-1.309593641975308476e-01,0.000000000000000000e+00,0.000000000000000000e+00,4.922449484536082220e-01,-3.035887962962962594e-01,0.000000000000000000e+00,-4.656901851851852348e-01,0.000000000000000000e+00,0.000000000000000000e+00,9.023010185185186272e-01,-4.243513888888889030e-01,0.000000000000000000e+00,5.548111111111111299e-02,0.000000000000000000e+00,-5.088927163463304038e-02,5.687859259259260281e-01,1.505165416666666700e-01,0.000000000000000000e+00,3.943098148148147519e-01,0.000000000000000000e+00,0.000000000000000000e+00,0.000000000000000000e+00,-6.687859259259260059e-01,-1.774980969603541514e-01,0.000000000000000000e+00,7.360667592592593511e-01,0.000000000000000000e+00,0.000000000000000000e+00,0.000000000000000000e+00
0.730000,1.826914236494437405e-01,1.354222222222222285e-02,7.447337082212092119e-01,9.995830813674578819e-01,1.900548824245926996e-04,-2.806806368335506077e-02,6.768391547991384379e-03,-1.341716543209876267e-01,0.000000000000000000e+00,0.000000000000000000e+00,4.958526460481099130e-01,-3.046459259259258756e-01,0.000000000000000000e+00,-4.615348148148147867e-01,0.000000000000000000e+00,0.000000000000000000e+00,8.971614814814814487e-01,-4.227111111111110930e-01,0.000000000000000000e+00,5.416888888888889142e-02,0.000000000000000000e+00,-5.099389669262313629e-02,5.539140740740741142e-01,1.506719999999999726e-01,0.000000000000000000e+00,3.984651851851852000e-01,0.000000000000000000e+00,0.000000000000000000e+00,0.000000000000000000e+00,-6.539140740740740920e-01,-1.771042776394323726e-01,0.000000000000000000e+00,7.320207407407407496e-01,0.000000000000000000e+00,0.000000000000000000e+00,0.000000000000000000e+00
0.740000,1.856551131276613642e-01,1.317749999999999998e-02,7.447944952582462586e-01,9.995824040055166781e-01,1.853804867500892268e-04,-2.813550433483912733e-02,6.586093869016353131e-03,-1.377554999999999752e-01,0.000000000000000000e+00,0.000000000000000000e+00,4.998853608247422198e-01,-3.058274999999999744e-01,0.000000000000000000e+00,-4.569149999999999601e-01,0.000000000000000000e+00,0.000000000000000000e+00,8.914475000000000593e-01,-4.208874999999999700e-01,0.000000000000000000e+00,5.270999999999999991e-02,0.000000000000000000e+00,-5.109360269008416527e-02,5.373800000000000798e-01,1.508471249999999986e-01,0.000000000000000000e+00,4.030850000000000266e-01,0.000000000000000000e+00,0.000000000000000000e+00,0.000000000000000000e+00,-6.373800000000000576e-01,-1.767030896478121726e-01,0.000000000000000000e+00,7.275225000000000719e-01,0.000000000000000000e+00,0.000000000000000000e+00,0.000000000000000000e+00
0.750000,1.886427713547416396e-01,1.277777777777777853e-02,7.448611156286166768e-01,9.995818278521951816e-01,1.801818141945358360e-04,-2.820198719583119976e-02,6.386304125580270774e-03,-1.416975308641975073e-01,0.000000000000000000e+00,0.000000000000000000e+00,5.043298969072165239e-01,-3.071296296296295858e-01,0.000000000000000000e+00,-4.518518518518518379e-01,0.000000000000000000e+00,0.000000000000000000e+00,8.851851851851851860e-01,-4.188888888888888662e-01,0.000000000000000000e+00,5.111111111111111410e-02,0.000000000000000000e+00,-5.118861775241956985e-02,5.192592592592593093e-01,1.510416666666666574e-01,0.000000000000000000e+00,4.081481481481481488e-01,0.000000000000000000e+00,0.000000000000000000e+00,0.000000000000000000e+00,-6.192592592592592871e-01,-1.762951104786750489e-01,0.000000000000000000e+00,7.225925925925926752e-01,0.000000000000000000e+00,0.000000000000000000e+00,0.000000000000000000e+00
0.760000,1.916531048538742399e-01,1.234472222222222221e-02,7.449332915545425760e-01,9.995813378597326881e-01,1.744794213076175985e-04,-2.826749802650902268e-02,6.169855330532030696e-03,-1.459843765432098650e-01,0.000000000000000000e+00,0.000000000000000000e+00,5.091730584192439846e-01,-3.085484259259259066e-01,0.000000000000000000e+00,-4.463664814814814474e-01,0.000000000000000000e+00,0.000000000000000000e+00,8.784006481481482220e-01,-4.167236111111111141e-01,0.000000000000000000e+00,4.937888888888888883e-02,0.000000000000000000e+00,-5.127917000503280642e-02,4.996274074074074090e-01,1.512553749999999975e-01,0.000000000000000000e+00,4.136335185185185392e-01,0.000000000000000000e+00,0.000000000000000000e+00,0.000000000000000000e+00,-5.996274074074073868e-01,-1.758809176252025819e-01,0.000000000000000000e+00,7.172515740740741386e-01,0.000000000000000000e+00,0.000000000000000000e+00,0.000000000000000000e+00
0.770000,1.946848201482488105e-01,1.187999999999999994e-02,7.450107452582463985e-01,9.995809188412829727e-01,1.682941934629878021e-04,-2.833202257856291817e-02,5.937580491153158536e-03,-1.506026666666666625e-01,0.000000000000000000e+00,0.000000000000000000e+00,5.144016494845360388e-01,-3.100799999999999668e-01,0.000000000000000000e+00,-4.404799999999999272e-01,0.000000000000000000e+00,0.000000000000000000e+00,8.711200000000000054e-01,-4.143999999999999906e-01,0.000000000000000000e+00,4.751999999999999974e-02,0.000000000000000000e+00,-5.136548757332729670e-02,4.785599999999999854e-01,1.514880000000000115e-01,0.000000000000000000e+00,4.195200000000000595e-01,0.000000000000000000e+00,0.000000000000000000e+00,0.000000000000000000e+00,-5.785599999999999632e-01,-1.754610885805763243e-01,0.000000000000000000e+00,7.115200000000000413e-01,0.000000000000000000e+00,0.000000000000000000e+00,0.000000000000000000e+00
0.780000,1.977366237610549693e-01,1.138527777777777715e-02,7.450931989619500317e-01,9.995805556061342356e-01,1.616473389672479124e-04,-2.839554659913809398e-02,5.690312610571099210e-03,-1.555390308641975416e-01,0.000000000000000000e+00,0.000000000000000000e+00,5.200024742268041233e-01,-3.117204629629629631e-01,0.000000000000000000e+00,-4.342135185185185264e-01,0.000000000000000000e+00,0.000000000000000000e+00,8.633693518518519294e-01,-4.119263888888888836e-01,0.000000000000000000e+00,4.554111111111110860e-02,0.000000000000000000e+00,-5.144779858270646933e-02,4.561325925925925895e-01,1.517392916666666647e-01,0.000000000000000000e+00,4.257864814814814602e-01,0.000000000000000000e+00,0.000000000000000000e+00,0.000000000000000000e+00,-5.561325925925926228e-01,-1.750362008379777734e-01,0.000000000000000000e+00,7.054184259259259626e-01,0.000000000000000000e+00,0.000000000000000000e+00,0.000000000000000000e+00
0.790000,2.008072222154824171e-01,1.086222222222222103e-02,7.451803748878759182e-01,9.995802330879868247e-01,1.545603829346539680e-04,-2.845805583463640459e-02,5.428884689021970696e-03,-1.607800987654321168e-01,0.000000000000000000e+00,0.000000000000000000e+00,5.259623367697594531e-01,-3.134659259259259256e-01,0.000000000000000000e+00,-4.275881481481481061e-01,0.000000000000000000e+00,0.000000000000000000e+00,8.551748148148148321e-01,-4.093111111111110700e-01,0.000000000000000000e+00,4.344888888888888412e-02,0.000000000000000000e+00,-5.152633115857377377e-02,4.324207407407407167e-01,1.520090000000000052e-01,0.000000000000000000e+00,4.324118518518518806e-01,0.000000000000000000e+00,0.000000000000000000e+00,0.000000000000000000e+00,-5.324207407407407500e-01,-1.746068318905885375e-01,0.000000000000000000e+00,6.989674074074073706e-01,0.000000000000000000e+00,0.000000000000000000e+00,0.000000000000000000e+00
0.800000,2.038953220347208273e-01,1.031249999999999875e-02,7.452719952582463891e-01,9.995799364662849573e-01,1.470551609271819203e-04,-2.851953603437187498e-02,5.154129724953264435e-03,-1.663125000000000298e-01,0.000000000000000000e+00,0.000000000000000000e+00,5.322680412371133540e-01,-3.153124999999999956e-01,0.000000000000000000e+00,-4.206249999999999711e-01,0.000000000000000000e+00,0.000000000000000000e+00,8.465624999999999956e-01,-4.065624999999999933e-01,0.000000000000000000e+00,4.124999999999999500e-02,0.000000000000000000e+00,-5.160131342633264562e-02,4.074999999999999734e-01,1.522968749999999982e-01,0.000000000000000000e+00,4.393750000000000155e-01,0.000000000000000000e+00,0.000000000000000000e+00,0.000000000000000000e+00,-5.074999999999999512e-01,-1.741735592315901415e-01,0.000000000000000000e+00,6.921874999999999556e-01,0.000000000000000000e+00,0.000000000000000000e+00,0.000000000000000000e+00
0.810000,2.069996297419597620e-01,9.737777777777775756e-03,7.453677822952833321e-01,9.995796512806058853e-01,1.391538123596641437e-04,-2.857997295407405797e-02,4.866880715959949824e-03,-1.721228641975308671e-01,0.000000000000000000e+00,0.000000000000000000e+00,5.389063917525773739e-01,-3.172562962962963140e-01,0.000000000000000000e+00,-4.133451851851850933e-01,0.000000000000000000e+00,0.000000000000000000e+00,8.375585185185184800e-01,-4.036888888888888749e-01,0.000000000000000000e+00,3.895111111111110302e-02,0.000000000000000000e+00,-5.167297351138652739e-02,3.814459259259258550e-01,1.526026666666666365e-01,0.000000000000000000e+00,4.466548148148148933e-01,0.000000000000000000e+00,0.000000000000000000e+00,0.000000000000000000e+00,-4.814459259259258328e-01,-1.737369603541641938e-01,0.000000000000000000e+00,6.850992592592591857e-01,0.000000000000000000e+00,0.000000000000000000e+00,0.000000000000000000e+00
0.820000,2.101188518603889777e-01,9.139722222222219222e-03,7.454674582212093004e-01,9.995793635381053921e-01,1.308787736697921203e-04,-2.863935235923375372e-02,4.567970659550163806e-03,-1.781978209876543540e-01,0.000000000000000000e+00,0.000000000000000000e+00,5.458641924398625056e-01,-3.192934259259259666e-01,0.000000000000000000e+00,-4.057698148148147221e-01,0.000000000000000000e+00,0.000000000000000000e+00,8.281889814814815676e-01,-4.006986111111111026e-01,0.000000000000000000e+00,3.655888888888887689e-02,0.000000000000000000e+00,-5.174153953913884774e-02,3.543340740740740236e-01,1.529261249999999961e-01,0.000000000000000000e+00,4.542301851851852645e-01,0.000000000000000000e+00,0.000000000000000000e+00,0.000000000000000000e+00,-4.543340740740740014e-01,-1.732976127514921638e-01,0.000000000000000000e+00,6.777232407407407511e-01,0.000000000000000000e+00,0.000000000000000000e+00,0.000000000000000000e+00
0.830000,2.132516949131980366e-01,8.519999999999996326e-03,7.455707452582462924e-01,9.995790598140195105e-01,1.222527712528546527e-04,-2.869766002828547449e-02,4.258232553739248714e-03,-1.845240000000000491e-01,0.000000000000000000e+00,0.000000000000000000e+00,5.531282474226804080e-01,-3.214199999999999835e-01,0.000000000000000000e+00,-3.979199999999999404e-01,0.000000000000000000e+00,0.000000000000000000e+00,8.184799999999999853e-01,-3.975999999999999535e-01,0.000000000000000000e+00,3.407999999999998531e-02,0.000000000000000000e+00,-5.180723963499306306e-02,3.262399999999998634e-01,1.532670000000000143e-01,0.000000000000000000e+00,4.620800000000000463e-01,0.000000000000000000e+00,0.000000000000000000e+00,0.000000000000000000e+00,-4.262399999999998412e-01,-1.728560939167556043e-01,0.000000000000000000e+00,6.700799999999998979e-01,0.000000000000000000e+00,0.000000000000000000e+00,0.000000000000000000e+00
0.840000,2.163968654235766398e-01,7.880277777777781184e-03,7.456773656286166396e-01,9.995787273452226840e-01,1.132988141611559042e-04,-2.875488175562120052e-02,3.938499397473336182e-03,-1.910880308641974834e-01,0.000000000000000000e+00,0.000000000000000000e+00,5.606853608247421850e-01,-3.236321296296296168e-01,0.000000000000000000e+00,-3.898168518518518866e-01,0.000000000000000000e+00,0.000000000000000000e+00,8.084576851851852375e-01,-3.944013888888889263e-01,0.000000000000000000e+00,3.152111111111112474e-02,0.000000000000000000e+00,-5.187030192435258119e-02,2.972392592592594251e-01,1.536250416666666563e-01,0.000000000000000000e+00,4.701831481481481001e-01,0.000000000000000000e+00,0.000000000000000000e+00,0.000000000000000000e+00,-3.972392592592594029e-01,-1.724129813431360958e-01,0.000000000000000000e+00,6.621900925925925385e-01,0.000000000000000000e+00,0.000000000000000000e+00,0.000000000000000000e+00
0.850000,2.195530699147144882e-01,7.222222222222225360e-03,7.457870415545426734e-01,9.995783541168424824e-01,1.040401865681283102e-04,-2.881100335443028196e-02,3.609604190885887590e-03,-1.978765432098765209e-01,0.000000000000000000e+00,0.000000000000000000e+00,5.685223367697593844e-01,-3.259259259259258967e-01,0.000000000000000000e+00,-3.814814814814815325e-01,0.000000000000000000e+00,0.000000000000000000e+00,7.981481481481482732e-01,-3.911111111111111316e-01,0.000000000000000000e+00,2.888888888888890144e-02,0.000000000000000000e+00,-5.193095453262087241e-02,2.674074074074076490e-01,1.539999999999999980e-01,0.000000000000000000e+00,4.785185185185184542e-01,0.000000000000000000e+00,0.000000000000000000e+00,0.000000000000000000e+00,-3.674074074074076268e-01,-1.719688525238151355e-01,0.000000000000000000e+00,6.540740740740741410e-01,0.000000000000000000e+00,0.000000000000000000e+00,0.000000000000000000e+00
0.860000,2.227190149098011718e-01,6.547500000000002103e-03,7.458994952582463922e-01,9.995779289419305380e-01,9.450043999722411393e-05,-2.886601065936022018e-02,3.272379935392847987e-03,-2.048761666666666925e-01,0.000000000000000000e+00,0.000000000000000000e+00,5.766259793814432211e-01,-3.282974999999999643e-01,0.000000000000000000e+00,-3.729349999999999610e-01,0.000000000000000000e+00,0.000000000000000000e+00,7.875775000000000414e-01,-3.877375000000000127e-01,0.000000000000000000e+00,2.619000000000000841e-02,0.000000000000000000e+00,-5.198942558520135149e-02,2.368200000000001415e-01,1.543916249999999768e-01,0.000000000000000000e+00,4.870649999999999702e-01,0.000000000000000000e+00,0.000000000000000000e+00,0.000000000000000000e+00,-3.368200000000001193e-01,-1.715242849519743595e-01,0.000000000000000000e+00,6.457525000000000626e-01,0.000000000000000000e+00,0.000000000000000000e+00,0.000000000000000000e+00
0.870000,2.258934069320263360e-01,5.857777777777779457e-03,7.460144489619500163e-01,9.995774415341899255e-01,8.470338531572944244e-05,-2.891988952899340534e-02,2.927659633633755698e-03,-2.120735308641975569e-01,0.000000000000000000e+00,0.000000000000000000e+00,5.849830927835051320e-01,-3.307429629629629053e-01,0.000000000000000000e+00,-3.641985185185184770e-01,0.000000000000000000e+00,0.000000000000000000e+00,7.767718518518519355e-01,-3.842888888888889021e-01,0.000000000000000000e+00,2.343111111111111783e-02,0.000000000000000000e+00,-5.204594320749746095e-02,2.055525925925926756e-01,1.547996666666666410e-01,0.000000000000000000e+00,4.958014814814815097e-01,0.000000000000000000e+00,0.000000000000000000e+00,0.000000000000000000e+00,-3.055525925925926534e-01,-1.710798561207952928e-01,0.000000000000000000e+00,6.372459259259258824e-01,0.000000000000000000e+00,0.000000000000000000e+00,0.000000000000000000e+00
0.880000,2.290749525045797375e-01,5.154722222222224599e-03,7.461316248878759883e-01,9.995768825737597618e-01,7.467308449370933289e-05,-2.897262584813499117e-02,2.576276289268192472e-03,-2.194552654320987561e-01,0.000000000000000000e+00,0.000000000000000000e+00,5.935804810996563319e-01,-3.332584259259259718e-01,0.000000000000000000e+00,-3.552931481481481635e-01,0.000000000000000000e+00,0.000000000000000000e+00,7.657573148148149045e-01,-3.807736111111111321e-01,0.000000000000000000e+00,2.061888888888889840e-02,0.000000000000000000e+00,-5.210073552491265025e-02,1.736807407407409132e-01,1.552238749999999834e-01,0.000000000000000000e+00,5.047068518518518232e-01,0.000000000000000000e+00,0.000000000000000000e+00,0.000000000000000000e+00,-2.736807407407408910e-01,-1.706361435234594326e-01,0.000000000000000000e+00,6.285749074074074016e-01,0.000000000000000000e+00,0.000000000000000000e+00,0.000000000000000000e+00
0.890000,2.322623581506508827e-01,4.440000000000001237e-03,7.462507452582463063e-01,9.995762437660541400e-01,6.443384212834436461e-05,-2.902420552990708086e-02,2.219062906638381502e-03,-2.270079999999999876e-01,0.000000000000000000e+00,0.000000000000000000e+00,6.024049484536082577e-01,-3.358399999999999719e-01,0.000000000000000000e+00,-3.462399999999999922e-01,0.000000000000000000e+00,0.000000000000000000e+00,7.545600000000000085e-01,-3.771999999999999797e-01,0.000000000000000000e+00,1.776000000000000495e-02,0.000000000000000000e+00,-5.215403066285034112e-02,1.412800000000000722e-01,1.556639999999999968e-01,0.000000000000000000e+00,5.137599999999999945e-01,0.000000000000000000e+00,0.000000000000000000e+00,0.000000000000000000e+00,-2.412800000000000500e-01,-1.701937246531483316e-01,0.000000000000000000e+00,6.197599999999999776e-01,0.000000000000000000e+00,0.000000000000000000e+00,0.000000000000000000e+00
0.900000,2.354543303934295007e-01,3.715277777777778283e-03,7.463715322952833020e-01,9.995755178936598373e-01,5.401019673397441392e-05,-2.907461451764495330e-02,1.856852490310296469e-03,-2.347183641975308932e-01,0.000000000000000000e+00,0.000000000000000000e+00,6.114432989690722353e-01,-3.384837962962962687e-01,0.000000000000000000e+00,-3.370601851851851016e-01,0.000000000000000000e+00,0.000000000000000000e+00,7.432060185185185297e-01,-3.735763888888888884e-01,0.000000000000000000e+00,1.486111111111111313e-02,0.000000000000000000e+00,-5.220605674671398300e-02,1.084259259259260089e-01,1.561197916666666741e-01,0.000000000000000000e+00,5.229398148148148850e-01,0.000000000000000000e+00,0.000000000000000000e+00,0.000000000000000000e+00,-2.084259259259259867e-01,-1.697531770030435982e-01,0.000000000000000000e+00,6.108217592592591894e-01,0.000000000000000000e+00,0.000000000000000000e+00,0.000000000000000000e+00
0.910000,2.386495757561052644e-01,2.982222222222221178e-03,7.464937082212093067e-01,9.995746988612881356e-01,4.342691179820964899e-05,-2.912383878659080202e-02,1.490478044506867968e-03,-2.425729876543210595e-01,0.000000000000000000e+00,0.000000000000000000e+00,6.206823367697593685e-01,-3.411859259259258925e-01,0.000000000000000000e+00,-3.277748148148147411e-01,0.000000000000000000e+00,0.000000000000000000e+00,7.317214814814815282e-01,-3.699111111111111350e-01,0.000000000000000000e+00,1.192888888888888471e-02,0.000000000000000000e+00,-5.225704190190701148e-02,7.519407407407410759e-02,1.565909999999999802e-01,0.000000000000000000e+00,5.322251851851852456e-01,0.000000000000000000e+00,0.000000000000000000e+00,0.000000000000000000e+00,-1.751940740740740854e-01,-1.693150780663267296e-01,0.000000000000000000e+00,6.017807407407407272e-01,0.000000000000000000e+00,0.000000000000000000e+00,0.000000000000000000e+00
0.920000,2.418468007618677917e-01,2.242499999999999702e-03,7.466169952582463187e-01,9.995737817337843056e-01,3.270896660451415506e-05,-2.917186434538093093e-02,1.120772572448054585e-03,-2.505585000000000173e-01,0.000000000000000000e+00,0.000000000000000000e+00,6.301088659793814273e-01,-3.439424999999999844e-01,0.000000000000000000e+00,-3.184049999999999381e-01,0.000000000000000000e+00,0.000000000000000000e+00,7.201324999999999532e-01,-3.662124999999999964e-01,0.000000000000000000e+00,8.969999999999998808e-03,0.000000000000000000e+00,-5.230721425383285522e-02,4.166000000000011361e-02,1.570773749999999913e-01,0.000000000000000000e+00,5.415950000000000486e-01,0.000000000000000000e+00,0.000000000000000000e+00,0.000000000000000000e+00,-1.416600000000000914e-01,-1.688800053361792786e-01,0.000000000000000000e+00,5.926574999999999482e-01,0.000000000000000000e+00,0.000000000000000000e+00,0.000000000000000000e+00
0.930000,2.450447119339068114e-01,1.497777777777777562e-03,7.467411156286166696e-01,9.995727627671925353e-01,2.188154682170426635e-05,-2.921867723732247263e-02,7.485690756134629007e-04,-2.586615308641975752e-01,0.000000000000000000e+00,0.000000000000000000e+00,6.397096907216495154e-01,-3.467496296296296299e-01,0.000000000000000000e+00,-3.089718518518517754e-01,0.000000000000000000e+00,0.000000000000000000e+00,7.084651851851851978e-01,-3.624888888888889160e-01,0.000000000000000000e+00,5.991111111111110249e-03,0.000000000000000000e+00,-5.235680192789497062e-02,7.899259259259272525e-03,1.575786666666666447e-01,0.000000000000000000e+00,5.510281481481481558e-01,0.000000000000000000e+00,0.000000000000000000e+00,0.000000000000000000e+00,-1.078992592592592503e-01,-1.684485363057828533e-01,0.000000000000000000e+00,5.834725925925925427e-01,0.000000000000000000e+00,0.000000000000000000e+00,0.000000000000000000e+00
0.940000,2.482420157954118023e-01,7.497222222222202012e-04,7.468657915545425796e-01,9.995716394328774124e-01,1.097003486083804406e-05,-2.926426354145584413e-02,3.747005529440429299e-04,-2.668687098765432641e-01,0.000000000000000000e+00,0.000000000000000000e+00,6.494716151202749588e-01,-3.496034259259259147e-01,0.000000000000000000e+00,-2.994964814814813359e-01,0.000000000000000000e+00,0.000000000000000000e+00,6.967456481481481001e-01,-3.587486111111111153e-01,0.000000000000000000e+00,2.998888888888880805e-03,0.000000000000000000e+00,-5.240603304949677244e-02,-2.601259259259264267e-02,1.580946250000000164e-01,0.000000000000000000e+00,5.605035185185186508e-01,0.000000000000000000e+00,0.000000000000000000e+00,0.000000000000000000e+00,-7.398740740740733512e-02,-1.680212484683189234e-01,0.000000000000000000e+00,5.742465740740739788e-01,0.000000000000000000e+00,0.000000000000000000e+00,0.000000000000000000e+00
0.950000,2.514374188695726597e-01,-1.734723475976807094e-18,7.469907452582463803e-01,9.995704104347014063e-01,-2.542116636413494663e-20,-2.930860937339943226e-02,-8.669891284364244762e-19,-2.751666666666667815e-01,0.000000000000000000e+00,0.000000000000000000e+00,6.593814432989690832e-01,-3.525000000000000355e-01,0.000000000000000000e+00,-2.899999999999999245e-01,0.000000000000000000e+00,0.000000000000000000e+00,6.849999999999999423e-01,-3.549999999999999822e-01,0.000000000000000000e+00,-6.938893903907228378e-18,0.000000000000000000e+00,-5.245513574404172402e-02,-6.000000000000010880e-02,1.586250000000000160e-01,0.000000000000000000e+00,5.700000000000000622e-01,0.000000000000000000e+00,0.000000000000000000e+00,0.000000000000000000e+00,-3.999999999999986899e-02,-1.675987193169690692e-01,0.000000000000000000e+00,5.649999999999999467e-01,0.000000000000000000e+00,0.000000000000000000e+00,0.000000000000000000e+00
0.960000,2.546296276795788072e-01,-7.497222222222158644e-04,7.471156989619500699e-01,9.995690757192593479e-01,-1.100281172249164745e-05,-2.935170088597322674e-02,-3.746995919074602591e-04,-2.835420308641974918e-01,0.000000000000000000e+00,0.000000000000000000e+00,6.694259793814432147e-01,-3.554354629629629669e-01,0.000000000000000000e+00,-2.805035185185185131e-01,0.000000000000000000e+00,0.000000000000000000e+00,6.732543518518518955e-01,-3.512513888888889046e-01,0.000000000000000000e+00,-2.998888888888863458e-03,0.000000000000000000e+00,-5.250433813693322627e-02,-9.398740740740707533e-02,1.591695416666666640e-01,0.000000000000000000e+00,5.794964814814815846e-01,0.000000000000000000e+00,0.000000000000000000e+00,0.000000000000000000e+00,-6.012592592592902463e-03,-1.671815263449148159e-01,0.000000000000000000e+00,5.557534259259259146e-01,0.000000000000000000e+00,0.000000000000000000e+00,0.000000000000000000e+00
0.970000,2.578173487486200566e-01,-1.497777777777771491e-03,7.472403748878759799e-01,9.995676364791676871e-01,-2.201248784590947749e-05,-2.939352426959828193e-02,-7.485652365925991088e-04,-2.919814320987654255e-01,0.000000000000000000e+00,0.000000000000000000e+00,6.795920274914089010e-01,-3.584059259259259056e-01,0.000000000000000000e+00,-2.710281481481481292e-01,0.000000000000000000e+00,0.000000000000000000e+00,6.615348148148149088e-01,-3.475111111111111040e-01,0.000000000000000000e+00,-5.991111111111085963e-03,0.000000000000000000e+00,-5.255386835357477027e-02,-1.278992592592588240e-01,1.597279999999999811e-01,0.000000000000000000e+00,5.889718518518518575e-01,0.000000000000000000e+00,0.000000000000000000e+00,0.000000000000000000e+00,2.789925925925884620e-02,-1.667702470453377439e-01,0.000000000000000000e+00,5.465274074074074617e-01,0.000000000000000000e+00,0.000000000000000000e+00,0.000000000000000000e+00
0.980000,2.609992885998859702e-01,-2.242499999999994498e-03,7.473644952582463308e-01,9.995660951494121926e-01,-3.300296005541467710e-05,-2.943406575246907894e-02,-1.120763953861713021e-03,-3.004715000000000025e-01,0.000000000000000000e+00,0.000000000000000000e+00,6.898663917525773570e-01,-3.614074999999999926e-01,0.000000000000000000e+00,-2.615949999999999664e-01,0.000000000000000000e+00,0.000000000000000000e+00,6.498675000000000423e-01,-3.437875000000000236e-01,0.000000000000000000e+00,-8.969999999999977991e-03,0.000000000000000000e+00,-5.260395451936974304e-02,-1.616599999999996928e-01,1.603001249999999878e-01,0.000000000000000000e+00,5.984050000000000757e-01,0.000000000000000000e+00,0.000000000000000000e+00,0.000000000000000000e+00,6.165999999999971504e-02,-1.663654589114194060e-01,0.000000000000000000e+00,5.373424999999999452e-01,0.000000000000000000e+00,0.000000000000000000e+00,0.000000000000000000e+00
0.990000,2.641741537565662767e-01,-2.982222222222217708e-03,7.474877822952833428e-01,9.995644553967504287e-01,-4.394801498026472294e-05,-2.947331160049645321e-02,-1.490462770351757334e-03,-3.089988641975308648e-01,0.000000000000000000e+00,0.000000000000000000e+00,7.002358762886597976e-01,-3.644362962962962582e-01,0.000000000000000000e+00,-2.522251851851851079e-01,0.000000000000000000e+00,0.000000000000000000e+00,6.382785185185185783e-01,-3.400888888888888850e-01,0.000000000000000000e+00,-1.192888888888887083e-02,0.000000000000000000e+00,-5.265482475972160792e-02,-1.951940740740737423e-01,1.608856666666666491e-01,0.000000000000000000e+00,6.077748148148147678e-01,0.000000000000000000e+00,0.000000000000000000e+00,0.000000000000000000e+00,9.519407407407376454e-02,-1.659677394363413827e-01,0.000000000000000000e+00,5.282192592592592773e-01,0.000000000000000000e+00,0.000000000000000000e+00,0.000000000000000000e+00
1.000000,2.673406507418505940e-01,-3.715277777777773946e-03,7.476099582212093475e-01,9.995627221021718967e-01,-5.482130522136327544e-05,-2.951124811701839531e-02,-1.856828720323070326e-03,-3.175501543209876543e-01,0.000000000000000000e+00,0.000000000000000000e+00,7.106872852233677706e-01,-3.674884259259258990e-01,0.000000000000000000e+00,-2.429398148148147751e-01,0.000000000000000000e+00,0.000000000000000000e+00,6.267939814814815769e-01,-3.364236111111111316e-01,0.000000000000000000e+00,-1.486111111111109578e-02,0.000000000000000000e+00,-5.270670720003380050e-02,-2.284259259259256991e-01,1.614843750000000133e-01,0.000000000000000000e+00,6.170601851851852393e-01,0.000000000000000000e+00,0.000000000000000000e+00,0.000000000000000000e+00,1.284259259259257213e-01,-1.655776661132851157e-01,0.000000000000000000e+00,5.191782407407407041e-01,0.000000000000000000e+00,0.000000000000000000e+00,0.000000000000000000e+00
1.010000,2.704974860789285396e-01,-4.439999999999996033e-03,7.477307452582462322e-01,9.995609013364145090e-01,-6.559636060759121892e-05,-2.954786164227687223e-02,-2.219028846388625045e-03,-3.261120000000000685e-01,0.000000000000000000e+00,0.000000000000000000e+00,7.212074226804123800e-01,-3.705600000000000005e-01,0.000000000000000000e+00,-2.337599999999999123e-01,0.000000000000000000e+00,0.000000000000000000e+00,6.154399999999999871e-01,-3.327999999999999847e-01,0.000000000000000000e+00,-1.775999999999998413e-02,0.000000000000000000e+00,-5.275982996570974942e-02,-2.612799999999996237e-01,1.620959999999999901e-01,0.000000000000000000e+00,6.262400000000001299e-01,0.000000000000000000e+00,0.000000000000000000e+00,0.000000000000000000e+00,1.612799999999996459e-01,-1.651958164354322411e-01,0.000000000000000000e+00,5.102399999999999158e-01,0.000000000000000000e+00,0.000000000000000000e+00,0.000000000000000000e+00
1.020000,2.736433662909898423e-01,-5.154722222222218528e-03,7.478498656286166613e-01,9.995590003285378389e-01,-7.624659968036673981e-05,-2.958313855265875397e-02,-2.576230200162721567e-03,-3.346710308641975828e-01,0.000000000000000000e+00,0.000000000000000000e+00,7.317830927835051735e-01,-3.736471296296296485e-01,0.000000000000000000e+00,-2.247068518518517688e-01,0.000000000000000000e+00,0.000000000000000000e+00,6.042426851851852021e-01,-3.292263888888888879e-01,0.000000000000000000e+00,-2.061888888888887411e-02,0.000000000000000000e+00,-5.281442118215291109e-02,-2.936807407407405757e-01,1.627202916666666555e-01,0.000000000000000000e+00,6.352931481481481901e-01,0.000000000000000000e+00,0.000000000000000000e+00,0.000000000000000000e+00,1.936807407407405979e-01,-1.648227678959642839e-01,0.000000000000000000e+00,5.014250925925924918e-01,0.000000000000000000e+00,0.000000000000000000e+00,0.000000000000000000e+00
1.030000,2.767769979012241199e-01,-5.857777777777774253e-03,7.479670415545426332e-01,9.995570274275544786e-01,-8.674534140589897763e-05,-2.961706525969933987e-02,-2.927599842812682405e-03,-3.432138765432098948e-01,0.000000000000000000e+00,0.000000000000000000e+00,7.424010996563573661e-01,-3.767459259259259841e-01,0.000000000000000000e+00,-2.158014814814814275e-01,0.000000000000000000e+00,0.000000000000000000e+00,5.932281481481481711e-01,-3.257111111111111179e-01,0.000000000000000000e+00,-2.343111111111109701e-02,0.000000000000000000e+00,-5.287070897476670722e-02,-3.255525925925925046e-01,1.633570000000000022e-01,0.000000000000000000e+00,6.441985185185186147e-01,0.000000000000000000e+00,0.000000000000000000e+00,0.000000000000000000e+00,2.255525925925924158e-01,-1.644590979880627690e-01,0.000000000000000000e+00,4.927540740740740111e-01,0.000000000000000000e+00,0.000000000000000000e+00,0.000000000000000000e+00
1.040000,2.798970874328209901e-01,-6.547499999999997766e-03,7.480819952582463683e-01,9.995549920571167313e-01,-9.706581711462111651e-05,-2.964962820884716257e-02,-3.272304845497929233e-03,-3.517271666666667018e-01,0.000000000000000000e+00,0.000000000000000000e+00,7.530482474226805056e-01,-3.798525000000000373e-01,0.000000000000000000e+00,-2.070649999999999158e-01,0.000000000000000000e+00,0.000000000000000000e+00,5.824224999999999541e-01,-3.222625000000000073e-01,0.000000000000000000e+00,-2.618999999999999106e-02,0.000000000000000000e+00,-5.292892146895457339e-02,-3.568200000000000260e-01,1.640058749999999954e-01,0.000000000000000000e+00,6.529350000000000431e-01,0.000000000000000000e+00,0.000000000000000000e+00,0.000000000000000000e+00,2.568199999999999372e-01,-1.641053842049092770e-01,0.000000000000000000e+00,4.842474999999999419e-01,0.000000000000000000e+00,0.000000000000000000e+00,0.000000000000000000e+00
1.050000,2.830023414089701816e-01,-7.222222222222223625e-03,7.481944489619500871e-01,9.995529046632624093e-01,-1.071811826673172422e-04,-2.968081387798914700e-02,-3.609512289681824585e-03,-3.601975308641977014e-01,0.000000000000000000e+00,0.000000000000000000e+00,7.637113402061856959e-01,-3.829629629629630050e-01,0.000000000000000000e+00,-1.985185185185183443e-01,0.000000000000000000e+00,0.000000000000000000e+00,5.718518518518518334e-01,-3.188888888888888884e-01,0.000000000000000000e+00,-2.888888888888889450e-02,0.000000000000000000e+00,-5.298928679011995907e-02,-3.874074074074072005e-01,1.646666666666666556e-01,0.000000000000000000e+00,6.614814814814816701e-01,0.000000000000000000e+00,0.000000000000000000e+00,0.000000000000000000e+00,2.874074074074073337e-01,-1.637622040396853884e-01,0.000000000000000000e+00,4.759259259259258634e-01,0.000000000000000000e+00,0.000000000000000000e+00,0.000000000000000000e+00
1.060000,2.860914663528613122e-01,-7.880277777777777715e-03,7.483041248878760099e-01,9.995507766552182982e-01,-1.170645308474904797e-04,-2.971060877573546838e-02,-3.938389267302762863e-03,-3.686115987654322024e-01,0.000000000000000000e+00,0.000000000000000000e+00,7.743771821305842629e-01,-3.860734259259259171e-01,0.000000000000000000e+00,-1.901831481481480179e-01,0.000000000000000000e+00,0.000000000000000000e+00,5.615423148148146471e-01,-3.155986111111110937e-01,0.000000000000000000e+00,-3.152111111111111086e-02,0.000000000000000000e+00,-5.305203306366629984e-02,-4.172392592592591987e-01,1.653391250000000035e-01,0.000000000000000000e+00,6.698168518518519132e-01,0.000000000000000000e+00,0.000000000000000000e+00,0.000000000000000000e+00,3.172392592592591098e-01,-1.634301349855725727e-01,0.000000000000000000e+00,4.678099074074073549e-01,0.000000000000000000e+00,0.000000000000000000e+00,0.000000000000000000e+00
1.070000,2.891631687876839996e-01,-8.519999999999999796e-03,7.484107452582462461e-01,9.995486203392598412e-01,-1.266889039795605768e-04,-2.973899943946372443e-02,-4.258102880792356305e-03,-3.769560000000000688e-01,0.000000000000000000e+00,0.000000000000000000e+00,7.850325773195877543e-01,-3.891799999999999704e-01,0.000000000000000000e+00,-1.820799999999999086e-01,0.000000000000000000e+00,0.000000000000000000e+00,5.515199999999998992e-01,-3.124000000000000110e-01,0.000000000000000000e+00,-3.407999999999999918e-02,0.000000000000000000e+00,-5.311738841499702435e-02,-4.462399999999997480e-01,1.660229999999999762e-01,0.000000000000000000e+00,6.779200000000000781e-01,0.000000000000000000e+00,0.000000000000000000e+00,0.000000000000000000e+00,3.462399999999998812e-01,-1.631097545357524103e-01,0.000000000000000000e+00,4.599199999999999400e-01,0.000000000000000000e+00,0.000000000000000000e+00,0.000000000000000000e+00
1.080000,2.922161552366279169e-01,-9.139722222222219222e-03,7.485140322952833491e-01,9.995464488456304863e-01,-1.360273067725234443e-04,-2.976597243312228622e-02,-4.567820242929955012e-03,-3.852173641975309426e-01,0.000000000000000000e+00,0.000000000000000000e+00,7.956643298969073852e-01,-3.922787962962963060e-01,0.000000000000000000e+00,-1.742301851851850714e-01,0.000000000000000000e+00,0.000000000000000000e+00,5.418110185185185390e-01,-3.093013888888889174e-01,0.000000000000000000e+00,-3.655888888888887689e-02,0.000000000000000000e+00,-5.318558096951558206e-02,-4.743340740740737971e-01,1.667180416666666498e-01,0.000000000000000000e+00,6.857698148148149153e-01,0.000000000000000000e+00,0.000000000000000000e+00,0.000000000000000000e+00,3.743340740740739303e-01,-1.628016401834064542e-01,0.000000000000000000e+00,4.522767592592591424e-01,0.000000000000000000e+00,0.000000000000000000e+00,0.000000000000000000e+00
1.090000,2.952491322228827930e-01,-9.737777777777775756e-03,7.486137082212093175e-01,9.995442760485185874e-01,-1.450527193887585036e-04,-2.979151434479331700e-02,-4.866708476524455283e-03,-3.933823209876543547e-01,0.000000000000000000e+00,0.000000000000000000e+00,8.062592439862543703e-01,-3.953659259259259540e-01,0.000000000000000000e+00,-1.666548148148147002e-01,0.000000000000000000e+00,0.000000000000000000e+00,5.324414814814815156e-01,-3.063111111111110896e-01,0.000000000000000000e+00,-3.895111111111110302e-02,0.000000000000000000e+00,-5.325683885262540163e-02,-5.014459259259256285e-01,1.674240000000000173e-01,0.000000000000000000e+00,6.933451851851852865e-01,0.000000000000000000e+00,0.000000000000000000e+00,0.000000000000000000e+00,4.014459259259257617e-01,-1.625063694217162569e-01,0.000000000000000000e+00,4.449007407407405967e-01,0.000000000000000000e+00,0.000000000000000000e+00,0.000000000000000000e+00
1.100000,2.982608062696381901e-01,-1.031250000000000222e-02,7.487094952582462604e-01,9.995421164790920798e-01,-1.537381107377261153e-04,-2.981561178401585105e-02,-5.153934713916051916e-03,-4.014375000000001137e-01,0.000000000000000000e+00,0.000000000000000000e+00,8.168041237113403685e-01,-3.984375000000000555e-01,0.000000000000000000e+00,-1.593749999999998779e-01,0.000000000000000000e+00,0.000000000000000000e+00,5.234374999999998890e-01,-3.034374999999999711e-01,0.000000000000000000e+00,-4.125000000000000888e-02,0.000000000000000000e+00,-5.333139018972993251e-02,-5.274999999999996358e-01,1.681406249999999880e-01,0.000000000000000000e+00,7.006250000000000533e-01,0.000000000000000000e+00,0.000000000000000000e+00,0.000000000000000000e+00,4.274999999999997691e-01,-1.622245197438633990e-01,0.000000000000000000e+00,4.378124999999998268e-01,0.000000000000000000e+00,0.000000000000000000e+00,0.000000000000000000e+00
1.110000,3.012498839000837259e-01,-1.086222222222222103e-02,7.488011156286167314e-01,9.995399852315928202e-01,-1.620564519943616384e-04,-2.983825137887001835e-02,-5.428666096292632248e-03,-4.093695308641976949e-01,0.000000000000000000e+00,0.000000000000000000e+00,8.272857731958762617e-01,-4.014896296296296407e-01,0.000000000000000000e+00,-1.524118518518517429e-01,0.000000000000000000e+00,0.000000000000000000e+00,5.148251851851850525e-01,-3.006888888888888944e-01,0.000000000000000000e+00,-4.344888888888888412e-02,0.000000000000000000e+00,-5.340946310623259641e-02,-5.524207407407404347e-01,1.688676666666666659e-01,0.000000000000000000e+00,7.075881481481480773e-01,0.000000000000000000e+00,0.000000000000000000e+00,0.000000000000000000e+00,4.524207407407405679e-01,-1.619566686430293778e-01,0.000000000000000000e+00,4.310325925925925228e-01,0.000000000000000000e+00,0.000000000000000000e+00,0.000000000000000000e+00
1.120000,3.042150716374091846e-01,-1.138527777777777195e-02,7.488882915545426178e-01,9.995378978624882560e-01,-1.699807303420414510e-04,-2.985941977282363657e-02,-5.690069772817554598e-03,-4.171650432098766847e-01,0.000000000000000000e+00,0.000000000000000000e+00,8.376909965635741528e-01,-4.045184259259259618e-01,0.000000000000000000e+00,-1.457864814814814336e-01,0.000000000000000000e+00,0.000000000000000000e+00,5.066306481481480661e-01,-2.980736111111111364e-01,0.000000000000000000e+00,-4.554111111111108778e-02,0.000000000000000000e+00,-5.349128572753684280e-02,-5.761325925925921965e-01,1.696048750000000160e-01,0.000000000000000000e+00,7.142135185185186641e-01,0.000000000000000000e+00,0.000000000000000000e+00,0.000000000000000000e+00,4.761325925925923297e-01,-1.617033936123957460e-01,0.000000000000000000e+00,4.245815740740739863e-01,0.000000000000000000e+00,0.000000000000000000e+00,0.000000000000000000e+00
1.130000,3.071550760048041839e-01,-1.187999999999999473e-02,7.489707452582463620e-01,9.995358702826830921e-01,-1.774839629400716827e-04,-2.987910362134287359e-02,-5.937312899567866523e-03,-4.248106666666667808e-01,0.000000000000000000e+00,0.000000000000000000e+00,8.480065979381445906e-01,-4.075200000000000489e-01,0.000000000000000000e+00,-1.395199999999999774e-01,0.000000000000000000e+00,0.000000000000000000e+00,4.988800000000000456e-01,-2.956000000000000294e-01,0.000000000000000000e+00,-4.751999999999997892e-02,0.000000000000000000e+00,-5.357708617904611420e-02,-5.985599999999995369e-01,1.703520000000000034e-01,0.000000000000000000e+00,7.204800000000000093e-01,0.000000000000000000e+00,0.000000000000000000e+00,0.000000000000000000e+00,4.985599999999996701e-01,-1.614652721451440842e-01,0.000000000000000000e+00,4.184799999999999076e-01,0.000000000000000000e+00,0.000000000000000000e+00,0.000000000000000000e+00
1.140000,3.100686035254582862e-01,-1.234472222222221527e-02,7.490481989619500736e-01,9.995339186427877332e-01,-1.845392111157296915e-04,-2.989728958826893060e-02,-6.169562638284427011e-03,-4.322930308641976804e-01,0.000000000000000000e+00,0.000000000000000000e+00,8.582193814432990120e-01,-4.104904629629629875e-01,0.000000000000000000e+00,-1.336335185185184571e-01,0.000000000000000000e+00,0.000000000000000000e+00,4.915993518518517735e-01,-2.932763888888888504e-01,0.000000000000000000e+00,-4.937888888888886108e-02,0.000000000000000000e+00,-5.366709258616383232e-02,-6.196274074074072935e-01,1.711087916666666764e-01,0.000000000000000000e+00,7.263664814814815296e-01,0.000000000000000000e+00,0.000000000000000000e+00,0.000000000000000000e+00,5.196274074074076488e-01,-1.612428817344559173e-01,0.000000000000000000e+00,4.127484259259258104e-01,0.000000000000000000e+00,0.000000000000000000e+00,0.000000000000000000e+00
1.150000,3.129543607225612756e-01,-1.277777777777777679e-02,7.491203748878758617e-01,9.995320592114478320e-01,-1.911195947809781154e-04,-2.991396434196325060e-02,-6.385986154938073402e-03,-4.395987654320988591e-01,0.000000000000000000e+00,0.000000000000000000e+00,8.683161512027492979e-01,-4.134259259259259744e-01,0.000000000000000000e+00,-1.281481481481480111e-01,0.000000000000000000e+00,0.000000000000000000e+00,4.848148148148146985e-01,-2.911111111111110983e-01,0.000000000000000000e+00,-5.111111111111110716e-02,0.000000000000000000e+00,-5.376153307429344663e-02,-6.392592592592589718e-01,1.718750000000000000e-01,0.000000000000000000e+00,7.318518518518520866e-01,0.000000000000000000e+00,0.000000000000000000e+00,0.000000000000000000e+00,5.392592592592588829e-01,-1.610367998735127704e-01,0.000000000000000000e+00,4.074074074074072738e-01,0.000000000000000000e+00,0.000000000000000000e+00,0.000000000000000000e+00
1.160000,3.158110541193026588e-01,-1.317749999999998783e-02,7.491869952582463910e-01,9.995303082467301703e-01,-1.971983070740561969e-04,-2.992911455122382325e-02,-6.585750618118601900e-03,-4.467145000000000143e-01,0.000000000000000000e+00,0.000000000000000000e+00,8.782837113402061080e-01,-4.163224999999999842e-01,0.000000000000000000e+00,-1.230849999999998889e-01,0.000000000000000000e+00,0.000000000000000000e+00,4.785525000000001583e-01,-2.891125000000000500e-01,0.000000000000000000e+00,-5.270999999999995134e-02,0.000000000000000000e+00,-5.386063576883838577e-02,-6.573799999999991872e-01,1.726503749999999948e-01,0.000000000000000000e+00,7.369150000000000977e-01,0.000000000000000000e+00,0.000000000000000000e+00,0.000000000000000000e+00,5.573799999999995425e-01,-1.608476040554962794e-01,0.000000000000000000e+00,4.024774999999999880e-01,0.000000000000000000e+00,0.000000000000000000e+00,0.000000000000000000e+00
1.170000,3.186373902388722201e-01,-1.354222222222221245e-02,7.492477822952833266e-01,9.995286818605687573e-01,-2.027486292262590324e-04,-2.994272688097599985e-02,-6.768023197256451372e-03,-4.536268641975308435e-01,0.000000000000000000e+00,0.000000000000000000e+00,8.881088659793814344e-01,-4.191762962962963246e-01,0.000000000000000000e+00,-1.184651851851851179e-01,0.000000000000000000e+00,0.000000000000000000e+00,4.728385185185184358e-01,-2.872888888888889269e-01,0.000000000000000000e+00,-5.416888888888884979e-02,0.000000000000000000e+00,-5.396462879520209921e-02,-6.739140740740734437e-01,1.734346666666666537e-01,0.000000000000000000e+00,7.415348148148148688e-01,0.000000000000000000e+00,0.000000000000000000e+00,0.000000000000000000e+00,5.739140740740733548e-01,-1.606758717735879138e-01,0.000000000000000000e+00,3.979792592592591993e-01,0.000000000000000000e+00,0.000000000000000000e+00,0.000000000000000000e+00
1.180000,3.214320756044595773e-01,-1.387027777777777304e-02,7.493024582212092222e-01,9.995271958762684816e-01,-2.077439456543051129e-04,-2.995478798774103141e-02,-6.931971060689807659e-03,-4.603224876543209887e-01,0.000000000000000000e+00,0.000000000000000000e+00,8.977784192439862698e-01,-4.219834259259259701e-01,0.000000000000000000e+00,-1.143098148148147253e-01,0.000000000000000000e+00,0.000000000000000000e+00,4.676989814814813684e-01,-2.856486111111111170e-01,0.000000000000000000e+00,-5.548111111111109217e-02,0.000000000000000000e+00,-5.407374027878800865e-02,-6.887859259259254685e-01,1.742276249999999971e-01,0.000000000000000000e+00,7.456901851851852614e-01,0.000000000000000000e+00,0.000000000000000000e+00,0.000000000000000000e+00,5.887859259259258238e-01,-1.605221805209692265e-01,0.000000000000000000e+00,3.939332407407406533e-01,0.000000000000000000e+00,0.000000000000000000e+00,0.000000000000000000e+00
1.190000,3.241938167392543479e-01,-1.415999999999998510e-02,7.493507452582462980e-01,9.995258656790670937e-01,-2.121577592788118159e-04,-2.996528451488665937e-02,-7.076761373593372373e-03,-4.667879999999999252e-01,0.000000000000000000e+00,0.000000000000000000e+00,9.072791752577319402e-01,-4.247400000000000064e-01,0.000000000000000000e+00,-1.106399999999999606e-01,0.000000000000000000e+00,0.000000000000000000e+00,4.631600000000000161e-01,-2.842000000000000082e-01,0.000000000000000000e+00,-5.663999999999994039e-02,0.000000000000000000e+00,-5.418819834499957050e-02,-7.019199999999994333e-01,1.750289999999999901e-01,0.000000000000000000e+00,7.493599999999999151e-01,0.000000000000000000e+00,0.000000000000000000e+00,0.000000000000000000e+00,6.019199999999993445e-01,-1.603871077908217702e-01,0.000000000000000000e+00,3.903599999999999293e-01,0.000000000000000000e+00,0.000000000000000000e+00,0.000000000000000000e+00
1.200000,3.269213201664463164e-01,-1.440972222222221266e-02,7.493923656286166635e-01,9.995247060597550748e-01,-2.159637070694999338e-04,-2.997420308766379077e-02,-7.201561295788275370e-03,-4.730100308641975726e-01,0.000000000000000000e+00,0.000000000000000000e+00,9.165979381443298823e-01,-4.274421296296296857e-01,0.000000000000000000e+00,-1.074768518518518512e-01,0.000000000000000000e+00,0.000000000000000000e+00,4.592476851851851061e-01,-2.829513888888888773e-01,0.000000000000000000e+00,-5.763888888888885065e-02,0.000000000000000000e+00,-5.430823111924021340e-02,-7.132407407407401756e-01,1.758385416666666812e-01,0.000000000000000000e+00,7.525231481481481355e-01,0.000000000000000000e+00,0.000000000000000000e+00,0.000000000000000000e+00,6.132407407407400868e-01,-1.602712310763271253e-01,0.000000000000000000e+00,3.872800925925924398e-01,0.000000000000000000e+00,0.000000000000000000e+00,0.000000000000000000e+00
1.210000,3.296132924092249894e-01,-1.461777777777776427e-02,7.494270415545426500e-01,9.995237310513536144e-01,-2.191355758178658230e-04,-2.998153030803422936e-02,-7.305537979456161110e-03,-4.789752098765432398e-01,0.000000000000000000e+00,0.000000000000000000e+00,9.257215120274915332e-01,-4.300859259259258716e-01,0.000000000000000000e+00,-1.048414814814814244e-01,0.000000000000000000e+00,0.000000000000000000e+00,4.559881481481481424e-01,-2.819111111111111123e-01,0.000000000000000000e+00,-5.847111111111105708e-02,0.000000000000000000e+00,-5.443406672691338682e-02,-7.226725925925920890e-01,1.766560000000000075e-01,0.000000000000000000e+00,7.551585185185185622e-01,0.000000000000000000e+00,0.000000000000000000e+00,0.000000000000000000e+00,6.226725925925920002e-01,-1.601751278706668169e-01,0.000000000000000000e+00,3.847140740740739862e-01,0.000000000000000000e+00,0.000000000000000000e+00,0.000000000000000000e+00
1.220000,3.322684399907799846e-01,-1.478249999999999009e-02,7.494544952582462560e-01,9.995229537588486979e-01,-2.216473181381848777e-04,-2.998725274929459408e-02,-7.387858566784422966e-03,-4.846701666666666797e-01,0.000000000000000000e+00,0.000000000000000000e+00,9.346367010309279966e-01,-4.326675000000000382e-01,0.000000000000000000e+00,-1.027550000000000407e-01,0.000000000000000000e+00,0.000000000000000000e+00,4.534074999999999633e-01,-2.810874999999999901e-01,0.000000000000000000e+00,-5.912999999999996037e-02,0.000000000000000000e+00,-5.456593329342251247e-02,-7.301399999999991230e-01,1.774811249999999896e-01,0.000000000000000000e+00,7.572450000000000570e-01,0.000000000000000000e+00,0.000000000000000000e+00,0.000000000000000000e+00,6.301399999999994783e-01,-1.600993756670224255e-01,0.000000000000000000e+00,3.826824999999999255e-01,0.000000000000000000e+00,0.000000000000000000e+00,0.000000000000000000e+00
1.230000,3.348854694343010308e-01,-1.490222222222221254e-02,7.494744489619500349e-01,9.995223861819829692e-01,-2.234730686978234104e-04,-2.999135695050208703e-02,-7.447690187573165199e-03,-4.900815308641975343e-01,0.000000000000000000e+00,0.000000000000000000e+00,9.433303092783505983e-01,-4.351829629629630491e-01,0.000000000000000000e+00,-1.012385185185185055e-01,0.000000000000000000e+00,0.000000000000000000e+00,4.515318518518519619e-01,-2.804888888888889542e-01,0.000000000000000000e+00,-5.960888888888885018e-02,0.000000000000000000e+00,-5.470405894417102594e-02,-7.355674074074065594e-01,1.783136666666666759e-01,0.000000000000000000e+00,7.587614814814815922e-01,0.000000000000000000e+00,0.000000000000000000e+00,0.000000000000000000e+00,6.355674074074069146e-01,-1.600445519585754484e-01,0.000000000000000000e+00,3.812059259259258370e-01,0.000000000000000000e+00,0.000000000000000000e+00,0.000000000000000000e+00
1.240000,3.374630872629778566e-01,-1.497527777777776098e-02,7.494866248878758741e-01,9.995220390311034819e-01,-2.245871606779726323e-04,-2.999382941070821360e-02,-7.484199956838817787e-03,-4.951959320987654456e-01,0.000000000000000000e+00,0.000000000000000000e+00,9.517891408934708863e-01,-4.376284259259258791e-01,0.000000000000000000e+00,-1.003131481481480680e-01,0.000000000000000000e+00,0.000000000000000000e+00,4.503873148148148653e-01,-2.801236111111111704e-01,0.000000000000000000e+00,-5.990111111111104392e-02,0.000000000000000000e+00,-5.484867180456237667e-02,-7.388792592592587916e-01,1.791533750000000036e-01,0.000000000000000000e+00,7.596868518518518076e-01,0.000000000000000000e+00,0.000000000000000000e+00,0.000000000000000000e+00,6.388792592592591468e-01,-1.600112342385074382e-01,0.000000000000000000e+00,3.803049074074072999e-01,0.000000000000000000e+00,0.000000000000000000e+00,0.000000000000000000e+00
1.250000,3.400000000000000244e-01,-1.499999999999999944e-02,7.494907452582463270e-01,9.995219215360647835e-01,-2.249641424660411848e-04,-2.999465658300694282e-02,-7.496554972453323487e-03,-5.000000000000000000e-01,0.000000000000000000e+00,0.000000000000000000e+00,9.599999999999999645e-01,-4.400000000000000022e-01,0.000000000000000000e+00,-1.000000000000000056e-01,0.000000000000000000e+00,0.000000000000000000e+00,4.500000000000000111e-01,-2.800000000000000266e-01,0.000000000000000000e+00,-5.999999999999999778e-02,0.000000000000000000e+00,-5.500000000000000028e-02,-7.399999999999999911e-01,1.799999999999999933e-01,0.000000000000000000e+00,7.600000000000000089e-01,0.000000000000000000e+00,0.000000000000000000e+00,0.000000000000000000e+00,6.400000000000000133e-01,-1.600000000000000033e-01,0.000000000000000000e+00,3.800000000000000044e-01,0.000000000000000000e+00,0.000000000000000000e+00,0.000000000000000000e+00
1.260000,3.424973596611500248e-01,-1.498763888888888715e-02,7.494042174804684819e-01,9.995220407054176137e-01,-2.248767548476404688e-04,-2.999119741496098987e-02,-7.494508131922743982e-03,-5.046722160493827269e-01,4.120370370370377288e-05,0.000000000000000000e+00,9.682190998472699484e-01,-4.423715740740740698e-01,0.000000000000000000e+00,-1.005109259259259341e-01,-4.120370370370377288e-05,0.000000000000000000e+00,4.508240740740740993e-01,-2.802472222222222586e-01,0.000000000000000000e+00,-5.995055555555554860e-02,0.000000000000000000e+00,-5.520321097883598011e-02,-7.396786111111111062e-01,1.809619953703703599e-01,0.000000000000000000e+00,7.599897275074443126e-01,0.000000000000000000e+00,0.000000000000000000e+00,0.000000000000000000e+00,6.395608582811466158e-01,-1.601565740740740762e-01,0.000000000000000000e+00,3.802801851851851933e-01,0.000000000000000000e+00,0.000000000000000000e+00,0.000000000000000000e+00
1.270000,3.449580582070904677e-01,-1.495111111111111120e-02,7.491485230360241943e-01,9.995223967448197966e-01,-2.246149534230460669e-04,-2.998086622503448248e-02,-7.488365242851513504e-03,-5.093969876543209541e-01,1.629629629629632509e-04,0.000000000000000000e+00,9.767022833142420257e-01,-4.448170370370370663e-01,0.000000000000000000e+00,-1.020207407407407590e-01,-1.629629629629632509e-04,0.000000000000000000e+00,4.532592592592593062e-01,-2.809777777777778263e-01,0.000000000000000000e+00,-5.980444444444444480e-02,0.000000000000000000e+00,-5.550108465608465796e-02,-7.387288888888888794e-01,1.821426296296296266e-01,0.000000000000000000e+00,7.599588531742819120e-01,0.000000000000000000e+00,0.000000000000000000e+00,0.000000000000000000e+00,6.382545613767119930e-01,-1.606192592592592672e-01,0.000000000000000000e+00,3.811081481481481403e-01,0.000000000000000000e+00,0.000000000000000000e+00,0.000000000000000000e+00
1.280000,3.473834120783314550e-01,-1.489124999999999997e-02,7.487294952582462804e-01,9.995229873092705830e-01,-2.241794059261089929e-04,-2.996373247934596903e-02,-7.478122749191390591e-03,-5.141698333333333260e-01,3.625000000000006255e-04,0.000000000000000000e+00,9.854357989690720743e-01,-4.473325000000000218e-01,0.000000000000000000e+00,-1.044950000000000045e-01,-3.625000000000006255e-04,0.000000000000000000e+00,4.572499999999999898e-01,-2.821750000000000647e-01,0.000000000000000000e+00,-5.956499999999999989e-02,0.000000000000000000e+00,-5.589026785714285711e-02,-7.371725000000000083e-01,1.835338749999999852e-01,0.000000000000000000e+00,7.599072917172698949e-01,0.000000000000000000e+00,0.000000000000000000e+00,0.000000000000000000e+00,6.360978016648846101e-01,-1.613775000000000071e-01,0.000000000000000000e+00,3.824649999999999994e-01,0.000000000000000000e+00,0.000000000000000000e+00,0.000000000000000000e+00
1.290000,3.497747377153828663e-01,-1.480888888888888706e-02,7.481529674804685559e-01,9.995238098680940819e-01,-2.235709454556219437e-04,-2.993986563722190672e-02,-7.463777088558443996e-03,-5.189862716049382652e-01,6.370370370370381698e-04,0.000000000000000000e+00,9.944058953799160827e-01,-4.499140740740741329e-01,0.000000000000000000e+00,-1.078992592592592781e-01,-6.370370370370381698e-04,0.000000000000000000e+00,4.627407407407407858e-01,-2.838222222222222535e-01,0.000000000000000000e+00,-5.923555555555554825e-02,0.000000000000000000e+00,-5.636740740740740774e-02,-7.350311111111110796e-01,1.851277037037037110e-01,0.000000000000000000e+00,7.598349578531652382e-01,0.000000000000000000e+00,0.000000000000000000e+00,0.000000000000000000e+00,6.331072715238531545e-01,-1.624207407407407544e-01,0.000000000000000000e+00,3.843318518518518689e-01,0.000000000000000000e+00,0.000000000000000000e+00,0.000000000000000000e+00
1.300000,3.521333515587548035e-01,-1.470486111111110952e-02,7.474247730360240594e-01,9.995248617094977250e-01,-2.227905678644488772e-04,-2.990933515137724971e-02,-7.445324692369153889e-03,-5.238418209876544163e-01,9.837962962962979330e-04,0.000000000000000000e+00,1.003598821114929374e+00,-4.525578703703703742e-01,0.000000000000000000e+00,-1.121990740740741038e-01,-9.837962962962979330e-04,0.000000000000000000e+00,4.696759259259259967e-01,-2.859027777777778390e-01,0.000000000000000000e+00,-5.881944444444443809e-02,0.000000000000000000e+00,-5.692915013227513310e-02,-7.323263888888887907e-01,1.869160879629629401e-01,0.000000000000000000e+00,7.597417662987252518e-01,0.000000000000000000e+00,0.000000000000000000e+00,0.000000000000000000e+00,6.292996633318058697e-01,-1.637384259259259400e-01,0.000000000000000000e+00,3.866898148148147918e-01,0.000000000000000000e+00,0.000000000000000000e+00,0.000000000000000000e+00
1.310000,3.544605700489571465e-01,-1.457999999999999921e-02,7.465507452582463843e-01,9.995261399450824369e-01,-2.218394291440622338e-04,-2.987221046810362851e-02,-7.422761985985079115e-03,-5.287319999999999798e-01,1.400000000000002371e-03,0.000000000000000000e+00,1.013000824742267936e+00,-4.552600000000000535e-01,0.000000000000000000e+00,-1.173600000000000337e-01,-1.400000000000002371e-03,0.000000000000000000e+00,4.780000000000000360e-01,-2.884000000000000452e-01,0.000000000000000000e+00,-5.831999999999999684e-02,0.000000000000000000e+00,-5.757214285714286339e-02,-7.290799999999999503e-01,1.888909999999999756e-01,0.000000000000000000e+00,7.596276317707069126e-01,0.000000000000000000e+00,0.000000000000000000e+00,0.000000000000000000e+00,6.246916694669314429e-01,-1.653200000000000225e-01,0.000000000000000000e+00,3.895199999999999774e-01,0.000000000000000000e+00,0.000000000000000000e+00,0.000000000000000000e+00
1.320000,3.567577096264999414e-01,-1.443513888888888798e-02,7.455367174804685693e-01,9.995276415143024007e-01,-2.207188428044709984e-04,-2.982856102746455143e-02,-7.396085388865683737e-03,-5.336523271604939334e-01,1.882870370370373289e-03,0.000000000000000000e+00,1.022598154830087758e+00,-4.580165740740740898e-01,0.000000000000000000e+00,-1.233475925925926336e-01,-1.882870370370373289e-03,0.000000000000000000e+00,4.876574074074074838e-01,-2.912972222222222629e-01,0.000000000000000000e+00,-5.774055555555555191e-02,0.000000000000000000e+00,-5.829303240740740799e-02,-7.253136111111111450e-01,1.910444120370370646e-01,0.000000000000000000e+00,7.594924689858670863e-01,0.000000000000000000e+00,0.000000000000000000e+00,0.000000000000000000e+00,6.192999823074181176e-01,-1.671549074074074048e-01,0.000000000000000000e+00,3.928035185185185241e-01,0.000000000000000000e+00,0.000000000000000000e+00,0.000000000000000000e+00
1.330000,3.590260867318932347e-01,-1.427111111111111115e-02,7.443885230360240968e-01,9.995293631888788610e-01,-2.194302772495222817e-04,-2.977845626349738192e-02,-7.365291314728981964e-03,-5.385983209876543665e-01,2.429629629629633577e-03,0.000000000000000000e+00,1.032377059946544495e+00,-4.608237037037036798e-01,0.000000000000000000e+00,-1.301274074074074694e-01,-2.429629629629633577e-03,0.000000000000000000e+00,4.985925925925926427e-01,-2.945777777777778272e-01,0.000000000000000000e+00,-5.708444444444444460e-02,0.000000000000000000e+00,-5.908846560846561791e-02,-7.210488888888888503e-01,1.933682962962962881e-01,0.000000000000000000e+00,7.593361926609631940e-01,0.000000000000000000e+00,0.000000000000000000e+00,0.000000000000000000e+00,6.131412942314545811e-01,-1.692325925925926289e-01,0.000000000000000000e+00,3.965214814814814748e-01,0.000000000000000000e+00,0.000000000000000000e+00,0.000000000000000000e+00
1.340000,3.612670178056469061e-01,-1.408874999999999884e-02,7.431119952582463384e-01,9.995313015771623011e-01,-2.179753531475590736e-04,-2.972196560442153662e-02,-7.330376171719605108e-03,-5.435655000000001458e-01,3.037500000000005040e-03,0.000000000000000000e+00,1.042323788659794026e+00,-4.636775000000000202e-01,0.000000000000000000e+00,-1.376650000000000651e-01,-3.037500000000005040e-03,0.000000000000000000e+00,5.107500000000000373e-01,-2.982250000000000734e-01,0.000000000000000000e+00,-5.635499999999999537e-02,0.000000000000000000e+00,-5.995508928571429558e-02,-7.163074999999999859e-01,1.958546250000000322e-01,0.000000000000000000e+00,7.591587175127519904e-01,0.000000000000000000e+00,0.000000000000000000e+00,0.000000000000000000e+00,6.062322976172291877e-01,-1.715425000000000422e-01,0.000000000000000000e+00,4.006550000000000389e-01,0.000000000000000000e+00,0.000000000000000000e+00,0.000000000000000000e+00
1.350000,3.634818192882709464e-01,-1.388888888888888812e-02,7.417129674804685546e-01,9.995334531284484347e-01,-2.163558407974166869e-04,-2.965915847285260920e-02,-7.291336362583972219e-03,-5.485493827160494718e-01,3.703703703703709483e-03,0.000000000000000000e+00,1.052424589537991562e+00,-4.665740740740740855e-01,0.000000000000000000e+00,-1.459259259259260144e-01,-3.703703703703709483e-03,0.000000000000000000e+00,5.240740740740741366e-01,-3.022222222222222809e-01,0.000000000000000000e+00,-5.555555555555555247e-02,0.000000000000000000e+00,-6.088955026455027814e-02,-7.111111111111110272e-01,1.984953703703704053e-01,0.000000000000000000e+00,7.589599582579907855e-01,0.000000000000000000e+00,0.000000000000000000e+00,0.000000000000000000e+00,5.985896848429306250e-01,-1.740740740740740755e-01,0.000000000000000000e+00,4.051851851851852038e-01,0.000000000000000000e+00,0.000000000000000000e+00,0.000000000000000000e+00
1.360000,3.656718076202754020e-01,-1.367236111111110909e-02,7.401972730360241171e-01,9.995358141372436833e-01,-2.145736574897392417e-04,-2.959010428602199677e-02,-7.248168284852159367e-03,-5.535454876543209890e-01,4.425462962962969579e-03,0.000000000000000000e+00,1.062665711149293646e+00,-4.695095370370370724e-01,0.000000000000000000e+00,-1.548757407407408415e-01,-4.425462962962969579e-03,0.000000000000000000e+00,5.385092592592594096e-01,-3.065527777777778407e-01,0.000000000000000000e+00,-5.468944444444443637e-02,0.000000000000000000e+00,-6.188849537037038190e-02,-7.054813888888887830e-01,2.012825046296296549e-01,0.000000000000000000e+00,7.587398296134365561e-01,0.000000000000000000e+00,0.000000000000000000e+00,0.000000000000000000e+00,5.902301482867470250e-01,-1.768167592592592985e-01,0.000000000000000000e+00,4.100931481481481788e-01,0.000000000000000000e+00,0.000000000000000000e+00,0.000000000000000000e+00
1.370000,3.678382992421702635e-01,-1.343999999999999709e-02,7.385707452582462862e-01,9.995383807474831350e-01,-2.126308648635985186e-04,-2.951487245600158821e-02,-7.200868331026161369e-03,-5.585493333333334531e-01,5.200000000000008435e-03,0.000000000000000000e+00,1.073033402061855712e+00,-4.724800000000000111e-01,0.000000000000000000e+00,-1.644800000000000983e-01,-5.200000000000008435e-03,0.000000000000000000e+00,5.540000000000001590e-01,-3.112000000000000322e-01,0.000000000000000000e+00,-5.375999999999998835e-02,0.000000000000000000e+00,-6.294857142857143706e-02,-6.994399999999999507e-01,2.042080000000000284e-01,0.000000000000000000e+00,7.584982462958465010e-01,0.000000000000000000e+00,0.000000000000000000e+00,0.000000000000000000e+00,5.811703803268671864e-01,-1.797600000000000031e-01,0.000000000000000000e+00,4.153600000000000625e-01,0.000000000000000000e+00,0.000000000000000000e+00,0.000000000000000000e+00
1.380000,3.699826105944655219e-01,-1.319263888888888570e-02,7.368392174804684336e-01,9.995411489566997654e-01,-2.105296662583972108e-04,-2.943353238993331664e-02,-7.149432888774165211e-03,-5.635564382716050646e-01,6.024537037037046988e-03,0.000000000000000000e+00,1.083513910843833417e+00,-4.754815740740740981e-01,0.000000000000000000e+00,-1.747042592592593646e-01,-6.024537037037046988e-03,0.000000000000000000e+00,5.704907407407409092e-01,-3.161472222222223016e-01,0.000000000000000000e+00,-5.277055555555554278e-02,0.000000000000000000e+00,-6.406642526455028075e-02,-6.930086111111110059e-01,2.072638287037037175e-01,0.000000000000000000e+00,7.582351230219775973e-01,0.000000000000000000e+00,0.000000000000000000e+00,0.000000000000000000e+00,5.714270733414794634e-01,-1.828932407407407590e-01,0.000000000000000000e+00,4.209668518518518976e-01,0.000000000000000000e+00,0.000000000000000000e+00,0.000000000000000000e+00
1.390000,3.721060581176711124e-01,-1.293111111111110850e-02,7.350085230360241528e-01,9.995441146201440308e-01,-2.082724040610368953e-04,-2.934615349026292730e-02,-7.093858341130513355e-03,-5.685623209876543571e-01,6.896296296296306610e-03,0.000000000000000000e+00,1.094093486063383081e+00,-4.785103703703704192e-01,0.000000000000000000e+00,-1.855140740740741923e-01,-6.896296296296306610e-03,0.000000000000000000e+00,5.879259259259261849e-01,-3.213777777777778177e-01,0.000000000000000000e+00,-5.172444444444443401e-02,0.000000000000000000e+00,-6.523870370370372929e-02,-6.862088888888887572e-01,2.104419629629629973e-01,0.000000000000000000e+00,7.579503745085868216e-01,0.000000000000000000e+00,0.000000000000000000e+00,0.000000000000000000e+00,5.610169197087723214e-01,-1.862059259259259691e-01,0.000000000000000000e+00,4.268948148148148936e-01,0.000000000000000000e+00,0.000000000000000000e+00,0.000000000000000000e+00
1.400000,3.742099582522969703e-01,-1.265624999999999563e-02,7.330844952582463714e-01,9.995472734548567217e-01,-2.058615570483340548e-04,-2.925280515497795039e-02,-7.034141066701021273e-03,-5.735625000000000862e-01,7.812500000000013878e-03,0.000000000000000000e+00,1.104758376288659916e+00,-4.815625000000000044e-01,0.000000000000000000e+00,-1.968750000000001887e-01,-7.812500000000013878e-03,0.000000000000000000e+00,6.062500000000001776e-01,-3.268750000000000822e-01,0.000000000000000000e+00,-5.062499999999998251e-02,0.000000000000000000e+00,-6.646205357142859205e-02,-6.790624999999999023e-01,2.137343750000000320e-01,0.000000000000000000e+00,7.576439154724313729e-01,0.000000000000000000e+00,0.000000000000000000e+00,0.000000000000000000e+00,5.499566118069343368e-01,-1.896875000000000366e-01,0.000000000000000000e+00,4.331250000000000933e-01,0.000000000000000000e+00,0.000000000000000000e+00,0.000000000000000000e+00
1.410000,3.762956274388532529e-01,-1.236888888888889280e-02,7.310729674804685718e-01,9.995506210436910788e-01,-2.032997377246637124e-04,-2.915355677784916416e-02,-6.970277439873291854e-03,-5.785524938271604523e-01,8.770370370370362406e-03,0.000000000000000000e+00,1.115494830087819578e+00,-4.846340740740740505e-01,0.000000000000000000e+00,-2.087525925925924897e-01,-8.770370370370362406e-03,0.000000000000000000e+00,6.254074074074073009e-01,-3.326222222222221525e-01,0.000000000000000000e+00,-4.947555555555557122e-02,0.000000000000000000e+00,-6.773312169312167841e-02,-6.715911111111111387e-01,2.171330370370369856e-01,0.000000000000000000e+00,7.573156606302683391e-01,0.000000000000000000e+00,0.000000000000000000e+00,0.000000000000000000e+00,5.382628420141541969e-01,-1.933274074074073645e-01,0.000000000000000000e+00,4.396385185185184286e-01,0.000000000000000000e+00,0.000000000000000000e+00,0.000000000000000000e+00
1.420000,3.783643821178498956e-01,-1.206986111111111454e-02,7.289797730360241257e-01,9.995541528392886121e-01,-2.005896896548140917e-04,-2.904847774867555174e-02,-6.902263831031738711e-03,-5.835278209876542110e-01,9.767129629629622140e-03,0.000000000000000000e+00,1.126289096029018610e+00,-4.877212037037036430e-01,0.000000000000000000e+00,-2.211124074074073131e-01,-9.767129629629622140e-03,0.000000000000000000e+00,6.453425925925924123e-01,-3.386027777777777525e-01,0.000000000000000000e+00,-4.827944444444445815e-02,0.000000000000000000e+00,-6.904855489417988101e-02,-6.638163888888889419e-01,2.206299212962962442e-01,0.000000000000000000e+00,7.569655246988548081e-01,0.000000000000000000e+00,0.000000000000000000e+00,0.000000000000000000e+00,5.259523027086199232e-01,-1.971150925925925501e-01,0.000000000000000000e+00,4.464164814814813864e-01,0.000000000000000000e+00,0.000000000000000000e+00,0.000000000000000000e+00
1.430000,3.804175387297968336e-01,-1.176000000000000309e-02,7.268107452582462935e-01,9.995578641680044063e-01,-1.977342847920324058e-04,-2.893763745353214803e-02,-6.830096606776961919e-03,-5.884840000000000071e-01,1.079999999999999363e-02,0.000000000000000000e+00,1.137127422680412225e+00,-4.908199999999999785e-01,0.000000000000000000e+00,-2.339199999999999058e-01,-1.079999999999999363e-02,0.000000000000000000e+00,6.659999999999998144e-01,-3.447999999999999399e-01,0.000000000000000000e+00,-4.704000000000001236e-02,0.000000000000000000e+00,-7.040499999999999536e-02,-6.557600000000000096e-01,2.242169999999999719e-01,0.000000000000000000e+00,7.565934223949477566e-01,0.000000000000000000e+00,0.000000000000000000e+00,0.000000000000000000e+00,5.130416862685200918e-01,-2.010399999999999410e-01,0.000000000000000000e+00,4.534399999999998987e-01,0.000000000000000000e+00,0.000000000000000000e+00,0.000000000000000000e+00
1.440000,3.824564137152040577e-01,-1.144013888888889205e-02,7.245717174804685579e-01,9.995617502337851290e-01,-1.947365208012440227e-04,-2.882110527502058581e-02,-6.753772130149174324e-03,-5.934165493827160409e-01,1.186620370370369652e-02,0.000000000000000000e+00,1.147996058610156522e+00,-4.939265740740740318e-01,0.000000000000000000e+00,-2.471409259259258473e-01,-1.186620370370369652e-02,0.000000000000000000e+00,6.873240740740739207e-01,-3.511972222222221607e-01,0.000000000000000000e+00,-4.576055555555556820e-02,0.000000000000000000e+00,-7.179910383597881696e-02,-6.474436111111111503e-01,2.278862453703703328e-01,0.000000000000000000e+00,7.561992684353043837e-01,0.000000000000000000e+00,0.000000000000000000e+00,0.000000000000000000e+00,4.995476850720432793e-01,-2.050915740740740512e-01,0.000000000000000000e+00,4.606901851851851193e-01,0.000000000000000000e+00,0.000000000000000000e+00,0.000000000000000000e+00
1.450000,3.844823235145816143e-01,-1.111111111111111500e-02,7.222685230360241793e-01,9.995658061219981905e-01,-1.915995183774270088e-04,-2.869895059252201147e-02,-6.673286760855367053e-03,-5.983209876543210681e-01,1.296296296296295565e-02,0.000000000000000000e+00,1.158881252386406935e+00,-4.970370370370369439e-01,0.000000000000000000e+00,-2.607407407407406619e-01,-1.296296296296295565e-02,0.000000000000000000e+00,7.092592592592591449e-01,-3.577777777777776946e-01,0.000000000000000000e+00,-4.444444444444446002e-02,0.000000000000000000e+00,-7.322751322751321068e-02,-6.388888888888889506e-01,2.316296296296296020e-01,0.000000000000000000e+00,7.557829775366816660e-01,0.000000000000000000e+00,0.000000000000000000e+00,0.000000000000000000e+00,4.854869914973780620e-01,-2.092592592592592282e-01,0.000000000000000000e+00,4.681481481481480911e-01,0.000000000000000000e+00,0.000000000000000000e+00,0.000000000000000000e+00
1.460000,3.864965845684394385e-01,-1.077375000000000208e-02,7.199069952582463072e-01,9.995700268032126079e-01,-1.883265185591236188e-04,-2.857124278245202348e-02,-6.588636855499900233e-03,-6.031928333333334002e-01,1.408749999999999586e-02,0.000000000000000000e+00,1.169769252577319341e+00,-5.001474999999999671e-01,0.000000000000000000e+00,-2.746849999999999570e-01,-1.408749999999999586e-02,0.000000000000000000e+00,7.317500000000000115e-01,-3.645249999999999879e-01,0.000000000000000000e+00,-4.309500000000000830e-02,0.000000000000000000e+00,-7.468687499999999979e-02,-6.301174999999999971e-01,2.354391249999999713e-01,0.000000000000000000e+00,7.553444644158368027e-01,0.000000000000000000e+00,0.000000000000000000e+00,0.000000000000000000e+00,4.708762979227127943e-01,-2.135324999999999585e-01,0.000000000000000000e+00,4.757949999999999124e-01,0.000000000000000000e+00,0.000000000000000000e+00,0.000000000000000000e+00
1.470000,3.885005133172875214e-01,-1.042888888888889032e-02,7.174929674804685353e-01,9.995744071369307981e-01,-1.849208800370704634e-04,-2.843805121851732468e-02,-6.499818767818203204e-03,-6.080276049382715708e-01,1.523703703703703678e-02,0.000000000000000000e+00,1.180646307751049839e+00,-5.032540740740739649e-01,0.000000000000000000e+00,-2.889392592592592846e-01,-1.523703703703703678e-02,0.000000000000000000e+00,7.547407407407407121e-01,-3.714222222222221537e-01,0.000000000000000000e+00,-4.171555555555556127e-02,0.000000000000000000e+00,-7.617383597883597979e-02,-6.211511111111110983e-01,2.393067037037036882e-01,0.000000000000000000e+00,7.548836437895267704e-01,0.000000000000000000e+00,0.000000000000000000e+00,0.000000000000000000e+00,4.557322967262360525e-01,-2.179007407407407282e-01,0.000000000000000000e+00,4.836118518518517928e-01,0.000000000000000000e+00,0.000000000000000000e+00,0.000000000000000000e+00
1.480000,3.904954262016358535e-01,-1.007736111111111332e-02,7.150322730360241241e-01,9.995789418752730748e-01,-1.813860764579307402e-04,-2.829944527197381793e-02,-6.406828848913330085e-03,-6.128208209876543355e-01,1.640879629629629285e-02,0.000000000000000000e+00,1.191498666475754087e+00,-5.063528703703702449e-01,0.000000000000000000e+00,-3.034690740740740855e-01,-1.640879629629629285e-02,0.000000000000000000e+00,7.781759259259257711e-01,-3.784527777777776936e-01,0.000000000000000000e+00,-4.030944444444445329e-02,0.000000000000000000e+00,-7.768504298941798780e-02,-6.120113888888889520e-01,2.432243379629629443e-01,0.000000000000000000e+00,7.544004303745086570e-01,0.000000000000000000e+00,0.000000000000000000e+00,0.000000000000000000e+00,4.400716802861362464e-01,-2.223534259259259127e-01,0.000000000000000000e+00,4.915798148148147750e-01,0.000000000000000000e+00,0.000000000000000000e+00,0.000000000000000000e+00
1.490000,3.924826396619945368e-01,-9.720000000000002943e-03,7.125307452582463341e-01,9.995836256666125186e-01,-1.777256937231101491e-04,-2.815549431188588483e-02,-6.309663447495022885e-03,-6.175679999999998948e-01,1.759999999999999759e-02,0.000000000000000000e+00,1.202312577319587739e+00,-5.094400000000000039e-01,0.000000000000000000e+00,-3.182399999999999674e-01,-1.759999999999999759e-02,0.000000000000000000e+00,8.020000000000000462e-01,-3.855999999999999428e-01,0.000000000000000000e+00,-3.888000000000001177e-02,0.000000000000000000e+00,-7.921714285714284709e-02,-6.027200000000000335e-01,2.471839999999999871e-01,0.000000000000000000e+00,7.538947388875394395e-01,0.000000000000000000e+00,0.000000000000000000e+00,0.000000000000000000e+00,4.239111409806018416e-01,-2.268799999999999983e-01,0.000000000000000000e+00,4.996799999999999020e-01,0.000000000000000000e+00,0.000000000000000000e+00,0.000000000000000000e+00
1.500000,3.944634701388733955e-01,-9.357638888888891032e-03,7.099942174804685369e-01,9.995884530591619965e-01,-1.739434272826392001e-04,-2.800626770538644505e-02,-6.208318910121015007e-03,-6.222646604938271153e-01,1.880787037037037063e-02,0.000000000000000000e+00,1.213074288850706228e+00,-5.125115740740741055e-01,0.000000000000000000e+00,-3.332175925925925375e-01,-1.880787037037037063e-02,0.000000000000000000e+00,8.261574074074073959e-01,-3.928472222222221810e-01,0.000000000000000000e+00,-3.743055555555556413e-02,0.000000000000000000e+00,-8.076678240740740866e-02,-5.932986111111110406e-01,2.511776620370370083e-01,0.000000000000000000e+00,7.533664840453764278e-01,0.000000000000000000e+00,0.000000000000000000e+00,0.000000000000000000e+00,4.072673711878214142e-01,-2.314699074074073881e-01,0.000000000000000000e+00,5.078935185185184942e-01,0.000000000000000000e+00,0.000000000000000000e+00,0.000000000000000000e+00
1.510000,3.964392340727824759e-01,-8.991111111111112913e-03,7.074285230360242149e-01,9.995934185045132203e-01,-1.700430794241058129e-04,-2.785183481793765056e-02,-6.102791581440323611e-03,-6.269063209876541976e-01,2.002962962962963334e-02,0.000000000000000000e+00,1.223770049637266100e+00,-5.155637037037037462e-01,0.000000000000000000e+00,-3.483674074074074589e-01,-2.002962962962963334e-02,0.000000000000000000e+00,8.505925925925927888e-01,-4.001777777777777434e-01,0.000000000000000000e+00,-3.596444444444445165e-02,0.000000000000000000e+00,-8.233060846560846802e-02,-5.837688888888888927e-01,2.551972962962962832e-01,0.000000000000000000e+00,7.528155805647765986e-01,0.000000000000000000e+00,0.000000000000000000e+00,0.000000000000000000e+00,3.901570632859834298e-01,-2.361125925925925684e-01,0.000000000000000000e+00,5.162014814814813723e-01,0.000000000000000000e+00,0.000000000000000000e+00,0.000000000000000000e+00
1.520000,3.984112479042317689e-01,-8.621250000000000441e-03,7.048394952582462958e-01,9.995985163611266211e-01,-1.660285565566211056e-04,-2.769226501359189213e-02,-5.993077804438192574e-03,-6.314884999999998971e-01,2.126250000000000362e-02,0.000000000000000000e+00,1.234386108247422564e+00,-5.185925000000000118e-01,0.000000000000000000e+00,-3.636550000000000615e-01,-2.126250000000000362e-02,0.000000000000000000e+00,8.752499999999998614e-01,-4.075749999999999651e-01,0.000000000000000000e+00,-3.448500000000000176e-02,0.000000000000000000e+00,-8.390526785714286229e-02,-5.741525000000000656e-01,2.592348749999999757e-01,0.000000000000000000e+00,7.522419431624969288e-01,0.000000000000000000e+00,0.000000000000000000e+00,0.000000000000000000e+00,3.725969096532762981e-01,-2.407974999999999977e-01,0.000000000000000000e+00,5.245849999999999680e-01,0.000000000000000000e+00,0.000000000000000000e+00,0.000000000000000000e+00
1.530000,4.003808280737313208e-01,-8.248888888888890672e-03,7.022329674804685951e-01,9.996037408977730410e-01,-1.619038664898014574e-04,-2.752762765525278502e-02,-5.879173920682449241e-03,-6.360067160493826366e-01,2.250370370370370632e-02,0.000000000000000000e+00,1.244908713249331722e+00,-5.215940740740740988e-01,0.000000000000000000e+00,-3.790459259259258973e-01,-2.250370370370370632e-02,0.000000000000000000e+00,9.000740740740740264e-01,-4.150222222222222368e-01,0.000000000000000000e+00,-3.299555555555556269e-02,0.000000000000000000e+00,-8.548740740740740085e-02,-5.644711111111111457e-01,2.632823703703703888e-01,0.000000000000000000e+00,7.516454865552946174e-01,0.000000000000000000e+00,0.000000000000000000e+00,0.000000000000000000e+00,3.546036026678885955e-01,-2.455140740740740513e-01,0.000000000000000000e+00,5.330251851851851574e-01,0.000000000000000000e+00,0.000000000000000000e+00,0.000000000000000000e+00
1.540000,4.023492910217910667e-01,-7.874861111111111991e-03,6.996147730360240402e-01,9.996090862969281288e-01,-1.576731157077524543e-04,-2.735799210493602973e-02,-5.761076270571018239e-03,-6.404564876543208385e-01,2.375046296296296974e-02,0.000000000000000000e+00,1.255324113211149228e+00,-5.245645370370370930e-01,0.000000000000000000e+00,-3.945057407407408512e-01,-2.375046296296296974e-02,0.000000000000000000e+00,9.250092592592593643e-01,-4.225027777777777827e-01,0.000000000000000000e+00,-3.149944444444444797e-02,0.000000000000000000e+00,-8.707367394179894859e-02,-5.547463888888888306e-01,2.673317546296296032e-01,0.000000000000000000e+00,7.510261254599267522e-01,0.000000000000000000e+00,0.000000000000000000e+00,0.000000000000000000e+00,3.361938347080087319e-01,-2.502517592592592433e-01,0.000000000000000000e+00,5.415031481481481501e-01,0.000000000000000000e+00,0.000000000000000000e+00,0.000000000000000000e+00
1.550000,4.043179531889209422e-01,-7.500000000000001457e-03,6.969907452582463359e-01,9.996145466581167760e-01,-1.533405066380376944e-04,-2.718342772402976282e-02,-5.638781193580286177e-03,-6.448333333333332584e-01,2.500000000000000486e-02,0.000000000000000000e+00,1.265618556701030961e+00,-5.274999999999999689e-01,0.000000000000000000e+00,-4.100000000000000311e-01,-2.500000000000000486e-02,0.000000000000000000e+00,9.500000000000001776e-01,-4.300000000000000488e-01,0.000000000000000000e+00,-3.000000000000000583e-02,0.000000000000000000e+00,-8.866071428571430102e-02,-5.450000000000000400e-01,2.713750000000000329e-01,0.000000000000000000e+00,7.503837745931504211e-01,0.000000000000000000e+00,0.000000000000000000e+00,0.000000000000000000e+00,3.173842981518252282e-01,-2.550000000000000044e-01,0.000000000000000000e+00,5.500000000000000444e-01,0.000000000000000000e+00,0.000000000000000000e+00,0.000000000000000000e+00
1.560000,4.062881310156310488e-01,-7.125138888888889188e-03,6.943667174804685205e-01,9.996201160012105902e-01,-1.489103349156178447e-04,-2.700400387355413045e-02,-5.512285028514093445e-03,-6.491327716049383190e-01,2.624953703703704344e-02,0.000000000000000000e+00,1.275778292287132354e+00,-5.303965740740739232e-01,0.000000000000000000e+00,-4.254942592592593775e-01,-2.624953703703704344e-02,0.000000000000000000e+00,9.749907407407407689e-01,-4.374972222222222040e-01,0.000000000000000000e+00,-2.850055555555555675e-02,0.000000000000000000e+00,-9.024517526455026750e-02,-5.352536111111110273e-01,2.754040787037037030e-01,0.000000000000000000e+00,7.497183486717224898e-01,0.000000000000000000e+00,0.000000000000000000e+00,0.000000000000000000e+00,2.981916853775265497e-01,-2.597482407407407101e-01,0.000000000000000000e+00,5.584968518518518277e-01,0.000000000000000000e+00,0.000000000000000000e+00,0.000000000000000000e+00
1.570000,4.082611409424312665e-01,-6.751111111111110508e-03,6.917485230360240767e-01,9.996257882696760744e-01,-1.443869866417456357e-04,-2.681978991442006410e-02,-5.381584113753082495e-03,-6.533503209876543316e-01,2.749629629629630340e-02,0.000000000000000000e+00,1.285789568537609506e+00,-5.332503703703702636e-01,0.000000000000000000e+00,-4.409540740740741649e-01,-2.749629629629630340e-02,0.000000000000000000e+00,9.999259259259262178e-01,-4.449777777777778054e-01,0.000000000000000000e+00,-2.700444444444444203e-02,0.000000000000000000e+00,-9.182370370370371293e-02,-5.255288888888888232e-01,2.794109629629629721e-01,0.000000000000000000e+00,7.490297624124002684e-01,0.000000000000000000e+00,0.000000000000000000e+00,0.000000000000000000e+00,2.786326887633011617e-01,-2.644859259259259021e-01,0.000000000000000000e+00,5.669748148148148204e-01,0.000000000000000000e+00,0.000000000000000000e+00,0.000000000000000000e+00
1.580000,4.102382994098316416e-01,-6.378749999999999004e-03,6.891419952582463759e-01,9.996315573337752891e-01,-1.397749356378017805e-04,-2.663085520768670306e-02,-5.246674787504171031e-03,-6.574814999999999410e-01,2.873750000000001303e-02,0.000000000000000000e+00,1.295638634020618518e+00,-5.360575000000000756e-01,0.000000000000000000e+00,-4.563450000000001117e-01,-2.873750000000001303e-02,0.000000000000000000e+00,1.024750000000000272e+00,-4.524250000000000216e-01,0.000000000000000000e+00,-2.551499999999999602e-02,0.000000000000000000e+00,-9.339294642857144668e-02,-5.158474999999999033e-01,2.833876250000000319e-01,0.000000000000000000e+00,7.483179305319407337e-01,0.000000000000000000e+00,0.000000000000000000e+00,0.000000000000000000e+00,2.587240006873375853e-01,-2.692024999999999557e-01,0.000000000000000000e+00,5.754150000000000098e-01,0.000000000000000000e+00,0.000000000000000000e+00,0.000000000000000000e+00
1.590000,4.122209228583422203e-01,-6.008888888888890001e-03,6.865529674804685678e-01,9.996374169937182197e-01,-1.350787406940584523e-04,-2.643726911481757494e-02,-5.107553388049875139e-03,-6.615218271604937916e-01,2.997037037037038332e-02,0.000000000000000000e+00,1.305311737304314601e+00,-5.388140740740740009e-01,0.000000000000000000e+00,-4.716325925925926588e-01,-2.997037037037038332e-02,0.000000000000000000e+00,1.049407407407407566e+00,-4.598222222222221878e-01,0.000000000000000000e+00,-2.403555555555556000e-02,0.000000000000000000e+00,-9.494955026455027813e-02,-5.062311111111110762e-01,2.873260370370370742e-01,0.000000000000000000e+00,7.475827677471009736e-01,0.000000000000000000e+00,0.000000000000000000e+00,0.000000000000000000e+00,2.384823135278243411e-01,-2.738874074074073572e-01,0.000000000000000000e+00,5.837985185185184944e-01,0.000000000000000000e+00,0.000000000000000000e+00,0.000000000000000000e+00
1.600000,4.142103277284728824e-01,-5.642361111111110147e-03,6.839872730360241349e-01,9.996433609827660716e-01,-1.303030428133562563e-04,-2.623910099793495126e-02,-4.964216253997271594e-03,-6.654668209876543061e-01,3.119212962962964950e-02,0.000000000000000000e+00,1.314795126956853855e+00,-5.415162037037037912e-01,0.000000000000000000e+00,-4.867824074074075247e-01,-3.119212962962964950e-02,0.000000000000000000e+00,1.073842592592592737e+00,-4.671527777777778057e-01,0.000000000000000000e+00,-2.256944444444444059e-02,0.000000000000000000e+00,-9.649016203703705830e-02,-4.967013888888888173e-01,2.912181712962962910e-01,0.000000000000000000e+00,7.468241887746381868e-01,0.000000000000000000e+00,0.000000000000000000e+00,0.000000000000000000e+00,2.179243196629497836e-01,-2.785300925925926485e-01,0.000000000000000000e+00,5.921064814814813726e-01,0.000000000000000000e+00,0.000000000000000000e+00,0.000000000000000000e+00
1.610000,4.162078304607337298e-01,-5.279999999999998236e-03,6.814507452582462266e-01,9.996493829702874923e-01,-1.254525624496831730e-04,-2.603642022007254114e-02,-4.816659724526363429e-03,-6.693120000000000180e-01,3.240000000000001906e-02,0.000000000000000000e+00,1.324075051546391935e+00,-5.441599999999999770e-01,0.000000000000000000e+00,-5.017600000000002058e-01,-3.240000000000001906e-02,0.000000000000000000e+00,1.098000000000000309e+00,-4.744000000000000439e-01,0.000000000000000000e+00,-2.111999999999999295e-02,0.000000000000000000e+00,-9.801142857142858267e-02,-4.872799999999999354e-01,2.950559999999999850e-01,0.000000000000000000e+00,7.460421083313091284e-01,0.000000000000000000e+00,0.000000000000000000e+00,0.000000000000000000e+00,1.970667114709024892e-01,-2.831200000000000383e-01,0.000000000000000000e+00,6.003200000000000758e-01,0.000000000000000000e+00,0.000000000000000000e+00,0.000000000000000000e+00
1.620000,4.182147474956345867e-01,-4.922638888888887856e-03,6.789492174804685476e-01,9.996554765647654994e-01,-1.205320967416411505e-04,-2.582929614542601310e-02,-4.664880139637596346e-03,-6.730528827160493499e-01,3.359120370370372033e-02,0.000000000000000000e+00,1.333137759641084275e+00,-5.467415740740739771e-01,0.000000000000000000e+00,-5.165309259259260877e-01,-3.359120370370372033e-02,0.000000000000000000e+00,1.121824074074074140e+00,-4.815472222222221266e-01,0.000000000000000000e+00,-1.969055555555555143e-02,0.000000000000000000e+00,-9.950999669312171614e-02,-4.779886111111110170e-01,2.988314953703704036e-01,0.000000000000000000e+00,7.452364411338713301e-01,0.000000000000000000e+00,0.000000000000000000e+00,0.000000000000000000e+00,1.759261813298710342e-01,-2.876465740740740684e-01,0.000000000000000000e+00,6.084201851851852583e-01,0.000000000000000000e+00,0.000000000000000000e+00,0.000000000000000000e+00
1.630000,4.202323952736856105e-01,-4.571111111111109127e-03,6.764885230360240254e-01,9.996616353167568914e-01,-1.155465167407899768e-04,-2.561779813960126870e-02,-4.508873840398329100e-03,-6.766849876543210573e-01,3.476296296296298161e-02,0.000000000000000000e+00,1.341969499809087640e+00,-5.492570370370369881e-01,0.000000000000000000e+00,-5.310607407407408331e-01,-3.476296296296298161e-02,0.000000000000000000e+00,1.145259259259259421e+00,-4.885777777777777775e-01,0.000000000000000000e+00,-1.828444444444443651e-02,0.000000000000000000e+00,-1.009825132275132542e-01,-4.688488888888887596e-01,3.025366296296296276e-01,0.000000000000000000e+00,7.444071018990815469e-01,0.000000000000000000e+00,0.000000000000000000e+00,0.000000000000000000e+00,1.545194216180437174e-01,-2.920992592592592807e-01,0.000000000000000000e+00,6.163881481481482405e-01,0.000000000000000000e+00,0.000000000000000000e+00,0.000000000000000000e+00
1.640000,4.222620902353966810e-01,-4.226249999999997370e-03,6.740744952582463645e-01,9.996678527218030297e-01,-1.105007646348561668e-04,-2.540199556986030838e-02,-4.348637169188022782e-03,-6.802038333333333409e-01,3.591250000000001386e-02,0.000000000000000000e+00,1.350556520618556799e+00,-5.517024999999999846e-01,0.000000000000000000e+00,-5.453150000000002162e-01,-3.591250000000001386e-02,0.000000000000000000e+00,1.168250000000000011e+00,-4.954749999999999432e-01,0.000000000000000000e+00,-1.690499999999998948e-02,0.000000000000000000e+00,-1.024256250000000201e-01,-4.598824999999999164e-01,3.061633750000000154e-01,0.000000000000000000e+00,7.435540053436968666e-01,0.000000000000000000e+00,0.000000000000000000e+00,0.000000000000000000e+00,1.328631247136091154e-01,-2.964674999999999949e-01,0.000000000000000000e+00,6.242049999999998988e-01,0.000000000000000000e+00,0.000000000000000000e+00,0.000000000000000000e+00
1.650000,4.243051488212778444e-01,-3.888888888888889644e-03,6.717129674804686035e-01,9.996741222232933266e-01,-1.053998509657966330e-04,-2.518195780536438069e-02,-4.184166469941952987e-03,-6.836049382716049561e-01,3.703703703703705580e-02,0.000000000000000000e+00,1.358885070637648074e+00,-5.540740740740740522e-01,0.000000000000000000e+00,-5.592592592592595668e-01,-3.703703703703705580e-02,0.000000000000000000e+00,1.190740740740741099e+00,-5.022222222222223476e-01,0.000000000000000000e+00,-1.555555555555555858e-02,0.000000000000000000e+00,-1.038359788359788649e-01,-4.511111111111110183e-01,3.097037037037037588e-01,0.000000000000000000e+00,7.426770661844744881e-01,0.000000000000000000e+00,0.000000000000000000e+00,0.000000000000000000e+00,1.109739829947555545e-01,-3.007407407407408084e-01,0.000000000000000000e+00,6.318518518518518867e-01,0.000000000000000000e+00,0.000000000000000000e+00,0.000000000000000000e+00
1.660000,4.263628874718390360e-01,-3.559861111111110865e-03,6.694097730360241139e-01,9.996804372152789941e-01,-1.002488518427059448e-04,-2.495775421741432479e-02,-4.015458088393206344e-03,-6.868838209876543255e-01,3.813379629629631840e-02,0.000000000000000000e+00,1.366941398434517119e+00,-5.563678703703703876e-01,0.000000000000000000e+00,-5.728590740740743259e-01,-3.813379629629631840e-02,0.000000000000000000e+00,1.212675925925926101e+00,-5.088027777777777150e-01,0.000000000000000000e+00,-1.423944444444444346e-02,0.000000000000000000e+00,-1.052102215608465841e-01,-4.425563888888888187e-01,3.131495879629629941e-01,0.000000000000000000e+00,7.417761991381713882e-01,0.000000000000000000e+00,0.000000000000000000e+00,0.000000000000000000e+00,8.886868883967183330e-02,-3.049084259259259855e-01,0.000000000000000000e+00,6.393098148148148585e-01,0.000000000000000000e+00,0.000000000000000000e+00,0.000000000000000000e+00
1.670000,4.284366226275903577e-01,-3.240000000000005029e-03,6.671707452582463782e-01,9.996867910452396089e-01,-9.505290614955816365e-05,-2.472945417968788404e-02,-3.842508372312786191e-03,-6.900359999999999827e-01,3.919999999999999873e-02,0.000000000000000000e+00,1.374711752577319368e+00,-5.585799999999998544e-01,0.000000000000000000e+00,-5.860799999999999343e-01,-3.919999999999999873e-02,0.000000000000000000e+00,1.233999999999999986e+00,-5.151999999999998803e-01,0.000000000000000000e+00,-1.296000000000002012e-02,0.000000000000000000e+00,-1.065450000000000147e-01,-4.342400000000000149e-01,3.164930000000000243e-01,0.000000000000000000e+00,7.408513189215447658e-01,0.000000000000000000e+00,0.000000000000000000e+00,0.000000000000000000e+00,6.656393462654669468e-02,-3.089599999999999569e-01,0.000000000000000000e+00,6.465599999999999126e-01,0.000000000000000000e+00,0.000000000000000000e+00,0.000000000000000000e+00
1.680000,4.305276707290416893e-01,-2.930138888888893581e-03,6.650017174804685460e-01,9.996931770168020481e-01,-8.981721274777323960e-05,-2.449712706847380003e-02,-3.665313671747608831e-03,-6.930569938271604613e-01,4.023287037037037717e-02,0.000000000000000000e+00,1.382182381634211366e+00,-5.607065740740739823e-01,0.000000000000000000e+00,-5.988875925925927213e-01,-4.023287037037037717e-02,0.000000000000000000e+00,1.254657407407407277e+00,-5.213972222222220676e-01,0.000000000000000000e+00,-1.172055555555557432e-02,0.000000000000000000e+00,-1.078369609788359940e-01,-4.261836111111111380e-01,3.197259120370369856e-01,0.000000000000000000e+00,7.399023402513517089e-01,0.000000000000000000e+00,0.000000000000000000e+00,0.000000000000000000e+00,4.407641273356771583e-02,-3.128849074074073755e-01,0.000000000000000000e+00,6.535835185185184804e-01,0.000000000000000000e+00,0.000000000000000000e+00,0.000000000000000000e+00
1.690000,4.326373482167030771e-01,-2.631111111111113579e-03,6.629085230360240999e-01,9.996995883924099102e-01,-8.454702767360073137e-05,-2.426084226290254817e-02,-3.483870339256236407e-03,-6.959423209876542948e-01,4.122962962962964384e-02,0.000000000000000000e+00,1.389339534173348545e+00,-5.627437037037036349e-01,0.000000000000000000e+00,-6.112474074074076835e-01,-4.122962962962964384e-02,0.000000000000000000e+00,1.274592592592592943e+00,-5.273777777777777231e-01,0.000000000000000000e+00,-1.052444444444445432e-02,0.000000000000000000e+00,-1.090827513227513312e-01,-4.184088888888888857e-01,3.228402962962962364e-01,0.000000000000000000e+00,7.389291778443490832e-01,0.000000000000000000e+00,0.000000000000000000e+00,0.000000000000000000e+00,2.142281553892383394e-02,-3.166725925925925056e-01,0.000000000000000000e+00,6.603614814814813272e-01,0.000000000000000000e+00,0.000000000000000000e+00,0.000000000000000000e+00
1.700000,4.347669715310844007e-01,-2.343750000000003816e-03,6.608969952582463003e-01,9.997060183959461943e-01,-7.924766133031063188e-05,-2.402066914517355517e-02,-3.298174730142090089e-03,-6.986874999999999059e-01,4.218750000000000971e-02,0.000000000000000000e+00,1.396169458762886562e+00,-5.646874999999998979e-01,0.000000000000000000e+00,-6.231250000000001510e-01,-4.218750000000000971e-02,0.000000000000000000e+00,1.293749999999999734e+00,-5.331249999999998490e-01,0.000000000000000000e+00,-9.375000000000015266e-03,0.000000000000000000e+00,-1.102790178571428636e-01,-4.109375000000000111e-01,3.258281249999999685e-01,0.000000000000000000e+00,7.379317464172940877e-01,0.000000000000000000e+00,0.000000000000000000e+00,0.000000000000000000e+00,-1.380164579196374586e-03,-3.203124999999998890e-01,0.000000000000000000e+00,6.668749999999998845e-01,0.000000000000000000e+00,0.000000000000000000e+00,0.000000000000000000e+00
1.710000,4.369178571126958177e-01,-2.068888888888894412e-03,6.589729674804686299e-01,9.997124602153059092e-01,-7.392447567518547146e-05,-2.377667710077865579e-02,-3.108223202684027350e-03,-7.012880493827159389e-01,4.310370370370370657e-02,0.000000000000000000e+00,1.402658403970981293e+00,-5.665340740740739678e-01,0.000000000000000000e+00,-6.344859259259260087e-01,-4.310370370370370657e-02,0.000000000000000000e+00,1.312074074074074170e+00,-5.386222222222221134e-01,0.000000000000000000e+00,-8.275555555555577647e-03,0.000000000000000000e+00,-1.114224074074074006e-01,-4.037911111111112117e-01,3.286813703703703182e-01,0.000000000000000000e+00,7.369099606869439212e-01,0.000000000000000000e+00,0.000000000000000000e+00,0.000000000000000000e+00,-2.431583524260455542e-02,-3.237940740740740120e-01,0.000000000000000000e+00,6.731051851851850287e-01,0.000000000000000000e+00,0.000000000000000000e+00,0.000000000000000000e+00
1.720000,4.390913214020472077e-01,-1.807361111111115484e-03,6.571422730360241271e-01,9.997189070049232740e-01,-6.858288140130571625e-05,-2.352893551872169836e-02,-2.914012118364061720e-03,-7.037394876543209277e-01,4.397546296296296620e-02,0.000000000000000000e+00,1.408792618365788174e+00,-5.682795370370370414e-01,0.000000000000000000e+00,-6.452957407407410306e-01,-4.397546296296296620e-02,0.000000000000000000e+00,1.329509259259259446e+00,-5.438527777777777406e-01,0.000000000000000000e+00,-7.229444444444461937e-03,0.000000000000000000e+00,-1.125095667989418069e-01,-3.969913888888889630e-01,3.313920046296295885e-01,0.000000000000000000e+00,7.358637353700554495e-01,0.000000000000000000e+00,0.000000000000000000e+00,0.000000000000000000e+00,-4.736750407311224320e-02,-3.271067592592592499e-01,0.000000000000000000e+00,6.790331481481479692e-01,0.000000000000000000e+00,0.000000000000000000e+00,0.000000000000000000e+00
1.730000,4.412886808396485616e-01,-1.560000000000005826e-03,6.554107452582463855e-01,9.997253518882480705e-01,-6.322833511412313573e-05,-2.327751379173421259e-02,-2.715537842092091442e-03,-7.060373333333332946e-01,4.480000000000000648e-02,0.000000000000000000e+00,1.414558350515463747e+00,-5.699199999999998711e-01,0.000000000000000000e+00,-6.555200000000002136e-01,-4.480000000000000648e-02,0.000000000000000000e+00,1.346000000000000085e+00,-5.487999999999998435e-01,0.000000000000000000e+00,-6.240000000000023306e-03,0.000000000000000000e+00,-1.135371428571428504e-01,-3.905599999999999627e-01,3.339520000000000266e-01,0.000000000000000000e+00,7.347929851833859827e-01,0.000000000000000000e+00,0.000000000000000000e+00,0.000000000000000000e+00,-7.051847869253080603e-02,-3.302399999999999780e-01,0.000000000000000000e+00,6.846399999999999153e-01,0.000000000000000000e+00,0.000000000000000000e+00,0.000000000000000000e+00
1.740000,4.435112518660099257e-01,-1.327638888888895558e-03,6.537842174804685547e-01,9.997317879601760326e-01,-5.786633650281469227e-05,-2.302248131648678559e-02,-2.512796742427420189e-03,-7.081771049382715733e-01,4.557453703703704534e-02,0.000000000000000000e+00,1.419941848988163446e+00,-5.714515740740739869e-01,0.000000000000000000e+00,-6.651242592592594427e-01,-4.557453703703704534e-02,0.000000000000000000e+00,1.361490740740741057e+00,-5.534472222222220905e-01,0.000000000000000000e+00,-5.310555555555582230e-03,0.000000000000000000e+00,-1.145017824074074236e-01,-3.845186111111111305e-01,3.363533287037037134e-01,0.000000000000000000e+00,7.336976248436922754e-01,0.000000000000000000e+00,0.000000000000000000e+00,0.000000000000000000e+00,-9.375206672267183405e-02,-3.331832407407406271e-01,0.000000000000000000e+00,6.899068518518517434e-01,0.000000000000000000e+00,0.000000000000000000e+00,0.000000000000000000e+00
1.750000,4.457603509216411797e-01,-1.111111111111114796e-03,6.522685230360241171e-01,9.997382082894293864e-01,-5.250242550641348317e-05,-2.276390749379623296e-02,-2.305785191796953619e-03,-7.101543209876542972e-01,4.629629629629630760e-02,0.000000000000000000e+00,1.424929362352042705e+00,-5.728703703703703631e-01,0.000000000000000000e+00,-6.740740740740742698e-01,-4.629629629629630760e-02,0.000000000000000000e+00,1.375925925925926219e+00,-5.577777777777777057e-01,0.000000000000000000e+00,-4.444444444444459186e-03,0.000000000000000000e+00,-1.154001322751322806e-01,-3.788888888888888862e-01,3.385879629629630072e-01,0.000000000000000000e+00,7.325775690677318597e-01,0.000000000000000000e+00,0.000000000000000000e+00,0.000000000000000000e+00,-1.170515757853469174e-01,-3.359259259259259056e-01,0.000000000000000000e+00,6.948148148148145520e-01,0.000000000000000000e+00,0.000000000000000000e+00,0.000000000000000000e+00
1.760000,4.480372944470524810e-01,-9.112500000000023359e-04,6.508694952582463333e-01,9.997446059208905389e-01,-4.714217947471102969e-05,-2.250186172882828045e-02,-2.094499566709898727e-03,-7.119645000000000001e-01,4.696250000000001118e-02,0.000000000000000000e+00,1.429507139175257846e+00,-5.741724999999998635e-01,0.000000000000000000e+00,-6.823350000000001359e-01,-4.696250000000001118e-02,0.000000000000000000e+00,1.389250000000000318e+00,-5.617749999999999133e-01,0.000000000000000000e+00,-3.645000000000009344e-03,0.000000000000000000e+00,-1.162288392857142860e-01,-3.736924999999999830e-01,3.406478749999999889e-01,0.000000000000000000e+00,7.314327325722613793e-01,0.000000000000000000e+00,0.000000000000000000e+00,0.000000000000000000e+00,-1.404003135023674798e-01,-3.384574999999999667e-01,0.000000000000000000e+00,6.993449999999998834e-01,0.000000000000000000e+00,0.000000000000000000e+00,0.000000000000000000e+00
1.770000,4.503433988827537093e-01,-7.288888888888900297e-04,6.495929674804685749e-01,9.997509738778869171e-01,-4.179121032392700986e-05,-2.223641343129564851e-02,-1.878936247968797943e-03,-7.136031604938272155e-01,4.757037037037038785e-02,0.000000000000000000e+00,1.433661428025964080e+00,-5.753540740740741288e-01,0.000000000000000000e+00,-6.898725925925929259e-01,-4.757037037037038785e-02,0.000000000000000000e+00,1.401407407407408101e+00,-5.654222222222222705e-01,0.000000000000000000e+00,-2.915555555555560119e-03,0.000000000000000000e+00,-1.169845502645502910e-01,-3.689511111111111186e-01,3.425250370370370168e-01,0.000000000000000000e+00,7.302630300740381442e-01,0.000000000000000000e+00,0.000000000000000000e+00,0.000000000000000000e+00,-1.637815874955451112e-01,-3.407674074074074078e-01,0.000000000000000000e+00,7.034785185185186140e-01,0.000000000000000000e+00,0.000000000000000000e+00,0.000000000000000000e+00
1.780000,4.526799806692548556e-01,-5.648611111111132010e-04,6.484447730360241025e-01,9.997573051644281783e-01,-3.645516168714339251e-05,-2.196763201565143930e-02,-1.659091620876788908e-03,-7.150658209876543658e-01,4.811712962962963469e-02,0.000000000000000000e+00,1.437378477472317728e+00,-5.764112037037036895e-01,0.000000000000000000e+00,-6.966524074074077477e-01,-4.811712962962963469e-02,0.000000000000000000e+00,1.412342592592592982e+00,-5.687027777777776683e-01,0.000000000000000000e+00,-2.259444444444452804e-03,0.000000000000000000e+00,-1.176639120370370634e-01,-3.646863888888889349e-01,3.442114212962962827e-01,0.000000000000000000e+00,7.290683762898191311e-01,0.000000000000000000e+00,0.000000000000000000e+00,0.000000000000000000e+00,-1.871787053866911243e-01,-3.428450925925925485e-01,0.000000000000000000e+00,7.071964814814815092e-01,0.000000000000000000e+00,0.000000000000000000e+00,0.000000000000000000e+00
1.790000,4.550483562470659105e-01,-4.200000000000002343e-04,6.474307452582463984e-01,9.997635927673951262e-01,-3.113970605949956420e-05,-2.169558690127769418e-02,-1.434962075440903003e-03,-7.163479999999999848e-01,4.860000000000001819e-02,0.000000000000000000e+00,1.440644536082474225e+00,-5.773399999999998533e-01,0.000000000000000000e+00,-7.026400000000002644e-01,-4.860000000000001819e-02,0.000000000000000000e+00,1.422000000000000153e+00,-5.715999999999998860e-01,0.000000000000000000e+00,-1.680000000000000937e-03,0.000000000000000000e+00,-1.182635714285714540e-01,-3.609199999999999076e-01,3.456989999999999785e-01,0.000000000000000000e+00,7.278486859363614281e-01,0.000000000000000000e+00,0.000000000000000000e+00,0.000000000000000000e+00,-2.105749747976172759e-01,-3.446799999999999309e-01,0.000000000000000000e+00,7.104799999999998894e-01,0.000000000000000000e+00,0.000000000000000000e+00,0.000000000000000000e+00
1.800000,4.574498420566968648e-01,-2.951388888888899220e-04,6.465567174804686124e-01,9.997698296586801092e-01,-2.585054193814656504e-05,-2.142034751266894826e-02,-1.206544006571308534e-03,-7.174452160493827169e-01,4.901620370370370072e-02,0.000000000000000000e+00,1.443445852424589226e+00,-5.781365740740740389e-01,0.000000000000000000e+00,-7.078009259259261388e-01,-4.901620370370370072e-02,0.000000000000000000e+00,1.430324074074074581e+00,-5.740972222222222587e-01,0.000000000000000000e+00,-1.180555555555559688e-03,0.000000000000000000e+00,-1.187801752645502584e-01,-3.576736111111110672e-01,3.469797453703704626e-01,0.000000000000000000e+00,7.266038737304221229e-01,0.000000000000000000e+00,0.000000000000000000e+00,0.000000000000000000e+00,-2.339537033501349894e-01,-3.462615740740740411e-01,0.000000000000000000e+00,7.133101851851850750e-01,0.000000000000000000e+00,0.000000000000000000e+00,0.000000000000000000e+00
1.810000,4.598857545386577095e-01,-1.911111111111175875e-04,6.458285230360241158e-01,9.997760087972801246e-01,-2.059339095695866497e-05,-2.114198327961075083e-02,-9.738338142763491596e-04,-7.183529876543210957e-01,4.936296296296298347e-02,0.000000000000000000e+00,1.445768675066819275e+00,-5.787970370370369988e-01,0.000000000000000000e+00,-7.121007407407409229e-01,-4.936296296296298347e-02,0.000000000000000000e+00,1.437259259259259458e+00,-5.761777777777775666e-01,0.000000000000000000e+00,-7.644444444444703501e-04,0.000000000000000000e+00,-1.192103703703703554e-01,-3.549688888888888894e-01,3.480456296296296492e-01,0.000000000000000000e+00,7.253338543887584144e-01,0.000000000000000000e+00,0.000000000000000000e+00,0.000000000000000000e+00,-2.572981986660557996e-01,-3.475792592592591990e-01,0.000000000000000000e+00,7.156681481481480533e-01,0.000000000000000000e+00,0.000000000000000000e+00,0.000000000000000000e+00
1.820000,4.623574101334584907e-01,-1.087500000000046763e-04,6.452519952582462803e-01,9.997821231313412937e-01,-1.537399501600087437e-05,-2.086056363735288091e-02,-7.368279038532481173e-04,-7.190668333333333218e-01,4.963750000000002882e-02,0.000000000000000000e+00,1.447599252577319584e+00,-5.793174999999999297e-01,0.000000000000000000e+00,-7.155050000000002797e-01,-4.963750000000002882e-02,0.000000000000000000e+00,1.442750000000000865e+00,-5.778250000000001441e-01,0.000000000000000000e+00,-4.350000000000187050e-04,0.000000000000000000e+00,-1.195508035714286099e-01,-3.528274999999998496e-01,3.488886250000000078e-01,0.000000000000000000e+00,7.240385426281272796e-01,0.000000000000000000e+00,0.000000000000000000e+00,0.000000000000000000e+00,-2.805917683671911300e-01,-3.486225000000000573e-01,0.000000000000000000e+00,7.175350000000000339e-01,0.000000000000000000e+00,0.000000000000000000e+00,0.000000000000000000e+00
1.830000,4.648661252816090883e-01,-4.888888888889345030e-05,6.448329674804684775e-01,9.997881656001551542e-01,-1.019811340575235844e-05,-2.057615802677743161e-02,-4.955226860743719864e-04,-7.195822716049382617e-01,4.983703703703706855e-02,0.000000000000000000e+00,1.448923833524245586e+00,-5.796940740740740283e-01,0.000000000000000000e+00,-7.179792592592595390e-01,-4.983703703703706855e-02,0.000000000000000000e+00,1.446740740740741327e+00,-5.790222222222222159e-01,0.000000000000000000e+00,-1.955555555555738012e-04,0.000000000000000000e+00,-1.197981216931217480e-01,-3.512711111111110895e-01,3.495007037037037301e-01,0.000000000000000000e+00,7.227178531652856952e-01,0.000000000000000000e+00,0.000000000000000000e+00,0.000000000000000000e+00,-3.038177200753526819e-01,-3.493807407407407140e-01,0.000000000000000000e+00,7.188918518518516709e-01,0.000000000000000000e+00,0.000000000000000000e+00,0.000000000000000000e+00
1.840000,4.674132164236196041e-01,-1.236111111111576344e-05,6.445772730360241898e-01,9.997941291361073235e-01,-5.071519926085257389e-06,-2.028883589456125652e-02,-2.499145773689286066e-04,-7.198948209876543380e-01,4.995879629629632057e-02,0.000000000000000000e+00,1.449728666475754046e+00,-5.799228703703703802e-01,0.000000000000000000e+00,-7.194890740740742530e-01,-4.995879629629632057e-02,0.000000000000000000e+00,1.449175925925926256e+00,-5.797527777777777835e-01,0.000000000000000000e+00,-4.944444444446305376e-05,0.000000000000000000e+00,-1.199489715608465928e-01,-3.503213888888888627e-01,3.498738379629630635e-01,0.000000000000000000e+00,7.213717007169909712e-01,0.000000000000000000e+00,0.000000000000000000e+00,0.000000000000000000e+00,-3.269593614123518233e-01,-3.498434259259259327e-01,0.000000000000000000e+00,7.197198148148147290e-01,0.000000000000000000e+00,0.000000000000000000e+00,0.000000000000000000e+00
1.850000,4.699999999999999734e-01,0.000000000000000000e+00,6.444907452582463447e-01,9.998000066665777563e-01,0.000000000000000000e+00,-1.999866669333308020e-02,0.000000000000000000e+00,-7.199999999999999734e-01,5.000000000000000278e-02,0.000000000000000000e+00,1.449999999999999956e+00,-5.799999999999999600e-01,0.000000000000000000e+00,-7.199999999999999734e-01,-5.000000000000000278e-02,0.000000000000000000e+00,1.449999999999999956e+00,-5.799999999999999600e-01,0.000000000000000000e+00,0.000000000000000000e+00,0.000000000000000000e+00,-1.199999999999999956e-01,-3.499999999999999778e-01,3.499999999999999778e-01,0.000000000000000000e+00,7.199999999999999734e-01,0.000000000000000000e+00,0.000000000000000000e+00,0.000000000000000000e+00,-3.499999999999999778e-01,-3.499999999999999778e-01,0.000000000000000000e+00,7.199999999999999734e-01,0.000000000000000000e+00,0.000000000000000000e+00,0.000000000000000000e+00
1.860000,4.726267800779473949e-01,0.000000000000000000e+00,6.448032893306149260e-01,9.998065014304479137e-01,5.780513639189809068e-06,-1.966909573890006369e-02,2.938312566469080300e-04,-7.184625072886297037e-01,4.987988338192420046e-02,0.000000000000000000e+00,1.446949037900874702e+00,-5.788468804664722578e-01,0.000000000000000000e+00,-7.184625072886297037e-01,-4.987988338192420046e-02,0.000000000000000000e+00,1.446949037900874702e+00,-5.788468804664722578e-01,0.000000000000000000e+00,0.000000000000000000e+00,0.000000000000000000e+00,-1.196676384839650137e-01,-3.528827988338192334e-01,3.498318367346938684e-01,0.000000000000000000e+00,7.174923148064875633e-01,0.000000000000000000e+00,0.000000000000000000e+00,0.000000000000000000e+00,-3.745727306611400520e-01,-3.498318367346938684e-01,0.000000000000000000e+00,7.187988338192419224e-01,0.000000000000000000e+00,0.000000000000000000e+00,0.000000000000000000e+00
1.870000,4.752924650709466903e-01,0.000000000000000000e+00,6.457247999161576102e-01,9.998141616611837534e-01,1.293376859402479091e-05,-1.926633018157303603e-02,6.711898364703951063e-04,-7.139694460641399232e-01,4.952886297376093289e-02,0.000000000000000000e+00,1.438033119533527637e+00,-5.754770845481049779e-01,0.000000000000000000e+00,-7.139694460641399232e-01,-4.952886297376093289e-02,0.000000000000000000e+00,1.438033119533527637e+00,-5.754770845481049779e-01,0.000000000000000000e+00,0.000000000000000000e+00,0.000000000000000000e+00,-1.186952495283827708e-01,-3.613072886297375996e-01,3.493404081632652813e-01,0.000000000000000000e+00,7.128270394177309566e-01,0.000000000000000000e+00,0.000000000000000000e+00,0.000000000000000000e+00,-4.021729214324233914e-01,-3.493404081632652813e-01,0.000000000000000000e+00,7.152886297376092051e-01,0.000000000000000000e+00,0.000000000000000000e+00,0.000000000000000000e+00
1.880000,4.779962779389391736e-01,0.000000000000000000e+00,6.472310945675294747e-01,9.998227251015872064e-01,2.128074686322922033e-05,-1.879458198427807342e-02,1.132080210072741906e-03,-7.066999416909620635e-01,4.896093294460641260e-02,0.000000000000000000e+00,1.423607696793002919e+00,-5.700249562682214721e-01,0.000000000000000000e+00,-7.066999416909620635e-01,-4.896093294460641260e-02,0.000000000000000000e+00,1.423607696793002919e+00,-5.700249562682214721e-01,0.000000000000000000e+00,0.000000000000000000e+00,0.000000000000000000e+00,-1.171198765220373694e-01,-3.749376093294460865e-01,3.485453061224489946e-01,0.000000000000000000e+00,7.061373342841421596e-01,0.000000000000000000e+00,0.000000000000000000e+00,0.000000000000000000e+00,-4.325772897563747721e-01,-3.485453061224489946e-01,0.000000000000000000e+00,7.096093294460641410e-01,0.000000000000000000e+00,0.000000000000000000e+00,0.000000000000000000e+00
1.890000,4.807374416418661034e-01,0.000000000000000000e+00,6.492979908373859299e-01,9.998319016339671794e-01,3.061491701822107163e-05,-1.825806292952931661e-02,1.676507021519132437e-03,-6.968331195335276673e-01,4.819008746355685213e-02,0.000000000000000000e+00,1.404028221574344037e+00,-5.626248396501457583e-01,0.000000000000000000e+00,-6.968331195335276673e-01,-4.819008746355685213e-02,0.000000000000000000e+00,1.404028221574344037e+00,-5.626248396501457583e-01,0.000000000000000000e+00,0.000000000000000000e+00,0.000000000000000000e+00,-1.149785628537129123e-01,-3.934379008746355932e-01,3.474661224489795641e-01,0.000000000000000000e+00,6.975563598561322909e-01,0.000000000000000000e+00,0.000000000000000000e+00,0.000000000000000000e+00,-4.655625530755190256e-01,-3.474661224489795641e-01,0.000000000000000000e+00,7.019008746355684947e-01,0.000000000000000000e+00,0.000000000000000000e+00,0.000000000000000000e+00
1.900000,4.835151791396689047e-01,0.000000000000000000e+00,6.519013062783820533e-01,9.998413760962902019e-01,4.070575283818967375e-05,-1.766098480900439235e-02,2.304474884776563579e-03,-6.845481049562681664e-01,4.723032069970845709e-02,0.000000000000000000e+00,1.379650145772594483e+00,-5.534110787172010770e-01,0.000000000000000000e+00,-6.845481049562681664e-01,-4.723032069970845709e-02,0.000000000000000000e+00,1.379650145772594483e+00,-5.534110787172010770e-01,0.000000000000000000e+00,0.000000000000000000e+00,0.000000000000000000e+00,-1.123083519121934326e-01,-4.164723032069971298e-01,3.461224489795918235e-01,0.000000000000000000e+00,6.872172765841129127e-01,0.000000000000000000e+00,0.000000000000000000e+00,0.000000000000000000e+00,-5.009054288323809834e-01,-3.461224489795918235e-01,0.000000000000000000e+00,6.923032069970844748e-01,0.000000000000000000e+00,0.000000000000000000e+00,0.000000000000000000e+00
1.910000,4.863287133922888916e-01,0.000000000000000000e+00,6.550168584431731444e-01,9.998508109209797157e-01,5.130225240821216758e-05,-1.700755961539310301e-02,3.015988174223319628e-03,-6.700240233236151033e-01,4.609562682215743307e-02,0.000000000000000000e+00,1.350828921282798634e+00,-5.425180174927113352e-01,0.000000000000000000e+00,-6.700240233236151033e-01,-4.609562682215743307e-02,0.000000000000000000e+00,1.350828921282798634e+00,-5.425180174927113352e-01,0.000000000000000000e+00,0.000000000000000000e+00,0.000000000000000000e+00,-1.091462870862630746e-01,-4.437049562682216508e-01,3.445338775510203844e-01,0.000000000000000000e+00,6.752532449184953656e-01,0.000000000000000000e+00,0.000000000000000000e+00,0.000000000000000000e+00,-5.383826344694854216e-01,-3.445338775510203844e-01,0.000000000000000000e+00,6.809562682215742901e-01,0.000000000000000000e+00,0.000000000000000000e+00,0.000000000000000000e+00
1.920000,4.891772673596672671e-01,0.000000000000000000e+00,6.586204648844145026e-01,9.998598485965352056e-01,6.213645784829633365e-05,-1.630199973235543429e-02,3.811050813184248091e-03,-6.534400000000002429e-01,4.480000000000002730e-02,0.000000000000000000e+00,1.317920000000000647e+00,-5.300800000000002177e-01,0.000000000000000000e+00,-6.534400000000002429e-01,-4.480000000000002730e-02,0.000000000000000000e+00,1.317920000000000647e+00,-5.300800000000002177e-01,0.000000000000000000e+00,0.000000000000000000e+00,0.000000000000000000e+00,-1.055294117647059549e-01,-4.747999999999994447e-01,3.427200000000000246e-01,0.000000000000000000e+00,6.617974253096917669e-01,0.000000000000000000e+00,0.000000000000000000e+00,0.000000000000000000e+00,-5.777708874293563390e-01,-3.427200000000000246e-01,0.000000000000000000e+00,6.680000000000001492e-01,0.000000000000000000e+00,0.000000000000000000e+00,0.000000000000000000e+00
1.930000,4.920600640017455674e-01,0.000000000000000000e+00,6.626879431547613164e-01,9.998681139521230499e-01,7.292697581800345425e-05,-1.554851811872488485e-02,4.689666064032542610e-03,-6.349751603498545727e-01,4.335743440233238988e-02,0.000000000000000000e+00,1.281278833819242680e+00,-5.162313702623908540e-01,0.000000000000000000e+00,-6.349751603498545727e-01,-4.335743440233238988e-02,0.000000000000000000e+00,1.281278833819242680e+00,-5.162313702623908540e-01,0.000000000000000000e+00,0.000000000000000000e+00,0.000000000000000000e+00,-1.014947693363060233e-01,-5.094215743440226873e-01,3.407004081632653003e-01,0.000000000000000000e+00,6.469829782081127911e-01,0.000000000000000000e+00,0.000000000000000000e+00,0.000000000000000000e+00,-6.188469051545200106e-01,-3.407004081632653003e-01,0.000000000000000000e+00,6.535743440233239276e-01,0.000000000000000000e+00,0.000000000000000000e+00,0.000000000000000000e+00
1.940000,4.949763262784649953e-01,0.000000000000000000e+00,6.671951108068688852e-01,9.998752162652662090e-01,8.338249891421757912e-05,-1.475132848337304056e-02,5.651836322983687898e-03,-6.148086297376096354e-01,4.178192419825076109e-02,0.000000000000000000e+00,1.241260874635569111e+00,-5.011064723032072621e-01,0.000000000000000000e+00,-6.148086297376096354e-01,-4.178192419825076109e-02,0.000000000000000000e+00,1.241260874635569111e+00,-5.011064723032072621e-01,0.000000000000000000e+00,0.000000000000000000e+00,0.000000000000000000e+00,-9.707940318984743799e-02,-5.472338192419818892e-01,3.384946938775510450e-01,0.000000000000000000e+00,6.309430640641697785e-01,0.000000000000000000e+00,0.000000000000000000e+00,0.000000000000000000e+00,-6.613874050875007127e-01,-3.384946938775510450e-01,0.000000000000000000e+00,6.378192419825075010e-01,0.000000000000000000e+00,0.000000000000000000e+00,0.000000000000000000e+00
1.950000,4.979252771497668650e-01,0.000000000000000000e+00,6.721177853933923974e-01,9.998807511927317870e-01,9.320532804962003382e-05,-1.391464544740847117e-02,6.697562922293216411e-03,-5.931195335276971958e-01,4.008746355685134655e-02,0.000000000000000000e+00,1.198221574344023876e+00,-4.848396501457727936e-01,0.000000000000000000e+00,-5.931195335276971958e-01,-4.008746355685134655e-02,0.000000000000000000e+00,1.198221574344023876e+00,-4.848396501457727936e-01,0.000000000000000000e+00,0.000000000000000000e+00,0.000000000000000000e+00,-9.232035671411428779e-02,-5.879008746355679493e-01,3.361224489795918702e-01,0.000000000000000000e+00,6.138108433282750687e-01,0.000000000000000000e+00,0.000000000000000000e+00,0.000000000000000000e+00,-7.051691046708231658e-01,-3.361224489795918702e-01,0.000000000000000000e+00,6.208746355685134111e-01,0.000000000000000000e+00,0.000000000000000000e+00,0.000000000000000000e+00
1.960000,5.009061395755924906e-01,0.000000000000000000e+00,6.774317844669871524e-01,9.998843025246926253e-01,1.020948958672857120e-04,-1.304268469062136275e-02,7.826845942154629296e-03,-5.700869970845484636e-01,3.828804664723035184e-02,0.000000000000000000e+00,1.152516384839650687e+00,-4.675652478134112999e-01,0.000000000000000000e+00,-5.700869970845484636e-01,-3.828804664723035184e-02,0.000000000000000000e+00,1.152516384839650687e+00,-4.675652478134112999e-01,0.000000000000000000e+00,0.000000000000000000e+00,0.000000000000000000e+00,-8.725467329789066140e-02,-6.310868804664716558e-01,3.336032653061224984e-01,0.000000000000000000e+00,5.957194764508394469e-01,0.000000000000000000e+00,0.000000000000000000e+00,0.000000000000000000e+00,-7.499687213470119795e-01,-3.336032653061224984e-01,0.000000000000000000e+00,6.028804664723035334e-01,0.000000000000000000e+00,0.000000000000000000e+00,0.000000000000000000e+00
1.970000,5.039181365158833525e-01,0.000000000000000000e+00,6.831129255803083389e-01,9.998854437622028968e-01,1.097512912132876016e-04,-1.213966307930092713e-02,9.039684034179328725e-03,-5.458901457725950923e-01,3.639766763848399644e-02,0.000000000000000000e+00,1.104500758017493256e+00,-4.494176093294462992e-01,0.000000000000000000e+00,-5.458901457725950923e-01,-3.639766763848399644e-02,0.000000000000000000e+00,1.104500758017493256e+00,-4.494176093294462992e-01,0.000000000000000000e+00,0.000000000000000000e+00,0.000000000000000000e+00,-8.191939632996063370e-02,-6.764559766763842408e-01,3.309567346938775967e-01,0.000000000000000000e+00,5.768021238822745866e-01,0.000000000000000000e+00,0.000000000000000000e+00,0.000000000000000000e+00,-7.955629725585923184e-01,-3.309567346938775967e-01,0.000000000000000000e+00,5.839766763848399656e-01,0.000000000000000000e+00,0.000000000000000000e+00,0.000000000000000000e+00
1.980000,5.069604909305807094e-01,0.000000000000000000e+00,6.891370262860111451e-01,9.998837395180084631e-01,1.158787846548883094e-04,-1.120979877274869835e-02,1.033607425792541432e-02,-5.207081049562686248e-01,3.443032069970848597e-02,0.000000000000000000e+00,1.054530145772595517e+00,-4.305310787172014209e-01,0.000000000000000000e+00,-5.207081049562686248e-01,-3.443032069970848597e-02,0.000000000000000000e+00,1.054530145772595517e+00,-4.305310787172014209e-01,0.000000000000000000e+00,0.000000000000000000e+00,0.000000000000000000e+00,-7.635156919910830731e-02,-7.236723032069963812e-01,3.282024489795918876e-01,0.000000000000000000e+00,5.571919460729920504e-01,0.000000000000000000e+00,0.000000000000000000e+00,0.000000000000000000e+00,-8.417285757480885700e-01,-3.282024489795918876e-01,0.000000000000000000e+00,5.643032069970849163e-01,0.000000000000000000e+00,0.000000000000000000e+00,0.000000000000000000e+00
1.990000,5.100324257796257088e-01,0.000000000000000000e+00,6.954799041367508705e-01,9.998787467406793361e-01,1.201893549973388276e-04,-1.025731130598521619e-02,1.171601193152701538e-02,-4.947200000000003817e-01,3.240000000000003294e-02,0.000000000000000000e+00,1.002960000000000740e+00,-4.110400000000002385e-01,0.000000000000000000e+00,-4.947200000000003817e-01,-3.240000000000003294e-02,0.000000000000000000e+00,1.002960000000000740e+00,-4.110400000000002385e-01,0.000000000000000000e+00,0.000000000000000000e+00,0.000000000000000000e+00,-7.058823529411772935e-02,-7.723999999999993094e-01,3.253600000000000381e-01,0.000000000000000000e+00,5.370221034734032894e-01,0.000000000000000000e+00,0.000000000000000000e+00,0.000000000000000000e+00,-8.882422483580261208e-01,-3.253600000000000381e-01,0.000000000000000000e+00,5.440000000000002611e-01,0.000000000000000000e+00,0.000000000000000000e+00,0.000000000000000000e+00
2.000000,5.131331640229598312e-01,0.000000000000000000e+00,7.021173766851828146e-01,9.998700157620304951e-01,1.224062167179359214e-04,-9.286421646301905655e-03,1.317949049706052325e-02,-4.681049562682219056e-01,3.032069970845483950e-02,0.000000000000000000e+00,9.501457725947528576e-01,-3.910787172011663815e-01,0.000000000000000000e+00,-4.681049562682219056e-01,-3.032069970845483950e-02,0.000000000000000000e+00,9.501457725947528576e-01,-3.910787172011663815e-01,0.000000000000000000e+00,0.000000000000000000e+00,0.000000000000000000e+00,-6.466643800377301632e-02,-8.223032069970841462e-01,3.224489795918367707e-01,0.000000000000000000e+00,5.164257565339194223e-01,0.000000000000000000e+00,0.000000000000000000e+00,0.000000000000000000e+00,-9.348807078309291363e-01,-3.224489795918367707e-01,0.000000000000000000e+00,5.232069970845483198e-01,0.000000000000000000e+00,0.000000000000000000e+00,0.000000000000000000e+00
2.010000,5.162619286205244462e-01,0.000000000000000000e+00,7.090252614839622769e-01,9.998570911677735484e-01,1.222673482021353517e-04,-8.301352221443051085e-03,1.472650140086854791e-02,-4.410420991253641843e-01,2.820641399416908002e-02,0.000000000000000000e+00,8.964429154518944731e-01,-3.707815743440230905e-01,0.000000000000000000e+00,-4.410420991253641843e-01,-2.820641399416908002e-02,0.000000000000000000e+00,8.964429154518944731e-01,-3.707815743440230905e-01,0.000000000000000000e+00,0.000000000000000000e+00,0.000000000000000000e+00,-5.862322071685811820e-02,-8.730460641399421240e-01,3.194889795918366970e-01,0.000000000000000000e+00,4.955360657049520667e-01,0.000000000000000000e+00,0.000000000000000000e+00,0.000000000000000000e+00,-9.814206716093236693e-01,-3.194889795918366970e-01,0.000000000000000000e+00,5.020641399416907458e-01,0.000000000000000000e+00,0.000000000000000000e+00,0.000000000000000000e+00
2.020000,5.194179425322609234e-01,0.000000000000000000e+00,7.161793760857441127e-01,9.998395124913221910e-01,1.195290206334277873e-04,-7.306326917315504078e-03,1.635703398864638003e-02,-4.137105539358603701e-01,2.607113702623909887e-02,0.000000000000000000e+00,8.422068804664728514e-01,-3.502829154518952715e-01,0.000000000000000000e+00,-4.137105539358603701e-01,-2.607113702623909887e-02,0.000000000000000000e+00,8.422068804664728514e-01,-3.502829154518952715e-01,0.000000000000000000e+00,0.000000000000000000e+00,0.000000000000000000e+00,-5.249562682215751230e-02,-9.242927113702618103e-01,3.164995918367347061e-01,0.000000000000000000e+00,4.744861914369136735e-01,0.000000000000000000e+00,0.000000000000000000e+00,0.000000000000000000e+00,-1.027638857135731554e+00,-3.164995918367347061e-01,0.000000000000000000e+00,4.807113702623909690e-01,0.000000000000000000e+00,0.000000000000000000e+00,0.000000000000000000e+00
2.030000,5.226004287181102992e-01,0.000000000000000000e+00,7.235555380431841765e-01,9.998168147306627507e-01,1.139693273564950938e-04,-6.305571043215088892e-03,1.807107541468076436e-02,-3.862894460641395078e-01,2.392886297376090737e-02,0.000000000000000000e+00,7.877931195335270420e-01,-3.297170845481046664e-01,0.000000000000000000e+00,-3.862894460641395078e-01,-2.392886297376090737e-02,0.000000000000000000e+00,7.877931195335270420e-01,-3.297170845481046664e-01,0.000000000000000000e+00,0.000000000000000000e+00,0.000000000000000000e+00,-4.632069970845474616e-02,-9.757072886297384340e-01,3.135004081632652984e-01,0.000000000000000000e+00,4.534092941802138066e-01,0.000000000000000000e+00,0.000000000000000000e+00,0.000000000000000000e+00,-1.073311981852681951e+00,-3.135004081632652984e-01,0.000000000000000000e+00,4.592886297376090887e-01,0.000000000000000000e+00,0.000000000000000000e+00,0.000000000000000000e+00
2.040000,5.258086101380141653e-01,0.000000000000000000e+00,7.311295649089369908e-01,9.997885286881852407e-01,1.053917135019280939e-04,-5.303311262631193491e-03,1.986861056421215452e-02,-3.589579008746358602e-01,2.179358600583092970e-02,0.000000000000000000e+00,7.335570845481054203e-01,-3.092184256559768474e-01,0.000000000000000000e+00,-3.589579008746358602e-01,-2.179358600583092970e-02,0.000000000000000000e+00,7.335570845481054203e-01,-3.092184256559768474e-01,0.000000000000000000e+00,0.000000000000000000e+00,0.000000000000000000e+00,-4.013548276453446362e-02,-1.026953935860057676e+00,3.105110204081633074e-01,0.000000000000000000e+00,4.324385343852661379e-01,0.000000000000000000e+00,0.000000000000000000e+00,0.000000000000000000e+00,-1.118216763202695141e+00,-3.105110204081633074e-01,0.000000000000000000e+00,4.379358600583093120e-01,0.000000000000000000e+00,0.000000000000000000e+00,0.000000000000000000e+00
2.050000,5.290417097519137801e-01,0.000000000000000000e+00,7.388772742356580769e-01,9.997541811333703343e-01,9.362850563044657537e-05,-4.303775487739293533e-03,2.174962198747913689e-02,-3.318950437317793045e-01,1.967930029154526042e-02,0.000000000000000000e+00,6.798542274052494783e-01,-2.889212827988343890e-01,0.000000000000000000e+00,-3.318950437317793045e-01,-1.967930029154526042e-02,0.000000000000000000e+00,6.798542274052494783e-01,-2.889212827988343890e-01,0.000000000000000000e+00,0.000000000000000000e+00,0.000000000000000000e+00,-3.397701937918045506e-02,-1.077696793002913989e+00,3.075510204081634003e-01,0.000000000000000000e+00,4.117070725024808975e-01,0.000000000000000000e+00,0.000000000000000000e+00,0.000000000000000000e+00,-1.162129918628298064e+00,-3.075510204081634003e-01,0.000000000000000000e+00,4.167930029154525151e-01,0.000000000000000000e+00,0.000000000000000000e+00,0.000000000000000000e+00
2.060000,5.322989505197505133e-01,0.000000000000000000e+00,7.467744835760032895e-01,9.997132947882249043e-01,7.854444112499128371e-05,-3.311192735723470122e-03,2.371408984358271133e-02,-3.052800000000002179e-01,1.760000000000001841e-02,0.000000000000000000e+00,6.270400000000003748e-01,-2.689600000000001434e-01,0.000000000000000000e+00,-3.052800000000002179e-01,-1.760000000000001841e-02,0.000000000000000000e+00,6.270400000000003748e-01,-2.689600000000001434e-01,0.000000000000000000e+00,0.000000000000000000e+00,0.000000000000000000e+00,-2.788235294117653862e-02,-1.127599999999999714e+00,3.046400000000000219e-01,0.000000000000000000e+00,3.913480689822687042e-01,0.000000000000000000e+00,0.000000000000000000e+00,0.000000000000000000e+00,-1.204828165572017440e+00,-3.046400000000000219e-01,0.000000000000000000e+00,3.960000000000001852e-01,0.000000000000000000e+00,0.000000000000000000e+00,0.000000000000000000e+00
2.070000,5.355795554014655124e-01,0.000000000000000000e+00,7.547970104826268178e-01,9.996653881353654292e-01,6.004019702999086169e-05,-2.329792945078326162e-03,2.576199185189471594e-02,-2.792918950437325853e-01,1.556967930029161049e-02,0.000000000000000000e+00,5.754698542274067075e-01,-2.494689212827993496e-01,0.000000000000000000e+00,-2.792918950437325853e-01,-1.556967930029161049e-02,0.000000000000000000e+00,5.754698542274067075e-01,-2.494689212827993496e-01,0.000000000000000000e+00,0.000000000000000000e+00,0.000000000000000000e+00,-2.188852683930736509e-02,-1.176327696793001421e+00,3.017975510204082834e-01,0.000000000000000000e+00,3.714946842750429523e-01,0.000000000000000000e+00,0.000000000000000000e+00,0.000000000000000000e+00,-1.246088221476374436e+00,-3.017975510204082834e-01,0.000000000000000000e+00,3.756967930029161407e-01,0.000000000000000000e+00,0.000000000000000000e+00,0.000000000000000000e+00
2.080000,5.388827473570003690e-01,0.000000000000000000e+00,7.629206725081848495e-01,9.996099750486653335e-01,3.805591800821203716e-05,-1.363806750028332586e-03,2.789330324831769403e-02,-2.541098542274054517e-01,1.360233236151606531e-02,0.000000000000000000e+00,5.254992419825077477e-01,-2.305823906705540827e-01,0.000000000000000000e+00,-2.541098542274054517e-01,-1.360233236151606531e-02,0.000000000000000000e+00,5.254992419825077477e-01,-2.305823906705540827e-01,0.000000000000000000e+00,0.000000000000000000e+00,0.000000000000000000e+00,-1.603258446235644730e-02,-1.223544023323614560e+00,2.990432653061225188e-01,0.000000000000000000e+00,3.522800788312134834e-01,0.000000000000000000e+00,0.000000000000000000e+00,0.000000000000000000e+00,-1.285686803783897325e+00,-2.990432653061225188e-01,0.000000000000000000e+00,3.560233236151605918e-01,0.000000000000000000e+00,0.000000000000000000e+00,0.000000000000000000e+00
2.090000,5.422077493462961195e-01,0.000000000000000000e+00,7.711212872053319067e-01,9.995465642463985390e-01,1.257474305648923816e-05,-4.174652111718044913e-04,3.010799674328403994e-02,-2.299130029154526356e-01,1.171195335276973420e-02,0.000000000000000000e+00,4.774836151603512047e-01,-2.124347521865894151e-01,0.000000000000000000e+00,-2.299130029154526356e-01,-1.171195335276973420e-02,0.000000000000000000e+00,4.774836151603512047e-01,-2.124347521865894151e-01,0.000000000000000000e+00,0.000000000000000000e+00,0.000000000000000000e+00,-1.035156919910838746e-02,-1.268913119533526590e+00,2.963967346938776726e-01,0.000000000000000000e+00,3.338374131011929702e-01,0.000000000000000000e+00,0.000000000000000000e+00,0.000000000000000000e+00,-1.323400629937107720e+00,-2.963967346938776726e-01,0.000000000000000000e+00,3.371195335276974125e-01,0.000000000000000000e+00,0.000000000000000000e+00,0.000000000000000000e+00
2.100000,5.455537843292944666e-01,0.000000000000000000e+00,7.793746721267239552e-01,9.994746585668464745e-01,-1.637366940834279045e-05,5.050004995986358139e-04,3.240604247797071458e-02,-2.068804664723033482e-01,9.912536443148704801e-03,0.000000000000000000e+00,4.317784256559769052e-01,-1.951603498542274773e-01,0.000000000000000000e+00,-2.068804664723033482e-01,-9.912536443148704801e-03,0.000000000000000000e+00,4.317784256559769052e-01,-1.951603498542274773e-01,0.000000000000000000e+00,0.000000000000000000e+00,0.000000000000000000e+00,-4.882524438346816376e-03,-1.312099125364431629e+00,2.938775510204081898e-01,0.000000000000000000e+00,3.162998475353915873e-01,0.000000000000000000e+00,0.000000000000000000e+00,0.000000000000000000e+00,-1.359006417378533449e+00,-2.938775510204081898e-01,0.000000000000000000e+00,3.191253644314870352e-01,0.000000000000000000e+00,0.000000000000000000e+00,0.000000000000000000e+00
2.110000,5.489200752659363358e-01,0.000000000000000000e+00,7.876566448250152952e-01,9.993937540663666574e-01,-4.870961851327314105e-05,1.399359461918155178e-03,3.478740797478368368e-02,-1.851913702623914082e-01,8.218075801749331888e-03,0.000000000000000000e+00,3.887391253644330025e-01,-1.788935276967935084e-01,0.000000000000000000e+00,-1.851913702623914082e-01,-8.218075801749331888e-03,0.000000000000000000e+00,3.887391253644330025e-01,-1.788935276967935084e-01,0.000000000000000000e+00,0.000000000000000000e+00,0.000000000000000000e+00,3.375064311437053766e-04,-1.352766180758016468e+00,2.915053061224490705e-01,0.000000000000000000e+00,2.998005425842224514e-01,0.000000000000000000e+00,0.000000000000000000e+00,0.000000000000000000e+00,-1.392280883550696124e+00,-2.915053061224490705e-01,0.000000000000000000e+00,3.021807580174932784e-01,0.000000000000000000e+00,0.000000000000000000e+00,0.000000000000000000e+00
2.120000,5.523058451161634297e-01,0.000000000000000000e+00,7.959430228528621143e-01,9.993033389399753608e-01,-8.429984039619959832e-05,2.261381419630355879e-03,3.725205807775641698e-02,-1.650248396501458048e-01,6.642565597667654531e-03,0.000000000000000000e+00,3.487211661807581020e-01,-1.637686297376094169e-01,0.000000000000000000e+00,-1.650248396501458048e-01,-6.642565597667654531e-03,0.000000000000000000e+00,3.487211661807581020e-01,-1.637686297376094169e-01,0.000000000000000000e+00,0.000000000000000000e+00,0.000000000000000000e+00,5.271480020579630277e-03,-1.390578425655977002e+00,2.892995918367347041e-01,0.000000000000000000e+00,2.844726586980953487e-01,0.000000000000000000e+00,0.000000000000000000e+00,0.000000000000000000e+00,-1.423000745896124020e+00,-2.892995918367347041e-01,0.000000000000000000e+00,2.864256559766765742e-01,0.000000000000000000e+00,0.000000000000000000e+00,0.000000000000000000e+00
2.130000,5.557103168399166737e-01,0.000000000000000000e+00,8.042096237629189348e-01,9.992028922645480593e-01,-1.229539906661341686e-04,3.086837245554704869e-03,3.979995487808501986e-02,-1.465600000000005787e-01,5.200000000000051803e-03,0.000000000000000000e+00,3.120800000000010233e-01,-1.499200000000003308e-01,0.000000000000000000e+00,-1.465600000000005787e-01,-5.200000000000051803e-03,0.000000000000000000e+00,3.120800000000010233e-01,-1.499200000000003308e-01,0.000000000000000000e+00,0.000000000000000000e+00,0.000000000000000000e+00,9.882352941176342220e-03,-1.425199999999999356e+00,2.872800000000000908e-01,0.000000000000000000e+00,2.704493563274232293e-01,0.000000000000000000e+00,0.000000000000000000e+00,0.000000000000000000e+00,-1.450942721857338302e+00,-2.872800000000000908e-01,0.000000000000000000e+00,2.720000000000004636e-01,0.000000000000000000e+00,0.000000000000000000e+00,0.000000000000000000e+00
2.140000,5.591327133971378816e-01,0.000000000000000000e+00,8.124322651078416113e-01,9.990918825648112955e-01,-1.644211303867798948e-04,3.871499460706947886e-03,4.243105761961430550e-02,-1.299759766763848301e-01,3.904373177842576648e-03,0.000000000000000000e+00,2.791710787172010377e-01,-1.374819825072886026e-01,0.000000000000000000e+00,-1.299759766763848301e-01,-3.904373177842576648e-03,0.000000000000000000e+00,2.791710787172010377e-01,-1.374819825072886026e-01,0.000000000000000000e+00,0.000000000000000000e+00,0.000000000000000000e+00,1.413308180415021043e-02,-1.456295043731778760e+00,2.854661224489796201e-01,0.000000000000000000e+00,2.578637959226162124e-01,0.000000000000000000e+00,0.000000000000000000e+00,0.000000000000000000e+00,-1.475883528876867690e+00,-2.854661224489796201e-01,0.000000000000000000e+00,2.590437317784256566e-01,0.000000000000000000e+00,0.000000000000000000e+00,0.000000000000000000e+00
2.150000,5.625722577477677566e-01,0.000000000000000000e+00,8.205867644402846661e-01,9.989697662023783176e-01,-2.083862161588221447e-04,4.611142810492243130e-03,4.514532257866773340e-02,-1.154518950437321001e-01,2.769679300291580382e-03,0.000000000000000000e+00,2.503498542274058547e-01,-1.265889212827989718e-01,0.000000000000000000e+00,-1.154518950437321001e-01,-2.769679300291580382e-03,0.000000000000000000e+00,2.503498542274058547e-01,-1.265889212827989718e-01,0.000000000000000000e+00,0.000000000000000000e+00,0.000000000000000000e+00,1.798662322071675757e-02,-1.483527696793002670e+00,2.838775510204082364e-01,0.000000000000000000e+00,2.468491379340870262e-01,0.000000000000000000e+00,0.000000000000000000e+00,0.000000000000000000e+00,-1.497599884397233128e+00,-2.838775510204082364e-01,0.000000000000000000e+00,2.476967930029156939e-01,0.000000000000000000e+00,0.000000000000000000e+00,0.000000000000000000e+00
2.160000,5.660281728517483346e-01,0.000000000000000000e+00,8.286489393129041758e-01,9.988359855881701055e-01,-2.544665949275504873e-04,5.301544900569212133e-03,4.794270291220884689e-02,-1.031668804664723771e-01,1.809912536443164521e-03,0.000000000000000000e+00,2.259717784256560780e-01,-1.173751603498542906e-01,0.000000000000000000e+00,-1.031668804664723771e-01,-1.809912536443164521e-03,0.000000000000000000e+00,2.259717784256560780e-01,-1.173751603498542906e-01,0.000000000000000000e+00,0.000000000000000000e+00,0.000000000000000000e+00,2.140593380209224184e-02,-1.506562099125364762e+00,2.825338775510204403e-01,0.000000000000000000e+00,2.375385428122460674e-01,0.000000000000000000e+00,0.000000000000000000e+00,0.000000000000000000e+00,-1.515868505860962223e+00,-2.825338775510204403e-01,0.000000000000000000e+00,2.380991253644315631e-01,0.000000000000000000e+00,0.000000000000000000e+00,0.000000000000000000e+00
2.170000,5.694996816690202079e-01,0.000000000000000000e+00,8.365946072783544407e-01,9.986899672186680954e-01,-3.022085042006945866e-04,5.938486895277860292e-03,5.082314846790154245e-02,-9.330005830903809194e-02,1.039067055393624872e-03,0.000000000000000000e+00,2.063923032069974184e-01,-1.099750437317785767e-01,0.000000000000000000e+00,-9.330005830903809194e-02,-1.039067055393624872e-03,0.000000000000000000e+00,2.063923032069974184e-01,-1.099750437317785767e-01,0.000000000000000000e+00,0.000000000000000000e+00,0.000000000000000000e+00,2.435397015949231081e-02,-1.525062390670553825e+00,2.814546938775510654e-01,0.000000000000000000e+00,2.300651710075057865e-01,0.000000000000000000e+00,0.000000000000000000e+00,0.000000000000000000e+00,-1.530466110710577921e+00,-2.814546938775510654e-01,0.000000000000000000e+00,2.303906705539361388e-01,0.000000000000000000e+00,0.000000000000000000e+00,0.000000000000000000e+00
2.180000,5.729860071595255233e-01,0.000000000000000000e+00,8.443995858892916484e-01,9.985311195365595971e-01,-3.510835784283157426e-04,6.517754281742715698e-03,5.378660554923418713e-02,-8.603055393585989918e-02,4.711370262390629504e-04,0.000000000000000000e+00,1.919668804664722561e-01,-1.045229154518949599e-01,0.000000000000000000e+00,-8.603055393585989918e-02,-4.711370262390629504e-04,0.000000000000000000e+00,1.919668804664722561e-01,-1.045229154518949599e-01,0.000000000000000000e+00,0.000000000000000000e+00,0.000000000000000000e+00,2.679368890413308391e-02,-1.538692711370262867e+00,2.806595918367347231e-01,0.000000000000000000e+00,2.245621829702767469e-01,0.000000000000000000e+00,0.000000000000000000e+00,0.000000000000000000e+00,-1.541169416388606939e+00,-2.806595918367347231e-01,0.000000000000000000e+00,2.247113702623907416e-01,0.000000000000000000e+00,0.000000000000000000e+00,0.000000000000000000e+00
2.190000,5.764863722832048731e-01,0.000000000000000000e+00,8.520396926983703212e-01,9.983588306164693504e-01,-4.004853623732069741e-04,7.035137702997508631e-03,5.683301662845496177e-02,-8.153749271137034071e-02,1.201166180758300728e-04,0.000000000000000000e+00,1.830509620991254138e-01,-1.011531195335276800e-01,0.000000000000000000e+00,-8.153749271137034071e-02,-1.201166180758300728e-04,0.000000000000000000e+00,1.830509620991254138e-01,-1.011531195335276800e-01,0.000000000000000000e+00,0.000000000000000000e+00,0.000000000000000000e+00,2.868804664723026421e-02,-1.547117201166180678e+00,2.801681632653061360e-01,0.000000000000000000e+00,2.211627391509710661e-01,0.000000000000000000e+00,0.000000000000000000e+00,0.000000000000000000e+00,-1.547755140337572444e+00,-2.801681632653061360e-01,0.000000000000000000e+00,2.212011661807582463e-01,0.000000000000000000e+00,0.000000000000000000e+00,0.000000000000000000e+00
2.200000,5.799999999999999600e-01,0.000000000000000000e+00,8.594907452582463137e-01,9.981724656766169934e-01,-4.497258323884869625e-04,7.486433863735965366e-03,5.996231999966775833e-02,-8.000000000000000167e-02,0.000000000000000000e+00,0.000000000000000000e+00,1.799999999999999933e-01,-1.000000000000000056e-01,0.000000000000000000e+00,-8.000000000000000167e-02,0.000000000000000000e+00,0.000000000000000000e+00,1.799999999999999933e-01,-1.000000000000000056e-01,0.000000000000000000e+00,0.000000000000000000e+00,0.000000000000000000e+00,2.999999999999999889e-02,-1.550000000000000044e+00,2.800000000000000266e-01,0.000000000000000000e+00,2.200000000000000011e-01,0.000000000000000000e+00,0.000000000000000000e+00,0.000000000000000000e+00,-1.550000000000000044e+00,-2.800000000000000266e-01,0.000000000000000000e+00,2.200000000000000011e-01,0.000000000000000000e+00,0.000000000000000000e+00,0.000000000000000000e+00
2.210000,5.835625937345637615e-01,0.000000000000000000e+00,8.670382245993606407e-01,9.979049974816553981e-01,-5.085181092663214808e-04,7.903041361461384667e-03,6.420980725488059648e-02,-8.057705644230968300e-02,0.000000000000000000e+00,0.000000000000000000e+00,1.812536769075949739e-01,-1.003830801493529740e-01,0.000000000000000000e+00,-8.057705644230968300e-02,0.000000000000000000e+00,0.000000000000000000e+00,1.812536769075949739e-01,-1.003830801493529740e-01,0.000000000000000000e+00,2.882798833819125509e-04,0.000000000000000000e+00,3.098170073846474512e-02,-1.549720172819558206e+00,2.803823991111532021e-01,0.000000000000000000e+00,2.203493400059686191e-01,0.000000000000000000e+00,0.000000000000000000e+00,0.000000000000000000e+00,-1.549720172819558206e+00,-2.803823991111532021e-01,0.000000000000000000e+00,2.203493400059686191e-01,0.000000000000000000e+00,0.000000000000000000e+00,0.000000000000000000e+00
2.220000,5.872069773560378847e-01,0.000000000000000000e+00,8.749663514585650503e-01,9.974737679827229142e-01,-5.883045760809053068e-04,8.318402850741476312e-03,7.054459765345362510e-02,-8.227106906894310345e-02,0.000000000000000000e+00,0.000000000000000000e+00,1.849286808153209616e-01,-1.015064600276200796e-01,0.000000000000000000e+00,-8.227106906894310345e-02,0.000000000000000000e+00,0.000000000000000000e+00,1.849286808153209616e-01,-1.015064600276200796e-01,0.000000000000000000e+00,1.130728862973765046e-03,0.000000000000000000e+00,3.191166889339139973e-02,-1.548894404439917105e+00,2.815057367652695763e-01,0.000000000000000000e+00,2.213754688827161976e-01,0.000000000000000000e+00,0.000000000000000000e+00,0.000000000000000000e+00,-1.548894404439917105e+00,-2.815057367652695763e-01,0.000000000000000000e+00,2.213754688827161976e-01,0.000000000000000000e+00,0.000000000000000000e+00,0.000000000000000000e+00
2.230000,5.909280544910957556e-01,0.000000000000000000e+00,8.832490529481269448e-01,9.968467071404192303e-01,-6.907845580203234763e-04,8.731286798936661181e-03,7.886653226072831702e-02,-8.502630282945650153e-02,0.000000000000000000e+00,0.000000000000000000e+00,1.908959715005887903e-01,-1.033313487801135189e-01,0.000000000000000000e+00,-8.502630282945650153e-02,0.000000000000000000e+00,0.000000000000000000e+00,1.908959715005887903e-01,-1.033313487801135189e-01,0.000000000000000000e+00,2.493760932944579477e-03,0.000000000000000000e+00,3.279241345811205466e-02,-1.547543264603604030e+00,2.833342234433338658e-01,0.000000000000000000e+00,2.230455499185050594e-01,0.000000000000000000e+00,0.000000000000000000e+00,0.000000000000000000e+00,-1.547543264603604030e+00,-2.833342234433338658e-01,0.000000000000000000e+00,2.230455499185050594e-01,0.000000000000000000e+00,0.000000000000000000e+00,0.000000000000000000e+00
2.240000,5.947207287664109110e-01,0.000000000000000000e+00,8.918602561803160578e-01,9.959827211339246089e-01,-8.174508573183251114e-04,9.140327106705530003e-03,8.907415672989159316e-02,-8.878702267340650434e-02,0.000000000000000000e+00,0.000000000000000000e+00,1.990265087408102651e-01,-1.058189555521456965e-01,0.000000000000000000e+00,-8.878702267340650434e-02,0.000000000000000000e+00,0.000000000000000000e+00,1.990265087408102651e-01,-1.058189555521456965e-01,0.000000000000000000e+00,4.343790087463572126e-03,0.000000000000000000e+00,3.362644342595891983e-02,-1.545687323053145601e+00,2.858320696263312310e-01,0.000000000000000000e+00,2.253267464015977772e-01,0.000000000000000000e+00,0.000000000000000000e+00,0.000000000000000000e+00,-1.545687323053145601e+00,-2.858320696263312310e-01,0.000000000000000000e+00,2.253267464015977772e-01,0.000000000000000000e+00,0.000000000000000000e+00,0.000000000000000000e+00
2.250000,5.985799038086571100e-01,0.000000000000000000e+00,9.007738882673997916e-01,9.948336270145570204e-01,-9.695709160550949543e-04,9.544024708090844550e-03,1.010644649996787908e-01,-9.349749355034915610e-02,0.000000000000000000e+00,0.000000000000000000e+00,2.091912523133957758e-01,-1.089304894890286562e-01,0.000000000000000000e+00,-9.349749355034915610e-02,0.000000000000000000e+00,0.000000000000000000e+00,2.091912523133957758e-01,-1.089304894890286562e-01,0.000000000000000000e+00,6.647230320699675649e-03,0.000000000000000000e+00,3.441626779026408373e-02,-1.543347149531069107e+00,2.889634857952464997e-01,0.000000000000000000e+00,2.281862216202566185e-01,0.000000000000000000e+00,0.000000000000000000e+00,0.000000000000000000e+00,-1.543347149531069107e+00,-2.889634857952464997e-01,0.000000000000000000e+00,2.281862216202566185e-01,0.000000000000000000e+00,0.000000000000000000e+00,0.000000000000000000e+00
2.260000,6.025004832445080005e-01,0.000000000000000000e+00,9.099638763216477688e-01,9.933460048299292966e-01,-1.148168820058462951e-03,9.940753983816249043e-03,1.147326361895860819e-01,-9.910198040984130596e-02,0.000000000000000000e+00,0.000000000000000000e+00,2.212611619957574605e-01,-1.126271597360749416e-01,0.000000000000000000e+00,-9.910198040984130596e-02,0.000000000000000000e+00,0.000000000000000000e+00,2.212611619957574605e-01,-1.126271597360749416e-01,0.000000000000000000e+00,9.370495626822190893e-03,0.000000000000000000e+00,3.516439554435975279e-02,-1.540543313779900947e+00,2.926926824310649433e-01,0.000000000000000000e+00,2.315911388627442391e-01,0.000000000000000000e+00,0.000000000000000000e+00,0.000000000000000000e+00,-1.540543313779900947e+00,-2.926926824310649433e-01,0.000000000000000000e+00,2.315911388627442391e-01,0.000000000000000000e+00,0.000000000000000000e+00,0.000000000000000000e+00
2.270000,6.064773707006368975e-01,0.000000000000000000e+00,9.194041474553277249e-01,9.914629675385698837e-01,-1.354008475980685283e-03,1.032877385225837441e-02,1.299717934452269963e-01,-1.055447482014388039e-01,0.000000000000000000e+00,0.000000000000000000e+00,2.351071975653054591e-01,-1.168701754385964575e-01,0.000000000000000000e+00,-1.055447482014388039e-01,0.000000000000000000e+00,0.000000000000000000e+00,2.351071975653054591e-01,-1.168701754385964575e-01,0.000000000000000000e+00,1.247999999999996855e-02,0.000000000000000000e+00,3.587333568157801550e-02,-1.537296385542168853e+00,2.969838700147710564e-01,0.000000000000000000e+00,2.355086614173228232e-01,0.000000000000000000e+00,0.000000000000000000e+00,0.000000000000000000e+00,-1.537296385542168853e+00,-2.969838700147710564e-01,0.000000000000000000e+00,2.355086614173228232e-01,0.000000000000000000e+00,0.000000000000000000e+00,0.000000000000000000e+00
2.280000,6.105054698037177818e-01,0.000000000000000000e+00,9.290686287807088384e-01,9.891258479716666940e-01,-1.587578347205256162e-03,1.070624332079942766e-02,1.466728087386306167e-01,-1.127700618746986239e-01,0.000000000000000000e+00,0.000000000000000000e+00,2.506003187994521597e-01,-1.216207457419058724e-01,0.000000000000000000e+00,-1.127700618746986239e-01,0.000000000000000000e+00,0.000000000000000000e+00,2.506003187994521597e-01,-1.216207457419058724e-01,0.000000000000000000e+00,1.594215743440238753e-02,0.000000000000000000e+00,3.654559719525107137e-02,-1.533626934560399002e+00,3.018012590273502216e-01,0.000000000000000000e+00,2.399059525722550823e-01,0.000000000000000000e+00,0.000000000000000000e+00,0.000000000000000000e+00,-1.533626934560399002e+00,-3.018012590273502216e-01,0.000000000000000000e+00,2.399059525722550823e-01,0.000000000000000000e+00,0.000000000000000000e+00,0.000000000000000000e+00
2.290000,6.145796841804236355e-01,0.000000000000000000e+00,9.389312474100590666e-01,9.862758008442177315e-01,-1.849078168301026203e-03,1.107124119762840572e-02,1.647241730814529570e-01,-1.207221863791765326e-01,0.000000000000000000e+00,0.000000000000000000e+00,2.676114854756075356e-01,-1.268400797913150080e-01,0.000000000000000000e+00,-1.207221863791765326e-01,0.000000000000000000e+00,0.000000000000000000e+00,2.676114854756075356e-01,-1.268400797913150080e-01,0.000000000000000000e+00,1.972338192419823000e-02,0.000000000000000000e+00,3.718368907871103662e-02,-1.529555530577119127e+00,3.071090599497870444e-01,0.000000000000000000e+00,2.447501756158031172e-01,0.000000000000000000e+00,0.000000000000000000e+00,0.000000000000000000e+00,-1.529555530577119127e+00,-3.071090599497870444e-01,0.000000000000000000e+00,2.447501756158031172e-01,0.000000000000000000e+00,0.000000000000000000e+00,0.000000000000000000e+00
2.300000,6.186949174574288834e-01,0.000000000000000000e+00,9.489659304556478103e-01,9.828553165159594762e-01,-2.138408071531451397e-03,1.142178958170166590e-02,1.840119472479548324e-01,-1.293453866644295736e-01,0.000000000000000000e+00,0.000000000000000000e+00,2.860116573711840582e-01,-1.324893867321365881e-01,0.000000000000000000e+00,-1.293453866644295736e-01,0.000000000000000000e+00,0.000000000000000000e+00,2.860116573711840582e-01,-1.324893867321365881e-01,0.000000000000000000e+00,2.379008746355693038e-02,0.000000000000000000e+00,3.779012032529009690e-02,-1.525102743334855404e+00,3.128714832630669629e-01,0.000000000000000000e+00,2.500084938362297504e-01,0.000000000000000000e+00,0.000000000000000000e+00,0.000000000000000000e+00,-1.525102743334855404e+00,-3.128714832630669629e-01,0.000000000000000000e+00,2.500084938362297504e-01,0.000000000000000000e+00,0.000000000000000000e+00,0.000000000000000000e+00
2.310000,6.228460732614063966e-01,0.000000000000000000e+00,9.591466050297425827e-01,9.788096419742049470e-01,-2.455160552210501786e-03,1.175588066818796656e-02,2.044198039200382788e-01,-1.385839276800134579e-01,0.000000000000000000e+00,0.000000000000000000e+00,3.056717942635913676e-01,-1.385298757096823652e-01,0.000000000000000000e+00,-1.385839276800134579e-01,0.000000000000000000e+00,0.000000000000000000e+00,3.056717942635913676e-01,-1.385298757096823652e-01,0.000000000000000000e+00,2.810868804664722401e-02,0.000000000000000000e+00,3.836739992832034762e-02,-1.520289142576135344e+00,3.190527394481743051e-01,0.000000000000000000e+00,2.556480705217969995e-01,0.000000000000000000e+00,0.000000000000000000e+00,0.000000000000000000e+00,-1.520289142576135344e+00,-3.190527394481743051e-01,0.000000000000000000e+00,2.556480705217969995e-01,0.000000000000000000e+00,0.000000000000000000e+00,0.000000000000000000e+00
2.320000,6.270280552190301560e-01,0.000000000000000000e+00,9.694471982446124514e-01,9.740881034558842577e-01,-2.798615672794843665e-03,1.207150633042650655e-02,2.258291681580325838e-01,-1.483820743754848404e-01,0.000000000000000000e+00,0.000000000000000000e+00,3.264628559302416022e-01,-1.449227558692648965e-01,0.000000000000000000e+00,-1.483820743754848404e-01,0.000000000000000000e+00,0.000000000000000000e+00,3.264628559302416022e-01,-1.449227558692648965e-01,0.000000000000000000e+00,3.264559766763838744e-02,0.000000000000000000e+00,3.891803688113396748e-02,-1.515135298043486012e+00,3.256170389860944536e-01,0.000000000000000000e+00,2.616360689607675760e-01,0.000000000000000000e+00,0.000000000000000000e+00,0.000000000000000000e+00,-1.515135298043486012e+00,-3.256170389860944536e-01,0.000000000000000000e+00,2.616360689607675760e-01,0.000000000000000000e+00,0.000000000000000000e+00,0.000000000000000000e+00
2.330000,6.312357669569739205e-01,0.000000000000000000e+00,9.798416372125264839e-01,9.686453243237772570e-01,-3.167739859401587366e-03,1.236668986960495244e-02,2.481194592762457629e-01,-1.586840917004006535e-01,0.000000000000000000e+00,0.000000000000000000e+00,3.482558021485468447e-01,-1.516292363561966283e-01,0.000000000000000000e+00,-1.586840917004006535e-01,0.000000000000000000e+00,0.000000000000000000e+00,3.482558021485468447e-01,-1.516292363561966283e-01,0.000000000000000000e+00,3.736723032069971806e-02,0.000000000000000000e+00,3.944454017706312821e-02,-1.509661779479433807e+00,3.325285923578125136e-01,0.000000000000000000e+00,2.679396524414040526e-01,0.000000000000000000e+00,0.000000000000000000e+00,0.000000000000000000e+00,-1.509661779479433807e+00,-3.325285923578125136e-01,0.000000000000000000e+00,2.679396524414040526e-01,0.000000000000000000e+00,0.000000000000000000e+00,0.000000000000000000e+00
2.340000,6.354641121019106720e-01,0.000000000000000000e+00,9.903038490457523046e-01,9.624423313213545939e-01,-3.561188580412965807e-03,1.263951926253729756e-02,2.711684335785098376e-01,-1.694342446043163863e-01,0.000000000000000000e+00,0.000000000000000000e+00,3.709215926959164022e-01,-1.586105263157893408e-01,0.000000000000000000e+00,-1.694342446043163863e-01,0.000000000000000000e+00,0.000000000000000000e+00,3.709215926959164022e-01,-1.586105263157893408e-01,0.000000000000000000e+00,4.223999999999990956e-02,0.000000000000000000e+00,3.994941880943993218e-02,-1.503889156626506240e+00,3.397516100443130349e-01,0.000000000000000000e+00,2.745259842519683913e-01,0.000000000000000000e+00,0.000000000000000000e+00,0.000000000000000000e+00,-1.503889156626506240e+00,-3.397516100443130349e-01,0.000000000000000000e+00,2.745259842519683913e-01,0.000000000000000000e+00,0.000000000000000000e+00,0.000000000000000000e+00
2.350000,6.397079942805147246e-01,0.000000000000000000e+00,1.000807760856559314e+00,9.554475421917166811e-01,-3.977313117008733113e-03,1.288818118857450873e-02,2.948526240104154539e-01,-1.805767980367893599e-01,0.000000000000000000e+00,0.000000000000000000e+00,3.943311873497634124e-01,-1.658278348933558966e-01,0.000000000000000000e+00,-1.805767980367893599e-01,0.000000000000000000e+00,0.000000000000000000e+00,3.943311873497634124e-01,-1.658278348933558966e-01,0.000000000000000000e+00,4.723032069970849178e-02,0.000000000000000000e+00,4.043518177159657889e-02,-1.497837999227229488e+00,3.472503025265815113e-01,0.000000000000000000e+00,2.813622276807236644e-01,0.000000000000000000e+00,0.000000000000000000e+00,0.000000000000000000e+00,-1.497837999227229488e+00,-3.472503025265815113e-01,0.000000000000000000e+00,2.813622276807236644e-01,0.000000000000000000e+00,0.000000000000000000e+00,0.000000000000000000e+00
2.360000,6.439623171194591711e-01,0.000000000000000000e+00,1.011327299757215359e+00,9.476376278801833530e-01,-4.414171542426595547e-03,1.311099508112398629e-02,3.190478696421525373e-01,-1.920560169473749523e-01,0.000000000000000000e+00,0.000000000000000000e+00,4.183555458874970157e-01,-1.732423712342078814e-01,0.000000000000000000e+00,-1.920560169473749523e-01,0.000000000000000000e+00,0.000000000000000000e+00,4.183555458874970157e-01,-1.732423712342078814e-01,0.000000000000000000e+00,5.230460641399409250e-02,0.000000000000000000e+00,4.090433805686516378e-02,-1.491528877024131727e+00,3.549888802856022707e-01,0.000000000000000000e+00,2.884155460159316120e-01,0.000000000000000000e+00,0.000000000000000000e+00,0.000000000000000000e+00,-1.491528877024131727e+00,-3.549888802856022707e-01,0.000000000000000000e+00,2.884155460159316120e-01,0.000000000000000000e+00,0.000000000000000000e+00,0.000000000000000000e+00
2.370000,6.482219842454179926e-01,0.000000000000000000e+00,1.021836392859989839e+00,9.389982431506496141e-01,-4.869543923546841048e-03,1.330644642947439310e-02,3.436299250434827757e-01,-2.038161662856305401e-01,0.000000000000000000e+00,0.000000000000000000e+00,4.428656280865306272e-01,-1.808153444836582135e-01,0.000000000000000000e+00,-2.038161662856305401e-01,0.000000000000000000e+00,0.000000000000000000e+00,4.428656280865306272e-01,-1.808153444836582135e-01,0.000000000000000000e+00,5.742927113702628317e-02,0.000000000000000000e+00,4.135939665857789327e-02,-1.484982359759738690e+00,3.629315538023608623e-01,0.000000000000000000e+00,2.956531025458553064e-01,0.000000000000000000e+00,0.000000000000000000e+00,0.000000000000000000e+00,-1.484982359759738690e+00,-3.629315538023608623e-01,0.000000000000000000e+00,2.956531025458553064e-01,0.000000000000000000e+00,0.000000000000000000e+00,0.000000000000000000e+00
2.380000,6.524818992850642818e-01,0.000000000000000000e+00,1.032308967277150158e+00,9.295246204197404882e-01,-5.340951648483480488e-03,1.347321855415479878e-02,3.684751370863686426e-01,-2.158015110011116122e-01,0.000000000000000000e+00,0.000000000000000000e+00,4.677323937242733320e-01,-1.885079637870185343e-01,0.000000000000000000e+00,-2.158015110011116122e-01,0.000000000000000000e+00,0.000000000000000000e+00,4.677323937242733320e-01,-1.885079637870185343e-01,0.000000000000000000e+00,6.257072886297371239e-02,0.000000000000000000e+00,4.180286657006686279e-02,-1.478219017176578109e+00,3.710425335578417805e-01,0.000000000000000000e+00,3.030420605587566540e-01,0.000000000000000000e+00,0.000000000000000000e+00,0.000000000000000000e+00,-1.478219017176578109e+00,-3.710425335578417805e-01,0.000000000000000000e+00,3.030420605587566540e-01,0.000000000000000000e+00,0.000000000000000000e+00,0.000000000000000000e+00
2.390000,6.567369658650722419e-01,0.000000000000000000e+00,1.042718950120965937e+00,9.192220229213018401e-01,-5.825680671003954404e-03,1.361022209488002566e-02,3.934611745467616606e-01,-2.279563160433754621e-01,0.000000000000000000e+00,0.000000000000000000e+00,4.928268025781381567e-01,-1.962814382896016507e-01,0.000000000000000000e+00,-2.279563160433754621e-01,0.000000000000000000e+00,0.000000000000000000e+00,4.928268025781381567e-01,-1.962814382896016507e-01,0.000000000000000000e+00,6.769539358600590306e-02,0.000000000000000000e+00,4.223725678466425798e-02,-1.471259419017176384e+00,3.792860300330304080e-01,0.000000000000000000e+00,3.105495833428985608e-01,0.000000000000000000e+00,0.000000000000000000e+00,0.000000000000000000e+00,-1.471259419017176384e+00,-3.792860300330304080e-01,0.000000000000000000e+00,3.105495833428985608e-01,0.000000000000000000e+00,0.000000000000000000e+00,0.000000000000000000e+00
2.400000,6.609820876121148547e-01,0.000000000000000000e+00,1.053040268503704802e+00,9.081060549143760152e-01,-6.320808350731686558e-03,1.371662148458326069e-02,4.184677941068946083e-01,-2.402248463619774399e-01,0.000000000000000000e+00,0.000000000000000000e+00,5.180198144255345749e-01,-2.040969771367193153e-01,0.000000000000000000e+00,-2.402248463619774399e-01,0.000000000000000000e+00,0.000000000000000000e+00,5.180198144255345749e-01,-2.040969771367193153e-01,0.000000000000000000e+00,7.276967930029151765e-02,0.000000000000000000e+00,4.266507629570219506e-02,-1.464124135024061246e+00,3.876262537089112947e-01,0.000000000000000000e+00,3.181428341865429332e-01,0.000000000000000000e+00,0.000000000000000000e+00,0.000000000000000000e+00,-1.464124135024061246e+00,-3.876262537089112947e-01,0.000000000000000000e+00,3.181428341865429332e-01,0.000000000000000000e+00,0.000000000000000000e+00,0.000000000000000000e+00
2.410000,6.652121681528663233e-01,0.000000000000000000e+00,1.063246849537636374e+00,8.962028284858065685e-01,-6.823233461207772223e-03,1.379185773575657310e-02,4.433776250098448446e-01,-2.525513669064751165e-01,0.000000000000000000e+00,0.000000000000000000e+00,5.431823890438755020e-01,-2.119157894736843628e-01,0.000000000000000000e+00,-2.525513669064751165e-01,0.000000000000000000e+00,0.000000000000000000e+00,5.431823890438755020e-01,-2.119157894736843628e-01,0.000000000000000000e+00,7.776000000000009293e-02,0.000000000000000000e+00,4.308883409651286661e-02,-1.456833734939758873e+00,3.960274150664698789e-01,0.000000000000000000e+00,3.257889763779528991e-01,0.000000000000000000e+00,0.000000000000000000e+00,0.000000000000000000e+00,-1.456833734939758873e+00,-3.960274150664698789e-01,0.000000000000000000e+00,3.257889763779528991e-01,0.000000000000000000e+00,0.000000000000000000e+00,0.000000000000000000e+00
2.420000,6.694221111139997404e-01,0.000000000000000000e+00,1.073312620335028500e+00,8.835489885096680096e-01,-7.329708839898491785e-03,1.383566693524123509e-02,4.680769537077446585e-01,-2.648801426264236758e-01,0.000000000000000000e+00,0.000000000000000000e+00,5.681854862105705228e-01,-2.196990844458083514e-01,0.000000000000000000e+00,-2.648801426264236758e-01,0.000000000000000000e+00,0.000000000000000000e+00,5.681854862105705228e-01,-2.196990844458083514e-01,0.000000000000000000e+00,8.263276967930027750e-02,0.000000000000000000e+00,4.351103918042837498e-02,-1.449408788506796997e+00,4.044537245866905995e-01,0.000000000000000000e+00,3.334551732053901985e-01,0.000000000000000000e+00,0.000000000000000000e+00,0.000000000000000000e+00,-1.449408788506796997e+00,-4.044537245866905995e-01,0.000000000000000000e+00,3.334551732053901985e-01,0.000000000000000000e+00,0.000000000000000000e+00,0.000000000000000000e+00
2.430000,6.736068201221890872e-01,0.000000000000000000e+00,1.083211508008150137e+00,8.701915994377887875e-01,-7.836876068809209631e-03,1.384809392896860399e-02,4.924564893834983415e-01,-2.771554384713806329e-01,0.000000000000000000e+00,0.000000000000000000e+00,5.929000657030325527e-01,-2.274080711984043379e-01,0.000000000000000000e+00,-2.771554384713806329e-01,0.000000000000000000e+00,0.000000000000000000e+00,5.929000657030325527e-01,-2.274080711984043379e-01,0.000000000000000000e+00,8.735440233236162200e-02,0.000000000000000000e+00,4.393420054078090581e-02,-1.441869865467701795e+00,4.128693927505590056e-01,0.000000000000000000e+00,3.411085879571177371e-01,0.000000000000000000e+00,0.000000000000000000e+00,0.000000000000000000e+00,-1.441869865467701795e+00,-4.128693927505590056e-01,0.000000000000000000e+00,3.411085879571177371e-01,0.000000000000000000e+00,0.000000000000000000e+00,0.000000000000000000e+00
2.440000,6.777611988041076785e-01,0.000000000000000000e+00,1.092917439669269131e+00,8.561878997321136220e-01,-8.341301504799928171e-03,1.382950077653637144e-02,5.164120912118440598e-01,-2.893215193909013383e-01,0.000000000000000000e+00,0.000000000000000000e+00,6.171970872986707324e-01,-2.350039588767838250e-01,0.000000000000000000e+00,-2.893215193909013383e-01,0.000000000000000000e+00,0.000000000000000000e+00,6.171970872986707324e-01,-2.350039588767838250e-01,0.000000000000000000e+00,9.189131195335277502e-02,0.000000000000000000e+00,4.436082717090257532e-02,-1.434237535565000554e+00,4.212386300390593141e-01,0.000000000000000000e+00,3.487163839213975880e-01,0.000000000000000000e+00,0.000000000000000000e+00,0.000000000000000000e+00,-1.434237535565000554e+00,-4.212386300390593141e-01,0.000000000000000000e+00,3.487163839213975880e-01,0.000000000000000000e+00,0.000000000000000000e+00,0.000000000000000000e+00
2.450000,6.818801507864293843e-01,0.000000000000000000e+00,1.102404342430655104e+00,8.416049318314973160e-01,-8.839512927810084728e-03,1.378056966393950179e-02,5.398454386468755084e-01,-3.013226503345431961e-01,0.000000000000000000e+00,0.000000000000000000e+00,6.409475107748984213e-01,-2.424479566262597308e-01,0.000000000000000000e+00,-3.013226503345431961e-01,0.000000000000000000e+00,0.000000000000000000e+00,6.409475107748984213e-01,-2.424479566262597308e-01,0.000000000000000000e+00,9.620991253644325947e-02,0.000000000000000000e+00,4.479342806412558303e-02,-1.426532368541220119e+00,4.295256469331774074e-01,0.000000000000000000e+00,3.562457243864927126e-01,0.000000000000000000e+00,0.000000000000000000e+00,0.000000000000000000e+00,-1.426532368541220119e+00,-4.295256469331774074e-01,0.000000000000000000e+00,3.562457243864927126e-01,0.000000000000000000e+00,0.000000000000000000e+00,0.000000000000000000e+00
2.460000,6.859585796958272974e-01,0.000000000000000000e+00,1.111646143404575460e+00,8.265190574945195934e-01,-9.328036045202910478e-03,1.370230007783198797e-02,5.626646268555431929e-01,-3.131030962518616123e-01,0.000000000000000000e+00,0.000000000000000000e+00,6.640222959091246491e-01,-2.497012735921436133e-01,0.000000000000000000e+00,-3.131030962518616123e-01,0.000000000000000000e+00,0.000000000000000000e+00,6.640222959091246491e-01,-2.497012735921436133e-01,0.000000000000000000e+00,1.002766180758017656e-01,0.000000000000000000e+00,4.523451221378201048e-02,-1.418774934138888000e+00,4.376946539138972803e-01,0.000000000000000000e+00,3.636637726406648508e-01,0.000000000000000000e+00,0.000000000000000000e+00,0.000000000000000000e+00,-1.418774934138888000e+00,-4.376946539138972803e-01,0.000000000000000000e+00,3.636637726406648508e-01,0.000000000000000000e+00,0.000000000000000000e+00,0.000000000000000000e+00
2.470000,6.899913891589758430e-01,0.000000000000000000e+00,1.120616769703299820e+00,8.110153701007105642e-01,-9.803430082886354160e-03,1.359600016263076694e-02,5.847846706255176441e-01,-3.246071220924138800e-01,0.000000000000000000e+00,0.000000000000000000e+00,6.862924024787631083e-01,-2.567251189197485295e-01,0.000000000000000000e+00,-3.246071220924138800e-01,0.000000000000000000e+00,0.000000000000000000e+00,6.862924024787631083e-01,-2.567251189197485295e-01,0.000000000000000000e+00,1.040578425655977746e-01,0.000000000000000000e+00,4.568658861320406411e-02,-1.410985802100530151e+00,4.457098614622049260e-01,0.000000000000000000e+00,3.709376919721771304e-01,0.000000000000000000e+00,0.000000000000000000e+00,0.000000000000000000e+00,-1.410985802100530151e+00,-4.457098614622049260e-01,0.000000000000000000e+00,3.709376919721771304e-01,0.000000000000000000e+00,0.000000000000000000e+00,0.000000000000000000e+00
2.480000,6.939734828025477809e-01,0.000000000000000000e+00,1.129290148439095809e+00,7.951870169557000434e-01,-1.026232170958268387e-02,1.346327229868170966e-02,6.061279016158520605e-01,-3.357789928057555162e-01,0.000000000000000000e+00,0.000000000000000000e+00,7.076287902612223846e-01,-2.634807017543860375e-01,0.000000000000000000e+00,-3.357789928057555162e-01,0.000000000000000000e+00,0.000000000000000000e+00,7.076287902612223846e-01,-2.634807017543860375e-01,0.000000000000000000e+00,1.075200000000000183e-01,0.000000000000000000e+00,4.615216625572385323e-02,-1.403185542168674749e+00,4.535354800590841728e-01,0.000000000000000000e+00,3.780346456692913470e-01,0.000000000000000000e+00,0.000000000000000000e+00,0.000000000000000000e+00,-1.403185542168674749e+00,-4.535354800590841728e-01,0.000000000000000000e+00,3.780346456692913470e-01,0.000000000000000000e+00,0.000000000000000000e+00,0.000000000000000000e+00
2.490000,6.978997642532173140e-01,0.000000000000000000e+00,1.137640206724232828e+00,7.791344457691179448e-01,-1.070143657970919725e-02,1.330599305168876124e-02,6.266242456369592873e-01,-3.465629733414438141e-01,0.000000000000000000e+00,0.000000000000000000e+00,7.279024190339160594e-01,-2.699292312413689721e-01,0.000000000000000000e+00,-3.465629733414438141e-01,0.000000000000000000e+00,0.000000000000000000e+00,7.279024190339160594e-01,-2.699292312413689721e-01,0.000000000000000000e+00,1.106295043731779504e-01,0.000000000000000000e+00,4.663375413467356345e-02,-1.395394724085847526e+00,4.611357201855211807e-01,0.000000000000000000e+00,3.849217970202706840e-01,0.000000000000000000e+00,0.000000000000000000e+00,0.000000000000000000e+00,-1.395394724085847526e+00,-4.611357201855211807e-01,0.000000000000000000e+00,3.849217970202706840e-01,0.000000000000000000e+00,0.000000000000000000e+00,0.000000000000000000e+00
2.500000,7.017651371376576463e-01,0.000000000000000000e+00,1.145640871670978722e+00,7.629645902052635265e-01,-1.111762784218021591e-02,1.312628774693656332e-02,6.462113686821533420e-01,-3.569033286490342349e-01,0.000000000000000000e+00,0.000000000000000000e+00,7.469842485742531624e-01,-2.760319165260090024e-01,0.000000000000000000e+00,-3.569033286490342349e-01,0.000000000000000000e+00,0.000000000000000000e+00,7.469842485742531624e-01,-2.760319165260090024e-01,0.000000000000000000e+00,1.133527696793003303e-01,0.000000000000000000e+00,4.713386124338529715e-02,-1.387633917594576438e+00,4.684747923224998889e-01,0.000000000000000000e+00,3.915663093133767703e-01,0.000000000000000000e+00,0.000000000000000000e+00,0.000000000000000000e+00,-1.387633917594576438e+00,-4.684747923224998889e-01,0.000000000000000000e+00,3.915663093133767703e-01,0.000000000000000000e+00,0.000000000000000000e+00,0.000000000000000000e+00
2.510000,7.055645050825427589e-01,0.000000000000000000e+00,1.153266070391602671e+00,7.467900097036048734e-01,-1.150790104578458019e-02,1.292650001312996462e-02,6.648346826225456363e-01,-3.667443236780841276e-01,0.000000000000000000e+00,0.000000000000000000e+00,7.647452386596468310e-01,-2.817499667536189634e-01,0.000000000000000000e+00,-3.667443236780841276e-01,0.000000000000000000e+00,0.000000000000000000e+00,7.647452386596468310e-01,-2.817499667536189634e-01,0.000000000000000000e+00,1.156562099125365561e-01,0.000000000000000000e+00,4.765499657519126769e-02,-1.379923692437387661e+00,4.755169069510059576e-01,0.000000000000000000e+00,3.979353458368726226e-01,0.000000000000000000e+00,0.000000000000000000e+00,0.000000000000000000e+00,-1.379923692437387661e+00,-4.755169069510059576e-01,0.000000000000000000e+00,3.979353458368726226e-01,0.000000000000000000e+00,0.000000000000000000e+00,0.000000000000000000e+00
2.520000,7.092927717145456334e-01,0.000000000000000000e+00,1.160489729998372743e+00,7.307279985991051996e-01,-1.186943497478653090e-02,1.270915671705019623e-02,6.824472037544493386e-01,-3.760302233781488424e-01,0.000000000000000000e+00,0.000000000000000000e+00,7.810563490675064280e-01,-2.870445910695105241e-01,0.000000000000000000e+00,-3.760302233781488424e-01,0.000000000000000000e+00,0.000000000000000000e+00,7.810563490675064280e-01,-2.870445910695105241e-01,0.000000000000000000e+00,1.175062390670554291e-01,0.000000000000000000e+00,4.819966912342354970e-02,-1.372284618356809149e+00,4.822262745520239369e-01,0.000000000000000000e+00,4.039960698790202587e-01,0.000000000000000000e+00,0.000000000000000000e+00,0.000000000000000000e+00,-1.372284618356809149e+00,-4.822262745520239369e-01,0.000000000000000000e+00,4.039960698790202587e-01,0.000000000000000000e+00,0.000000000000000000e+00,0.000000000000000000e+00
2.530000,7.129448406603406951e-01,0.000000000000000000e+00,1.167285777603557673e+00,7.148996789226259585e-01,-1.219959806874080545e-02,1.247692876944294163e-02,6.990092596895766119e-01,-3.847052926987858945e-01,0.000000000000000000e+00,0.000000000000000000e+00,7.957885395752449798e-01,-2.918769986189966303e-01,0.000000000000000000e+00,-3.847052926987858945e-01,0.000000000000000000e+00,0.000000000000000000e+00,7.957885395752449798e-01,-2.918769986189966303e-01,0.000000000000000000e+00,1.188692711370263055e-01,0.000000000000000000e+00,4.877038788141435655e-02,-1.364737265095366636e+00,4.885671056065390983e-01,0.000000000000000000e+00,4.097156447280826952e-01,0.000000000000000000e+00,0.000000000000000000e+00,0.000000000000000000e+00,-1.364737265095366636e+00,-4.885671056065390983e-01,0.000000000000000000e+00,4.097156447280826952e-01,0.000000000000000000e+00,0.000000000000000000e+00,0.000000000000000000e+00
2.540000,7.165156155466008148e-01,0.000000000000000000e+00,1.173628140319426194e+00,6.994290901229024415e-01,-1.249596021556119603e-02,1.223258832313225269e-02,7.144880423429469385e-01,-3.927137965895505789e-01,0.000000000000000000e+00,0.000000000000000000e+00,8.088127699602719600e-01,-2.962083985473888958e-01,0.000000000000000000e+00,-3.927137965895505789e-01,0.000000000000000000e+00,0.000000000000000000e+00,8.088127699602719600e-01,-2.962083985473888958e-01,0.000000000000000000e+00,1.197117201166180700e-01,0.000000000000000000e+00,4.936966184249577672e-02,-1.357302202395588075e+00,4.945036105955360473e-01,0.000000000000000000e+00,4.150612336723216722e-01,0.000000000000000000e+00,0.000000000000000000e+00,0.000000000000000000e+00,-1.357302202395588075e+00,-4.945036105955360473e-01,0.000000000000000000e+00,4.150612336723216722e-01,0.000000000000000000e+00,0.000000000000000000e+00,0.000000000000000000e+00
2.550000,7.200000000000000844e-01,0.000000000000000000e+00,1.179490745258246598e+00,6.844422873281917896e-01,-1.275629985380556317e-02,1.197896290567394308e-02,7.288570069490293291e-01,-4.000000000000003553e-01,2.773339119917612622e-31,0.000000000000000000e+00,8.200000000000003952e-01,-3.000000000000001554e-01,0.000000000000000000e+00,-4.000000000000003553e-01,-2.773339119917612622e-31,0.000000000000000000e+00,8.200000000000003952e-01,-3.000000000000001554e-01,0.000000000000000000e+00,1.199999999999999956e-01,0.000000000000000000e+00,5.000000000000003053e-02,-1.349999999999999867e+00,5.000000000000002220e-01,0.000000000000000000e+00,4.200000000000002065e-01,0.000000000000000000e+00,0.000000000000000000e+00,0.000000000000000000e+00,-1.349999999999999867e+00,-5.000000000000002220e-01,0.000000000000000000e+00,4.200000000000002065e-01,0.000000000000000000e+00,0.000000000000000000e+00,0.000000000000000000e+00
2.560000,7.234244383323683580e-01,0.000000000000000000e+00,1.185122587363509616e+00,6.693088339252565300e-01,-1.299461362506391243e-02,1.170929305739196527e-02,7.427783769755584853e-01,-4.069710926258994776e-01,1.386718750000060863e-04,0.000000000000000000e+00,8.302370717093585650e-01,-3.035199013157895420e-01,0.000000000000000000e+00,-4.069710926258994776e-01,-1.386718750000060863e-04,0.000000000000000000e+00,8.302370717093585650e-01,-3.035199013157895420e-01,0.000000000000000000e+00,1.197787499999999755e-01,0.000000000000000000e+00,5.067008794910181357e-02,-1.342700739320919823e+00,5.052047219350074281e-01,0.000000000000000000e+00,4.247861417322835731e-01,0.000000000000000000e+00,0.000000000000000000e+00,0.000000000000000000e+00,-1.342700739320919823e+00,-5.052047219350074281e-01,0.000000000000000000e+00,4.247861417322835731e-01,0.000000000000000000e+00,0.000000000000000000e+00,0.000000000000000000e+00
2.570000,7.268191893456862340e-01,0.000000000000000000e+00,1.190784078591579753e+00,6.533291407589074673e-01,-1.322506741195009564e-02,1.141582395621728620e-02,7.568723871238650647e-01,-4.140611870503597136e-01,5.468749999999999436e-04,0.000000000000000000e+00,8.404874182094850266e-01,-3.070583333333333775e-01,0.000000000000000000e+00,-4.140611870503597136e-01,-5.468749999999999436e-04,0.000000000000000000e+00,8.404874182094850266e-01,-3.070583333333333775e-01,0.000000000000000000e+00,1.191299999999999998e-01,0.000000000000000000e+00,5.138480538922156338e-02,-1.335260898138006747e+00,5.102942451994091355e-01,0.000000000000000000e+00,4.296875590551181290e-01,0.000000000000000000e+00,0.000000000000000000e+00,0.000000000000000000e+00,-1.335260898138006747e+00,-5.102942451994091355e-01,0.000000000000000000e+00,4.296875590551181290e-01,0.000000000000000000e+00,0.000000000000000000e+00,0.000000000000000000e+00
2.580000,7.301848784018529770e-01,0.000000000000000000e+00,1.196466271574035956e+00,6.365296669727226186e-01,-1.344588591064031606e-02,1.109999165934544979e-02,7.710551091853521388e-01,-4.212549325539570177e-01,1.212890625000017557e-03,0.000000000000000000e+00,8.507368859371039482e-01,-3.106097039473684762e-01,0.000000000000000000e+00,-4.212549325539570177e-01,-1.212890625000017557e-03,0.000000000000000000e+00,8.507368859371039482e-01,-3.106097039473684762e-01,0.000000000000000000e+00,1.180762499999999660e-01,0.000000000000000000e+00,5.214095247005989808e-02,-1.327680640744797191e+00,5.152748112998524199e-01,0.000000000000000000e+00,4.346919685039370984e-01,0.000000000000000000e+00,0.000000000000000000e+00,0.000000000000000000e+00,-1.327680640744797191e+00,-5.152748112998524199e-01,0.000000000000000000e+00,4.346919685039370984e-01,0.000000000000000000e+00,0.000000000000000000e+00,0.000000000000000000e+00
2.590000,7.335221308627677406e-01,0.000000000000000000e+00,1.202160218942456726e+00,6.189412663526280278e-01,-1.365535554792317828e-02,1.076334805801088153e-02,7.852447964865778562e-01,-4.285369784172662344e-01,2.124999999999999719e-03,0.000000000000000000e+00,8.609713213289373890e-01,-3.141684210526315413e-01,0.000000000000000000e+00,-4.285369784172662344e-01,-2.124999999999999719e-03,0.000000000000000000e+00,8.609713213289373890e-01,-3.141684210526315413e-01,0.000000000000000000e+00,1.166399999999999937e-01,0.000000000000000000e+00,5.293532934131737339e-02,-1.319960131434830375e+00,5.201526617429836907e-01,0.000000000000000000e+00,4.397870866141732060e-01,0.000000000000000000e+00,0.000000000000000000e+00,0.000000000000000000e+00,-1.319960131434830375e+00,-5.201526617429836907e-01,0.000000000000000000e+00,4.397870866141732060e-01,0.000000000000000000e+00,0.000000000000000000e+00,0.000000000000000000e+00
2.600000,7.368315720903301225e-01,0.000000000000000000e+00,1.207856973328421901e+00,6.005993641683367024e-01,-1.385184392975571596e-02,1.040755591622934996e-02,7.993623789997789109e-01,-4.358919739208635402e-01,3.271484375000027409e-03,0.000000000000000000e+00,8.711765708217095172e-01,-3.177288925438597200e-01,0.000000000000000000e+00,-4.358919739208635402e-01,-3.271484375000027409e-03,0.000000000000000000e+00,8.711765708217095172e-01,-3.177288925438597200e-01,0.000000000000000000e+00,1.148437499999999528e-01,0.000000000000000000e+00,5.376473615269463519e-02,-1.312099534501642628e+00,5.249340380354505786e-01,0.000000000000000000e+00,4.449606299212599536e-01,0.000000000000000000e+00,0.000000000000000000e+00,0.000000000000000000e+00,-1.312099534501642628e+00,-5.249340380354505786e-01,0.000000000000000000e+00,4.449606299212599536e-01,0.000000000000000000e+00,0.000000000000000000e+00,0.000000000000000000e+00
2.610000,7.401138274464388322e-01,0.000000000000000000e+00,1.213547587363509539e+00,5.815440620509155778e-01,-1.403381793382500395e-02,1.003438196356685325e-02,8.133319537717244030e-01,-4.433045683453238350e-01,4.640624999999998918e-03,0.000000000000000000e+00,8.813384808521430580e-01,-3.212855263157894381e-01,0.000000000000000000e+00,-4.433045683453238350e-01,-4.640624999999998918e-03,0.000000000000000000e+00,8.813384808521430580e-01,-3.212855263157894381e-01,0.000000000000000000e+00,1.127100000000000046e-01,0.000000000000000000e+00,5.462597305389222530e-02,-1.304099014238773391e+00,5.296251816838994930e-01,0.000000000000000000e+00,4.502003149606299548e-01,0.000000000000000000e+00,0.000000000000000000e+00,0.000000000000000000e+00,-1.304099014238773391e+00,-5.296251816838994930e-01,0.000000000000000000e+00,4.502003149606299548e-01,0.000000000000000000e+00,0.000000000000000000e+00,0.000000000000000000e+00
2.620000,7.433695222929938007e-01,0.000000000000000000e+00,1.219223113679299031e+00,5.618201722508594509e-01,-1.419986025209145700e-02,9.645688122183179725e-03,8.270812648836178838e-01,-4.507594109712231845e-01,6.220703125000036533e-03,0.000000000000000000e+00,8.914428978569619577e-01,-3.248327302631579538e-01,0.000000000000000000e+00,-4.507594109712231845e-01,-6.220703125000036533e-03,0.000000000000000000e+00,8.914428978569619577e-01,-3.248327302631579538e-01,0.000000000000000000e+00,1.102612499999999496e-01,0.000000000000000000e+00,5.551584019461081043e-02,-1.295958734939758772e+00,5.342323341949779536e-01,0.000000000000000000e+00,4.554938582677166559e-01,0.000000000000000000e+00,0.000000000000000000e+00,0.000000000000000000e+00,-1.295958734939758772e+00,-5.342323341949779536e-01,0.000000000000000000e+00,4.554938582677166559e-01,0.000000000000000000e+00,0.000000000000000000e+00,0.000000000000000000e+00
2.630000,7.465992819918935153e-01,0.000000000000000000e+00,1.224874604907369102e+00,5.414771834655530691e-01,-1.434868420044750625e-02,9.243420989351141398e-03,8.405421668282568870e-01,-4.582411510791367659e-01,8.000000000000000167e-03,0.000000000000000000e+00,9.014756682728887194e-01,-3.283649122807018039e-01,0.000000000000000000e+00,-4.582411510791367659e-01,-8.000000000000000167e-03,0.000000000000000000e+00,9.014756682728887194e-01,-3.283649122807018039e-01,0.000000000000000000e+00,1.075200000000000045e-01,0.000000000000000000e+00,5.643113772455090466e-02,-1.287678860898137989e+00,5.387617370753323698e-01,0.000000000000000000e+00,4.608289763779527815e-01,0.000000000000000000e+00,0.000000000000000000e+00,0.000000000000000000e+00,-1.287678860898137989e+00,-5.387617370753323698e-01,0.000000000000000000e+00,4.608289763779527815e-01,0.000000000000000000e+00,0.000000000000000000e+00,0.000000000000000000e+00
2.640000,7.498037319050375737e-01,0.000000000000000000e+00,1.230493113679299144e+00,5.205691612752479935e-01,-1.447914662898409227e-02,8.829599733997467448e-03,8.536510650204910400e-01,-4.657344379496404785e-01,9.966796875000044631e-03,0.000000000000000000e+00,9.114226385366474004e-01,-3.318764802631579691e-01,0.000000000000000000e+00,-4.657344379496404785e-01,-9.966796875000044631e-03,0.000000000000000000e+00,9.114226385366474004e-01,-3.318764802631579691e-01,0.000000000000000000e+00,1.045087499999999281e-01,0.000000000000000000e+00,5.736866579341320244e-02,-1.279259556407447818e+00,5.432196318316101502e-01,0.000000000000000000e+00,4.661933858267717778e-01,0.000000000000000000e+00,0.000000000000000000e+00,0.000000000000000000e+00,-1.279259556407447818e+00,-5.432196318316101502e-01,0.000000000000000000e+00,4.661933858267717778e-01,0.000000000000000000e+00,0.000000000000000000e+00,0.000000000000000000e+00
2.650000,7.529834973943253518e-01,0.000000000000000000e+00,1.236069692626667216e+00,4.991545870653714134e-01,-1.459025878757931952e-02,8.406302598894176484e-03,8.663493271404589802e-01,-4.732239208633093885e-01,1.210937499999999861e-02,0.000000000000000000e+00,9.212696550849606147e-01,-3.353618421052632081e-01,0.000000000000000000e+00,-4.732239208633093885e-01,-1.210937499999999861e-02,0.000000000000000000e+00,9.212696550849606147e-01,-3.353618421052632081e-01,0.000000000000000000e+00,1.012500000000000067e-01,0.000000000000000000e+00,5.832522455089821090e-02,-1.270700985761226809e+00,5.476122599704579264e-01,0.000000000000000000e+00,4.715748031496062587e-01,0.000000000000000000e+00,0.000000000000000000e+00,0.000000000000000000e+00,-1.270700985761226809e+00,-5.476122599704579264e-01,0.000000000000000000e+00,4.715748031496062587e-01,0.000000000000000000e+00,0.000000000000000000e+00,0.000000000000000000e+00
2.660000,7.561392038216561140e-01,0.000000000000000000e+00,1.241595394381053374e+00,4.772961401215879418e-01,-1.468119502711704924e-02,7.975652228347082304e-03,8.785836591407455431e-01,-4.806942491007196727e-01,1.441601562500005249e-02,0.000000000000000000e+00,9.310025643545526419e-01,-3.388154057017544463e-01,0.000000000000000000e+00,-4.806942491007196727e-01,-1.441601562500005249e-02,0.000000000000000000e+00,9.310025643545526419e-01,-3.388154057017544463e-01,0.000000000000000000e+00,9.776624999999991572e-02,0.000000000000000000e+00,5.929761414670661757e-02,-1.262003313253011960e+00,5.519458629985229958e-01,0.000000000000000000e+00,4.769609448818898922e-01,0.000000000000000000e+00,0.000000000000000000e+00,0.000000000000000000e+00,-1.262003313253011960e+00,-5.519458629985229958e-01,0.000000000000000000e+00,4.769609448818898922e-01,0.000000000000000000e+00,0.000000000000000000e+00,0.000000000000000000e+00
2.670000,7.592714765489287920e-01,0.000000000000000000e+00,1.247061271574035679e+00,4.550604283441699871e-01,-1.475129924597299441e-02,7.539800064072369953e-03,8.903064400198227313e-01,-4.881300719424460643e-01,1.687499999999999764e-02,0.000000000000000000e+00,9.406072127821456519e-01,-3.422315789473684422e-01,0.000000000000000000e+00,-4.881300719424460643e-01,-1.687499999999999764e-02,0.000000000000000000e+00,9.406072127821456519e-01,-3.422315789473684422e-01,0.000000000000000000e+00,9.407999999999999696e-02,0.000000000000000000e+00,6.028263473053892957e-02,-1.253166703176341823e+00,5.562266824224519901e-01,0.000000000000000000e+00,4.823395275590551257e-01,0.000000000000000000e+00,0.000000000000000000e+00,0.000000000000000000e+00,-1.253166703176341823e+00,-5.562266824224519901e-01,0.000000000000000000e+00,4.823395275590551257e-01,0.000000000000000000e+00,0.000000000000000000e+00,0.000000000000000000e+00
2.680000,7.623809409380429836e-01,0.000000000000000000e+00,1.252458376837193965e+00,4.325176737214843081e-01,-1.480008902372676079e-02,7.100910069011796485e-03,9.014760098636220853e-01,-4.955160386690649621e-01,1.947460937500005568e-02,0.000000000000000000e+00,9.500694468044639240e-01,-3.456047697368422322e-01,0.000000000000000000e+00,-4.955160386690649621e-01,-1.947460937500005568e-02,0.000000000000000000e+00,9.500694468044639240e-01,-3.456047697368422322e-01,0.000000000000000000e+00,9.021374999999989819e-02,0.000000000000000000e+00,6.127708645209584137e-02,-1.244191319824753394e+00,5.604609597488924289e-01,0.000000000000000000e+00,4.876982677165355162e-01,0.000000000000000000e+00,0.000000000000000000e+00,0.000000000000000000e+00,-1.244191319824753394e+00,-5.604609597488924289e-01,0.000000000000000000e+00,4.876982677165355162e-01,0.000000000000000000e+00,0.000000000000000000e+00,0.000000000000000000e+00
2.690000,7.654682223508975092e-01,0.000000000000000000e+00,1.257777762802105848e+00,4.097413593118193753e-01,-1.482725741853189311e-02,6.661142049835718990e-03,9.120569061705190439e-01,-5.028367985611511548e-01,2.220312499999999717e-02,0.000000000000000000e+00,9.593751128582298504e-01,-3.489293859649122975e-01,0.000000000000000000e+00,-5.028367985611511548e-01,-2.220312499999999717e-02,0.000000000000000000e+00,9.593751128582298504e-01,-3.489293859649122975e-01,0.000000000000000000e+00,8.618999999999998884e-02,0.000000000000000000e+00,6.227776946107785316e-02,-1.235077327491785448e+00,5.646549364844903884e-01,0.000000000000000000e+00,4.930248818897637886e-01,0.000000000000000000e+00,0.000000000000000000e+00,0.000000000000000000e+00,-1.235077327491785448e+00,-5.646549364844903884e-01,0.000000000000000000e+00,4.930248818897637886e-01,0.000000000000000000e+00,0.000000000000000000e+00,0.000000000000000000e+00
2.700000,7.685339461493919666e-01,0.000000000000000000e+00,1.263010482100351828e+00,3.868078449923643136e-01,-1.483267244030578302e-02,6.222634853671296304e-03,9.220200440858754565e-01,-5.100770008992807636e-01,2.504882812500006106e-02,0.000000000000000000e+00,9.685100573801677104e-01,-3.521998355263158409e-01,0.000000000000000000e+00,-5.100770008992807636e-01,-2.504882812500006106e-02,0.000000000000000000e+00,9.685100573801677104e-01,-3.521998355263158409e-01,0.000000000000000000e+00,8.203124999999991673e-02,0.000000000000000000e+00,6.328148390718565941e-02,-1.225824890470974760e+00,5.688148541358938326e-01,0.000000000000000000e+00,4.983070866141733335e-01,0.000000000000000000e+00,0.000000000000000000e+00,0.000000000000000000e+00,-1.225824890470974760e+00,-5.688148541358938326e-01,0.000000000000000000e+00,4.983070866141733335e-01,0.000000000000000000e+00,0.000000000000000000e+00,0.000000000000000000e+00
2.710000,7.715787376954255095e-01,0.000000000000000000e+00,1.268147587363509743e+00,3.637959596305057053e-01,-1.481637424795934424e-02,5.787489713180507533e-03,9.313428368616381015e-01,-5.172212949640287993e-01,2.799999999999999711e-02,0.000000000000000000e+00,9.774601268069997850e-01,-3.554105263157895100e-01,0.000000000000000000e+00,-5.172212949640287993e-01,-2.799999999999999711e-02,0.000000000000000000e+00,9.774601268069997850e-01,-3.554105263157895100e-01,0.000000000000000000e+00,7.775999999999999579e-02,0.000000000000000000e+00,6.428502994011976723e-02,-1.216434173055859880e+00,5.729469542097488377e-01,0.000000000000000000e+00,5.035325984251968201e-01,0.000000000000000000e+00,0.000000000000000000e+00,0.000000000000000000e+00,-1.216434173055859880e+00,-5.729469542097488377e-01,0.000000000000000000e+00,5.035325984251968201e-01,0.000000000000000000e+00,0.000000000000000000e+00,0.000000000000000000e+00
2.720000,7.746032223508975134e-01,0.000000000000000000e+00,1.273180131223158984e+00,3.407865776040533978e-01,-1.477857015434409262e-02,5.357754006645238341e-03,9.400092536039812430e-01,-5.242543300359714387e-01,3.104492187500006856e-02,0.000000000000000000e+00,9.862111675754503537e-01,-3.585558662280702857e-01,0.000000000000000000e+00,-5.242543300359714387e-01,-3.104492187500006856e-02,0.000000000000000000e+00,9.862111675754503537e-01,-3.585558662280702857e-01,0.000000000000000000e+00,7.339874999999990157e-02,0.000000000000000000e+00,6.528520770958086417e-02,-1.206905339539978028e+00,5.770574782127033675e-01,0.000000000000000000e+00,5.086891338582678612e-01,0.000000000000000000e+00,0.000000000000000000e+00,0.000000000000000000e+00,-1.206905339539978028e+00,-5.770574782127033675e-01,0.000000000000000000e+00,5.086891338582678612e-01,0.000000000000000000e+00,0.000000000000000000e+00,0.000000000000000000e+00
2.730000,7.776080254777070211e-01,0.000000000000000000e+00,1.278099166310878054e+00,3.178621877351450187e-01,-1.471962755655293123e-02,4.935405686501349171e-03,9.480098121557253288e-01,-5.311607553956835259e-01,3.417187499999999739e-02,0.000000000000000000e+00,9.947490261222420305e-01,-3.616302631578947047e-01,0.000000000000000000e+00,-5.311607553956835259e-01,-3.417187499999999739e-02,0.000000000000000000e+00,9.947490261222420305e-01,-3.616302631578947047e-01,0.000000000000000000e+00,6.896999999999998965e-02,0.000000000000000000e+00,6.627881736526947121e-02,-1.197238554216867534e+00,5.811526676514033873e-01,0.000000000000000000e+00,5.137644094488188484e-01,0.000000000000000000e+00,0.000000000000000000e+00,0.000000000000000000e+00,-1.197238554216867534e+00,-5.811526676514033873e-01,0.000000000000000000e+00,5.137644094488188484e-01,0.000000000000000000e+00,0.000000000000000000e+00,0.000000000000000000e+00
2.740000,7.805937724377535192e-01,0.000000000000000000e+00,1.282895745258246567e+00,2.951064627012393027e-01,-1.464006494082865234e-02,4.522338611234532485e-03,9.553415057580068037e-01,-5.379252203237412377e-01,3.736914062500006073e-02,0.000000000000000000e+00,1.003059548884098762e+00,-3.646281250000001362e-01,0.000000000000000000e+00,-5.379252203237412377e-01,-3.736914062500006073e-02,0.000000000000000000e+00,1.003059548884098762e+00,-3.646281250000001362e-01,0.000000000000000000e+00,6.449624999999989394e-02,0.000000000000000000e+00,6.726265905688624813e-02,-1.187433981380065617e+00,5.852387640324965279e-01,0.000000000000000000e+00,5.187461417322836166e-01,0.000000000000000000e+00,0.000000000000000000e+00,0.000000000000000000e+00,-1.187433981380065617e+00,-5.852387640324965279e-01,0.000000000000000000e+00,5.187461417322836166e-01,0.000000000000000000e+00,0.000000000000000000e+00,0.000000000000000000e+00
2.750000,7.835610885929357172e-01,0.000000000000000000e+00,1.287560920696843025e+00,2.726038368431059622e-01,-1.454054113985244270e-02,4.120348992281175002e-03,9.620076629247604760e-01,-5.445323741007194185e-01,4.062499999999999445e-02,0.000000000000000000e+00,1.011128582297742939e+00,-3.675438596491228394e-01,0.000000000000000000e+00,-5.445323741007194185e-01,-4.062499999999999445e-02,0.000000000000000000e+00,1.011128582297742939e+00,-3.675438596491228394e-01,0.000000000000000000e+00,5.999999999999999778e-02,0.000000000000000000e+00,6.823353293413174370e-02,-1.177491785323110829e+00,5.893220088626293096e-01,0.000000000000000000e+00,5.236220472440944462e-01,0.000000000000000000e+00,0.000000000000000000e+00,0.000000000000000000e+00,-1.177491785323110829e+00,-5.893220088626293096e-01,0.000000000000000000e+00,5.236220472440944462e-01,0.000000000000000000e+00,0.000000000000000000e+00,0.000000000000000000e+00
2.760000,7.865105993051534350e-01,0.000000000000000000e+00,1.292085745258246599e+00,2.504391000036958470e-01,-1.442184304494988772e-02,3.731123140240923293e-03,9.680177407220582619e-01,-5.509668660071944668e-01,4.392773437500007566e-02,0.000000000000000000e+00,1.018941972799898732e+00,-3.703718750000001281e-01,0.000000000000000000e+00,-5.509668660071944668e-01,-4.392773437500007566e-02,0.000000000000000000e+00,1.018941972799898732e+00,-3.703718750000001281e-01,0.000000000000000000e+00,5.550374999999989345e-02,0.000000000000000000e+00,6.918823914670663155e-02,-1.167412130339539722e+00,5.934086436484492522e-01,0.000000000000000000e+00,5.283798425196850612e-01,0.000000000000000000e+00,0.000000000000000000e+00,0.000000000000000000e+00,-1.167412130339539722e+00,-5.934086436484492522e-01,0.000000000000000000e+00,5.283798425196850612e-01,0.000000000000000000e+00,0.000000000000000000e+00,0.000000000000000000e+00
2.770000,7.894429299363056041e-01,0.000000000000000000e+00,1.296461271574035790e+00,2.286970146060922637e-01,-1.428487199623384302e-02,3.356226664077566722e-03,9.733870523511659600e-01,-5.572133453237410050e-01,4.726562500000000555e-02,0.000000000000000000e+00,1.026485566827288975e+00,-3.731065789473684280e-01,0.000000000000000000e+00,-5.572133453237410050e-01,-4.726562500000000555e-02,0.000000000000000000e+00,1.026485566827288975e+00,-3.731065789473684280e-01,0.000000000000000000e+00,5.102999999999999203e-02,0.000000000000000000e+00,7.012357784431139107e-02,-1.157195180722891736e+00,5.975049098966027650e-01,0.000000000000000000e+00,5.330072440944881862e-01,0.000000000000000000e+00,0.000000000000000000e+00,0.000000000000000000e+00,-1.157195180722891736e+00,-5.975049098966027650e-01,0.000000000000000000e+00,5.330072440944881862e-01,0.000000000000000000e+00,0.000000000000000000e+00,0.000000000000000000e+00
2.780000,7.923587058482919332e-01,0.000000000000000000e+00,1.300678552275790434e+00,2.074619626182875876e-01,-1.413062908950738460e-02,2.997095243893483935e-03,9.781364305699906669e-01,-5.632564613309354318e-01,5.062695312500007511e-02,0.000000000000000000e+00,1.033745210816637394e+00,-3.757423793859649974e-01,0.000000000000000000e+00,-5.632564613309354318e-01,-5.062695312500007511e-02,0.000000000000000000e+00,1.033745210816637394e+00,-3.757423793859649974e-01,0.000000000000000000e+00,4.660124999999990664e-02,0.000000000000000000e+00,7.103634917664673754e-02,-1.146841100766703203e+00,6.016170491137371457e-01,0.000000000000000000e+00,5.374919685039369899e-01,0.000000000000000000e+00,0.000000000000000000e+00,0.000000000000000000e+00,-1.146841100766703203e+00,-6.016170491137371457e-01,0.000000000000000000e+00,5.374919685039369899e-01,0.000000000000000000e+00,0.000000000000000000e+00,0.000000000000000000e+00
2.790000,7.952585524030109099e-01,0.000000000000000000e+00,1.304728639995088368e+00,1.868176283647092206e-01,-1.396019964962793604e-02,2.655027063192652408e-03,9.822918290351507764e-01,-5.690808633093525915e-01,5.399999999999999245e-02,0.000000000000000000e+00,1.040706751204666380e+00,-3.782736842105263730e-01,0.000000000000000000e+00,-5.690808633093525915e-01,-5.399999999999999245e-02,0.000000000000000000e+00,1.040706751204666380e+00,-3.782736842105263730e-01,0.000000000000000000e+00,4.224000000000000671e-02,0.000000000000000000e+00,7.192335329341316419e-02,-1.136350054764512452e+00,6.057513028064993588e-01,0.000000000000000000e+00,5.418217322834645300e-01,0.000000000000000000e+00,0.000000000000000000e+00,0.000000000000000000e+00,-1.136350054764512452e+00,-6.057513028064993588e-01,0.000000000000000000e+00,5.418217322834645300e-01,0.000000000000000000e+00,0.000000000000000000e+00,0.000000000000000000e+00
2.800000,7.981430949623625759e-01,0.000000000000000000e+00,1.308602587363509651e+00,1.668467223379858366e-01,-1.377473712588184185e-02,2.331176951190258410e-03,9.858838640916109952e-01,-5.746712005395684386e-01,5.737304687500006245e-02,0.000000000000000000e+00,1.047356034428100546e+00,-3.806949013157895356e-01,0.000000000000000000e+00,-5.746712005395684386e-01,-5.737304687500006245e-02,0.000000000000000000e+00,1.047356034428100546e+00,-3.806949013157895356e-01,0.000000000000000000e+00,3.796874999999990535e-02,0.000000000000000000e+00,7.278139034431140020e-02,-1.125722207009857367e+00,6.099139124815363688e-01,0.000000000000000000e+00,5.459842519685039752e-01,0.000000000000000000e+00,0.000000000000000000e+00,0.000000000000000000e+00,-1.125722207009857367e+00,-6.099139124815363688e-01,0.000000000000000000e+00,5.459842519685039752e-01,0.000000000000000000e+00,0.000000000000000000e+00,0.000000000000000000e+00
2.810000,8.010129588882455298e-01,0.000000000000000000e+00,1.312291447012632339e+00,1.476307502497117286e-01,-1.357544666578290246e-02,2.026552250573640003e-03,9.889472998671403614e-01,-5.800121223021582617e-01,6.073437499999998629e-02,0.000000000000000000e+00,1.053678906923662284e+00,-3.830004385964912994e-01,0.000000000000000000e+00,-5.800121223021582617e-01,-6.073437499999998629e-02,0.000000000000000000e+00,1.053678906923662284e+00,-3.830004385964912994e-01,0.000000000000000000e+00,3.381000000000000671e-02,0.000000000000000000e+00,7.360726047904192493e-02,-1.114957721796276058e+00,6.141111196454949184e-01,0.000000000000000000e+00,5.499672440944881613e-01,0.000000000000000000e+00,0.000000000000000000e+00,0.000000000000000000e+00,-1.114957721796276058e+00,-6.141111196454949184e-01,0.000000000000000000e+00,5.499672440944881613e-01,0.000000000000000000e+00,0.000000000000000000e+00,0.000000000000000000e+00
2.820000,8.038687695425592583e-01,0.000000000000000000e+00,1.315786271574035826e+00,1.292498305465527852e-01,-1.336356861976819091e-02,1.742010392020345222e-03,9.915204797366650169e-01,-5.850882778776977933e-01,6.407226562499993006e-02,0.000000000000000000e+00,1.059661215128075096e+00,-3.851847039473683676e-01,0.000000000000000000e+00,-5.850882778776977933e-01,-6.407226562499993006e-02,0.000000000000000000e+00,1.059661215128075096e+00,-3.851847039473683676e-01,0.000000000000000000e+00,2.978625000000008349e-02,0.000000000000000000e+00,7.439776384730537040e-02,-1.104056763417305742e+00,6.183491658050221940e-01,0.000000000000000000e+00,5.537584251968503679e-01,0.000000000000000000e+00,0.000000000000000000e+00,0.000000000000000000e+00,-1.104056763417305742e+00,-6.183491658050221940e-01,0.000000000000000000e+00,5.537584251968503679e-01,0.000000000000000000e+00,0.000000000000000000e+00,0.000000000000000000e+00
2.830000,8.067111522872032481e-01,0.000000000000000000e+00,1.319078113679299058e+00,1.117825625190677213e-01,-1.314036222082956389e-02,1.478258124536949202e-03,9.936447073025114207e-01,-5.898843165467626548e-01,6.737499999999999045e-02,0.000000000000000000e+00,1.065288805478062706e+00,-3.872421052631578875e-01,0.000000000000000000e+00,-5.898843165467626548e-01,-6.737499999999999045e-02,0.000000000000000000e+00,1.065288805478062706e+00,-3.872421052631578875e-01,0.000000000000000000e+00,2.591999999999999860e-02,0.000000000000000000e+00,7.514970059880238251e-02,-1.093019496166484084e+00,6.226342924667652712e-01,0.000000000000000000e+00,5.573455118110235418e-01,0.000000000000000000e+00,0.000000000000000000e+00,0.000000000000000000e+00,-1.093019496166484084e+00,-6.226342924667652712e-01,0.000000000000000000e+00,5.573455118110235418e-01,0.000000000000000000e+00,0.000000000000000000e+00,0.000000000000000000e+00
2.840000,8.095407324840764307e-01,0.000000000000000000e+00,1.322158025960000538e+00,9.530594595539569613e-02,-1.290708967060581747e-02,1.235852321018584719e-03,9.953635799901575654e-01,-5.943848875899280237e-01,7.063085937499992417e-02,0.000000000000000000e+00,1.070547524410347506e+00,-3.891670504385964513e-01,0.000000000000000000e+00,-5.943848875899280237e-01,-7.063085937499992417e-02,0.000000000000000000e+00,1.070547524410347506e+00,-3.891670504385964513e-01,0.000000000000000000e+00,2.223375000000006596e-02,0.000000000000000000e+00,7.585987088323352390e-02,-1.081846084337349634e+00,6.269727411373706705e-01,0.000000000000000000e+00,5.607162204724409627e-01,0.000000000000000000e+00,0.000000000000000000e+00,0.000000000000000000e+00,-1.081846084337349634e+00,-6.269727411373706705e-01,0.000000000000000000e+00,5.607162204724409627e-01,0.000000000000000000e+00,0.000000000000000000e+00,0.000000000000000000e+00
2.850000,8.123581354950780709e-01,0.000000000000000000e+00,1.325017061047719880e+00,7.989535205005973695e-02,-1.266500084737818069e-02,1.015202251979244099e-03,9.967222781892258743e-01,-5.985746402877698547e-01,7.382812499999999445e-02,0.000000000000000000e+00,1.075423218361653666e+00,-3.909539473684210953e-01,0.000000000000000000e+00,-5.985746402877698547e-01,-7.382812499999999445e-02,0.000000000000000000e+00,1.075423218361653666e+00,-3.909539473684210953e-01,0.000000000000000000e+00,1.874999999999998890e-02,0.000000000000000000e+00,7.652507485029941270e-02,-1.070536692223439168e+00,6.313707533234860225e-01,0.000000000000000000e+00,5.638582677165354662e-01,0.000000000000000000e+00,0.000000000000000000e+00,0.000000000000000000e+00,-1.070536692223439168e+00,-6.313707533234860225e-01,0.000000000000000000e+00,5.638582677165354662e-01,0.000000000000000000e+00,0.000000000000000000e+00,0.000000000000000000e+00
2.860000,8.151639866821075442e-01,0.000000000000000000e+00,1.327646271574035808e+00,6.562454397757783164e-02,-1.241531883233809933e-02,8.165731976976796412e-04,9.977668125841023805e-01,-6.024382239208632139e-01,7.695507812499993716e-02,0.000000000000000000e+00,1.079901733768703798e+00,-3.925972039473684116e-01,0.000000000000000000e+00,-6.024382239208632139e-01,-7.695507812499993716e-02,0.000000000000000000e+00,1.079901733768703798e+00,-3.925972039473684116e-01,0.000000000000000000e+00,1.549125000000006747e-02,0.000000000000000000e+00,7.714211264970058379e-02,-1.059091484118291682e+00,6.358345705317577368e-01,0.000000000000000000e+00,5.667593700787401101e-01,0.000000000000000000e+00,0.000000000000000000e+00,0.000000000000000000e+00,-1.059091484118291682e+00,-6.358345705317577368e-01,0.000000000000000000e+00,5.667593700787401101e-01,0.000000000000000000e+00,0.000000000000000000e+00,0.000000000000000000e+00
2.870000,8.179589114070643374e-01,0.000000000000000000e+00,1.330036710170527048e+00,5.256574418726724790e-02,-1.215922642905241380e-02,6.400912504799999899e-04,9.985432319303341187e-01,-6.059602877697842782e-01,8.000000000000000167e-02,0.000000000000000000e+00,1.083968917068222293e+00,-3.940912280701754922e-01,0.000000000000000000e+00,-6.059602877697842782e-01,-8.000000000000000167e-02,0.000000000000000000e+00,1.083968917068222293e+00,-3.940912280701754922e-01,0.000000000000000000e+00,1.247999999999999110e-02,0.000000000000000000e+00,7.770778443113772471e-02,-1.047510624315443728e+00,6.403704342688332218e-01,0.000000000000000000e+00,5.694072440944882851e-01,0.000000000000000000e+00,0.000000000000000000e+00,0.000000000000000000e+00,-1.047510624315443728e+00,-6.403704342688332218e-01,0.000000000000000000e+00,5.694072440944882851e-01,0.000000000000000000e+00,0.000000000000000000e+00,0.000000000000000000e+00
2.880000,8.207435350318470491e-01,0.000000000000000000e+00,1.332179429468772769e+00,4.078974407360993343e-02,-1.189785382788201631e-02,4.857491446636480318e-04,9.990967930588449120e-01,-6.091254811151078918e-01,8.295117187499993772e-02,0.000000000000000000e+00,1.087610614696931322e+00,-3.954304276315789290e-01,0.000000000000000000e+00,-6.091254811151078918e-01,-8.295117187499993772e-02,0.000000000000000000e+00,1.087610614696931322e+00,-3.954304276315789290e-01,0.000000000000000000e+00,9.738750000000045981e-03,0.000000000000000000e+00,7.821889034431135646e-02,-1.035794277108434081e+00,6.449845860413588872e-01,0.000000000000000000e+00,5.717896062992124939e-01,0.000000000000000000e+00,0.000000000000000000e+00,0.000000000000000000e+00,-1.035794277108434081e+00,-6.449845860413588872e-01,0.000000000000000000e+00,5.717896062992124939e-01,0.000000000000000000e+00,0.000000000000000000e+00,0.000000000000000000e+00
2.890000,8.235184829183553878e-01,0.000000000000000000e+00,1.334065482100351474e+00,3.036605022685500560e-02,-1.163226754285122573e-02,3.534129425599133087e-04,9.994710943517695068e-01,-6.119184532374101204e-01,8.579687499999999467e-02,0.000000000000000000e+00,1.090812673091555052e+00,-3.966092105263158141e-01,0.000000000000000000e+00,-6.119184532374101204e-01,-8.579687499999999467e-02,0.000000000000000000e+00,1.090812673091555052e+00,-3.966092105263158141e-01,0.000000000000000000e+00,7.289999999999990932e-03,0.000000000000000000e+00,7.867223053892215268e-02,-1.023942606790799514e+00,6.496832673559823634e-01,0.000000000000000000e+00,5.738941732283464603e-01,0.000000000000000000e+00,0.000000000000000000e+00,0.000000000000000000e+00,-1.023942606790799514e+00,-6.496832673559823634e-01,0.000000000000000000e+00,5.738941732283464603e-01,0.000000000000000000e+00,0.000000000000000000e+00,0.000000000000000000e+00
2.900000,8.262843804284886184e-01,0.000000000000000000e+00,1.335685920696842777e+00,2.136305997019070577e-02,-1.136346072372980236e-02,2.428293998277338440e-04,9.997071733577652664e-01,-6.143238534172661414e-01,8.852539062499993616e-02,0.000000000000000000e+00,1.093560938688815654e+00,-3.976219846491227949e-01,0.000000000000000000e+00,-6.143238534172661414e-01,-8.852539062499993616e-02,0.000000000000000000e+00,1.093560938688815654e+00,-3.976219846491227949e-01,0.000000000000000000e+00,5.156250000000028866e-03,0.000000000000000000e+00,7.906460516467064825e-02,-1.011955777656079247e+00,6.544727197193500601e-01,0.000000000000000000e+00,5.757086614173227979e-01,0.000000000000000000e+00,0.000000000000000000e+00,0.000000000000000000e+00,-1.011955777656079247e+00,-6.544727197193500601e-01,0.000000000000000000e+00,5.757086614173227979e-01,0.000000000000000000e+00,0.000000000000000000e+00,0.000000000000000000e+00
2.910000,8.290418529241457835e-01,0.000000000000000000e+00,1.337031797889825180e+00,1.384825733882001642e-02,-1.109234492143266332e-02,1.536338337475069043e-04,9.998425686324157180e-01,-6.163263309352517982e-01,9.112499999999999767e-02,0.000000000000000000e+00,1.095841257925437517e+00,-3.984631578947368524e-01,0.000000000000000000e+00,-6.163263309352517982e-01,-9.112499999999999767e-02,0.000000000000000000e+00,1.095841257925437517e+00,-3.984631578947368524e-01,0.000000000000000000e+00,3.360000000000001874e-03,0.000000000000000000e+00,7.939281437125747520e-02,-9.998339539978093882e-01,6.593591846381093857e-01,0.000000000000000000e+00,5.772207874015747864e-01,0.000000000000000000e+00,0.000000000000000000e+00,0.000000000000000000e+00,-9.998339539978093882e-01,-6.593591846381093857e-01,0.000000000000000000e+00,5.772207874015747864e-01,0.000000000000000000e+00,0.000000000000000000e+00,0.000000000000000000e+00
2.920000,8.317915257672262586e-01,0.000000000000000000e+00,1.338094166310877853e+00,7.888419046913959509e-03,-1.081974336075455789e-02,8.535832238130114347e-05,9.999103453372729655e-01,-6.179105350719424905e-01,9.358398437499994282e-02,0.000000000000000000e+00,1.097639477238143479e+00,-3.991271381578946897e-01,0.000000000000000000e+00,-6.179105350719424905e-01,-9.358398437499994282e-02,0.000000000000000000e+00,1.097639477238143479e+00,-3.991271381578946897e-01,0.000000000000000000e+00,1.923750000000057359e-03,0.000000000000000000e+00,7.965365830838322392e-02,-9.875773001095293768e-01,6.643489036189068608e-01,0.000000000000000000e+00,5.784182677165353725e-01,0.000000000000000000e+00,0.000000000000000000e+00,0.000000000000000000e+00,-9.875773001095293768e-01,-6.643489036189068608e-01,0.000000000000000000e+00,5.784182677165353725e-01,0.000000000000000000e+00,0.000000000000000000e+00,0.000000000000000000e+00
2.930000,8.345340243196294194e-01,0.000000000000000000e+00,1.338864078591579521e+00,3.549818312836879389e-03,-1.054638575133221706e-02,3.744007142684752375e-05,9.999380836510683990e-01,-6.190611151079137287e-01,9.589062500000000711e-02,0.000000000000000000e+00,1.098941443063657264e+00,-3.996083333333333987e-01,0.000000000000000000e+00,-6.190611151079137287e-01,-9.589062500000000711e-02,0.000000000000000000e+00,1.098941443063657264e+00,-3.996083333333333987e-01,0.000000000000000000e+00,8.700000000000374101e-04,0.000000000000000000e+00,7.984393712574849866e-02,-9.751859802847754333e-01,6.694481181683900051e-01,0.000000000000000000e+00,5.792888188976377251e-01,0.000000000000000000e+00,0.000000000000000000e+00,0.000000000000000000e+00,-9.751859802847754333e-01,-6.694481181683900051e-01,0.000000000000000000e+00,5.792888188976377251e-01,0.000000000000000000e+00,0.000000000000000000e+00,0.000000000000000000e+00
2.940000,8.372699739432540866e-01,0.000000000000000000e+00,1.339332587363509353e+00,8.984126628503086211e-04,-1.027290464586153029e-02,9.229798378601449259e-06,9.999468286862233102e-01,-6.197627203237410232e-01,9.803320312499994027e-02,0.000000000000000000e+00,1.099733001838701707e+00,-3.999011513157895159e-01,0.000000000000000000e+00,-6.197627203237410232e-01,-9.803320312499994027e-02,0.000000000000000000e+00,1.099733001838701707e+00,-3.999011513157895159e-01,0.000000000000000000e+00,2.212500000000339195e-04,0.000000000000000000e+00,7.996045097305387594e-02,-9.626601588170867752e-01,6.746630697932052279e-01,0.000000000000000000e+00,5.798201574803150127e-01,0.000000000000000000e+00,0.000000000000000000e+00,0.000000000000000000e+00,-9.626601588170867752e-01,-6.746630697932052279e-01,0.000000000000000000e+00,5.798201574803150127e-01,0.000000000000000000e+00,0.000000000000000000e+00,0.000000000000000000e+00
2.950000,8.399999999999999689e-01,0.000000000000000000e+00,1.339490745258246296e+00,6.122927836588318161e-17,-9.999833334166664464e-03,6.123131942347104890e-19,9.999500004166652634e-01,-6.199999999999999956e-01,1.000000000000000056e-01,0.000000000000000000e+00,1.100000000000000089e+00,-4.000000000000000222e-01,0.000000000000000000e+00,-6.199999999999999956e-01,-1.000000000000000056e-01,0.000000000000000000e+00,1.100000000000000089e+00,-4.000000000000000222e-01,0.000000000000000000e+00,0.000000000000000000e+00,0.000000000000000000e+00,8.000000000000000167e-02,-9.499999999999999556e-01,6.800000000000000488e-01,0.000000000000000000e+00,5.799999999999999600e-01,0.000000000000000000e+00,0.000000000000000000e+00,0.000000000000000000e+00,-9.499999999999999556e-01,-6.800000000000000488e-01,0.000000000000000000e+00,5.799999999999999600e-01,0.000000000000000000e+00,0.000000000000000000e+00,0.000000000000000000e+00
2.960000,8.427276169184340082e-01,0.000000000000000000e+00,1.339051588071069609e+00,6.122945099376223645e-17,-9.713829639229371038e-03,5.948005187572469203e-19,9.999528196438770555e-01,-6.195575000000000943e-01,1.018417310855262853e-01,0.000000000000000000e+00,1.099299375000000190e+00,-3.998893749999999914e-01,0.000000000000000000e+00,-6.195575000000000943e-01,-1.018417310855262853e-01,0.000000000000000000e+00,1.099299375000000190e+00,-3.998893749999999914e-01,0.000000000000000000e+00,0.000000000000000000e+00,0.000000000000000000e+00,7.987377609343936091e-02,-9.369798408846682358e-01,6.856311874999998501e-01,0.000000000000000000e+00,5.794468749999999169e-01,0.000000000000000000e+00,0.000000000000000000e+00,0.000000000000000000e+00,-9.369798408846682358e-01,-6.856311874999998501e-01,0.000000000000000000e+00,5.794468749999999169e-01,0.000000000000000000e+00,0.000000000000000000e+00,0.000000000000000000e+00
2.970000,8.454553041669508051e-01,0.000000000000000000e+00,1.337756081349249282e+00,6.122963348650702520e-17,-9.402026016394096977e-03,5.757080533238585927e-19,9.999557999765724681e-01,-6.182599999999999207e-01,1.036193750000000136e-01,0.000000000000000000e+00,1.097245000000000026e+00,-3.995650000000000035e-01,0.000000000000000000e+00,-6.182599999999999207e-01,-1.036193750000000136e-01,0.000000000000000000e+00,1.097245000000000026e+00,-3.995650000000000035e-01,0.000000000000000000e+00,0.000000000000000000e+00,0.000000000000000000e+00,7.950164015904573334e-02,-9.233917108605240731e-01,6.917045000000000554e-01,0.000000000000000000e+00,5.778250000000000330e-01,0.000000000000000000e+00,0.000000000000000000e+00,0.000000000000000000e+00,-9.233917108605240731e-01,-6.917045000000000554e-01,0.000000000000000000e+00,5.778250000000000330e-01,0.000000000000000000e+00,0.000000000000000000e+00,0.000000000000000000e+00
2.980000,8.481821346671895023e-01,0.000000000000000000e+00,1.335637172352351909e+00,6.122982371659437169e-17,-9.065592755923591872e-03,5.551074575457629189e-19,9.999589066696610296e-01,-6.161524999999999919e-01,1.053366077302631265e-01,0.000000000000000000e+00,1.093908125000000231e+00,-3.990381250000000768e-01,0.000000000000000000e+00,-6.161524999999999919e-01,-1.053366077302631265e-01,0.000000000000000000e+00,1.093908125000000231e+00,-3.990381250000000768e-01,0.000000000000000000e+00,0.000000000000000000e+00,0.000000000000000000e+00,7.889339587475149851e-02,-9.092623127285290874e-01,6.981895624999999717e-01,0.000000000000000000e+00,5.751906249999999554e-01,0.000000000000000000e+00,0.000000000000000000e+00,0.000000000000000000e+00,-9.092623127285290874e-01,-6.981895624999999717e-01,0.000000000000000000e+00,5.751906249999999554e-01,0.000000000000000000e+00,0.000000000000000000e+00,0.000000000000000000e+00
2.990000,8.509071813407896867e-01,0.000000000000000000e+00,1.332727808339942088e+00,6.123001953790332183e-17,-8.705700160714037808e-03,5.330703918077522074e-19,9.999621046743280006e-01,-6.132800000000000473e-01,1.069971052631579073e-01,0.000000000000000000e+00,1.089360000000000106e+00,-3.983200000000000074e-01,0.000000000000000000e+00,-6.132800000000000473e-01,-1.069971052631579073e-01,0.000000000000000000e+00,1.089360000000000106e+00,-3.983200000000000074e-01,0.000000000000000000e+00,0.000000000000000000e+00,0.000000000000000000e+00,7.805884691848906376e-02,-8.946183492896417899e-01,7.050560000000001271e-01,0.000000000000000000e+00,5.715999999999999970e-01,0.000000000000000000e+00,0.000000000000000000e+00,0.000000000000000000e+00,-8.946183492896417899e-01,-7.050560000000001271e-01,0.000000000000000000e+00,5.715999999999999970e-01,0.000000000000000000e+00,0.000000000000000000e+00,0.000000000000000000e+00
3.000000,8.536295171093908341e-01,0.000000000000000000e+00,1.329060936571586415e+00,6.123021880294801960e-17,-8.323518550479533720e-03,5.096685175244189005e-19,9.999653589194676950e-01,-6.096875000000001599e-01,1.086045435855263058e-01,0.000000000000000000e+00,1.083671875000000284e+00,-3.974218750000000355e-01,0.000000000000000000e+00,-6.096875000000001599e-01,-1.086045435855263058e-01,0.000000000000000000e+00,1.083671875000000284e+00,-3.974218750000000355e-01,0.000000000000000000e+00,0.000000000000000000e+00,0.000000000000000000e+00,7.700779696819087805e-02,-8.794865233448240227e-01,7.122734374999999396e-01,0.000000000000000000e+00,5.671093750000000266e-01,0.000000000000000000e+00,0.000000000000000000e+00,0.000000000000000000e+00,-8.794865233448240227e-01,-7.122734374999999396e-01,0.000000000000000000e+00,5.671093750000000266e-01,0.000000000000000000e+00,0.000000000000000000e+00,0.000000000000000000e+00
3.010000,8.563482148946327532e-01,0.000000000000000000e+00,1.324669504306850154e+00,6.123041937927175273e-17,-7.920218265434026891e-03,4.849734973656091707e-19,9.999686345794192022e-01,-6.054199999999999582e-01,1.101625986842105498e-01,0.000000000000000000e+00,1.076914999999999845e+00,-3.963550000000000129e-01,0.000000000000000000e+00,-6.054199999999999582e-01,-1.101625986842105498e-01,0.000000000000000000e+00,1.076914999999999845e+00,-3.963550000000000129e-01,0.000000000000000000e+00,0.000000000000000000e+00,0.000000000000000000e+00,7.575004970178926544e-02,-8.638935376950344081e-01,7.198115000000000485e-01,0.000000000000000000e+00,5.617750000000000243e-01,0.000000000000000000e+00,0.000000000000000000e+00,0.000000000000000000e+00,-8.638935376950344081e-01,-7.198115000000000485e-01,0.000000000000000000e+00,5.617750000000000243e-01,0.000000000000000000e+00,0.000000000000000000e+00,0.000000000000000000e+00
3.020000,8.590623476181544760e-01,0.000000000000000000e+00,1.319586458805299012e+00,6.123061916500252559e-17,-7.496969669441357412e-03,4.590569954493075010e-19,9.999718973280077305e-01,-6.005225000000000701e-01,1.116749465460526169e-01,0.000000000000000000e+00,1.069160625000000087e+00,-3.951306250000000686e-01,0.000000000000000000e+00,-6.005225000000000701e-01,-1.116749465460526169e-01,0.000000000000000000e+00,1.069160625000000087e+00,-3.951306250000000686e-01,0.000000000000000000e+00,0.000000000000000000e+00,0.000000000000000000e+00,7.429540879721673041e-02,-8.478660951412344549e-01,7.276398124999999828e-01,0.000000000000000000e+00,5.556531249999999700e-01,0.000000000000000000e+00,0.000000000000000000e+00,0.000000000000000000e+00,-8.478660951412344549e-01,-7.276398124999999828e-01,0.000000000000000000e+00,5.556531249999999700e-01,0.000000000000000000e+00,0.000000000000000000e+00,0.000000000000000000e+00
3.030000,8.617709882015959222e-01,0.000000000000000000e+00,1.313844747326498474e+00,6.123081610356992494e-17,-7.054943152611508651e-03,4.319906775006110312e-19,9.999751135788897960e-01,-5.950400000000000134e-01,1.131452631578947488e-01,0.000000000000000000e+00,1.060480000000000089e+00,-3.937599999999999989e-01,0.000000000000000000e+00,-5.950400000000000134e-01,-1.131452631578947488e-01,0.000000000000000000e+00,1.060480000000000089e+00,-3.937599999999999989e-01,0.000000000000000000e+00,0.000000000000000000e+00,0.000000000000000000e+00,7.265367793240555538e-02,-8.314308984843831185e-01,7.357280000000000486e-01,0.000000000000000000e+00,5.487999999999999545e-01,0.000000000000000000e+00,0.000000000000000000e+00,0.000000000000000000e+00,-8.314308984843831185e-01,-7.357280000000000486e-01,0.000000000000000000e+00,5.487999999999999545e-01,0.000000000000000000e+00,0.000000000000000000e+00,0.000000000000000000e+00
3.040000,8.644732095665961236e-01,0.000000000000000000e+00,1.307477317130014693e+00,6.123100819758338962e-17,-6.595309133330298779e-03,4.038462109760127064e-19,9.999782507122021435e-01,-5.890175000000000827e-01,1.145772245065789369e-01,0.000000000000000000e+00,1.050944375000000264e+00,-3.922543750000000440e-01,0.000000000000000000e+00,-5.890175000000000827e-01,-1.145772245065789369e-01,0.000000000000000000e+00,1.050944375000000264e+00,-3.922543750000000440e-01,0.000000000000000000e+00,0.000000000000000000e+00,0.000000000000000000e+00,7.083466078528828647e-02,-8.146146505254419079e-01,7.440456874999998860e-01,0.000000000000000000e+00,5.412718750000000689e-01,0.000000000000000000e+00,0.000000000000000000e+00,0.000000000000000000e+00,-8.146146505254419079e-01,-7.440456874999998860e-01,0.000000000000000000e+00,5.412718750000000689e-01,0.000000000000000000e+00,0.000000000000000000e+00,0.000000000000000000e+00
3.050000,8.671680846347951110e-01,0.000000000000000000e+00,1.300517115475412711e+00,6.123119352187181012e-17,-6.119238059716389753e-03,3.746952651526168518e-19,9.999812772875142919e-01,-5.825000000000000178e-01,1.159745065789473950e-01,0.000000000000000000e+00,1.040624999999999911e+00,-3.906250000000000000e-01,0.000000000000000000e+00,-5.825000000000000178e-01,-1.159745065789473950e-01,0.000000000000000000e+00,1.040624999999999911e+00,-3.906250000000000000e-01,0.000000000000000000e+00,0.000000000000000000e+00,0.000000000000000000e+00,6.884816103379720609e-02,-7.974440540653693343e-01,7.525625000000001341e-01,0.000000000000000000e+00,5.331249999999998490e-01,0.000000000000000000e+00,0.000000000000000000e+00,0.000000000000000000e+00,-7.974440540653693343e-01,-7.525625000000001341e-01,0.000000000000000000e+00,5.331249999999998490e-01,0.000000000000000000e+00,0.000000000000000000e+00,0.000000000000000000e+00
3.060000,8.698546863278319163e-01,0.000000000000000000e+00,1.292997089622258677e+00,6.123137023568431023e-17,-5.627900410507753574e-03,3.446095111824197750e-19,9.999841632430832572e-01,-5.755325000000001134e-01,1.173407853618421010e-01,0.000000000000000000e+00,1.029593125000000331e+00,-3.888831250000000517e-01,0.000000000000000000e+00,-5.755325000000001134e-01,-1.173407853618421010e-01,0.000000000000000000e+00,1.029593125000000331e+00,-3.888831250000000517e-01,0.000000000000000000e+00,0.000000000000000000e+00,0.000000000000000000e+00,6.670398235586483260e-02,-7.799458119051275728e-01,7.612480624999998780e-01,0.000000000000000000e+00,5.244156250000001629e-01,0.000000000000000000e+00,0.000000000000000000e+00,0.000000000000000000e+00,-7.799458119051275728e-01,-7.612480624999998780e-01,0.000000000000000000e+00,5.244156250000001629e-01,0.000000000000000000e+00,0.000000000000000000e+00,0.000000000000000000e+00
3.070000,8.725320875673463483e-01,0.000000000000000000e+00,1.284950186830117858e+00,6.123153659405242012e-17,-5.122466695385337852e-03,3.136606221121286924e-19,9.999868800814112335e-01,-5.681599999999999984e-01,1.186797368421052962e-01,0.000000000000000000e+00,1.017919999999999936e+00,-3.870399999999999952e-01,0.000000000000000000e+00,-5.681599999999999984e-01,-1.186797368421052962e-01,0.000000000000000000e+00,1.017919999999999936e+00,-3.870399999999999952e-01,0.000000000000000000e+00,0.000000000000000000e+00,0.000000000000000000e+00,6.441192842942343455e-02,-7.621466268456748017e-01,7.700720000000002008e-01,0.000000000000000000e+00,5.151999999999998803e-01,0.000000000000000000e+00,0.000000000000000000e+00,0.000000000000000000e+00,-7.621466268456748017e-01,-7.700720000000002008e-01,0.000000000000000000e+00,5.151999999999998803e-01,0.000000000000000000e+00,0.000000000000000000e+00,0.000000000000000000e+00
3.080000,8.751993612749777718e-01,0.000000000000000000e+00,1.276409354358556625e+00,6.123169095831333300e-17,-4.604107454749243114e-03,2.819202728694563786e-19,9.999894010411036760e-01,-5.604275000000000784e-01,1.199950370065789446e-01,0.000000000000000000e+00,1.005676875000000026e+00,-3.851068750000000152e-01,0.000000000000000000e+00,-5.604275000000000784e-01,-1.199950370065789446e-01,0.000000000000000000e+00,1.005676875000000026e+00,-3.851068750000000152e-01,0.000000000000000000e+00,0.000000000000000000e+00,0.000000000000000000e+00,6.198180293240559274e-02,-7.440732016879728628e-01,7.790039374999999655e-01,0.000000000000000000e+00,5.055343749999999803e-01,0.000000000000000000e+00,0.000000000000000000e+00,0.000000000000000000e+00,-7.440732016879728628e-01,-7.790039374999999655e-01,0.000000000000000000e+00,5.055343749999999803e-01,0.000000000000000000e+00,0.000000000000000000e+00,0.000000000000000000e+00
3.090000,8.778555803723657736e-01,0.000000000000000000e+00,1.267407539467140243e+00,6.123183180579433130e-17,-4.073993258967232786e-03,2.494601402171057888e-19,9.999917012550283424e-01,-5.523800000000002042e-01,1.212903618421052321e-01,0.000000000000000000e+00,9.929350000000003451e-01,-3.830950000000000744e-01,0.000000000000000000e+00,-5.523800000000002042e-01,-1.212903618421052321e-01,0.000000000000000000e+00,9.929350000000003451e-01,-3.830950000000000744e-01,0.000000000000000000e+00,0.000000000000000000e+00,0.000000000000000000e+00,5.942340954274361736e-02,-7.257522392329811556e-01,7.880134999999997003e-01,0.000000000000000000e+00,4.954750000000002763e-01,0.000000000000000000e+00,0.000000000000000000e+00,0.000000000000000000e+00,-7.257522392329811556e-01,-7.880134999999997003e-01,0.000000000000000000e+00,4.954750000000002763e-01,0.000000000000000000e+00,0.000000000000000000e+00,0.000000000000000000e+00
3.100000,8.804998177811498294e-01,0.000000000000000000e+00,1.257977689415433531e+00,6.123195773865843193e-17,-3.533294707122057281e-03,2.163519026760656132e-19,9.999937578947744043e-01,-5.440625000000000044e-01,1.225693873355263169e-01,0.000000000000000000e+00,9.797656250000000844e-01,-3.810156250000000799e-01,0.000000000000000000e+00,-5.440625000000000044e-01,-1.225693873355263169e-01,0.000000000000000000e+00,9.797656250000000844e-01,-3.810156250000000799e-01,0.000000000000000000e+00,0.000000000000000000e+00,0.000000000000000000e+00,5.674655193836979084e-02,-7.072104422816593017e-01,7.970703125000000444e-01,0.000000000000000000e+00,4.850781250000000266e-01,0.000000000000000000e+00,0.000000000000000000e+00,0.000000000000000000e+00,-7.072104422816593017e-01,-7.970703125000000444e-01,0.000000000000000000e+00,4.850781250000000266e-01,0.000000000000000000e+00,0.000000000000000000e+00,0.000000000000000000e+00
3.110000,8.831311464229693042e-01,0.000000000000000000e+00,1.248152751463003529e+00,6.123206749191081912e-17,-2.983182425288246481e-03,1.826672404200944500e-19,9.999955503014088531e-01,-5.355200000000002181e-01,1.238357894736841769e-01,0.000000000000000000e+00,9.662400000000004319e-01,-3.788800000000001056e-01,0.000000000000000000e+00,-5.355200000000002181e-01,-1.238357894736841769e-01,0.000000000000000000e+00,9.662400000000004319e-01,-3.788800000000001056e-01,0.000000000000000000e+00,0.000000000000000000e+00,0.000000000000000000e+00,5.396103379721677029e-02,-6.884745136349684769e-01,8.061439999999997497e-01,0.000000000000000000e+00,4.744000000000002659e-01,0.000000000000000000e+00,0.000000000000000000e+00,0.000000000000000000e+00,-6.884745136349684769e-01,-8.061439999999997497e-01,0.000000000000000000e+00,4.744000000000002659e-01,0.000000000000000000e+00,0.000000000000000000e+00,0.000000000000000000e+00
3.120000,8.857486392194638958e-01,0.000000000000000000e+00,1.237965672869414835e+00,6.123215994056648390e-17,-2.424827064373510921e-03,1.484778351435446666e-19,9.999970601025324202e-01,-5.267975000000000296e-01,1.250932442434210534e-01,0.000000000000000000e+00,9.524293750000001335e-01,-3.766993750000000030e-01,0.000000000000000000e+00,-5.267975000000000296e-01,-1.250932442434210534e-01,0.000000000000000000e+00,9.524293750000001335e-01,-3.766993750000000030e-01,0.000000000000000000e+00,0.000000000000000000e+00,0.000000000000000000e+00,5.107665879721670632e-02,-6.695711560938677476e-01,8.152041874999998994e-01,0.000000000000000000e+00,4.634968749999999749e-01,0.000000000000000000e+00,0.000000000000000000e+00,0.000000000000000000e+00,-6.695711560938677476e-01,-8.152041874999998994e-01,0.000000000000000000e+00,4.634968749999999749e-01,0.000000000000000000e+00,0.000000000000000000e+00,0.000000000000000000e+00
3.130000,8.883513690922729689e-01,0.000000000000000000e+00,1.227449400894234266e+00,6.123223410597876210e-17,-1.859399297564795581e-03,1.138553699049782118e-19,9.999982713156320147e-01,-5.179400000000001780e-01,1.263454276315789382e-01,0.000000000000000000e+00,9.384050000000003777e-01,-3.744850000000000678e-01,0.000000000000000000e+00,-5.179400000000001780e-01,-1.263454276315789382e-01,0.000000000000000000e+00,9.384050000000003777e-01,-3.744850000000000678e-01,0.000000000000000000e+00,0.000000000000000000e+00,0.000000000000000000e+00,4.810323061630225605e-02,-6.505270724593188447e-01,8.242204999999999115e-01,0.000000000000000000e+00,4.524250000000002436e-01,0.000000000000000000e+00,0.000000000000000000e+00,0.000000000000000000e+00,-6.505270724593188447e-01,-8.242204999999999115e-01,0.000000000000000000e+00,4.524250000000002436e-01,0.000000000000000000e+00,0.000000000000000000e+00,0.000000000000000000e+00
3.140000,8.909384089630361103e-01,0.000000000000000000e+00,1.216636882797026198e+00,6.123228916132864759e-17,-1.288069817421304882e-03,7.887152894916583893e-20,9.999991704377286794e-01,-5.089924999999999589e-01,1.275960156250000310e-01,0.000000000000000000e+00,9.242381250000000215e-01,-3.722481250000000408e-01,0.000000000000000000e+00,-5.089924999999999589e-01,-1.275960156250000310e-01,0.000000000000000000e+00,9.242381250000000215e-01,-3.722481250000000408e-01,0.000000000000000000e+00,0.000000000000000000e+00,0.000000000000000000e+00,4.505055293240557007e-02,-6.313689655322801686e-01,8.331625624999999813e-01,0.000000000000000000e+00,4.412406249999999974e-01,0.000000000000000000e+00,0.000000000000000000e+00,0.000000000000000000e+00,-6.313689655322801686e-01,-8.331625624999999813e-01,0.000000000000000000e+00,4.412406249999999974e-01,0.000000000000000000e+00,0.000000000000000000e+00,0.000000000000000000e+00
3.150000,8.935088317533927960e-01,0.000000000000000000e+00,1.205561065837357226e+00,6.123232443627513971e-17,-7.120093326614795187e-04,4.359799751034619439e-20,9.999997465213229519e-01,-5.000000000000002220e-01,1.288486842105263097e-01,0.000000000000000000e+00,9.100000000000003642e-01,-3.700000000000000511e-01,0.000000000000000000e+00,-5.000000000000002220e-01,-1.288486842105263097e-01,0.000000000000000000e+00,9.100000000000003642e-01,-3.700000000000000511e-01,0.000000000000000000e+00,0.000000000000000000e+00,0.000000000000000000e+00,4.192842942345931245e-02,-6.121235381137135612e-01,8.419999999999997486e-01,0.000000000000000000e+00,4.300000000000002154e-01,0.000000000000000000e+00,0.000000000000000000e+00,0.000000000000000000e+00,-6.121235381137135612e-01,-8.419999999999997486e-01,0.000000000000000000e+00,4.300000000000002154e-01,0.000000000000000000e+00,0.000000000000000000e+00,0.000000000000000000e+00
3.160000,8.960617103849825016e-01,0.000000000000000000e+00,1.194254897274792171e+00,6.123233942076625487e-17,-1.323885646921082256e-04,8.106461599695132525e-21,9.999999912366339672e-01,-4.910074999999999856e-01,1.301071093749999741e-01,0.000000000000000000e+00,8.957618750000000407e-01,-3.677518750000000058e-01,0.000000000000000000e+00,-4.910074999999999856e-01,-1.301071093749999741e-01,0.000000000000000000e+00,8.957618750000000407e-01,-3.677518750000000058e-01,0.000000000000000000e+00,0.000000000000000000e+00,0.000000000000000000e+00,3.874666376739561990e-02,-5.928174930045775337e-01,8.507024375000000749e-01,0.000000000000000000e+00,4.187593749999999893e-01,0.000000000000000000e+00,0.000000000000000000e+00,0.000000000000000000e+00,-5.928174930045775337e-01,-8.507024375000000749e-01,0.000000000000000000e+00,4.187593749999999893e-01,0.000000000000000000e+00,0.000000000000000000e+00,0.000000000000000000e+00
3.170000,8.985961177794448140e-01,0.000000000000000000e+00,1.182751324368898072e+00,6.123233376801089984e-17,4.496217560684643839e-04,-2.753139221981285253e-20,9.999998989201331900e-01,-4.820600000000002106e-01,1.313749671052631129e-01,0.000000000000000000e+00,8.815950000000003506e-01,-3.655150000000000898e-01,0.000000000000000000e+00,-4.820600000000002106e-01,-1.313749671052631129e-01,0.000000000000000000e+00,8.815950000000003506e-01,-3.655150000000000898e-01,0.000000000000000000e+00,0.000000000000000000e+00,0.000000000000000000e+00,3.551505964214718425e-02,-5.734775330058340392e-01,8.592394999999998229e-01,0.000000000000000000e+00,4.075750000000002427e-01,0.000000000000000000e+00,0.000000000000000000e+00,0.000000000000000000e+00,-5.734775330058340392e-01,-8.592394999999998229e-01,0.000000000000000000e+00,4.075750000000002427e-01,0.000000000000000000e+00,0.000000000000000000e+00,0.000000000000000000e+00
3.180000,9.011111268584190981e-01,0.000000000000000000e+00,1.171083294379239081e+00,6.123230729661145855e-17,1.032850894020804306e-03,-6.324387706795301210e-20,9.999994666093731110e-01,-4.732024999999999704e-01,1.326559333881579261e-01,0.000000000000000000e+00,8.675706249999999287e-01,-3.633006249999999882e-01,0.000000000000000000e+00,-4.732024999999999704e-01,-1.326559333881579261e-01,0.000000000000000000e+00,8.675706249999999287e-01,-3.633006249999999882e-01,0.000000000000000000e+00,0.000000000000000000e+00,0.000000000000000000e+00,3.224342072564612138e-02,-5.541303609184412560e-01,8.675808124999999649e-01,0.000000000000000000e+00,3.965031249999999563e-01,0.000000000000000000e+00,0.000000000000000000e+00,0.000000000000000000e+00,-5.541303609184412560e-01,-8.675808124999999649e-01,0.000000000000000000e+00,3.965031249999999563e-01,0.000000000000000000e+00,0.000000000000000000e+00,0.000000000000000000e+00
3.190000,9.036058105435448295e-01,0.000000000000000000e+00,1.159283754565382019e+00,6.123225999185725286e-17,1.616128112313333642e-03,-9.895930598782891114e-20,9.999986940641095723e-01,-4.644800000000001705e-01,1.339536842105263081e-01,0.000000000000000000e+00,8.537600000000002964e-01,-3.611200000000000521e-01,0.000000000000000000e+00,-4.644800000000001705e-01,-1.339536842105263081e-01,0.000000000000000000e+00,8.537600000000002964e-01,-3.611200000000000521e-01,0.000000000000000000e+00,0.000000000000000000e+00,0.000000000000000000e+00,2.894155069582511272e-02,-5.348026795433614700e-01,8.756959999999998079e-01,0.000000000000000000e+00,3.856000000000001648e-01,0.000000000000000000e+00,0.000000000000000000e+00,0.000000000000000000e+00,-5.348026795433614700e-01,-8.756959999999998079e-01,0.000000000000000000e+00,3.856000000000001648e-01,0.000000000000000000e+00,0.000000000000000000e+00,0.000000000000000000e+00
3.200000,9.060792417564617063e-01,0.000000000000000000e+00,1.147385652186891480e+00,6.123219200617851961e-17,2.198282676815276320e-03,-1.346059921891451919e-19,9.999975837737173912e-01,-4.559374999999999956e-01,1.352718955592105421e-01,0.000000000000000000e+00,8.402343749999998668e-01,-3.589843750000000222e-01,0.000000000000000000e+00,-4.559374999999999956e-01,-1.352718955592105421e-01,0.000000000000000000e+00,8.402343749999998668e-01,-3.589843750000000222e-01,0.000000000000000000e+00,0.000000000000000000e+00,0.000000000000000000e+00,2.561925323061628110e-02,-5.155211916815528594e-01,8.835546874999999911e-01,0.000000000000000000e+00,3.749218749999999045e-01,0.000000000000000000e+00,0.000000000000000000e+00,0.000000000000000000e+00,-5.155211916815528594e-01,-8.835546874999999911e-01,0.000000000000000000e+00,3.749218749999999045e-01,0.000000000000000000e+00,0.000000000000000000e+00,0.000000000000000000e+00
3.210000,9.085304934188092041e-01,0.000000000000000000e+00,1.135421934503334507e+00,6.123210365876127401e-17,2.778143860077018131e-03,-1.701122492907096163e-19,9.999961409509002808e-01,-4.476200000000001844e-01,1.366142434210526058e-01,0.000000000000000000e+00,8.270650000000002722e-01,-3.569050000000000833e-01,0.000000000000000000e+00,-4.476200000000001844e-01,-1.366142434210526058e-01,0.000000000000000000e+00,8.270650000000002722e-01,-3.569050000000000833e-01,0.000000000000000000e+00,0.000000000000000000e+00,0.000000000000000000e+00,2.228633200795233568e-02,-4.963126001339774329e-01,8.911264999999998215e-01,0.000000000000000000e+00,3.645250000000000989e-01,0.000000000000000000e+00,0.000000000000000000e+00,0.000000000000000000e+00,-4.963126001339774329e-01,-8.911264999999998215e-01,0.000000000000000000e+00,3.645250000000000989e-01,0.000000000000000000e+00,0.000000000000000000e+00,0.000000000000000000e+00
3.220000,9.109586384522266878e-01,0.000000000000000000e+00,1.123425548774275029e+00,6.123199543432298514e-17,3.354540945222927745e-03,-2.054063915587997640e-19,9.999943735116947341e-01,-4.395724999999999216e-01,1.379844037828947823e-01,0.000000000000000000e+00,8.143231249999999255e-01,-3.548931250000000315e-01,0.000000000000000000e+00,-4.395724999999999216e-01,-1.379844037828947823e-01,0.000000000000000000e+00,8.143231249999999255e-01,-3.548931250000000315e-01,0.000000000000000000e+00,0.000000000000000000e+00,0.000000000000000000e+00,1.895259070576538196e-02,-4.772036077015937017e-01,8.983810625000000494e-01,0.000000000000000000e+00,3.544656249999998954e-01,0.000000000000000000e+00,0.000000000000000000e+00,0.000000000000000000e+00,-4.772036077015937017e-01,-8.983810625000000494e-01,0.000000000000000000e+00,3.544656249999998954e-01,0.000000000000000000e+00,0.000000000000000000e+00,0.000000000000000000e+00
3.230000,9.133627497783535221e-01,0.000000000000000000e+00,1.111429442259280531e+00,6.123186798104881723e-17,3.926303229720420548e-03,-2.404167341379514184e-19,9.999922920417678718e-01,-4.318400000000001682e-01,1.393860526315789661e-01,0.000000000000000000e+00,8.020800000000001262e-01,-3.529600000000000515e-01,0.000000000000000000e+00,-4.318400000000001682e-01,-1.393860526315789661e-01,0.000000000000000000e+00,8.020800000000001262e-01,-3.529600000000000515e-01,0.000000000000000000e+00,0.000000000000000000e+00,0.000000000000000000e+00,1.562783300198811176e-02,-4.582209171853632856e-01,9.052879999999998706e-01,0.000000000000000000e+00,3.448000000000001064e-01,0.000000000000000000e+00,0.000000000000000000e+00,0.000000000000000000e+00,-4.582209171853632856e-01,-9.052879999999998706e-01,0.000000000000000000e+00,3.448000000000001064e-01,0.000000000000000000e+00,0.000000000000000000e+00,0.000000000000000000e+00
3.240000,9.157419003188297379e-01,0.000000000000000000e+00,1.099466562217915166e+00,6.123172210768875713e-17,4.492260028971671072e-03,-2.750715932708876450e-19,9.999899097490094757e-01,-4.244674999999999421e-01,1.408228659539473848e-01,0.000000000000000000e+00,7.904068749999998422e-01,-3.511168749999999950e-01,0.000000000000000000e+00,-4.244674999999999421e-01,-1.408228659539473848e-01,0.000000000000000000e+00,7.904068749999998422e-01,-3.511168749999999950e-01,0.000000000000000000e+00,0.000000000000000000e+00,0.000000000000000000e+00,1.232186257455264444e-02,-4.393912313862447516e-01,9.118169375000000354e-01,0.000000000000000000e+00,3.355843749999998238e-01,0.000000000000000000e+00,0.000000000000000000e+00,0.000000000000000000e+00,-4.393912313862447516e-01,-9.118169375000000354e-01,0.000000000000000000e+00,3.355843749999998238e-01,0.000000000000000000e+00,0.000000000000000000e+00,0.000000000000000000e+00
3.250000,9.180951629952941451e-01,0.000000000000000000e+00,1.087569855909745975e+00,6.123155877981559093e-17,5.051240679673963188e-03,-3.092992865042809819e-19,9.999872424024198736e-01,-4.175000000000000933e-01,1.422985197368420995e-01,0.000000000000000000e+00,7.793750000000001510e-01,-3.493749999999999911e-01,0.000000000000000000e+00,-4.175000000000000933e-01,-1.422985197368420995e-01,0.000000000000000000e+00,7.793750000000001510e-01,-3.493749999999999911e-01,0.000000000000000000e+00,0.000000000000000000e+00,0.000000000000000000e+00,9.044483101391678770e-03,-4.207412531052002191e-01,9.179374999999998508e-01,0.000000000000000000e+00,3.268749999999999711e-01,0.000000000000000000e+00,0.000000000000000000e+00,0.000000000000000000e+00,-4.207412531052002191e-01,-9.179374999999998508e-01,0.000000000000000000e+00,3.268749999999999711e-01,0.000000000000000000e+00,0.000000000000000000e+00,0.000000000000000000e+00
3.260000,9.204216107293867744e-01,0.000000000000000000e+00,1.075772270594337110e+00,6.123137911524368061e-17,5.602074542898147734e-03,-3.430281328772544109e-19,9.999843082572925645e-01,-4.109824999999999173e-01,1.438166899671053101e-01,0.000000000000000000e+00,7.690556249999997984e-01,-3.477456250000000582e-01,0.000000000000000000e+00,-4.109824999999999173e-01,-1.438166899671053101e-01,0.000000000000000000e+00,7.690556249999997984e-01,-3.477456250000000582e-01,0.000000000000000000e+00,0.000000000000000000e+00,0.000000000000000000e+00,5.805498260437330638e-03,-4.022976851431878664e-01,9.236193125000000670e-01,0.000000000000000000e+00,3.187281249999998067e-01,0.000000000000000000e+00,0.000000000000000000e+00,0.000000000000000000e+00,-4.022976851431878664e-01,-9.236193125000000670e-01,0.000000000000000000e+00,3.187281249999998067e-01,0.000000000000000000e+00,0.000000000000000000e+00,0.000000000000000000e+00
3.270000,9.227203164427468796e-01,0.000000000000000000e+00,1.064106753531255611e+00,6.123118437860855275e-17,6.143591006835247975e-03,-3.761864530895625636e-19,9.999811279666935837e-01,-4.049600000000000977e-01,1.453810526315789109e-01,0.000000000000000000e+00,7.595199999999999729e-01,-3.462400000000000477e-01,0.000000000000000000e+00,-4.049600000000000977e-01,-1.453810526315789109e-01,0.000000000000000000e+00,7.595199999999999729e-01,-3.462400000000000477e-01,0.000000000000000000e+00,0.000000000000000000e+00,0.000000000000000000e+00,2.614711729622277991e-03,-3.840872303011696465e-01,9.288319999999998799e-01,0.000000000000000000e+00,3.111999999999999766e-01,0.000000000000000000e+00,0.000000000000000000e+00,0.000000000000000000e+00,-3.840872303011696465e-01,-9.288319999999998799e-01,0.000000000000000000e+00,3.111999999999999766e-01,0.000000000000000000e+00,0.000000000000000000e+00,0.000000000000000000e+00
3.280000,9.249903530570141585e-01,0.000000000000000000e+00,1.052606251980066077e+00,6.123097597510763248e-17,6.674619489165576659e-03,-4.087025696466582543e-19,9.999777244792380504e-01,-3.994774999999999299e-01,1.469952837171052962e-01,0.000000000000000000e+00,7.508393749999997535e-01,-3.448693749999999780e-01,0.000000000000000000e+00,-3.994774999999999299e-01,-1.469952837171052962e-01,0.000000000000000000e+00,7.508393749999997535e-01,-3.448693749999999780e-01,0.000000000000000000e+00,0.000000000000000000e+00,0.000000000000000000e+00,-5.180728131213285792e-04,-3.661365913801042371e-01,9.335451875000001509e-01,0.000000000000000000e+00,3.043468749999998502e-01,0.000000000000000000e+00,0.000000000000000000e+00,0.000000000000000000e+00,-3.661365913801042371e-01,-9.335451875000001509e-01,0.000000000000000000e+00,3.043468749999998502e-01,0.000000000000000000e+00,0.000000000000000000e+00,0.000000000000000000e+00
3.290000,9.272307934938279761e-01,0.000000000000000000e+00,1.041303713200335324e+00,6.123075544340175249e-17,7.193989439006187765e-03,-4.405048069789395618e-19,9.999741229231642325e-01,-3.945800000000000418e-01,1.486630592105263049e-01,0.000000000000000000e+00,7.430849999999999955e-01,-3.436450000000000338e-01,0.000000000000000000e+00,-3.945800000000000418e-01,-1.486630592105263049e-01,0.000000000000000000e+00,7.430849999999999955e-01,-3.436450000000000338e-01,0.000000000000000000e+00,0.000000000000000000e+00,0.000000000000000000e+00,-3.583051689860825006e-03,-3.484724711809531472e-01,9.377284999999999648e-01,0.000000000000000000e+00,2.982249999999999623e-01,0.000000000000000000e+00,0.000000000000000000e+00,0.000000000000000000e+00,-3.484724711809531472e-01,-9.377284999999999648e-01,0.000000000000000000e+00,2.982249999999999623e-01,0.000000000000000000e+00,0.000000000000000000e+00,0.000000000000000000e+00
3.300000,9.294407106748278080e-01,0.000000000000000000e+00,1.030232084451627728e+00,6.123052444767778257e-17,7.700530338397758301e-03,-4.715214915327949415e-19,9.999703504767065709e-01,-3.903124999999998956e-01,1.503880550986842757e-01,0.000000000000000000e+00,7.363281249999997780e-01,-3.425781250000000111e-01,0.000000000000000000e+00,-3.903124999999998956e-01,-1.503880550986842757e-01,0.000000000000000000e+00,7.363281249999997780e-01,-3.425781250000000111e-01,0.000000000000000000e+00,0.000000000000000000e+00,0.000000000000000000e+00,-6.570421222664088456e-03,-3.311215725046748881e-01,9.413515624999999609e-01,0.000000000000000000e+00,2.928906249999998490e-01,0.000000000000000000e+00,0.000000000000000000e+00,0.000000000000000000e+00,-3.311215725046748881e-01,-9.413515624999999609e-01,0.000000000000000000e+00,2.928906249999998490e-01,0.000000000000000000e+00,0.000000000000000000e+00,0.000000000000000000e+00
3.310000,9.316191775216531301e-01,0.000000000000000000e+00,1.019424312993510107e+00,6.123028476887245340e-17,8.193071703294302691e-03,-5.016809518312060782e-19,9.999664362247688842e-01,-3.867200000000000637e-01,1.521739473684210753e-01,0.000000000000000000e+00,7.306400000000000672e-01,-3.416800000000000948e-01,0.000000000000000000e+00,-3.867200000000000637e-01,-1.521739473684210753e-01,0.000000000000000000e+00,7.306400000000000672e-01,-3.416800000000000948e-01,0.000000000000000000e+00,0.000000000000000000e+00,0.000000000000000000e+00,-9.470377733598406289e-03,-3.141105981522316903e-01,9.443840000000000012e-01,0.000000000000000000e+00,2.883999999999999342e-01,0.000000000000000000e+00,0.000000000000000000e+00,0.000000000000000000e+00,-3.141105981522316903e-01,-9.443840000000000012e-01,0.000000000000000000e+00,2.883999999999999342e-01,0.000000000000000000e+00,0.000000000000000000e+00,0.000000000000000000e+00
3.320000,9.337652669559435292e-01,0.000000000000000000e+00,1.008913346085547058e+00,6.123003829505716520e-17,8.670443084025298772e-03,-5.309115185020443705e-19,9.999624110018969780e-01,-3.838475000000000636e-01,1.540244120065789868e-01,0.000000000000000000e+00,7.260918749999999422e-01,-3.409618750000000253e-01,0.000000000000000000e+00,-3.838475000000000636e-01,-1.540244120065789868e-01,0.000000000000000000e+00,7.260918749999999422e-01,-3.409618750000000253e-01,0.000000000000000000e+00,0.000000000000000000e+00,0.000000000000000000e+00,-1.227311754473166261e-02,-2.974662509245817321e-01,9.467954375000000589e-01,0.000000000000000000e+00,2.848093749999999202e-01,0.000000000000000000e+00,0.000000000000000000e+00,0.000000000000000000e+00,-2.974662509245817321e-01,-9.467954375000000589e-01,0.000000000000000000e+00,2.848093749999999202e-01,0.000000000000000000e+00,0.000000000000000000e+00,0.000000000000000000e+00
3.330000,9.358780518993383701e-01,0.000000000000000000e+00,9.987321309873052888e-01,6.122978701098411392e-17,9.131474065203096929e-03,-5.591415242724021009e-19,9.999583072215544322e-01,-3.817400000000000237e-01,1.559431249999999880e-01,0.000000000000000000e+00,7.227549999999999253e-01,-3.404350000000000431e-01,0.000000000000000000e+00,-3.817400000000000237e-01,-1.559431249999999880e-01,0.000000000000000000e+00,7.227549999999999253e-01,-3.404350000000000431e-01,0.000000000000000000e+00,0.000000000000000000e+00,0.000000000000000000e+00,-1.496883697813121417e-02,-2.812152336226868554e-01,9.485555000000001069e-01,0.000000000000000000e+00,2.821749999999999536e-01,0.000000000000000000e+00,0.000000000000000000e+00,0.000000000000000000e+00,-2.812152336226868554e-01,-9.485555000000001069e-01,0.000000000000000000e+00,2.821749999999999536e-01,0.000000000000000000e+00,0.000000000000000000e+00,0.000000000000000000e+00
3.340000,9.379566052734773507e-01,0.000000000000000000e+00,9.889136149583499513e-01,6.122953298679369809e-17,9.574994265055329981e-03,-5.862993039277137058e-19,9.999541586916993463e-01,-3.804425000000000168e-01,1.579337623355262510e-01,0.000000000000000000e+00,7.207006249999998726e-01,-3.401106249999999998e-01,0.000000000000000000e+00,-3.804425000000000168e-01,-1.579337623355262510e-01,0.000000000000000000e+00,7.207006249999998726e-01,-3.401106249999999998e-01,0.000000000000000000e+00,0.000000000000000000e+00,0.000000000000000000e+00,-1.754773235586477853e-02,-2.653842490475064597e-01,9.496338125000001185e-01,0.000000000000000000e+00,2.805531249999999588e-01,0.000000000000000000e+00,0.000000000000000000e+00,0.000000000000000000e+00,-2.653842490475064597e-01,-9.496338125000001185e-01,0.000000000000000000e+00,2.805531249999999588e-01,0.000000000000000000e+00,0.000000000000000000e+00,0.000000000000000000e+00
3.350000,9.399999999999999467e-01,0.000000000000000000e+00,9.794907452582463092e-01,6.122927836588318161e-17,9.999833334166664464e-03,-6.123131942347104890e-19,9.999500004166652634e-01,-3.800000000000000044e-01,1.600000000000000033e-01,0.000000000000000000e+00,7.199999999999999734e-01,-3.400000000000000244e-01,0.000000000000000000e+00,-3.800000000000000044e-01,-1.600000000000000033e-01,0.000000000000000000e+00,7.199999999999999734e-01,-3.400000000000000244e-01,0.000000000000000000e+00,0.000000000000000000e+00,0.000000000000000000e+00,-2.000000000000000042e-02,-2.500000000000000000e-01,9.499999999999999556e-01,0.000000000000000000e+00,2.800000000000000266e-01,0.000000000000000000e+00,0.000000000000000000e+00,0.000000000000000000e+00,-2.500000000000000000e-01,-9.499999999999999556e-01,0.000000000000000000e+00,2.800000000000000266e-01,0.000000000000000000e+00,0.000000000000000000e+00,0.000000000000000000e+00
3.360000,9.420555565713585322e-01,0.000000000000000000e+00,9.700029077276072220e-01,6.122901466099574372e-17,1.042158686456580094e-02,-6.381381497863304731e-19,9.999456937890298658e-01,-3.805765597667638001e-01,1.622749608715666203e-01,-1.921865889212745731e-04,7.213453061224488483e-01,-3.404804664723032337e-01,-2.402332361515932232e-04,-3.805765597667638001e-01,-1.622749608715666203e-01,1.921865889212745731e-04,7.213453061224488483e-01,-3.404804664723032337e-01,2.402332361515932232e-04,0.000000000000000000e+00,0.000000000000000000e+00,-2.244349506459778279e-02,-2.348092959911685651e-01,9.487988338192420157e-01,0.000000000000000000e+00,2.804083965014577684e-01,0.000000000000000000e+00,0.000000000000000000e+00,0.000000000000000000e+00,-2.348092959911685651e-01,-9.487988338192420157e-01,0.000000000000000000e+00,2.804083965014577684e-01,0.000000000000000000e+00,0.000000000000000000e+00,0.000000000000000000e+00
3.370000,9.441666320953415736e-01,0.000000000000000000e+00,9.599990109713862907e-01,6.122873188185150845e-17,1.085565371772229115e-02,-6.647170789030334061e-19,9.999410756551412316e-01,-3.822614577259474955e-01,1.648738008286021184e-01,-7.538192419825081149e-04,7.252767346938775450e-01,-3.418845481049562762e-01,-9.422740524781353334e-04,-3.822614577259474955e-01,-1.648738008286021184e-01,7.538192419825081149e-04,7.252767346938775450e-01,-3.418845481049562762e-01,9.422740524781353334e-04,0.000000000000000000e+00,0.000000000000000000e+00,-2.499547137003054961e-02,-2.195514933604348073e-01,9.452886297376091873e-01,0.000000000000000000e+00,2.816018658892128212e-01,0.000000000000000000e+00,0.000000000000000000e+00,0.000000000000000000e+00,-2.195514933604348073e-01,-9.452886297376091873e-01,0.000000000000000000e+00,2.816018658892128212e-01,0.000000000000000000e+00,0.000000000000000000e+00,0.000000000000000000e+00
3.380000,9.463263544165922969e-01,0.000000000000000000e+00,9.495262863956647204e-01,6.122843006043853896e-17,1.130056847805312355e-02,-6.919602507596616965e-19,9.999361465374041469e-01,-3.849875218658891374e-01,1.677732453582936323e-01,-1.662507288629715531e-03,7.316375510204079502e-01,-3.441562682215743019e-01,-2.078134110787144360e-03,-3.849875218658891374e-01,-1.677732453582936323e-01,1.662507288629715531e-03,7.316375510204079502e-01,-3.441562682215743019e-01,2.078134110787144360e-03,0.000000000000000000e+00,0.000000000000000000e+00,-2.764522323783242738e-02,-2.042421151513968136e-01,9.396093294460642342e-01,0.000000000000000000e+00,2.835328279883381764e-01,0.000000000000000000e+00,0.000000000000000000e+00,0.000000000000000000e+00,-2.042421151513968136e-01,-9.396093294460642342e-01,0.000000000000000000e+00,2.835328279883381764e-01,0.000000000000000000e+00,0.000000000000000000e+00,0.000000000000000000e+00
3.390000,9.485278513797544830e-01,0.000000000000000000e+00,9.386319654065211626e-01,6.122810936472386022e-17,1.175486574155947678e-02,-7.197779352403845885e-19,9.999309091789282400e-01,-3.886875801749271053e-01,1.709500199478287685e-01,-2.895860058309041290e-03,7.402710204081632828e-01,-3.472396501457726270e-01,-3.619825072886301721e-03,-3.886875801749271053e-01,-1.709500199478287685e-01,2.895860058309041290e-03,7.402710204081632828e-01,-3.472396501457726270e-01,3.619825072886301721e-03,0.000000000000000000e+00,0.000000000000000000e+00,-3.038204498953800056e-02,-1.888966844076499507e-01,9.319008746355684769e-01,0.000000000000000000e+00,2.861537026239067694e-01,0.000000000000000000e+00,0.000000000000000000e+00,0.000000000000000000e+00,-1.888966844076499507e-01,-9.319008746355684769e-01,0.000000000000000000e+00,2.861537026239067694e-01,0.000000000000000000e+00,0.000000000000000000e+00,0.000000000000000000e+00
3.400000,9.507642508294710249e-01,0.000000000000000000e+00,9.273632794100369336e-01,6.122777010772995694e-17,1.221708011967636426e-02,-7.480804031744211055e-19,9.999253686917586315e-01,-3.932944606413993349e-01,1.743808500843945786e-01,-4.431486880466440313e-03,7.510204081632650963e-01,-3.510787172011661239e-01,-5.539358600583050608e-03,-3.932944606413993349e-01,-1.743808500843945786e-01,4.431486880466440313e-03,7.510204081632650963e-01,-3.510787172011661239e-01,5.539358600583050608e-03,0.000000000000000000e+00,0.000000000000000000e+00,-3.319523094668137830e-02,-1.735307241727923055e-01,9.223032069970846791e-01,0.000000000000000000e+00,2.894169096209912029e-01,0.000000000000000000e+00,0.000000000000000000e+00,0.000000000000000000e+00,-1.735307241727923055e-01,-9.223032069970846791e-01,0.000000000000000000e+00,2.894169096209912029e-01,0.000000000000000000e+00,0.000000000000000000e+00,0.000000000000000000e+00
3.410000,9.530286806103858144e-01,0.000000000000000000e+00,9.157674598122906851e-01,6.122741275529633904e-17,1.268574624323735509e-02,-7.767779265788093936e-19,9.999195326836316511e-01,-3.987409912536443168e-01,1.780424612551787800e-01,-6.246997084548112228e-03,7.637289795918367208e-01,-3.556174927113703310e-01,-7.808746355685141152e-03,-3.987409912536443168e-01,-1.780424612551787800e-01,6.246997084548112228e-03,7.637289795918367208e-01,-3.556174927113703310e-01,7.808746355685141152e-03,0.000000000000000000e+00,0.000000000000000000e+00,-3.607407543079715201e-02,-1.581597574904192449e-01,9.109562682215742724e-01,0.000000000000000000e+00,2.932748688046647456e-01,0.000000000000000000e+00,0.000000000000000000e+00,0.000000000000000000e+00,-1.581597574904192449e-01,-9.109562682215742724e-01,0.000000000000000000e+00,2.932748688046647456e-01,0.000000000000000000e+00,0.000000000000000000e+00,0.000000000000000000e+00
3.420000,9.553142685671417444e-01,0.000000000000000000e+00,9.038917380193633999e-01,6.122703793252611299e-17,1.315939876649712195e-02,-8.057807789047164061e-19,9.999134113632561771e-01,-4.049599999999998756e-01,1.819115789473683409e-01,-8.319999999999961107e-03,7.782399999999997098e-01,-3.607999999999998986e-01,-1.039999999999995095e-02,-4.049599999999998756e-01,-1.819115789473683409e-01,8.319999999999961107e-03,7.782399999999997098e-01,-3.607999999999998986e-01,1.039999999999995095e-02,0.000000000000000000e+00,0.000000000000000000e+00,-3.900787276341943777e-02,-1.427993074041288279e-01,8.980000000000001315e-01,0.000000000000000000e+00,2.976799999999999446e-01,0.000000000000000000e+00,0.000000000000000000e+00,0.000000000000000000e+00,-1.427993074041288279e-01,-8.980000000000001315e-01,0.000000000000000000e+00,2.976799999999999446e-01,0.000000000000000000e+00,0.000000000000000000e+00,0.000000000000000000e+00
3.430000,9.576141425443824851e-01,0.000000000000000000e+00,8.917833454373339519e-01,6.122664642891785481e-17,1.363657237115134535e-02,-8.349992352835863876e-19,9.999070176241220409e-01,-4.118843148688047240e-01,1.859649286481510344e-01,-1.062810495626823233e-02,7.943967346938776153e-01,-3.665702623906706425e-01,-1.328513119533529172e-02,-4.118843148688047240e-01,-1.859649286481510344e-01,1.062810495626823233e-02,7.943967346938776153e-01,-3.665702623906706425e-01,1.328513119533529172e-02,0.000000000000000000e+00,0.000000000000000000e+00,-4.198591726608282698e-02,-1.274648969575164770e-01,8.835743440233235768e-01,0.000000000000000000e+00,3.025847230320700132e-01,0.000000000000000000e+00,0.000000000000000000e+00,0.000000000000000000e+00,-1.274648969575164770e-01,-8.835743440233235768e-01,0.000000000000000000e+00,3.025847230320700132e-01,0.000000000000000000e+00,0.000000000000000000e+00,0.000000000000000000e+00
3.440000,9.599214303867511511e-01,0.000000000000000000e+00,8.794895134722835461e-01,6.122623920218240258e-17,1.411580177028800946e-02,-8.643435727690876523e-19,9.999003671068342758e-01,-4.194467638483963534e-01,1.901792358447137732e-01,-1.314892128279879224e-02,8.120424489795915468e-01,-3.728723032069969912e-01,-1.643615160349849030e-02,-4.194467638483963534e-01,-1.901792358447137732e-01,1.314892128279879224e-02,8.120424489795915468e-01,-3.728723032069969912e-01,1.643615160349849030e-02,0.000000000000000000e+00,0.000000000000000000e+00,-4.499750326032140452e-02,-1.121720491941802234e-01,8.678192419825074833e-01,0.000000000000000000e+00,3.079414577259474428e-01,0.000000000000000000e+00,0.000000000000000000e+00,0.000000000000000000e+00,-1.121720491941802234e-01,-8.678192419825074833e-01,0.000000000000000000e+00,3.079414577259474428e-01,0.000000000000000000e+00,0.000000000000000000e+00,0.000000000000000000e+00
3.450000,9.622292599388914125e-01,0.000000000000000000e+00,8.670574735302907232e-01,6.122581738074492606e-17,1.459562171220266449e-02,-8.937240705707301982e-19,9.998934782399745425e-01,-4.275801749271137542e-01,1.945312260242443025e-01,-1.586005830903791658e-02,8.310204081632653894e-01,-3.796501457725948714e-01,-1.982507288629739572e-02,-4.275801749271137542e-01,-1.945312260242443025e-01,1.586005830903791658e-02,8.310204081632653894e-01,-3.796501457725948714e-01,1.982507288629739572e-02,0.000000000000000000e+00,0.000000000000000000e+00,-4.803192506766981035e-02,-9.693628715771550330e-02,8.508746355685129492e-01,0.000000000000000000e+00,3.137026239067056133e-01,0.000000000000000000e+00,0.000000000000000000e+00,0.000000000000000000e+00,-9.693628715771550330e-02,-8.508746355685129492e-01,0.000000000000000000e+00,3.137026239067056133e-01,0.000000000000000000e+00,0.000000000000000000e+00,0.000000000000000000e+00
3.460000,9.645307590454463842e-01,0.000000000000000000e+00,8.545344570174367993e-01,6.122538226493219930e-17,1.507456698400672611e-02,-9.230510102748104117e-19,9.998863722594906189e-01,-4.362173760932943067e-01,1.989976246739296739e-01,-1.873912536443143872e-02,8.511738775510201416e-01,-3.868478134110786004e-01,-2.342390670553930188e-02,-4.362173760932943067e-01,-1.989976246739296739e-01,1.873912536443143872e-02,8.511738775510201416e-01,-3.868478134110786004e-01,2.342390670553930188e-02,0.000000000000000000e+00,0.000000000000000000e+00,-5.107847700966210158e-02,-8.177313389172037594e-02,8.328804664723035156e-01,0.000000000000000000e+00,3.198206413994168495e-01,0.000000000000000000e+00,0.000000000000000000e+00,0.000000000000000000e+00,-8.177313389172037594e-02,-8.328804664723035156e-01,0.000000000000000000e+00,3.198206413994168495e-01,0.000000000000000000e+00,0.000000000000000000e+00,0.000000000000000000e+00
3.470000,9.668190555510598472e-01,0.000000000000000000e+00,8.419676953398004260e-01,6.122493532684518729e-17,1.555117241495797623e-02,-9.522346760483451901e-19,9.998790732066155096e-01,-4.452911953352770569e-01,2.035551572809575216e-01,-2.176373177842567952e-02,8.723461224489796884e-01,-3.944093294460642163e-01,-2.720466472303210287e-02,-4.452911953352770569e-01,-2.035551572809575216e-01,2.176373177842567952e-02,8.723461224489796884e-01,-3.944093294460642163e-01,2.720466472303210287e-02,0.000000000000000000e+00,0.000000000000000000e+00,-5.412645340783291126e-02,-6.669811243979022197e-02,8.139766763848395037e-01,0.000000000000000000e+00,3.262479300291545870e-01,0.000000000000000000e+00,0.000000000000000000e+00,0.000000000000000000e+00,-6.669811243979022197e-02,-8.139766763848395037e-01,0.000000000000000000e+00,3.262479300291545870e-01,0.000000000000000000e+00,0.000000000000000000e+00,0.000000000000000000e+00
3.480000,9.690872773003745833e-01,0.000000000000000000e+00,8.294044199034628084e-01,6.122447820891679871e-17,1.602397287944066356e-02,-9.811853548215503366e-19,9.998716079043143967e-01,-4.547344606413992185e-01,2.081805493325149248e-01,-2.491148688046641857e-02,8.943804081632649172e-01,-4.022787172011660362e-01,-3.113935860058302668e-02,-4.547344606413992185e-01,-2.081805493325149248e-01,2.491148688046641857e-02,8.943804081632649172e-01,-4.022787172011660362e-01,3.113935860058302668e-02,0.000000000000000000e+00,0.000000000000000000e+00,-5.716514858371632424e-02,-5.172674584552310745e-02,7.943032069970848985e-01,0.000000000000000000e+00,3.329369096209911505e-01,0.000000000000000000e+00,0.000000000000000000e+00,0.000000000000000000e+00,-5.172674584552310745e-02,-7.943032069970848985e-01,0.000000000000000000e+00,3.329369096209911505e-01,0.000000000000000000e+00,0.000000000000000000e+00,0.000000000000000000e+00
3.490000,9.713285521380345955e-01,0.000000000000000000e+00,8.168918621145027092e-01,6.122401272115527307e-17,1.649150329952461802e-02,-1.009813336444541925e-18,9.998640059122649859e-01,-4.644800000000000595e-01,2.128505263157895455e-01,-2.816000000000002529e-02,9.171200000000001573e-01,-4.104000000000000981e-01,-3.520000000000002988e-02,-4.644800000000000595e-01,-2.128505263157895455e-01,2.816000000000002529e-02,9.171200000000001573e-01,-4.104000000000000981e-01,3.520000000000002988e-02,0.000000000000000000e+00,0.000000000000000000e+00,-6.018385685884695274e-02,-3.687455715251443389e-02,7.739999999999997993e-01,0.000000000000000000e+00,3.398400000000000865e-01,0.000000000000000000e+00,0.000000000000000000e+00,0.000000000000000000e+00,-3.687455715251443389e-02,-7.739999999999997993e-01,0.000000000000000000e+00,3.398400000000000865e-01,0.000000000000000000e+00,0.000000000000000000e+00,0.000000000000000000e+00
3.500000,9.735360079086826657e-01,0.000000000000000000e+00,8.044772533790011115e-01,6.122354083707288195e-17,1.695229864703275136e-02,-1.038028913813933259e-18,9.998562994603683585e-01,-4.744606413994167937e-01,2.175418137179683797e-01,-3.148688046647225847e-02,9.404081632653057410e-01,-4.187172011661806637e-01,-3.935860058309032655e-02,-4.744606413994167937e-01,-2.175418137179683797e-01,3.148688046647225847e-02,9.404081632653057410e-01,-4.187172011661806637e-01,3.935860058309032655e-02,0.000000000000000000e+00,0.000000000000000000e+00,-6.317187255475888163e-02,-2.215706940436224306e-02,7.532069970845483020e-01,0.000000000000000000e+00,3.469096209912536088e-01,0.000000000000000000e+00,0.000000000000000000e+00,0.000000000000000000e+00,-2.215706940436224306e-02,-7.532069970845483020e-01,0.000000000000000000e+00,3.469096209912536088e-01,0.000000000000000000e+00,0.000000000000000000e+00,0.000000000000000000e+00
3.510000,9.757027724569625748e-01,0.000000000000000000e+00,7.922078251030368889e-01,6.122306468830024000e-17,1.740489394504995957e-02,-1.065742382965229052e-18,9.998485233607946610e-01,-4.846092128279884115e-01,2.222311370262391172e-01,-3.486973760932947364e-02,9.640881632653062194e-01,-4.271743440233237155e-01,-4.358717201166184552e-02,-4.846092128279884115e-01,-2.222311370262391172e-01,3.486973760932947364e-02,9.640881632653062194e-01,-4.271743440233237155e-01,4.358717201166184552e-02,0.000000000000000000e+00,0.000000000000000000e+00,-6.611848999298672314e-02,-7.589805644661967721e-03,7.320641399416907280e-01,0.000000000000000000e+00,3.540981924198251529e-01,0.000000000000000000e+00,0.000000000000000000e+00,0.000000000000000000e+00,-7.589805644661967721e-03,-7.320641399416907280e-01,0.000000000000000000e+00,3.540981924198251529e-01,0.000000000000000000e+00,0.000000000000000000e+00,0.000000000000000000e+00
3.520000,9.778219736275175489e-01,0.000000000000000000e+00,7.801308086926910246e-01,6.122258655788633671e-17,1.784782426880826556e-02,-1.092864043127024560e-18,9.998407148985630766e-01,-4.948585422740523487e-01,2.268952217277888372e-01,-3.828618075801745041e-02,9.880032653061221470e-01,-4.357154518950436817e-01,-4.785772594752180781e-02,-4.948585422740523487e-01,-2.268952217277888372e-01,3.828618075801745041e-02,9.880032653061221470e-01,-4.357154518950436817e-01,4.785772594752180781e-02,0.000000000000000000e+00,0.000000000000000000e+00,-6.901300349506456211e-02,6.811711082988404151e-03,7.107113702623909512e-01,0.000000000000000000e+00,3.613581341107870992e-01,0.000000000000000000e+00,0.000000000000000000e+00,0.000000000000000000e+00,6.811711082988404151e-03,-7.107113702623909512e-01,0.000000000000000000e+00,3.613581341107870992e-01,0.000000000000000000e+00,0.000000000000000000e+00,0.000000000000000000e+00
3.530000,9.798867392649911467e-01,0.000000000000000000e+00,7.682934355540423921e-01,6.122210887228420265e-17,1.827962474588851194e-02,-1.119304196733355801e-18,9.998329137006590761e-01,-5.051414577259476513e-01,2.315107933098052018e-01,-4.171381924198255819e-02,1.011996734693877853e+00,-4.442845481049564338e-01,-5.214227405247819080e-02,-5.051414577259476513e-01,-2.315107933098052018e-01,4.171381924198255819e-02,1.011996734693877853e+00,-4.442845481049564338e-01,5.214227405247819080e-02,0.000000000000000000e+00,0.000000000000000000e+00,-7.184470738252701771e-02,2.103195773499336174e-02,6.892886297376090710e-01,0.000000000000000000e+00,3.686418658892129385e-01,0.000000000000000000e+00,0.000000000000000000e+00,0.000000000000000000e+00,2.103195773499336174e-02,-6.892886297376090710e-01,0.000000000000000000e+00,3.686418658892129385e-01,0.000000000000000000e+00,0.000000000000000000e+00,0.000000000000000000e+00
3.540000,9.818901972140265944e-01,0.000000000000000000e+00,7.567429370931721966e-01,6.122163419202250600e-17,1.869883055568237473e-02,-1.144973149390757297e-18,9.998251615836890593e-01,-5.153907871720115885e-01,2.360545772594751790e-01,-4.513026239067051415e-02,1.035911836734693781e+00,-4.528256559766762890e-01,-5.641282798833814616e-02,-5.153907871720115885e-01,-2.360545772594751790e-01,4.513026239067051415e-02,1.035911836734693781e+00,-4.528256559766762890e-01,5.641282798833814616e-02,0.000000000000000000e+00,0.000000000000000000e+00,-7.460289597690820951e-02,3.505541126775495175e-02,6.679358600583091832e-01,0.000000000000000000e+00,3.759018075801748293e-01,0.000000000000000000e+00,0.000000000000000000e+00,0.000000000000000000e+00,3.505541126775495175e-02,-6.679358600583091832e-01,0.000000000000000000e+00,3.759018075801748293e-01,0.000000000000000000e+00,0.000000000000000000e+00,0.000000000000000000e+00
3.550000,9.838254753192670066e-01,0.000000000000000000e+00,7.455265447161589787e-01,6.122116520106303009e-17,1.910397692806568501e-02,-1.169781209797026341e-18,9.998175023800753847e-01,-5.255393586005832063e-01,2.405032990639865698e-01,-4.851311953352773626e-02,1.059591836734693926e+00,-4.612827988338192853e-01,-6.064139941690967206e-02,-5.255393586005832063e-01,-2.405032990639865698e-01,4.851311953352773626e-02,1.059591836734693926e+00,-4.612827988338192853e-01,6.064139941690967206e-02,0.000000000000000000e+00,0.000000000000000000e+00,-7.727686359974268726e-02,4.886654863767766338e-02,6.467930029154516092e-01,0.000000000000000000e+00,3.830903790087464844e-01,0.000000000000000000e+00,0.000000000000000000e+00,0.000000000000000000e+00,4.886654863767766338e-02,-6.467930029154516092e-01,0.000000000000000000e+00,3.830903790087464844e-01,0.000000000000000000e+00,0.000000000000000000e+00,0.000000000000000000e+00
3.560000,9.856857014253562754e-01,0.000000000000000000e+00,7.346914898290839435e-01,6.122070469484415517e-17,1.949359914123943022e-02,-1.193638689609023131e-18,9.998099817427913427e-01,-5.355199999999998850e-01,2.448336842105262867e-01,-5.183999999999996944e-02,1.082879999999999843e+00,-4.695999999999999064e-01,-6.479999999999996874e-02,-5.355199999999998850e-01,-2.448336842105262867e-01,5.183999999999996944e-02,1.082879999999999843e+00,-4.695999999999999064e-01,6.479999999999996874e-02,0.000000000000000000e+00,0.000000000000000000e+00,-7.985590457256458441e-02,6.244984680116356934e-02,6.260000000000001119e-01,0.000000000000000000e+00,3.901600000000000068e-01,0.000000000000000000e+00,0.000000000000000000e+00,0.000000000000000000e+00,6.244984680116356934e-02,-6.260000000000001119e-01,0.000000000000000000e+00,3.901600000000000068e-01,0.000000000000000000e+00,0.000000000000000000e+00,0.000000000000000000e+00
3.570000,9.874640033769375158e-01,0.000000000000000000e+00,7.242850038380261868e-01,6.122025556701046770e-17,1.986623251870368173e-02,-1.216455903257376270e-18,9.998026469286390716e-01,-5.452655393586006705e-01,2.490224581862821585e-01,-5.508851311953356922e-02,1.105619591836734861e+00,-4.777212827988339683e-01,-6.886064139941695805e-02,-5.452655393586006705e-01,-2.490224581862821585e-01,5.508851311953356922e-02,1.105619591836734861e+00,-4.777212827988339683e-01,6.886064139941695805e-02,0.000000000000000000e+00,0.000000000000000000e+00,-8.232931321690850623e-02,7.578978271461712934e-02,6.056967930029152347e-01,0.000000000000000000e+00,3.970630903790088873e-01,0.000000000000000000e+00,0.000000000000000000e+00,0.000000000000000000e+00,7.578978271461712934e-02,-6.056967930029152347e-01,0.000000000000000000e+00,3.970630903790088873e-01,0.000000000000000000e+00,0.000000000000000000e+00,0.000000000000000000e+00
3.580000,9.891535090186540646e-01,0.000000000000000000e+00,7.143543181490661365e-01,6.121982079482842320e-17,2.022041242533668612e-02,-1.238143167706397119e-18,9.997955465600700808e-01,-5.547088046647228321e-01,2.530463464784410421e-01,-5.823626822157431521e-02,1.127653877551020312e+00,-4.855906705539357882e-01,-7.279533527696788187e-02,-5.547088046647228321e-01,-2.530463464784410421e-01,5.823626822157431521e-02,1.127653877551020312e+00,-4.855906705539357882e-01,7.279533527696788187e-02,0.000000000000000000e+00,0.000000000000000000e+00,-8.468638385430854454e-02,8.887083333444042998e-02,5.860233236151606295e-01,0.000000000000000000e+00,4.037520699708454508e-01,0.000000000000000000e+00,0.000000000000000000e+00,0.000000000000000000e+00,8.887083333444042998e-02,-5.860233236151606295e-01,0.000000000000000000e+00,4.037520699708454508e-01,0.000000000000000000e+00,0.000000000000000000e+00,0.000000000000000000e+00
3.590000,9.907473461951492588e-01,0.000000000000000000e+00,7.049466641682836654e-01,6.121940342328840776e-17,2.055467426256236962e-02,-1.258610802158174326e-18,9.997887303655508262e-01,-5.637826239067053047e-01,2.568820745741904887e-01,-6.126087463556841722e-02,1.148826122448979081e+00,-4.931521865889210154e-01,-7.657609329446053714e-02,-5.637826239067053047e-01,-2.568820745741904887e-01,6.126087463556841722e-02,1.148826122448979081e+00,-4.931521865889210154e-01,7.657609329446053714e-02,0.000000000000000000e+00,0.000000000000000000e+00,-8.691641080629916583e-02,1.016774756170373550e-01,5.671195335276973948e-01,0.000000000000000000e+00,4.101793586005829106e-01,0.000000000000000000e+00,0.000000000000000000e+00,0.000000000000000000e+00,1.016774756170373550e-01,-5.671195335276973948e-01,0.000000000000000000e+00,4.101793586005829106e-01,0.000000000000000000e+00,0.000000000000000000e+00,0.000000000000000000e+00
3.600000,9.922386427510668794e-01,0.000000000000000000e+00,6.961092733017580914e-01,6.121900654789280384e-17,2.086755346259795696e-02,-1.277769127700342816e-18,9.997822488984717815e-01,-5.724198250728862458e-01,2.605063679607181326e-01,-6.413994169096207121e-02,1.168979591836734500e+00,-5.003498542274051886e-01,-8.017492711370259595e-02,-5.724198250728862458e-01,-2.605063679607181326e-01,6.413994169096207121e-02,1.168979591836734500e+00,-5.003498542274051886e-01,8.017492711370259595e-02,0.000000000000000000e+00,0.000000000000000000e+00,-8.900868839441483660e-02,1.141941865188117189e-01,5.491253644314870730e-01,0.000000000000000000e+00,4.162973760932944800e-01,0.000000000000000000e+00,0.000000000000000000e+00,0.000000000000000000e+00,1.141941865188117189e-01,-5.491253644314870730e-01,0.000000000000000000e+00,4.162973760932944800e-01,0.000000000000000000e+00,0.000000000000000000e+00,0.000000000000000000e+00
3.610000,9.936205265310495971e-01,0.000000000000000000e+00,6.878893769555702864e-01,6.121863329613054099e-17,2.115758548178597875e-02,-1.295528466897785485e-18,9.997761532346033375e-01,-5.805532361516032580e-01,2.638959521252108864e-01,-6.685107871720107064e-02,1.187957551020407454e+00,-5.071276967930026247e-01,-8.356384839650134178e-02,-5.805532361516032580e-01,-2.638959521252108864e-01,6.685107871720107064e-02,1.187957551020407454e+00,-5.071276967930026247e-01,8.356384839650134178e-02,0.000000000000000000e+00,0.000000000000000000e+00,-9.095251094018970417e-02,1.264054429961656567e-01,5.321807580174933161e-01,0.000000000000000000e+00,4.220585422740522619e-01,0.000000000000000000e+00,0.000000000000000000e+00,0.000000000000000000e+00,1.264054429961656567e-01,-5.321807580174933161e-01,0.000000000000000000e+00,4.220585422740522619e-01,0.000000000000000000e+00,0.000000000000000000e+00,0.000000000000000000e+00
3.620000,9.948861253797414150e-01,0.000000000000000000e+00,6.803342065357992352e-01,6.121828680763783573e-17,2.142330579302607202e-02,-1.311799143329216516e-18,9.997704946480959753e-01,-5.881156851311952760e-01,2.670275525548565509e-01,-6.937189504373177107e-02,1.205603265306122385e+00,-5.134297376093294174e-01,-8.671486880466469649e-02,-5.881156851311952760e-01,-2.670275525548565509e-01,6.937189504373177107e-02,1.205603265306122385e+00,-5.134297376093294174e-01,8.671486880466469649e-02,0.000000000000000000e+00,0.000000000000000000e+00,-9.273717276515830443e-02,1.382957220055035519e-01,5.164256559766765564e-01,0.000000000000000000e+00,4.274152769679300246e-01,0.000000000000000000e+00,0.000000000000000000e+00,0.000000000000000000e+00,1.382957220055035519e-01,-5.164256559766765564e-01,0.000000000000000000e+00,4.274152769679300246e-01,0.000000000000000000e+00,0.000000000000000000e+00,0.000000000000000000e+00
3.630000,9.960285671417854481e-01,0.000000000000000000e+00,6.734909934485258098e-01,6.121797021304521918e-17,2.166324987733491900e-02,-1.326491481070375023e-18,9.997653242660260453e-01,-5.950399999999997913e-01,2.698778947368420389e-01,-7.167999999999992433e-02,1.221759999999999513e+00,-5.191999999999998838e-01,-8.959999999999990195e-02,-5.950399999999997913e-01,-2.698778947368420389e-01,7.167999999999992433e-02,1.221759999999999513e+00,-5.191999999999998838e-01,8.959999999999990195e-02,0.000000000000000000e+00,0.000000000000000000e+00,-9.435196819085482633e-02,1.498495005032276506e-01,5.020000000000004459e-01,0.000000000000000000e+00,4.323199999999999266e-01,0.000000000000000000e+00,0.000000000000000000e+00,0.000000000000000000e+00,1.498495005032276506e-01,-5.020000000000004459e-01,0.000000000000000000e+00,4.323199999999999266e-01,0.000000000000000000e+00,0.000000000000000000e+00,0.000000000000000000e+00
3.640000,9.970409796618250331e-01,0.000000000000000000e+00,6.674069690998289950e-01,6.121768661151072920e-17,2.187595321457691186e-02,-1.339515804126443292e-18,9.997606927014852651e-01,-6.012590087463557387e-01,2.724237041583551511e-01,-7.375300291545189291e-02,1.236271020408163057e+00,-5.243825072886297844e-01,-9.219125364431485226e-02,-6.012590087463557387e-01,-2.724237041583551511e-01,7.375300291545189291e-02,1.236271020408163057e+00,-5.243825072886297844e-01,9.219125364431485226e-02,0.000000000000000000e+00,0.000000000000000000e+00,-9.578619153881375026e-02,1.610512554457421697e-01,4.890437317784256388e-01,0.000000000000000000e+00,4.367251311953352921e-01,0.000000000000000000e+00,0.000000000000000000e+00,0.000000000000000000e+00,1.610512554457421697e-01,-4.890437317784256388e-01,0.000000000000000000e+00,4.367251311953352921e-01,0.000000000000000000e+00,0.000000000000000000e+00,0.000000000000000000e+00
3.650000,9.979164907845037291e-01,0.000000000000000000e+00,6.621293648957897737e-01,6.121743904693932857e-17,2.205995127342181769e-02,-1.350782435817130283e-18,9.997566496652143808e-01,-6.067055393586004985e-01,2.746417063065827446e-01,-7.556851311953348416e-02,1.248979591836734571e+00,-5.289212827988337695e-01,-9.446064139941684479e-02,-6.067055393586004985e-01,-2.746417063065827446e-01,7.556851311953348416e-02,1.248979591836734571e+00,-5.289212827988337695e-01,9.446064139941684479e-02,0.000000000000000000e+00,0.000000000000000000e+00,-9.702913713056933454e-02,1.718854637894494108e-01,4.776967930029156761e-01,0.000000000000000000e+00,4.405830903790086683e-01,0.000000000000000000e+00,0.000000000000000000e+00,0.000000000000000000e+00,1.718854637894494108e-01,-4.776967930029156761e-01,0.000000000000000000e+00,4.405830903790086683e-01,0.000000000000000000e+00,0.000000000000000000e+00,0.000000000000000000e+00
3.660000,9.986482283544647620e-01,0.000000000000000000e+00,6.577054122424872418e-01,6.121723048288838916e-17,2.221377950060240969e-02,-1.360201698118891636e-18,9.997532435557779928e-01,-6.113124198250727837e-01,2.765086266687126204e-01,-7.710413994169094953e-02,1.259728979591836939e+00,-5.327603498542274885e-01,-9.638017492711367651e-02,-6.113124198250727837e-01,-2.765086266687126204e-01,7.710413994169094953e-02,1.259728979591836939e+00,-5.327603498542274885e-01,9.638017492711367651e-02,0.000000000000000000e+00,0.000000000000000000e+00,-9.807009928765600404e-02,1.823366024907536187e-01,4.680991253644315453e-01,0.000000000000000000e+00,4.438462973760932684e-01,0.000000000000000000e+00,0.000000000000000000e+00,0.000000000000000000e+00,1.823366024907536187e-01,-4.680991253644315453e-01,0.000000000000000000e+00,4.438462973760932684e-01,0.000000000000000000e+00,0.000000000000000000e+00,0.000000000000000000e+00
3.670000,9.992293202163514687e-01,0.000000000000000000e+00,6.541823425460018271e-01,6.121706377615900769e-17,2.233597330956013996e-02,-1.367683910969676853e-18,9.997505210282786603e-01,-6.150124781341106406e-01,2.780011907319319131e-01,-7.833749271137023518e-02,1.268362448979591495e+00,-5.358437317784254805e-01,-9.792186588921275581e-02,-6.150124781341106406e-01,-2.780011907319319131e-01,7.833749271137023518e-02,1.268362448979591495e+00,-5.358437317784254805e-01,9.792186588921275581e-02,0.000000000000000000e+00,0.000000000000000000e+00,-9.889837233160800323e-02,1.923891485060571782e-01,4.603906705539361210e-01,0.000000000000000000e+00,4.464671720116617504e-01,0.000000000000000000e+00,0.000000000000000000e+00,0.000000000000000000e+00,1.923891485060571782e-01,-4.603906705539361210e-01,0.000000000000000000e+00,4.464671720116617504e-01,0.000000000000000000e+00,0.000000000000000000e+00,0.000000000000000000e+00
3.680000,9.996528942148071861e-01,0.000000000000000000e+00,6.516073872124131805e-01,6.121694164907323954e-17,2.242506806858522023e-02,-1.373139391542720440e-18,9.997485265416095057e-01,-6.177385422740524490e-01,2.790961239834279795e-01,-7.924618075801750927e-02,1.274723265306122677e+00,-5.381154518950437282e-01,-9.905772594752187965e-02,-6.177385422740524490e-01,-2.790961239834279795e-01,7.924618075801750927e-02,1.274723265306122677e+00,-5.381154518950437282e-01,9.905772594752187965e-02,0.000000000000000000e+00,0.000000000000000000e+00,-9.950325058395981248e-02,2.020275787917641952e-01,4.547113702623907239e-01,0.000000000000000000e+00,4.483981341107872720e-01,0.000000000000000000e+00,0.000000000000000000e+00,0.000000000000000000e+00,2.020275787917641952e-01,-4.547113702623907239e-01,0.000000000000000000e+00,4.483981341107872720e-01,0.000000000000000000e+00,0.000000000000000000e+00,0.000000000000000000e+00
3.690000,9.999120781944756953e-01,0.000000000000000000e+00,6.500277776478013969e-01,6.121686666043683136e-17,2.247959908857497316e-02,-1.376478453496954949e-18,9.997473018842396586e-01,-6.194234402332360334e-01,2.797701519103882317e-01,-7.980781341107870408e-02,1.278654693877550930e+00,-5.395195335276966597e-01,-9.975976676384834541e-02,-6.194234402332360334e-01,-2.797701519103882317e-01,7.980781341107870408e-02,1.278654693877550930e+00,-5.395195335276966597e-01,9.975976676384834541e-02,0.000000000000000000e+00,0.000000000000000000e+00,-9.987402836624567626e-02,2.112363703042771657e-01,4.512011661807582286e-01,0.000000000000000000e+00,4.495916034985422693e-01,0.000000000000000000e+00,0.000000000000000000e+00,0.000000000000000000e+00,2.112363703042771657e-01,-4.512011661807582286e-01,0.000000000000000000e+00,4.495916034985422693e-01,0.000000000000000000e+00,0.000000000000000000e+00,0.000000000000000000e+00
3.700000,1.000000000000000000e+00,0.000000000000000000e+00,6.494907452582463492e-01,6.121684117518737870e-17,2.249810161055361760e-02,-1.377611406212820076e-18,9.997468856785307612e-01,-6.199999999999999956e-01,2.800000000000000266e-01,-8.000000000000000167e-02,1.280000000000000027e+00,-5.400000000000000355e-01,-1.000000000000000056e-01,-6.199999999999999956e-01,-2.800000000000000266e-01,8.000000000000000167e-02,1.280000000000000027e+00,-5.400000000000000355e-01,1.000000000000000056e-01,0.000000000000000000e+00,0.000000000000000000e+00,-1.000000000000000056e-01,2.200000000000000011e-01,4.500000000000000111e-01,0.000000000000000000e+00,4.500000000000000111e-01,0.000000000000000000e+00,0.000000000000000000e+00,0.000000000000000000e+00,2.200000000000000011e-01,-4.500000000000000111e-01,0.000000000000000000e+00,4.500000000000000111e-01,0.000000000000000000e+00,0.000000000000000000e+00,0.000000000000000000e+00
3.710000,1.000000000000000000e+00,0.000000000000000000e+00,6.495349864423763941e-01,6.121685564340658857e-17,2.248759942134295059e-02,-1.376968332592775899e-18,9.997471219624817218e-01,-6.198508224727361515e-01,2.799673990273753299e-01,-7.992162283996995242e-02,1.279696380647430409e+00,-5.399347980547506420e-01,-9.998040570999248977e-02,-6.198508224727361515e-01,-2.799673990273753299e-01,7.992162283996995242e-02,1.279696380647430409e+00,-5.399347980547506420e-01,9.998040570999248977e-02,0.000000000000000000e+00,0.000000000000000000e+00,-9.996038617580767227e-02,2.285242718563538222e-01,4.503541276840813956e-01,-9.010003726994305349e-05,4.497587552861751492e-01,0.000000000000000000e+00,0.000000000000000000e+00,0.000000000000000000e+00,2.285242718563538222e-01,-4.503541276840813956e-01,9.010003726994305349e-05,4.497587552861751492e-01,0.000000000000000000e+00,0.000000000000000000e+00,0.000000000000000000e+00
3.720000,1.000000000000000000e+00,0.000000000000000000e+00,6.496657796713631861e-01,6.121689835844390071e-17,2.245656476538011176e-02,-1.375068007988399310e-18,9.997478195519799993e-01,-6.194099323646505839e-01,2.798710315044738439e-01,-7.969033809166041482e-02,1.278799197485137151e+00,-5.397420630089476701e-01,-9.992258452291510884e-02,-6.194099323646505839e-01,-2.798710315044738439e-01,7.969033809166041482e-02,1.278799197485137151e+00,-5.397420630089476701e-01,9.992258452291510884e-02,0.000000000000000000e+00,0.000000000000000000e+00,-9.984325469571751765e-02,2.370227826779824631e-01,4.514008085938254755e-01,-3.561748019664342417e-04,4.490462795532544349e-01,0.000000000000000000e+00,0.000000000000000000e+00,0.000000000000000000e+00,2.370227826779824631e-01,-4.514008085938254755e-01,3.561748019664342417e-04,4.490462795532544349e-01,0.000000000000000000e+00,0.000000000000000000e+00,0.000000000000000000e+00
3.730000,1.000000000000000000e+00,0.000000000000000000e+00,6.498802294601012663e-01,6.121696823179288607e-17,2.240570549037466941e-02,-1.371953775571280754e-18,9.997489606703667819e-01,-6.186872933863025725e-01,2.797130505237543363e-01,-7.931191585274230405e-02,1.277328962856243422e+00,-5.394261010475086549e-01,-9.982797896318558462e-02,-6.186872933863025725e-01,-2.797130505237543363e-01,7.931191585274230405e-02,1.277328962856243422e+00,-5.394261010475086549e-01,9.982797896318558462e-02,0.000000000000000000e+00,0.000000000000000000e+00,-9.965117054845981648e-02,2.454916986621204222e-01,4.531164895154820016e-01,-7.918862734194193759e-04,4.478794604140687308e-01,0.000000000000000000e+00,0.000000000000000000e+00,0.000000000000000000e+00,2.454916986621204222e-01,-4.531164895154820016e-01,7.918862734194193759e-04,4.478794604140687308e-01,0.000000000000000000e+00,0.000000000000000000e+00,0.000000000000000000e+00
3.740000,1.000000000000000000e+00,0.000000000000000000e+00,6.501754403234850654e-01,6.121706410980375860e-17,2.233572942035381287e-02,-1.367668977062883265e-18,9.997505264771110456e-01,-6.176928692482512862e-01,2.794956091776754636e-01,-7.879212622088654916e-02,1.275306189103871723e+00,-5.389912183553509095e-01,-9.969803155522165283e-02,-6.176928692482512862e-01,-2.794956091776754636e-01,7.879212622088654916e-02,1.275306189103871723e+00,-5.389912183553509095e-01,9.969803155522165283e-02,0.000000000000000000e+00,0.000000000000000000e+00,-9.938669872276484352e-02,2.539271860060037800e-01,4.554776172353012242e-01,-1.390896430958905904e-03,4.462751854814489549e-01,0.000000000000000000e+00,0.000000000000000000e+00,0.000000000000000000e+00,2.539271860060037800e-01,-4.554776172353012242e-01,1.390896430958905904e-03,4.462751854814489549e-01,0.000000000000000000e+00,0.000000000000000000e+00,0.000000000000000000e+00
3.750000,1.000000000000000000e+00,0.000000000000000000e+00,6.505485167764095689e-01,6.121718478212477855e-17,2.224734435902160981e-02,-1.362256952940236982e-18,9.997524972056689441e-01,-6.164366236610557825e-01,2.792208605586960490e-01,-7.813673929376409311e-02,1.272751388571145226e+00,-5.384417211173920803e-01,-9.953418482344103535e-02,-6.164366236610557825e-01,-2.792208605586960490e-01,7.813673929376409311e-02,1.272751388571145226e+00,-5.384417211173920803e-01,9.953418482344103535e-02,0.000000000000000000e+00,0.000000000000000000e+00,-9.905240420736288742e-02,2.623254109068671736e-01,4.584606385395326722e-01,-2.146867253914809971e-03,4.442503423682259700e-01,0.000000000000000000e+00,0.000000000000000000e+00,0.000000000000000000e+00,2.623254109068671736e-01,-4.584606385395326722e-01,2.146867253914809971e-03,4.442503423682259700e-01,0.000000000000000000e+00,0.000000000000000000e+00,0.000000000000000000e+00
3.760000,1.000000000000000000e+00,0.000000000000000000e+00,6.509965633337692070e-01,6.121732898983676428e-17,2.214125809306229445e-02,-1.355761042638208406e-18,9.997548522963298767e-01,-6.149285203352752305e-01,2.788909577592748046e-01,-7.735152516904582332e-02,1.269685073601186653e+00,-5.377819155185495914e-01,-9.933788129226146790e-02,-6.149285203352752305e-01,-2.788909577592748046e-01,7.735152516904582332e-02,1.269685073601186653e+00,-5.377819155185495914e-01,9.933788129226146790e-02,0.000000000000000000e+00,0.000000000000000000e+00,-9.865085199098422297e-02,2.706825395619464891e-01,4.620420002144267069e-01,-3.053460721617167958e-03,4.418218186872304720e-01,0.000000000000000000e+00,0.000000000000000000e+00,0.000000000000000000e+00,2.706825395619464891e-01,-4.620420002144267069e-01,3.053460721617167958e-03,4.418218186872304720e-01,0.000000000000000000e+00,0.000000000000000000e+00,0.000000000000000000e+00
3.770000,1.000000000000000000e+00,0.000000000000000000e+00,6.515166845104585214e-01,6.121749543328057690e-17,2.201817839536382784e-02,-1.348224584746885873e-18,9.997575705240495658e-01,-6.131785229814690208e-01,2.785080538718704979e-01,-7.644225394440272436e-02,1.266127756537119398e+00,-5.370161077437409780e-01,-9.911056348610067235e-02,-6.131785229814690208e-01,-2.785080538718704979e-01,7.644225394440272436e-02,1.266127756537119398e+00,-5.370161077437409780e-01,9.911056348610067235e-02,0.000000000000000000e+00,0.000000000000000000e+00,-9.818460706235913882e-02,2.789947381684763084e-01,4.661981490462327460e-01,-4.104338813395868799e-03,4.390065020512935456e-01,0.000000000000000000e+00,0.000000000000000000e+00,0.000000000000000000e+00,2.789947381684763084e-01,-4.661981490462327460e-01,4.104338813395868799e-03,4.390065020512935456e-01,0.000000000000000000e+00,0.000000000000000000e+00,0.000000000000000000e+00
3.780000,1.000000000000000000e+00,0.000000000000000000e+00,6.521059848213724974e-01,6.121768277957775039e-17,2.187881302814050424e-02,-1.339690917202783956e-18,9.997606301212704771e-01,-6.111965953101959892e-01,2.780743019889419521e-01,-7.541469571750562817e-02,1.262099949722066183e+00,-5.361486039778838864e-01,-9.885367392937641218e-02,-6.111965953101959892e-01,-2.780743019889419521e-01,7.541469571750562817e-02,1.262099949722066183e+00,-5.361486039778838864e-01,9.885367392937641218e-02,0.000000000000000000e+00,0.000000000000000000e+00,-9.765623441021786810e-02,2.872581729236928227e-01,4.709055318212011509e-01,-5.293163508580974244e-03,4.358212800732458869e-01,0.000000000000000000e+00,0.000000000000000000e+00,0.000000000000000000e+00,2.872581729236928227e-01,-4.709055318212011509e-01,5.293163508580974244e-03,4.358212800732458869e-01,0.000000000000000000e+00,0.000000000000000000e+00,0.000000000000000000e+00
3.790000,1.000000000000000000e+00,0.000000000000000000e+00,6.527615687814054546e-01,6.121788966984409450e-17,2.172386974593600029e-02,-1.330203377472727404e-18,9.997640088957301385e-01,-6.089927010320155265e-01,2.775918552029478792e-01,-7.427462058602556094e-02,1.257622165499150180e+00,-5.351837104058956296e-01,-9.856865514650639537e-02,-6.089927010320155265e-01,-2.775918552029478792e-01,7.427462058602556094e-02,1.257622165499150180e+00,-5.351837104058956296e-01,9.856865514650639537e-02,0.000000000000000000e+00,0.000000000000000000e+00,-9.706829902329076887e-02,2.954690100248303364e-01,4.761405953255813395e-01,-6.613596786502348723e-03,4.322830403659185805e-01,0.000000000000000000e+00,0.000000000000000000e+00,0.000000000000000000e+00,2.954690100248303364e-01,-4.761405953255813395e-01,6.613596786502348723e-03,4.322830403659185805e-01,0.000000000000000000e+00,0.000000000000000000e+00,0.000000000000000000e+00
3.800000,1.000000000000000000e+00,0.000000000000000000e+00,6.534805409054520453e-01,6.121811472609665279e-17,2.155405629849053983e-02,-1.319805302729414293e-18,9.997676843432585780e-01,-6.065768038574866905e-01,2.770628666063469914e-01,-7.302779864763335460e-02,1.252714916211493890e+00,-5.341257332126939650e-01,-9.825694966190834378e-02,-6.065768038574866905e-01,-2.770628666063469914e-01,7.302779864763335460e-02,1.252714916211493890e+00,-5.341257332126939650e-01,9.825694966190834378e-02,0.000000000000000000e+00,0.000000000000000000e+00,-9.642336589030803262e-02,3.036234156691251518e-01,4.818797863456237840e-01,-8.059300626490076974e-03,4.284086705421421004e-01,0.000000000000000000e+00,0.000000000000000000e+00,0.000000000000000000e+00,3.036234156691251518e-01,-4.818797863456237840e-01,8.059300626490076974e-03,4.284086705421421004e-01,0.000000000000000000e+00,0.000000000000000000e+00,0.000000000000000000e+00
3.810000,1.000000000000000000e+00,0.000000000000000000e+00,6.542600057084071441e-01,6.121835655785351007e-17,2.137008043345811625e-02,-1.308540030017798270e-18,9.997716337555629940e-01,-6.039588674971687610e-01,2.764894892915980007e-01,-7.168000000000002148e-02,1.247398714202220926e+00,-5.329789785831959836e-01,-9.792000000000000703e-02,-6.039588674971687610e-01,-2.764894892915980007e-01,7.168000000000002148e-02,1.247398714202220926e+00,-5.329789785831959836e-01,9.792000000000000703e-02,0.000000000000000000e+00,0.000000000000000000e+00,-9.572400000000001741e-02,3.117175560538115731e-01,4.880995516675778467e-01,-9.623937007874000873e-03,4.242150582147478088e-01,0.000000000000000000e+00,0.000000000000000000e+00,0.000000000000000000e+00,3.117175560538115731e-01,-4.880995516675778467e-01,9.623937007874000873e-03,4.242150582147478088e-01,0.000000000000000000e+00,0.000000000000000000e+00,0.000000000000000000e+00
3.820000,1.000000000000000000e+00,0.000000000000000000e+00,6.550970677051650704e-01,6.121861376842697964e-17,2.117264989896198643e-02,-1.296450896411566313e-18,9.997758343230026545e-01,-6.011488556616206846e-01,2.758738763511598413e-01,-7.023699474079637961e-02,1.241694071814453793e+00,-5.317477527023196648e-01,-9.755924868519909310e-02,-6.011488556616206846e-01,-2.758738763511598413e-01,7.023699474079637961e-02,1.241694071814453793e+00,-5.317477527023196648e-01,9.755924868519909310e-02,0.000000000000000000e+00,0.000000000000000000e+00,-9.497276634109691473e-02,3.197475973761258472e-01,4.947763380776940001e-01,-1.130116790998423118e-02,4.197190909965660133e-01,0.000000000000000000e+00,0.000000000000000000e+00,0.000000000000000000e+00,3.197475973761258472e-01,-4.947763380776940001e-01,1.130116790998423118e-02,4.197190909965660133e-01,0.000000000000000000e+00,0.000000000000000000e+00,0.000000000000000000e+00
3.830000,1.000000000000000000e+00,0.000000000000000000e+00,6.559888314106206986e-01,6.121888496090992356e-17,2.096247244597880879e-02,-1.283581239159126731e-18,9.997802632323522509e-01,-5.981567320614019634e-01,2.752181808774911143e-01,-6.870455296769346909e-02,1.235621501391315435e+00,-5.304363617549822107e-01,-9.717613824192337935e-02,-5.981567320614019634e-01,-2.752181808774911143e-01,6.870455296769346909e-02,1.235621501391315435e+00,-5.304363617549822107e-01,9.717613824192337935e-02,0.000000000000000000e+00,0.000000000000000000e+00,-9.417222990232908264e-02,3.277097058333023893e-01,5.018865923622215508e-01,-1.308465531215058202e-02,4.149376565004281869e-01,0.000000000000000000e+00,0.000000000000000000e+00,0.000000000000000000e+00,3.277097058333023893e-01,-5.018865923622215508e-01,1.308465531215058202e-02,4.149376565004281869e-01,0.000000000000000000e+00,0.000000000000000000e+00,0.000000000000000000e+00
3.840000,1.000000000000000000e+00,0.000000000000000000e+00,6.569324013396685702e-01,6.121916874385513209e-17,2.074025583054340399e-02,-1.269974395818610494e-18,9.997848977595549247e-01,-5.949924604070714329e-01,2.745245559630506982e-01,-6.708844477836217735e-02,1.229201515275929246e+00,-5.290491119261013786e-01,-9.677211119459054600e-02,-5.949924604070714329e-01,-2.745245559630506982e-01,6.708844477836217735e-02,1.229201515275929246e+00,-5.290491119261013786e-01,9.677211119459054600e-02,0.000000000000000000e+00,0.000000000000000000e+00,-9.332495567242678203e-02,3.356000476225770024e-01,5.094067613074108047e-01,-1.496806119370310169e-02,4.098876423391648594e-01,0.000000000000000000e+00,0.000000000000000000e+00,0.000000000000000000e+00,3.356000476225770024e-01,-5.094067613074108047e-01,1.496806119370310169e-02,4.098876423391648594e-01,0.000000000000000000e+00,0.000000000000000000e+00,0.000000000000000000e+00
3.850000,1.000000000000000000e+00,0.000000000000000000e+00,6.579248820072033377e-01,6.121946373664808273e-17,2.050670781576853507e-02,-1.255673704381547325e-18,9.997897153574639706e-01,-5.916660044091883730e-01,2.737951547002971942e-01,-6.539444027047333630e-02,1.222454625811417728e+00,-5.275903094005944816e-01,-9.634861006761834268e-02,-5.916660044091883730e-01,-2.737951547002971942e-01,6.539444027047333630e-02,1.222454625811417728e+00,-5.275903094005944816e-01,9.634861006761834268e-02,0.000000000000000000e+00,0.000000000000000000e+00,-9.243350864012021828e-02,3.434147889411851562e-01,5.173132916995119013e-01,-1.694504753397184371e-02,4.045859361256066711e-01,0.000000000000000000e+00,0.000000000000000000e+00,0.000000000000000000e+00,3.434147889411851562e-01,-5.173132916995119013e-01,1.694504753397184371e-02,4.045859361256066711e-01,0.000000000000000000e+00,0.000000000000000000e+00,0.000000000000000000e+00
3.860000,1.000000000000000000e+00,0.000000000000000000e+00,6.589633779281195425e-01,6.121976857457269681e-17,2.026253617367558893e-02,-1.240722503384963304e-18,9.997946937385747690e-01,-5.881873277783120635e-01,2.730321301816894808e-01,-6.362830954169801378e-02,1.215401345340904493e+00,-5.260642603633790548e-01,-9.590707738542451899e-02,-5.881873277783120635e-01,-2.730321301816894808e-01,6.362830954169801378e-02,1.215401345340904493e+00,-5.260642603633790548e-01,9.590707738542451899e-02,0.000000000000000000e+00,0.000000000000000000e+00,-9.150045379413977720e-02,3.511500959863616544e-01,5.255826303247740361e-01,-1.900927631228660833e-02,3.990494254725849288e-01,0.000000000000000000e+00,0.000000000000000000e+00,0.000000000000000000e+00,3.511500959863616544e-01,-5.255826303247740361e-01,1.900927631228660833e-02,3.990494254725849288e-01,0.000000000000000000e+00,0.000000000000000000e+00,0.000000000000000000e+00
3.870000,1.000000000000000000e+00,0.000000000000000000e+00,6.600449936173120591e-01,6.122008191357045109e-17,2.000844868683358119e-02,-1.225164132011740299e-18,9.997998109527458377e-01,-5.845663942250013401e-01,2.722376354996862147e-01,-6.179582268970700010e-02,1.208062186207511379e+00,-5.244752709993724116e-01,-9.544895567242674128e-02,-5.845663942250013401e-01,-2.722376354996862147e-01,6.179582268970700010e-02,1.208062186207511379e+00,-5.244752709993724116e-01,9.544895567242674128e-02,0.000000000000000000e+00,0.000000000000000000e+00,-9.052835612321563641e-02,3.588021349553422445e-01,5.341912239694479592e-01,-2.115440950797754099e-02,3.932949979929301065e-01,0.000000000000000000e+00,0.000000000000000000e+00,0.000000000000000000e+00,3.588021349553422445e-01,-5.341912239694479592e-01,2.115440950797754099e-02,3.932949979929301065e-01,0.000000000000000000e+00,0.000000000000000000e+00,0.000000000000000000e+00
3.880000,1.000000000000000000e+00,0.000000000000000000e+00,6.611668335896752069e-01,6.122040243469257307e-17,1.974515314980600580e-02,-1.209041930179210291e-18,9.998050454599090031e-01,-5.808131674598158156e-01,2.714138237467462744e-01,-5.990274981217134226e-02,1.200457660754362443e+00,-5.228276474934926421e-01,-9.497568745304284243e-02,-5.808131674598158156e-01,-2.714138237467462744e-01,5.990274981217134226e-02,1.200457660754362443e+00,-5.228276474934926421e-01,9.497568745304284243e-02,0.000000000000000000e+00,0.000000000000000000e+00,-8.951978061607816783e-02,3.663670720453617302e-01,5.431155194197827552e-01,-2.337410910037442460e-02,3.873395412994734555e-01,0.000000000000000000e+00,0.000000000000000000e+00,0.000000000000000000e+00,3.663670720453617302e-01,-5.431155194197827552e-01,2.337410910037442460e-02,3.873395412994734555e-01,0.000000000000000000e+00,0.000000000000000000e+00,0.000000000000000000e+00
3.890000,1.000000000000000000e+00,0.000000000000000000e+00,6.623260023601038604e-01,6.122072884824544344e-17,1.947335737040589015e-02,-1.192399238616004598e-18,9.998103761977690240e-01,-5.769376111933143259e-01,2.705628480153283166e-01,-5.795486100676183749e-02,1.192608281324579744e+00,-5.211256960306567265e-01,-9.448871525169046104e-02,-5.769376111933143259e-01,-2.705628480153283166e-01,5.795486100676183749e-02,1.192608281324579744e+00,-5.211256960306567265e-01,9.448871525169046104e-02,0.000000000000000000e+00,0.000000000000000000e+00,-8.847729226145756298e-02,3.738410734536560809e-01,5.523319634620290630e-01,-2.566203706880742369e-02,3.811999430050453386e-01,0.000000000000000000e+00,0.000000000000000000e+00,0.000000000000000000e+00,3.738410734536560809e-01,-5.523319634620290630e-01,2.566203706880742369e-02,3.811999430050453386e-01,0.000000000000000000e+00,0.000000000000000000e+00,0.000000000000000000e+00
3.900000,1.000000000000000000e+00,0.000000000000000000e+00,6.635196044434924501e-01,6.122105989762919324e-17,1.919376917076152586e-02,-1.175279398927312470e-18,9.998157826444927787e-01,-5.729496891360560396e-01,2.696868613978911644e-01,-5.595792637114955365e-02,1.184534560261287339e+00,-5.193737227957823110e-01,-9.398948159278738834e-02,-5.729496891360560396e-01,-2.696868613978911644e-01,5.595792637114955365e-02,1.184534560261287339e+00,-5.193737227957823110e-01,9.398948159278738834e-02,0.000000000000000000e+00,0.000000000000000000e+00,-8.740345604808416602e-02,3.812203053774597672e-01,5.618170028824361895e-01,-2.801185539260631074e-02,3.748930907224772846e-01,0.000000000000000000e+00,0.000000000000000000e+00,0.000000000000000000e+00,3.812203053774597672e-01,-5.618170028824361895e-01,2.801185539260631074e-02,3.748930907224772846e-01,0.000000000000000000e+00,0.000000000000000000e+00,0.000000000000000000e+00
3.910000,1.000000000000000000e+00,0.000000000000000000e+00,6.647447443547358503e-01,6.122139436286945881e-17,1.890709638819580707e-02,-1.157725753648723927e-18,9.998212448763866833e-01,-5.688593649986003475e-01,2.687880169868934743e-01,-5.391771600300525324e-02,1.176257009907607065e+00,-5.175760339737869309e-01,-9.347942900075131845e-02,-5.688593649986003475e-01,-2.687880169868934743e-01,5.391771600300525324e-02,1.176257009907607065e+00,-5.175760339737869309e-01,9.347942900075131845e-02,0.000000000000000000e+00,0.000000000000000000e+00,-8.630083696468821008e-02,3.885009340140088141e-01,5.715470844672546624e-01,-3.041722605110125377e-02,3.684358720645994900e-01,0.000000000000000000e+00,0.000000000000000000e+00,0.000000000000000000e+00,3.885009340140088141e-01,-5.715470844672546624e-01,3.041722605110125377e-02,3.684358720645994900e-01,0.000000000000000000e+00,0.000000000000000000e+00,0.000000000000000000e+00
3.920000,1.000000000000000000e+00,0.000000000000000000e+00,6.659985266087286027e-01,6.122173106384225745e-17,1.861404687592423113e-02,-1.139781646288969999e-18,9.998267436205640069e-01,-5.646766024915063076e-01,2.678684678747941250e-01,-5.184000000000003883e-02,1.167796142606662979e+00,-5.157369357495882323e-01,-9.296000000000001484e-02,-5.646766024915063076e-01,-2.678684678747941250e-01,5.184000000000003883e-02,1.167796142606662979e+00,-5.157369357495882323e-01,9.296000000000001484e-02,0.000000000000000000e+00,0.000000000000000000e+00,-8.517200000000002547e-02,3.956791255605380253e-01,5.814986550027335666e-01,-3.287181102362200097e-02,3.618451746442433725e-01,0.000000000000000000e+00,0.000000000000000000e+00,0.000000000000000000e+00,3.956791255605380253e-01,-5.814986550027335666e-01,3.287181102362200097e-02,3.618451746442433725e-01,0.000000000000000000e+00,0.000000000000000000e+00,0.000000000000000000e+00
3.930000,1.000000000000000000e+00,0.000000000000000000e+00,6.672780557203653595e-01,6.122206886319211953e-17,1.831532850357680403e-02,-1.121490421361880834e-18,9.998322603025999733e-01,-5.604113653253329774e-01,2.669303671540517175e-01,-4.973054845980465211e-02,1.159172470701576918e+00,-5.138607343081034173e-01,-9.243263711495117163e-02,-5.604113653253329774e-01,-2.669303671540517175e-01,4.973054845980465211e-02,1.159172470701576918e+00,-5.138607343081034173e-01,9.243263711495117163e-02,0.000000000000000000e+00,0.000000000000000000e+00,-8.401951014274981755e-02,4.027510462142831482e-01,5.916481612751237629e-01,-3.536927228949875851e-02,3.551378860742392396e-01,0.000000000000000000e+00,0.000000000000000000e+00,0.000000000000000000e+00,4.027510462142831482e-01,-5.916481612751237629e-01,3.536927228949875851e-02,3.551378860742392396e-01,0.000000000000000000e+00,0.000000000000000000e+00,0.000000000000000000e+00
3.940000,1.000000000000000000e+00,0.000000000000000000e+00,6.685804362045406624e-01,6.122240666894323041e-17,1.801164915755087970e-02,-1.102895424407990206e-18,9.998377770891763161e-01,-5.560736172106396369e-01,2.659758679171251861e-01,-4.759513148009019562e-02,1.150406506535472717e+00,-5.119517358342503544e-01,-9.189878287002255230e-02,-5.560736172106396369e-01,-2.659758679171251861e-01,4.759513148009019562e-02,1.150406506535472717e+00,-5.119517358342503544e-01,9.189878287002255230e-02,0.000000000000000000e+00,0.000000000000000000e+00,-8.284593238166794438e-02,4.097128621724788755e-01,6.019720500706744470e-01,-3.790327182806126766e-02,3.483308939674185090e-01,0.000000000000000000e+00,0.000000000000000000e+00,0.000000000000000000e+00,4.097128621724788755e-01,-6.019720500706744470e-01,3.790327182806126766e-02,3.483308939674185090e-01,0.000000000000000000e+00,0.000000000000000000e+00,0.000000000000000000e+00
3.950000,1.000000000000000000e+00,0.000000000000000000e+00,6.699027725761491636e-01,6.122274343680373009e-17,1.770371674120213221e-02,-1.084040002006230141e-18,9.998432769257126207e-01,-5.516733218579853437e-01,2.650071232564731316e-01,-4.543951915852741108e-02,1.141518762451473101e+00,-5.100142465129462455e-01,-9.135987978963185097e-02,-5.516733218579853437e-01,-2.650071232564731316e-01,4.543951915852741108e-02,1.141518762451473101e+00,-5.100142465129462455e-01,9.135987978963185097e-02,0.000000000000000000e+00,0.000000000000000000e+00,-8.165383170548458358e-02,4.165607396323612321e-01,6.124467681756360360e-01,-4.046747161863972764e-02,3.414410859366115436e-01,0.000000000000000000e+00,0.000000000000000000e+00,0.000000000000000000e+00,4.165607396323612321e-01,-6.124467681756360360e-01,4.046747161863972764e-02,3.414410859366115436e-01,0.000000000000000000e+00,0.000000000000000000e+00,0.000000000000000000e+00
3.960000,1.000000000000000000e+00,0.000000000000000000e+00,6.712421693500855158e-01,6.122307817216318303e-17,1.739223917488241788e-02,-1.064967501776247816e-18,9.998487435689878966e-01,-5.472204429779294887e-01,2.640262862645544328e-01,-4.326948159278741490e-02,1.132529750792701018e+00,-5.080525725291088479e-01,-9.081737039819685886e-02,-5.472204429779294887e-01,-2.640262862645544328e-01,4.326948159278741490e-02,1.132529750792701018e+00,-5.080525725291088479e-01,9.081737039819685886e-02,0.000000000000000000e+00,0.000000000000000000e+00,-8.044577310293016259e-02,4.232908447911647443e-01,6.230487623762578364e-01,-4.305553364056385890e-02,3.344853495946497612e-01,0.000000000000000000e+00,0.000000000000000000e+00,0.000000000000000000e+00,4.232908447911647443e-01,-6.230487623762578364e-01,4.305553364056385890e-02,3.344853495946497612e-01,0.000000000000000000e+00,0.000000000000000000e+00,0.000000000000000000e+00
3.970000,1.000000000000000000e+00,0.000000000000000000e+00,6.725957310412443713e-01,6.122340993178307003e-17,1.707792439583314184e-02,-1.045721272371877620e-18,9.998541616147478273e-01,-5.427249442810309077e-01,2.630355100338277463e-01,-4.109078888054093492e-02,1.123459983902278969e+00,-5.060710200676554749e-01,-9.027269722013522846e-02,-5.427249442810309077e-01,-2.630355100338277463e-01,4.109078888054093492e-02,1.123459983902278969e+00,-5.060710200676554749e-01,9.027269722013522846e-02,0.000000000000000000e+00,0.000000000000000000e+00,-7.922432156273478965e-02,4.298993438461254368e-01,6.337544794587905983e-01,-4.566111987316388843e-02,3.274805725543633583e-01,0.000000000000000000e+00,0.000000000000000000e+00,0.000000000000000000e+00,4.298993438461254368e-01,-6.337544794587905983e-01,4.566111987316388843e-02,3.274805725543633583e-01,0.000000000000000000e+00,0.000000000000000000e+00,0.000000000000000000e+00
3.980000,1.000000000000000000e+00,0.000000000000000000e+00,6.739605621645203826e-01,6.122373782518035171e-17,1.676148035794422508e-02,-1.026344663466381397e-18,9.998595165203011392e-01,-5.381967894778491024e-01,2.620369476567518952e-01,-3.890921111945908756e-02,1.114329974123330791e+00,-5.040738953135037725e-01,-8.972730277986476488e-02,-5.381967894778491024e-01,-2.620369476567518952e-01,3.890921111945908756e-02,1.114329974123330791e+00,-5.040738953135037725e-01,8.972730277986476488e-02,0.000000000000000000e+00,0.000000000000000000e+00,-7.799204207362887831e-02,4.363824029944779470e-01,6.445403662094831843e-01,-4.827789229576953667e-02,3.204436424285838636e-01,0.000000000000000000e+00,0.000000000000000000e+00,0.000000000000000000e+00,4.363824029944779470e-01,-6.445403662094831843e-01,4.827789229576953667e-02,3.204436424285838636e-01,0.000000000000000000e+00,0.000000000000000000e+00,0.000000000000000000e+00
3.990000,1.000000000000000000e+00,0.000000000000000000e+00,6.753337672348082021e-01,6.122406101570418966e-17,1.644361503138837624e-02,-1.006881025730053936e-18,9.998647946221026483e-01,-5.336459422789427975e-01,2.610327522257855914e-01,-3.673051840721260064e-02,1.105160233798978764e+00,-5.020655044515711651e-01,-8.918262960180314836e-02,-5.336459422789427975e-01,-2.610327522257855914e-01,3.673051840721260064e-02,1.105160233798978764e+00,-5.020655044515711651e-01,8.918262960180314836e-02,0.000000000000000000e+00,0.000000000000000000e+00,-7.675149962434259232e-02,4.427361884334581887e-01,6.553828694145866773e-01,-5.089951288771101673e-02,3.133914468301415290e-01,0.000000000000000000e+00,0.000000000000000000e+00,0.000000000000000000e+00,4.427361884334581887e-01,-6.553828694145866773e-01,5.089951288771101673e-02,3.133914468301415290e-01,0.000000000000000000e+00,0.000000000000000000e+00,0.000000000000000000e+00
4.000000,1.000000000000000000e+00,0.000000000000000000e+00,6.767124507670023714e-01,6.122437872130565281e-17,1.612503640214164868e-02,-9.873737108008662050e-19,9.998699831483239819e-01,-5.290823663948717170e-01,2.600250768333876028e-01,-3.456048084147260446e-02,1.095971275272346057e+00,-5.000501536667751878e-01,-8.864012021036815625e-02,-5.290823663948717170e-01,-2.600250768333876028e-01,3.456048084147260446e-02,1.095971275272346057e+00,-5.000501536667751878e-01,8.864012021036815625e-02,0.000000000000000000e+00,0.000000000000000000e+00,-7.550525920360631749e-02,4.489568663603008547e-01,6.662584358603499401e-01,-5.351964362831804212e-02,3.063408733718678278e-01,0.000000000000000000e+00,0.000000000000000000e+00,0.000000000000000000e+00,4.489568663603008547e-01,-6.662584358603499401e-01,5.351964362831804212e-02,3.063408733718678278e-01,0.000000000000000000e+00,0.000000000000000000e+00,0.000000000000000000e+00
4.010000,1.000000000000000000e+00,0.000000000000000000e+00,6.780937172759976539e-01,6.122469021500043365e-17,1.580645247140071222e-02,-9.678660712487826875e-19,9.998750702264105339e-01,-5.245160255361946966e-01,2.590160745720166968e-01,-3.240486851990991707e-02,1.086783610886556062e+00,-4.980321491440334314e-01,-8.810121712997748267e-02,-5.245160255361946966e-01,-2.590160745720166968e-01,3.240486851990991707e-02,1.086783610886556062e+00,-4.980321491440334314e-01,8.810121712997748267e-02,0.000000000000000000e+00,0.000000000000000000e+00,-7.425588580015030082e-02,4.550406029722415813e-01,6.771435123330230565e-01,-5.613194649692072186e-02,2.993088096665933451e-01,0.000000000000000000e+00,0.000000000000000000e+00,0.000000000000000000e+00,4.550406029722415813e-01,-6.771435123330230565e-01,5.613194649692072186e-02,2.993088096665933451e-01,0.000000000000000000e+00,0.000000000000000000e+00,0.000000000000000000e+00
4.020000,1.000000000000000000e+00,0.000000000000000000e+00,6.794746712766885910e-01,6.122499482502469762e-17,1.548857125490818269e-02,-9.484014605344505701e-19,9.998800448856260958e-01,-5.199568834134705719e-01,2.580078985341315301e-01,-3.026945154019526629e-02,1.077617752984730615e+00,-4.960157970682631534e-01,-8.756736288504882171e-02,-5.199568834134705719e-01,-2.580078985341315301e-01,3.026945154019526629e-02,1.077617752984730615e+00,-4.960157970682631534e-01,8.756736288504882171e-02,0.000000000000000000e+00,0.000000000000000000e+00,-7.300594440270469221e-02,4.609835644665162269e-01,6.880145456188574427e-01,-5.873008347284924130e-02,2.923121433271482772e-01,0.000000000000000000e+00,0.000000000000000000e+00,0.000000000000000000e+00,4.609835644665162269e-01,-6.880145456188574427e-01,5.873008347284924130e-02,2.923121433271482772e-01,0.000000000000000000e+00,0.000000000000000000e+00,0.000000000000000000e+00
4.030000,1.000000000000000000e+00,0.000000000000000000e+00,6.808524172839698352e-01,6.122529193468381894e-17,1.517210078219715166e-02,-9.290232329629398681e-19,9.998848970545833881e-01,-5.154149037372592890e-01,2.570027018121910922e-01,-2.815999999999996978e-02,1.068494213909993995e+00,-4.940054036243822222e-01,-8.703999999999997850e-02,-5.154149037372592890e-01,-2.570027018121910922e-01,2.815999999999996978e-02,1.068494213909993995e+00,-4.940054036243822222e-01,8.703999999999997850e-02,0.000000000000000000e+00,0.000000000000000000e+00,-7.175799999999998846e-02,4.667819170403589291e-01,6.988479825041008509e-01,-6.130771653543312660e-02,2.853677619663646525e-01,0.000000000000000000e+00,0.000000000000000000e+00,0.000000000000000000e+00,4.667819170403589291e-01,-6.988479825041008509e-01,6.130771653543312660e-02,2.853677619663646525e-01,0.000000000000000000e+00,0.000000000000000000e+00,0.000000000000000000e+00
4.040000,1.000000000000000000e+00,0.000000000000000000e+00,6.822240598127359279e-01,6.122558098189426205e-17,1.485774909576566445e-02,-9.097747436331952751e-19,9.998896175537614894e-01,-5.109000502181195724e-01,2.560026374986539288e-01,-2.608228399699476230e-02,1.059433506005468706e+00,-4.920052749973079509e-01,-8.652057099924868877e-02,-5.109000502181195724e-01,-2.560026374986539288e-01,2.608228399699476230e-02,1.059433506005468706e+00,-4.920052749973079509e-01,8.652057099924868877e-02,0.000000000000000000e+00,0.000000000000000000e+00,-7.051461758076635333e-02,4.724318268910055463e-01,7.096202697750040311e-01,-6.385850766400254230e-02,2.784925531970729451e-01,0.000000000000000000e+00,0.000000000000000000e+00,0.000000000000000000e+00,4.724318268910055463e-01,-7.096202697750040311e-01,6.385850766400254230e-02,2.784925531970729451e-01,0.000000000000000000e+00,0.000000000000000000e+00,0.000000000000000000e+00
4.050000,1.000000000000000000e+00,0.000000000000000000e+00,6.835867033778817436e-01,6.122586145841831251e-17,1.454622425019277618e-02,-8.906993483839096358e-19,9.998941980830087228e-01,-5.064222865666105911e-01,2.550098586859789185e-01,-2.404207362885055210e-02,1.050456141614277694e+00,-4.900197173719578192e-01,-8.601051840721263275e-02,-5.064222865666105911e-01,-2.550098586859789185e-01,2.404207362885055210e-02,1.050456141614277694e+00,-4.900197173719578192e-01,8.601051840721263275e-02,0.000000000000000000e+00,0.000000000000000000e+00,-6.927836213373406160e-02,4.779294602156912708e-01,7.203078542178169563e-01,-6.637611883788749334e-02,2.717034046321037399e-01,0.000000000000000000e+00,0.000000000000000000e+00,0.000000000000000000e+00,4.779294602156912708e-01,-7.203078542178169563e-01,6.637611883788749334e-02,2.717034046321037399e-01,0.000000000000000000e+00,0.000000000000000000e+00,0.000000000000000000e+00
4.060000,1.000000000000000000e+00,0.000000000000000000e+00,6.849374524943018239e-01,6.122613290879195346e-17,1.423823431120658373e-02,-8.718404037364580637e-19,9.998986312040332169e-01,-5.019915764932911806e-01,2.540265184666246068e-01,-2.204513899323808784e-02,1.041582633079542797e+00,-4.880530369332492513e-01,-8.551128474830951842e-02,-5.019915764932911806e-01,-2.540265184666246068e-01,2.204513899323808784e-02,1.041582633079542797e+00,-4.880530369332492513e-01,8.551128474830951842e-02,0.000000000000000000e+00,0.000000000000000000e+00,-6.805179864763330477e-02,4.832709832116521276e-01,7.308871826187905985e-01,-6.885421203641817200e-02,2.650172038842875111e-01,0.000000000000000000e+00,0.000000000000000000e+00,0.000000000000000000e+00,4.832709832116521276e-01,-7.308871826187905985e-01,6.885421203641817200e-02,2.650172038842875111e-01,0.000000000000000000e+00,0.000000000000000000e+00,0.000000000000000000e+00
4.070000,1.000000000000000000e+00,0.000000000000000000e+00,6.862734116768904880e-01,6.122639492894557925e-17,1.393448735471511379e-02,-8.532412668355566693e-19,9.999029103178774802e-01,-4.976178837087212314e-01,2.530547699330500389e-01,-2.009725018782867328e-02,1.032833492744388959e+00,-4.861095398661000599e-01,-8.502431254695717866e-02,-4.976178837087212314e-01,-2.530547699330500389e-01,2.009725018782867328e-02,1.032833492744388959e+00,-4.861095398661000599e-01,8.502431254695717866e-02,0.000000000000000000e+00,0.000000000000000000e+00,-6.683749211119456579e-02,4.884525620761221432e-01,7.413347017641728209e-01,-7.128644923892407670e-02,2.584508385664562313e-01,0.000000000000000000e+00,0.000000000000000000e+00,0.000000000000000000e+00,4.884525620761221432e-01,-7.413347017641728209e-01,7.128644923892407670e-02,2.584508385664562313e-01,0.000000000000000000e+00,0.000000000000000000e+00,0.000000000000000000e+00
4.080000,1.000000000000000000e+00,0.000000000000000000e+00,6.875916854405428325e-01,6.122664716451779296e-17,1.363569146580972773e-02,-8.349452953882382177e-19,9.999070296373805400e-01,-4.933111719234595238e-01,2.520967661777137603e-01,-1.820417731029301545e-02,1.024229232951938240e+00,-4.841935323554276138e-01,-8.455104432757326594e-02,-4.933111719234595238e-01,-2.520967661777137603e-01,1.820417731029301545e-02,1.024229232951938240e+00,-4.841935323554276138e-01,8.455104432757326594e-02,0.000000000000000000e+00,0.000000000000000000e+00,-6.563800751314800841e-02,4.934703630063373425e-01,7.516268584402147068e-01,-7.366649242473541359e-02,2.520211962914401527e-01,0.000000000000000000e+00,0.000000000000000000e+00,0.000000000000000000e+00,4.934703630063373425e-01,-7.516268584402147068e-01,7.366649242473541359e-02,2.520211962914401527e-01,0.000000000000000000e+00,0.000000000000000000e+00,0.000000000000000000e+00
4.090000,1.000000000000000000e+00,0.000000000000000000e+00,6.888893783001532878e-01,6.122688930886205351e-17,1.334255473775135606e-02,-8.169958476017775770e-19,9.999109841546247601e-01,-4.890814048480651710e-01,2.511546602930746497e-01,-1.637169045830206421e-02,1.015790366045313586e+00,-4.823093205861493926e-01,-8.409292261457551598e-02,-4.890814048480651710e-01,-2.511546602930746497e-01,1.637169045830206421e-02,1.015790366045313586e+00,-4.823093205861493926e-01,8.409292261457551598e-02,0.000000000000000000e+00,0.000000000000000000e+00,-6.445590984222390740e-02,4.983205521995329734e-01,7.617400994331660069e-01,-7.598800357318218068e-02,2.457451646720701655e-01,0.000000000000000000e+00,0.000000000000000000e+00,0.000000000000000000e+00,4.983205521995329734e-01,-7.617400994331660069e-01,7.598800357318218068e-02,2.457451646720701655e-01,0.000000000000000000e+00,0.000000000000000000e+00,0.000000000000000000e+00
4.100000,1.000000000000000000e+00,0.000000000000000000e+00,6.901635947706163954e-01,6.122712110074646815e-17,1.305578527094812535e-02,-7.994362821210890768e-19,9.999147696033692245e-01,-4.849385461930974528e-01,2.502306053715914191e-01,-1.460555972952674864e-02,1.007537404367637723e+00,-4.804612107431828205e-01,-8.365138993238167842e-02,-4.849385461930974528e-01,-2.502306053715914191e-01,1.460555972952674864e-02,1.007537404367637723e+00,-4.804612107431828205e-01,8.365138993238167842e-02,0.000000000000000000e+00,0.000000000000000000e+00,-6.329376408715256530e-02,5.029992958529442282e-01,7.716508715292765830e-01,-7.824464466359429271e-02,2.396396313211770768e-01,0.000000000000000000e+00,0.000000000000000000e+00,0.000000000000000000e+00,5.029992958529442282e-01,-7.716508715292765830e-01,7.824464466359429271e-02,2.396396313211770768e-01,0.000000000000000000e+00,0.000000000000000000e+00,0.000000000000000000e+00
4.110000,1.000000000000000000e+00,0.000000000000000000e+00,6.914114393668270298e-01,6.122734232174634837e-17,1.277609117193290525e-02,-7.823099579661194365e-19,9.999183824164682433e-01,-4.808925596691150939e-01,2.493267545057226975e-01,-1.291155522163783820e-02,9.994908602620333760e-01,-4.786535090114454327e-01,-8.322788880540946121e-02,-4.808925596691150939e-01,-2.493267545057226975e-01,1.291155522163783820e-02,9.994908602620333760e-01,-4.786535090114454327e-01,8.322788880540946121e-02,0.000000000000000000e+00,0.000000000000000000e+00,-6.215413523666413198e-02,5.075027601638069097e-01,7.813356215147972961e-01,-8.043007767530190033e-02,2.337214838515913606e-01,0.000000000000000000e+00,0.000000000000000000e+00,0.000000000000000000e+00,5.075027601638069097e-01,-7.813356215147972961e-01,8.043007767530190033e-02,2.337214838515913606e-01,0.000000000000000000e+00,0.000000000000000000e+00,0.000000000000000000e+00
4.120000,1.000000000000000000e+00,0.000000000000000000e+00,6.926300166036796213e-01,6.122755279332986187e-17,1.250418055234846053e-02,-7.656602344697062875e-19,9.999218196782757584e-01,-4.769534089866779847e-01,2.484452607879274466e-01,-1.129544703230653258e-02,9.916712460716246014e-01,-4.768905215758549865e-01,-8.282386175807662787e-02,-4.769534089866779847e-01,-2.484452607879274466e-01,1.129544703230653258e-02,9.916712460716246014e-01,-4.768905215758549865e-01,8.282386175807662787e-02,0.000000000000000000e+00,0.000000000000000000e+00,-6.103958827948909732e-02,5.118271113293555441e-01,7.907707961759761206e-01,-8.253796458763469623e-02,2.280076098761447678e-01,0.000000000000000000e+00,0.000000000000000000e+00,0.000000000000000000e+00,5.118271113293555441e-01,-7.907707961759761206e-01,8.253796458763469623e-02,2.280076098761447678e-01,0.000000000000000000e+00,0.000000000000000000e+00,0.000000000000000000e+00
4.130000,1.000000000000000000e+00,0.000000000000000000e+00,6.938164309960688225e-01,6.122775237363660812e-17,1.224076152794656945e-02,-7.495304712162915196e-19,9.999250790720353166e-01,-4.731310578563449054e-01,2.475882773106643508e-01,-9.763005259203622055e-03,9.840990741395337915e-01,-4.751765546213286839e-01,-8.244075131480091412e-02,-4.731310578563449054e-01,-2.475882773106643508e-01,9.763005259203622055e-03,9.840990741395337915e-01,-4.751765546213286839e-01,8.244075131480091412e-02,0.000000000000000000e+00,0.000000000000000000e+00,-5.995268820435763896e-02,5.159685155468258788e-01,7.999328422990643617e-01,-8.456196737992272006e-02,2.225148970076677446e-01,0.000000000000000000e+00,0.000000000000000000e+00,0.000000000000000000e+00,5.159685155468258788e-01,-7.999328422990643617e-01,8.456196737992272006e-02,2.225148970076677446e-01,0.000000000000000000e+00,0.000000000000000000e+00,0.000000000000000000e+00
4.140000,1.000000000000000000e+00,0.000000000000000000e+00,6.949677870588893969e-01,6.122794095394906821e-17,1.198654221760718334e-02,-7.339640279818626964e-19,9.999281588222553863e-01,-4.694354699886751359e-01,2.467579571663921223e-01,-8.320000000000063456e-03,9.767948568088840045e-01,-4.735159143327842268e-01,-8.208000000000001406e-02,-4.694354699886751359e-01,-2.467579571663921223e-01,8.320000000000063456e-03,9.767948568088840045e-01,-4.735159143327842268e-01,8.208000000000001406e-02,0.000000000000000000e+00,0.000000000000000000e+00,-5.889600000000003860e-02,5.199231390134528841e-01,8.087982066703114370e-01,-8.649574803149598368e-02,2.172602328589911536e-01,0.000000000000000000e+00,0.000000000000000000e+00,0.000000000000000000e+00,5.199231390134528841e-01,-8.087982066703114370e-01,8.649574803149598368e-02,2.172602328589911536e-01,0.000000000000000000e+00,0.000000000000000000e+00,0.000000000000000000e+00
4.150000,1.000000000000000000e+00,0.000000000000000000e+00,6.960811893070358858e-01,6.122811845485718771e-17,1.174223074238195212e-02,-7.190042646753853330e-19,9.999310576320713517e-01,-4.658766090942274007e-01,2.459564534475694730e-01,-6.972201352366619309e-03,9.697791064227971880e-01,-4.719129068951389838e-01,-8.174305033809164955e-02,-4.658766090942274007e-01,-2.459564534475694730e-01,6.972201352366619309e-03,9.697791064227971880e-01,-4.719129068951389838e-01,8.174305033809164955e-02,0.000000000000000000e+00,0.000000000000000000e+00,-5.787208865514647388e-02,5.236871479264724183e-01,8.173433360759680966e-01,-8.833296852168465163e-02,2.122605050429453577e-01,0.000000000000000000e+00,0.000000000000000000e+00,0.000000000000000000e+00,5.236871479264724183e-01,-8.173433360759680966e-01,8.833296852168465163e-02,2.122605050429453577e-01,0.000000000000000000e+00,0.000000000000000000e+00,0.000000000000000000e+00
4.160000,1.000000000000000000e+00,0.000000000000000000e+00,6.971537422554028307e-01,6.122828482211577234e-17,1.150853522456565282e-02,-7.046945412819446291e-19,9.999337746155917417e-01,-4.624644388835615905e-01,2.451859192466552817e-01,-5.725379413974468479e-03,9.630723353243979545e-01,-4.703718384933105456e-01,-8.143134485349361185e-02,-4.624644388835615905e-01,-2.451859192466552817e-01,5.725379413974468479e-03,9.630723353243979545e-01,-4.703718384933105456e-01,8.143134485349361185e-02,0.000000000000000000e+00,0.000000000000000000e+00,-5.688351915852741386e-02,5.272567084831192297e-01,8.255446773022829809e-01,-9.006729082981831946e-02,2.075326011723620523e-01,0.000000000000000000e+00,0.000000000000000000e+00,0.000000000000000000e+00,5.272567084831192297e-01,-8.255446773022829809e-01,9.006729082981831946e-02,2.075326011723620523e-01,0.000000000000000000e+00,0.000000000000000000e+00,0.000000000000000000e+00
4.170000,1.000000000000000000e+00,0.000000000000000000e+00,6.981825504188851061e-01,6.122844002219489328e-17,1.128616378679741898e-02,-6.910782178077115397e-19,9.999363092252314678e-01,-4.592089230672363742e-01,2.444485076561082604e-01,-4.585304282494387373e-03,9.566950558568085849e-01,-4.688970153122165030e-01,-8.114632607062359504e-02,-4.592089230672363742e-01,-2.444485076561082604e-01,4.585304282494387373e-03,9.566950558568085849e-01,-4.688970153122165030e-01,8.114632607062359504e-02,0.000000000000000000e+00,0.000000000000000000e+00,-5.593285649887303618e-02,5.306279868806286215e-01,8.333786771355065071e-01,-9.169237693522719335e-02,2.030934088600718224e-01,0.000000000000000000e+00,0.000000000000000000e+00,0.000000000000000000e+00,5.306279868806286215e-01,-8.333786771355065071e-01,9.169237693522719335e-02,2.030934088600718224e-01,0.000000000000000000e+00,0.000000000000000000e+00,0.000000000000000000e+00
4.180000,1.000000000000000000e+00,0.000000000000000000e+00,6.991647183123771425e-01,6.122858403752326551e-17,1.107582455119280468e-02,-6.781986542267969306e-19,9.999386611740298525e-01,-4.561200253558110873e-01,2.437463717683870934e-01,-3.557746055597332813e-03,9.506677803631518042e-01,-4.674927435367742801e-01,-8.088943651389933487e-02,-4.561200253558110873e-01,-2.437463717683870934e-01,3.557746055597332813e-03,9.506677803631518042e-01,-4.674927435367742801e-01,8.088943651389933487e-02,0.000000000000000000e+00,0.000000000000000000e+00,-5.502266566491362948e-02,5.337971493162361192e-01,8.408217823618887588e-01,-9.320188881724113250e-02,1.989598157189054195e-01,0.000000000000000000e+00,0.000000000000000000e+00,0.000000000000000000e+00,5.337971493162361192e-01,-8.408217823618887588e-01,9.320188881724113250e-02,1.989598157189054195e-01,0.000000000000000000e+00,0.000000000000000000e+00,0.000000000000000000e+00
4.190000,1.000000000000000000e+00,0.000000000000000000e+00,7.000973504507737033e-01,6.122871686142466059e-17,1.087822563850566158e-02,-6.660992104299315159e-19,9.999408303529553343e-01,-4.532077094598445655e-01,2.430816646759505761e-01,-2.648474830954178350e-03,9.450110211865503373e-01,-4.661633293519012455e-01,-8.066211870773853931e-02,-4.532077094598445655e-01,-2.430816646759505761e-01,2.648474830954178350e-03,9.450110211865503373e-01,-4.661633293519012455e-01,8.066211870773853931e-02,0.000000000000000000e+00,0.000000000000000000e+00,-5.415551164537939222e-02,5.367603619871772480e-01,8.478504397676800419e-01,-9.458948845519031534e-02,1.951487093616933177e-01,0.000000000000000000e+00,0.000000000000000000e+00,0.000000000000000000e+00,5.367603619871772480e-01,-8.478504397676800419e-01,9.458948845519031534e-02,1.951487093616933177e-01,0.000000000000000000e+00,0.000000000000000000e+00,0.000000000000000000e+00
4.200000,1.000000000000000000e+00,0.000000000000000000e+00,7.009775513489694410e-01,6.122883849274714437e-17,1.069407516731758247e-02,-6.548232461748336802e-19,9.999428167431955172e-01,-4.504819390898965326e-01,2.424565394712575594e-01,-1.863260706235922437e-03,9.397452906701279085e-01,-4.649130789425151011e-01,-8.046581517655897187e-02,-4.504819390898965326e-01,-2.424565394712575594e-01,1.863260706235922437e-03,9.397452906701279085e-01,-4.649130789425151011e-01,8.046581517655897187e-02,0.000000000000000000e+00,0.000000000000000000e+00,-5.333395942900073794e-02,5.395137910906867562e-01,8.544410961391293302e-01,-9.584883782840444844e-02,1.916769774012671568e-01,0.000000000000000000e+00,0.000000000000000000e+00,0.000000000000000000e+00,5.395137910906867562e-01,-8.544410961391293302e-01,9.584883782840444844e-02,1.916769774012671568e-01,0.000000000000000000e+00,0.000000000000000000e+00,0.000000000000000000e+00
4.210000,1.000000000000000000e+00,0.000000000000000000e+00,7.018024255218586749e-01,6.122894893018539859e-17,1.052408125325072011e-02,-6.444141210380079782e-19,9.999446203234332309e-01,-4.479526779565259353e-01,2.418731492467666722e-01,-1.207873779113494139e-03,9.348911011570071317e-01,-4.637462984935333821e-01,-8.030196844477836826e-02,-4.479526779565259353e-01,-2.418731492467666722e-01,1.207873779113494139e-03,9.348911011570071317e-01,-4.637462984935333821e-01,8.030196844477836826e-02,0.000000000000000000e+00,0.000000000000000000e+00,-5.256057400450789285e-02,5.420536028240002802e-01,8.605701982624870405e-01,-9.697359891621359917e-02,1.885615074504574107e-01,0.000000000000000000e+00,0.000000000000000000e+00,0.000000000000000000e+00,5.420536028240002802e-01,-8.605701982624870405e-01,9.697359891621359917e-02,1.885615074504574107e-01,0.000000000000000000e+00,0.000000000000000000e+00,0.000000000000000000e+00
4.220000,1.000000000000000000e+00,0.000000000000000000e+00,7.025690774843365016e-01,6.122904816629608918e-17,1.036895200819838367e-02,-6.349151943676335180e-19,9.999462409721093792e-01,-4.456298897702918316e-01,2.413336470949367374e-01,-6.880841472577670093e-04,9.304689649903111759e-01,-4.626672941898735125e-01,-8.017202103681442260e-02,-4.456298897702918316e-01,-2.413336470949367374e-01,6.880841472577670093e-04,9.304689649903111759e-01,-4.626672941898735125e-01,8.017202103681442260e-02,0.000000000000000000e+00,0.000000000000000000e+00,-5.183792036063113173e-02,5.443759633843531232e-01,8.662141929240029237e-01,-9.795743369794773781e-02,1.858191871220950531e-01,0.000000000000000000e+00,0.000000000000000000e+00,0.000000000000000000e+00,5.443759633843531232e-01,-8.662141929240029237e-01,9.795743369794773781e-02,1.858191871220950531e-01,0.000000000000000000e+00,0.000000000000000000e+00,0.000000000000000000e+00
4.230000,1.000000000000000000e+00,0.000000000000000000e+00,7.032746117512972406e-01,6.122913618120605967e-17,1.022939553956538766e-02,-6.263698252370482265e-19,9.999476783646708000e-01,-4.435235382417531680e-01,2.408401861082264395e-01,-3.096619083395868444e-04,9.264993945131622111e-01,-4.616803722164528612e-01,-8.007741547708488450e-02,-4.435235382417531680e-01,-2.408401861082264395e-01,3.096619083395868444e-04,9.264993945131622111e-01,-4.616803722164528612e-01,8.007741547708488450e-02,0.000000000000000000e+00,0.000000000000000000e+00,-5.116856348610064609e-02,5.464770389689806995e-01,8.713495269099273965e-01,-9.879400415293695947e-02,1.834669040290105024e-01,0.000000000000000000e+00,0.000000000000000000e+00,0.000000000000000000e+00,5.464770389689806995e-01,-8.713495269099273965e-01,9.879400415293695947e-02,1.834669040290105024e-01,0.000000000000000000e+00,0.000000000000000000e+00,0.000000000000000000e+00
4.240000,1.000000000000000000e+00,0.000000000000000000e+00,7.039161328376355442e-01,6.122921293601369455e-17,1.010611994950877390e-02,-6.188213723982565160e-19,9.999489318658059123e-01,-4.416435870814696130e-01,2.403949193790946293e-01,-7.837716003009087551e-05,9.230029020686844055e-01,-4.607898387581892963e-01,-8.001959429000751745e-02,-4.416435870814696130e-01,-2.403949193790946293e-01,7.837716003009087551e-05,9.230029020686844055e-01,-4.607898387581892963e-01,8.001959429000751745e-02,0.000000000000000000e+00,0.000000000000000000e+00,-5.055506836964687722e-02,5.483529957751177575e-01,8.759526470065096548e-01,-9.947697226051102626e-02,1.815215457840353985e-01,0.000000000000000000e+00,0.000000000000000000e+00,0.000000000000000000e+00,5.483529957751177575e-01,-8.759526470065096548e-01,9.947697226051102626e-02,1.815215457840353985e-01,0.000000000000000000e+00,0.000000000000000000e+00,0.000000000000000000e+00
4.250000,1.000000000000000000e+00,0.000000000000000000e+00,7.044907452582462870e-01,6.122927836588318161e-17,9.999833334166664464e-03,-6.123131942347104890e-19,9.999500004166652634e-01,-4.400000000000000022e-01,2.399999999999999911e-01,0.000000000000000000e+00,9.200000000000000400e-01,-4.600000000000000200e-01,-8.000000000000000167e-02,-4.400000000000000022e-01,-2.399999999999999911e-01,0.000000000000000000e+00,9.200000000000000400e-01,-4.600000000000000200e-01,8.000000000000000167e-02,0.000000000000000000e+00,0.000000000000000000e+00,-5.000000000000000278e-02,5.500000000000000444e-01,8.800000000000000044e-01,-1.000000000000000056e-01,1.799999999999999933e-01,0.000000000000000000e+00,0.000000000000000000e+00,0.000000000000000000e+00,5.500000000000000444e-01,-8.800000000000000044e-01,1.000000000000000056e-01,1.799999999999999933e-01,0.000000000000000000e+00,0.000000000000000000e+00,0.000000000000000000e+00
4.260000,1.000000000000000000e+00,0.000000000000000000e+00,7.050306615771141372e-01,6.122933767762620219e-17,9.902499386115589525e-03,-6.063532088382543807e-19,9.999509690509370552e-01,-4.384805618025444107e-01,2.396313645638391276e-01,-1.261217919064394391e-06,9.172573631830913676e-01,-4.592627291276782930e-01,-8.000000000000000167e-02,-4.384805618025444107e-01,-2.396313645638391276e-01,1.261217919064394391e-06,9.172573631830913676e-01,-4.592627291276782930e-01,8.000000000000000167e-02,0.000000000000000000e+00,0.000000000000000000e+00,-4.947509886571804794e-02,5.515242703032771088e-01,8.837560239918708094e-01,-1.004388701035818510e-01,1.787017736664534839e-01,0.000000000000000000e+00,0.000000000000000000e+00,0.000000000000000000e+00,5.515242703032771088e-01,-8.837560239918708094e-01,1.004388701035818510e-01,1.787017736664534839e-01,0.000000000000000000e+00,0.000000000000000000e+00,0.000000000000000000e+00
4.270000,1.000000000000000000e+00,0.000000000000000000e+00,7.055699329504573347e-01,6.122939613572417574e-17,9.805620858424457520e-03,-6.004211098961017266e-19,9.999519237441272246e-01,-4.369666142775573969e-01,2.392635704956523335e-01,-5.380265978678622479e-06,9.145282932445949475e-01,-4.585271409913047047e-01,-8.000000000000000167e-02,-4.369666142775573969e-01,-2.392635704956523335e-01,5.380265978678622479e-06,9.145282932445949475e-01,-4.585271409913047047e-01,8.000000000000000167e-02,0.000000000000000000e+00,0.000000000000000000e+00,-4.895048714647857319e-02,5.530345170974965141e-01,8.875003364501874437e-01,-1.008735742390027695e-01,1.774151750207819678e-01,0.000000000000000000e+00,0.000000000000000000e+00,0.000000000000000000e+00,5.530345170974965141e-01,-8.875003364501874437e-01,1.008735742390027695e-01,1.774151750207819678e-01,0.000000000000000000e+00,0.000000000000000000e+00,0.000000000000000000e+00
4.280000,1.000000000000000000e+00,0.000000000000000000e+00,7.061084217815197794e-01,6.122945373836659253e-17,9.709214433005434325e-03,-5.945179188807694114e-19,9.999528644666677568e-01,-4.354584566104809928e-01,2.388967021361140253e-01,-1.286023563247279834e-05,9.118132426536164070e-01,-4.577934042722280883e-01,-8.000000000000000167e-02,-4.354584566104809928e-01,-2.388967021361140253e-01,1.286023563247279834e-05,9.118132426536164070e-01,-4.577934042722280883e-01,8.000000000000000167e-02,0.000000000000000000e+00,0.000000000000000000e+00,-4.842630236769132623e-02,5.545306442092409194e-01,8.912321532110890621e-01,-1.013040877889449798e-01,1.761402935475724629e-01,0.000000000000000000e+00,0.000000000000000000e+00,0.000000000000000000e+00,5.545306442092409194e-01,-8.912321532110890621e-01,1.013040877889449798e-01,1.761402935475724629e-01,0.000000000000000000e+00,0.000000000000000000e+00,0.000000000000000000e+00
4.290000,1.000000000000000000e+00,0.000000000000000000e+00,7.066459904735455932e-01,6.122951048409677159e-17,9.613296791800864799e-03,-5.886446572666224420e-19,9.999537911947695701e-01,-4.339563879867566754e-01,2.385308438258984531e-01,-2.420421833407796354e-05,9.091126638792607073e-01,-4.570616876517969440e-01,-8.000000000000000167e-02,-4.339563879867566754e-01,-2.385308438258984531e-01,2.420421833407796354e-05,9.091126638792607073e-01,-4.570616876517969440e-01,8.000000000000000167e-02,0.000000000000000000e+00,0.000000000000000000e+00,-4.790268205476590907e-02,5.560125554650927615e-01,8.949506901107149304e-01,-1.017303861360908251e-01,1.748772187314116544e-01,0.000000000000000000e+00,0.000000000000000000e+00,0.000000000000000000e+00,5.560125554650927615e-01,-8.949506901107149304e-01,1.017303861360908251e-01,1.748772187314116544e-01,0.000000000000000000e+00,0.000000000000000000e+00,0.000000000000000000e+00
4.300000,1.000000000000000000e+00,0.000000000000000000e+00,7.071825014297788980e-01,6.122956637180705361e-17,9.517884616781326426e-03,-5.828023465297541551e-19,9.999547039103430235e-01,-4.324607075918260324e-01,2.381660799056800892e-01,-3.991530553712491761e-05,9.064270093906325876e-01,-4.563321598113602162e-01,-8.000000000000000167e-02,-4.324607075918260324e-01,-2.381660799056800892e-01,3.991530553712491761e-05,9.064270093906325876e-01,-4.563321598113602162e-01,8.000000000000000167e-02,0.000000000000000000e+00,0.000000000000000000e+00,-4.737976373311200001e-02,5.574801546916343664e-01,8.986551629852044254e-01,-1.021524446631225796e-01,1.736260400568863660e-01,0.000000000000000000e+00,0.000000000000000000e+00,0.000000000000000000e+00,5.574801546916343664e-01,-8.986551629852044254e-01,1.021524446631225796e-01,1.736260400568863660e-01,0.000000000000000000e+00,0.000000000000000000e+00,0.000000000000000000e+00
4.310000,1.000000000000000000e+00,0.000000000000000000e+00,7.077178170534638157e-01,6.122962140073362400e-17,9.422994589943610097e-03,-5.769920081478634388e-19,9.999556026009144283e-01,-4.309717146111305408e-01,2.378024947161331837e-01,-6.049658869524653364e-05,9.037567316568371201e-01,-4.556049894322664051e-01,-8.000000000000000167e-02,-4.309717146111305408e-01,-2.378024947161331837e-01,6.049658869524653364e-05,9.037567316568371201e-01,-4.556049894322664051e-01,8.000000000000000167e-02,0.000000000000000000e+00,0.000000000000000000e+00,-4.685768492813920799e-02,5.589333457154489482e-01,9.023447876706972570e-01,-1.025702387527226006e-01,1.723868470085831439e-01,0.000000000000000000e+00,0.000000000000000000e+00,0.000000000000000000e+00,5.589333457154489482e-01,-9.023447876706972570e-01,1.025702387527226006e-01,1.723868470085831439e-01,0.000000000000000000e+00,0.000000000000000000e+00,0.000000000000000000e+00
4.320000,1.000000000000000000e+00,0.000000000000000000e+00,7.082517997478443572e-01,6.122967557045141001e-17,9.328643393308817117e-03,-5.712146636001373472e-19,9.999564872595410048e-01,-4.294897082301121771e-01,2.374401725979321809e-01,-8.645115926206999263e-05,9.011022831469794880e-01,-4.548803451958643440e-01,-8.000000000000000167e-02,-4.294897082301121771e-01,-2.374401725979321809e-01,8.645115926206999263e-05,9.011022831469794880e-01,-4.548803451958643440e-01,8.000000000000000167e-02,0.000000000000000000e+00,0.000000000000000000e+00,-4.633658316525728071e-02,5.603720323631183886e-01,9.060187800033321359e-01,-1.029837437875730927e-01,1.711597290710891450e-01,0.000000000000000000e+00,0.000000000000000000e+00,0.000000000000000000e+00,5.603720323631183886e-01,-9.060187800033321359e-01,1.029837437875730927e-01,1.711597290710891450e-01,0.000000000000000000e+00,0.000000000000000000e+00,0.000000000000000000e+00
4.330000,1.000000000000000000e+00,0.000000000000000000e+00,7.087843119161648664e-01,6.122972888086842305e-17,9.234847708920346926e-03,-5.654713343671285151e-19,9.999573578847215094e-01,-4.280149876342123627e-01,2.370791978917514142e-01,-1.182821086912277204e-04,8.984641163301647637e-01,-4.541583957835028107e-01,-8.000000000000000167e-02,-4.280149876342123627e-01,-2.370791978917514142e-01,1.182821086912277204e-04,8.984641163301647637e-01,-4.541583957835028107e-01,8.000000000000000167e-02,0.000000000000000000e+00,0.000000000000000000e+00,-4.581659596987583405e-02,5.617961184612253467e-01,9.096763558192484389e-01,-1.033929351503563715e-01,1.699447757289909988e-01,0.000000000000000000e+00,0.000000000000000000e+00,0.000000000000000000e+00,5.617961184612253467e-01,-9.096763558192484389e-01,1.033929351503563715e-01,1.699447757289909988e-01,0.000000000000000000e+00,0.000000000000000000e+00,0.000000000000000000e+00
4.340000,1.000000000000000000e+00,0.000000000000000000e+00,7.093152159616691321e-01,6.122978133222047091e-17,9.141624218842039212e-03,-5.597630419306413354e-19,9.999582144803059736e-01,-4.265478520088728520e-01,2.367196549382651893e-01,-1.564925284363505233e-04,8.958426836754977973e-01,-4.534393098765303609e-01,-8.000000000000000167e-02,-4.265478520088728520e-01,-2.367196549382651893e-01,1.564925284363505233e-04,8.958426836754977973e-01,-4.534393098765303609e-01,8.000000000000000167e-02,0.000000000000000000e+00,0.000000000000000000e+00,-4.529786086740453938e-02,5.632055078363525924e-01,9.133167309545857648e-01,-1.037977882237547528e-01,1.687420764668755291e-01,0.000000000000000000e+00,0.000000000000000000e+00,0.000000000000000000e+00,5.632055078363525924e-01,-9.133167309545857648e-01,1.037977882237547528e-01,1.687420764668755291e-01,0.000000000000000000e+00,0.000000000000000000e+00,0.000000000000000000e+00
4.350000,1.000000000000000000e+00,0.000000000000000000e+00,7.098443742876014984e-01,6.122983292506509335e-17,9.048989605156227550e-03,-5.540908077736122628e-19,9.999590570554005575e-01,-4.250886005395350664e-01,2.363616280781478673e-01,-2.015855099510735038e-04,8.932384376520836611e-01,-4.527232561562957724e-01,-8.000000000000000167e-02,-4.250886005395350664e-01,-2.363616280781478673e-01,2.015855099510735038e-04,8.932384376520836611e-01,-4.527232561562957724e-01,8.000000000000000167e-02,0.000000000000000000e+00,0.000000000000000000e+00,-4.478051538325299175e-02,5.646001043150825627e-01,9.169391212454834905e-01,-1.041982783904505661e-01,1.675517207693293653e-01,0.000000000000000000e+00,0.000000000000000000e+00,0.000000000000000000e+00,5.646001043150825627e-01,-9.169391212454834905e-01,1.041982783904505661e-01,1.675517207693293653e-01,0.000000000000000000e+00,0.000000000000000000e+00,0.000000000000000000e+00
4.360000,1.000000000000000000e+00,0.000000000000000000e+00,7.103716492972057539e-01,6.122988366027587988e-17,8.956960549961947432e-03,-5.484556533800008057e-19,9.999598856242716272e-01,-4.236375324116409269e-01,2.360052016520738927e-01,-2.540641446890195805e-04,8.906518307290275382e-01,-4.520104033041478231e-01,-8.000000000000000167e-02,-4.236375324116409269e-01,-2.360052016520738927e-01,2.540641446890195805e-04,8.906518307290275382e-01,-4.520104033041478231e-01,8.000000000000000167e-02,0.000000000000000000e+00,0.000000000000000000e+00,-4.426469704283095968e-02,5.659798117239976945e-01,9.205427425280806597e-01,-1.045943810331260299e-01,1.663737981209394978e-01,0.000000000000000000e+00,0.000000000000000000e+00,0.000000000000000000e+00,5.659798117239976945e-01,-9.205427425280806597e-01,1.045943810331260299e-01,1.663737981209394978e-01,0.000000000000000000e+00,0.000000000000000000e+00,0.000000000000000000e+00
4.370000,1.000000000000000000e+00,0.000000000000000000e+00,7.108969033937263537e-01,6.122993353903624511e-17,8.865553735373014194e-03,-5.428586002346711784e-19,9.999607002062457228e-01,-4.221949468106317993e-01,2.356504600007175709e-01,-3.144315241038231107e-04,8.880833153754343900e-01,-4.513009200014351796e-01,-8.000000000000000167e-02,-4.221949468106317993e-01,-2.356504600007175709e-01,3.144315241038231107e-04,8.880833153754343900e-01,-4.513009200014351796e-01,8.000000000000000167e-02,0.000000000000000000e+00,0.000000000000000000e+00,-4.375054337154805212e-02,5.673445338896804246e-01,9.241268106385165382e-01,-1.049860715344634599e-01,1.652083980062926394e-01,0.000000000000000000e+00,0.000000000000000000e+00,0.000000000000000000e+00,5.673445338896804246e-01,-9.241268106385165382e-01,1.049860715344634599e-01,1.652083980062926394e-01,0.000000000000000000e+00,0.000000000000000000e+00,0.000000000000000000e+00
4.380000,1.000000000000000000e+00,0.000000000000000000e+00,7.114199989804073088e-01,6.122998256283314255e-17,8.774785843516251863e-03,-5.373006698232842559e-19,9.999615008256069748e-01,-4.207611429219494936e-01,2.352974874647532633e-01,-3.831907396491150090e-04,8.855333440604091777e-01,-4.505949749295065643e-01,-8.000000000000000167e-02,-4.207611429219494936e-01,-2.352974874647532633e-01,3.831907396491150090e-04,8.855333440604091777e-01,-4.505949749295065643e-01,8.000000000000000167e-02,0.000000000000000000e+00,0.000000000000000000e+00,-4.323819189481392655e-02,5.686941746387137453e-01,9.276905414129303917e-01,-1.053733252771451717e-01,1.640556099099756415e-01,0.000000000000000000e+00,0.000000000000000000e+00,0.000000000000000000e+00,5.686941746387137453e-01,-9.276905414129303917e-01,1.053733252771451717e-01,1.640556099099756415e-01,0.000000000000000000e+00,0.000000000000000000e+00,0.000000000000000000e+00
4.390000,1.000000000000000000e+00,0.000000000000000000e+00,7.119407984604926298e-01,6.123003073345072904e-17,8.684673556529704658e-03,-5.317828836321881813e-19,9.999622875114924092e-01,-4.193364199310355978e-01,2.349463683848552753e-01,-4.608448827785260275e-04,8.830023692530570845e-01,-4.498927367697105884e-01,-8.000000000000000167e-02,-4.193364199310355978e-01,-2.349463683848552753e-01,4.608448827785260275e-04,8.830023692530570845e-01,-4.498927367697105884e-01,8.000000000000000167e-02,0.000000000000000000e+00,0.000000000000000000e+00,-4.272778013803824049e-02,5.700286377976797603e-01,9.312331506874620413e-01,-1.057561176438534534e-01,1.629155233165751893e-01,0.000000000000000000e+00,0.000000000000000000e+00,0.000000000000000000e+00,5.700286377976797603e-01,-9.312331506874620413e-01,1.057561176438534534e-01,1.629155233165751893e-01,0.000000000000000000e+00,0.000000000000000000e+00,0.000000000000000000e+00
4.400000,1.000000000000000000e+00,0.000000000000000000e+00,7.124591642372265499e-01,6.123007805296361015e-17,8.595233556560862367e-03,-5.263062631483090695e-19,9.999630602977833682e-01,-4.179210770233315886e-01,2.345971871016980237e-01,-5.478970449456952666e-04,8.804908434224828495e-01,-4.491943742033960851e-01,-8.000000000000000167e-02,-4.179210770233315886e-01,-2.345971871016980237e-01,5.478970449456952666e-04,8.804908434224828495e-01,-4.491943742033960851e-01,8.000000000000000167e-02,0.000000000000000000e+00,0.000000000000000000e+00,-4.221944562663063061e-02,5.713478271931611285e-01,9.347538542982506415e-01,-1.061344240172706066e-01,1.617882277106780231e-01,0.000000000000000000e+00,0.000000000000000000e+00,0.000000000000000000e+00,5.713478271931611285e-01,-9.347538542982506415e-01,1.061344240172706066e-01,1.617882277106780231e-01,0.000000000000000000e+00,0.000000000000000000e+00,0.000000000000000000e+00
4.410000,1.000000000000000000e+00,0.000000000000000000e+00,7.129749587138529687e-01,6.123012452373017184e-17,8.506482525764968994e-03,-5.208718298590480657e-19,9.999638192229951539e-01,-4.165154133842794426e-01,2.342500279559558696e-01,-6.448503176042379203e-04,8.779992190377917671e-01,-4.485000559119117769e-01,-8.000000000000000167e-02,-4.165154133842794426e-01,-2.342500279559558696e-01,6.448503176042379203e-04,8.779992190377917671e-01,-4.485000559119117769e-01,8.000000000000000167e-02,0.000000000000000000e+00,0.000000000000000000e+00,-4.171332588600081687e-02,5.726516466517402870e-01,9.382518680814349032e-01,-1.065082197800788916e-01,1.606738125768711611e-01,0.000000000000000000e+00,0.000000000000000000e+00,0.000000000000000000e+00,5.726516466517402870e-01,-9.382518680814349032e-01,1.065082197800788916e-01,1.606738125768711611e-01,0.000000000000000000e+00,0.000000000000000000e+00,0.000000000000000000e+00
4.420000,1.000000000000000000e+00,0.000000000000000000e+00,7.134880442936160083e-01,6.123017014838561630e-17,8.418437146303291499e-03,-5.154806052521752273e-19,9.999645643301635634e-01,-4.151197281993204702e-01,2.339049752883031186e-01,-7.522077922077921672e-04,8.755279485680889096e-01,-4.478099505766062749e-01,-8.000000000000000167e-02,-4.151197281993204702e-01,-2.339049752883031186e-01,7.522077922077921672e-04,8.755279485680889096e-01,-4.478099505766062749e-01,8.000000000000000167e-02,0.000000000000000000e+00,0.000000000000000000e+00,-4.120955844155844289e-02,5.739400000000000057e-01,9.417264078731547583e-01,-1.068774803149606240e-01,1.595723673997412606e-01,0.000000000000000000e+00,0.000000000000000000e+00,0.000000000000000000e+00,5.739400000000000057e-01,-9.417264078731547583e-01,1.068774803149606240e-01,1.595723673997412606e-01,0.000000000000000000e+00,0.000000000000000000e+00,0.000000000000000000e+00
4.430000,1.000000000000000000e+00,0.000000000000000000e+00,7.139982833797599016e-01,6.123021492983476357e-17,8.331114100341482226e-03,-5.101336108157288935e-19,9.999652956667282044e-01,-4.137343206538965368e-01,2.335621134394141873e-01,-8.704725602099889223e-04,8.730774844824791270e-01,-4.471242268788284124e-01,-8.000000000000000167e-02,-4.137343206538965368e-01,-2.335621134394141873e-01,8.704725602099889223e-04,8.730774844824791270e-01,-4.471242268788284124e-01,8.000000000000000167e-02,0.000000000000000000e+00,0.000000000000000000e+00,-4.070828081871314535e-02,5.752127910645227216e-01,9.451766895095492504e-01,-1.072421810045981055e-01,1.584839816638751175e-01,0.000000000000000000e+00,0.000000000000000000e+00,0.000000000000000000e+00,5.752127910645227216e-01,-9.451766895095492504e-01,1.072421810045981055e-01,1.584839816638751175e-01,0.000000000000000000e+00,0.000000000000000000e+00,0.000000000000000000e+00
4.440000,1.000000000000000000e+00,0.000000000000000000e+00,7.145055383755287703e-01,6.123025887124485321e-17,8.244530070047934381e-03,-5.048318680379153447e-19,9.999660132844137017e-01,-4.123594899334490083e-01,2.332215267499633538e-01,-1.000147713064470810e-03,8.706482792500673806e-01,-4.464430534999267453e-01,-8.000000000000000167e-02,-4.123594899334490083e-01,-2.332215267499633538e-01,1.000147713064470810e-03,8.706482792500673806e-01,-4.464430534999267453e-01,8.000000000000000167e-02,0.000000000000000000e+00,0.000000000000000000e+00,-4.020963054287457483e-02,5.764699236718909825e-01,9.486019288267579785e-01,-1.076022972316736659e-01,1.574087448538594169e-01,0.000000000000000000e+00,0.000000000000000000e+00,0.000000000000000000e+00,5.764699236718909825e-01,-9.486019288267579785e-01,1.076022972316736659e-01,1.574087448538594169e-01,0.000000000000000000e+00,0.000000000000000000e+00,0.000000000000000000e+00
4.450000,1.000000000000000000e+00,0.000000000000000000e+00,7.150096716841666256e-01,6.123030197603796381e-17,8.158701737592220782e-03,-4.995763984070130837e-19,9.999667172391074610e-01,-4.109955352234197501e-01,2.328832995606250345e-01,-1.141736342224846084e-03,8.682407853399590758e-01,-4.457665991212501067e-01,-8.000000000000000167e-02,-4.109955352234197501e-01,-2.328832995606250345e-01,1.141736342224846084e-03,8.682407853399590758e-01,-4.457665991212501067e-01,8.000000000000000167e-02,0.000000000000000000e+00,0.000000000000000000e+00,-3.971374513945243739e-02,5.777113016486871144e-01,9.520013416609198753e-01,-1.079578043788694958e-01,1.563467464542811491e-01,0.000000000000000000e+00,0.000000000000000000e+00,0.000000000000000000e+00,5.777113016486871144e-01,-9.520013416609198753e-01,1.079578043788694958e-01,1.563467464542811491e-01,0.000000000000000000e+00,0.000000000000000000e+00,0.000000000000000000e+00
4.460000,1.000000000000000000e+00,0.000000000000000000e+00,7.155105457089175891e-01,6.123034424788354352e-17,8.073645785143494444e-03,-4.943682234112749983e-19,9.999674075907354354e-01,-4.096427557092503502e-01,2.325475162120736183e-01,-1.295741539144755743e-03,8.658554552212590627e-01,-4.450950324241472744e-01,-8.000000000000000167e-02,-4.096427557092503502e-01,-2.325475162120736183e-01,1.295741539144755743e-03,8.658554552212590627e-01,-4.450950324241472744e-01,8.000000000000000167e-02,0.000000000000000000e+00,0.000000000000000000e+00,-3.922076213385636972e-02,5.789368288214941094e-01,9.553741438481742065e-01,-1.083086778288679664e-01,1.552980759497270546e-01,0.000000000000000000e+00,0.000000000000000000e+00,0.000000000000000000e+00,5.789368288214941094e-01,-9.553741438481742065e-01,1.083086778288679664e-01,1.552980759497270546e-01,0.000000000000000000e+00,0.000000000000000000e+00,0.000000000000000000e+00
4.470000,1.000000000000000000e+00,0.000000000000000000e+00,7.160080228530256718e-01,6.123038569069044743e-17,7.989378894868991512e-03,-4.892083645388363984e-19,9.999680844031344495e-01,-4.083014505763823965e-01,2.322142610449833833e-01,-1.462666395277831353e-03,8.634927413630721915e-01,-4.444285220899668043e-01,-8.000000000000000167e-02,-4.083014505763823965e-01,-2.322142610449833833e-01,1.462666395277831353e-03,8.634927413630721915e-01,-4.444285220899668043e-01,8.000000000000000167e-02,0.000000000000000000e+00,0.000000000000000000e+00,-3.873081905149604320e-02,5.801464090168940713e-01,9.587195512246605711e-01,-1.086548929643513656e-01,1.542628228247838462e-01,0.000000000000000000e+00,0.000000000000000000e+00,0.000000000000000000e+00,5.801464090168940713e-01,-9.587195512246605711e-01,1.086548929643513656e-01,1.542628228247838462e-01,0.000000000000000000e+00,0.000000000000000000e+00,0.000000000000000000e+00
4.480000,1.000000000000000000e+00,0.000000000000000000e+00,7.165019655197351067e-01,6.123042630859904896e-17,7.905917748932534198e-03,-4.840978432776238231e-19,9.999687477439218597e-01,-4.069719190102574213e-01,2.318836184000286904e-01,-1.643014002077720307e-03,8.611530962345036455e-01,-4.437672368000573075e-01,-8.000000000000000167e-02,-4.069719190102574213e-01,-2.318836184000286904e-01,1.643014002077720307e-03,8.611530962345036455e-01,-4.437672368000573075e-01,8.000000000000000167e-02,0.000000000000000000e+00,0.000000000000000000e+00,-3.824405341778105288e-02,5.813399460614696590e-01,9.620367796265185678e-01,-1.089964251680019952e-01,1.532410765640382644e-01,0.000000000000000000e+00,0.000000000000000000e+00,0.000000000000000000e+00,5.813399460614696590e-01,-9.620367796265185678e-01,1.089964251680019952e-01,1.532410765640382644e-01,0.000000000000000000e+00,0.000000000000000000e+00,0.000000000000000000e+00
4.490000,1.000000000000000000e+00,0.000000000000000000e+00,7.169922361122900156e-01,6.123046610597306781e-17,7.823279029493104830e-03,-4.790376811152671219e-19,9.999693976843625487e-01,-4.056544601963173458e-01,2.315556726178839564e-01,-1.837287450998020995e-03,8.588369723046586079e-01,-4.431113452357678950e-01,-8.000000000000000167e-02,-4.056544601963173458e-01,-2.315556726178839564e-01,1.837287450998020995e-03,8.588369723046586079e-01,-4.431113452357678950e-01,8.000000000000000167e-02,0.000000000000000000e+00,0.000000000000000000e+00,-3.776060275812116035e-02,5.825173437818035316e-01,9.653250448898866853e-01,-1.093332498225021016e-01,1.522329266520772717e-01,0.000000000000000000e+00,0.000000000000000000e+00,0.000000000000000000e+00,5.825173437818035316e-01,-9.653250448898866853e-01,1.093332498225021016e-01,1.522329266520772717e-01,0.000000000000000000e+00,0.000000000000000000e+00,0.000000000000000000e+00
4.500000,1.000000000000000000e+00,0.000000000000000000e+00,7.174786970339342984e-01,6.123050508739124988e-17,7.741479418703398237e-03,-4.740288995390114399e-19,9.999700342992332569e-01,-4.043493733200035911e-01,2.312305080392235146e-01,-2.045989833492379943e-03,8.565448220426419290e-01,-4.424610160784470114e-01,-8.000000000000000167e-02,-4.043493733200035911e-01,-2.312305080392235146e-01,2.045989833492379943e-03,8.565448220426419290e-01,-4.424610160784470114e-01,8.000000000000000167e-02,0.000000000000000000e+00,0.000000000000000000e+00,-3.728060459792598841e-02,5.836785060044779039e-01,9.685835628509048556e-01,-1.096653423105340003e-01,1.512384625734875809e-01,0.000000000000000000e+00,0.000000000000000000e+00,0.000000000000000000e+00,5.836785060044779039e-01,-9.685835628509048556e-01,1.096653423105340003e-01,1.512384625734875809e-01,0.000000000000000000e+00,0.000000000000000000e+00,0.000000000000000000e+00
4.510000,1.000000000000000000e+00,0.000000000000000000e+00,7.179612106879121880e-01,6.123054325763892403e-17,7.660535598708472990e-03,-4.690725200356342100e-19,9.999706576666842484e-01,-4.030569575667578563e-01,2.309082090047216984e-01,-2.269624241014427633e-03,8.542770979175586810e-01,-4.418164180094434346e-01,-8.000000000000000167e-02,-4.030569575667578563e-01,-2.309082090047216984e-01,2.269624241014427633e-03,8.542770979175586810e-01,-4.418164180094434346e-01,8.000000000000000167e-02,0.000000000000000000e+00,0.000000000000000000e+00,-3.680419646260518068e-02,5.848233365560756569e-01,9.718115493457122334e-01,-1.099926780147799932e-01,1.502577738128559881e-01,0.000000000000000000e+00,0.000000000000000000e+00,0.000000000000000000e+00,5.848233365560756569e-01,-9.718115493457122334e-01,1.099926780147799932e-01,1.502577738128559881e-01,0.000000000000000000e+00,0.000000000000000000e+00,0.000000000000000000e+00
4.520000,1.000000000000000000e+00,0.000000000000000000e+00,7.184396394774679173e-01,6.123058062169928763e-17,7.580464251644404398e-03,-4.641695640913628195e-19,9.999712678680970912e-01,-4.017775121220216183e-01,2.305888598550528412e-01,-2.508693765017817531e-03,8.520342523985138250e-01,-4.411777197101057202e-01,-8.000000000000000167e-02,-4.017775121220216183e-01,-2.305888598550528412e-01,2.508693765017817531e-03,8.520342523985138250e-01,-4.411777197101057202e-01,8.000000000000000167e-02,0.000000000000000000e+00,0.000000000000000000e+00,-3.633151587756836692e-02,5.859517392631793387e-01,9.750082202104481954e-01,-1.103152323179224237e-01,1.492909498547692060e-01,0.000000000000000000e+00,0.000000000000000000e+00,0.000000000000000000e+00,5.859517392631793387e-01,-9.750082202104481954e-01,1.103152323179224237e-01,1.492909498547692060e-01,0.000000000000000000e+00,0.000000000000000000e+00,0.000000000000000000e+00
4.530000,1.000000000000000000e+00,0.000000000000000000e+00,7.189138458058452752e-01,6.123061718474458115e-17,7.501282059637014686e-03,-4.593210531917968028e-19,9.999718649879414389e-01,-4.005113361712367426e-01,2.302725449308913874e-01,-2.763701496956137184e-03,8.498167379546124334e-01,-4.405450898617828126e-01,-8.000000000000000167e-02,-4.005113361712367426e-01,-2.302725449308913874e-01,2.763701496956137184e-03,8.498167379546124334e-01,-4.405450898617828126e-01,8.000000000000000167e-02,0.000000000000000000e+00,0.000000000000000000e+00,-3.586270036822528789e-02,5.870636179523712750e-01,9.781727912812518966e-01,-1.106329806026434825e-01,1.483380801838141139e-01,0.000000000000000000e+00,0.000000000000000000e+00,0.000000000000000000e+00,5.870636179523712750e-01,-9.781727912812518966e-01,1.106329806026434825e-01,1.483380801838141139e-01,0.000000000000000000e+00,0.000000000000000000e+00,0.000000000000000000e+00
4.540000,1.000000000000000000e+00,0.000000000000000000e+00,7.193836920762886056e-01,6.123065295212717653e-17,7.423005704800574554e-03,-4.545280088218282998e-19,9.999724491136275928e-01,-3.992587288998448170e-01,2.299593485729116427e-01,-3.035150528283038322e-03,8.476250070549596893e-01,-4.399186971458233231e-01,-8.000000000000000167e-02,-3.992587288998448170e-01,-2.299593485729116427e-01,3.035150528283038322e-03,8.476250070549596893e-01,-4.399186971458233231e-01,8.000000000000000167e-02,0.000000000000000000e+00,0.000000000000000000e+00,-3.539788745998555947e-02,5.881588764502341249e-01,9.813044783942626026e-01,-1.109458982516255271e-01,1.473992542845775078e-01,0.000000000000000000e+00,0.000000000000000000e+00,0.000000000000000000e+00,5.881588764502341249e-01,-9.813044783942626026e-01,1.109458982516255271e-01,1.473992542845775078e-01,0.000000000000000000e+00,0.000000000000000000e+00,0.000000000000000000e+00
4.550000,1.000000000000000000e+00,0.000000000000000000e+00,7.198490406920419193e-01,6.123068792937029572e-17,7.345651869236609691e-03,-4.497914524655692566e-19,9.999730203353568436e-01,-3.980199894932874294e-01,2.296493551217879681e-01,-3.323543950452151861e-03,8.454595121686605541e-01,-4.392987102435759184e-01,-8.000000000000000167e-02,-3.980199894932874294e-01,-2.296493551217879681e-01,3.323543950452151861e-03,8.454595121686605541e-01,-4.392987102435759184e-01,8.000000000000000167e-02,0.000000000000000000e+00,0.000000000000000000e+00,-3.493721467825885302e-02,5.892374185833503253e-01,9.844024973856196903e-01,-1.112539606475508452e-01,1.464745616416461560e-01,0.000000000000000000e+00,0.000000000000000000e+00,0.000000000000000000e+00,5.892374185833503253e-01,-9.844024973856196903e-01,1.112539606475508452e-01,1.464745616416461560e-01,0.000000000000000000e+00,0.000000000000000000e+00,0.000000000000000000e+00
4.560000,1.000000000000000000e+00,0.000000000000000000e+00,7.203097540563493384e-01,6.123072212215875391e-17,7.269237235032716821e-03,-4.451124056062787209e-19,9.999735787459691494e-01,-3.967954171370060568e-01,2.293426489181946970e-01,-3.629384854917135604e-03,8.433207057648197669e-01,-4.386852978363894318e-01,-8.000000000000000167e-02,-3.967954171370060568e-01,-2.293426489181946970e-01,3.629384854917135604e-03,8.433207057648197669e-01,-4.386852978363894318e-01,8.000000000000000167e-02,0.000000000000000000e+00,0.000000000000000000e+00,-3.448081954845477054e-02,5.902991481783025352e-01,9.874660640914628695e-01,-1.115571431731017665e-01,1.455640917396067435e-01,0.000000000000000000e+00,0.000000000000000000e+00,0.000000000000000000e+00,5.902991481783025352e-01,-9.874660640914628695e-01,1.115571431731017665e-01,1.455640917396067435e-01,0.000000000000000000e+00,0.000000000000000000e+00,0.000000000000000000e+00
4.570000,1.000000000000000000e+00,0.000000000000000000e+00,7.207656945724550956e-01,6.123075553632938223e-17,7.193778484261440474e-03,-4.404918897262936054e-19,9.999741244407874818e-01,-3.955853110164425090e-01,2.290393143028062184e-01,-3.953176333131567556e-03,8.412090403125427329e-01,-4.380786286056124190e-01,-8.000000000000000167e-02,-3.955853110164425090e-01,-2.290393143028062184e-01,3.953176333131567556e-03,8.412090403125427329e-01,-4.380786286056124190e-01,8.000000000000000167e-02,0.000000000000000000e+00,0.000000000000000000e+00,-3.402883959598307362e-02,5.913439690616731914e-01,9.904943943479308510e-01,-1.118554212109604817e-01,1.446679340630462607e-01,0.000000000000000000e+00,0.000000000000000000e+00,0.000000000000000000e+00,5.913439690616731914e-01,-9.904943943479308510e-01,1.118554212109604817e-01,1.446679340630462607e-01,0.000000000000000000e+00,0.000000000000000000e+00,0.000000000000000000e+00
4.580000,1.000000000000000000e+00,0.000000000000000000e+00,7.212167246436029799e-01,6.123078817786141356e-17,7.119292298979145416e-03,-4.359309263069606057e-19,9.999746575174601748e-01,-3.943899703170385407e-01,2.287394356162968656e-01,-4.295421476549104653e-03,8.391249682809346355e-01,-4.374788712325937690e-01,-8.000000000000000167e-02,-3.943899703170385407e-01,-2.287394356162968656e-01,4.295421476549104653e-03,8.391249682809346355e-01,-4.374788712325937690e-01,8.000000000000000167e-02,0.000000000000000000e+00,0.000000000000000000e+00,-3.358141234625337118e-02,5.923717850600448420e-01,9.934867039911632336e-01,-1.121487701438093759e-01,1.437861780965513925e-01,0.000000000000000000e+00,0.000000000000000000e+00,0.000000000000000000e+00,5.923717850600448420e-01,-9.934867039911632336e-01,1.121487701438093759e-01,1.437861780965513925e-01,0.000000000000000000e+00,0.000000000000000000e+00,0.000000000000000000e+00
4.590000,1.000000000000000000e+00,0.000000000000000000e+00,7.216627066730373352e-01,6.123082005286664635e-17,7.045795361224969737e-03,-4.314305368285714413e-19,9.999751780757999420e-01,-3.932096942242355730e-01,2.284430971993409998e-01,-4.656623376623376075e-03,8.370689421390998808e-01,-4.368861943986820373e-01,-8.000000000000000167e-02,-3.932096942242355730e-01,-2.284430971993409998e-01,4.656623376623376075e-03,8.370689421390998808e-01,-4.368861943986820373e-01,8.000000000000000167e-02,0.000000000000000000e+00,0.000000000000000000e+00,-3.313867532467532767e-02,5.933825000000000349e-01,9.964422088572989500e-01,-1.124371653543307092e-01,1.429189133247089072e-01,0.000000000000000000e+00,0.000000000000000000e+00,0.000000000000000000e+00,5.933825000000000349e-01,-9.964422088572989500e-01,1.124371653543307092e-01,1.429189133247089072e-01,0.000000000000000000e+00,0.000000000000000000e+00,0.000000000000000000e+00
4.600000,1.000000000000000000e+00,0.000000000000000000e+00,7.221035030640021724e-01,6.123085116757932508e-17,6.973304353019798771e-03,-4.269917427703000699e-19,9.999756862176201189e-01,-3.920447819234751941e-01,2.281503833926129821e-01,-5.037285124808050032e-03,8.350414143561438740e-01,-4.363007667852260019e-01,-8.000000000000000167e-02,-3.920447819234751941e-01,-2.281503833926129821e-01,5.037285124808050032e-03,8.350414143561438740e-01,-4.363007667852260019e-01,8.000000000000000167e-02,0.000000000000000000e+00,0.000000000000000000e+00,-3.270076605665855202e-02,5.943760177081213181e-01,9.993601247824784872e-01,-1.127205822252068113e-01,1.420662292321056008e-01,0.000000000000000000e+00,0.000000000000000000e+00,0.000000000000000000e+00,5.943760177081213181e-01,-9.993601247824784872e-01,1.127205822252068113e-01,1.420662292321056008e-01,0.000000000000000000e+00,0.000000000000000000e+00,0.000000000000000000e+00
4.610000,1.000000000000000000e+00,0.000000000000000000e+00,7.225389762197416132e-01,6.123088152834603295e-17,6.901835956365307521e-03,-4.226155656101442360e-19,9.999761820465682405e-01,-3.908955326001992137e-01,2.278613785367872013e-01,-5.437909812556687185e-03,8.330428374011719095e-01,-4.357227570735743849e-01,-8.000000000000000167e-02,-3.908955326001992137e-01,-2.278613785367872013e-01,5.437909812556687185e-03,8.330428374011719095e-01,-4.357227570735743849e-01,8.000000000000000167e-02,0.000000000000000000e+00,0.000000000000000000e+00,-3.226782206761280580e-02,5.953522420109913504e-01,1.002239667602839557e+00,-1.129989961391199144e-01,1.412282153033282972e-01,0.000000000000000000e+00,0.000000000000000000e+00,0.000000000000000000e+00,5.953522420109913504e-01,-1.002239667602839557e+00,1.129989961391199144e-01,1.412282153033282972e-01,0.000000000000000000e+00,0.000000000000000000e+00,0.000000000000000000e+00
4.620000,1.000000000000000000e+00,0.000000000000000000e+00,7.229689885434996688e-01,6.123091114161535041e-17,6.831406853242973608e-03,-4.183030268248649958e-19,9.999766656679572874e-01,-3.897622454398492198e-01,2.275761669725379632e-01,-5.859000531322952274e-03,8.310736637432886154e-01,-4.351523339450759642e-01,-8.000000000000000167e-02,-3.897622454398492198e-01,-2.275761669725379632e-01,5.859000531322952274e-03,8.310736637432886154e-01,-4.351523339450759642e-01,8.000000000000000167e-02,0.000000000000000000e+00,0.000000000000000000e+00,-3.183998088294769102e-02,5.963110767351923469e-01,1.005080053154522535e+00,-1.132723824787523481e-01,1.404049610229638478e-01,0.000000000000000000e+00,0.000000000000000000e+00,0.000000000000000000e+00,5.963110767351923469e-01,-1.005080053154522535e+00,1.132723824787523481e-01,1.404049610229638478e-01,0.000000000000000000e+00,0.000000000000000000e+00,0.000000000000000000e+00
4.630000,1.000000000000000000e+00,0.000000000000000000e+00,7.233934024385206829e-01,6.123094001392720554e-17,6.762033725613204697e-03,-4.140551478899331293e-19,9.999771371885928239e-01,-3.886452196278669113e-01,2.272948330405396566e-01,-6.301060372560476214e-03,8.291343458515992859e-01,-4.345896660810792955e-01,-8.000000000000000167e-02,-3.886452196278669113e-01,-2.272948330405396566e-01,6.301060372560476214e-03,8.291343458515992859e-01,-4.345896660810792955e-01,8.000000000000000167e-02,0.000000000000000000e+00,0.000000000000000000e+00,-3.141738002807288599e-02,5.972524257073071885e-01,1.007880497273666354e+00,-1.135407166267864004e-01,1.395965558755989377e-01,0.000000000000000000e+00,0.000000000000000000e+00,0.000000000000000000e+00,5.972524257073071885e-01,-1.007880497273666354e+00,1.135407166267864004e-01,1.395965558755989377e-01,0.000000000000000000e+00,0.000000000000000000e+00,0.000000000000000000e+00
4.640000,1.000000000000000000e+00,0.000000000000000000e+00,7.238120803080485555e-01,6.123096815190229836e-17,6.693733255414452930e-03,-4.098729502794751170e-19,9.999775967165991375e-01,-3.875447543496937652e-01,2.270174610814666150e-01,-6.764592427722889920e-03,8.272253361952086603e-01,-4.340349221629332677e-01,-8.000000000000000167e-02,-3.875447543496937652e-01,-2.270174610814666150e-01,6.764592427722889920e-03,8.272253361952086603e-01,-4.340349221629332677e-01,8.000000000000000167e-02,0.000000000000000000e+00,0.000000000000000000e+00,-3.100015702839803086e-02,5.981761927539180901e-01,1.010640215796410279e+00,-1.138039739659043731e-01,1.388030893458203907e-01,0.000000000000000000e+00,0.000000000000000000e+00,0.000000000000000000e+00,5.981761927539180901e-01,-1.010640215796410279e+00,1.138039739659043731e-01,1.388030893458203907e-01,0.000000000000000000e+00,0.000000000000000000e+00,0.000000000000000000e+00
4.650000,1.000000000000000000e+00,0.000000000000000000e+00,7.242248845553274084e-01,6.123099556223121707e-17,6.626522124562393527e-03,-4.057574554662226811e-19,9.999780443612413805e-01,-3.864611487907713694e-01,2.267441354359931993e-01,-7.250099788263868542e-03,8.253470872432219219e-01,-4.334882708719863253e-01,-8.000000000000000167e-02,-3.864611487907713694e-01,-2.267441354359931993e-01,7.250099788263868542e-03,8.253470872432219219e-01,-4.334882708719863253e-01,8.000000000000000167e-02,0.000000000000000000e+00,0.000000000000000000e+00,-3.058844940933275539e-02,5.990822817016080437e-01,1.013358424558894022e+00,-1.140621298787885540e-01,1.380246509182149195e-01,0.000000000000000000e+00,0.000000000000000000e+00,0.000000000000000000e+00,5.990822817016080437e-01,-1.013358424558894022e+00,1.140621298787885540e-01,1.380246509182149195e-01,0.000000000000000000e+00,0.000000000000000000e+00,0.000000000000000000e+00
4.660000,1.000000000000000000e+00,0.000000000000000000e+00,7.246316775836013635e-01,6.123102225166328300e-17,6.560417014949142429e-03,-4.017096849214650223e-19,9.999784802327448263e-01,-3.853947021365415893e-01,2.264749404447937708e-01,-7.758085545636955391e-03,8.235000514647442538e-01,-4.329498808895875239e-01,-8.000000000000000167e-02,-3.853947021365415893e-01,-2.264749404447937708e-01,7.758085545636955391e-03,8.235000514647442538e-01,-4.329498808895875239e-01,8.000000000000000167e-02,0.000000000000000000e+00,0.000000000000000000e+00,-3.018239469628681074e-02,5.999705963769590422e-01,1.016034339397256625e+00,-1.143151597481212450e-01,1.372613300773694867e-01,0.000000000000000000e+00,0.000000000000000000e+00,0.000000000000000000e+00,5.999705963769590422e-01,-1.016034339397256625e+00,1.143151597481212450e-01,1.372613300773694867e-01,0.000000000000000000e+00,0.000000000000000000e+00,0.000000000000000000e+00
4.670000,1.000000000000000000e+00,0.000000000000000000e+00,7.250323217961144318e-01,6.123104822699549427e-17,6.495434608442462662e-03,-3.977306601150001898e-19,9.999789044421124595e-01,-3.843457135724459572e-01,2.262099604485426907e-01,-8.289052791295825617e-03,8.216846813288806173e-01,-4.324199208970854191e-01,-8.000000000000000167e-02,-3.843457135724459572e-01,-2.262099604485426907e-01,8.289052791295825617e-03,8.216846813288806173e-01,-4.324199208970854191e-01,8.000000000000000167e-02,0.000000000000000000e+00,0.000000000000000000e+00,-2.978213041466979544e-02,6.008410406065540776e-01,1.018667176147636910e+00,-1.145630389565847201e-01,1.365132163078707772e-01,0.000000000000000000e+00,0.000000000000000000e+00,0.000000000000000000e+00,6.008410406065540776e-01,-1.018667176147636910e+00,1.145630389565847201e-01,1.365132163078707772e-01,0.000000000000000000e+00,0.000000000000000000e+00,0.000000000000000000e+00
4.680000,1.000000000000000000e+00,0.000000000000000000e+00,7.254266795961109571e-01,6.123107349506103801e-17,6.431591586885073916e-03,-3.938214025150925670e-19,9.999793171009386805e-01,-3.833144822839260613e-01,2.259492797879143200e-01,-8.843504616694107534e-03,8.199014293047358626e-01,-4.318985595758286222e-01,-8.000000000000000167e-02,-3.833144822839260613e-01,-2.259492797879143200e-01,8.843504616694107534e-03,8.199014293047358626e-01,-4.318985595758286222e-01,8.000000000000000167e-02,0.000000000000000000e+00,0.000000000000000000e+00,-2.938779408989138781e-02,6.016935182169754759e-01,1.021256150646175254e+00,-1.148057428868612950e-01,1.357803990943056149e-01,0.000000000000000000e+00,0.000000000000000000e+00,0.000000000000000000e+00,6.016935182169754759e-01,-1.021256150646175254e+00,1.148057428868612950e-01,1.357803990943056149e-01,0.000000000000000000e+00,0.000000000000000000e+00,0.000000000000000000e+00
4.690000,1.000000000000000000e+00,0.000000000000000000e+00,7.258146133868348393e-01,6.123109806271772858e-17,6.368904632093940442e-03,-3.899829335884297782e-19,9.999797183212204565e-01,-3.823013074564234337e-01,2.256929828035829644e-01,-9.421944113285486699e-03,8.181507478614151729e-01,-4.313859656071659665e-01,-8.000000000000000167e-02,-3.823013074564234337e-01,-2.256929828035829644e-01,9.421944113285486699e-03,8.181507478614151729e-01,-4.313859656071659665e-01,8.000000000000000167e-02,0.000000000000000000e+00,0.000000000000000000e+00,-2.899952324736120718e-02,6.025279330348057849e-01,1.023800478729010033e+00,-1.150432469216332854e-01,1.350629679212606848e-01,0.000000000000000000e+00,0.000000000000000000e+00,0.000000000000000000e+00,6.025279330348057849e-01,-1.023800478729010033e+00,1.150432469216332854e-01,1.350629679212606848e-01,0.000000000000000000e+00,0.000000000000000000e+00,0.000000000000000000e+00
4.700000,1.000000000000000000e+00,0.000000000000000000e+00,7.261959855715302004e-01,6.123112193683637190e-17,6.307390425859645683e-03,-3.862162748000837851e-19,9.999801082151663634e-01,-3.813064882753800511e-01,2.254411538362230683e-01,-1.002487437252348908e-02,8.164330894680236206e-01,-4.308823076724461743e-01,-8.000000000000000167e-02,-3.813064882753800511e-01,-2.254411538362230683e-01,1.002487437252348908e-02,8.164330894680236206e-01,-4.308823076724461743e-01,8.000000000000000167e-02,0.000000000000000000e+00,0.000000000000000000e+00,-2.861745541248898392e-02,6.033441888866274416e-01,1.026299376232281180e+00,-1.152755264435829236e-01,1.343610122733229217e-01,0.000000000000000000e+00,0.000000000000000000e+00,0.000000000000000000e+00,6.033441888866274416e-01,-1.026299376232281180e+00,1.152755264435829236e-01,1.343610122733229217e-01,0.000000000000000000e+00,0.000000000000000000e+00,0.000000000000000000e+00
4.710000,1.000000000000000000e+00,0.000000000000000000e+00,7.265706585534411621e-01,6.123114512428880927e-17,6.247065649945733080e-03,-3.825224476134710683e-19,9.999804868950020742e-01,-3.803303239262372237e-01,2.251938772265089372e-01,-1.065279848586179676e-02,8.147489065936661667e-01,-4.303877544530179122e-01,-8.000000000000000167e-02,-3.803303239262372237e-01,-2.251938772265089372e-01,1.065279848586179676e-02,8.147489065936661667e-01,-4.303877544530179122e-01,8.000000000000000167e-02,0.000000000000000000e+00,0.000000000000000000e+00,-2.824172811068434430e-02,6.041421895990228830e-01,1.028752058992127516e+00,-1.155025568353925391e-01,1.336746216350790661e-01,0.000000000000000000e+00,0.000000000000000000e+00,0.000000000000000000e+00,6.041421895990228830e-01,-1.028752058992127516e+00,1.155025568353925391e-01,1.336746216350790661e-01,0.000000000000000000e+00,0.000000000000000000e+00,0.000000000000000000e+00
4.720000,1.000000000000000000e+00,0.000000000000000000e+00,7.269384947358118465e-01,6.123116763193583795e-17,6.187946986088132748e-03,-3.789024734903171418e-19,9.999808544727730730e-01,-3.793731135944367061e-01,2.249512373151149602e-01,-1.130621954475404152e-02,8.130986517074477726e-01,-4.299024746302299582e-01,-8.000000000000000167e-02,-3.793731135944367061e-01,-2.249512373151149602e-01,1.130621954475404152e-02,8.130986517074477726e-01,-4.299024746302299582e-01,8.000000000000000167e-02,0.000000000000000000e+00,0.000000000000000000e+00,-2.787247886735694929e-02,6.049218389985752120e-01,1.031157742844688530e+00,-1.157243134797444201e-01,1.330038854911159418e-01,0.000000000000000000e+00,0.000000000000000000e+00,0.000000000000000000e+00,6.049218389985752120e-01,-1.031157742844688530e+00,1.157243134797444201e-01,1.330038854911159418e-01,0.000000000000000000e+00,0.000000000000000000e+00,0.000000000000000000e+00
4.730000,1.000000000000000000e+00,0.000000000000000000e+00,7.272993565218863754e-01,6.123118946661505773e-17,6.130051115994589878e-03,-3.753573738906217418e-19,9.999812110601455917e-01,-3.784351564654200861e-01,2.247133184427154151e-01,-1.198564064065391413e-02,8.114827772784736215e-01,-4.294266368854308680e-01,-8.000000000000000167e-02,-3.784351564654200861e-01,-2.247133184427154151e-01,1.198564064065391413e-02,8.114827772784736215e-01,-4.294266368854308680e-01,8.000000000000000167e-02,0.000000000000000000e+00,0.000000000000000000e+00,-2.750984520791642518e-02,6.056830409118664216e-01,1.033515643626103708e+00,-1.159407717593208542e-01,1.323488933260201783e-01,0.000000000000000000e+00,0.000000000000000000e+00,0.000000000000000000e+00,6.056830409118664216e-01,-1.033515643626103708e+00,1.159407717593208542e-01,1.323488933260201783e-01,0.000000000000000000e+00,0.000000000000000000e+00,0.000000000000000000e+00
4.740000,1.000000000000000000e+00,0.000000000000000000e+00,7.276531063149086487e-01,6.123121063512834782e-17,6.073394721344148664e-03,-3.718881702726271457e-19,9.999815567682029949e-01,-3.775167517246291182e-01,2.244802049499847463e-01,-1.269156486501492494e-02,8.099017357758486746e-01,-4.289604098999695303e-01,-8.000000000000000167e-02,-3.775167517246291182e-01,-2.244802049499847463e-01,1.269156486501492494e-02,8.099017357758486746e-01,-4.289604098999695303e-01,8.000000000000000167e-02,0.000000000000000000e+00,0.000000000000000000e+00,-2.715396465777249885e-02,6.064256991654793927e-01,1.035824977172512318e+00,-1.161519070568041434e-01,1.317097346243787659e-01,0.000000000000000000e+00,0.000000000000000000e+00,0.000000000000000000e+00,6.064256991654793927e-01,-1.035824977172512318e+00,1.161519070568041434e-01,1.317097346243787659e-01,0.000000000000000000e+00,0.000000000000000000e+00,0.000000000000000000e+00
4.750000,1.000000000000000000e+00,0.000000000000000000e+00,7.279996065181231213e-01,6.123123114422942993e-17,6.017994483786617138e-03,-3.684958840927854303e-19,9.999818917072414992e-01,-3.766181985575052793e-01,2.242519811775972594e-01,-1.342449530929076471e-02,8.083559796686780041e-01,-4.285039623551945565e-01,-8.000000000000000167e-02,-3.766181985575052793e-01,-2.242519811775972594e-01,1.342449530929076471e-02,8.083559796686780041e-01,-4.285039623551945565e-01,8.000000000000000167e-02,0.000000000000000000e+00,0.000000000000000000e+00,-2.680497474233480004e-02,6.071497175859963402e-01,1.038084959320053180e+00,-1.163576947548765894e-01,1.310864988707784173e-01,0.000000000000000000e+00,0.000000000000000000e+00,0.000000000000000000e+00,6.071497175859963402e-01,-1.038084959320053180e+00,1.163576947548765894e-01,1.310864988707784173e-01,0.000000000000000000e+00,0.000000000000000000e+00,0.000000000000000000e+00
4.760000,1.000000000000000000e+00,0.000000000000000000e+00,7.283387195347735821e-01,6.123125100061096299e-17,5.963867084942098794e-03,-3.651815368057298728e-19,9.999822159865610072e-01,-3.757397961494903793e-01,2.240287314662273432e-01,-1.418493506493506348e-02,8.068459614260666823e-01,-4.280574629324547242e-01,-8.000000000000000167e-02,-3.757397961494903793e-01,-2.240287314662273432e-01,1.418493506493506348e-02,8.068459614260666823e-01,-4.280574629324547242e-01,8.000000000000000167e-02,0.000000000000000000e+00,0.000000000000000000e+00,-2.646301298701298627e-02,6.078550000000000342e-01,1.040294805904866005e+00,-1.165581102362204663e-01,1.304792755498059564e-01,0.000000000000000000e+00,0.000000000000000000e+00,0.000000000000000000e+00,6.078550000000000342e-01,-1.040294805904866005e+00,1.165581102362204663e-01,1.304792755498059564e-01,0.000000000000000000e+00,0.000000000000000000e+00,0.000000000000000000e+00
4.770000,1.000000000000000000e+00,0.000000000000000000e+00,7.286703077681043750e-01,6.123127021089178583e-17,5.911029206400536355e-03,-3.619461498642468314e-19,9.999825297142551639e-01,-3.748818436860257841e-01,2.238105401565493036e-01,-1.497338722340152417e-02,8.053721335171194484e-01,-4.276210803130986449e-01,-8.000000000000000167e-02,-3.748818436860257841e-01,-2.238105401565493036e-01,1.497338722340152417e-02,8.053721335171194484e-01,-4.276210803130986449e-01,8.000000000000000167e-02,0.000000000000000000e+00,0.000000000000000000e+00,-2.612821691721668727e-02,6.085414502340729115e-01,1.042453732763090501e+00,-1.167531288835181175e-01,1.298881541460480682e-01,0.000000000000000000e+00,0.000000000000000000e+00,0.000000000000000000e+00,6.085414502340729115e-01,-1.042453732763090501e+00,1.167531288835181175e-01,1.298881541460480682e-01,0.000000000000000000e+00,0.000000000000000000e+00,0.000000000000000000e+00
4.780000,1.000000000000000000e+00,0.000000000000000000e+00,7.289942336213593999e-01,6.123128878160370372e-17,5.859497529721273759e-03,-3.587907447192490717e-19,9.999828329969966401e-01,-3.740446403525534147e-01,2.235974915892375570e-01,-1.579035487614363631e-02,8.039349484109418187e-01,-4.271949831784751517e-01,-8.000000000000000167e-02,-3.740446403525534147e-01,-2.235974915892375570e-01,1.579035487614363631e-02,8.039349484109418187e-01,-4.271949831784751517e-01,8.000000000000000167e-02,0.000000000000000000e+00,0.000000000000000000e+00,-2.580072405835563340e-02,6.092089721147975201e-01,1.044560955730865270e+00,-1.169427260794517615e-01,1.293132241440916319e-01,0.000000000000000000e+00,0.000000000000000000e+00,0.000000000000000000e+00,6.092089721147975201e-01,-1.044560955730865270e+00,1.169427260794517615e-01,1.293132241440916319e-01,0.000000000000000000e+00,0.000000000000000000e+00,0.000000000000000000e+00
4.790000,1.000000000000000000e+00,0.000000000000000000e+00,7.293103594977828896e-01,6.123130671917834892e-17,5.809288736432636352e-03,-3.557163428197500070e-19,9.999831259398214156e-01,-3.732284853345148035e-01,2.233896701049664368e-01,-1.663634111461510107e-02,8.025348585766385323e-01,-4.267793402099328559e-01,-8.000000000000000167e-02,-3.732284853345148035e-01,-2.233896701049664368e-01,1.663634111461510107e-02,8.025348585766385323e-01,-4.267793402099328559e-01,8.000000000000000167e-02,0.000000000000000000e+00,0.000000000000000000e+00,-2.548067193583944054e-02,6.098574694687564079e-01,1.046615690644330021e+00,-1.171268772067037417e-01,1.287545750285234436e-01,0.000000000000000000e+00,0.000000000000000000e+00,0.000000000000000000e+00,6.098574694687564079e-01,-1.046615690644330021e+00,1.171268772067037417e-01,1.287545750285234436e-01,0.000000000000000000e+00,0.000000000000000000e+00,0.000000000000000000e+00
4.800000,1.000000000000000000e+00,0.000000000000000000e+00,7.296185478006186331e-01,6.123132402993363446e-17,5.760419508031526699e-03,-3.527239656128389988e-19,9.999834086459092886e-01,-3.724336778173514828e-01,2.231871600444103043e-01,-1.751184903026955370e-02,8.011723164833146615e-01,-4.263743200888205909e-01,-8.000000000000000167e-02,-3.724336778173514828e-01,-2.231871600444103043e-01,1.751184903026955370e-02,8.011723164833146615e-01,-4.263743200888205909e-01,8.000000000000000167e-02,0.000000000000000000e+00,0.000000000000000000e+00,-2.516819807507778006e-02,6.104868461225321230e-01,1.048617153339624020e+00,-1.173055576479563183e-01,1.282122962839302716e-01,0.000000000000000000e+00,0.000000000000000000e+00,0.000000000000000000e+00,6.104868461225321230e-01,-1.048617153339624020e+00,1.173055576479563183e-01,1.282122962839302716e-01,0.000000000000000000e+00,0.000000000000000000e+00,0.000000000000000000e+00
4.810000,1.000000000000000000e+00,0.000000000000000000e+00,7.299186609331111963e-01,6.123134072006020794e-17,5.712906525983054221e-03,-3.498146345436586300e-19,9.999836812163613864e-01,-3.716605169865050962e-01,2.229900457482434650e-01,-1.841738171456069537e-02,7.998477746000751676e-01,-4.259800914964869678e-01,-8.000000000000000167e-02,-3.716605169865050962e-01,-2.229900457482434650e-01,1.841738171456069537e-02,7.998477746000751676e-01,-4.259800914964869678e-01,8.000000000000000167e-02,0.000000000000000000e+00,0.000000000000000000e+00,-2.486344000148028172e-02,6.110970059027072132e-01,1.050564559652886754e+00,-1.174787427858918487e-01,1.276864773948988840e-01,0.000000000000000000e+00,0.000000000000000000e+00,0.000000000000000000e+00,6.110970059027072132e-01,-1.050564559652886754e+00,1.174787427858918487e-01,1.276864773948988840e-01,0.000000000000000000e+00,0.000000000000000000e+00,0.000000000000000000e+00
4.820000,1.000000000000000000e+00,0.000000000000000000e+00,7.302105612985043681e-01,6.123135679560774502e-17,5.666766471720173504e-03,-3.469893710553825575e-19,9.999839437499759009e-01,-3.709093020274173980e-01,2.227984115571403634e-01,-1.935344225894200174e-02,7.985616853960252337e-01,-4.255968231142806535e-01,-8.000000000000000167e-02,-3.709093020274173980e-01,-2.227984115571403634e-01,1.935344225894200174e-02,7.985616853960252337e-01,-4.255968231142806535e-01,8.000000000000000167e-02,0.000000000000000000e+00,0.000000000000000000e+00,-2.456653524045665504e-02,6.116878526358640045e-01,1.052457125420256601e+00,-1.176464080031925652e-01,1.271772078460161326e-01,0.000000000000000000e+00,0.000000000000000000e+00,0.000000000000000000e+00,6.116878526358640045e-01,-1.052457125420256601e+00,1.176464080031925652e-01,1.271772078460161326e-01,0.000000000000000000e+00,0.000000000000000000e+00,0.000000000000000000e+00
4.830000,1.000000000000000000e+00,0.000000000000000000e+00,7.304941113000424924e-01,6.123137226247091021e-17,5.622016026643306998e-03,-3.442491965891923525e-19,9.999841963430202707e-01,-3.701803321255300872e-01,2.226123418117753050e-01,-2.032053375486718438e-02,7.973145013402698211e-01,-4.252246836235505922e-01,-8.000000000000000167e-02,-3.701803321255300872e-01,-2.226123418117753050e-01,2.032053375486718438e-02,7.973145013402698211e-01,-4.252246836235505922e-01,8.000000000000000167e-02,0.000000000000000000e+00,0.000000000000000000e+00,-2.427762131741654367e-02,6.122592901485853778e-01,1.054294066477874159e+00,-1.178085286825407835e-01,1.266845771218687577e-01,0.000000000000000000e+00,0.000000000000000000e+00,0.000000000000000000e+00,6.122592901485853778e-01,-1.054294066477874159e+00,1.178085286825407835e-01,1.266845771218687577e-01,0.000000000000000000e+00,0.000000000000000000e+00,0.000000000000000000e+00
4.840000,1.000000000000000000e+00,0.000000000000000000e+00,7.307691733409693580e-01,6.123138712637530526e-17,5.578671872120013683e-03,-3.415951325842573744e-19,9.999844390890006984e-01,-3.694739064662845296e-01,2.224319208528226233e-01,-2.131915929378987856e-02,7.961066749019141131e-01,-4.248638417056452843e-01,-8.000000000000000167e-02,-3.694739064662845296e-01,-2.224319208528226233e-01,2.131915929378987856e-02,7.961066749019141131e-01,-4.248638417056452843e-01,8.000000000000000167e-02,0.000000000000000000e+00,0.000000000000000000e+00,-2.399683575776960509e-02,6.128112222674536591e-01,1.056074598661878028e+00,-1.179650802066187915e-01,1.262086747070435555e-01,0.000000000000000000e+00,0.000000000000000000e+00,0.000000000000000000e+00,6.128112222674536591e-01,-1.056074598661878028e+00,1.179650802066187915e-01,1.262086747070435555e-01,0.000000000000000000e+00,0.000000000000000000e+00,0.000000000000000000e+00
4.850000,1.000000000000000000e+00,0.000000000000000000e+00,7.310356098245293088e-01,6.123140139286315875e-17,5.536750689484643863e-03,-3.390282004777134897e-19,9.999846720784286713e-01,-3.687903242351225908e-01,2.222572330209567348e-01,-2.234982196716379585e-02,7.949386585500626268e-01,-4.245144660419134519e-01,-8.000000000000000167e-02,-3.687903242351225908e-01,-2.222572330209567348e-01,2.234982196716379585e-02,7.949386585500626268e-01,-4.245144660419134519e-01,8.000000000000000167e-02,0.000000000000000000e+00,0.000000000000000000e+00,-2.372431608692546906e-02,6.133435528190515074e-01,1.057797937808407696e+00,-1.181160379581088909e-01,1.257495900861272942e-01,0.000000000000000000e+00,0.000000000000000000e+00,0.000000000000000000e+00,6.133435528190515074e-01,-1.057797937808407696e+00,1.181160379581088909e-01,1.257495900861272942e-01,0.000000000000000000e+00,0.000000000000000000e+00,0.000000000000000000e+00
4.860000,1.000000000000000000e+00,0.000000000000000000e+00,7.312932831539662448e-01,6.123141506727894168e-17,5.496269160038017368e-03,-3.365494217046434753e-19,9.999848953985857047e-01,-3.681298846174858030e-01,2.220883626568519453e-01,-2.341302486644238762e-02,7.938109047538209895e-01,-4.241767253137038729e-01,-8.000000000000000167e-02,-3.681298846174858030e-01,-2.220883626568519453e-01,2.341302486644238762e-02,7.938109047538209895e-01,-4.241767253137038729e-01,8.000000000000000167e-02,0.000000000000000000e+00,0.000000000000000000e+00,-2.346019983029384859e-02,6.138561856299613595e-01,1.059463299753602206e+00,-1.182613773196933699e-01,1.253074127437068253e-01,0.000000000000000000e+00,0.000000000000000000e+00,0.000000000000000000e+00,6.138561856299613595e-01,-1.059463299753602206e+00,1.182613773196933699e-01,1.253074127437068253e-01,0.000000000000000000e+00,0.000000000000000000e+00,0.000000000000000000e+00
4.870000,1.000000000000000000e+00,0.000000000000000000e+00,7.315420557325245099e-01,6.123142815475466262e-17,5.457243965047077483e-03,-3.341598176980556891e-19,9.999851091332840891e-01,-3.674928867988157544e-01,2.219253941011826436e-01,-2.450927108307938279e-02,7.927238659822940514e-01,-4.238507882023652695e-01,-8.000000000000000167e-02,-3.674928867988157544e-01,-2.219253941011826436e-01,2.450927108307938279e-02,7.927238659822940514e-01,-4.238507882023652695e-01,8.000000000000000167e-02,0.000000000000000000e+00,0.000000000000000000e+00,-2.320462451328438730e-02,6.143490245267657635e-01,1.061069900333601268e+00,-1.184010736740545161e-01,1.248822321643689309e-01,0.000000000000000000e+00,0.000000000000000000e+00,0.000000000000000000e+00,6.143490245267657635e-01,-1.061069900333601268e+00,1.184010736740545161e-01,1.248822321643689309e-01,0.000000000000000000e+00,0.000000000000000000e+00,0.000000000000000000e+00
4.880000,1.000000000000000000e+00,0.000000000000000000e+00,7.317817899634481149e-01,6.123144066019508891e-17,5.419691785744557011e-03,-3.318604098888637511e-19,9.999853133626250834e-01,-3.668796299645542547e-01,2.217684116946231632e-01,-2.563906370852840969e-02,7.916779947045868848e-01,-4.235368233892463641e-01,-8.000000000000000167e-02,-3.668796299645542547e-01,-2.217684116946231632e-01,2.563906370852840969e-02,7.916779947045868848e-01,-4.235368233892463641e-01,8.000000000000000167e-02,0.000000000000000000e+00,0.000000000000000000e+00,-2.295772766130673229e-02,6.148219733360472672e-01,1.062616955384543926e+00,-1.185351024038746592e-01,1.244741378327003656e-01,0.000000000000000000e+00,0.000000000000000000e+00,0.000000000000000000e+00,6.148219733360472672e-01,-1.062616955384543926e+00,1.185351024038746592e-01,1.244741378327003656e-01,0.000000000000000000e+00,0.000000000000000000e+00,0.000000000000000000e+00
4.890000,1.000000000000000000e+00,0.000000000000000000e+00,7.320123482499809597e-01,6.123145258826290618e-17,5.383629303328656482e-03,-3.296522197058667066e-19,9.999855081627555542e-01,-3.662904133001427254e-01,2.216174997778478928e-01,-2.680290583424309314e-02,7.906737433898043399e-01,-4.232349995556957678e-01,-8.000000000000000167e-02,-3.662904133001427254e-01,-2.216174997778478928e-01,2.680290583424309314e-02,7.906737433898043399e-01,-4.232349995556957678e-01,8.000000000000000167e-02,0.000000000000000000e+00,0.000000000000000000e+00,-2.271964679977055146e-02,6.152749358843884186e-01,1.064103680742569669e+00,-1.186634388918360455e-01,1.240832192332879252e-01,0.000000000000000000e+00,0.000000000000000000e+00,0.000000000000000000e+00,6.152749358843884186e-01,-1.064103680742569669e+00,1.186634388918360455e-01,1.240832192332879252e-01,0.000000000000000000e+00,0.000000000000000000e+00,0.000000000000000000e+00
4.900000,1.000000000000000000e+00,0.000000000000000000e+00,7.322335929953673883e-01,6.123146394336339722e-17,5.349073198962678126e-03,-3.275362685757268300e-19,9.999856936056196188e-01,-3.657255359910229764e-01,2.214727426915311381e-01,-2.800130055167717597e-02,7.897115645070514889e-01,-4.229454853830622585e-01,-8.000000000000000167e-02,-3.657255359910229764e-01,-2.214727426915311381e-01,2.800130055167717597e-02,7.897115645070514889e-01,-4.229454853830622585e-01,8.000000000000000167e-02,0.000000000000000000e+00,0.000000000000000000e+00,-2.249051945408549191e-02,6.157078159983717658e-01,1.065529292243817983e+00,-1.187860585206210184e-01,1.237095658507183782e-01,0.000000000000000000e+00,0.000000000000000000e+00,0.000000000000000000e+00,6.157078159983717658e-01,-1.065529292243817983e+00,1.187860585206210184e-01,1.237095658507183782e-01,0.000000000000000000e+00,0.000000000000000000e+00,0.000000000000000000e+00
4.910000,1.000000000000000000e+00,0.000000000000000000e+00,7.324453866028514115e-01,6.123147472962930572e-17,5.316040153774703216e-03,-3.255135779229496907e-19,9.999858697587098444e-01,-3.651852972226364846e-01,2.213342247763473158e-01,-2.923475095228407830e-02,7.887919105254335150e-01,-4.226684495526946139e-01,-8.000000000000000167e-02,-3.651852972226364846e-01,-2.213342247763473158e-01,2.923475095228407830e-02,7.887919105254335150e-01,-4.226684495526946139e-01,8.000000000000000167e-02,0.000000000000000000e+00,0.000000000000000000e+00,-2.227048314966124237e-02,6.161205175045797455e-01,1.066893005724427468e+00,-1.189029366729118242e-01,1.233532671695785898e-01,0.000000000000000000e+00,0.000000000000000000e+00,0.000000000000000000e+00,6.161205175045797455e-01,-1.066893005724427468e+00,1.189029366729118242e-01,1.233532671695785898e-01,0.000000000000000000e+00,0.000000000000000000e+00,0.000000000000000000e+00
4.920000,1.000000000000000000e+00,0.000000000000000000e+00,7.326475914756772623e-01,6.123148495090525622e-17,5.284546848857194813e-03,-3.235851691698597910e-19,9.999860366848140059e-01,-3.646699961804249490e-01,2.212020303729707593e-01,-3.050376012751752908e-02,7.879152339140554906e-01,-4.224040607459415009e-01,-8.000000000000000167e-02,-3.646699961804249490e-01,-2.212020303729707593e-01,3.050376012751752908e-02,7.879152339140554906e-01,-4.224040607459415009e-01,8.000000000000000167e-02,0.000000000000000000e+00,0.000000000000000000e+00,-2.205967541190744299e-02,6.165129442295950168e-01,1.068194037020538056e+00,-1.190140487313907786e-01,1.230144126744553007e-01,0.000000000000000000e+00,0.000000000000000000e+00,0.000000000000000000e+00,6.165129442295950168e-01,-1.068194037020538056e+00,1.190140487313907786e-01,1.230144126744553007e-01,0.000000000000000000e+00,0.000000000000000000e+00,0.000000000000000000e+00
4.930000,1.000000000000000000e+00,0.000000000000000000e+00,7.328400700170888404e-01,6.123149461073218648e-17,5.254609965266628276e-03,-3.217520637365780804e-19,9.999861944417597348e-01,-3.641799320498300685e-01,2.210762438220757742e-01,-3.180883116883116701e-02,7.870819871420222658e-01,-4.221524876441515861e-01,-8.000000000000000167e-02,-3.641799320498300685e-01,-2.210762438220757742e-01,3.180883116883116701e-02,7.870819871420222658e-01,-4.221524876441515861e-01,8.000000000000000167e-02,0.000000000000000000e+00,0.000000000000000000e+00,-2.185823376623376169e-02,6.168850000000000167e-01,1.069431601968288792e+00,-1.191193700787401555e-01,1.226930918499353068e-01,0.000000000000000000e+00,0.000000000000000000e+00,0.000000000000000000e+00,6.168850000000000167e-01,-1.069431601968288792e+00,1.191193700787401555e-01,1.226930918499353068e-01,0.000000000000000000e+00,0.000000000000000000e+00,0.000000000000000000e+00
4.940000,1.000000000000000000e+00,0.000000000000000000e+00,7.330226846303302679e-01,6.123150371233148397e-17,5.226246184023091400e-03,-3.200152830409974000e-19,9.999863430821562815e-01,-3.637154040162934310e-01,2.209569494643367771e-01,-3.315046716767873491e-02,7.862926226784388017e-01,-4.219138989286735364e-01,-8.000000000000000167e-02,-3.637154040162934310e-01,-2.209569494643367771e-01,3.315046716767873491e-02,7.862926226784388017e-01,-4.219138989286735364e-01,8.000000000000000167e-02,0.000000000000000000e+00,0.000000000000000000e+00,-2.166629573804984554e-02,6.172365886423772929e-01,1.070604916403819384e+00,-1.192188760976422707e-01,1.223893941806053903e-01,0.000000000000000000e+00,0.000000000000000000e+00,0.000000000000000000e+00,6.172365886423772929e-01,-1.070604916403819384e+00,1.192188760976422707e-01,1.223893941806053903e-01,0.000000000000000000e+00,0.000000000000000000e+00,0.000000000000000000e+00
4.950000,1.000000000000000000e+00,0.000000000000000000e+00,7.331952977186456666e-01,6.123151225858901142e-17,5.199472186109856814e-03,-3.183758484987563860e-19,9.999864826531336126e-01,-3.632767112652566799e-01,2.208442316404281291e-01,-3.452917121551363211e-02,7.855475929924103928e-01,-4.216884632808561850e-01,-8.000000000000000167e-02,-3.632767112652566799e-01,-2.208442316404281291e-01,3.452917121551363211e-02,7.855475929924103928e-01,-4.216884632808561850e-01,8.000000000000000167e-02,0.000000000000000000e+00,0.000000000000000000e+00,-2.148399885276537982e-02,6.175676139833096157e-01,1.071713196163268433e+00,-1.193125421707794259e-01,1.221034091510523611e-01,0.000000000000000000e+00,0.000000000000000000e+00,0.000000000000000000e+00,6.175676139833096157e-01,-1.071713196163268433e+00,1.193125421707794259e-01,1.221034091510523611e-01,0.000000000000000000e+00,0.000000000000000000e+00,0.000000000000000000e+00
4.960000,1.000000000000000000e+00,0.000000000000000000e+00,7.333577716852792694e-01,6.123152025203899681e-17,5.174304652472926612e-03,-3.168347815232113516e-19,9.999866131960785109e-01,-3.628641529821614031e-01,2.207381746910241360e-01,-3.594544640378961181e-02,7.848473505530421113e-01,-4.214763493820482543e-01,-8.000000000000000167e-02,-3.628641529821614031e-01,-2.207381746910241360e-01,3.594544640378961181e-02,7.848473505530421113e-01,-4.214763493820482543e-01,8.000000000000000167e-02,0.000000000000000000e+00,0.000000000000000000e+00,-2.131148063579001162e-02,6.178779798493791997e-01,1.072755657082775649e+00,-1.194003436808339091e-01,1.218352262458630153e-01,0.000000000000000000e+00,0.000000000000000000e+00,0.000000000000000000e+00,6.178779798493791997e-01,-1.072755657082775649e+00,1.194003436808339091e-01,1.218352262458630153e-01,0.000000000000000000e+00,0.000000000000000000e+00,0.000000000000000000e+00
4.970000,1.000000000000000000e+00,0.000000000000000000e+00,7.335099689334749762e-01,6.123152769484762754e-17,5.150760264020543162e-03,-3.153931035254067237e-19,9.999867347463677891e-01,-3.624780283524492441e-01,2.206388629567992143e-01,-3.739979582396028845e-02,7.841923478294385852e-01,-4.212777259135983554e-01,-8.000000000000000167e-02,-3.624780283524492441e-01,-2.206388629567992143e-01,3.739979582396028845e-02,7.841923478294385852e-01,-4.212777259135983554e-01,8.000000000000000167e-02,0.000000000000000000e+00,0.000000000000000000e+00,-2.114887861253340884e-02,6.181675900671688151e-01,1.073731514998480518e+00,-1.194822560104879944e-01,1.215849349496241211e-01,0.000000000000000000e+00,0.000000000000000000e+00,0.000000000000000000e+00,6.181675900671688151e-01,-1.073731514998480518e+00,1.194822560104879944e-01,1.215849349496241211e-01,0.000000000000000000e+00,0.000000000000000000e+00,0.000000000000000000e+00
4.980000,1.000000000000000000e+00,0.000000000000000000e+00,7.336517518664771309e-01,6.123153458879666921e-17,5.128855701622679966e-03,-3.140518359140433610e-19,9.999868473330996155e-01,-3.621186365615618463e-01,2.205463807784276697e-01,-3.889272256747944301e-02,7.835830372907051089e-01,-4.210927615568553217e-01,-8.000000000000000167e-02,-3.621186365615618463e-01,-2.205463807784276697e-01,3.889272256747944301e-02,7.835830372907051089e-01,-4.210927615568553217e-01,8.000000000000000167e-02,0.000000000000000000e+00,0.000000000000000000e+00,-2.099633030840519776e-02,6.184363484632606767e-01,1.074639985746522086e+00,-1.195582545424240112e-01,1.213526247469224328e-01,0.000000000000000000e+00,0.000000000000000000e+00,0.000000000000000000e+00,6.184363484632606767e-01,-1.074639985746522086e+00,1.195582545424240112e-01,1.213526247469224328e-01,0.000000000000000000e+00,0.000000000000000000e+00,0.000000000000000000e+00
4.990000,1.000000000000000000e+00,0.000000000000000000e+00,7.337829828875296334e-01,6.123154093526669006e-17,5.108607646110481341e-03,-3.128120000954447547e-19,9.999869509788206212e-01,-3.617862767949409086e-01,2.204608124965838911e-01,-4.042472972580043317e-02,7.830198714059468657e-01,-4.209216249931677645e-01,-8.000000000000000167e-02,-3.617862767949409086e-01,-2.204608124965838911e-01,4.042472972580043317e-02,7.830198714059468657e-01,-4.209216249931677645e-01,8.000000000000000167e-02,0.000000000000000000e+00,0.000000000000000000e+00,-2.085397324881508446e-02,6.186841588642377765e-01,1.075480285163039840e+00,-1.196283146593242197e-01,1.211383851223448299e-01,0.000000000000000000e+00,0.000000000000000000e+00,0.000000000000000000e+00,6.186841588642377765e-01,-1.075480285163039840e+00,1.196283146593242197e-01,1.211383851223448299e-01,0.000000000000000000e+00,0.000000000000000000e+00,0.000000000000000000e+00
5.000000,1.000000000000000000e+00,0.000000000000000000e+00,7.339035243998766056e-01,6.123154673522029758e-17,5.090032778275654403e-03,-3.116746174735194722e-19,9.999870456992511203e-01,-3.614812482380279635e-01,2.203822424519422118e-01,-4.199632039037701908e-02,7.825033026442685946e-01,-4.207644849038844059e-01,-8.000000000000000167e-02,-3.614812482380279635e-01,-2.203822424519422118e-01,4.199632039037701908e-02,7.825033026442685946e-01,-4.207644849038844059e-01,8.000000000000000167e-02,0.000000000000000000e+00,0.000000000000000000e+00,-2.072194495917271950e-02,6.189109250966823295e-01,1.076251629084173045e+00,-1.196924117438709217e-01,1.209423055604780528e-01,0.000000000000000000e+00,0.000000000000000000e+00,0.000000000000000000e+00,6.189109250966823295e-01,-1.076251629084173045e+00,1.196924117438709217e-01,1.209423055604780528e-01,0.000000000000000000e+00,0.000000000000000000e+00,0.000000000000000000e+00
5.010000,1.000000000000000000e+00,0.000000000000000000e+00,7.340132388067621694e-01,6.123155198918509182e-17,5.073147778869824612e-03,-3.106407094497217721e-19,9.999871315030077756e-01,-3.612038500762647097e-01,2.203107549851770208e-01,-4.360799765266283601e-02,7.820337834747754790e-01,-4.206215099703539684e-01,-8.000000000000000167e-02,-3.612038500762647097e-01,-2.203107549851770208e-01,4.360799765266283601e-02,7.820337834747754790e-01,-4.206215099703539684e-01,8.000000000000000167e-02,0.000000000000000000e+00,0.000000000000000000e+00,-2.060038296488774651e-02,6.191165509871768835e-01,1.076953233346060745e+00,-1.197505211787464191e-01,1.207644755459088975e-01,0.000000000000000000e+00,0.000000000000000000e+00,0.000000000000000000e+00,6.191165509871768835e-01,-1.076953233346060745e+00,1.197505211787464191e-01,1.207644755459088975e-01,0.000000000000000000e+00,0.000000000000000000e+00,0.000000000000000000e+00
5.020000,1.000000000000000000e+00,0.000000000000000000e+00,7.341119885114304466e-01,6.123155669723653226e-17,5.057969328603835815e-03,-3.097112974230087523e-19,9.999872083913228238e-01,-3.609543814950927354e-01,2.202464344369625959e-01,-4.526026460411167185e-02,7.816117663665727022e-01,-4.204928688739252296e-01,-8.000000000000000167e-02,-3.609543814950927354e-01,-2.202464344369625959e-01,4.526026460411167185e-02,7.816117663665727022e-01,-4.204928688739252296e-01,8.000000000000000167e-02,0.000000000000000000e+00,0.000000000000000000e+00,-2.048942479136982298e-02,6.193009403623042086e-01,1.077584313784842651e+00,-1.198026183466329858e-01,1.206049845632241463e-01,0.000000000000000000e+00,0.000000000000000000e+00,0.000000000000000000e+00,6.193009403623042086e-01,-1.077584313784842651e+00,1.198026183466329858e-01,1.206049845632241463e-01,0.000000000000000000e+00,0.000000000000000000e+00,0.000000000000000000e+00
5.030000,1.000000000000000000e+00,0.000000000000000000e+00,7.341996359171255593e-01,6.123156085898058287e-17,5.044514108146993907e-03,-3.088874027897940794e-19,9.999872763577608570e-01,-3.607331416799537394e-01,2.201893651479734093e-01,-4.695362433617684267e-02,7.812377037887650033e-01,-4.203787302959468564e-01,-8.000000000000000167e-02,-3.607331416799537394e-01,-2.201893651479734093e-01,4.695362433617684267e-02,7.812377037887650033e-01,-4.203787302959468564e-01,8.000000000000000167e-02,0.000000000000000000e+00,0.000000000000000000e+00,-2.038920796402863417e-02,6.194639970486465197e-01,1.078144086236657806e+00,-1.198486786302129375e-01,1.204639220970106089e-01,0.000000000000000000e+00,0.000000000000000000e+00,0.000000000000000000e+00,6.194639970486465197e-01,-1.078144086236657806e+00,1.198486786302129375e-01,1.204639220970106089e-01,0.000000000000000000e+00,0.000000000000000000e+00,0.000000000000000000e+00
5.040000,1.000000000000000000e+00,0.000000000000000000e+00,7.342760434270915182e-01,6.123156447353612300e-17,5.032798798126241965e-03,-3.081700469438974332e-19,9.999873353879326077e-01,-3.605404298162893095e-01,2.201396314588837388e-01,-4.868857994031214331e-02,7.809120482104574545e-01,-4.202792629177674599e-01,-8.000000000000000167e-02,-3.605404298162893095e-01,-2.201396314588837388e-01,4.868857994031214331e-02,7.809120482104574545e-01,-4.202792629177674599e-01,8.000000000000000167e-02,0.000000000000000000e+00,0.000000000000000000e+00,-2.029987000827383065e-02,6.196056248727863647e-01,1.078631766537645698e+00,-1.198886774121685761e-01,1.203413776318550815e-01,0.000000000000000000e+00,0.000000000000000000e+00,0.000000000000000000e+00,6.196056248727863647e-01,-1.078631766537645698e+00,1.198886774121685761e-01,1.203413776318550815e-01,0.000000000000000000e+00,0.000000000000000000e+00,0.000000000000000000e+00
5.050000,1.000000000000000000e+00,0.000000000000000000e+00,7.343410734445725563e-01,6.123156753951739520e-17,5.022840079125281618e-03,-3.075602512764907249e-19,9.999873854592065126e-01,-3.603765450895410338e-01,2.200973177103679734e-01,-5.046563450797118822e-02,7.806352521007553502e-01,-4.201946354207359291e-01,-8.000000000000000167e-02,-3.603765450895410338e-01,-2.200973177103679734e-01,5.046563450797118822e-02,7.806352521007553502e-01,-4.201946354207359291e-01,8.000000000000000167e-02,0.000000000000000000e+00,0.000000000000000000e+00,-2.022154844951506644e-02,6.197257276613067356e-01,1.079046570523945592e+00,-1.199225900751821894e-01,1.202374406523443184e-01,0.000000000000000000e+00,0.000000000000000000e+00,0.000000000000000000e+00,6.197257276613067356e-01,-1.079046570523945592e+00,1.199225900751821894e-01,1.202374406523443184e-01,0.000000000000000000e+00,0.000000000000000000e+00,0.000000000000000000e+00
5.060000,1.000000000000000000e+00,0.000000000000000000e+00,7.343945883728127955e-01,6.123157005501600937e-17,5.014654631683610267e-03,-3.070590371760391157e-19,9.999874265404165019e-01,-3.602417866851505557e-01,2.200625082431004464e-01,-5.228529113060778610e-02,7.804077679287635405e-01,-4.201250164862009306e-01,-8.000000000000000167e-02,-3.602417866851505557e-01,-2.200625082431004464e-01,5.228529113060778610e-02,7.804077679287635405e-01,-4.201250164862009306e-01,8.000000000000000167e-02,0.000000000000000000e+00,0.000000000000000000e+00,-2.015438081316199559e-02,6.198242092407897363e-01,1.079387714031696754e+00,-1.199503920019360237e-01,1.201522006430651435e-01,0.000000000000000000e+00,0.000000000000000000e+00,0.000000000000000000e+00,6.198242092407897363e-01,-1.079387714031696754e+00,1.199503920019360237e-01,1.201522006430651435e-01,0.000000000000000000e+00,0.000000000000000000e+00,0.000000000000000000e+00
5.070000,1.000000000000000000e+00,0.000000000000000000e+00,7.344364506150561356e-01,6.123157201758304543e-17,5.008259136295500208e-03,-3.066674260282386165e-19,9.999874585915684566e-01,-3.601364537885596295e-01,2.200352873977555468e-01,-5.414805289967523222e-02,7.802300481635870977e-01,-4.200705747955110758e-01,-8.000000000000000167e-02,-3.601364537885596295e-01,-2.200352873977555468e-01,5.414805289967523222e-02,7.802300481635870977e-01,-4.200705747955110758e-01,8.000000000000000167e-02,0.000000000000000000e+00,0.000000000000000000e+00,-2.009850462462429987e-02,6.199009734378180259e-01,1.079654412897038451e+00,-1.199720585751124780e-01,1.200857470886043249e-01,0.000000000000000000e+00,0.000000000000000000e+00,0.000000000000000000e+00,6.199009734378180259e-01,-1.079654412897038451e+00,1.199720585751124780e-01,1.200857470886043249e-01,0.000000000000000000e+00,0.000000000000000000e+00,0.000000000000000000e+00
5.080000,1.000000000000000000e+00,0.000000000000000000e+00,7.344665225745466985e-01,6.123157342421072466e-17,5.003670273408869322e-03,-3.063864392159466583e-19,9.999874815635418912e-01,-3.600608455852098433e-01,2.200157395150075801e-01,-5.605442290662733529e-02,7.801025452743309829e-01,-4.200314790300151424e-01,-8.000000000000000167e-02,-3.600608455852098433e-01,-2.200157395150075801e-01,5.605442290662733529e-02,7.801025452743309829e-01,-4.200314790300151424e-01,8.000000000000000167e-02,0.000000000000000000e+00,0.000000000000000000e+00,-2.005405740931162986e-02,6.199559240789741521e-01,1.079845882956110170e+00,-1.199875651773937152e-01,1.200381694735486587e-01,0.000000000000000000e+00,0.000000000000000000e+00,0.000000000000000000e+00,6.199559240789741521e-01,-1.079845882956110170e+00,1.199875651773937152e-01,1.200381694735486587e-01,0.000000000000000000e+00,0.000000000000000000e+00,0.000000000000000000e+00
5.090000,1.000000000000000000e+00,0.000000000000000000e+00,7.344846666545287173e-01,6.123157427131416729e-17,5.000904723424094526e-03,-3.062170981191098696e-19,9.999874953977910819e-01,-3.600152612605427294e-01,2.200039489355309630e-01,-5.800490424291770974e-02,7.800257117301001575e-01,-4.200078978710619082e-01,-8.000000000000000167e-02,-3.600152612605427294e-01,-2.200039489355309630e-01,5.800490424291770974e-02,7.800257117301001575e-01,-4.200078978710619082e-01,8.000000000000000167e-02,0.000000000000000000e+00,0.000000000000000000e+00,-2.002117669263363958e-02,6.199889649908406630e-01,1.079961340045050733e+00,-1.199968871914621621e-01,1.200095572824849688e-01,0.000000000000000000e+00,0.000000000000000000e+00,0.000000000000000000e+00,6.199889649908406630e-01,-1.079961340045050733e+00,1.199968871914621621e-01,1.200095572824849688e-01,0.000000000000000000e+00,0.000000000000000000e+00,0.000000000000000000e+00
5.100000,1.000000000000000000e+00,0.000000000000000000e+00,7.344907452582464247e-01,6.123157455471278029e-17,4.999979166692708997e-03,-3.061604241146838135e-19,9.999875000260416424e-01,-3.599999999999999867e-01,2.200000000000000011e-01,-6.000000000000017125e-02,7.800000000000000266e-01,-4.199999999999999289e-01,-8.000000000000000167e-02,-3.599999999999999867e-01,-2.200000000000000011e-01,6.000000000000017125e-02,7.800000000000000266e-01,-4.199999999999999289e-01,8.000000000000000167e-02,0.000000000000000000e+00,0.000000000000000000e+00,-1.999999999999999695e-02,6.199999999999999956e-01,1.080000000000000071e+00,-1.199999999999999956e-01,1.199999999999999956e-01,0.000000000000000000e+00,0.000000000000000000e+00,0.000000000000000000e+00,6.199999999999999956e-01,-1.080000000000000071e+00,1.199999999999999956e-01,1.199999999999999956e-01,0.000000000000000000e+00,0.000000000000000000e+00,0.000000000000000000e+00
