0.000000,0.000000000000000000e+00,0.000000000000000000e+00,7.594907452582463359e-01,1.000000000000000000e+00,0.000000000000000000e+00,0.000000000000000000e+00,0.000000000000000000e+00,-3.119999999999999996e-01,0.000000000000000000e+00,0.000000000000000000e+00,6.690000000000000391e-01,-3.629999999999999893e-01,0.000000000000000000e+00,-3.119999999999999996e-01,0.000000000000000000e+00,0.000000000000000000e+00,6.690000000000000391e-01,-3.629999999999999893e-01,0.000000000000000000e+00,0.000000000000000000e+00,0.000000000000000000e+00,0.000000000000000000e+00,2.000000000000000111e-01,2.000000000000000111e-01,0.000000000000000000e+00,5.999999999999999778e-01,0.000000000000000000e+00,0.000000000000000000e+00,0.000000000000000000e+00,2.000000000000000111e-01,-2.000000000000000111e-01,0.000000000000000000e+00,5.999999999999999778e-01,0.000000000000000000e+00,0.000000000000000000e+00,0.000000000000000000e+00
0.010000,0.000000000000000000e+00,0.000000000000000000e+00,7.590310059942469989e-01,1.000000000000000000e+00,0.000000000000000000e+00,0.000000000000000000e+00,0.000000000000000000e+00,-3.158557091521704274e-01,8.422663263157403167e-07,-4.621184169948289033e-07,6.756571866069835952e-01,-3.668744691254656742e-01,-1.038799309931797062e-06,-3.158557091521704274e-01,-8.422663263157403167e-07,4.621184169948289033e-07,6.756571866069835952e-01,-3.668744691254656742e-01,1.038799309931797062e-06,3.147857845220425167e-09,4.295219550413953027e-08,1.936937673838946784e-03,1.919096302039950686e-01,2.002034623685318426e-01,-1.485634912165239392e-03,5.715096517186681879e-01,8.279636452572530390e-05,1.037320057773486771e-02,6.164974560848062368e-04,1.919096820666280345e-01,-2.002034956970585033e-01,1.485635781139816583e-03,5.715095065844201239e-01,-8.282592446110075013e-05,1.037329129083026935e-02,-6.165414211930282272e-04
0.020000,0.000000000000000000e+00,0.000000000000000000e+00,7.586000442281561895e-01,1.000000000000000000e+00,0.000000000000000000e+00,0.000000000000000000e+00,0.000000000000000000e+00,-3.232651390620042697e-01,9.777992509025633817e-07,-5.453898691021573515e-07,6.888257920370144394e-01,-3.744445566027270189e-01,-1.219362776662469120e-06,-3.232651390620042697e-01,-9.777992509024683022e-07,5.453898691021099177e-07,6.888257920370144394e-01,-3.744445566027270189e-01,1.219362776662384628e-06,5.751526142155904467e-09,5.888789819443341356e-08,5.880678802329423679e-03,1.789567882747125638e-01,2.008918715472336192e-01,-4.232755178635614485e-03,5.133753909956287886e-01,-1.062499918936826460e-04,3.706205092606444651e-02,1.823205599372672422e-03,1.789568899767480792e-01,-2.008919168840681835e-01,4.232762680380922765e-03,5.133751044350652881e-01,1.062084755545955367e-04,3.706223630390985402e-02,-1.823267784703828769e-03
0.030000,0.000000000000000000e+00,0.000000000000000000e+00,7.581927815779899715e-01,1.000000000000000000e+00,0.000000000000000000e+00,0.000000000000000000e+00,0.000000000000000000e+00,-3.295206038705589813e-01,9.086250092451468509e-07,-5.137477877208862070e-07,6.999182855424265215e-01,-3.808371544920035046e-01,-1.137385498055723356e-06,-3.295206038705589813e-01,-9.086250092451181576e-07,5.137477877208766779e-07,6.999182855424265215e-01,-3.808371544920035046e-01,1.137385498055664487e-06,3.853944887353965127e-09,4.938981356290840179e-08,9.456070906545916907e-03,1.642219528754433056e-01,2.016961347395224979e-01,-6.193612674346451324e-03,4.669860043045247489e-01,-3.172615430547575180e-04,6.002714766988276329e-02,2.764266050797351167e-03,1.642220457917566712e-01,-2.016961727139438276e-01,6.193623655237445562e-03,4.669857308584264843e-01,3.172248661243328013e-04,6.002733004868474748e-02,-2.764317882339704414e-03
0.040000,0.000000000000000000e+00,0.000000000000000000e+00,7.578041396617646308e-01,1.000000000000000000e+00,0.000000000000000000e+00,0.000000000000000000e+00,0.000000000000000000e+00,-3.354308930204024652e-01,9.076319228241203544e-07,-5.194818989706149945e-07,7.103158139694623063e-01,-3.868572004379194906e-01,-1.138607403166532665e-06,-3.354308930204023542e-01,-9.076319228240063225e-07,5.194818989705483965e-07,7.103158139694623063e-01,-3.868572004379194351e-01,1.138607403166445421e-06,6.874663329922696110e-10,3.782497292276689155e-08,1.299236612233663560e-02,1.450472519737022181e-01,2.026049086861831661e-01,-7.564158030900876122e-03,4.293487952588066481e-01,-4.731930085980341847e-04,7.921736478982742413e-02,3.503975126917238756e-03,1.450473199578452832e-01,-2.026049374850647788e-01,7.564170938449243063e-03,4.293485795037894626e-01,4.731624743881272040e-04,7.921751390508370572e-02,-3.504013597102050362e-03
0.050000,0.000000000000000000e+00,0.000000000000000000e+00,7.574290400974963422e-01,1.000000000000000000e+00,0.000000000000000000e+00,0.000000000000000000e+00,0.000000000000000000e+00,-3.411597516533044772e-01,9.331189746079425629e-07,-5.402006436671833247e-07,7.203332152531354282e-01,-3.926765833856283305e-01,-1.172988798496057491e-06,-3.411597516533050323e-01,-9.331189746079613035e-07,5.402006436671784542e-07,7.203332152531365384e-01,-3.926765833856288856e-01,1.172988798496082690e-06,-2.713450156927033808e-09,2.735581535209828270e-08,1.652601556106737118e-02,1.216651461909841192e-01,2.036099168829817452e-01,-8.417061165391074087e-03,3.994350853350226438e-01,-5.816650576450999380e-04,9.491707143588330731e-02,4.048592066485069349e-03,1.216651885864344362e-01,-2.036099370878620973e-01,8.417075597214242894e-03,3.994349313648147826e-01,5.816402111526795642e-04,9.491718312296093529e-02,-4.048618317417844968e-03
0.060000,0.000000000000000000e+00,0.000000000000000000e+00,7.570624045032011695e-01,1.000000000000000000e+00,0.000000000000000000e+00,0.000000000000000000e+00,0.000000000000000000e+00,-3.467648498590601980e-01,9.688228801788325117e-07,-5.669863272105779897e-07,7.300870448949435820e-01,-3.983560276284495716e-01,-1.220368921429988459e-06,-3.467648498590603645e-01,-9.688228801928443425e-07,5.669863272183190238e-07,7.300870448949439151e-01,-3.983560276284496271e-01,1.220368921445863127e-06,-6.106072181037702608e-09,1.842222804445093680e-08,2.006197249658118673e-02,9.461023902918387629e-02,2.047024019537852513e-01,-8.815104355972229813e-03,3.764475480153557374e-01,-6.497891185048652180e-04,1.073471562428792575e-01,4.402247202588638331e-03,9.461025930226422964e-02,-2.047024144866773088e-01,8.815120321004350779e-03,3.764474482541310119e-01,6.497692360394853942e-04,1.073472343640572702e-01,-4.402263063285347458e-03
0.070000,0.000000000000000000e+00,0.000000000000000000e+00,7.566991544968951766e-01,1.000000000000000000e+00,0.000000000000000000e+00,0.000000000000000000e+00,0.000000000000000000e+00,-3.522846387178605876e-01,1.010514495097231191e-06,-5.975684119554174598e-07,7.396552878314155421e-01,-4.039352192083063287e-01,-1.275494462959059971e-06,-3.522846387178600880e-01,-1.010514495111147942e-06,5.975684119632011632e-07,7.396552878314145429e-01,-4.039352192083058846e-01,1.275494462974951368e-06,-9.463516365861012971e-09,1.084299687988501284e-08,2.360243136365583125e-02,6.440263608272012164e-02,2.058745884434119433e-01,-8.815434481190325897e-03,3.597246448062804136e-01,-6.786545496664502658e-04,1.166484927603485822e-01,4.570625612953915090e-03,6.440263790341271832e-02,-2.058745940623810111e-01,8.815452084668887883e-03,3.597245904786832704e-01,6.786389562522559442e-04,1.166485423349078177e-01,-4.570632749020179034e-03
0.080000,0.000000000000000000e+00,0.000000000000000000e+00,7.563342116965945383e-01,1.000000000000000000e+00,0.000000000000000000e+00,0.000000000000000000e+00,0.000000000000000000e+00,-3.577529262626633066e-01,1.056815716520630105e-06,-6.312680418153138943e-07,7.491061628286073137e-01,-4.094485733537929772e-01,-1.336700503855159246e-06,-3.577529262626630846e-01,-1.056815716534546857e-06,6.312680418231782776e-07,7.491061628286068697e-01,-4.094485733537927552e-01,1.336700503870986692e-06,-1.280563043559897196e-08,4.341695969279849577e-09,2.714882149535694650e-02,3.152249823426755276e-02,2.071190132809163642e-01,-8.471170901388281813e-03,3.487007805286811979e-01,-6.645718662228390942e-04,1.229091482378989464e-01,4.561310885296522566e-03,3.152248451336634588e-02,-2.071190124992698389e-01,8.471190238151677168e-03,3.487007644832533781e-01,6.645600012690425088e-04,1.229091734600853691e-01,-4.561310651913730307e-03
0.090000,0.000000000000000000e+00,0.000000000000000000e+00,7.559624977203154295e-01,1.000000000000000000e+00,0.000000000000000000e+00,0.000000000000000000e+00,0.000000000000000000e+00,-3.616868499932431313e-01,1.431458545617474787e-06,-8.583497134059892686e-07,7.557860507951701390e-01,-4.133714622398997340e-01,-1.808110679958761024e-06,-3.616868499932429648e-01,-1.431458545617275311e-06,8.583497134059226706e-07,7.557860507951696949e-01,-4.133714622398994565e-01,1.808110679958652815e-06,-1.957122195118087060e-08,2.901846813897426809e-09,2.982248340097358452e-02,5.522590079160030058e-03,2.080827025018829324e-01,-8.087700854882577672e-03,3.428924631722371497e-01,-5.995958993351589369e-04,1.257546091142010547e-01,4.470215833043016986e-03,5.522561718155939714e-03,-2.080826977134453970e-01,8.087727862586369804e-03,3.428924655946423150e-01,5.995807878347153824e-04,1.257546275242006906e-01,-4.470211358705717883e-03
0.100000,0.000000000000000000e+00,0.000000000000000000e+00,7.555789341860740249e-01,1.000000000000000000e+00,0.000000000000000000e+00,0.000000000000000000e+00,0.000000000000000000e+00,-3.684328921216343256e-01,1.314566082035615485e-06,-7.989283353504038353e-07,7.674677889614383020e-01,-4.201597744917093813e-01,-1.670001999593607728e-06,-3.684328921216345476e-01,-1.314566082035615062e-06,7.989283353503940944e-07,7.674677889614388571e-01,-4.201597744917094923e-01,1.670001999593607728e-06,-2.187776769687916616e-08,-6.260649479469310745e-09,3.420787120941198162e-02,-3.922768820953802249e-02,2.097543127976851662e-01,-7.017469308751261674e-03,3.408578344085041456e-01,-4.835253900805690859e-04,1.269384437540461430e-01,4.084557141305989424e-03,-3.922773039804616779e-02,-2.097542988865620517e-01,7.017495473049757682e-03,3.408578799937980741e-01,4.835180196737737333e-04,1.269384316585225880e-01,-4.084544426840243554e-03
0.110000,0.000000000000000000e+00,0.000000000000000000e+00,7.551784427118863885e-01,1.000000000000000000e+00,0.000000000000000000e+00,0.000000000000000000e+00,0.000000000000000000e+00,-3.741243361857893857e-01,1.250322896543352536e-06,-7.685315900757183506e-07,7.773062756954784991e-01,-4.258667597686236483e-01,-1.592423539861587661e-06,-3.741243361857890526e-01,-1.250322896543238187e-06,7.685315900756328003e-07,7.773062756954778330e-01,-4.258667597686232598e-01,1.592423539861504440e-06,-2.361435832585936229e-08,-1.112592949681162954e-08,3.783785737135383909e-02,-7.857460887048794973e-02,2.112003509883796926e-01,-5.885041680807071886e-03,3.444489393311255254e-01,-2.920684863022510007e-04,1.243262975616920563e-01,3.588486188275969574e-03,-7.857466021250320010e-02,-2.112003315831310069e-01,5.885067131047862568e-03,3.444490138324562967e-01,2.920652520684922622e-04,1.243262644880933077e-01,-3.588469029080668810e-03
0.120000,0.000000000000000000e+00,0.000000000000000000e+00,7.547559449157685840e-01,1.000000000000000000e+00,0.000000000000000000e+00,0.000000000000000000e+00,0.000000000000000000e+00,-3.781795118984428439e-01,1.612102006433028720e-06,-9.950208161717832787e-07,7.841965094517435730e-01,-4.298805023222234678e-01,-2.051244731758776454e-06,-3.781795118984430104e-01,-1.612102006433028085e-06,9.950208161717358449e-07,7.841965094517439061e-01,-4.298805023222236898e-01,2.051244731758773913e-06,-3.203951763842884533e-08,-1.498422106524537762e-08,4.062680924493304591e-02,-1.074978353980022283e-01,2.122897140540770111e-01,-5.080566910842551458e-03,3.469753573319665496e-01,-1.068405679812287816e-04,1.216492157675940627e-01,3.210352718666010033e-03,-1.074979031747561320e-01,-2.122896868146011418e-01,5.080601016850498988e-03,3.469754559361641899e-01,1.068363127744991359e-04,1.216491713613936376e-01,-3.210329583555126143e-03
0.130000,0.000000000000000000e+00,0.000000000000000000e+00,7.543063624157368974e-01,1.000000000000000000e+00,0.000000000000000000e+00,0.000000000000000000e+00,0.000000000000000000e+00,-3.851584340493048320e-01,1.488024220797526798e-06,-9.310745612830248494e-07,7.962898070480964874e-01,-4.368484587363289373e-01,-1.904237460627956407e-06,-3.851584340493043324e-01,-1.488024220811490771e-06,9.310745612912309046e-07,7.962898070480953772e-01,-4.368484587363283267e-01,1.904237460644007046e-06,-3.379011876837155646e-08,-2.084683031466226125e-08,4.500554114615434864e-02,-1.563297045059617030e-01,2.140916576630978174e-01,-3.418603698575921595e-03,3.591353799769650412e-01,2.920076087829689125e-04,1.126930726610843730e-01,2.360536527544263366e-03,-1.563297825907630223e-01,-2.140916229102734214e-01,3.418635784694485334e-03,3.591355137189414237e-01,-2.920061770521029413e-04,1.126930020253576331e-01,-2.360509068217160871e-03
0.140000,0.000000000000000000e+00,0.000000000000000000e+00,7.538246168298073924e-01,1.000000000000000000e+00,0.000000000000000000e+00,0.000000000000000000e+00,0.000000000000000000e+00,-3.894958572408253050e-01,1.800345578211717683e-06,-1.132649143335219465e-06,8.037050208852741795e-01,-4.411252193191879667e-01,-2.303403099298450958e-06,-3.894958572408246944e-01,-1.800345578197562915e-06,1.132649143326880638e-06,8.037050208852730693e-01,-4.411252193191874116e-01,2.303403099282201478e-06,-4.174301868216638599e-08,-2.497235012530098760e-08,4.788011855987834436e-02,-1.865657628487177866e-01,2.152392231097303710e-01,-2.459004230965991002e-03,3.660499139273100666e-01,6.010067077492631249e-04,1.064290661554430500e-01,1.836590815523237840e-03,-1.865658560853746539e-01,-2.152391794191112484e-01,2.459043707116966709e-03,3.660500723716469396e-01,-6.010051755347620150e-04,1.064289823729395179e-01,-1.836557962043162961e-03
0.150000,0.000000000000000000e+00,0.000000000000000000e+00,7.533056297759962439e-01,1.000000000000000000e+00,0.000000000000000000e+00,0.000000000000000000e+00,0.000000000000000000e+00,-3.968449916720938608e-01,1.623946617886392070e-06,-1.036737557593036496e-06,8.164936491040802879e-01,-4.484264156700071280e-01,-2.090136828663902606e-06,-3.968449916720930282e-01,-1.623946617886306520e-06,1.036737557592922782e-06,8.164936491040787336e-01,-4.484264156700062953e-01,2.090136828663728964e-06,-4.173951744267708360e-08,-2.792907869949371427e-08,5.221891428439400656e-02,-2.362556373574622171e-01,2.170531421302839270e-01,-6.571985006791894110e-04,3.847747622367187481e-01,1.239335877833290045e-03,9.161342659439102032e-02,7.999419745979445334e-04,-2.362557367342420223e-01,-2.170530935047250976e-01,6.572341904640452816e-04,3.847749468701864850e-01,-1.239330344353667184e-03,9.161332192421850484e-02,-7.999080531982305422e-04
0.160000,0.000000000000000000e+00,0.000000000000000000e+00,7.527443228723196267e-01,1.000000000000000000e+00,0.000000000000000000e+00,0.000000000000000000e+00,0.000000000000000000e+00,-4.014270028214118602e-01,1.943296463708460552e-06,-1.247955463561733264e-06,8.243681189635508888e-01,-4.529182269261330940e-01,-2.501184183464931925e-06,-4.014270028214112496e-01,-1.943296463722415420e-06,1.247955463570100679e-06,8.243681189635497786e-01,-4.529182269261325389e-01,2.501184183481132277e-06,-4.922727595486116755e-08,-3.123959834518901234e-08,5.509513841474021623e-02,-2.660867285317695674e-01,2.181869088330960771e-01,2.914907366484896468e-04,3.940693100243929381e-01,1.688743455794200054e-03,8.256393195016006881e-02,2.190755824601835992e-04,-2.660868410981039878e-01,-2.181868511618742235e-01,-2.914482628579596066e-04,3.940695153977790133e-01,-1.688738016188638062e-03,8.256381629157627522e-02,-2.190375316953828682e-04
0.170000,0.000000000000000000e+00,0.000000000000000000e+00,7.521356177367934936e-01,1.000000000000000000e+00,0.000000000000000000e+00,0.000000000000000000e+00,0.000000000000000000e+00,-4.092031144442347945e-01,1.752076272892936659e-06,-1.142745536492533451e-06,8.379617023169015910e-01,-4.605977190061389948e-01,-2.269665839559729868e-06,-4.092031144442346835e-01,-1.752076272892974564e-06,1.142745536492542980e-06,8.379617023169014800e-01,-4.605977190061388837e-01,2.269665839559867934e-06,-4.781441777406466316e-08,-3.153234655067090089e-08,5.935785294521709471e-02,-3.144985540699418713e-01,2.199260331503125887e-01,1.986397237556696092e-03,4.156207198650559986e-01,2.570880616173932404e-03,6.369787618653520445e-02,-8.493164536576144289e-04,-3.144986690243661842e-01,-2.199259732283453395e-01,-1.986359227902678541e-03,4.156209407993004534e-01,-2.570873158180963115e-03,6.369774717096449157e-02,8.493529690212129300e-04
0.180000,0.000000000000000000e+00,0.000000000000000000e+00,7.514744359874342416e-01,1.000000000000000000e+00,0.000000000000000000e+00,0.000000000000000000e+00,0.000000000000000000e+00,-4.140912241924961101e-01,2.086845562900718290e-06,-1.369853459688682733e-06,8.464123757723420738e-01,-4.653594299956238522e-01,-2.704066608781665797e-06,-4.140912241924959991e-01,-2.086845562900794099e-06,1.369853459688711109e-06,8.464123757723418517e-01,-4.653594299956237412e-01,2.704066608781746265e-06,-5.409027991011474286e-08,-3.346198105711816731e-08,6.219097976520317900e-02,-3.428462727170814572e-01,2.209897855022819602e-01,2.786211401257086395e-03,4.251943115560957720e-01,3.164319651300784211e-03,5.293337481759936847e-02,-1.398575739482500399e-03,-3.428463977700958454e-01,-2.209897175984555096e-01,-2.786167627170571537e-03,4.251945467476507257e-01,-3.164312851536676963e-03,5.293323873336703428e-02,1.398614678659490865e-03
0.190000,0.000000000000000000e+00,0.000000000000000000e+00,7.507556992422576014e-01,1.000000000000000000e+00,0.000000000000000000e+00,0.000000000000000000e+00,0.000000000000000000e+00,-4.223959946362033091e-01,1.878609048870266531e-06,-1.253864710748260295e-06,8.610041799911426486e-01,-4.735085865047503617e-01,-2.451719248681561367e-06,-4.223959946362032536e-01,-1.878609048884448827e-06,1.253864710757130212e-06,8.610041799911426486e-01,-4.735085865047503617e-01,2.451719248698244528e-06,-5.092493620161615598e-08,-3.136707521262074100e-08,6.635245956641375176e-02,-3.881499068368038374e-01,2.225708187498539603e-01,4.143501512079621717e-03,4.455179693126467000e-01,4.272715612030550218e-03,3.227061604682637114e-02,-2.339644952901345602e-03,-3.881500295768414155e-01,-2.225707518460273981e-01,-4.143462743719960283e-03,4.455182073464001857e-01,-4.272708574189052269e-03,3.227047558345289696e-02,2.339680209650733637e-03
0.200000,0.000000000000000000e+00,0.000000000000000000e+00,7.499743291192801919e-01,1.000000000000000000e+00,0.000000000000000000e+00,0.000000000000000000e+00,0.000000000000000000e+00,-4.276517181602867979e-01,2.230611552315012670e-06,-1.499332248002653193e-06,8.701464086685328780e-01,-4.785939678655681817e-01,-2.912650830085340917e-06,-4.276517181602867423e-01,-2.230611552301228056e-06,1.499332247993953530e-06,8.701464086685328780e-01,-4.785939678655681817e-01,2.912650830069209598e-06,-5.488937113975934293e-08,-3.127844522916572685e-08,6.908085921685375164e-02,-4.139814135179888943e-01,2.235022254671275299e-01,4.656326358408191708e-03,4.530684720198482340e-01,5.003604554407085382e-03,2.110986894144471770e-02,-2.765501417559026922e-03,-4.139815414841742092e-01,-2.235021533809385397e-01,-4.656283446187241444e-03,4.530687144030503544e-01,-5.003599095123075283e-03,2.110972751492755373e-02,2.765536917667149597e-03
0.210000,-4.306865828092224450e-06,0.000000000000000000e+00,7.491681735212655235e-01,1.000000000000000000e+00,0.000000000000000000e+00,0.000000000000000000e+00,0.000000000000000000e+00,-4.343889696793370447e-01,2.520390524830038475e-06,-1.762522598303516982e-06,8.817530908245029275e-01,-4.835309978722868163e-01,-3.329473577844229930e-06,-4.343889696793369892e-01,-2.520390524830294279e-06,1.762522598303563992e-06,8.817530908245029275e-01,-4.835309978722868163e-01,3.329473577844437030e-06,-5.420988944593219610e-08,-2.412178748089575020e-08,7.264827928079181651e-02,-4.437881577869994265e-01,2.244056819137446035e-01,5.462427623127982974e-03,4.573056753813192765e-01,4.941251271166958482e-03,1.535980879714361758e-02,-3.394573694482635150e-03,-4.437882839373092358e-01,-2.244056119444787778e-01,-5.462381382646430694e-03,4.573059021529113921e-01,-4.941253448124695823e-03,1.535968141928527146e-02,3.394603256158423409e-03
0.220000,-1.632075471698110655e-05,0.000000000000000000e+00,7.483731707920603382e-01,1.000000000000000000e+00,0.000000000000000000e+00,0.000000000000000000e+00,0.000000000000000000e+00,-4.441778133199962841e-01,2.039464293478549562e-06,-1.474402637331936917e-06,8.986860668721060597e-01,-4.903100436699550646e-01,-2.728990709579535401e-06,-4.441778133199961176e-01,-2.039464293478767250e-06,1.474402637332031149e-06,8.986860668721056156e-01,-4.903100436699549536e-01,2.728990709579778500e-06,-4.133114597487228607e-08,-1.458195808296781784e-08,7.762832254417889599e-02,-4.852220147872615685e-01,2.255781412141724118e-01,6.667674398226255093e-03,4.632783662911155731e-01,4.613909228108632049e-03,9.423691498205032449e-03,-4.284027257858671195e-03,-4.852221144266697372e-01,-2.255780867871796103e-01,-6.667637509151995434e-03,4.632785413971259869e-01,-4.613915678312401590e-03,9.423595411555241164e-03,4.284046273492186918e-03
0.230000,-3.468160377358488233e-05,0.000000000000000000e+00,7.475813782113058803e-01,1.000000000000000000e+00,0.000000000000000000e+00,0.000000000000000000e+00,0.000000000000000000e+00,-4.498459933915935349e-01,2.279329941225957487e-06,-1.686888538270788840e-06,9.082812640054979125e-01,-4.939148590661702198e-01,-3.067688613830914718e-06,-4.498459933915933129e-01,-2.279329941226175175e-06,1.686888538270882860e-06,9.082812640054974684e-01,-4.939148590661700533e-01,3.067688613831204403e-06,-3.828456966185801227e-08,-7.553794727546237790e-09,8.066906465697400164e-02,-5.081980615863032069e-01,2.261913291386181135e-01,7.102462319131771715e-03,4.616692848921438164e-01,4.349909164708745668e-03,8.744480623877658523e-03,-4.660961601933479546e-03,-5.081981526663990056e-01,-2.261912800365019627e-01,-7.102423637526759752e-03,4.616694317553130533e-01,-4.349922327003792090e-03,8.744405940467759458e-03,4.660974966431231069e-03
0.240000,-5.802935010482171668e-05,0.000000000000000000e+00,7.467848530586426170e-01,1.000000000000000000e+00,0.000000000000000000e+00,0.000000000000000000e+00,0.000000000000000000e+00,-4.566059448846536695e-01,2.511526551573989203e-06,-1.899184181238679766e-06,9.196903569177897753e-01,-4.981683927492577824e-01,-3.403735815393712901e-06,-4.566059448846534474e-01,-2.511526551574206890e-06,1.899184181238754728e-06,9.196903569177894422e-01,-4.981683927492576158e-01,3.403735815393983952e-06,-3.556420942480569464e-08,-1.270718234582988504e-09,8.439082102553338571e-02,-5.344724912928433547e-01,2.268940004848065684e-01,7.467765342822723675e-03,4.571366736201794012e-01,4.034236608340360797e-03,9.497096040654953372e-03,-4.995461800704517098e-03,-5.344725746046088410e-01,-2.268939555684484632e-01,-7.467724589785301563e-03,4.571367939630959776e-01,-4.034255994300997919e-03,9.497041784926147853e-03,4.995470018265299982e-03
0.250000,-8.500393081760998710e-05,0.000000000000000000e+00,7.459756526137112376e-01,1.000000000000000000e+00,0.000000000000000000e+00,0.000000000000000000e+00,0.000000000000000000e+00,-4.662973482106991807e-01,2.052872420535344492e-06,-1.582666475577308164e-06,9.361765071986604125e-01,-5.044145284426870823e-01,-2.807062751460145425e-06,-4.662973482106996803e-01,-2.052872420521816105e-06,1.582666475567962638e-06,9.361765071986611897e-01,-5.044145284426874154e-01,2.807062751443826912e-06,-2.768725511085775995e-08,5.073522259180412294e-10,8.977176617352668198e-02,-5.708703902934758601e-01,2.278961409263107474e-01,7.947991309162086293e-03,4.505694042630800644e-01,3.639188399976085470e-03,1.133297465625599486e-02,-5.362024322582908259e-03,-5.708704534468860281e-01,-2.278961043258677932e-01,-7.947958256161074750e-03,4.505694892772476035e-01,-3.639205897969495160e-03,1.133293974321733164e-02,5.362029284818533269e-03
0.260000,-1.142452830188678508e-04,0.000000000000000000e+00,7.451458341561528753e-01,1.000000000000000000e+00,0.000000000000000000e+00,0.000000000000000000e+00,0.000000000000000000e+00,-4.719829274543607678e-01,2.290703431294838401e-06,-1.800554635596369685e-06,9.456901554235871421e-01,-5.079070441614820242e-01,-3.148755444096290682e-06,-4.719829274543611564e-01,-2.290703431308859761e-06,1.800554635605997485e-06,9.456901554235878082e-01,-5.079070441614822462e-01,3.148755444113094122e-06,-2.570146420236853116e-08,5.386993337847786284e-09,9.287933131214400062e-02,-5.917434831521446448e-01,2.283897817859442680e-01,8.024001950833886676e-03,4.442522201919104075e-01,3.449344464865917483e-03,1.326331272050688091e-02,-5.469359958004913272e-03,-5.917435418653609336e-01,-2.283897484325876914e-01,-8.023966886422902525e-03,4.442522878274718923e-01,-3.449367102607155469e-03,1.326329194586648060e-02,5.469361458730095417e-03
0.270000,-1.443933438155135872e-04,0.000000000000000000e+00,7.442874549656081085e-01,1.000000000000000000e+00,0.000000000000000000e+00,0.000000000000000000e+00,0.000000000000000000e+00,-4.788337249694028519e-01,2.524436538130762094e-06,-2.023138411099206460e-06,9.571564820033547916e-01,-5.121226720394574938e-01,-3.494109159063886201e-06,-4.788337249694033515e-01,-2.524436538144669952e-06,2.023138411109099805e-06,9.571564820033560128e-01,-5.121226720394580489e-01,3.494109159080970432e-06,-2.380200453148072074e-08,1.001283286483074840e-08,9.664543399767927534e-02,-6.160725209243281819e-01,2.289500281944633342e-01,8.022265756448276192e-03,4.355019472529932933e-01,3.251762477156201758e-03,1.628001445085276722e-02,-5.514253920297159869e-03,-6.160725757340447251e-01,-2.289499974227233170e-01,-8.022228393137851438e-03,4.355019982869711148e-01,-3.251790248150573069e-03,1.628000764357702412e-02,5.514252085113081382e-03
0.280000,-1.740880503144653533e-04,0.000000000000000000e+00,7.433925723217179593e-01,1.000000000000000000e+00,0.000000000000000000e+00,0.000000000000000000e+00,0.000000000000000000e+00,-4.887301276364618419e-01,2.087499633485755360e-06,-1.706015332344602206e-06,9.738941215469641977e-01,-5.184141023699335715e-01,-2.917493554323485835e-06,-4.887301276364618419e-01,-2.087499633472113894e-06,1.706015332334753754e-06,9.738941215469640866e-01,-5.184141023699335715e-01,2.917493554306768793e-06,-2.017669041098445878e-08,7.793195406089470523e-09,1.022447202032707725e-01,-6.500646474495914706e-01,2.297982940564260446e-01,8.034312777428106317e-03,4.232413297895448179e-01,3.018126563880250534e-03,2.124707779763049947e-02,-5.492403919676597766e-03,-6.500646917253405377e-01,-2.297982658484100660e-01,-8.034281496387039867e-03,4.232413679053882438e-01,-3.018149885013927513e-03,2.124707534308332285e-02,5.492402681045944861e-03
0.290000,-2.019693396226412659e-04,0.000000000000000000e+00,7.424532435041232281e-01,1.000000000000000000e+00,0.000000000000000000e+00,0.000000000000000000e+00,0.000000000000000000e+00,-4.946411435415939972e-01,2.337288696821757188e-06,-1.944425548823786444e-06,9.837755771970607688e-01,-5.220484524033859319e-01,-3.283831781230515986e-06,-4.946411435415941082e-01,-2.337288696821871537e-06,1.944425548823766115e-06,9.837755771970607688e-01,-5.220484524033859319e-01,3.283831781230467282e-06,-1.945626173532779343e-08,1.121467265522660907e-08,1.054165245787878347e-01,-6.700585787441608598e-01,2.301943827747143512e-01,7.900971237307067782e-03,4.151541763725161704e-01,2.948716736740479918e-03,2.402830383822767563e-02,-5.416876577145401071e-03,-6.700586228020650736e-01,-2.301943555814445763e-01,-7.900937379548104988e-03,4.151542074047527842e-01,-2.948744276207157945e-03,2.402830877316651514e-02,5.416873335778300998e-03
0.300000,-2.266771488469599566e-04,0.000000000000000000e+00,7.414615257924644931e-01,1.000000000000000000e+00,0.000000000000000000e+00,0.000000000000000000e+00,0.000000000000000000e+00,-5.018290769997000300e-01,2.583453562806979108e-06,-2.189030865950082733e-06,9.958265043599248134e-01,-5.265110492566789091e-01,-3.655468483957799557e-06,-5.018290769997004741e-01,-2.583453562807169267e-06,2.189030865950176330e-06,9.958265043599254795e-01,-5.265110492566792422e-01,3.655468483957919412e-06,-1.891974380047416746e-08,1.443600661448160631e-08,1.092521282293371643e-01,-6.937077358686467576e-01,2.306448042243490482e-01,7.698688686555561940e-03,4.052909328977757353e-01,2.908600990307286596e-03,2.743347039129261436e-02,-5.278474263262986944e-03,-6.937077801999738114e-01,-2.306447772701481491e-01,-7.698651842893313238e-03,4.052909573346186178e-01,-2.908632787765383712e-03,2.743348275175395978e-02,5.278469075217200566e-03
0.310000,-2.468514150943394605e-04,0.000000000000000000e+00,7.404094764663826655e-01,1.000000000000000000e+00,0.000000000000000000e+00,0.000000000000000000e+00,0.000000000000000000e+00,-5.095826786882059478e-01,2.734777266103820792e-06,-2.360473501632446899e-06,1.008879371631108635e+00,-5.313899788370959332e-01,-3.899971956620938098e-06,-5.095826786882057258e-01,-2.734777266103935141e-06,2.360473501632464686e-06,1.008879371631108190e+00,-5.313899788370959332e-01,3.899971956621042283e-06,-1.891250079957026151e-08,1.618072194832010964e-08,1.133770512977625711e-01,-7.186286202597448325e-01,2.311107362926390629e-01,7.468531586729800636e-03,3.951716954587153330e-01,2.919145876503635023e-03,3.085676586160586085e-02,-5.098321790431879080e-03,-7.186286654046621925e-01,-2.311107083129343709e-01,-7.468492417457677120e-03,3.951717168823968840e-01,-2.919180293108735152e-03,3.085678233813069632e-02,5.098315597181979179e-03
0.320000,-2.611320754716979758e-04,0.000000000000000000e+00,7.392891528055185457e-01,1.000000000000000000e+00,0.000000000000000000e+00,0.000000000000000000e+00,0.000000000000000000e+00,-5.176686666576781892e-01,2.825271465157253374e-06,-2.484204506665277793e-06,1.022543739264679230e+00,-5.365418530661081320e-01,-4.061566023996031434e-06,-5.176686666576784113e-01,-2.825271465170914745e-06,2.484204506675806836e-06,1.022543739264679452e+00,-5.365418530661083540e-01,4.061566024013091525e-06,-1.953016046560523131e-08,1.678020470010296027e-08,1.176354405168984485e-01,-7.440525737478248525e-01,2.315705001298827836e-01,7.223285550783360189e-03,3.854407934208222697e-01,2.991286252992669901e-03,3.390806603026701171e-02,-4.893501276048584786e-03,-7.440526205862174614e-01,-2.315704699647753995e-01,-7.223244488482008507e-03,3.854408157221143050e-01,-2.991322011093634943e-03,3.390808323867351010e-02,4.893494822763621958e-03
0.330000,-2.681590670859537815e-04,0.000000000000000000e+00,7.380926120895131559e-01,1.000000000000000000e+00,0.000000000000000000e+00,0.000000000000000000e+00,0.000000000000000000e+00,-5.260206796606069490e-01,2.887782804569608053e-06,-2.586823078236061750e-06,1.036710458800507828e+00,-5.419281176906831643e-01,-4.185431858287577778e-06,-5.260206796606070601e-01,-2.887782804569570360e-06,2.586823078236307389e-06,1.036710458800508050e+00,-5.419281176906832753e-01,4.185431858287825112e-06,-2.079929392590872537e-08,1.663376460162155160e-08,1.219656851401820924e-01,-7.697453339320575738e-01,2.320152671789789123e-01,6.972638773514912465e-03,3.764657897296049827e-01,3.130474312846451279e-03,3.630363500620405887e-02,-4.679115711627510575e-03,-7.697453835204307593e-01,-2.320152337534360787e-01,-6.972595904398131740e-03,3.764658164138506846e-01,-3.130510612932528060e-03,3.630365010239332973e-02,4.679109460984594120e-03
0.340000,-2.665723270440250215e-04,0.000000000000000000e+00,7.368119115980069633e-01,1.000000000000000000e+00,0.000000000000000000e+00,0.000000000000000000e+00,0.000000000000000000e+00,-5.346299948329619189e-01,2.940278959448243110e-06,-2.683602092215670246e-06,1.051370094136184985e+00,-5.475493444668186882e-01,-4.297029698344038155e-06,-5.346299948329614748e-01,-2.940278959461714745e-06,2.683602092226427564e-06,1.051370094136184097e+00,-5.475493444668182441e-01,4.297029698361143139e-06,-2.272864507931489850e-08,1.599678711674435331e-08,1.263443726706836578e-01,-7.956475687784745343e-01,2.324431651921367858e-01,6.727359912675256147e-03,3.685260000420553794e-01,3.339571667731132919e-03,3.780392423757760606e-02,-4.469731946320674824e-03,-7.956476222198912707e-01,-2.324431274530904534e-01,-6.727315080532167944e-03,3.685260341684167829e-01,-3.339608015356301720e-03,3.780393487374537898e-02,4.469726154683297675e-03
0.350000,-2.550117924528301104e-04,0.000000000000000000e+00,7.354391086106411013e-01,1.000000000000000000e+00,0.000000000000000000e+00,0.000000000000000000e+00,0.000000000000000000e+00,-5.435072649103993569e-01,2.990952427180379631e-06,-2.781975825041274304e-06,1.066547198336753821e+00,-5.534198169625894614e-01,-4.408389277009654450e-06,-5.435072649103998010e-01,-2.990952427180417747e-06,2.781975825041558483e-06,1.066547198336754487e+00,-5.534198169625897945e-01,4.408389277010079661e-06,-2.531417952384458978e-08,1.501941385086744852e-08,1.307625383544708531e-01,-8.217507249866931041e-01,2.328555438328090144e-01,6.499007996433429912e-03,3.618656599164522536e-01,3.620075917501340470e-03,3.818736838859674437e-02,-4.279741564039618064e-03,-8.217507833603102663e-01,-2.328555007286630396e-01,-6.498960909932700175e-03,3.618657041679597675e-01,-3.620111986993015171e-03,3.818737258070380169e-02,4.279736345572340839e-03
0.360000,-2.321174004192870564e-04,0.000000000000000000e+00,7.339662604070561480e-01,1.000000000000000000e+00,0.000000000000000000e+00,0.000000000000000000e+00,0.000000000000000000e+00,-5.526691460635202446e-01,3.043148857131189540e-06,-2.885371033117251591e-06,1.082276689951183535e+00,-5.595579087460935686e-01,-4.524742511882620831e-06,-5.526691460635203557e-01,-3.043148857131265773e-06,2.885371033117421845e-06,1.082276689951183535e+00,-5.595579087460935686e-01,4.524742511882756356e-06,-2.854205296263004003e-08,1.379528047935683649e-08,1.352164076845271956e-01,-8.480541867380732013e-01,2.332551823416598447e-01,6.299334800496594541e-03,3.567074493908245492e-01,3.972580325833997665e-03,3.724094053132953608e-02,-4.123278363081024633e-03,-8.480542510721785776e-01,-2.332551328226913356e-01,-6.299285103684651096e-03,3.567075061548218295e-01,-3.972615885549068623e-03,3.724093655443762307e-02,4.123273728179191640e-03
0.370000,-1.965290880503145455e-04,0.000000000000000000e+00,7.323854242668929038e-01,1.000000000000000000e+00,0.000000000000000000e+00,0.000000000000000000e+00,0.000000000000000000e+00,-5.621336380986289294e-01,3.098080011967210881e-06,-2.995413780952186324e-06,1.098595416218494325e+00,-5.659824980301602082e-01,-4.648288108206762953e-06,-5.621336380986290404e-01,-3.098080011954043754e-06,2.995413780941162190e-06,1.098595416218494325e+00,-5.659824980301604302e-01,4.648288108189697780e-06,-3.239362686688665043e-08,1.238906970154452654e-08,1.397040674367731050e-01,-8.745512032202015229e-01,2.336455640542862144e-01,6.139993910960082381e-03,3.532557093404573023e-01,4.396942664016174548e-03,3.475731532209513225e-02,-4.014033589811605122e-03,-8.745512744926674520e-01,-2.336455070752955776e-01,-6.139941222309298029e-03,3.532557807823774598e-01,-4.396977539910333285e-03,3.475730163741250212e-02,4.014029467810129731e-03
0.380000,-1.468867924528302333e-04,0.000000000000000000e+00,7.306886574697923908e-01,1.000000000000000000e+00,0.000000000000000000e+00,0.000000000000000000e+00,0.000000000000000000e+00,-5.719184741929956850e-01,3.156082415949938981e-06,-3.112989784713182143e-06,1.115539170816946202e+00,-5.727116532099448820e-01,-4.779978928440112159e-06,-5.719184741929959070e-01,-3.156082415950091447e-06,3.112989784713276587e-06,1.115539170816946424e+00,-5.727116532099451041e-01,4.779978928440298506e-06,-3.685063368284701465e-08,1.084920236298155173e-08,1.442243877623142767e-01,-9.012252276464121081e-01,2.340306334043081582e-01,6.032486734044038325e-03,3.516977269240663673e-01,4.892361303503539594e-03,3.053428845701499847e-02,-3.965084385768769155e-03,-9.012253068015129154e-01,-2.340305679225829771e-01,-6.032430665529218625e-03,3.516978150576448026e-01,-4.892395361864480992e-03,3.053426365709507873e-02,3.965080639676217544e-03
0.390000,-8.183045073375272449e-05,0.000000000000000000e+00,7.288680172953951875e-01,1.000000000000000000e+00,0.000000000000000000e+00,0.000000000000000000e+00,0.000000000000000000e+00,-5.820405798683651044e-01,3.217154147258246463e-06,-3.238712929063827538e-06,1.133141666895860267e+00,-5.797621638890603224e-01,-4.920301860375350478e-06,-5.820405798683652154e-01,-3.217154147231949478e-06,3.238712929041002117e-06,1.133141666895860489e+00,-5.797621638890605444e-01,4.920301860340613657e-06,-4.189948571981632371e-08,9.213222579153822018e-09,1.487767449582664825e-01,-9.280501732510675339e-01,2.344147462889301925e-01,5.988231535854146755e-03,3.522052448818228654e-01,5.457432172711987849e-03,2.437477953365492153e-02,-3.988761882480862213e-03,-9.280502612260520534e-01,-2.344146712563431878e-01,-5.988171700476642434e-03,3.522053516397482542e-01,-5.457465311691054796e-03,2.437474229536334969e-02,3.988758319571626340e-03
0.400000,0.000000000000000000e+00,0.000000000000000000e+00,7.269155610233423159e-01,1.000000000000000000e+00,0.000000000000000000e+00,0.000000000000000000e+00,0.000000000000000000e+00,-5.925159094718753794e-01,3.281172511891838815e-06,-3.373124176548544015e-06,1.151434213358107694e+00,-5.871493855717823118e-01,-5.069603342676249267e-06,-5.925159094718756014e-01,-3.281172511865807799e-06,3.373124176525073580e-06,1.151434213358107916e+00,-5.871493855717826449e-01,5.069603342641223608e-06,-4.753467759535991872e-08,7.510091641010657059e-09,1.533610117144047491e-01,-9.549922520831396477e-01,2.348026907640277938e-01,6.018687949891183067e-03,3.549366115394528842e-01,6.090212006671660849e-03,1.608683035854250112e-02,-4.096559826010600681e-03,-9.549923498410117784e-01,-2.348026051137538928e-01,-6.018623962549580694e-03,3.549367388468412932e-01,-6.090244151837146021e-03,1.608677939802383508e-02,4.096556205830058188e-03
0.410000,8.594155213914080049e-05,0.000000000000000000e+00,7.248498038449762149e-01,1.000000000000000000e+00,0.000000000000000000e+00,0.000000000000000000e+00,0.000000000000000000e+00,-6.037440560422416835e-01,3.267179786871775602e-06,-3.551161031684224504e-06,1.170791294578261033e+00,-5.927379301733756156e-01,-5.190594551960458433e-06,-6.037440560422421276e-01,-3.267179786846161749e-06,3.551161031660336481e-06,1.170791294578261921e+00,-5.927379301733760597e-01,5.190594551925370093e-06,-4.394995428316067081e-08,1.092789002116971412e-08,1.587215637544603652e-01,-9.821373531306650806e-01,2.350864428084293578e-01,6.476192663105432949e-03,3.555520174249831022e-01,5.765400771044458701e-03,1.286121389172524554e-02,-4.452964761443749427e-03,-9.821374502471734713e-01,-2.350863605401234402e-01,-6.476129374554522554e-03,3.555521427491151742e-01,-5.765436918442684404e-03,1.286116602487302751e-02,4.452958954090990157e-03
0.420000,1.643745632424873271e-04,0.000000000000000000e+00,7.226948385426625876e-01,1.000000000000000000e+00,0.000000000000000000e+00,0.000000000000000000e+00,0.000000000000000000e+00,-6.153588627024189073e-01,3.251468520032970191e-06,-3.712860465782708532e-06,1.190642201478780082e+00,-5.977911316115399609e-01,-5.302241311997311271e-06,-6.153588627024190183e-01,-3.251468519994530565e-06,3.712860465746108238e-06,1.190642201478780304e+00,-5.977911316115401830e-01,5.302241311944309879e-06,-3.811365485415525878e-08,1.430575620372617658e-08,1.644055093177235749e-01,-1.008686025818362753e+00,2.353100565642871900e-01,6.949588046824565525e-03,3.539544452871343783e-01,5.184551106778781046e-03,1.202886068878425072e-02,-4.791141566721004823e-03,-1.008686117047425057e+00,-2.353099815932318817e-01,-6.949527783572822560e-03,3.539545589835910167e-01,-5.184590745036646298e-03,1.202882158844069925e-02,4.791134095314820984e-03
0.430000,2.382241439552755307e-04,0.000000000000000000e+00,7.204510887825767984e-01,1.000000000000000000e+00,0.000000000000000000e+00,0.000000000000000000e+00,0.000000000000000000e+00,-6.272393166871147452e-01,3.243620635677626097e-06,-3.864003109800283431e-06,1.210817926750384022e+00,-6.027077903975180950e-01,-5.414849897604061832e-06,-6.272393166871150783e-01,-3.243620635678234267e-06,3.864003109799885326e-06,1.210817926750384466e+00,-6.027077903975183171e-01,5.414849897603761983e-06,-3.233676777962258006e-08,1.685029001956243946e-08,1.702494843443765615e-01,-1.034499213974063414e+00,2.354753199599889102e-01,7.322650060941431581e-03,3.504869927673373575e-01,4.570315849895421542e-03,1.252292178890491992e-02,-5.033435789893003602e-03,-1.034499297552349928e+00,-2.354752526309756566e-01,-7.322593489893626170e-03,3.504870918525728185e-01,-4.570357865439181842e-03,1.252289273325421851e-02,5.033427404551146095e-03
0.440000,3.104154049227419044e-04,0.000000000000000000e+00,7.181189782308944336e-01,1.000000000000000000e+00,0.000000000000000000e+00,0.000000000000000000e+00,0.000000000000000000e+00,-6.393420079330802697e-01,3.241306624144006282e-06,-4.013427897868874811e-06,1.231268279850361802e+00,-6.076171639603336061e-01,-5.532364799482660192e-06,-6.393420079330807138e-01,-3.241306624118772324e-06,4.013427897843431635e-06,1.231268279850362690e+00,-6.076171639603340502e-01,5.532364799447030598e-06,-2.727371137235610756e-08,1.866174671410946019e-08,1.761870399804153775e-01,-1.059626502227107858e+00,2.355785512569027740e-01,7.569470792718568757e-03,3.455302286952011692e-01,3.993945323712354278e-03,1.384522982129590858e-02,-5.164533593582509331e-03,-1.059626578172500722e+00,-2.355784907565057762e-01,-7.569417810569329698e-03,3.455303134018189448e-01,-3.993988889278651984e-03,1.384521027647586493e-02,5.164524841341794174e-03
0.450000,3.838734567901228327e-04,0.000000000000000000e+00,7.156989305537905244e-01,1.000000000000000000e+00,0.000000000000000000e+00,0.000000000000000000e+00,0.000000000000000000e+00,-6.516479658579610312e-01,3.241615428073818575e-06,-4.165760439619714032e-06,1.251977758608895153e+00,-6.125641554520006027e-01,-5.655850189778284335e-06,-6.516479658579615863e-01,-3.241615428048887854e-06,4.165760439593473799e-06,1.251977758608895819e+00,-6.125641554520010468e-01,5.655850189742204966e-06,-2.303998340835694404e-08,1.993631974943414476e-08,1.821877412988008316e-01,-1.084163706269852812e+00,2.356183969811128376e-01,7.691804135795236169e-03,3.394202352604928086e-01,3.478576962352086625e-03,1.571174582335565367e-02,-5.188869415174186296e-03,-1.084163775385540651e+00,-2.356183421896835828e-01,-7.691754340855746705e-03,3.394203072474230032e-01,-3.478621552803706340e-03,1.571173452680420246e-02,5.188860646876004151e-03
0.460000,4.615234102026548628e-04,0.000000000000000000e+00,7.131913694174405460e-01,1.000000000000000000e+00,0.000000000000000000e+00,0.000000000000000000e+00,0.000000000000000000e+00,-6.641459197035408657e-01,3.242579221304350792e-06,-4.322806246337144877e-06,1.272941033899706920e+00,-6.175673313047580493e-01,-5.785278258490545599e-06,-6.641459197035415318e-01,-3.242579221292208151e-06,4.322806246323578797e-06,1.272941033899707808e+00,-6.175673313047583823e-01,5.785278258472400460e-06,-1.959875162943984362e-08,2.082419927531619340e-08,1.882361257271774335e-01,-1.108210761822341572e+00,2.355962197212605191e-01,7.699636199244208959e-03,3.324456845245972181e-01,3.031688378274635404e-03,1.792495252702457770e-02,-5.117161190692753533e-03,-1.108210825202082139e+00,-2.355961694904876447e-01,-7.699589094561236184e-03,3.324457459907263490e-01,-3.031733666235500359e-03,1.792494796957949665e-02,5.117152622178176846e-03
0.470000,5.462903758055736745e-04,0.000000000000000000e+00,7.105967184880200849e-01,1.000000000000000000e+00,0.000000000000000000e+00,0.000000000000000000e+00,0.000000000000000000e+00,-6.768270426814726459e-01,3.242928975836484928e-06,-4.485047537580774290e-06,1.294155907495506019e+00,-6.226371677759228174e-01,-5.920248660865164104e-06,-6.768270426814732010e-01,-3.242928975836827130e-06,4.485047537580489687e-06,1.294155907495506685e+00,-6.226371677759231504e-01,5.920248660865084483e-06,-1.688415467544578097e-08,2.142729821665367326e-08,1.943236106460353441e-01,-1.131860305251772170e+00,2.355153017061153153e-01,7.605240007940767058e-03,3.248594900379804251e-01,2.655344750746985432e-03,2.032487733882410927e-02,-4.962298667734902496e-03,-1.131860364055892409e+00,-2.355152549341518742e-01,-7.605195076602856361e-03,3.248595433052166581e-01,-2.655390526664502902e-03,2.032487798085391012e-02,4.962290423721262347e-03
0.480000,6.410994642441174415e-04,0.000000000000000000e+00,7.079154014317043941e-01,1.000000000000000000e+00,0.000000000000000000e+00,0.000000000000000000e+00,0.000000000000000000e+00,-6.896832979291398491e-01,3.241763074306813246e-06,-4.652411336782161404e-06,1.315621317248297339e+00,-6.277818120131090085e-01,-6.060241369872850139e-06,-6.896832979291402932e-01,-3.241763074307041522e-06,4.652411336782180039e-06,1.315621317248298006e+00,-6.277818120131093416e-01,6.060241369872850986e-06,-1.483493757570432414e-08,2.181595930486131088e-08,2.004450054576672469e-01,-1.155195219515074312e+00,2.353801692802175161e-01,7.421435809580372023e-03,3.168893881364766019e-01,2.349455570637712723e-03,2.276885369975546400e-02,-4.738120427755444959e-03,-1.155195274876890998e+00,-2.353801249217323532e-01,-7.421392538091072313e-03,3.168894354665124369e-01,-2.349501696317198279e-03,2.276885806340861115e-02,4.738112566564580026e-03
0.490000,7.488757861635209762e-04,0.000000000000000000e+00,7.051478419146687271e-01,1.000000000000000000e+00,0.000000000000000000e+00,0.000000000000000000e+00,0.000000000000000000e+00,-7.027069091591187089e-01,3.238355382341422383e-06,-4.824591918292228962e-06,1.337336779927437602e+00,-6.330089135431051783e-01,-6.204695986974572092e-06,-7.027069091591189309e-01,-3.238355382353603987e-06,4.824591918306439634e-06,1.337336779927438046e+00,-6.330089135431054004e-01,6.204695986993006070e-06,-1.339997071682509666e-08,2.204179664020127667e-08,2.065968578512568932e-01,-1.178288510438730619e+00,2.351961737549479181e-01,7.161141944199849591e-03,3.087449836528594616e-01,2.112806512242485901e-03,2.512257001509693097e-02,-4.459049513080019095e-03,-1.178288563429461977e+00,-2.351961308144940033e-01,-7.161099827766746403e-03,3.087450271754073050e-01,-2.112852895902027177e-03,2.512257671854025570e-02,4.459042040059713226e-03
0.500000,8.725444522090211510e-04,0.000000000000000000e+00,7.022944636030887811e-01,1.000000000000000000e+00,0.000000000000000000e+00,0.000000000000000000e+00,0.000000000000000000e+00,-7.158901803401039876e-01,3.232065759747863525e-06,-5.001172886737662970e-06,1.359302236661918517e+00,-6.383262168197904041e-01,-6.353033135113058161e-06,-7.158901803401037656e-01,-3.232065759759741468e-06,5.001172886752366615e-06,1.359302236661918295e+00,-6.383262168197904041e-01,6.353033135131870763e-06,-1.253645454194075848e-08,2.214521851422223502e-08,2.127766232722746453e-01,-1.201203631285551188e+00,2.349692590070373843e-01,6.837306472451452552e-03,3.006218980685461117e-01,1.943373233344005769e-03,2.725593124489728708e-02,-4.139968851547428004e-03,-1.201203682904030901e+00,-2.349692165310362513e-01,-6.837265015415740221e-03,3.006219397604281696e-01,-1.943419816257443197e-03,2.725593901013745324e-02,4.139961726959798943e-03
0.510000,1.015030573025855164e-03,0.000000000000000000e+00,6.993556901631394762e-01,1.000000000000000000e+00,0.000000000000000000e+00,0.000000000000000000e+00,0.000000000000000000e+00,-7.292254221928176072e-01,3.222303169396953523e-06,-5.181669957211261928e-06,1.381518008497325978e+00,-6.437417631361593839e-01,-6.504658327199078028e-06,-7.292254221928173852e-01,-3.222303169373199331e-06,5.181669957182251050e-06,1.381518008497325978e+00,-6.437417631361594950e-01,6.504658327161979679e-06,-1.220728032853286870e-08,2.215947274495831539e-08,2.189822420094303945e-01,-1.223994819280727731e+00,2.347058432501289427e-01,6.462941050187621245e-03,2.927040513324186688e-01,1.838401791716829823e-03,2.904113139915746530e-02,-3.796155984564766796e-03,-1.223994870453238404e+00,-2.347058003210295007e-01,-6.462899765967700973e-03,2.927040930188863910e-01,-1.838448540687402958e-03,2.904113904838874494e-02,3.796149128983932440e-03
0.520000,1.179259259259258152e-03,0.000000000000000000e+00,6.963319452609967319e-01,1.000000000000000000e+00,0.000000000000000000e+00,0.000000000000000000e+00,0.000000000000000000e+00,-7.427049099688065592e-01,3.208512397555934235e-06,-5.365544558338104826e-06,1.403984780938714039e+00,-6.492639701189307777e-01,-6.658961088996561780e-06,-7.427049099688064482e-01,-3.208512397532938984e-06,5.365544558307955536e-06,1.403984780938713817e+00,-6.492639701189307777e-01,6.658961088958828156e-06,-1.237918242751191777e-08,2.211277662954288707e-08,2.252119306547241129e-01,-1.246707408713368048e+00,2.344127662684006852e-01,6.051174961589494104e-03,2.851648886176295639e-01,1.794415744762620658e-03,3.035179233096963608e-02,-3.443229468832298412e-03,-1.246707460297659775e+00,-2.344127220008487000e-01,-6.051133373111855854e-03,2.851649319831756624e-01,-1.794462647479804288e-03,3.035179877818352731e-02,3.443222767409112074e-03
0.530000,1.368155621554467422e-03,0.000000000000000000e+00,6.932236525628354684e-01,1.000000000000000000e+00,0.000000000000000000e+00,0.000000000000000000e+00,0.000000000000000000e+00,-7.563208488871341340e-01,3.190170684828932625e-06,-5.552207209235026409e-06,1.426703595559431159e+00,-6.549016739834349066e-01,-6.815312957455963856e-06,-7.563208488871341340e-01,-3.190170684829464562e-06,5.552207209234855309e-06,1.426703595559430937e+00,-6.549016739834347955e-01,6.815312957455851201e-06,-1.302181176106975724e-08,2.202946981153794776e-08,2.314640885196961873e-01,-1.269378169672594092e+00,2.340972721732108852e-01,5.615306667699901909e-03,2.781680873983577440e-01,1.807204591700418451e-03,3.106262200359166323e-02,-3.097097886811580377e-03,-1.269378222463926287e+00,-2.340972257112291233e-01,-5.615264308175635204e-03,2.781681340017366222e-01,-1.807251653571567262e-03,3.106262624427018337e-02,3.097091192911200202e-03
0.540000,1.584644770556719413e-03,0.000000000000000000e+00,6.900312357348310499e-01,1.000000000000000000e+00,0.000000000000000000e+00,0.000000000000000000e+00,0.000000000000000000e+00,-7.700653396962887642e-01,3.166788399326325649e-06,-5.741017424194961003e-06,1.449675843002221409e+00,-6.606641618659577775e-01,-6.973065214304812866e-06,-7.700653396962888753e-01,-3.166788399315245611e-06,5.741017424179383220e-06,1.449675843002221409e+00,-6.606641618659576665e-01,6.973065214285650440e-06,-1.410748165771795481e-08,2.193069678724530403e-08,2.377372645218490677e-01,-1.292035719835648910e+00,2.337670094800625709e-01,5.168847239920435800e-03,2.718680687612924918e-01,1.871812729010714034e-03,3.104931584909584666e-02,-2.773912489070795486e-03,-1.292035774574149531e+00,-2.337669599943272558e-01,-5.168803653578313458e-03,2.718681200527268693e-01,-1.871859970829823456e-03,3.104931694905415859e-02,2.773905627414349762e-03
0.550000,1.831651816911251214e-03,0.000000000000000000e+00,6.867551184431593958e-01,1.000000000000000000e+00,0.000000000000000000e+00,0.000000000000000000e+00,0.000000000000000000e+00,-7.839303417723940681e-01,3.137911386875418785e-06,-5.931282441449613146e-06,1.472903256029314489e+00,-6.665612032471238679e-01,-7.131546475830135019e-06,-7.839303417723939571e-01,-3.137911386864566599e-06,5.931282441433542390e-06,1.472903256029314045e+00,-6.665612032471237569e-01,7.131546475810673590e-06,-1.561131299636250020e-08,2.183487841267198439e-08,2.440301539865726843e-01,-1.314701038668684374e+00,2.334300373612505919e-01,4.725554452394677141e-03,2.664104961459163312e-01,1.982535484041664936e-03,3.018855831642539705e-02,-2.490026391973840757e-03,-1.314701096047848683e+00,-2.334299840458516351e-01,-4.725509194826009625e-03,2.664105534857945101e-01,-1.982582940234471538e-03,3.018855540015694464e-02,2.490019161265323577e-03
0.560000,2.112101871263296661e-03,0.000000000000000000e+00,6.833957243539953152e-01,1.000000000000000000e+00,0.000000000000000000e+00,0.000000000000000000e+00,0.000000000000000000e+00,-7.979076326423508725e-01,3.103124090370921997e-06,-6.122255518348303784e-06,1.496387902380664325e+00,-6.726030837078610380e-01,-7.290060098676687611e-06,-7.979076326423506504e-01,-3.103124090349217202e-06,6.122255518315498198e-06,1.496387902380663881e+00,-6.726030837078608160e-01,7.290060098637536054e-06,-1.751157748215643460e-08,2.175809914566065652e-08,2.503416085159506088e-01,-1.337388097656112773e+00,2.330948312467385763e-01,4.299457333922569735e-03,2.619328577724922003e-01,2.132924001761401806e-03,2.835805129768288746e-02,-2.261963115844234894e-03,-1.337388158332374344e+00,-2.330947733150766921e-01,-4.299409971799880714e-03,2.619329224513209931e-01,-2.132971719119915090e-03,2.835804353630110713e-02,2.261955290817879282e-03
0.570000,2.428920044258092194e-03,0.000000000000000000e+00,6.799534771335145056e-01,1.000000000000000000e+00,0.000000000000000000e+00,0.000000000000000000e+00,0.000000000000000000e+00,-8.119887632170018632e-01,3.062053109500141961e-06,-6.313134010494513167e-06,1.520132177455716826e+00,-6.788006424717858422e-01,-7.447881340248964108e-06,-8.119887632170017522e-01,-3.062053109478968255e-06,6.313134010460797020e-06,1.520132177455716382e+00,-6.788006424717857312e-01,7.447881340209243345e-06,-1.979011582593406539e-08,2.171446644442926188e-08,2.566706502317160354e-01,-1.360104610047815576e+00,2.327702836748382076e-01,3.904871348262662929e-03,2.585651787229289456e-01,2.315798810987483320e-03,2.543653273415044658e-02,-2.106396862350639644e-03,-1.360104674651185119e+00,-2.327702203544983195e-01,-3.904821458300898693e-03,2.585652519824943596e-01,-2.315846847877599604e-03,2.543651933294971759e-02,2.106388195178875503e-03
0.580000,2.785031446540878371e-03,0.000000000000000000e+00,6.764288004478922200e-01,1.000000000000000000e+00,0.000000000000000000e+00,0.000000000000000000e+00,0.000000000000000000e+00,-8.261650080722833245e-01,3.014371098589485669e-06,-6.503057281366231618e-06,1.544138796879272801e+00,-6.851653146768837965e-01,-7.604254218938697929e-06,-8.261650080722835465e-01,-3.014371098600605094e-06,6.503057281382870734e-06,1.544138796879273245e+00,-6.851653146768839076e-01,7.604254218958144112e-06,-2.243277200250435867e-08,2.171646507512004340e-08,2.630164866017428160e-01,-1.382852898285006793e+00,2.324656980806194817e-01,3.556404780290350984e-03,2.564308820463570560e-01,2.523271057780000076e-03,2.130376701821122196e-02,-2.040146759005487427e-03,-1.382852967430743707e+00,-2.324656286071340727e-01,-3.556351947377342504e-03,2.564309651021243752e-01,-2.523319483852133269e-03,2.130374720378599290e-02,2.040136979997886780e-03
0.590000,3.183361188756888161e-03,0.000000000000000000e+00,6.728221179633039339e-01,1.000000000000000000e+00,0.000000000000000000e+00,0.000000000000000000e+00,0.000000000000000000e+00,-8.404273100513940387e-01,2.959800986790847132e-06,-6.691104429747503247e-06,1.568410789008781503e+00,-6.917091792270601003e-01,-7.758388020476312324e-06,-8.404273100513943717e-01,-2.959800986811643061e-06,6.691104429782432345e-06,1.568410789008781725e+00,-6.917091792270601003e-01,7.758388020516597211e-06,-2.542982879717165947e-08,2.177531174323064244e-08,2.693785249742182142e-01,-1.405630875236343780e+00,2.321907744239795901e-01,3.268957458729792286e-03,2.556478064230296443e-01,2.746770012155429815e-03,1.584049662423307747e-02,-2.080187416742350966e-03,-1.405630949537716612e+00,-2.321906980334236814e-01,-3.268901273204993189e-03,2.556479004879639305e-01,-2.746818908589554117e-03,1.584046963103999048e-02,2.080176234285940028e-03
0.600000,3.626834381551360172e-03,0.000000000000000000e+00,6.691338533459249005e-01,1.000000000000000000e+00,0.000000000000000000e+00,0.000000000000000000e+00,0.000000000000000000e+00,-8.547662183454096674e-01,2.898120541505461529e-06,-6.876291801580582569e-06,1.592951487427874069e+00,-6.984450131299350106e-01,-7.909453395929189070e-06,-8.547662183454100004e-01,-2.898120541515215113e-06,6.876291801598776837e-06,1.592951487427874735e+00,-6.984450131299350106e-01,7.909453395949875309e-06,-2.877646146963251120e-08,2.190131062305822714e-08,2.757563876387017499e-01,-1.428433135415452249e+00,2.319555864263920519e-01,3.057713600072693456e-03,2.563293849073095543e-01,2.977075258407605243e-03,8.928346233904916468e-03,-2.243678527173582384e-03,-1.428433215497696640e+00,-2.319555023467020638e-01,-3.057653654140303576e-03,2.563294912174489126e-01,-2.977124718744744974e-03,8.928311290055970101e-03,2.243665626842047175e-03
0.610000,4.089854648981344765e-03,0.000000000000000000e+00,6.651502377522915399e-01,1.000000000000000000e+00,0.000000000000000000e+00,0.000000000000000000e+00,0.000000000000000000e+00,-8.701913933880207619e-01,2.813265752167956139e-06,-7.194182109438373310e-06,1.619187153546270963e+00,-7.042255002932369390e-01,-8.171776968708728285e-06,-8.701913933880210950e-01,-2.813265752177614855e-06,7.194182109456947048e-06,1.619187153546271407e+00,-7.042255002932369390e-01,8.171776968729653386e-06,-2.451365762265601414e-08,2.451565774905328373e-08,2.823001399105819487e-01,-1.452906612621195137e+00,2.314570838647194428e-01,3.152300482590983475e-03,2.558994735559612099e-01,2.574460282644161317e-03,8.365092577567994486e-03,-2.129113751586654210e-03,-1.452906691589765265e+00,-2.314570045563913159e-01,-3.152241108620605636e-03,2.558995771549283371e-01,-2.574513507600272207e-03,8.365061739406921132e-03,2.129101059861841175e-03
0.620000,4.548724720146689326e-03,0.000000000000000000e+00,6.607020008796705701e-01,1.000000000000000000e+00,0.000000000000000000e+00,0.000000000000000000e+00,0.000000000000000000e+00,-8.872883623613038173e-01,2.797051988170391458e-06,-7.684031235316297719e-06,1.648188091368768760e+00,-7.106210691783898525e-01,-8.636880047093241800e-06,-8.872883623613035953e-01,-2.797051988179822746e-06,7.684031235335401700e-06,1.648188091368768760e+00,-7.106210691783900746e-01,8.636880047114363414e-06,-2.000356904574708141e-08,2.761684950963213615e-08,2.890010605285068257e-01,-1.480222732778269545e+00,2.308981652906322013e-01,3.321704049502561314e-03,2.549685927065648006e-01,1.977597627104661377e-03,1.214452338402947570e-02,-1.810172295970749294e-03,-1.480222810069070194e+00,-2.308980907515019165e-01,-3.321644472649382639e-03,2.549686908134181085e-01,-1.977655263556917647e-03,1.214449927976275247e-02,1.810160080081691389e-03
0.630000,5.009218363256820634e-03,0.000000000000000000e+00,6.558563142053333017e-01,1.000000000000000000e+00,0.000000000000000000e+00,0.000000000000000000e+00,0.000000000000000000e+00,-9.060040812759675433e-01,2.789788589117213226e-06,-8.252227389116431974e-06,1.679844472508909448e+00,-7.179075311265971093e-01,-9.188900452757961258e-06,-9.060040812759673212e-01,-2.789788589126265043e-06,8.252227389135915426e-06,1.679844472508909448e+00,-7.179075311265971093e-01,9.188900452779453872e-06,-1.724469884409821922e-08,3.056205393376662594e-08,2.958501294063174969e-01,-1.510551177291888258e+00,2.303276479183362091e-01,3.520356925753176033e-03,2.543743592147864607e-01,1.336972334986398069e-03,1.882723125494853433e-02,-1.332013980088286517e-03,-1.510551254717291902e+00,-2.303275745811344255e-01,-3.520295307493097065e-03,2.543744547873098560e-01,-1.337034277368830994e-03,1.882721203263308662e-02,1.332001777672935788e-03
0.640000,5.477109346521170236e-03,0.000000000000000000e+00,6.506803492065509342e-01,1.000000000000000000e+00,0.000000000000000000e+00,0.000000000000000000e+00,0.000000000000000000e+00,-9.260897260354923333e-01,2.748936174151922336e-06,-8.830878284962034627e-06,1.713678751077868601e+00,-7.259581758748577807e-01,-9.744269862837875011e-06,-9.260897260354923333e-01,-2.748936174160518873e-06,8.830878284982126249e-06,1.713678751077868601e+00,-7.259581758748576696e-01,9.744269862859677639e-06,-1.651959868484230023e-08,3.316795009919577721e-08,3.028295963748408592e-01,-1.543651691417351257e+00,2.297480384742460469e-01,3.751404293830072102e-03,2.548446033023877288e-01,7.110850260205549321e-04,2.722343806944798467e-02,-7.336509898269421692e-04,-1.543651771376033821e+00,-2.297479622288751133e-01,-3.751338978092036078e-03,2.548447014539663713e-01,-7.111509112913900251e-04,2.722342005009593252e-02,7.336380907751346948e-04
0.650000,5.958171438149161871e-03,0.000000000000000000e+00,6.452412773605942231e-01,1.000000000000000000e+00,0.000000000000000000e+00,0.000000000000000000e+00,0.000000000000000000e+00,-9.472436187794547324e-01,2.657499320816101463e-06,-9.383655687752316370e-06,1.749118471445850753e+00,-7.345335393366908550e-01,-1.026190923653663942e-05,-9.472436187794547324e-01,-2.657499320806825182e-06,9.383655687732639795e-06,1.749118471445850753e+00,-7.345335393366908550e-01,1.026190923651510276e-05,-1.757266984376219401e-08,3.540854844426328618e-08,3.099175683986549190e-01,-1.579081697204941070e+00,2.291496702287086629e-01,4.026477473804000035e-03,2.569106062685486691e-01,1.274843440376558683e-04,3.630492276055819617e-02,-5.241913356196395250e-05,-1.579081781881773727e+00,-2.291495874454073933e-01,-4.026407339065649765e-03,2.569107123668819548e-01,-1.275536894184086225e-04,3.630490184690803035e-02,5.240479397012806888e-05
0.660000,6.458178406350231424e-03,0.000000000000000000e+00,6.396062701447344789e-01,1.000000000000000000e+00,0.000000000000000000e+00,0.000000000000000000e+00,0.000000000000000000e+00,-9.691562907660830062e-01,2.512737929484931806e-06,-9.892017268822683154e-06,1.785587109847474929e+00,-7.433761627426268559e-01,-1.072430149579277963e-05,-9.691562907660830062e-01,-2.512737929493604577e-06,9.892017268843457484e-06,1.785587109847474929e+00,-7.433761627426268559e-01,1.072430149581490413e-05,-1.997617908062472238e-08,3.729829220505457452e-08,3.170908856941603293e-01,-1.616270038437547019e+00,2.285213820515036298e-01,4.353266348175795220e-03,2.608801424691983284e-01,-3.982780665461286987e-04,4.518893869304194122e-02,6.760193032130707878e-04,-1.616270129443957870e+00,-2.285212899661087649e-01,-4.353190902294533197e-03,2.608802611332187160e-01,3.982058303785120448e-04,4.518891112857893050e-02,-6.760357478232052308e-04
0.670000,6.982904019333800033e-03,0.000000000000000000e+00,6.338424990362429012e-01,1.000000000000000000e+00,0.000000000000000000e+00,0.000000000000000000e+00,0.000000000000000000e+00,-9.915231413449731024e-01,2.318376398286607833e-06,-1.034512150763748340e-05,1.822532837941805761e+00,-7.522417198310243913e-01,-1.112382014749165481e-05,-9.915231413449729914e-01,-2.318376398286324924e-06,1.034512150763799500e-05,1.822532837941805761e+00,-7.522417198310245023e-01,1.112382014749214609e-05,-2.324170174049899421e-08,3.883941434351069213e-08,3.243262837312420599e-01,-1.654546938826283897e+00,2.278538745639576979e-01,4.731473407973691217e-03,2.668256846434035601e-01,-8.569499144426692347e-04,5.314443574696321726e-02,1.418615655624956692e-03,-1.654547037031233181e+00,-2.278537714742036591e-01,-4.731392816408969137e-03,2.668258191893885800e-01,8.568754439332211276e-04,5.314439854555789988e-02,-1.418634702554585035e-03
0.680000,7.538122045309300981e-03,0.000000000000000000e+00,6.280171355123903565e-01,1.000000000000000000e+00,0.000000000000000000e+00,0.000000000000000000e+00,0.000000000000000000e+00,-1.014046145653403563e+00,2.080942733234142524e-06,-1.073443975361454758e-05,1.859435834086378359e+00,-7.609092336050091721e-01,-1.145561443147868076e-05,-1.014046145653403341e+00,-2.080942733234163276e-06,1.073443975361505919e-05,1.859435834086377914e+00,-7.609092336050091721e-01,1.145561443147916696e-05,-2.685501253024402965e-08,3.999438364884309331e-08,3.316008939742631778e-01,-1.693160501119594263e+00,2.271407000586808667e-01,5.151424271572620228e-03,2.745788607638826040e-01,-1.244076534506978818e-03,5.960324774777291112e-02,2.145905549142164935e-03,-1.693160606554950487e+00,-2.271405854703490990e-01,-5.151339367439496802e-03,2.745790128562257681e-01,1.244000585474617452e-03,5.960319896346454732e-02,-2.145927440746897910e-03
0.690000,8.129606252486152804e-03,0.000000000000000000e+00,6.221973510504482663e-01,1.000000000000000000e+00,0.000000000000000000e+00,0.000000000000000000e+00,0.000000000000000000e+00,-1.036431764539569533e+00,1.808358556962997188e-06,-1.105116335847734926e-05,1.895808040730800670e+00,-7.691843423830599935e-01,-1.171427552520936268e-05,-1.036431764539569755e+00,-1.808358556963055845e-06,1.105116335847793540e-05,1.895808040730800448e+00,-7.691843423830598825e-01,1.171427552520999965e-05,-3.029015711869400130e-08,4.067057039342064121e-08,3.388926474878403150e-01,-1.731289209646325045e+00,2.263784008268752423e-01,5.593598560874303571e-03,2.837307307167152293e-01,-1.559765799403692180e-03,6.416884818231455290e-02,2.832688027650726199e-03,-1.731289321432580186e+00,-2.263782755842180805e-01,-5.593510845164290438e-03,2.837309000970315576e-01,1.559689243472353994e-03,6.416878710567301691e-02,-2.832712660081743855e-03
0.700000,8.763130409073800059e-03,0.000000000000000000e+00,6.164503171276876081e-01,1.000000000000000000e+00,0.000000000000000000e+00,0.000000000000000000e+00,0.000000000000000000e+00,-1.058387558670466966e+00,1.509530952618187042e-06,-1.128501761146497110e-05,1.931190226282149869e+00,-7.769001849125823922e-01,-1.189233416592767535e-05,-1.058387558670467188e+00,-1.509530952618264758e-06,1.128501761146540648e-05,1.931190226282149647e+00,-7.769001849125823922e-01,1.189233416592813783e-05,-3.302022132622938763e-08,4.071359037806971972e-08,3.461807906295474302e-01,-1.768052869121898185e+00,2.255662935901196209e-01,6.028545853955669803e-03,2.936390267917941554e-01,-1.808696117010004812e-03,6.661870931605279322e-02,3.458263706073916397e-03,-1.768052985393193888e+00,-2.255661599877023527e-01,-6.028457485653565193e-03,2.936392110318266635e-01,1.808619960181973019e-03,6.661863663537938296e-02,-3.458290540693926846e-03
0.710000,9.444468283281663018e-03,0.000000000000000000e+00,6.108432052213794705e-01,1.000000000000000000e+00,0.000000000000000000e+00,0.000000000000000000e+00,0.000000000000000000e+00,-1.079618500630562750e+00,1.194326392698425003e-06,-1.142377175679822377e-05,1.965148112346721154e+00,-7.839173518902293747e-01,-1.197961940779139160e-05,-1.079618500630562972e+00,-1.194326392698540623e-06,1.142377175679858291e-05,1.965148112346721154e+00,-7.839173518902292637e-01,1.197961940779174057e-05,-3.453106282965332660e-08,3.990949720170404159e-08,3.534465764278547084e-01,-1.802522466489778985e+00,2.247061264248859658e-01,6.417054811133969180e-03,3.034437496454792660e-01,-1.999950008655224012e-03,6.689777526951981579e-02,4.006173968598846988e-03,-1.802522584319676602e+00,-2.247059882807292408e-01,-6.416968586319429096e-03,3.034439439205254829e-01,1.999875412401441906e-03,6.689769320287644594e-02,-4.006201957430643480e-03
0.720000,1.017939364331917410e-02,0.000000000000000000e+00,6.054431868087950530e-01,1.000000000000000000e+00,0.000000000000000000e+00,0.000000000000000000e+00,0.000000000000000000e+00,-1.099823501113823987e+00,8.736297412457435100e-07,-1.145314218499797105e-05,1.997268221799354038e+00,-7.901232531190579556e-01,-1.196307390556282413e-05,-1.099823501113823543e+00,-8.736297412458021671e-07,1.145314218499821669e-05,1.997268221799354038e+00,-7.901232531190581776e-01,1.196307390556311721e-05,-3.434150301753538969e-08,3.799761366558810013e-08,3.606741589657687097e-01,-1.833729429337423777e+00,2.238017839761716199e-01,6.710630394154558365e-03,3.120928645978098825e-01,-2.146467602298068184e-03,6.510129968037917103e-02,4.463447659476338716e-03,-1.833729544686727442e+00,-2.238016466334027676e-01,-6.710549713090439676e-03,3.120930615224226101e-01,2.146395908250660605e-03,6.510121205772714803e-02,-4.463475200146058315e-03
0.730000,1.097368025739575356e-02,0.000000000000000000e+00,6.003174333672053331e-01,1.000000000000000000e+00,0.000000000000000000e+00,0.000000000000000000e+00,0.000000000000000000e+00,-1.118692530195142476e+00,5.593240012220452566e-07,-1.135699290321076895e-05,2.027153671443927330e+00,-7.954308085983237131e-01,-1.182690090930091440e-05,-1.118692530195142032e+00,-5.593240012220850672e-07,1.135699290321093836e-05,2.027153671443927330e+00,-7.954308085983239351e-01,1.182690090930104146e-05,-3.203307999674390483e-08,3.469630644448002959e-08,3.678517188880132682e-01,-1.860675380862721662e+00,2.228592195362229522e-01,6.852462337042646533e-03,3.183804907660093830e-01,-2.264006149284718966e-03,6.144560856271842619e-02,4.819399888990283549e-03,-1.860675488589981885e+00,-2.228590897484322431e-01,-6.852391156496373363e-03,3.183806803778901351e-01,2.263938907698303301e-03,6.144552081173240005e-02,-4.819424828576531275e-03
0.740000,1.183310189372084424e-02,0.000000000000000000e+00,5.955331163738815103e-01,1.000000000000000000e+00,0.000000000000000000e+00,0.000000000000000000e+00,0.000000000000000000e+00,-1.135904692002365213e+00,2.640732151663179606e-07,-1.111783707028424614e-05,2.054419938126489598e+00,-7.997761552638356086e-01,-1.155305234503286383e-05,-1.135904692002365213e+00,-2.640732151663292896e-07,1.111783707028437828e-05,2.054419938126489598e+00,-7.997761552638356086e-01,1.155305234503295869e-05,-2.729207794191282522e-08,2.974337729537423384e-08,3.749728395669286174e-01,-1.882344095009031326e+00,2.218867881307391710e-01,6.779164523298009809e-03,3.210006839685468072e-01,-2.369550026950952969e-03,5.622535728623734297e-02,5.064031191137735068e-03,-1.882344189001134094e+00,-2.218866737766040098e-01,-6.779107287307651990e-03,3.210008539863082877e-01,2.369489026293645443e-03,5.622527625182498212e-02,-5.064050901351080207e-03
0.750000,1.276343232050385426e-02,0.000000000000000000e+00,5.911574073060947843e-01,1.000000000000000000e+00,0.000000000000000000e+00,0.000000000000000000e+00,0.000000000000000000e+00,-1.151127613653884607e+00,8.089285539199960709e-10,-1.071768753914121787e-05,2.078690524912371274e+00,-8.031149425203730763e-01,-1.112212874198346345e-05,-1.151127613653884607e+00,-8.089285539408542572e-10,1.071768753914127547e-05,2.078690524912371274e+00,-8.031149425203730763e-01,1.112212874198347530e-05,-1.996481544941492060e-08,2.295042988161106039e-08,3.820381004323011864e-01,-1.897717509127605950e+00,2.208961101278018591e-01,6.423614956789371923e-03,3.186202456539510841e-01,-2.479182145668694034e-03,4.975574805199748513e-02,5.186036854060423716e-03,-1.897717582615461973e+00,-2.208960196991967828e-01,-6.423576492687790157e-03,3.186203821560217864e-01,2.479129435819329031e-03,4.975568156551889165e-02,-5.186048399885374340e-03
0.760000,1.377044530595423685e-02,0.000000000000000000e+00,5.872574776411160213e-01,1.000000000000000000e+00,0.000000000000000000e+00,0.000000000000000000e+00,0.000000000000000000e+00,-1.164018491306912484e+00,-2.181588253098233592e-07,-1.013931186178611962e-05,2.099592397728750726e+00,-8.054167468364102911e-01,-1.051477504728001502e-05,-1.164018491306912484e+00,2.181588253097977629e-07,1.013931186178621619e-05,2.099592397728750726e+00,-8.054167468364102911e-01,1.051477504728006584e-05,-1.012316085783084264e-08,1.426592392643069603e-08,3.890567373870815748e-01,-1.905797048212683364e+00,2.199034846357851014e-01,5.719202064937030199e-03,3.099733610936689088e-01,-2.605538588265312889e-03,4.229829044257112092e-02,5.170355292203289953e-03,-1.905797094324467089e+00,-2.199034264598628274e-01,-5.719187423350719640e-03,3.099734497444326942e-01,2.605496483302314516e-03,4.229824656623044909e-02,-5.170355708638131424e-03
0.770000,1.485991461828140014e-02,0.000000000000000000e+00,5.839004988562166432e-01,1.000000000000000000e+00,0.000000000000000000e+00,0.000000000000000000e+00,0.000000000000000000e+00,-1.174227062477778638e+00,-3.824414711749161329e-07,-9.367918206750074669e-06,2.116751038852341615e+00,-8.066571830587632164e-01,-9.713620314360311137e-06,-1.174227062477778638e+00,3.824414711748976040e-07,9.367918206750133962e-06,2.116751038852341615e+00,-8.066571830587632164e-01,9.713620314360351795e-06,1.869226430096310899e-09,3.834564248967644011e-09,3.960480585938965237e-01,-1.905629978658287538e+00,2.189316841901786104e-01,4.605657993095093120e-03,2.939786327799799870e-01,-2.755153898198302396e-03,3.396948451878539776e-02,4.995075398372997647e-03,-1.905629991217148822e+00,-2.189316653895667930e-01,-4.605672203233110787e-03,2.939786606357083221e-01,2.755124938450998623e-03,3.396947044089716761e-02,-4.995062070893541671e-03
0.780000,1.603761402569478176e-02,0.000000000000000000e+00,5.811536424286675162e-01,1.000000000000000000e+00,0.000000000000000000e+00,0.000000000000000000e+00,0.000000000000000000e+00,-1.181400614245864178e+00,-4.852377013624248520e-07,-8.393226067956712031e-06,2.129784967994059031e+00,-8.068074520729827670e-01,-8.705713350553640926e-06,-1.181400614245864400e+00,4.852377013624229462e-07,8.393226067956808593e-06,2.129784967994059031e+00,-8.068074520729826560e-01,8.705713350553686666e-06,1.530684216782863518e-08,-7.967279201117664077e-09,4.030421775213401947e-01,-1.896338137259551582e+00,2.180117178553048207e-01,3.036426261766245020e-03,2.698748036517710225e-01,-2.926269288873368374e-03,2.463374452025022740e-02,4.627423147294778237e-03,-1.896338111748162802e+00,-2.180117431250289672e-01,-3.036473971833653085e-03,2.698747613961306469e-01,2.926256139308417142e-03,2.463376517888096404e-02,-4.627394259209553079e-03
0.790000,1.730931729640380889e-02,0.000000000000000000e+00,5.790840798357398400e-01,1.000000000000000000e+00,0.000000000000000000e+00,0.000000000000000000e+00,0.000000000000000000e+00,-1.185190871159832682e+00,-5.251997079777949956e-07,-7.211756718830579377e-06,2.138299610731011491e+00,-8.058213570704467754e-01,-7.485246916239228645e-06,-1.185190871159832460e+00,5.251997079777593144e-07,7.211756718830599706e-06,2.138299610731011491e+00,-8.058213570704469975e-01,7.485246916239237115e-06,2.912982088495694725e-08,-2.054528074834014861e-08,4.100796725489598837e-01,-1.877143848010041083e+00,2.171839197332635363e-01,9.872230420900946109e-04,2.373656597996870454e-01,-3.107980402915060895e-03,1.378504669267406960e-02,4.018512535759960827e-03,-1.877143782516267789e+00,-2.171839901052818045e-01,-9.873080268436558796e-04,2.373655440160042651e-01,3.107985670638805081e-03,1.378510334402326468e-02,-4.018467504513768829e-03
0.800000,1.868079819861790877e-02,0.000000000000000000e+00,5.777589825547048141e-01,1.000000000000000000e+00,0.000000000000000000e+00,0.000000000000000000e+00,0.000000000000000000e+00,-1.185262234390894065e+00,-5.081915449867567384e-07,-5.829027420839310921e-06,2.141880437280101912e+00,-8.036202340112371667e-01,-6.056160832045313657e-06,-1.185262234390894065e+00,5.081915449867530326e-07,5.829027420839331250e-06,2.141880437280101912e+00,-8.036202340112371667e-01,6.056160832045317892e-06,4.196608534751167524e-08,-3.317110042010545721e-08,4.172101284237410002e-01,-1.847386748729172412e+00,2.164976113349982856e-01,-1.534728409176943590e-03,1.967596767838290517e-01,-3.281875301554899611e-03,4.253151949180737634e-04,3.096615284988733612e-03,-1.847386644606287209e+00,-2.164977231745112418e-01,1.534603860184087856e-03,1.967594916758802492e-01,3.281901272208485616e-03,4.254042604351585682e-04,-3.096555074601610447e-03
0.810000,2.009155031575430780e-02,0.000000000000000000e+00,5.769318123698706779e-01,9.999987549743960535e-01,0.000000000000000000e+00,1.577989118394606096e-03,0.000000000000000000e+00,-1.184595224633822497e+00,-6.372297618325955642e-07,-1.759990010750051972e-06,2.138910800457400452e+00,-7.976318191719463657e-01,-1.916270623188623255e-06,-1.184595211941138704e+00,3.507127455565570270e-07,6.729519297452901444e-06,2.138910782948697076e+00,-7.976318143610583444e-01,6.875598026278612970e-06,1.086803555356013079e-07,-3.138319396936465743e-08,4.118954147248122255e-01,-1.777110103819975029e+00,2.137856482485237519e-01,-7.582340399442962994e-03,9.858637513151508047e-02,-4.536262979797595594e-03,8.691914385627322326e-02,1.032356935198415482e-02,-1.777109920832580237e+00,-2.137859003715075479e-01,7.582147008070241542e-03,9.858609862662671974e-02,4.536301957449550594e-03,8.691930125966898513e-02,-1.032346767780389571e-02
0.820000,2.148691742001533969e-02,0.000000000000000000e+00,5.763277994538589244e-01,9.999950196774094469e-01,0.000000000000000000e+00,3.156045053162955059e-03,0.000000000000000000e+00,-1.182028873423056403e+00,-1.083386186881222529e-06,6.451809601199367199e-06,2.128848128541986018e+00,-7.883576520617910921e-01,6.342479194958647711e-06,-1.182028823773707993e+00,-1.475148911416423676e-08,1.278563546142475126e-05,2.128848060792147390e+00,-7.883576339736629857e-01,1.287181967097868531e-05,1.271310711652433644e-07,-2.729889636408276086e-08,4.058679129401626118e-01,-1.700827251145202057e+00,2.117898054441910149e-01,-1.386781741718895802e-02,-3.064570863599506978e-03,-5.859850361141102047e-03,1.803155014388314048e-01,1.829516096615825191e-02,-1.700827080689473858e+00,-2.117900947130407219e-01,1.386760178026506633e-02,-3.064890931647364092e-03,5.859898398820727848e-03,1.803156985854905137e-01,-1.829505837624247414e-02
0.830000,2.288144856278814462e-02,0.000000000000000000e+00,5.759717678664110219e-01,9.999887938206072358e-01,0.000000000000000000e+00,4.734156018466874512e-03,0.000000000000000000e+00,-1.177458255810766463e+00,-1.807272592722455512e-06,1.856521789682342047e-05,2.113219490356100128e+00,-7.756941397234073943e-01,1.850717002057405340e-05,-1.177458148693684148e+00,-6.462800986046559242e-07,2.277975610759787155e-05,2.113219345300101359e+00,-7.756941017982366127e-01,2.282398097453987524e-05,1.188610183584381188e-07,-2.639140762715393616e-08,4.010404841185062907e-01,-1.616314188492500969e+00,2.101400018979209527e-01,-2.013159185963638367e-02,-1.023948774488872282e-01,-6.859714440306775678e-03,2.641824743761220229e-01,2.542968114552679459e-02,-1.616314032449318372e+00,-2.101402718544583548e-01,2.013137303807348982e-02,-1.023951891142567960e-01,6.859773227929823886e-03,2.641826674750725745e-01,-2.542959405702878775e-02
0.840000,2.428969279545983850e-02,0.000000000000000000e+00,5.758885416672681057e-01,9.999800771713469594e-01,0.000000000000000000e+00,6.312310225825352138e-03,0.000000000000000000e+00,-1.170835389827279416e+00,-2.832461786433120623e-06,3.356746155532455808e-05,2.092643678605677238e+00,-7.601495706293037724e-01,3.357584256277412423e-05,-1.170835211017580146e+00,-1.590906287626470571e-06,3.559021234287928570e-05,2.092643437821094743e+00,-7.601495086623195618e-01,3.561265731605123633e-05,9.937615473482089973e-08,-2.615485771715821828e-08,3.967814673770777012e-01,-1.521493811779960570e+00,2.086562877254193593e-01,-2.622232872575279428e-02,-1.925922869442079077e-01,-7.287064215372489155e-03,3.246953766376394768e-01,3.125389110235671924e-02,-1.521493675490229069e+00,-2.086565107950931752e-01,2.622211999018001991e-02,-1.925925589129151017e-01,7.287129281033978903e-03,3.246955494081809612e-01,-3.125382311187604317e-02
0.850000,2.572619916941752335e-02,0.000000000000000000e+00,5.761029449161714222e-01,9.999688695527955140e-01,0.000000000000000000e+00,7.890495884554650854e-03,0.000000000000000000e+00,-1.161435571531126865e+00,-4.139107817355469850e-06,5.062812389991759864e-05,2.065649075904681276e+00,-7.408210334584011125e-01,5.071167324430087383e-05,-1.161435306313076010e+00,-3.195085207718639623e-06,5.218008962683896900e-05,2.065648720388522985e+00,-7.408209431622149177e-01,5.230119629911634524e-05,4.349405373912456877e-08,-6.710790355622821273e-09,3.926460216046845919e-01,-1.400305455921271092e+00,2.074348134204253014e-01,-3.260568507256830784e-02,-2.748711581359976064e-01,-7.091366396569547155e-03,3.598826280392909416e-01,3.578493528802361573e-02,-1.400305394215663357e+00,-2.074349085742103471e-01,3.260559543030889379e-02,-2.748712931520357339e-01,7.091398041380638124e-03,3.598827049663911870e-01,-3.578490946053951294e-02
0.860000,2.720551673604832549e-02,0.000000000000000000e+00,5.766398016728622178e-01,9.999551708439450293e-01,0.000000000000000000e+00,9.468701202208568840e-03,0.000000000000000000e+00,-1.150395658008734445e+00,-5.963777672994180228e-06,6.796975853193405433e-05,2.036333485642236596e+00,-7.209432143219514089e-01,6.816960563909393357e-05,-1.150395311901098783e+00,-4.997950729980722421e-06,6.777385162032475952e-05,2.036333022518403535e+00,-7.209430972982965313e-01,6.796166117248581527e-05,2.575906246525196654e-08,-2.433175772396836520e-09,3.877173179308053830e-01,-1.284210067577424397e+00,2.062952881983676767e-01,-3.757115301321162920e-02,-3.177783168921314294e-01,-6.513047025157843797e-03,3.569587302540406792e-01,3.796843096057387484e-02,-1.284210038090797701e+00,-2.062953414432119326e-01,3.757109968429518665e-02,-3.177783851422059658e-01,6.513065298778220220e-03,3.569587628613344887e-01,-3.796841705426360486e-02
0.870000,2.874219454673936081e-02,0.000000000000000000e+00,5.775239359970819608e-01,9.999389809796246364e-01,0.000000000000000000e+00,1.104691438501884462e-02,0.000000000000000000e+00,-1.137242899863700751e+00,-8.278504990050275763e-06,8.501764234167083652e-05,2.003681257989487374e+00,-6.998460391160367111e-01,8.538446688216891995e-05,-1.137242477829939480e+00,-7.236397655296539820e-06,8.299311106953073918e-05,2.003680693390189838e+00,-6.998458965264436893e-01,8.328753834829782932e-05,1.691548967121610838e-08,-2.780860619709042654e-09,3.825837907589024200e-01,-1.167420947006534648e+00,2.054084371455704994e-01,-4.141441999481956099e-02,-3.341535285957307755e-01,-5.855437319375461636e-03,3.264203895559786850e-01,3.839790607142242601e-02,-1.167420931016865504e+00,-2.054084688643537104e-01,4.141437881013630695e-02,-3.341535646162596129e-01,5.855450830344502249e-03,3.264203968738709771e-01,-3.839789502566208490e-02
0.880000,3.035078165287775562e-02,0.000000000000000000e+00,5.787801719485716756e-01,9.999202999505094613e-01,0.000000000000000000e+00,1.262512363833578032e-02,0.000000000000000000e+00,-1.121988949727357632e+00,-1.107889001381003287e-05,1.008627397205898060e-04,1.968133894516078231e+00,-6.779544940422154164e-01,1.014601913062698920e-04,-1.121988460988470493e+00,-9.925268806982109502e-06,9.710102693319057246e-05,1.968133239909297894e+00,-6.779543281256870113e-01,9.756399844188937468e-05,1.032262494172005896e-08,-3.511879073457135473e-09,3.773161889527057444e-01,-1.054296067777221735e+00,2.046613174829488568e-01,-4.372312140439960082e-02,-3.235465809726636999e-01,-5.414443577605564627e-03,2.729028778417242895e-01,3.721395926322868669e-02,-1.054296061969946408e+00,-2.046613326931600307e-01,4.372308904248455030e-02,-3.235465931297067943e-01,5.414452741592168036e-03,2.729028669088122694e-01,-3.721394837613885287e-02
0.890000,3.204582710585061889e-02,0.000000000000000000e+00,5.804333335870724975e-01,9.998991278031258423e-01,0.000000000000000000e+00,1.420331716706886051e-02,0.000000000000000000e+00,-1.104689362576277922e+00,-1.431966105081248273e-05,1.147304471856344909e-04,1.930184806614725135e+00,-6.557062885680990938e-01,1.156373883750200823e-04,-1.104688819818071766e+00,-1.301774454951503799e-05,1.093751626185546379e-04,1.930184077907282081e+00,-6.557061025370110041e-01,1.100836224926437178e-04,5.126137766608329154e-09,-3.537981425453560767e-09,3.719091327246750178e-01,-9.503365719824093949e-01,2.038505585602726489e-01,-4.420463428119583704e-02,-2.866178061659993559e-01,-5.429091977635718512e-03,2.026640064418324672e-01,3.466215115895939641e-02,-9.503365765629181450e-01,-2.038505607976935641e-01,4.420461046777922343e-02,-2.866177992473469271e-01,5.429095808224323506e-03,2.026639836234107594e-01,-3.466213950903081209e-02
0.900000,3.384187995704505958e-02,0.000000000000000000e+00,5.825082449723260059e-01,9.998754646398528845e-01,0.000000000000000000e+00,1.578148317612753163e-02,0.000000000000000000e+00,-1.085426751911312326e+00,-1.789509944000659041e-05,1.259528099065783564e-04,1.890334278406541779e+00,-6.335191121961868399e-01,1.272602051587382488e-04,-1.085426170310464400e+00,-1.640949134045394751e-05,1.191865009986054017e-04,1.890333494853320140e+00,-6.335189101206594176e-01,1.202286674886957058e-04,8.348931501874428179e-10,-2.830743788016308618e-09,3.663962416930067745e-01,-8.600724295597897973e-01,2.028159259641166556e-01,-4.282037515906144537e-02,-2.261983658594495239e-01,-6.000880736523447369e-03,1.229902021089520764e-01,3.107254151299029474e-02,-8.600724447416577823e-01,-2.028159184242786239e-01,4.282035963151913094e-02,-2.261983441992778121e-01,6.000878752682167749e-03,1.229901728410124073e-01,-3.107252921921054706e-02
0.910000,3.575348925784821441e-02,0.000000000000000000e+00,5.850297301640730030e-01,9.998493106189210167e-01,0.000000000000000000e+00,1.735960987086195007e-02,0.000000000000000000e+00,-1.065850748692629635e+00,-2.154814839333586221e-05,1.346530576573644919e-04,1.852203465811082861e+00,-6.134958198843862842e-01,1.364771246342766690e-04,-1.065850146970374057e+00,-1.945744022149990566e-05,1.243497955096722397e-04,1.852202651980030756e+00,-6.134956075550039856e-01,1.256807922287467999e-04,-1.233716302893520522e-08,-2.218079430686757522e-08,3.625009261163912866e-01,-7.896377905039956291e-01,2.019534926898346461e-01,-4.017411482948766294e-02,-1.606556020957003728e-01,-6.991145422326358605e-03,5.245245865855090173e-02,2.742244273429277762e-02,-7.896378142717225268e-01,-2.019534621167240751e-01,4.017409692898362555e-02,-1.606555415276990084e-01,6.991166331673199369e-03,5.245238412419314655e-02,-2.742242519234684359e-02
0.920000,3.779520405964717500e-02,0.000000000000000000e+00,5.880226132220552904e-01,9.998206659544064401e-01,0.000000000000000000e+00,1.893768545750368001e-02,0.000000000000000000e+00,-1.043287571866622798e+00,-2.523940265043386912e-05,1.394356110223141890e-04,1.810516179443886209e+00,-5.927847414391815839e-01,1.418591659908919418e-04,-1.043286964690505636e+00,-2.280645766709571044e-05,1.276305028795030906e-04,1.810515354227860252e+00,-5.927845231102630841e-01,1.294352650160731429e-04,-2.244884442564524075e-08,-3.031088152008715425e-08,3.575158551813027441e-01,-7.305582488592614610e-01,2.006613423677938157e-01,-3.609758933524266633e-02,-7.370097603927697194e-02,-8.484169949220715656e-03,-2.381657784423865318e-02,2.307837753997489874e-02,-7.305582876513947443e-01,-2.006612936916309098e-01,3.609758230592447631e-02,-7.370087508377665131e-02,8.484195230867788359e-03,-2.381668023220765221e-02,-2.307835470888465815e-02
0.930000,3.998157341382908847e-02,0.000000000000000000e+00,5.915117182060136702e-01,9.997895309162225796e-01,0.000000000000000000e+00,2.051569814360644506e-02,0.000000000000000000e+00,-1.018985836170007264e+00,-2.855185207404181184e-05,1.399675812796776137e-04,1.768157826910931929e+00,-5.731257198875282510e-01,1.430443234938666441e-04,-1.018985241249852347e+00,-2.585839066155132141e-05,1.273896124801529356e-04,1.768157013925240717e+00,-5.731255014810878734e-01,1.297590181296988485e-04,-2.837142718285426670e-08,-3.376525636289841565e-08,3.521816515547533388e-01,-6.862631951993032331e-01,1.991627177318314179e-01,-3.111695417536530089e-02,2.099891363835430097e-02,-1.021677316166858147e-02,-9.447009364585895463e-02,1.863504379382516923e-02,-6.862632493713225479e-01,-1.991626580434672500e-01,3.111695595300225173e-02,2.099902262470922099e-02,1.021679701786540155e-02,-9.447020731370624202e-02,-1.863501639931207376e-02
0.940000,4.232714637178101869e-02,0.000000000000000000e+00,5.955218691756896110e-01,9.997559058301082047e-01,0.000000000000000000e+00,2.209363613848665947e-02,0.000000000000000000e+00,-9.932111378907284571e-01,-3.111929670208146047e-05,1.360471893091790983e-04,1.725935175432958602e+00,-5.550723361245798460e-01,1.397893799372930520e-04,-9.932105732274820742e-01,-2.820196415894182625e-05,1.230747060965269317e-04,1.725934399254614560e+00,-5.550721242328237048e-01,1.260317074956543199e-04,-2.977737902009816709e-08,-3.434834549859741953e-08,3.465940106124914544e-01,-6.537790800632548027e-01,1.976191796021879721e-01,-2.573756449021565376e-02,1.177375492008553154e-01,-1.199773710168901275e-02,-1.545494754578665142e-01,1.447818481984497647e-02,-6.537791441063485198e-01,-1.976191163284734265e-01,2.573756892049335054e-02,1.177376669989494973e-01,1.199775803355509173e-02,-1.545495924753545747e-01,-1.447815419373177023e-02
0.950000,4.484647198489014747e-02,0.000000000000000000e+00,6.000778901908242480e-01,9.997197910776111085e-01,0.000000000000000000e+00,2.367148765366397165e-02,0.000000000000000000e+00,-9.661279250995372658e-01,-3.250836029367465684e-05,1.274254676280622703e-04,1.684441172245363383e+00,-5.390545309419573217e-01,1.317688818717977438e-04,-9.661274084968253240e-01,-2.941707026375333520e-05,1.143903176103243873e-04,1.684440457736810393e+00,-5.390543326461074702e-01,1.178795312456431123e-04,-2.411443244003033927e-08,-2.960829551966276416e-08,3.405898971974974931e-01,-6.292233666272664117e-01,1.961823977356464965e-01,-2.054422716177841876e-02,2.105378429203408897e-01,-1.374794807997665839e-02,-2.006401200014932551e-01,1.099733195216882377e-02,-6.292234294887197876e-01,-1.961823426745241961e-01,2.054422624048764939e-02,2.105379556744613190e-01,1.374796344707620958e-02,-2.006402280436432040e-01,-1.099730169312610958e-02
0.960000,4.755409930454358725e-02,0.000000000000000000e+00,6.052046053111590496e-01,9.996811870960696789e-01,0.000000000000000000e+00,2.524924090330143978e-02,0.000000000000000000e+00,-9.378875625706895036e-01,-3.222461809814795630e-05,1.138834745135905099e-04,1.644257436625314650e+00,-5.255026832587540442e-01,1.186503037670216386e-04,-9.378871115128424307e-01,-2.903782741612138360e-05,1.011194736506091366e-04,1.644256808739752218e+00,-5.255025060565183814e-01,1.049775126558183039e-04,-9.953844506537609787e-09,-1.662719602717948423e-08,3.340665205758301948e-01,-6.073538682133557964e-01,1.949727469256234691e-01,-1.623965381103979061e-02,2.889085450328125471e-01,-1.546478267939760225e-02,-2.285524367514986666e-01,8.592919040996370439e-03,-6.073539128558116396e-01,-1.949727152743813419e-01,1.623964048448170785e-02,2.889086288679726389e-01,1.546478763795099305e-02,-2.285525157135103458e-01,-8.592895764143636955e-03
0.970000,5.046457738212842270e-02,0.000000000000000000e+00,6.109268385964350401e-01,9.996400943785898052e-01,0.000000000000000000e+00,2.682688410464568324e-02,0.000000000000000000e+00,-9.086310894228681878e-01,-2.971919139197953664e-05,9.524235156768371812e-05,1.605972017078462155e+00,-5.148637689963045938e-01,1.001001199096766505e-04,-9.086307210996189543e-01,-2.654956265356193842e-05,8.309008150252542393e-05,1.605971500854453726e+00,-5.148636207688724875e-01,8.700799161605794502e-05,1.256212914602447161e-08,6.631591470473498430e-09,3.270468170634895921e-01,-5.818648641409902567e-01,1.940281428891490745e-01,-1.357838599196065608e-02,3.387117656827470791e-01,-1.717382367731135409e-02,-2.325784781287275893e-01,7.653190087790287879e-03,-5.818648641302117674e-01,-1.940281502212985454e-01,1.357835558307013760e-02,3.387117537416948210e-01,1.717381115149447732e-02,-2.325784937298507882e-01,-7.653182804309031396e-03
0.980000,5.359245526903178708e-02,0.000000000000000000e+00,6.172694141063933548e-01,9.995965134740191216e-01,0.000000000000000000e+00,2.840440547846672173e-02,0.000000000000000000e+00,-8.784811523409511436e-01,-2.439210970680875135e-05,7.135832367744880656e-05,1.570173014685774415e+00,-5.076031956662577782e-01,7.577391639516016205e-05,-8.784808837814451765e-01,-2.139014357373599960e-05,6.016382294385547592e-05,1.570172635403476402e+00,-5.076030846951805620e-01,6.364416062445902146e-05,4.416377311876334455e-08,4.262943631329318539e-08,3.194563493744329574e-01,-5.470166244980797510e-01,1.933591577240147408e-01,-1.330979803749744901e-02,3.499778633426161023e-01,-1.898629692516813974e-02,-2.071239391977778566e-01,8.580625088698081576e-03,-5.470165501466566216e-01,-1.933592203894396733e-01,1.330974560690236994e-02,3.499776880366273768e-01,1.898625793527194960e-02,-2.071238488866939953e-01,-8.580645363763418285e-03
0.990000,5.695228201664079282e-02,0.000000000000000000e+00,6.242571559007756843e-01,9.995504449869173635e-01,0.000000000000000000e+00,2.998179324949747787e-02,0.000000000000000000e+00,-8.550226108748288922e-01,-1.816494832939278084e-05,5.011039427400674649e-05,1.545883208078435933e+00,-5.055142219911010759e-01,5.384675571177137171e-05,-8.550224312408958305e-01,-1.512410985937035927e-05,3.698584828518585485e-05,1.545882951043349163e+00,-5.055141443792268152e-01,3.973570962926042179e-05,9.001675412949332394e-08,9.578815053898498307e-08,3.123944894738453493e-01,-5.111980079084186279e-01,1.928182909810272627e-01,-1.520483328272786289e-02,3.284194365008638039e-01,-2.046125710407059595e-02,-1.656064274667554681e-01,1.079176273229094651e-02,-5.111978430160343256e-01,-1.928184319487439569e-01,1.520474649674706524e-02,3.284190703453987448e-01,2.046117933747086670e-02,-1.656062133633676436e-01,-1.079182337805390315e-02
1.000000,6.055860667634254541e-02,0.000000000000000000e+00,6.319148880393228307e-01,9.995018895775231726e-01,0.000000000000000000e+00,3.155903564687306817e-02,0.000000000000000000e+00,-8.166021344610006061e-01,-3.055977780912812169e-06,8.455847540150684277e-06,1.509327901738186428e+00,-5.054397412229602038e-01,9.476266827809432582e-06,-8.166021144559456602e-01,-7.752891997712238248e-07,-8.734398535934554373e-07,1.509327870570221775e+00,-5.054397300079619404e-01,-6.861339726594270865e-07,1.326867835039352731e-07,1.616860658728723030e-07,3.026482820039971822e-01,-4.347314018439475958e-01,1.933966182591547178e-01,-2.226499968081210520e-02,2.306469758245743851e-01,-2.383097011790590025e-02,-6.132858558230208645e-02,1.765144761642643140e-02,-4.347311358011007876e-01,-1.933968329241497752e-01,2.226488884300087054e-02,2.306464566069205135e-01,2.383084511723928406e-02,-6.132826515859907124e-02,-1.765156598925898129e-02
1.010000,6.441969097399438682e-02,0.000000000000000000e+00,6.404751909251155118e-01,9.991419595863070269e-01,0.000000000000000000e+00,4.141671877435980365e-02,0.000000000000000000e+00,-7.991130280246431239e-01,2.970418881893656943e-05,-2.374999403227647324e-05,1.475090951339278034e+00,-4.858285864586338043e-01,2.284998625597714269e-05,-7.991131463906619992e-01,3.047463251871712435e-05,-2.625893158825488670e-05,1.475091451502317463e+00,-4.858289664122482088e-01,2.016250534149083555e-05,8.327616100554937514e-08,1.374001736355702638e-07,2.929150165649935245e-01,-3.280078284404329136e-01,2.094956387741373216e-01,-4.615288360210173524e-02,-5.646244858973602232e-02,-4.436785462676646336e-02,2.597008596276905723e-01,5.650967856600758177e-02,-3.280076808005397693e-01,-2.094957701966826125e-01,4.615283224738901680e-02,-5.646290137117368491e-02,4.436772707430513413e-02,2.597011672476827737e-01,-5.650977801896883007e-02
1.020000,6.852470056168852297e-02,0.000000000000000000e+00,6.500920659980874428e-01,9.986848096191568436e-01,0.000000000000000000e+00,5.127037191154951157e-02,0.000000000000000000e+00,-7.785558027288872474e-01,6.561015677029576401e-05,-5.558416635822275171e-05,1.438609340858917562e+00,-4.671979137014899974e-01,3.460279219159282001e-05,-7.785563564557383964e-01,6.535633059222002413e-05,-5.564132275579227144e-05,1.438611027389391506e+00,-4.671990427751633868e-01,3.485426891676469930e-05,6.582349474509863185e-08,1.266166382166611400e-07,2.824151011766676822e-01,-2.423717451640354514e-01,2.269960900729530440e-01,-6.469693762999045861e-02,-3.296250486604936358e-01,-7.879350533570475545e-02,5.825790028127459941e-01,1.080685766658337627e-01,-2.423716785937055085e-01,-2.269961688154860935e-01,6.469690826784073312e-02,-3.296254116482122409e-01,7.879335975287077298e-02,5.825792940054431712e-01,-1.080686607783573339e-01
1.030000,7.285954038016437262e-02,0.000000000000000000e+00,6.606724688732593664e-01,9.981304841583488185e-01,0.000000000000000000e+00,6.111903626383673876e-02,0.000000000000000000e+00,-7.514376254112143938e-01,1.071990584764460718e-04,-9.085448464406787315e-05,1.395038602665018335e+00,-4.480392593573777060e-01,3.932572817404754922e-05,-7.514388790631775228e-01,1.056159136635717588e-04,-8.807688411571952015e-05,1.395042085192308212e+00,-4.480414825275481627e-01,4.298881365788468934e-05,5.456761026818854858e-08,1.379300121734579038e-07,2.712561311951252607e-01,-1.727946978808364009e-01,2.394510452748303542e-01,-7.116227830646457142e-02,-6.006619402619979287e-01,-1.388913222906058564e-01,9.160993044849937705e-01,1.828158856349221262e-01,-1.727947183341606852e-01,-2.394510843453314941e-01,7.116230376952564773e-02,-6.006622718496182900e-01,1.388911340082136514e-01,9.160996318872459687e-01,-1.828159871634516542e-01
1.040000,7.741011537016137534e-02,0.000000000000000000e+00,6.721233551656524696e-01,9.974790371416719648e-01,0.000000000000000000e+00,7.096175352204225906e-02,0.000000000000000000e+00,-7.185310470156979212e-01,1.547007472483166290e-04,-1.271844391469861032e-04,1.344277974090195116e+00,-4.274770961826876436e-01,3.850085452000406692e-05,-7.185332219063038650e-01,1.514170937607906529e-04,-1.212426638726806671e-04,1.344283798679413389e+00,-4.274807381282931251e-01,4.604374124413692482e-05,3.628975412707509589e-08,1.344422048312995808e-07,2.606356205622933908e-01,-1.339653909477182547e-01,2.216839021940185117e-01,-4.318235886771715215e-02,-8.783088530143020600e-01,-2.430889342120711172e-01,1.296974742854559715e+00,2.925956948284065828e-01,-1.339655403221297614e-01,-2.216838800197193371e-01,4.318245500380121782e-02,-8.783091536247527031e-01,2.430887524717256776e-01,1.296975131832952544e+00,-2.925958521004858315e-01
1.050000,8.216233047241898457e-02,0.000000000000000000e+00,6.843516804902876061e-01,9.967305319571789779e-01,0.000000000000000000e+00,8.079756595565955324e-02,0.000000000000000000e+00,-6.806072722158131860e-01,2.080550671084221851e-04,-1.621343055058218155e-04,1.286348247539195189e+00,-4.047640351473114628e-01,3.363703453158193619e-05,-6.806105557854128518e-01,2.027264080885898270e-04,-1.529524212627751331e-04,1.286356902772578303e+00,-4.047693968477016346e-01,4.528997500543156828e-05,3.373014810965908811e-08,1.689929182333222434e-07,2.492777003473610198e-01,-1.533478580909691247e-01,2.215098632179924032e-01,2.130295603541269844e-01,-9.981939626304294766e-01,-1.220824868505333560e+00,1.614430000000000032e+00,1.073476808010332961e+00,-1.533482007462499963e-01,-2.215107746095113239e-01,-2.130295249268197855e-01,-9.981928791057853578e-01,1.220830083253852116e+00,1.614430000000000032e+00,-1.073481897769193338e+00
1.060000,8.710209062767662602e-02,0.000000000000000000e+00,6.972644004621856295e-01,9.958850414370187254e-01,0.000000000000000000e+00,9.062551650604554199e-02,0.000000000000000000e+00,-6.383288458029872103e-01,2.670123669042704317e-04,-1.934898172251066546e-04,1.221236935635489074e+00,-3.792250949810344052e-01,2.607295537553034901e-05,-6.383334061389434044e-01,2.593159007586739550e-04,-1.811720253250717985e-04,1.221248868324141812e+00,-3.792324549534360489e-01,4.190883048693039791e-05,5.482655414251742462e-08,5.871798867378126456e-08,2.380614918800415258e-01,-8.426475614672283843e-02,9.374799165138348878e-01,-2.402797399570109627e-01,-1.047199999999999909e+00,-1.809234477443955713e+00,7.905371549751544213e-01,1.614430000000000032e+00,-8.426499839540024794e-02,-9.374809435958239012e-01,2.402805679724403787e-01,-1.047199999999999909e+00,1.809234215860874739e+00,7.905359109776792792e-01,-1.614430000000000032e+00
1.070000,9.221530077667372538e-02,0.000000000000000000e+00,7.107684706963676158e-01,9.949426478503496929e-01,0.000000000000000000e+00,1.004446488795456838e-01,0.000000000000000000e+00,-5.922442219950521114e-01,3.311160912478695092e-04,-2.193103568976379478e-04,1.148905058305489613e+00,-3.502717877703380167e-01,1.690861434762454856e-05,-5.922502249961234533e-01,3.207195157608019225e-04,-2.040330019141878596e-04,1.148920695490881050e+00,-3.502814070018416825e-01,3.697206448772596152e-05,1.519966090809952414e-07,1.504699437742046062e-07,2.206574052869169633e-01,2.569688902866170896e-02,1.271469818838501187e+00,-4.008779750866914848e-01,-1.047199999999999909e+00,-1.838324904603241716e+00,4.074002193070899169e-01,1.614430000000000032e+00,2.569666940560930840e-02,-1.271470877015568712e+00,4.008789072238913009e-01,-1.047199999999999909e+00,1.838324374858036236e+00,4.073989655645585128e-01,-1.614430000000000032e+00
1.080000,9.748786586014972222e-02,0.000000000000000000e+00,7.247708468078546407e-01,9.939034428953341660e-01,0.000000000000000000e+00,1.102540076405445491e-01,0.000000000000000000e+00,-5.428195442729613074e-01,3.996570444344305128e-04,-2.378846119920122984e-04,1.069351915308552448e+00,-3.174372690013969600e-01,7.084975169199369490e-06,-5.428271711364649477e-01,3.862564326094829821e-04,-2.199308920969083789e-04,1.069371689055798713e+00,-3.174493982520958379e-01,3.134369573383760795e-05,1.109593228608654829e-07,3.621866963351621707e-07,2.098681927132788338e-01,1.815621413366779402e+00,1.731614387878474881e+00,7.046559944957807575e-01,-1.047199999999999909e+00,-1.347188202625549724e+00,-1.405741943752461878e-02,1.555176945347102047e+00,1.815620790522635808e+00,-1.731622960736221684e+00,-7.046530406815655345e-01,-1.047199999999999909e+00,1.347185145077101298e+00,-1.406221796087226035e-02,-1.555183557303189135e+00
1.090000,1.029056908188440839e-01,0.000000000000000000e+00,7.391784844116673359e-01,9.927675276902165891e-01,0.000000000000000000e+00,1.200526383044330653e-01,0.000000000000000000e+00,-4.904161618458791616e-01,4.717336260133208844e-04,-2.477714801809576960e-04,9.825644453608637363e-01,-2.803471271020424593e-01,-2.648938493220247559e-06,-4.904256314061634092e-01,4.550644181280709367e-04,-2.275129164758344041e-04,9.825888314278495850e-01,-2.803620232682641489e-01,2.571089148400002350e-05,-2.213575371136144125e-07,-1.092450313271398451e-06,2.196329278525654682e-01,2.635776892049471964e+00,1.293079650076341069e+00,-1.884645542104921023e-01,-1.047199999999999909e+00,1.946289770266397823e-01,-2.103436522485763183e-01,1.036124916873379487e+00,2.635769543379252067e+00,-1.293197902758287832e+00,1.884115823359718001e-01,-1.047199999999999909e+00,-1.945816001043706167e-01,-2.103361563129660383e-01,-1.036235727756789737e+00
1.100000,1.084546805934962360e-01,0.000000000000000000e+00,7.538983391228271103e-01,9.915350127634837696e-01,0.000000000000000000e+00,1.298395874304832387e-01,0.000000000000000000e+00,-4.352791988388475253e-01,5.462954348388947366e-04,-2.477835179762241506e-04,8.884766837298001541e-01,-2.386902718868699758e-01,-1.172711808446467791e-05,-4.352907992050519814e-01,5.261402557323399546e-04,-2.256626159283827142e-04,8.885062633329740001e-01,-2.387082281592614597e-01,2.059163878505450816e-05,-1.002293118206325650e-07,-4.810713896540749526e-09,2.013993384602201508e-01,2.670399999999999885e+00,6.742259349431246607e-01,-4.061121312924498294e-01,-1.047199999999999909e+00,3.175979174368315783e-01,-3.476545125913514944e-01,5.105980994009969853e-01,2.670399999999999885e+00,-6.742573742219446498e-01,4.061185954767831396e-01,-1.047199999999999909e+00,-3.176028640041301254e-01,-3.476506110502207703e-01,-5.106307083273109448e-01
1.110000,1.141207401248455766e-01,0.000000000000000000e+00,7.688373665563544845e-01,9.902060180431102587e-01,0.000000000000000000e+00,1.396139027146212352e-01,0.000000000000000000e+00,-3.775136298079367347e-01,6.221865921902272438e-04,-2.369414662699515027e-04,7.868965809372521214e-01,-1.921696778055470844e-01,-1.975201665904003959e-05,-3.775277713636185917e-01,5.983795960941984274e-04,-2.134571849930608136e-04,7.869321505814173001e-01,-1.921910805243789433e-01,1.634758441148378316e-05,-2.160057123210862182e-08,9.153842568109948603e-08,1.839502527340783622e-01,2.670399999999999885e+00,7.689994397094118694e-01,-4.196759372434662461e-01,-9.995345008487275251e-01,2.718019178429987859e-01,-4.565731373230572099e-01,6.602259449495804233e-01,2.670399999999999885e+00,-7.690159294636281784e-01,4.196839056923435951e-01,-9.995358057088207238e-01,-2.718053776983246350e-01,-4.565691801268623728e-01,-6.602448872969275406e-01
1.120000,1.198897743536315730e-01,0.000000000000000000e+00,7.839025223272706455e-01,9.887806728448887972e-01,0.000000000000000000e+00,1.493746330820896473e-01,0.000000000000000000e+00,-3.178448510045743802e-01,6.972109938602421252e-04,-2.143944624950484921e-04,6.791051066761519817e-01,-1.413080996060522010e-01,-2.552953657399729289e-05,-3.178619848467639231e-01,6.709174372039796580e-04,-1.911825866470736929e-04,6.791474788709142008e-01,-1.413333338760375535e-01,1.229702506048309849e-05,7.531702871585413364e-09,7.053300115474950884e-08,1.698402419860644552e-01,2.669527891275061293e+00,7.877904531176860292e-01,-4.475083251294659226e-01,-7.664229864381063573e-01,2.064627774373912483e-01,-5.570720977414922448e-01,7.185235439137334090e-01,2.669524048976611663e+00,-7.878030837301815970e-01,4.475165585735809692e-01,-7.664240703702414059e-01,-2.064647747953309853e-01,-5.570692458574362238e-01,-7.185390150832512424e-01
1.130000,1.257476882205935675e-01,0.000000000000000000e+00,7.990007620505961139e-01,9.872591158598481575e-01,0.000000000000000000e+00,1.591208287799906473e-01,0.000000000000000000e+00,-2.547816926249939495e-01,7.715891025415345505e-04,-1.794962700619311417e-04,5.617916844393757714e-01,-8.433488967374361267e-02,-3.037680398557484040e-05,-2.548028521126848300e-01,7.422055686263299545e-04,-1.564710839118008069e-04,5.618429114793284107e-01,-8.436495415217606930e-02,9.886529919714720391e-06,5.222912365390737745e-08,3.085365637385735629e-08,1.577449424198232864e-01,2.604031080980552915e+00,7.698648383185462407e-01,-4.916972586969884929e-01,-5.313882632517249460e-01,1.192174849225330208e-01,-6.203454641859161844e-01,7.222765368597615643e-01,2.604024983131909554e+00,-7.698761252800345734e-01,4.917067729727778169e-01,-5.313887396145506870e-01,-1.192184574976735828e-01,-6.203442626358999235e-01,-7.222912157341289108e-01
1.140000,1.316803866664712219e-01,0.000000000000000000e+00,8.140390413413527426e-01,9.856414951407566072e-01,0.000000000000000000e+00,1.688515414697003558e-01,0.000000000000000000e+00,-1.907193035034737139e-01,8.410493609611612064e-04,-1.323562623903162664e-04,4.400190554522139808e-01,-2.379827932389507600e-02,-3.160974838864475864e-05,-1.907453417817825403e-01,8.119186962038324462e-04,-1.121938011980147672e-04,4.400806874983826944e-01,-2.383393030618441780e-02,6.562930302694995935e-06,7.436709048661348224e-08,4.221020666920019144e-08,1.447943854600652058e-01,2.527761613556931852e+00,7.400924711666417855e-01,-5.378660556442418361e-01,-3.230161233783325758e-01,1.784476859225508222e-02,-6.539092939261268445e-01,6.961706070574847915e-01,2.527755416015815104e+00,-7.401026044329871434e-01,5.378767295172287577e-01,-3.230161912733062191e-01,-1.784456006495411390e-02,-6.539097239505266002e-01,-6.961845327240312464e-01
1.150000,1.376737746320038647e-01,0.000000000000000000e+00,8.289243158145608303e-01,9.839279680877174306e-01,0.000000000000000000e+00,1.785658243191451389e-01,0.000000000000000000e+00,-1.220745009792649355e-01,9.064849863131357009e-04,-7.093725314835098419e-05,3.060977954989373417e-01,4.419734762987238830e-02,-3.107510910705182667e-05,-1.221075056958682015e-01,8.787027340919172222e-04,-5.423390137902526034e-05,3.061740662842071248e-01,4.415399946478101856e-02,3.823011167660576462e-06,7.520153050439081190e-08,3.949584987708956060e-08,1.332382263588919591e-01,2.445087436718012874e+00,6.990648741363616470e-01,-5.794181687320139051e-01,-1.164766596144994892e-01,-9.638345046171775676e-02,-6.648316045470785696e-01,6.437950826308368457e-01,2.445081374103713845e+00,-6.990739105197597558e-01,5.794297719210891318e-01,-1.164762523553620199e-01,9.638526704860365946e-02,-6.648336015296502088e-01,-6.438078033632742558e-01
1.160000,1.437137570579308243e-01,0.000000000000000000e+00,8.435635410852416749e-01,9.821187014328522924e-01,0.000000000000000000e+00,1.882627320949315508e-01,0.000000000000000000e+00,-5.282244346069139146e-02,9.627694600095622725e-04,2.622821750098836065e-06,1.684726449235837420e-01,1.152355901425937412e-01,-2.544244310546286592e-05,-5.286137586853607157e-02,9.431149848816029182e-04,1.268742106061525553e-05,1.685611337957536038e-01,1.151859198804665724e-01,-1.774321056613409655e-06,6.485478929786968044e-08,3.211821736267953970e-08,1.225544589089756914e-01,2.365872999342985672e+00,6.516205207911093256e-01,-6.082161468751402511e-01,7.375034076332338817e-02,-2.141360590942393838e-01,-6.468622595938412490e-01,5.725155680270868075e-01,2.365867284580252861e+00,-6.516285220019852886e-01,6.082284188841513561e-01,7.375136495709005979e-02,2.141398093670758840e-01,-6.468655772860714137e-01,-5.725266683652623367e-01
1.170000,1.497862388849917348e-01,0.000000000000000000e+00,8.578636727684159080e-01,9.802138712240781038e-01,0.000000000000000000e+00,1.979413212543212619e-01,0.000000000000000000e+00,-7.709883670464594274e-03,1.007403861094193160e-03,6.262732052487982623e-05,7.988757829003086119e-02,1.616002051655298921e-01,-1.277349584202757572e-05,-7.741697434589946136e-03,1.005970104635153968e-03,6.300107410423986349e-05,7.996024660910440451e-02,1.615590945719427851e-01,-1.150276621530830407e-05,6.793918082720684565e-08,2.679971683319988070e-08,1.109798257132183774e-01,2.301885345532534544e+00,6.112277471642970639e-01,-6.221768099354576531e-01,2.134339348683726156e-01,-3.203882896069568109e-01,-5.904103107559864894e-01,5.024110492842777109e-01,2.301880108534867020e+00,-6.112348635063770130e-01,6.221894216615211359e-01,2.134352576914158306e-01,3.203938484533964681e-01,-5.904145350280606275e-01,-5.024204227530598699e-01
1.180000,1.558771250539258968e-01,0.000000000000000000e+00,8.717316664791047165e-01,9.782136628079768359e-01,0.000000000000000000e+00,2.076006500370405905e-01,0.000000000000000000e+00,3.248730627939814403e-02,1.056509187897358877e-03,1.213481664122586113e-04,7.080853760429900794e-06,2.042809912348279855e-01,-6.309749866845882003e-06,3.248933810155089225e-02,1.062138172688695606e-03,1.185468211813370270e-04,6.747984293981294558e-06,2.042790510103743851e-01,-1.340824488512279086e-05,5.383512987801249743e-09,2.946648804623948293e-09,1.036324580762656433e-01,2.229818885291078967e+00,5.711155824890759014e-01,-6.254914788403590498e-01,3.434125287610345079e-01,-4.228618035148473120e-01,-5.033855308356594005e-01,4.315202787001981566e-01,2.229814294195140434e+00,-5.711219421132173180e-01,6.255038761982170126e-01,3.434138428837745782e-01,4.228692257693058565e-01,-5.033900914783663305e-01,-4.315277273724343887e-01
1.190000,1.619723205054727222e-01,0.000000000000000000e+00,8.850744778323289541e-01,9.761182708117605022e-01,0.000000000000000000e+00,2.172397785569175344e-01,0.000000000000000000e+00,3.371026091406401776e-02,1.113717359449434589e-03,1.345824252751352638e-04,6.519834323381593815e-04,2.046832529279049573e-01,-1.393832402675804593e-05,3.371152059838254667e-02,1.101982783758065658e-03,1.393139320274081993e-04,6.517449438843064347e-04,2.046820867219718287e-01,-3.398128320371128276e-07,-7.887131375465608243e-09,-3.633550570791929303e-08,9.315545300443375809e-02,2.193058601205207125e+00,5.669129723922650133e-01,-6.306160685099956309e-01,3.769819855442080869e-01,-5.009343492842597279e-01,-3.955150588940646306e-01,4.041954199249515600e-01,2.193054250916282033e+00,-5.669191220860944069e-01,6.306284164010745874e-01,3.769830591048955459e-01,5.009425881789946189e-01,-3.955197904792632224e-01,-4.042018612301728209e-01
1.200000,1.680577301803717616e-01,0.000000000000000000e+00,8.977990624431094746e-01,9.739278991243335293e-01,0.000000000000000000e+00,2.268577688933356984e-01,0.000000000000000000e+00,3.437397153542141176e-02,1.196853380303049144e-03,1.430140621808536835e-04,1.670213767917591964e-03,2.052723733764929559e-01,-4.268196715998660596e-05,3.437401126881679814e-02,1.132488711723808215e-03,1.707504639787285963e-04,1.670162952310527520e-03,2.052723721335319995e-01,3.371065508920146578e-05,-5.623603194125782675e-08,-5.780407072739164959e-08,8.362423752200587312e-02,2.149118533020554889e+00,5.865502919259752979e-01,-6.448885630885293763e-01,3.688642687707629486e-01,-5.992576147948939225e-01,-2.334701530410275838e-01,4.030020056545359219e-01,2.149114243973416993e+00,-5.865563628496617277e-01,6.449006897702801444e-01,3.688651355187365088e-01,5.992669027684893734e-01,-2.334752498397560383e-01,-4.030076285280344561e-01
1.210000,1.741787832948116510e-01,0.000000000000000000e+00,9.101823810004781024e-01,9.673966881158077014e-01,0.000000000000000000e+00,2.532659626214442961e-01,0.000000000000000000e+00,-1.533592270947466418e-01,1.548089593402203349e-03,7.970039356145132859e-04,3.056755634828603463e-01,1.104948935636130419e-01,1.742962838219691546e-04,-1.533397805736438635e-01,1.457540704731858597e-03,8.619969489461644504e-04,3.056463247443609865e-01,1.105076594473982099e-01,2.957210125449551293e-04,1.210262352262178007e-08,6.498582841323793740e-09,9.826652248594262840e-02,2.018563345160325095e+00,5.169838846585204095e-01,-6.370148171132345993e-01,5.264621554813256887e-01,-6.149647712503820696e-01,-1.803303737036243415e-01,3.694204901302992616e-01,2.018559699855052791e+00,-5.169887768605797573e-01,6.370267668076963208e-01,5.264634068821579804e-01,6.149747522117482434e-01,-1.803352281468757201e-01,-3.694251431152943965e-01
1.220000,1.803881601778837829e-01,0.000000000000000000e+00,9.225540869989078407e-01,9.601495557558914484e-01,0.000000000000000000e+00,2.794867270225265821e-01,0.000000000000000000e+00,-3.148908539391273576e-01,2.071712807778710533e-03,1.418755075591189400e-03,5.557428786664582177e-01,3.968744651574889620e-02,4.571344691386454570e-04,-3.148676527512559442e-01,2.021375750291852253e-03,1.473205933204329784e-03,5.557119508059333857e-01,3.969638229008606856e-02,5.375101846446671185e-04,5.128660234104992833e-08,1.384194859644695913e-08,1.139444859084911277e-01,1.915494417431607976e+00,4.676546554012103729e-01,-6.280132228525258098e-01,6.423661229075033896e-01,-6.243248446690109477e-01,-1.465152074764543288e-01,3.498408859308166363e-01,1.915491196510628935e+00,-4.676588628340889731e-01,6.280250845176073016e-01,6.423674851461754765e-01,6.243352860130191306e-01,-1.465196558258826665e-01,-3.498448543815331213e-01
1.230000,1.866826424396816342e-01,0.000000000000000000e+00,9.349001752615829774e-01,9.521918652806354855e-01,0.000000000000000000e+00,3.055006574352733262e-01,0.000000000000000000e+00,-4.274562531803569598e-01,2.702357630325169947e-03,2.014075730781154493e-03,7.114540770675741310e-01,1.463688086585967531e-02,7.300699228954530585e-04,-4.274264432611935560e-01,2.657711253124141540e-03,2.078575021197171229e-03,7.114172441142317949e-01,1.464596277279685103e-02,8.144867109009727539e-04,7.093921249756400014e-08,1.059874646316289421e-08,1.300544091326806817e-01,1.838725829239684639e+00,4.407519178759122802e-01,-6.198522469008928004e-01,7.055022027157114017e-01,-6.348803607666000381e-01,-1.014983795782420234e-01,3.463365648925239570e-01,1.838722854726864586e+00,-4.407557833520918122e-01,6.198640436507909524e-01,7.055035738228535580e-01,6.348911042448724951e-01,-1.015025850160635457e-01,-3.463401389870103819e-01
1.240000,1.930590116902986819e-01,0.000000000000000000e+00,9.472066406116878001e-01,9.435295057742064673e-01,0.000000000000000000e+00,3.312885022657468537e-01,0.000000000000000000e+00,-5.374568282345587589e-01,3.476783170709212174e-03,2.553374293319372011e-03,8.660845945757964515e-01,-7.895184092433170028e-03,1.038914672810892659e-03,-5.374205598852971333e-01,3.441913339945502307e-03,2.622007259081560442e-03,8.660416843129820075e-01,-7.886462528401270988e-03,1.121338577126295907e-03,5.113278810360713509e-08,1.241318025757446848e-08,1.492246451722921974e-01,1.777307165117466781e+00,4.280642698958117554e-01,-6.119260364527312479e-01,7.346780705963448233e-01,-6.470115808542413749e-01,-4.833897770955205425e-02,3.522026467427770147e-01,1.777304344762075106e+00,-4.280680528950539521e-01,6.119377713463504120e-01,7.346793524640180539e-01,6.470225520805091834e-01,-4.834305794883939078e-02,-3.522060477829626057e-01
1.250000,1.995140495398284586e-01,0.000000000000000000e+00,9.594594778724059303e-01,9.341688878106741978e-01,0.000000000000000000e+00,3.568311772345125199e-01,0.000000000000000000e+00,-6.404182169892727039e-01,4.361292419711204280e-03,3.012061411014144933e-03,1.013667816696092405e+00,-2.781887358904577834e-02,1.364686683885655075e-03,-6.403761833774777035e-01,4.335945541078492678e-03,3.082421372676274508e-03,1.013619713818850521e+00,-2.781106020401249990e-02,1.444357601335416854e-03,1.320693420719580556e-08,1.548178595476495707e-08,1.693639882254190376e-01,1.739070732389232044e+00,4.338856135880416187e-01,-6.043969514322250491e-01,7.172857710503590667e-01,-6.628156090567416392e-01,1.655590465475966638e-02,3.705083256000338832e-01,1.739067945929337000e+00,-4.338895983657046762e-01,6.044086369643776324e-01,7.172868774055249919e-01,6.628267546618240580e-01,1.655177131643951333e-02,-3.705118090656912555e-01
1.260000,2.060445375983644412e-01,0.000000000000000000e+00,9.716446818669215446e-01,9.241169387098699950e-01,0.000000000000000000e+00,3.821097794999474551e-01,0.000000000000000000e+00,-7.366023365204652507e-01,5.339116549915682956e-03,3.377960760410747120e-03,1.153748900615044315e+00,-4.655457645933901156e-02,1.697529742571431133e-03,-7.365551294192628218e-01,5.322518373885642105e-03,3.449204530960968754e-03,1.153696564341199382e+00,-4.654806075025124529e-02,1.775072492986439583e-03,-2.054646911228712590e-08,1.971254709280387157e-08,1.891486863177074540e-01,1.724935134738268872e+00,4.576026802128993487e-01,-5.960343520475906987e-01,6.557191966123229188e-01,-6.840847955766101718e-01,9.188920541711487200e-02,4.005735342474189276e-01,1.724932257564707472e+00,-4.576070708974395163e-01,5.960460022655583723e-01,6.557201463314757950e-01,6.840960887079429176e-01,9.188478774307361208e-02,-4.005772958829756369e-01
1.270000,2.126472574760001066e-01,0.000000000000000000e+00,9.837482474184189307e-01,9.133810974108278469e-01,0.000000000000000000e+00,4.071056016472777705e-01,0.000000000000000000e+00,-8.261888220114173009e-01,6.392136089133886555e-03,3.641515981704659521e-03,1.286791890158363483e+00,-6.492732908992311647e-02,2.026423642900379053e-03,-8.261370254707190997e-01,6.383631765885354123e-03,3.712821320532183958e-03,1.286736265950922276e+00,-6.492245373259492025e-02,2.102180892924696357e-03,-3.334233656939620974e-08,2.432618630592086990e-08,2.077482804520117132e-01,1.731782822462125448e+00,4.952443634074432666e-01,-5.850449140076029453e-01,5.635741658104406193e-01,-7.114820526431447911e-01,1.710022007583215653e-01,4.384740452182958048e-01,1.731779749356141762e+00,-4.952492463737118156e-01,5.850565595076138159e-01,5.635750871484683788e-01,7.114934752945056839e-01,1.709972602701171629e-01,-4.384781674809751228e-01
1.280000,2.193189907828289043e-01,0.000000000000000000e+00,9.957561693500819322e-01,9.019693089666008801e-01,0.000000000000000000e+00,4.318001455329913973e-01,0.000000000000000000e+00,-9.090392107746764205e-01,7.498953579156471087e-03,3.795644690141768314e-03,1.412187558464750303e+00,-8.339198343055725937e-02,2.337050794748765734e-03,-9.089834800572126339e-01,7.497857710091312272e-03,3.866291302923576412e-03,1.412128846218539957e+00,-8.338901783797689204e-02,2.411252877083203822e-03,-2.382745468592330824e-08,2.872171332632119841e-08,2.252127094532777041e-01,1.753864940220761781e+00,5.408326987469338487e-01,-5.703156148064073561e-01,4.603669390544790629e-01,-7.436836912486470830e-01,2.446022697244018551e-01,4.779482054695526894e-01,1.753861620816637990e+00,-5.408380760244970720e-01,5.703273130017304515e-01,4.603679656615512483e-01,7.436952185737317755e-01,2.445966432462127749e-01,-4.779526695122637281e-01
1.290000,2.260565191289443943e-01,0.000000000000000000e+00,1.007654442485094615e+00,8.898900186645317678e-01,0.000000000000000000e+00,4.561751359743748124e-01,0.000000000000000000e+00,-9.845656740062804779e-01,8.634324826717198684e-03,3.836310790502683171e-03,1.529690111356014848e+00,-1.022697760869705347e-01,2.611225621428536672e-03,-9.845066280322183339e-01,8.639970303004682398e-03,3.905803414476103838e-03,1.529630338013001634e+00,-1.022689818614813534e-01,2.684138132714159516e-03,-2.083759619309826772e-09,3.279920557990534847e-08,2.420956297815112235e-01,1.785661405093087684e+00,5.890049593415409568e-01,-5.521292383927610681e-01,3.628402005568122646e-01,-7.777819503810409207e-01,3.051553333286173841e-01,5.127671823285144814e-01,1.785657849954477294e+00,-5.890108024176682333e-01,5.521410608776490259e-01,3.628413885641946224e-01,7.777935506571365121e-01,3.051489730916215337e-01,-5.127719197707064636e-01
1.300000,2.328566241244400814e-01,0.000000000000000000e+00,1.019429061646641266e+00,8.771521657763201585e-01,0.000000000000000000e+00,4.802125342740555802e-01,0.000000000000000000e+00,-1.047698856515390187e+00,9.686018976494667476e-03,3.775726688326748546e-03,1.627351023789263440e+00,-1.203762458693664744e-01,2.800786378150353466e-03,-1.047638050516779940e+00,9.698832746252959713e-03,3.852021424642314978e-03,1.627291375117828176e+00,-1.203774418059264661e-01,2.881334545622434538e-03,-6.311119873455661220e-09,3.483533296152445235e-08,2.593529195219598793e-01,1.816177965984974607e+00,6.295960988076677589e-01,-5.344625767284526541e-01,2.954800395289104986e-01,-8.055562678557252054e-01,3.422121966688401740e-01,5.329198297252932814e-01,1.816174275200047594e+00,-6.296023485442184819e-01,5.344745332267460958e-01,2.954812886066903177e-01,8.055679212029078773e-01,3.422052935713091326e-01,-5.329247556126474050e-01
1.310000,2.397160873794093039e-01,0.000000000000000000e+00,1.031066021657905729e+00,8.637651769425218617e-01,0.000000000000000000e+00,5.038945515695263389e-01,0.000000000000000000e+00,-1.112280666757543335e+00,1.087319515782875744e-02,3.581390388410759552e-03,1.742633556363595071e+00,-1.419972775925144870e-01,2.963796404952993759e-03,-1.112219032200531421e+00,1.089044613707204796e-02,3.647668484906374346e-03,1.742575460350817673e+00,-1.420008945262311029e-01,3.034904408869518264e-03,3.929243747858338493e-08,3.997451133712251958e-08,2.759492001990763721e-01,1.861575267243711362e+00,6.787954243874922966e-01,-5.115786476665487026e-01,2.244051500047276326e-01,-8.379503855331652540e-01,3.736740445947444034e-01,5.505019299893695317e-01,1.861571407626862351e+00,-6.788020448800142770e-01,5.115908828810582509e-01,2.244065821880016909e-01,8.379620516619198378e-01,3.736664549948726655e-01,-5.505069689064424621e-01
1.320000,2.466316905039457885e-01,0.000000000000000000e+00,1.042551317342071737e+00,8.497389591963681044e-01,0.000000000000000000e+00,5.272036619977833460e-01,0.000000000000000000e+00,-1.160697603243638687e+00,1.184859040356352894e-02,3.326556201793648242e-03,1.830073705452341937e+00,-1.614591234929960151e-01,2.991467763987014968e-03,-1.160636965907165141e+00,1.187166874296698149e-02,3.395558360113622859e-03,1.830017737192975114e+00,-1.614643958276095193e-01,3.066770576563588886e-03,5.423624371492507456e-08,4.560702668904748640e-08,2.921512529087113563e-01,1.895769500710124955e+00,7.130877479818903408e-01,-4.942095628956483244e-01,1.945048654781870445e-01,-8.575131070116975840e-01,3.821614405593290464e-01,5.496534498235261523e-01,1.895765587643773786e+00,-7.130945898801805960e-01,4.942220267414113577e-01,1.945063721186250927e-01,8.575247862414853151e-01,3.821534820230405582e-01,-5.496585139911444040e-01
1.330000,2.536002151081428457e-01,0.000000000000000000e+00,1.053870943522323911e+00,8.350838926320717226e-01,0.000000000000000000e+00,5.501226156653320487e-01,0.000000000000000000e+00,-1.204798278189944005e+00,1.280837779405727059e-02,2.970590049335386854e-03,1.917678388901238984e+00,-1.825396106415808906e-01,2.916974923437757813e-03,-1.204740468753931593e+00,1.283554753209049763e-02,3.036830076038687411e-03,1.917626059014998052e+00,-1.825461775465483938e-01,2.990913332401734601e-03,8.139618567546308114e-08,5.150076627922530169e-08,3.085533710985067790e-01,1.928573926545815498e+00,7.434472046972672166e-01,-4.780992433713958656e-01,1.854519125455520168e-01,-8.722272860536106620e-01,3.796386317156330570e-01,5.372911232969116435e-01,1.928569996880757920e+00,-7.434541480861132090e-01,4.781119684594625774e-01,1.854534976416798986e-01,8.722389850928571331e-01,3.796304346523405870e-01,-5.372961332046893856e-01
1.340000,2.606184428020938970e-01,0.000000000000000000e+00,1.065010895021845982e+00,8.198108227230439526e-01,0.000000000000000000e+00,5.726344514139591890e-01,0.000000000000000000e+00,-1.241194219325970849e+00,1.366714792124937468e-02,2.547248874784436515e-03,1.999680052681919840e+00,-2.037244328474810684e-01,2.715183893801135888e-03,-1.241141359358851171e+00,1.369612165888942253e-02,2.607641132523024190e-03,1.999632749704298273e+00,-2.037315324256307736e-01,2.784253106817970690e-03,1.147745386522754942e-07,5.770200616388512385e-08,3.246057258923991107e-01,1.951989280404426541e+00,7.646690984218166287e-01,-4.660726618014177092e-01,2.032759091062377732e-01,-8.796954752268635325e-01,3.678469670681108195e-01,5.131986510962399661e-01,1.951985379460339898e+00,-7.646759720543343519e-01,4.660856346638399539e-01,2.032775714801894895e-01,8.797072191281066766e-01,3.678387349034182296e-01,-5.132035227524615051e-01
1.350000,2.676831551958926969e-01,0.000000000000000000e+00,1.075957166663822129e+00,8.039310522957093808e-01,0.000000000000000000e+00,5.947225093728281120e-01,0.000000000000000000e+00,-1.270177790561333397e+00,1.440570672806416007e-02,2.083542501619596414e-03,2.074162433166949260e+00,-2.240478566875703514e-01,2.383855179777724653e-03,-1.270132043644170539e+00,1.443463155049199732e-02,2.136687536699368502e-03,2.074121417985222315e+00,-2.240545587279296758e-01,2.446183756422286564e-03,1.504192462187188996e-07,6.399931722651102422e-08,3.404587047834662372e-01,1.960358438228372302e+00,7.745407686368798172e-01,-4.593680235937395162e-01,2.491065089392710263e-01,-8.799319706503487826e-01,3.506271298010387172e-01,4.790497333457123252e-01,1.960354617413623046e+00,-7.745473843080793452e-01,4.593811984240223634e-01,2.491082409287241339e-01,8.799437984322913131e-01,3.506190889692055723e-01,-4.790543864096337145e-01
1.360000,2.747911338996325559e-01,0.000000000000000000e+00,1.086695753271436526e+00,7.874563331648543052e-01,0.000000000000000000e+00,6.163704432876077055e-01,0.000000000000000000e+00,-1.292884479498844996e+00,1.502520413926091737e-02,1.606798967436745074e-03,2.138266757914161431e+00,-2.421185123619767898e-01,1.940173755154851959e-03,-1.292847708389785133e+00,1.505335734856690262e-02,1.653257728772234173e-03,2.138235298015839891e+00,-2.421240187436952684e-01,1.996099008177521904e-03,1.875486657384784321e-07,7.047745940371578191e-08,3.561625797619978884e-01,1.949684803963482871e+00,7.722804957547321214e-01,-4.582830178269784449e-01,3.218556518121611365e-01,-8.738013163331619371e-01,3.318639051996890021e-01,4.374177688279492493e-01,1.949681117084503423e+00,-7.722866646219154196e-01,4.582963325336648630e-01,3.218574500085312207e-01,8.738132659347339626e-01,3.318562692731313879e-01,-4.374221220358501805e-01
1.370000,2.819391605234068954e-01,0.000000000000000000e+00,1.097212649667872686e+00,7.703988574367055531e-01,0.000000000000000000e+00,6.375622326175059973e-01,0.000000000000000000e+00,-1.310965596516369347e+00,1.554117743893979400e-02,1.143463797947527876e-03,2.193330940043511479e+00,-2.563148418754769287e-01,1.419742302971115089e-03,-1.310939055527814867e+00,1.556839988185530071e-02,1.184107239856148830e-03,2.193307949959132586e+00,-2.563184476288847269e-01,1.470081707647750546e-03,2.287554688622093586e-07,7.805148918103158952e-08,3.715877803412864777e-01,1.918466662871823658e+00,7.584799809656695979e-01,-4.619817550030546061e-01,4.161714752080910018e-01,-8.624860966819150043e-01,3.150179243695028219e-01,3.914678630951729521e-01,1.918463165216500510e+00,-7.584855354097878033e-01,4.619951480121513021e-01,4.161733165395947176e-01,8.624981971563110417e-01,3.150108642966358286e-01,-3.914718392420449278e-01
1.380000,2.891240166773093034e-01,0.000000000000000000e+00,1.107493850676315006e+00,7.527712484861655007e-01,0.000000000000000000e+00,6.582821943912653406e-01,0.000000000000000000e+00,-1.326662944246430387e+00,1.598237621289510385e-02,7.162675450134280836e-04,2.240095380989380658e+00,-2.646526217086743737e-01,8.754791790659728493e-04,-1.326646856593622692e+00,1.600924120323367686e-02,7.524042213062138345e-04,2.240080726596955785e+00,-2.646541115125223831e-01,9.217709481851806864e-04,2.776718950558830147e-07,8.728201359529256610e-08,3.865902806938055769e-01,1.867092013644094717e+00,7.345358609905630054e-01,-4.689991833689151624e-01,5.271058369733813143e-01,-8.470301426622521834e-01,3.026201492482066824e-01,3.442776841242753960e-01,1.867088743966315523e+00,-7.345406595632777424e-01,4.690126126381256033e-01,5.271077703068938192e-01,8.470424082434011570e-01,3.026137708092556111e-01,-3.442812017235416522e-01
1.390000,2.963424839714332570e-01,0.000000000000000000e+00,1.117525351119947885e+00,7.345865516148951668e-01,0.000000000000000000e+00,6.785149948133328834e-01,0.000000000000000000e+00,-1.343995003817406664e+00,1.641208858735480891e-02,3.073122911289506059e-04,2.281981103243606146e+00,-2.649204144652283488e-01,3.337453135845837933e-04,-1.343989118456435206e+00,1.643603424068192792e-02,3.356498734221253534e-04,2.281974695580652579e+00,-2.649199541283948633e-01,3.718122259465748286e-04,3.063281995640691991e-07,9.216614464280929265e-08,4.044130956084471817e-01,1.779722268958873421e+00,6.915827111105097291e-01,-4.805263995911762676e-01,6.895711763628966651e-01,-8.205078549796985810e-01,2.866999581260047392e-01,2.854859364074703310e-01,1.779719350610516226e+00,-6.915865163125557435e-01,4.805397911639850972e-01,6.895732189109091692e-01,8.205203183799634203e-01,2.866945215017291937e-01,-2.854888156690689738e-01
1.400000,3.035913440158722887e-01,0.000000000000000000e+00,1.127293145821955056e+00,7.158582243971437498e-01,0.000000000000000000e+00,6.982456606116278497e-01,0.000000000000000000e+00,-1.364584535161166068e+00,1.685954127632412550e-02,-2.085230002806271339e-06,2.314082609028369486e+00,-2.532094615385707681e-01,-2.636695326036664371e-05,-1.364584818636085606e+00,1.688218241385795737e-02,2.204612874177316119e-05,2.314082282754594821e+00,-2.532089177965239912e-01,7.459847110593437349e-06,3.233490575615753936e-07,9.545211223978970295e-08,4.218243722648407634e-01,1.665091956947559293e+00,6.347786022689249075e-01,-4.940953506483331537e-01,8.931141439605237986e-01,-7.878111030675257753e-01,2.659498445673892930e-01,2.229889317594229980e-01,1.665089448412501616e+00,-6.347812278520617024e-01,4.941086948793111944e-01,8.931164633623617233e-01,7.878237379348861369e-01,2.659454368842839589e-01,-2.229909746549103566e-01
1.410000,3.108963191004127102e-01,0.000000000000000000e+00,1.136871327364099127e+00,6.955946699856225823e-01,1.398533009931178112e-18,7.184344473141534015e-01,1.398533009931178112e-18,-1.387620090548047802e+00,1.745922420096420249e-02,-1.401691989926571698e-04,2.342073250530225970e+00,-2.563459472381308668e-01,-7.123927514513622142e-05,-1.387621093188716959e+00,1.748565199579543358e-02,-1.138031567322088708e-04,2.342076698595861206e+00,-2.563484533908834684e-01,-3.273070734524071633e-05,3.446872458968893165e-07,9.724695958631884715e-08,4.231897176180895448e-01,1.594309798410214141e+00,5.985257192362399836e-01,-4.990713981271479582e-01,1.029728317094878109e+00,-7.657261068181735464e-01,2.249708096937508006e-01,1.789058090022417336e-01,1.594307542438694325e+00,-5.985275150374738118e-01,4.990847484701380066e-01,1.029730915412562009e+00,7.657387854136593619e-01,2.249670154231685482e-01,-1.789072111464370118e-01
1.420000,3.182815557786338179e-01,0.000000000000000000e+00,1.146335097820114113e+00,6.747619808874529834e-01,3.874380235143660657e-18,7.380354118528734686e-01,3.874380235143660657e-18,-1.412500242794946459e+00,1.811157128929213531e-02,-2.474040973809431038e-04,2.370284892531004939e+00,-2.579744641720299603e-01,-5.118471146142956142e-05,-1.412500542577970419e+00,1.813849683372213348e-02,-2.223239834753195938e-04,2.370290700153631303e+00,-2.579800379688289569e-01,-1.293062823371988795e-05,3.522736530680318668e-07,9.474558859493548882e-08,4.253317229577940339e-01,1.517045633731378906e+00,5.601381821231101732e-01,-5.022041876641439861e-01,1.176194010794473943e+00,-7.448794148668227422e-01,1.788584230470385283e-01,1.325590916248863271e-01,1.517043633421559790e+00,-5.601390991096744099e-01,5.022175497365278796e-01,1.176196969145264726e+00,7.448921607424947577e-01,1.788552363051083005e-01,-1.325597525150748468e-01
1.430000,3.257414720563189259e-01,0.000000000000000000e+00,1.155672116251139858e+00,6.533772023827362219e-01,6.347057447306335488e-18,7.570325167431772861e-01,6.347057447306335488e-18,-1.437794050855057293e+00,1.877880209861520697e-02,-3.229562232687568923e-04,2.397292533893772060e+00,-2.580039801289301660e-01,2.207817047347986677e-05,-1.437792535919945713e+00,1.880660992423710542e-02,-2.984320433301055676e-04,2.397299307676350022e+00,-2.580123404022983125e-01,6.080157774171804206e-05,3.203754617771218255e-07,9.133291062585576272e-08,4.286686410934801295e-01,1.393866684138677980e+00,4.891140499348787252e-01,-4.748455154056005489e-01,1.443376273518448993e+00,-6.833773258087277869e-01,7.947440028689946312e-02,4.562824531470784789e-02,1.393866320569771444e+00,-4.891142044513457909e-01,4.748586740608866652e-01,1.443376836753176962e+00,6.833904177742240460e-01,7.947359995833404300e-02,-4.562851539767774633e-02
1.440000,3.332704859392511265e-01,0.000000000000000000e+00,1.164870041718316207e+00,6.314578314704246687e-01,8.814541505025399237e-18,7.754102185776693412e-01,8.814541505025399237e-18,-1.463336027481801027e+00,1.945561836312664772e-02,-3.751045177483169489e-04,2.423270335859279978e+00,-2.567705654558590789e-01,1.358566733555968480e-04,-1.463331910797558200e+00,1.948908622592996145e-02,-3.469426123593183494e-04,2.423276980883702691e+00,-2.567814019963791106e-01,1.815064471363081835e-04,3.540377392744823134e-07,9.401109573565030611e-08,4.293399782234585405e-01,1.374856170072015216e+00,4.899493526543427513e-01,-4.303054838295085061e-01,1.441604492472739807e+00,-6.435905673024668872e-01,9.813632795414785337e-02,4.971870319339194433e-02,1.374855861107592059e+00,-4.899494757675890155e-01,4.303184656087478133e-01,1.441605057287340452e+00,6.436034990809803569e-01,9.813553756683907059e-02,-4.971899619736946246e-02
1.450000,3.408630154332134565e-01,0.000000000000000000e+00,1.173916533282783892e+00,6.090218025523096435e-01,1.127481351593926878e-17,7.931534807437560231e-01,1.127481351593926878e-17,-1.489249698758055906e+00,2.015213919693661926e-02,-4.052964271595840481e-04,2.448569278452025877e+00,-2.544864091398379990e-01,2.937470973737152293e-04,-1.489242222848943920e+00,2.019293923671600446e-02,-3.723988387844594456e-04,2.448574928377401871e+00,-2.544996137618025789e-01,3.482946630161553475e-04,3.532990823365231979e-07,8.623122505585179938e-08,4.321828027543540562e-01,1.354796382957211831e+00,4.903797321731218073e-01,-3.822097875408133061e-01,1.439577025103083052e+00,-6.007257122311490116e-01,1.164293971874787864e-01,5.287198862489940476e-02,1.354796108147807931e+00,-4.903798924739360410e-01,3.822225449244924245e-01,1.439577596881060018e+00,6.007384337630558013e-01,1.164286209463673977e-01,-5.287230155027891620e-02
1.460000,3.485134785439891747e-01,0.000000000000000000e+00,1.182799250005682534e+00,5.860874727591151023e-01,1.372586048857403572e-17,8.102477857265848460e-01,1.372586048857403572e-17,-1.515343831377287565e+00,2.086670267441286322e-02,-4.163365370702050471e-04,2.473225425960044355e+00,-2.513787792037855962e-01,4.909608906388591336e-04,-1.515332360399357592e+00,2.091661165472412723e-02,-3.777268027626508361e-04,2.473229434270489691e+00,-2.513943417544612369e-01,5.563868095185163162e-04,3.232066088446429621e-07,7.105732158133411582e-08,4.368418553874878207e-01,1.334220306062685379e+00,4.909199033870802475e-01,-3.356688103022145708e-01,1.437574216293165064e+00,-5.598934772661352532e-01,1.336619110293456036e-01,5.499426163956894209e-02,1.334220048447789964e+00,-4.909201539790281066e-01,3.356813046944117640e-01,1.437574790359604560e+00,5.599059467325310235e-01,1.336611561549853056e-01,-5.499459166085830797e-02
1.470000,3.562162932773613733e-01,0.000000000000000000e+00,1.191505850948152201e+00,5.626736069307161081e-01,1.616567697937052684e-17,8.266791469872565301e-01,1.616567697937052684e-17,-1.532516188368142407e+00,2.129589213337272635e-02,-4.357422976776370734e-04,2.489814531604764625e+00,-2.496567857330786733e-01,5.543932993703024493e-04,-1.532503337569002921e+00,2.138054098933405908e-02,-3.714272397456972732e-04,2.489817433847831829e+00,-2.496726312351728039e-01,6.633478258599677640e-04,2.846074844576142457e-07,5.251637456370569255e-08,4.409844734867532923e-01,1.319450740650092602e+00,4.936370299386997340e-01,-3.329395225523039681e-01,1.437264400995319269e+00,-5.615204846381773862e-01,1.428288884514770651e-01,5.642937665114818729e-02,1.319450444633422759e+00,-4.936373705711774584e-01,3.329520147033024347e-01,1.437264985906671733e+00,5.615329377901990826e-01,1.428281385677879767e-01,-5.642969558032477628e-02
1.480000,3.639658776391132555e-01,0.000000000000000000e+00,1.200023995171333624e+00,5.387993622627703649e-01,1.859226673353574232e-17,8.424341204065942668e-01,1.859226673353574232e-17,-1.555177049494303132e+00,2.188317320708099006e-02,-4.431715346318714508e-04,2.511152656524865634e+00,-2.468384451491268394e-01,6.844474598497762331e-04,-1.555161729994755104e+00,2.200379150411078608e-02,-3.551793309391999896e-04,2.511153811427017768e+00,-2.468550212616058837e-01,8.367903004609328430e-04,2.224404489950905833e-07,2.921973482658920572e-08,4.472331299068375010e-01,1.300744201293489111e+00,4.974328252776349379e-01,-3.294544677743999062e-01,1.436645305777651149e+00,-5.641132513695256145e-01,1.540510805018037443e-01,5.763824541709696575e-02,1.300743853923040483e+00,-4.974333019762262054e-01,3.294669561134287994e-01,1.436645904897748460e+00,5.641256850640804510e-01,1.540503311049059854e-01,-5.763855385711545709e-02
1.490000,3.717566496350279692e-01,0.000000000000000000e+00,1.208341341736366426e+00,5.144842726323244353e-01,2.100364431837596423e-17,8.574998152851043276e-01,2.100364431837596423e-17,-1.579415926667127712e+00,2.253567481735959527e-02,-4.352285475553568104e-04,2.533444099271782601e+00,-2.432818766736967175e-01,8.651225242463027971e-04,-1.579397330236378183e+00,2.268990086391377975e-02,-3.279817051124010599e-04,2.533443184696428485e+00,-2.432996668939758911e-01,1.056341526175766940e-03,1.450186278302241938e-07,4.586774509586079548e-09,4.546335697843759127e-01,1.281835933774945868e+00,5.018879998737615367e-01,-3.256657673875289483e-01,1.435762674266124250e+00,-5.673109538012066633e-01,1.649778903822387288e-01,5.804627278073279384e-02,1.281835527448744072e+00,-5.018886396260723304e-01,3.256782519536697840e-01,1.435763289178612512e+00,5.673233663369393609e-01,1.649771377976466114e-01,-5.804657397020394211e-02
1.500000,3.795830272708885511e-01,0.000000000000000000e+00,1.216445549704390672e+00,4.897482326152208243e-01,2.339783674777539433e-17,8.718639048901311028e-01,2.339783674777539433e-17,-1.603735769309343029e+00,2.321056467515675639e-02,-4.135459546235813817e-04,2.555474692395077962e+00,-2.393446228776752727e-01,1.073077328697634404e-03,-1.603713446384348096e+00,2.339669165228105974e-02,-2.902703628871971500e-04,2.555471658403470681e+00,-2.393640238737596015e-01,1.299939032536967434e-03,5.854008816277364155e-08,-2.022084773227087232e-08,4.626360477511848313e-01,1.264135044763509796e+00,5.068954405970119703e-01,-3.217320432169681887e-01,1.434648039902163275e+00,-5.710023710642949668e-01,1.748430591963421599e-01,5.745989825549734087e-02,1.264134574125453270e+00,-5.068962583458579418e-01,3.217445251861300037e-01,1.434648671677213994e+00,5.710147613348123263e-01,1.748423012794931841e-01,-5.746019572178766993e-02
1.510000,3.874394285524783155e-01,0.000000000000000000e+00,1.224324278136546651e+00,4.646114812083804724e-01,2.577288509649079332e-17,8.855146365415733634e-01,2.577288509649079332e-17,-1.627455993566475190e+00,2.388203313340132514e-02,-3.804949844602519178e-04,2.576817653801148911e+00,-2.353040899294840393e-01,1.286126487741264977e-03,-1.627429836380666073e+00,2.409923974556647114e-02,-2.433634563063075931e-04,2.576812664693147958e+00,-2.353253707470781553e-01,1.546778634432800954e-03,-3.124011327461506301e-08,-4.440671117386635595e-08,4.708281858387660668e-01,1.248238946470099808e+00,5.124018265288848850e-01,-3.177231265299324536e-01,1.433316218123547703e+00,-5.751372826029340635e-01,1.834583014085187647e-01,5.587136567828372008e-02,1.248238408707830427e+00,-5.124028267596797415e-01,3.177356075461924001e-01,1.433316867419967222e+00,5.751496503166666496e-01,1.834575369722632188e-01,-5.587166263772794933e-02
1.520000,3.953202714855802435e-01,0.000000000000000000e+00,1.231965186093974873e+00,4.390945852702806684e-01,2.812684610294177783e-17,8.984408412279132339e-01,2.812684610294177783e-17,-1.658397361231404910e+00,2.485710828044048609e-02,-3.027413576307288307e-04,2.603488180859450107e+00,-2.288349613117444115e-01,1.689321056714381594e-03,-1.658363411427996370e+00,2.508082756578245559e-02,-1.709581275222126233e-04,2.603480681964945642e+00,-2.288614946352517110e-01,1.952817127136534294e-03,-1.443384909964812791e-07,-7.163803044831346800e-08,4.812662096495093911e-01,1.230030276293518243e+00,5.203941078565729184e-01,-3.127542302128609175e-01,1.431039051054527889e+00,-5.813244888415506351e-01,1.937333290468929159e-01,5.267667873207684814e-02,1.230029653276215162e+00,-5.203953367970445276e-01,3.127667106658017504e-01,1.431039724720704065e+00,5.813368298982489746e-01,1.937325521848320131e-01,-5.267697966025186584e-02
1.530000,4.032199740759776496e-01,0.000000000000000000e+00,1.239355932637814739e+00,4.132184226931771009e-01,3.045779375918496269e-17,9.106319427446869508e-01,3.045779375918496269e-17,-1.683769191044122371e+00,2.575158766407753888e-02,-1.751478529963977268e-04,2.625205712716317752e+00,-2.232340798541654625e-01,2.114270854616946346e-03,-1.683726321806818138e+00,2.591342200347518734e-02,-8.338132956663459603e-05,2.625196623566999676e+00,-2.232679548266331415e-01,2.302959346286356616e-03,-2.243945393454747098e-07,-7.061713477545379212e-08,4.874398216715020160e-01,1.292235816501994261e+00,5.623944147396398030e-01,-3.140037627202441617e-01,1.251524605121668854e+00,-6.266469184518115298e-01,2.859237577232406347e-01,1.031971323820779635e-01,1.292236226931561927e+00,-5.623973457609271476e-01,3.140158754172230338e-01,1.251522202019570429e+00,6.266598220322884272e-01,2.859236514448795785e-01,-1.031993010656848397e-01
1.540000,4.111329543294535149e-01,0.000000000000000000e+00,1.246484176829206758e+00,3.870041653208395327e-01,3.276382088677124311e-17,9.220779663479224952e-01,3.276382088677124311e-17,-1.702788820583283957e+00,2.622835011112114104e-02,-1.329531860868227351e-04,2.642800841040506832e+00,-2.201557433743747405e-01,2.153611597188941681e-03,-1.702745072710443397e+00,2.642639172628797120e-02,-2.582164702591104158e-05,2.642791508228627517e+00,-2.201902419862097893e-01,2.381638958129288740e-03,-2.770716022240183174e-07,-6.058167701708241691e-08,4.911392974818543089e-01,1.322657457872087994e+00,5.860235464127268035e-01,-3.041840673935448658e-01,1.161405982086914701e+00,-6.477286238199080337e-01,3.327995839141630330e-01,1.283919114224820468e-01,1.322658325962153603e+00,-5.860272718810718429e-01,3.041958914660214952e-01,1.161402348927815353e+00,6.477418627434956555e-01,3.327995880587022448e-01,-1.283949868521415683e-01
1.550000,4.190536302517910427e-01,0.000000000000000000e+00,1.253337577729290997e+00,3.604732616257748656e-01,3.504304069719677142e-17,9.327695469154616559e-01,3.504304069719677142e-17,-1.719940821882928184e+00,2.660311958783257227e-02,-8.651483920026521994e-05,2.658859905170724680e+00,-2.174257068918613589e-01,2.103521353761062234e-03,-1.719897817684661101e+00,2.683465258303408679e-02,3.344691865033326469e-05,2.658850936893356387e+00,-2.174598196548076512e-01,2.367224086701749750e-03,-2.919123414271912663e-07,-4.390443101553722694e-08,4.930168629380029532e-01,1.351748285958840556e+00,6.077933847250766020e-01,-2.930041815580883280e-01,1.080187728039443629e+00,-6.684229794581612039e-01,3.748992586300767815e-01,1.522069306528947286e-01,1.351749224374401370e+00,-6.077975857947680582e-01,2.930157862711887939e-01,1.080183904897579428e+00,6.684364120615425842e-01,3.748989060097419057e-01,-1.522105390698537952e-01
1.560000,4.269764198487734363e-01,0.000000000000000000e+00,1.259903794399207522e+00,3.336474191601143113e-01,3.729358833567102311e-17,9.426979366094926371e-01,3.729358833567102311e-17,-1.730707190913982618e+00,2.676319148178818788e-02,-4.822166500793061741e-05,2.669473442587336987e+00,-2.160828431865314814e-01,1.957739818309337833e-03,-1.730666524435474196e+00,2.703743339248951966e-02,9.037777188301173684e-05,2.669465260842522003e+00,-2.161154148452282819e-01,2.267886631770754408e-03,-2.936004263698549698e-07,-4.024994778353543280e-08,4.947169066478229738e-01,1.359132359750310215e+00,6.166513325318975225e-01,-2.868211123486946734e-01,1.053519815095230072e+00,-6.774951604158407914e-01,3.902746377547663403e-01,1.593074165859858504e-01,1.359133228630681423e+00,-6.166556401520215669e-01,2.868326632246376295e-01,1.053516165356799039e+00,6.775086191784553957e-01,3.902740552628694570e-01,-1.593111183423826238e-01
1.570000,4.348957411261837880e-01,0.000000000000000000e+00,1.266170485900096843e+00,3.065485867945212384e-01,3.951362240693856088e-17,9.518550120340186771e-01,3.951362240693856088e-17,-1.743674887302856469e+00,2.689848085237447894e-02,6.566642663854158415e-07,2.681871241322637101e+00,-2.139919480256784190e-01,1.713240576699052217e-03,-1.743638193449452700e+00,2.721882575926965961e-02,1.569621494135643312e-04,2.681864388178704317e+00,-2.140218749456384018e-01,2.072640921686871515e-03,-2.820366821562831216e-07,-3.432354265682215966e-08,4.963598217446314464e-01,1.363688646243434111e+00,6.253335531326489338e-01,-2.797433945261861288e-01,1.030444369811219563e+00,-6.870685311889301872e-01,4.056039354215730253e-01,1.653852373397340370e-01,1.363689401485371988e+00,-6.253378992037634809e-01,2.797549162213435192e-01,1.030441025012549527e+00,6.870819900439558703e-01,4.056030787140088023e-01,-1.653889642290145567e-01
1.580000,4.428060120898054119e-01,0.000000000000000000e+00,1.272125311293098360e+00,2.791989367596526272e-01,4.170132648190645082e-17,9.602332808814113552e-01,4.170132648190645082e-17,-1.756543290153492531e+00,2.694959282690044186e-02,5.232987752967095798e-05,2.693515396546932728e+00,-2.111447206504293295e-01,1.372815426566480809e-03,-1.756512069859929914e+00,2.730906412902168665e-02,2.210231400418695815e-04,2.693510308271572562e+00,-2.111709302933320875e-01,1.772963816564346968e-03,-2.515612642842472535e-07,-2.587699327973921035e-08,4.973182737562075184e-01,1.363956108636904307e+00,6.321186073902226310e-01,-2.730753170366175819e-01,1.014808469196587293e+00,-6.955513778597594010e-01,4.192470233160097703e-01,1.699855972362815104e-01,1.363956704032523115e+00,-6.321228957277856830e-01,2.730868491857931235e-01,1.014805559035147020e+00,6.955647999433441919e-01,4.192458739736721895e-01,-1.699892580791829422e-01
1.590000,4.507016507454211784e-01,0.000000000000000000e+00,1.277755929639353027e+00,2.516208465048681564e-01,4.385491058384408232e-17,9.678258880626068317e-01,4.385491058384408232e-17,-1.768669736479157928e+00,2.688220427895825909e-02,9.982397431745822529e-05,2.703510503974339674e+00,-2.073605546436760594e-01,9.220409513546554831e-04,-1.768645611049518118e+00,2.727376923522546737e-02,2.764243223404163436e-04,2.703507533738933155e+00,-2.073817773542328546e-01,1.354717837121258671e-03,-2.039575380545803387e-07,-1.622277657051442974e-08,4.975968503996958670e-01,1.357823002686843861e+00,6.359394633857595736e-01,-2.676144712532698700e-01,1.009786053045657495e+00,-7.018742276799586621e-01,4.302608345960968750e-01,1.724688511065930741e-01,1.357823401445671374e+00,-6.359435919241545054e-01,2.676260571851516445e-01,1.009783674323826652e+00,7.018875742370600523e-01,4.302594095758699444e-01,-1.724723492500277733e-01
1.600000,4.585770750988143463e-01,0.000000000000000000e+00,1.283050000000000024e+00,2.238368803890289083e-01,4.597261265294008361e-17,9.746266213159312519e-01,4.597261265294008361e-17,-1.780072432869008292e+00,2.667603824872466500e-02,1.346532883415184540e-04,2.711471088360134729e+00,-2.022603485290674630e-01,3.480736386589499028e-04,-1.780057054935293426e+00,2.709585772743250409e-02,3.165600912618603919e-04,2.711470462406799342e+00,-2.022751604922295443e-01,8.087574066122104905e-04,-1.433467920404106247e-07,-6.535886836240256746e-09,4.973504813447807149e-01,1.343371849767151849e+00,6.361569477404487305e-01,-2.638749791013576540e-01,1.017510666998321600e+00,-7.053408175441608918e-01,4.383145136384685170e-01,1.724325417152639262e-01,1.343372031922100085e+00,-6.361608185900180512e-01,2.638866562043002406e-01,1.017508872960988908e+00,7.053540562223042931e-01,4.383128613955644681e-01,-1.724357878679950440e-01
1.610000,4.664663265998756358e-01,0.000000000000000000e+00,1.288139233072422840e+00,1.948158093946927849e-01,4.813009092758246636e-17,9.808398444240989944e-01,4.813009092758246636e-17,-1.792591992510045751e+00,2.709559448638917262e-02,1.022934348449014788e-04,2.716915904724920505e+00,-1.942419622839415272e-01,5.992972318834993185e-04,-1.792568127900210806e+00,2.755425738172990330e-02,2.949235491384310658e-04,2.716919979430685750e+00,-1.942697714617076798e-01,1.098965847310320789e-03,-8.314562231370987600e-08,3.107956450204041256e-09,4.949618774795558340e-01,1.324428203373283042e+00,6.348332179805137310e-01,-2.646136343490570475e-01,1.031740851332336062e+00,-7.031848325758259799e-01,4.420843596767092265e-01,1.709439361636439503e-01,1.324428163035441308e+00,-6.348368000328334926e-01,2.646254074830718395e-01,1.031739628826227717e+00,7.031979423966802090e-01,4.420825344815481062e-01,-1.709469026792465596e-01
1.620000,4.744029392986368054e-01,0.000000000000000000e+00,1.293142333509685882e+00,1.656231394332654816e-01,5.024517493291561032e-17,9.861891176058824593e-01,5.024517493291561032e-17,-1.804262046082830029e+00,2.788255628363758148e-02,1.395810369868133016e-04,2.720205090953293769e+00,-1.851088003111746316e-01,1.294172570428493187e-03,-1.804215815002782941e+00,2.836576069872330866e-02,3.372172193879430409e-04,2.720213051437147644e+00,-1.851626519322335795e-01,1.817241611686953515e-03,-4.298407077617511952e-08,8.155269194695147482e-09,4.930661897581160025e-01,1.303715090006053900e+00,6.335482936518079811e-01,-2.665055240347664611e-01,1.047485600979958464e+00,-6.995142861039450599e-01,4.445878075336877067e-01,1.683527124685436083e-01,1.303714854611631280e+00,-6.335516295918932617e-01,2.665173736982505148e-01,1.047484866588556107e+00,6.995272768591973556e-01,4.445858549851257058e-01,-1.683554250061634616e-01
1.630000,4.823805701010930314e-01,0.000000000000000000e+00,1.298027451306451807e+00,1.362845841879830322e-01,5.231600164646838629e-17,9.906697290786211640e-01,5.231600164646838629e-17,-1.814636726061316097e+00,2.889846706062300027e-02,2.595873878000272590e-04,2.721601881952527169e+00,-1.754286854204784585e-01,2.247909730966905252e-03,-1.814558212792261260e+00,2.938906054385170830e-02,4.559338224897124055e-04,2.721612065429610094e+00,-1.755168441423696490e-01,2.776064217550458079e-03,-2.517965235186976436e-08,9.280827718597012211e-09,4.922024389977138759e-01,1.283573090612543988e+00,6.332699365151084336e-01,-2.682880036412615410e-01,1.060957539307078257e+00,-6.960791601760325520e-01,4.475231397351412399e-01,1.655432754592274514e-01,1.283572699323060062e+00,-6.332730982152940946e-01,2.682999035222995987e-01,1.060957182291235590e+00,6.960920546775498652e-01,4.475210954779716421e-01,-1.655457881084854144e-01
1.640000,4.903928759132400450e-01,0.000000000000000000e+00,1.302762736457385051e+00,1.068259858417330566e-01,5.434074702877416011e-17,9.942777322000839746e-01,5.434074702877416011e-17,-1.823849645958241839e+00,3.006418226708805486e-02,4.459512899163363669e-04,2.721334391239544015e+00,-1.652600493641490087e-01,3.363216040973180179e-03,-1.823732403467309249e+00,3.054895689733616582e-02,6.366760088730637158e-04,2.721344966900378193e+00,-1.653871511029798291e-01,3.882575852079982182e-03,-2.695903414412765974e-08,7.941349758623822354e-09,4.923196606623255200e-01,1.265768580549940792e+00,6.345685492863254451e-01,-2.694380050614062494e-01,1.069578310505536978e+00,-6.937134254876798911e-01,4.518282111775241972e-01,1.632625768490058582e-01,1.265768073699450547e+00,-6.345716182251471826e-01,2.694499288936134107e-01,1.069578215775016883e+00,6.937262506694689135e-01,4.518261006342129682e-01,-1.632649569011175583e-01
1.650000,4.984335136410726341e-01,0.000000000000000000e+00,1.307316338957148494e+00,7.727329231457404080e-02,5.631762763003330900e-17,9.970099489447767915e-01,5.631762763003330900e-17,-1.832216967910405891e+00,3.133236359512405617e-02,6.781576478119152006e-04,2.719627031848108167e+00,-1.545023076000923423e-01,4.585336263617857330e-03,-1.832057339346660596e+00,3.180295327791662213e-02,8.608853354275803867e-04,2.719636242662502923e+00,-1.546702762029184830e-01,5.087287036922709914e-03,-4.410404620385206156e-08,5.398395723865168349e-09,4.932041385650262622e-01,1.251589768640598566e+00,6.377530507081859978e-01,-2.697060504119552227e-01,1.071723300893483222e+00,-6.928595663376551084e-01,4.579718626873348075e-01,1.620387745193537232e-01,1.251589183902549252e+00,-6.377561082993489228e-01,2.697179738332116106e-01,1.071723359957700961e+00,6.928723498099254030e-01,4.579697015316545050e-01,-1.620410938618314922e-01
1.660000,5.064961401905861971e-01,0.000000000000000000e+00,1.311656408800405460e+00,4.765253440811174912e-02,5.824490216102347689e-17,9.988639727032323501e-01,5.824490216102347689e-17,-1.840064384013452070e+00,3.267292720826947550e-02,9.375728774975750513e-04,2.716715265964464887e+00,-1.430625419532154663e-01,5.880822493826938502e-03,-1.839860886390950467e+00,3.312458831182144015e-02,1.111227192483875414e-03,2.716721555139010480e+00,-1.432713292844041419e-01,6.360641911530377432e-03,-7.195691308593042291e-08,2.651402335215098314e-09,4.945930122802331130e-01,1.241973048367813526e+00,6.429560325667803555e-01,-2.689393966519041945e-01,1.066443031653390161e+00,-6.937797388972229973e-01,4.661335352815710875e-01,1.622478641403260757e-01,1.241972420246713060e+00,-6.429591549010574836e-01,2.689512971291310173e-01,1.066443147195323737e+00,6.937925082122848863e-01,4.661313300668556980e-01,-1.622501946424882158e-01
1.670000,5.145744124677756881e-01,0.000000000000000000e+00,1.315751095981818386e+00,1.798980287687478030e-02,6.012087302687367265e-17,9.998381704018162175e-01,6.012087302687367265e-17,-1.847650461202146710e+00,3.406416693746734670e-02,1.208438333515083870e-03,2.712849883328922296e+00,-1.309312279152855529e-01,7.226067252618300490e-03,-1.847403286083614260e+00,3.449405124390482469e-02,1.372552287453041161e-03,2.712851981583445760e+00,-1.311793984756297604e-01,7.681057334482051246e-03,-1.056656863899748297e-07,5.239176299097036983e-10,4.962035065613037976e-01,1.237579945392098812e+00,6.501771521016397326e-01,-2.670159560746930838e-01,1.053286796282367987e+00,-6.966389373267095619e-01,4.763022315363369397e-01,1.641755653688823646e-01,1.237579305681246300e+00,-6.501804064461939037e-01,2.670278125104411648e-01,1.053286884699022652e+00,6.966517200791878528e-01,4.762999799051250704e-01,-1.641779758879530204e-01
1.680000,5.226619873786367831e-01,0.000000000000000000e+00,1.319568550496051706e+00,-1.168877455311878241e-02,6.194388782235112671e-17,9.999316839411812596e-01,6.194388782235112671e-17,-1.855134571999612403e+00,3.548668247300648670e-02,1.477696874874728783e-03,2.708295336141119947e+00,-1.182116440365338361e-01,8.600243562422256807e-03,-1.854845211494372981e+00,3.589225494683944556e-02,1.631871407823648999e-03,2.708292323761086973e+00,-1.184968110278379338e-01,9.028045852591853188e-03,-1.402874361312216402e-07,-2.798226696280717564e-10,4.977461959928109470e-01,1.238798456878765109e+00,6.592888639431818687e-01,-2.638321883547816715e-01,1.032276881456822171e+00,-7.015179591879063814e-01,4.882984840338713828e-01,1.680276033733830165e-01,1.238797834297591161e+00,-6.592923053343044959e-01,2.638439813886448437e-01,1.032276876839259616e+00,7.015307825447179013e-01,4.882961740963854269e-01,-1.680301562700602658e-01
1.690000,5.307525218291641034e-01,0.000000000000000000e+00,1.323076922337767858e+00,-4.135705619836002600e-02,6.371234078734390264e-17,9.991444309521050338e-01,6.371234078734390264e-17,-1.862566857202711645e+00,3.691880423612972639e-02,1.734633950457266241e-03,2.703325018451046446e+00,-1.051251820074756010e-01,9.980381071386898104e-03,-1.862237855492560934e+00,3.729660947662453985e-02,1.878170756970317344e-03,2.703316363194227634e+00,-1.054442958225250970e-01,1.037767886406074959e-02,-1.709524309756503798e-07,8.003782579924814409e-10,4.989431137451695863e-01,1.245670394749427867e+00,6.700116040647128290e-01,-2.593278119554090488e-01,1.004023888433669631e+00,-7.083768126072043092e-01,5.017311854526000925e-01,1.738808913495271391e-01,1.245669812571958079e+00,-6.700152710703276560e-01,2.593395257022623746e-01,1.004023749871965743e+00,7.083897011953768086e-01,5.017287945390171977e-01,-1.738836369891796907e-01
1.700000,5.388396727253533802e-01,0.000000000000000000e+00,1.326244361501630831e+00,-7.098890944414217030e-02,6.542467422125734026e-17,9.974771048680423080e-01,6.542467422125734026e-17,-1.869889001979381904e+00,3.833285294392845682e-02,1.970555063386688829e-03,2.698215108582632915e+00,-9.200454935807443613e-02,1.133752911164658678e-02,-1.869523830606556691e+00,3.867762490904621403e-02,2.102231739882196720e-03,2.698200679498164778e+00,-9.235403967168294426e-02,1.169912284719909837e-02,-1.931702447373383295e-07,4.055187660805761445e-09,4.995568632583747837e-01,1.257775447181871842e+00,6.818751148461764666e-01,-2.535392838470452714e-01,9.699074728199488238e-01,-7.169862417981602842e-01,5.159267483339067262e-01,1.815946565793869760e-01,1.257774918829388522e+00,-6.818790247494308510e-01,2.535509093517632762e-01,9.699071937404390997e-01,7.169992135344662731e-01,5.159242425302413837e-01,-1.815976256996621185e-01
1.710000,5.469170969731996790e-01,0.000000000000000000e+00,1.329039017982303506e+00,-1.005582337628655176e-01,6.707937985507834890e-17,9.949311743143306463e-01,6.707937985507834890e-17,-1.876939332685897632e+00,3.969190270146009253e-02,2.178542213480083763e-03,2.693237753435917092e+00,-7.928194153247969389e-02,1.263351062727040459e-02,-1.876542384692378107e+00,3.999593174321464106e-02,2.296478061948479567e-03,2.693217811851563503e+00,-7.965771834937279694e-02,1.295166883559087552e-02,-2.033162475509374546e-07,9.324165563921129072e-09,4.994278394766694107e-01,1.274137299964709813e+00,6.941961632572424268e-01,-2.466661179708654339e-01,9.321774243867846366e-01,-7.268600679336587600e-01,5.298980864778032318e-01,1.907302548626439165e-01,1.274136824349451969e+00,-6.942003084604714269e-01,2.466776575823200202e-01,9.321770385103375078e-01,7.268731287364796900e-01,5.298954234915306261e-01,-1.907334510070584632e-01
1.720000,5.549784514786979539e-01,0.000000000000000000e+00,1.331429041774448985e+00,-1.300389837040790142e-01,6.867500017989895456e-17,9.915088818145858518e-01,6.867500017989895456e-17,-1.883458128573282320e+00,4.094694095989875188e-02,2.353286501983694202e-03,2.688653836094514915e+00,-6.747650708400948494e-02,1.381808394231578106e-02,-1.883034822035461575e+00,4.119960826859939140e-02,2.454847249619415868e-03,2.688629006445890646e+00,-6.787383219990344996e-02,1.408206799773887088e-02,-1.992471350255363467e-07,1.590271718334501884e-08,4.985058324573661270e-01,1.293234232819384211e+00,7.061078332310775085e-01,-2.391178693652355469e-01,8.938163491045733045e-01,-7.372378254933391606e-01,5.424245508530315396e-01,2.005475793241441596e-01,1.293233792590985365e+00,-7.061121814708071209e-01,2.391293397841526280e-01,8.938159260684495067e-01,7.372509654242442867e-01,5.424216881479190233e-01,-2.005509754930477340e-01
1.730000,5.630173931478438254e-01,0.000000000000000000e+00,1.333382582872730593e+00,-1.594051918360083753e-01,7.021012973072912135e-17,9.872132418154273559e-01,7.021012973072912135e-17,-1.889090588436349583e+00,4.203452374427708860e-02,2.490958922225039538e-03,2.684705214407628660e+00,-5.718357234032697689e-02,1.482656927758193265e-02,-1.888647564368501897e+00,4.222195754173433541e-02,2.572659437823297292e-03,2.684676439281473925e+00,-5.759682008951687304e-02,1.502227598043048493e-02,-1.808031810378350849e-07,2.269411425462270095e-08,4.968560502737809359e-01,1.313158896875602721e+00,7.166544244897820048e-01,-2.315028838143111389e-01,8.581178401187938842e-01,-7.471586908283432971e-01,5.522587939798249135e-01,2.101224074285958365e-01,1.313158461784108111e+00,-7.166589240328323784e-01,2.315143151420118173e-01,8.581174687306969417e-01,7.471718844632846412e-01,5.522557007595149114e-01,-2.101259502547763447e-01
1.740000,5.710275788866323587e-01,0.000000000000000000e+00,1.334867791271811877e+00,-1.886309916183637747e-01,7.168341632446786740e-17,9.820480380312730517e-01,7.168341632446786740e-17,-1.889090588436349583e+00,4.203452374427708860e-02,2.490958922225039538e-03,2.684705214407628660e+00,-5.718357234032697689e-02,1.482656927758193265e-02,-1.888647564368501897e+00,4.222195754173433541e-02,2.572659437823297292e-03,2.684676439281473925e+00,-5.759682008951687304e-02,1.502227598043048493e-02,-1.808031810378350849e-07,2.269411425462270095e-08,4.968560502737809359e-01,1.313158896875602721e+00,7.166544244897820048e-01,-2.315028838143111389e-01,8.581178401187938842e-01,-7.471586908283432971e-01,5.522587939798249135e-01,2.101224074285958365e-01,1.313158461784108111e+00,-7.166589240328323784e-01,2.315143151420118173e-01,8.581174687306969417e-01,7.471718844632846412e-01,5.522557007595149114e-01,-2.101259502547763447e-01
1.750000,5.790026656010586192e-01,0.000000000000000000e+00,1.335852816966355938e+00,-2.176906401862788998e-01,7.309356225094213661e-17,9.760178201115429220e-01,7.309356225094213661e-17,-1.889090588436349583e+00,4.203452374427708860e-02,2.490958922225039538e-03,2.684705214407628660e+00,-5.718357234032697689e-02,1.482656927758193265e-02,-1.888647564368501897e+00,4.222195754173433541e-02,2.572659437823297292e-03,2.684676439281473925e+00,-5.759682008951687304e-02,1.502227598043048493e-02,-1.808031810378350849e-07,2.269411425462270095e-08,4.968560502737809359e-01,1.313158896875602721e+00,7.166544244897820048e-01,-2.315028838143111389e-01,8.581178401187938842e-01,-7.471586908283432971e-01,5.522587939798249135e-01,2.101224074285958365e-01,1.313158461784108111e+00,-7.166589240328323784e-01,2.315143151420118173e-01,8.581174687306969417e-01,7.471718844632846412e-01,5.522557007595149114e-01,-2.101259502547763447e-01
1.760000,5.869363101971181162e-01,0.000000000000000000e+00,1.336305809951026324e+00,-2.465585410253139098e-01,7.443932541596474647e-17,9.691278996332056694e-01,7.443932541596474647e-17,-1.889090588436349583e+00,4.203452374427708860e-02,2.490958922225039538e-03,2.684705214407628660e+00,-5.718357234032697689e-02,1.482656927758193265e-02,-1.888647564368501897e+00,4.222195754173433541e-02,2.572659437823297292e-03,2.684676439281473925e+00,-5.759682008951687304e-02,1.502227598043048493e-02,-1.808031810378350849e-07,2.269411425462270095e-08,4.968560502737809359e-01,1.313158896875602721e+00,7.166544244897820048e-01,-2.315028838143111389e-01,8.581178401187938842e-01,-7.471586908283432971e-01,5.522587939798249135e-01,2.101224074285958365e-01,1.313158461784108111e+00,-7.166589240328323784e-01,2.315143151420118173e-01,8.581174687306969417e-01,7.471718844632846412e-01,5.522557007595149114e-01,-2.101259502547763447e-01
1.770000,5.948221695808058040e-01,0.000000000000000000e+00,1.336194920220485916e+00,-2.752092665175486230e-01,7.571952043540390126e-17,9.613843454222005258e-01,7.571952043540390126e-17,-1.889090588436349583e+00,4.203452374427708860e-02,2.490958922225039538e-03,2.684705214407628660e+00,-5.718357234032697689e-02,1.482656927758193265e-02,-1.888647564368501897e+00,4.222195754173433541e-02,2.572659437823297292e-03,2.684676439281473925e+00,-5.759682008951687304e-02,1.502227598043048493e-02,-1.808031810378350849e-07,2.269411425462270095e-08,4.968560502737809359e-01,1.313158896875602721e+00,7.166544244897820048e-01,-2.315028838143111389e-01,8.581178401187938842e-01,-7.471586908283432971e-01,5.522587939798249135e-01,2.101224074285958365e-01,1.313158461784108111e+00,-7.166589240328323784e-01,2.315143151420118173e-01,8.581174687306969417e-01,7.471718844632846412e-01,5.522557007595149114e-01,-2.101259502547763447e-01
1.780000,6.026539006581170810e-01,0.000000000000000000e+00,1.335488297769398480e+00,-3.036175803389078998e-01,7.693301967930141631e-17,9.527939782078531650e-01,7.693301967930141631e-17,-1.882819570293046585e+00,4.118050775544412206e-02,2.443283290959092410e-03,2.682327043778536702e+00,-5.829795953117149210e-02,1.349980941057884500e-02,-1.882435193896857095e+00,4.109428448756140273e-02,2.443223684592184166e-03,2.682301600126945296e+00,-5.865743651122426461e-02,1.341394158116321345e-02,-6.772870217567215981e-08,4.042771980912402363e-08,4.888098564339281582e-01,1.331928361340561473e+00,7.139763201563525952e-01,-2.244784066704957615e-01,8.477838301772456786e-01,-7.493224892827650141e-01,5.292689530462616476e-01,2.153699590621009907e-01,1.331927857409122451e+00,-7.139806290224341989e-01,2.244899628320351226e-01,8.477838056661639587e-01,7.493355778633200570e-01,5.292656165644861188e-01,-2.153733658888775382e-01
1.790000,6.104251603350470123e-01,0.000000000000000000e+00,1.334154092592426677e+00,-3.317584596879892267e-01,7.807875426511910214e-17,9.433643646149948436e-01,7.807875426511910214e-17,-1.870646062489752071e+00,3.939855204030568575e-02,2.308117407817836080e-03,2.683569185044949901e+00,-7.027205067908683100e-02,1.144064367786445761e-02,-1.870326575155417226e+00,3.901499471340610925e-02,2.214240336178848780e-03,2.683549819968094496e+00,-7.057386215416072694e-02,1.104461588004983057e-02,1.371762481050098872e-08,3.934399699607261312e-08,4.836445004371655032e-01,1.333493018249646722e+00,7.059204153269175164e-01,-2.237414607726036508e-01,8.534039108488511438e-01,-7.469686419655333642e-01,5.148516473837279062e-01,2.192465532566844344e-01,1.333492371543556487e+00,-7.059245064492623012e-01,2.237531476572394706e-01,8.534042493388751538e-01,7.469816048045538892e-01,5.148481875792589868e-01,-2.192497606968684121e-01
1.800000,6.181296055175908855e-01,0.000000000000000000e+00,1.332160454684234052e+00,-3.596071173268143850e-01,7.915571499923918885e-17,9.331038104990777571e-01,7.915571499923918885e-17,-1.851618839614318723e+00,3.672472084155779803e-02,2.072790494177982092e-03,2.686451368950104612e+00,-9.115697773298510331e-02,8.514411600777007511e-03,-1.851378794534741523e+00,3.605746146140052788e-02,1.877866186014395897e-03,2.686441465663408135e+00,-9.138981755697266063e-02,7.818322784506798878e-03,8.175053076171518738e-08,3.401638142805129349e-08,4.795610908676943840e-01,1.323115246981775517e+00,6.931748335691055862e-01,-2.264110054966028129e-01,8.721003379512384246e-01,-7.411631627579808868e-01,5.015140538538289672e-01,2.219880915472804139e-01,1.323114441556973109e+00,-6.931786576280364320e-01,2.264228190520672923e-01,8.721010426545715566e-01,7.411759928165025935e-01,5.015105519475945295e-01,-2.219910488079711308e-01
1.810000,6.257681352280809461e-01,0.000000000000000000e+00,1.329631102802447229e+00,-3.873753400673707881e-01,8.017134553838665543e-17,9.219220931877535330e-01,8.017134553838665543e-17,-1.817121855325788182e+00,3.153700975759739233e-02,2.155640977834250970e-03,2.692672376108359522e+00,-1.471569777329850837e-01,4.131022370951499371e-03,-1.817013715520594763e+00,3.043901180381814592e-02,1.774267495881866113e-03,2.692666726821738354e+00,-1.473898175569726687e-01,2.968076253281843463e-03,1.066197212844276599e-07,3.426031698244613109e-08,4.716796394704864115e-01,1.320978705671591369e+00,6.849302956607735693e-01,-2.340772651477682487e-01,8.812488329951967403e-01,-7.317538842372477426e-01,4.776845982289742998e-01,2.070531431962654711e-01,1.320977773338714689e+00,-6.849339692609590635e-01,2.340891068211054249e-01,8.812497875482842025e-01,7.317665503307257957e-01,4.776810669245009078e-01,-2.070559431546083184e-01
1.820000,6.333490264208544440e-01,0.000000000000000000e+00,1.326701706148049942e+00,-4.147964338302886356e-01,8.111513413424514974e-17,9.099142368826168559e-01,8.111513413424514974e-17,-1.737330994595254197e+00,2.219396968259189362e-02,1.020063839792522721e-03,2.700195712757593736e+00,-2.558229741934674450e-01,-4.163082774307821227e-03,-1.737403358606296244e+00,2.101470386508749039e-02,4.347605200659857916e-04,2.700215306379108782e+00,-2.558090493015868216e-01,-5.484097229480859939e-03,9.255032041326303491e-08,2.157766166135710236e-08,4.614874929985033347e-01,1.322149125046759188e+00,6.750504004531546753e-01,-2.453040093681838341e-01,8.875817407672700332e-01,-7.184352104940888717e-01,4.411448306988166590e-01,1.828609385627219808e-01,1.322148030125705365e+00,-6.750540076426452263e-01,2.453158371278090222e-01,8.875829228929932313e-01,7.184476564471878879e-01,4.411412957768189869e-01,-1.828635985467358394e-01
1.830000,6.408770028999164481e-01,0.000000000000000000e+00,1.323358340380742293e+00,-4.418458264364449883e-01,8.198623505313854771e-17,8.970910018836968369e-01,8.198623505313854771e-17,-1.648404023282464825e+00,1.615862097660212063e-02,-3.506459816586768872e-04,2.699823275105238451e+00,-3.678229741934674335e-01,-9.658479407375034076e-03,-1.648633505811121225e+00,1.522719470571956210e-02,-9.580281459847839231e-04,2.699878362370970564e+00,-3.678090493015868101e-01,-1.077468495463665063e-02,5.405052931366314692e-08,1.201937867152088776e-08,4.539395978987518787e-01,1.331111152927299202e+00,6.695657449176078968e-01,-2.525247969089513544e-01,8.744797129588186557e-01,-7.111960770451563052e-01,4.169294234891829931e-01,1.702883769904129929e-01,1.331109996908639737e+00,-6.695694764920951947e-01,2.525365569123909637e-01,8.744808859714913174e-01,7.112084070387549861e-01,4.169258762184727685e-01,-1.702910851270800774e-01
1.840000,6.483567884692706951e-01,0.000000000000000000e+00,1.319587081160223496e+00,-4.684992787899817657e-01,8.278386769718122391e-17,8.834638791559431548e-01,8.278386769718122391e-17,-1.547330732033527667e+00,1.232964150649452570e-02,-1.599131937460755671e-03,2.688968483602957704e+00,-4.798229741934674220e-01,-1.319120150276041452e-02,-1.547648969482456227e+00,1.165983901039889352e-02,-2.159372426663298122e-03,2.689068314393922243e+00,-4.798090493015867986e-01,-1.406664784052992327e-02,1.126539081429834872e-08,7.030482929992153703e-09,4.465141323589673639e-01,1.349746611074218450e+00,6.675083009116500321e-01,-2.573575174303051605e-01,8.404458383778267150e-01,-7.083895857445424715e-01,4.010290775101298388e-01,1.673530668645404895e-01,1.349745445374403552e+00,-6.675122977185430351e-01,2.573691741528683630e-01,8.404468754518090723e-01,7.084018548065504906e-01,4.010254617833204915e-01,-1.673559685194314917e-01
1.850000,6.557931069329212548e-01,0.000000000000000000e+00,1.315374004146192544e+00,-4.947329065990791475e-01,8.350731730377574562e-17,8.690450800321160019e-01,8.350731730377574562e-17,-1.439528032836473903e+00,1.005460265334213836e-02,-2.715584811213192593e-03,2.664603405318857643e+00,-5.918229741934675214e-01,-1.536881351751775808e-02,-1.439875205388692070e+00,9.618487063282598129e-03,-3.177252374555197822e-03,2.664747160642241042e+00,-5.918090493015868425e-01,-1.600364028480645226e-02,-2.634147364594541246e-08,5.680718705904181330e-09,4.386343121182528781e-01,1.377617582906893734e+00,6.686924334346422416e-01,-2.604016830472783983e-01,7.879546019073067065e-01,-7.090138894128381608e-01,3.916798246066389710e-01,1.726974592889768123e-01,1.377616416902754937e+00,-6.686967901545146642e-01,2.604132187528557796e-01,7.879554720654065036e-01,7.090261225998398809e-01,3.916760572066071422e-01,-1.727006504723314351e-01
1.860000,6.631906820948726411e-01,0.000000000000000000e+00,1.310705184998349981e+00,-5.205232017787887466e-01,8.415593558611513590e-17,8.538475252701493989e-01,8.415593558611513590e-17,-1.333202349654648344e+00,8.871806969797056339e-03,-3.656179094625006468e-03,2.625436719623628345e+00,-6.933402515133700872e-01,-1.657665437349473483e-02,-1.333535722239105104e+00,8.615969455736737642e-03,-3.991036819196267134e-03,2.625616046385058855e+00,-6.932358885189277009e-01,-1.699502381769505549e-02,-5.204163300103012033e-08,6.676066444856559715e-09,4.300284451045272016e-01,1.412935473562235256e+00,6.724870412754045956e-01,-2.622579697922761133e-01,7.220262862615781652e-01,-7.117375509412718904e-01,3.864392224018866062e-01,1.843783136143549994e-01,1.412934281306295947e+00,-6.724918001898206876e-01,2.622693848875473632e-01,7.220270434587733321e-01,7.117497460912218799e-01,3.864352088637468818e-01,-1.843818346515718742e-01
1.870000,6.705542377591290348e-01,0.000000000000000000e+00,1.305566699376395023e+00,-5.458470535167466720e-01,8.472914131411596927e-17,8.378848334747956983e-01,8.472914131411596927e-17,-1.235903304317802709e+00,8.404442107438552662e-03,-4.366408707131799738e-03,2.572133987930945942e+00,-7.684972575933611827e-01,-1.705976777531078778e-02,-1.236203172307455578e+00,8.260069130783861263e-03,-4.593636575962902271e-03,2.572334563949599584e+00,-7.684078458232725950e-01,-1.732380045893274628e-02,-6.327778513683187963e-08,8.298653628047251896e-09,4.206796007582297992e-01,1.452974989075591861e+00,6.777770020994415834e-01,-2.636518045120229692e-01,6.493437660118372978e-01,-7.148695245926880437e-01,3.822094996733017558e-01,1.998982703604598454e-01,1.452973725594752574e+00,-6.777821589940147273e-01,2.636631145825775735e-01,6.493445091078278164e-01,7.148816575968568454e-01,3.822051620149684581e-01,-1.999021131270211360e-01
1.880000,6.778884977296943948e-01,0.000000000000000000e+00,1.299944622940027550e+00,-5.706817689828866946e-01,8.522642083526150412e-17,8.211713088939257554e-01,8.522642083526150412e-17,-1.152671673249741069e+00,8.355448565469809560e-03,-4.836039587639465176e-03,2.506406952468984262e+00,-8.085404317971874866e-01,-1.699495292691048653e-02,-1.152928283847677315e+00,8.269853285031833826e-03,-4.997740093835344524e-03,2.506616891914019263e+00,-8.085076563228105195e-01,-1.717218654482083329e-02,-6.232694629566218607e-08,9.325032416604520398e-09,4.107790890307937981e-01,1.494876131800653374e+00,6.832889065192061517e-01,-2.653637852031336397e-01,5.764563861256833954e-01,-7.166658711894738909e-01,3.760344226274108803e-01,2.167639810405634082e-01,1.494874756286872275e+00,-6.832944288498846719e-01,2.653750117048950807e-01,5.764572025077582262e-01,7.166779076985789754e-01,3.760297254623076735e-01,-2.167681123141552701e-01
1.890000,6.851981858105730128e-01,0.000000000000000000e+00,1.293825031348946331e+00,-5.950050936646019695e-01,8.564732853488837606e-17,8.037219286004197993e-01,8.564732853488837606e-17,-1.084758760787039478e+00,8.546305489137725683e-03,-5.089110981048582637e-03,2.431307276817443963e+00,-8.225433854708934511e-01,-1.652720615477012295e-02,-1.084962168221642154e+00,8.492545481872995281e-03,-5.212340776424916750e-03,2.431515597466298306e+00,-8.225499087421606070e-01,-1.665612137829600159e-02,-5.404576393506793382e-08,9.563413250080014386e-09,4.005762529759126500e-01,1.536342002275876029e+00,6.879450040149276413e-01,-2.680870059624526069e-01,5.083304766549505693e-01,-7.156843463158030216e-01,3.657919702747788882e-01,2.330411438213627062e-01,1.536340491745967318e+00,-6.879508475455892169e-01,2.680981668070572255e-01,5.083314105018361673e-01,7.156962526142736092e-01,3.657869275209085225e-01,-2.330455275104010571e-01
1.900000,6.924880258057694027e-01,0.000000000000000000e+00,1.287194000262851912e+00,-6.187952313091200640e-01,8.599148723550399452e-17,7.855523290711400319e-01,8.599148723550399452e-17,-1.032463280606681799e+00,8.871775717043683257e-03,-5.156563179250503622e-03,2.350762685420840992e+00,-8.170852581777076074e-01,-1.576064664261143944e-02,-1.032633635017535134e+00,8.835884600158109420e-03,-5.257830757527667126e-03,2.350964382653075724e+00,-8.171154478309077263e-01,-1.586296605337681950e-02,-4.281796767649763948e-08,9.441749115063439251e-09,3.902565501348485566e-01,1.575793050584014976e+00,6.909929525963282027e-01,-2.723297617877595278e-01,4.481095495487886771e-01,-7.109462824550810689e-01,3.503363838105878481e-01,2.475200486828472157e-01,1.575791398734001092e+00,-6.909990682650133387e-01,2.723408679864229853e-01,4.481106054475665346e-01,7.109580298847125723e-01,3.503310479111989562e-01,-2.475246545276342247e-01
1.910000,6.997627415192873013e-01,0.000000000000000000e+00,1.280037605341442841e+00,-6.420308634552378546e-01,8.625858853477725168e-17,7.666787921750032320e-01,8.625858853477725168e-17,-9.903986597009434290e-01,9.272358888808921937e-03,-5.065662192158556718e-03,2.265189370292599591e+00,-7.966680235670922094e-01,-1.476703487236778745e-02,-9.905432073155321371e-01,9.248117863777485445e-03,-5.151353104690620764e-03,2.265379360353706684e+00,-7.967104691721820231e-01,-1.485146777782583513e-02,-3.118070957331840243e-08,9.404684260882780165e-09,3.799141326209087288e-01,1.612131729926873591e+00,6.919386568264651594e-01,-2.783980373907774530e-01,3.976600199746683217e-01,-7.019113663244919143e-01,3.292614291799607629e-01,2.595656099067435996e-01,1.612129939821028035e+00,-6.919449909514960861e-01,2.784090947389796233e-01,3.976611809236731965e-01,7.019229312323866932e-01,3.292558762471470835e-01,-2.595704119337713389e-01
1.920000,7.070270567551312224e-01,0.000000000000000000e+00,1.272341922244419665e+00,-6.646911685368982470e-01,8.644839308189936218e-17,7.471182305827188674e-01,8.644839308189936218e-17,-9.564852447178893158e-01,9.713086857859536127e-03,-4.839946265546271088e-03,2.176049264192078780e+00,-7.650093195350179398e-01,-1.359683992909159131e-02,-9.566083815241956945e-01,9.696989964361562436e-03,-4.912879002241649778e-03,2.176223465737574969e+00,-7.650559308808739800e-01,-1.366741970870312232e-02,-2.008965370912859354e-08,9.674276043461237136e-09,3.695798898917573294e-01,1.644460537725070504e+00,6.904329422947500516e-01,-2.864143830355841969e-01,3.581731836427314297e-01,-6.883962113044757025e-01,3.026148716932057781e-01,2.689020602459328280e-01,1.644458616351536229e+00,-6.904394354805848399e-01,2.864253949209824568e-01,3.581744255215651984e-01,6.884075743171309547e-01,3.026091903187219656e-01,-2.689070325167564612e-01
1.930000,7.142856953173052359e-01,0.000000000000000000e+00,1.264093026631481154e+00,-6.867558405415055134e-01,8.656073079206739023e-17,7.268881726112556008e-01,8.656073079206739023e-17,-9.293842766560801438e-01,1.017276758516013138e-02,-4.499353347691936213e-03,2.085061693297344920e+00,-7.252564131306007411e-01,-1.228664741518276787e-02,-9.294887889044270990e-01,1.016249978134500624e-02,-4.561267975607880866e-03,2.085217127195448938e+00,-7.253017957406516780e-01,-1.234581607229197527e-02,-9.647282792936148334e-09,1.028536376498851776e-08,3.592545202041454999e-01,1.671915000003251217e+00,6.861978999153252046e-01,-2.963344993619418388e-01,3.305213865632771197e-01,-6.705133925724154897e-01,2.707074958983958224e-01,2.754616798295465019e-01,1.671912956546502738e+00,-6.862044869723071816e-01,2.963454686143892070e-01,3.305226852618363131e-01,6.705245386536525798e-01,2.707017798837233480e-01,-2.754667930793422981e-01
1.940000,7.215433810098136336e-01,0.000000000000000000e+00,1.255276994162327409e+00,7.082051072062035546e-01,-2.509169058480311386e-17,-7.060067465166672829e-01,-2.509169058480311386e-17,-9.082648930538269605e-01,1.063824224934382598e-02,-4.060608842169843684e-03,1.994016620415469010e+00,-6.800553277046004208e-01,-1.086242053329491801e-02,-9.083525278619408727e-01,1.063218463599637995e-02,-4.112807726422949145e-03,1.994151258862195464e+00,-6.800960341599777692e-01,-1.091191135752352277e-02,3.772948948091318332e-10,1.117790861031249036e-08,3.489281482593235006e-01,1.693609112336007305e+00,6.790009635310721992e-01,-3.079562887218889045e-01,3.153986072853552924e-01,-6.486326104704543960e-01,2.340079945926807625e-01,2.793018117269002176e-01,1.693606958831820331e+00,-6.790075744764205723e-01,3.079672183313676981e-01,3.153999412028364313e-01,6.486435295195084327e-01,2.340023376138829769e-01,-2.793070312684660106e-01
1.950000,7.288048376366602632e-01,0.000000000000000000e+00,1.245879900496657866e+00,7.290197477360551570e-01,-2.094418758769811882e-17,-6.844926642491201418e-01,-2.094418758769811882e-17,-8.927165059585127072e-01,1.110113410944511304e-02,-3.538415168909581684e-03,1.904779654810481615e+00,-6.317017733362024767e-01,-9.342344170044819193e-03,-8.927883742034530279e-01,1.109811667101929383e-02,-3.581937999414683271e-03,1.904892272815341681e+00,-6.317357485644272685e-01,-9.383474280371282769e-03,1.031714013442640245e-08,1.225672612566809158e-08,3.385880050494843307e-01,1.708644634204338875e+00,6.686573868363061557e-01,-3.209321209106524297e-01,3.133524339778679391e-01,-6.233411952174343629e-01,1.930794323632198661e-01,2.805582133557699143e-01,1.708642386970583793e+00,-6.686639484125438404e-01,3.209430140253064501e-01,3.133537847708556812e-01,6.233518827027751952e-01,1.930739233055304982e-01,-2.805634978121012146e-01
1.960000,7.360747890018498607e-01,0.000000000000000000e+00,1.235887821294172184e+00,7.491811100276071222e-01,-1.677791639945656797e-17,-6.623652046853023556e-01,-1.677791639945656797e-17,-8.826849439293930066e-01,1.155635332441418833e-02,-2.946756676647677587e-03,1.819352318906578336e+00,-5.822862568200355415e-01,-7.738928460034113187e-03,-8.827418089266584333e-01,1.155550524595210307e-02,-2.982433164628909509e-03,1.819442417292437275e+00,-5.823124923309462853e-01,-7.772710663155350461e-03,2.055191558286322371e-08,1.341500402530305720e-08,3.282195668571366576e-01,1.716144316606217357e+00,6.550426678382199608e-01,-3.347935352616979721e-01,3.247853484688809078e-01,-5.953891666636459412e-01,1.485275920122244020e-01,2.794115846373236844e-01,1.716141997417362841e+00,-6.550491050202544852e-01,3.348043948286993365e-01,3.247867015476907926e-01,5.953996240517533955e-01,1.485223107364356532e-01,-2.794168852131476699e-01
1.970000,7.433579589093862738e-01,0.000000000000000000e+00,1.225286832214569799e+00,7.686711273834041513e-01,-1.259661043650366277e-17,-6.396441963522584429e-01,-1.259661043650366277e-17,-8.784266948694867683e-01,1.200168333297469379e-02,-2.300081731773966336e-03,1.739940968997707227e+00,-5.338121006583302908e-01,-6.060501157231167578e-03,-8.784691892369699273e-01,1.200233706730358813e-02,-2.328550975507752245e-03,1.740008782042239632e+00,-5.338304508095700340e-01,-6.087692941368456727e-03,3.153265532521637548e-08,1.453514459501199724e-08,3.178046471937135964e-01,1.715284643157795941e+00,6.381031077902048487e-01,-3.489899305826016929e-01,3.499663846175925519e-01,-5.656187647987434008e-01,1.009495208563035706e-01,2.760579991642925224e-01,1.715282279643136176e+00,-6.381093448935176715e-01,3.490007588632669244e-01,3.499677299223840632e-01,5.656289997556513960e-01,1.009445346655167691e-01,-2.760632593241698629e-01
1.980000,7.506590711632737944e-01,0.000000000000000000e+00,1.214063008917550590e+00,7.874723347015187835e-01,-8.404016588003434941e-18,-6.163499996590728891e-01,-8.404016588003434941e-18,-8.805774418044920449e-01,1.243900474662626258e-02,-1.614711639179348783e-03,1.670594939351849328e+00,-4.883265280115717810e-01,-4.311382584120671858e-03,-8.806058178381339641e-01,1.244075300119383380e-02,-1.636826173574285666e-03,1.670634729413463804e+00,-4.883374663047576059e-01,-4.332952013495720324e-03,4.384578942439422136e-08,1.547413932802217579e-08,3.073177138382333085e-01,1.705314310476067519e+00,6.178581333714450174e-01,-3.629355946513751485e-01,3.890714384517656721e-01,-5.348886805331104499e-01,5.088029941981540155e-02,2.706815030917570364e-01,1.705311935562741965e+00,-6.178640944740423357e-01,3.629463927509506971e-01,3.890727716655705271e-01,5.348987069537596284e-01,5.087566052162961761e-02,-2.706866584916026719e-01
1.990000,7.579828495675167144e-01,0.000000000000000000e+00,1.202202427062813772e+00,8.055678841261383338e-01,-4.203891858250544289e-18,-5.925034886517855925e-01,-4.203891858250544289e-18,-8.898996624795644239e-01,1.287440149383045455e-02,-9.079016589306817403e-04,1.614711236196636035e+00,-4.479311795664058793e-01,-2.493658693190078414e-03,-8.899152203510234393e-01,1.287704001021386206e-02,-9.246004026484558411e-04,1.614731924861547041e+00,-4.479363477783025460e-01,-2.510640541849751446e-03,5.831482003510223508e-08,1.603323167786936648e-08,2.967201472180713839e-01,1.685551892178672073e+00,5.943921017972290111e-01,-3.760554641006225163e-01,4.422580755987879919e-01,-5.040067387520329456e-01,-1.260917645496611311e-03,2.634294054782501671e-01,1.685549542616094243e+00,-5.943977102274450308e-01,3.760662315718151794e-01,4.422593999686070254e-01,5.040165766837082506e-01,-1.265173641725875209e-03,-2.634343838793132830e-01
2.000000,7.653340179261189924e-01,0.000000000000000000e+00,1.189691162310058781e+00,8.229415601450146278e-01,0.000000000000000000e+00,-5.681260323080515873e-01,0.000000000000000000e+00,-9.071254168962948894e-01,1.331693874070856952e-02,-1.976580898190684939e-04,1.574014230847916140e+00,-4.147056472213109801e-01,-6.087875584137693915e-04,-9.071295355481461264e-01,1.332029446638930206e-02,-2.095296351219216001e-04,1.574020226636861031e+00,-4.147075342026783074e-01,-6.218106113801821419e-04,7.616570221204465260e-08,1.590460128299216020e-08,2.859507829578937232e-01,1.655362179879749762e+00,5.678369614268772292e-01,-3.878200839064059879e-01,5.097727974175906285e-01,-4.736826211775970741e-01,-5.522421798069297727e-02,2.543909479036902677e-01,1.655359893961712681e+00,-5.678421380415351605e-01,3.878308183829246025e-01,5.097741266264511628e-01,4.736922967338450530e-01,-5.522807288273945403e-02,-2.543956686709362147e-01
2.010000,7.727984569595308662e-01,0.000000000000000000e+00,1.176079349091830206e+00,8.366246265220996792e-01,0.000000000000000000e+00,-5.477766281037895757e-01,0.000000000000000000e+00,-9.170770049746226338e-01,1.302778161796605723e-02,-2.747302158131526614e-04,1.557219442364508932e+00,-3.958637885198246775e-01,-6.949071279043153191e-04,-9.170819568247282616e-01,1.303156900388141755e-02,-2.848867473847439737e-04,1.557219150027864485e+00,-3.958585994854312839e-01,-7.063437629733616916e-04,9.078239670777842030e-08,1.381757990540018094e-08,2.808618125272865362e-01,1.637473672815514814e+00,5.534359310219438832e-01,-3.919693399409168166e-01,5.438922227679805488e-01,-4.635071277365414022e-01,-7.918960409793934785e-02,2.469937773496800604e-01,1.637471431406375633e+00,-5.534408847895730954e-01,3.919800540695840274e-01,5.438935606455959082e-01,4.635167398146288198e-01,-7.919329167587776941e-02,-2.469983430240627054e-01
2.020000,7.804383318212259057e-01,0.000000000000000000e+00,1.161028441874878858e+00,8.498046099663097985e-01,0.000000000000000000e+00,-5.270978323613257910e-01,0.000000000000000000e+00,-9.306269440466727882e-01,1.261997362334758323e-02,-4.745256988463715606e-04,1.548595203614510751e+00,-3.821741426296073052e-01,-9.577662748614040140e-04,-9.306344377916635491e-01,1.262317419563724862e-02,-4.817555105688049516e-04,1.548590243780324727e+00,-3.821617620926806569e-01,-9.660333042293218955e-04,1.046639871677096740e-07,1.011217126749226664e-08,2.752856865323491942e-01,1.615467817814970619e+00,5.382226947458763622e-01,-3.958198986912035977e-01,5.794549703311293598e-01,-4.538032776996299145e-01,-1.025413315878218878e-01,2.388536883376482789e-01,1.615465621540730812e+00,-5.382274158494116945e-01,3.958305821832248661e-01,5.794563300057063993e-01,4.538128284799102796e-01,-1.025448582832073630e-01,-2.388580821861893133e-01
2.030000,7.882227929647419584e-01,0.000000000000000000e+00,1.144691496370219275e+00,8.624735850299388717e-01,0.000000000000000000e+00,-5.061020797483497535e-01,0.000000000000000000e+00,-9.464598193702167261e-01,1.216927315601386284e-02,-7.372363071836138867e-04,1.551585455944831216e+00,-3.779590583923876923e-01,-1.276120237592401428e-03,-9.464709851203534363e-01,1.217120309818339567e-02,-7.410049844089748768e-04,1.551578598850905655e+00,-3.779411048577240306e-01,-1.280448847805678528e-03,1.107668195245398503e-07,5.322429575335088035e-09,2.700318482370630546e-01,1.591111959743191973e+00,5.239259244148709582e-01,-3.989595211652364748e-01,6.129216722643188175e-01,-4.452755582399284262e-01,-1.229287417735425852e-01,2.308997637974738726e-01,1.591109809450573120e+00,-5.239304399386366384e-01,3.989701630483977746e-01,6.129230462919248446e-01,4.452850564636863240e-01,-1.229321199890504174e-01,-2.309039929903462240e-01
2.040000,7.961209908436189808e-01,0.000000000000000000e+00,1.127221568288863329e+00,8.746239335471707177e-01,0.000000000000000000e+00,-4.848019955264977754e-01,0.000000000000000000e+00,-9.634446157678434597e-01,1.169616348052809375e-02,-1.025212691429840854e-03,1.565719401677900358e+00,-3.837731259791559157e-01,-1.603150134282557097e-03,-9.634602985201877745e-01,1.169662655967414373e-02,-1.025625810516312764e-03,1.565713490945206843e+00,-3.837515875879906613e-01,-1.603587718546596640e-03,1.087762853065294137e-07,2.483246505640826461e-10,2.652093931968581564e-01,1.565748419829531279e+00,5.113790012178932587e-01,-4.013952613636954658e-01,6.419942432662841814e-01,-4.381086028824034972e-01,-1.392253449803090848e-01,2.236710853610417160e-01,1.565746314405698003e+00,-5.113833528931499561e-01,4.014058539585313445e-01,6.419956154567222351e-01,4.381180576621911960e-01,-1.392285899401012883e-01,-2.236751712905878375e-01
2.050000,8.041020759113944871e-01,0.000000000000000000e+00,1.108771713341824672e+00,8.862483492150657893e-01,0.000000000000000000e+00,-4.632103879594789420e-01,0.000000000000000000e+00,-9.802713765424196923e-01,1.120650492995314829e-02,-1.307914125672970810e-03,1.588967956096548617e+00,-3.988741441434566770e-01,-1.916664466440979589e-03,-9.802920853651080346e-01,1.120555901636990405e-02,-1.305473005035686631e-03,1.588965425304331935e+00,-3.988509414141765408e-01,-1.913751457957020390e-03,9.999656464874553729e-08,-4.488165393710150059e-09,2.607557067868639944e-01,1.540350830563957718e+00,5.009874013985662344e-01,-4.032450492078073490e-01,6.652860686317266792e-01,-4.322882074991031831e-01,-1.509334175990376392e-01,2.174578137678726264e-01,1.540348766771407529e+00,-5.009916360447344008e-01,4.032555882692411831e-01,6.652874198621300250e-01,4.322976264023857262e-01,-1.509365456344369805e-01,-2.174617860145545145e-01
2.060000,8.121351986216085450e-01,0.000000000000000000e+00,1.089494987240114954e+00,8.973398419870234344e-01,0.000000000000000000e+00,-4.413402406111455734e-01,0.000000000000000000e+00,-9.955547387089733746e-01,1.070340930886247433e-02,-1.558867987251040923e-03,1.618747589866559977e+00,-4.220601993176287259e-01,-2.202281637956668339e-03,-9.955805666323720438e-01,1.070119980467939061e-02,-1.554276712056546590e-03,1.618750255132341831e+00,-4.220370544728793694e-01,-2.196798994603503530e-03,8.604100703297648311e-08,-8.455979874159066222e-09,2.565735532685936571e-01,1.515601120919132905e+00,4.929236179638958326e-01,-4.046342266801707388e-01,6.820662331363825936e-01,-4.277297296921385716e-01,-1.579152148666868039e-01,2.123940116927565680e-01,1.515599093879207437e+00,-4.929277826357245096e-01,4.046447105856437743e-01,6.820675444691807199e-01,4.277391185537416929e-01,-1.579182426182860755e-01,-2.123979039529458046e-01
2.070000,8.201895094277983356e-01,0.000000000000000000e+00,1.069544445694748713e+00,9.078917422760659495e-01,0.000000000000000000e+00,-4.192047045381642745e-01,0.000000000000000000e+00,-1.007991572825571724e+00,1.019014233868377819e-02,-1.755945973477773510e-03,1.652381343449992546e+00,-4.519577375571044997e-01,-2.447940177771193177e-03,-1.008022155075010140e+00,1.018682476052816185e-02,-1.749980430455448568e-03,1.652390339133266606e+00,-4.519361502799466579e-01,-2.440746286851434247e-03,6.857895590143370818e-08,-1.138782928827218462e-08,2.525610218116662309e-01,1.491950140966775029e+00,4.872150064081121057e-01,-4.056636396442098169e-01,6.920926291153809418e-01,-4.243281698493205356e-01,-1.602639522775211878e-01,2.085140412031353530e-01,1.491948144664835718e+00,-4.872191453554652885e-01,4.056740685103594757e-01,6.920938838806044435e-01,4.243375332110751463e-01,-1.602668964658205963e-01,-2.085178882372275833e-01
2.080000,8.282341587835039265e-01,0.000000000000000000e+00,1.049073144416737158e+00,9.178977049654276632e-01,0.000000000000000000e+00,-3.968170903819552842e-01,0.000000000000000000e+00,-1.016493505677307230e+00,9.670047966162199915e-03,-1.882338366376280336e-03,1.687320414421605186e+00,-4.871073341153212555e-01,-2.642461896208767817e-03,-1.016528022966741274e+00,9.665769221122076649e-03,-1.875759892794157026e-03,1.687336200901572658e+00,-4.870885853070378024e-01,-2.634391806829128931e-03,4.931718273954544822e-08,-1.317592359470373505e-08,2.486163888580761872e-01,1.469656470850497776e+00,4.837837851132598677e-01,-4.064028114094092592e-01,6.955141314800076247e-01,-4.219753775595535550e-01,-1.582413317527865404e-01,2.057839221910907068e-01,1.469654498479122218e+00,-4.837879374966320145e-01,4.064131863577115644e-01,6.955153170287411424e-01,4.219847192616648091e-01,-1.582442092757331276e-01,-2.057877572919505349e-01
2.090000,8.362382971422631650e-01,0.000000000000000000e+00,1.028234139117094603e+00,9.273517132240269856e-01,0.000000000000000000e+00,-3.741908603646836307e-01,0.000000000000000000e+00,-1.020293083245648713e+00,9.145516803236239042e-03,-1.927480661891036416e-03,1.721256788590566744e+00,-5.259696844472210309e-01,-2.775614332651147546e-03,-1.020330309130754509e+00,9.140428896269810893e-03,-1.920978622736617967e-03,1.721279193386612505e+00,-5.259548298427147994e-01,-2.767418168189171145e-03,2.998081006005661581e-08,-1.388040915354125593e-08,2.446404693465124847e-01,1.448807441142421215e+00,4.824631999819106731e-01,-4.068926091546377077e-01,6.928182655809914658e-01,-4.205622558523838261e-01,-1.522490314221409402e-01,2.041167182241979683e-01,1.448805485296645212e+00,-4.824673979888174369e-01,4.069029317696456483e-01,6.928193748795099527e-01,4.205715795445840732e-01,-1.522518595620563076e-01,-2.041205709805000712e-01
2.100000,8.441710749576155637e-01,0.000000000000000000e+00,1.007180485506832257e+00,9.362480821245370288e-01,0.000000000000000000e+00,-3.513396201940882091e-01,0.000000000000000000e+00,-1.019029351896910018e+00,8.616905627484894997e-03,-1.887735587071732351e-03,1.752189621168736222e+00,-5.669064324288198842e-01,-2.838756498929107235e-03,-1.019067745744172360e+00,8.611192374437109942e-03,-1.881887789586802031e-03,1.752217897458620666e+00,-5.668962683088937249e-01,-2.831062392294939230e-03,1.224136561325161305e-08,-1.373273819062686630e-08,2.405413955017697003e-01,1.429329539022028861e+00,4.830019195394986142e-01,-4.071523742014730995e-01,6.848029137583244719e-01,-4.199735179069674085e-01,-1.428164747503208876e-01,2.033788519264558003e-01,1.429327591847817436e+00,-4.830061868432286021e-01,4.071626461887826731e-01,6.848039466735330594e-01,4.199828273542979828e-01,-1.428192712618994720e-01,-2.033827462399651620e-01
2.110000,8.520016426830990808e-01,0.000000000000000000e+00,9.860652392969651014e-01,9.445814620618697699e-01,0.000000000000000000e+00,-3.282771108820420891e-01,0.000000000000000000e+00,-1.012810415504292738e+00,8.081970622252406672e-03,-1.766736691062776319e-03,1.778476556952223842e+00,-6.081688890899791256e-01,-2.825696073455591806e-03,-1.012848261583067622e+00,8.075872265859151966e-03,-1.761981394897310736e-03,1.778509459305830598e+00,-6.081638891712216610e-01,-2.818990035766611411e-03,-2.400696061412499422e-09,-1.312108007202799875e-08,2.362414065288082898e-01,1.410996305705106701e+00,4.850646831051375618e-01,-4.071898767189026658e-01,6.725523512477766808e-01,-4.200789807344852411e-01,-1.305922991705536773e-01,2.033929870657222305e-01,1.410994359130143261e+00,-4.850690337479481862e-01,4.072000997547942647e-01,6.725533152027931560e-01,4.200882798630788395e-01,-1.305950820239054344e-01,-2.033969395098839394e-01
2.120000,8.596991507722533399e-01,0.000000000000000000e+00,9.650414561985036777e-01,9.523468419700269472e-01,0.000000000000000000e+00,-3.050172004817379712e-01,0.000000000000000000e+00,-1.002241900022647014e+00,7.536171971956993551e-03,-1.575260574612790928e-03,1.798882168310868446e+00,-6.479177581745144687e-01,-2.733552098708287408e-03,-1.002277484520956774e+00,7.529996170961982156e-03,-1.571878361905567874e-03,1.798918053342049905e+00,-6.479179973514036517e-01,-2.728171700275395118e-03,-1.274828005488496325e-08,-1.255220582449312061e-08,2.316835319373300450e-01,1.393440977347384591e+00,4.882353501969287635e-01,-4.070130859451263072e-01,6.574012129721331643e-01,-4.207243763129211445e-01,-1.163296887411857106e-01,2.039420826657228902e-01,1.393439023494751128e+00,-4.882397880248215971e-01,4.070232616839108974e-01,6.574021226532831275e-01,4.207336690090275888e-01,-1.163324753593739658e-01,-2.039461013373987108e-01
2.130000,8.672327496786161882e-01,0.000000000000000000e+00,9.442621919224630789e-01,9.595395523353751344e-01,0.000000000000000000e+00,-2.815738757484932409e-01,0.000000000000000000e+00,-9.884074702978358218e-01,6.973936929319402706e-03,-1.330453618647288883e-03,1.812622095750268114e+00,-6.842863332180947333e-01,-2.563463809781309916e-03,-9.884392739040035458e-01,6.968049278438731738e-03,-1.328560243908602848e-03,1.812659054780215939e+00,-6.842914274326491464e-01,-2.559603549334464774e-03,-1.801417208356240779e-08,-1.259335096473939985e-08,2.268357582928865190e-01,1.376178052916237071e+00,4.920263364225582192e-01,-4.066422027369813730e-01,6.408775690140601222e-01,-4.217244122390855221e-01,-1.008598476350865691e-01,2.047776196933253079e-01,1.376176084716649539e+00,-4.920308551467875158e-01,4.066523329096022321e-01,6.408784450201800986e-01,4.217337019791397301e-01,-1.008626536196398776e-01,-2.047817036857177697e-01
2.140000,8.745715898557270274e-01,0.000000000000000000e+00,9.238805021798544015e-01,9.661552680045413233e-01,0.000000000000000000e+00,-2.579612337291649626e-01,0.000000000000000000e+00,-9.727940604008721293e-01,6.390610628300586599e-03,-1.054289311651049289e-03,1.819392559297583922e+00,-7.154843000520669793e-01,-2.321007763335492403e-03,-9.728209320820450090e-01,6.385404241350248720e-03,-1.053840791882541426e-03,1.819428582010525375e+00,-7.154933955974013271e-01,-2.318732010348531058e-03,-1.786390000492763558e-08,-1.380710712039129106e-08,2.216909566240974905e-01,1.358633153304197316e+00,4.958952782910716062e-01,-4.061196184140683507e-01,6.246277337115322403e-01,-4.228603525728049095e-01,-8.505410387628116464e-02,2.056326236749587144e-01,1.358631165211981795e+00,-4.958998621168742016e-01,4.061297049330231390e-01,6.246286003897657535e-01,4.228696420045365834e-01,-8.505694141949204923e-02,-2.056367631864492451e-01
2.150000,8.816848217571240376e-01,0.000000000000000000e+00,9.040494426816918505e-01,9.721900107852313733e-01,0.000000000000000000e+00,-2.341934732852557488e-01,0.000000000000000000e+00,-9.571693804772686276e-01,5.784494300146451363e-03,-7.713193373603873665e-04,1.819372069804815917e+00,-7.399216028650608123e-01,-2.016219924533391768e-03,-9.571906576758327789e-01,5.780344863512177321e-03,-7.721284242939139859e-04,1.819405226030253564e+00,-7.399334371780266206e-01,-2.015476996490493406e-03,-1.237455672343671437e-08,-1.669842581267011249e-08,2.162622596814365028e-01,1.340175885542653544e+00,4.992663826830854856e-01,-4.055152244231723935e-01,6.103364426748111304e-01,-4.238833034362382568e-01,-6.978150220888920674e-02,2.062375998827428725e-01,1.340173874184049430e+00,-4.992710072906539343e-01,4.055252694222696297e-01,6.103373257074583558e-01,4.238925940321042751e-01,-6.978437855295442638e-02,-2.062417768194741985e-01
2.160000,8.885415958363467315e-01,0.000000000000000000e+00,8.849220691389867444e-01,9.776401518384167932e-01,0.000000000000000000e+00,-2.102848865547820578e-01,0.000000000000000000e+00,-9.434357445144625487e-01,5.158252973747678299e-03,-5.060568158664026026e-04,1.813186100550261415e+00,-7.563192635777725714e-01,-1.663184581182111611e-03,-9.434513004231667166e-01,5.155470807752629211e-03,-5.078175599875024747e-04,1.813214717896667327e+00,-7.563322948697845938e-01,-1.663816172206803758e-03,-1.916516321534756762e-09,-2.169131108725172108e-08,2.105750955254780121e-01,1.320148280210412084e+00,5.015517514796532517e-01,-4.049251839039350043e-01,5.996611464115386703e-01,-4.245228908134419665e-01,-5.587227281975643695e-02,2.063359237442602689e-01,1.320146244797656854e+00,-5.015563850483226727e-01,4.049351896842309784e-01,5.996620708263165067e-01,4.245321826785695141e-01,-5.587518915177030338e-02,-2.063401125485911647e-01
2.170000,8.951110625469330673e-01,0.000000000000000000e+00,8.666514372627539542e-01,9.825024138604427915e-01,0.000000000000000000e+00,-1.862498503580690412e-01,0.000000000000000000e+00,-9.334925987008847459e-01,4.519176317363706244e-03,-2.805471833978352442e-04,1.801834041782921059e+00,-7.637741521132612732e-01,-1.279248323058864573e-03,-9.335028222884458327e-01,4.517968539970109235e-03,-2.828632665126587899e-04,1.801856855269005075e+00,-7.637867285963700903e-01,-1.280992913357125070e-03,1.301137825110481433e-08,-2.914403718487973204e-08,2.046579333481033103e-01,1.297882671405294452e+00,5.021680100799229551e-01,-4.044636164325053906e-01,5.941961499666982283e-01,-4.244997629569925435e-01,-4.409667033228007599e-02,2.056952416266766004e-01,1.297880613830199481e+00,-5.021726140562812191e-01,4.044735853336081655e-01,5.941971390981016787e-01,4.245090548174517142e-01,-4.409962139386677110e-02,-2.056994100222041821e-01
2.180000,9.013623723424223355e-01,0.000000000000000000e+00,8.493906027640043543e-01,9.867738730537540803e-01,0.000000000000000000e+00,-1.621028175526066928e-01,0.000000000000000000e+00,-9.291346636547251903e-01,3.878206639528951859e-03,-1.126924566359225536e-04,1.786586142714045033e+00,-7.617583930830353900e-01,-8.840208838996839241e-04,-9.291403990935871438e-01,3.878660078441896995e-03,-1.151052947522512014e-04,1.786602399419978227e+00,-7.617689182842013462e-01,-8.865148778464129959e-04,3.195553556960148565e-08,-3.940155030725641046e-08,1.985335869356209537e-01,1.272706408871235872e+00,5.005454897534223901e-01,-4.042479310889472432e-01,5.954739702247026090e-01,-4.235399138002151620e-01,-3.516447473833772541e-02,2.041127781477917180e-01,1.272704333491790463e+00,-5.005500191494490769e-01,4.042578653304274572e-01,5.954750458831161719e-01,4.235492031537494984e-01,-3.516744925899782659e-02,-2.041168875315069187e-01
2.190000,9.072646756763528275e-01,0.000000000000000000e+00,8.332926213537525939e-01,9.904519608850430590e-01,0.000000000000000000e+00,-1.378583083422005306e-01,0.000000000000000000e+00,-9.325363420535079939e-01,3.057853725753766246e-03,5.523464236519575095e-06,1.762933322853582396e+00,-7.462008933706002489e-01,-3.875415256571131963e-04,-9.325378157732290285e-01,3.059087706754342380e-03,5.185635185399512409e-06,1.762940709157304608e+00,-7.462068217562138894e-01,-3.883604462799803933e-04,6.175584861304331671e-08,-4.984382285056837908e-08,1.906175673364779444e-01,1.232611342737940374e+00,4.931786946537771166e-01,-4.044328760593671745e-01,6.138456482879877107e-01,-4.201249294476158136e-01,-3.093607763942431838e-02,1.991752245633525709e-01,1.232609268584228701e+00,-4.931830223392191237e-01,4.044427629385956569e-01,6.138468822848250905e-01,4.201342061833164276e-01,-3.093906380295876474e-02,-1.991791785148648575e-01
2.200000,9.127871230022637228e-01,0.000000000000000000e+00,8.185105487430097693e-01,9.935344656297744326e-01,0.000000000000000000e+00,-1.135309015456077708e-01,0.000000000000000000e+00,-9.435092860456940622e-01,2.584509552592699922e-03,4.622191909021539792e-06,1.748043716695213856e+00,-7.273782182666951313e-01,-1.146299931970919421e-04,-9.435097644849059773e-01,2.587438933705194823e-03,4.565455850456740806e-06,1.748046224087503653e+00,-7.273802788056921154e-01,-1.158571461638535616e-04,8.070153921289777297e-08,-6.560520062246329250e-08,1.854764679206455380e-01,1.205814796624302909e+00,4.864110636624771611e-01,-4.049101449990112345e-01,6.310899658187211214e-01,-4.170009329818453181e-01,-3.112583100632978009e-02,1.957919365125961875e-01,1.205812720493891543e+00,-4.864152411763259520e-01,4.049200078712086870e-01,6.310912985061445379e-01,4.170102000126721387e-01,-3.112879581465776216e-02,-1.957957568584462182e-01
2.210000,9.179696908120307253e-01,0.000000000000000000e+00,8.046644536125915348e-01,9.941642413417117741e-01,0.000000000000000000e+00,-1.078770653913925792e-01,0.000000000000000000e+00,-9.269916432959225405e-01,2.333276804919853873e-03,1.317514140816541035e-04,1.730580314250468543e+00,-7.283111782794896572e-01,3.643547936663953557e-05,-9.269890576882311439e-01,2.334528775415040114e-03,1.289614341973789255e-04,1.730578319725902592e+00,-7.283117862659195252e-01,3.313465950939879171e-05,5.978916871329314919e-08,-4.971547630672629867e-08,1.840082091345072168e-01,1.196458524695829029e+00,4.877096738186662561e-01,-4.035670266103183468e-01,6.277195385615581547e-01,-4.151278291724080916e-01,-3.700266177607466900e-02,1.942316353659390704e-01,1.196456465138053593e+00,-4.877138941010176754e-01,4.035768511125321645e-01,6.277208418794700817e-01,4.151370432819964096e-01,-3.700561801159370917e-02,-1.942354959029576889e-01
2.220000,9.228807424616856103e-01,0.000000000000000000e+00,7.912717974061419524e-01,9.947618434325699033e-01,0.000000000000000000e+00,-1.022197380677297429e-01,0.000000000000000000e+00,-9.065528879930970785e-01,2.146066518957012205e-03,2.640675011292447543e-04,1.715756275806992193e+00,-7.343915005870745860e-01,1.446198725538028846e-04,-9.065471643109747069e-01,2.146226335797024945e-03,2.605728926440425974e-04,1.715750271829930229e+00,-7.343912286600033923e-01,1.410877516806384414e-04,3.420382848337961845e-08,-3.441239095300661831e-08,1.829498716529504576e-01,1.191264867542190409e+00,4.921894299447560073e-01,-4.017695722460772889e-01,6.139703912254623752e-01,-4.143820834447149437e-01,-3.918811937793967998e-02,1.945413807347974866e-01,1.191262820291468127e+00,-4.921937648268747689e-01,4.017793588981001252e-01,6.139716139364617131e-01,4.143912463571904903e-01,-3.919106660736176861e-02,-1.945453388560819674e-01
2.230000,9.275320087009999437e-01,0.000000000000000000e+00,7.783317249789208914e-01,9.953272525624629052e-01,0.000000000000000000e+00,-9.655910265976618001e-02,0.000000000000000000e+00,-8.887724077742146234e-01,1.980516834860327445e-03,3.723988978104428196e-04,1.704753350754676600e+00,-7.412505191855732756e-01,2.267370779427142617e-04,-8.887640334632502803e-01,1.980161679210079920e-03,3.695358964725940667e-04,1.704743983472092772e+00,-7.412495318438236946e-01,2.240667906653872265e-04,1.518185319228766848e-08,-2.546946071777265796e-08,1.814676853724994654e-01,1.185174191206173733e+00,4.976172784874256516e-01,-3.998761413107055906e-01,5.959244160698494719e-01,-4.144065939949715394e-01,-3.651900362797085020e-02,1.960625130351625056e-01,1.185172147986898850e+00,-4.976217398970629313e-01,3.998858912004322197e-01,5.959255561003597990e-01,4.144157179371919519e-01,-3.652194873087195176e-02,-1.960665776795064430e-01
2.240000,9.319352202797455131e-01,0.000000000000000000e+00,7.658433811861862228e-01,9.958604504333485874e-01,0.000000000000000000e+00,-9.089534235970553322e-02,0.000000000000000000e+00,-8.753196251918271553e-01,1.826533746086220558e-03,4.521374645287999997e-04,1.698012715309216603e+00,-7.479381399328899338e-01,2.889707258515563705e-04,-8.753092043237973296e-01,1.825890300446413560e-03,4.504498319402521584e-04,1.698000717015322625e+00,-7.479365677130646040e-01,2.875757454258740051e-04,4.343634310369010018e-09,-2.221768086090942289e-08,1.794917486948312824e-01,1.176086221821712297e+00,5.028468718655445535e-01,-3.979867754814773173e-01,5.772426127226700787e-01,-4.148868231284826846e-01,-2.985717784551545143e-02,1.981366040698068209e-01,1.176084174892630729e+00,-5.028514443931314526e-01,3.979964878854653221e-01,5.772436914492012905e-01,4.148959210070072845e-01,-2.986013136376149818e-02,-1.981407621361220006e-01
2.250000,9.361021079476936624e-01,0.000000000000000000e+00,7.538059108831982602e-01,9.963614197896212277e-01,0.000000000000000000e+00,-8.522864046088174383e-02,0.000000000000000000e+00,-8.663662586646934116e-01,1.681906599316083028e-03,5.053656607712010175e-04,1.695559123329520412e+00,-7.543824995616081885e-01,3.344662932831784022e-04,-8.663543822622900015e-01,1.681042386538755210e-03,5.049763313968686851e-04,1.695545244339575097e+00,-7.543805023248084662e-01,3.344185913230628983e-04,3.549649123008764270e-10,-2.311998622074373775e-08,1.771376295143227975e-01,1.163125487199753838e+00,5.072302118442120200e-01,-3.961403892269789173e-01,5.602315703862751350e-01,-4.155700149720084613e-01,-2.042365838404351652e-02,2.002381574687191745e-01,1.163123431357689697e+00,-5.072348681179131846e-01,3.961500622486291423e-01,5.602326163593948083e-01,4.155790975051002478e-01,-2.042662940000334118e-02,-2.002423856715728478e-01
2.260000,9.400444024546165123e-01,0.000000000000000000e+00,7.422184589252155407e-01,9.968301444186695726e-01,0.000000000000000000e+00,-7.955918035182545089e-02,0.000000000000000000e+00,-8.616233796993275629e-01,1.545983705524612162e-03,5.356292622238323061e-04,1.697164419308509586e+00,-7.606649902737976365e-01,3.652488761526916680e-04,-8.616105896367859396e-01,1.544928189361626306e-03,5.364763839764949459e-04,1.697149383085016838e+00,-7.606627495755236001e-01,3.664680940645487412e-04,1.319597530181699353e-09,-2.691425641851555227e-08,1.745357139406098768e-01,1.146011226788688386e+00,5.103934301075465640e-01,-3.943657915951597759e-01,5.463577084573864040e-01,-4.162517921428755541e-01,-9.352965310351240777e-03,2.019835194983669868e-01,1.146009160129223048e+00,-5.103981383546907225e-01,3.943754229784243170e-01,5.463587486166412432e-01,4.162608672381248320e-01,-9.355958540722063635e-03,-2.019877904282762482e-01
2.270000,9.437738345502856285e-01,0.000000000000000000e+00,7.310801701674963793e-01,9.972666091514020836e-01,0.000000000000000000e+00,-7.388714551032979361e-02,0.000000000000000000e+00,-8.606640883120422192e-01,1.418179203192470109e-03,5.464632517490899608e-04,1.702449115184768935e+00,-7.668390320010962657e-01,3.828773029079253595e-04,-8.606508681416323858e-01,1.416967806353142123e-03,5.484113828947243408e-04,1.702433590424576870e+00,-7.668367328171252773e-01,3.852166795676980867e-04,5.551168968831943358e-09,-3.270691194923826315e-08,1.717890518094495611e-01,1.124795294331110140e+00,5.121357796268753981e-01,-3.926899371262384530e-01,5.365298029230363142e-01,-4.167643991320031382e-01,2.393461374411034667e-03,2.031083341955610966e-01,1.124793218092704938e+00,-5.121405074183278394e-01,3.926995247981200921e-01,5.365308589511864623e-01,4.167734719472438454e-01,2.390446349893460623e-03,-2.031126195449601823e-01
2.280000,9.473021349844723549e-01,0.000000000000000000e+00,7.203901894653010896e-01,9.976707998627371010e-01,0.000000000000000000e+00,-6.821271949751336883e-02,0.000000000000000000e+00,-8.637910775316116618e-01,1.260477149346340498e-03,5.407377205698039218e-04,1.713707814772284177e+00,-7.748977728281046806e-01,3.919181564853832424e-04,-8.637778471947882286e-01,1.259787428579371921e-03,5.429319802430004546e-04,1.713692420718353038e+00,-7.748956142825224047e-01,3.942571656802481292e-04,2.217931314247835670e-08,-3.877320153330017608e-08,1.679429796796964580e-01,1.091154137106250532e+00,5.121174871332613288e-01,-3.907155486285206480e-01,5.308835793267834280e-01,-4.170239743588616821e-01,1.782082063927608456e-02,2.033046807195294792e-01,1.091152063756724244e+00,-5.121221770097017512e-01,3.907250755384766294e-01,5.308846917314093972e-01,4.170330528044973173e-01,1.781776916146458889e-02,-2.033089465519786199e-01
2.290000,9.506410345069487011e-01,0.000000000000000000e+00,7.101476616738876535e-01,9.980427034720605883e-01,0.000000000000000000e+00,-6.253608595187806762e-02,0.000000000000000000e+00,-8.684842330623673279e-01,1.172032175476229619e-03,5.226738972097317226e-04,1.723003113696730981e+00,-7.794339170325902399e-01,3.854425453472767773e-04,-8.684713623226666401e-01,1.171084067318924494e-03,5.257769550947571230e-04,1.722988319892365228e+00,-7.794319988396147814e-01,3.887672540044124873e-04,2.509107193801298007e-08,-4.648937958461069065e-08,1.657708960415457677e-01,1.068103448488700202e+00,5.107907615274648316e-01,-3.896163512320700018e-01,5.316468602991007986e-01,-4.167010704723326242e-01,2.579059750571589815e-02,2.026341785595753009e-01,1.068101372338443822e+00,-5.107954179081443113e-01,3.896258421113142356e-01,5.316480062903098380e-01,4.167101466525575670e-01,2.578754538714340266e-02,-2.026384062971681166e-01
2.300000,9.538022638674865661e-01,0.000000000000000000e+00,7.003517316485160515e-01,9.983823079436490167e-01,0.000000000000000000e+00,-5.685742858336792493e-02,0.000000000000000000e+00,-8.783051301986485315e-01,1.039843814982836356e-03,4.851596827156442527e-04,1.739765403046972914e+00,-7.862855359314446790e-01,3.669378492523232100e-04,-8.782931436188413654e-01,1.039368287516396691e-03,4.876671430847403501e-04,1.739751983469702168e+00,-7.862841074484240300e-01,3.695011456477593137e-04,3.449755629283745444e-08,-5.167850967218666065e-08,1.625086400816243559e-01,1.027607750745104020e+00,5.063230819288505602e-01,-3.881299072556912422e-01,5.414236783042034595e-01,-4.153219469219712745e-01,3.541690819466068729e-02,1.998254184672947353e-01,1.027605697405576723e+00,-5.063276360031225831e-01,3.881393382509554790e-01,5.414248785205062475e-01,4.153310189222574333e-01,3.541386869029850004e-02,-1.998295593864804764e-01
2.310000,9.567975538158570714e-01,0.000000000000000000e+00,6.910015442444444878e-01,9.986896022870593859e-01,0.000000000000000000e+00,-5.117693116742203646e-02,0.000000000000000000e+00,-8.861718793571258246e-01,9.590204548992343732e-04,4.521692196621833948e-04,1.751569392455886609e+00,-7.901584302385635805e-01,3.470957864679265464e-04,-8.861606635719676550e-01,9.583122500118480391e-04,4.556581037064722905e-04,1.751557117776592065e+00,-7.901573756352309186e-01,3.507060616748147773e-04,3.662546032467923621e-08,-6.045553788872038528e-08,1.603748781149222091e-01,1.000876697333276111e+00,5.029732976421875668e-01,-3.872299795646103604e-01,5.493526208533667798e-01,-4.141810272773449597e-01,4.073942020031059985e-02,1.977632814564891650e-01,1.000874651136819615e+00,-5.029777843050695640e-01,3.872393760901811643e-01,5.493538541703025802e-01,4.141900930459961327e-01,4.073640232589956917e-02,-1.977673522008608631e-01
2.320000,9.596386351018324490e-01,0.000000000000000000e+00,6.820962443169328315e-01,9.989645765574844960e-01,0.000000000000000000e+00,-4.549477753902889804e-02,0.000000000000000000e+00,-9.000378130616401018e-01,8.352525765661160092e-04,3.961499263750427476e-04,1.771045525993094616e+00,-7.956735274161351734e-01,3.103272942709455547e-04,-9.000280152194604089e-01,8.350913515476603849e-04,3.985474088258405493e-04,1.771035286205297155e+00,-7.956730895163510731e-01,3.126807137771460258e-04,4.308401387485280278e-08,-6.461916864351920480e-08,1.572990510020153554e-01,9.550344828818626564e-01,4.952123944929260890e-01,-3.860079818025194953e-01,5.716145668410559377e-01,-4.112193897799507059e-01,4.436336450901840617e-02,1.924345380578778297e-01,9.550324788057449332e-01,-4.952167267649887350e-01,3.860173208662339150e-01,5.716158476343501382e-01,4.112284392056876348e-01,4.436039911300807687e-02,-1.924384724015896775e-01
2.330000,9.623372384751840425e-01,0.000000000000000000e+00,6.736349767212391759e-01,9.992072218560746899e-01,0.000000000000000000e+00,-3.981115158677516613e-02,0.000000000000000000e+00,-9.096824421122600146e-01,7.576618946017767402e-04,3.548422429393514855e-04,1.783516399404646791e+00,-7.984392704571091626e-01,2.814559083602944344e-04,-9.096736527038338238e-01,7.573701824771437953e-04,3.581796354734098154e-04,1.783507552148996034e+00,-7.984392166327632934e-01,2.847766794837425317e-04,4.526395700008495183e-08,-7.414945739724868610e-08,1.551680201809576276e-01,9.263960695371310505e-01,4.903993146343047504e-01,-3.852310145625294502e-01,5.854479062061545003e-01,-4.092622303404618855e-01,4.627961509632946141e-02,1.892187146274580123e-01,9.263940802519007311e-01,-4.904035524957844894e-01,3.852403227721413193e-01,5.854492211643241850e-01,4.092712668235812257e-01,4.627668678717094392e-02,-1.892225545992712588e-01
2.340000,9.649050946856837507e-01,0.000000000000000000e+00,6.656168863126236124e-01,9.994175303302261781e-01,0.000000000000000000e+00,-3.412623724689656940e-02,0.000000000000000000e+00,-9.254685855063667921e-01,6.367135222746967034e-04,2.896673048469074999e-04,1.802769652015717483e+00,-8.018074956183959268e-01,2.331208597557387068e-04,-9.254614860845498114e-01,6.369752278683397766e-04,2.915755980702828859e-04,1.802763043107294960e+00,-8.018079900287107264e-01,2.348620898440922239e-04,4.938079614467055238e-08,-7.735866976843194433e-08,1.522336759220331570e-01,8.783276582285586276e-01,4.803837219436749018e-01,-3.841011535921131648e-01,6.176128533035992740e-01,-4.048765028322428017e-01,4.299619194694816182e-02,1.819245947893288196e-01,8.783257230758324541e-01,-4.803877677826056680e-01,3.841104100997519977e-01,6.176142139939475584e-01,4.048855079265992751e-01,4.299334284531629302e-02,-1.819282615282716564e-01
2.350000,9.673539344831031395e-01,0.000000000000000000e+00,6.580411179463443450e-01,9.995954951738351690e-01,0.000000000000000000e+00,-2.844021849732326565e-02,0.000000000000000000e+00,-9.355846733580031049e-01,5.591609301295278212e-04,2.458929187409430745e-04,1.814057909219859877e+00,-8.029235869185201713e-01,1.998332151372507427e-04,-9.355786591153634202e-01,5.594326365085866212e-04,2.485545857837028545e-04,1.814052660824792662e+00,-8.029243570100302874e-01,2.023085312594948666e-04,5.137137743162694806e-08,-8.692096784529945527e-08,1.501297159532883341e-01,8.497507809338832319e-01,4.747445143242686738e-01,-3.833497646639541512e-01,6.356047298630730369e-01,-4.022318671710548577e-01,4.102747356106212218e-02,1.779256435031300598e-01,8.497488651752749256e-01,-4.747484493610377720e-01,3.833589948027676941e-01,6.356061260294891824e-01,4.022408514393460144e-01,4.102466983256792404e-02,-1.779292014710506797e-01
2.360000,9.696954886172138854e-01,0.000000000000000000e+00,6.509068164776611320e-01,9.997411106275175818e-01,0.000000000000000000e+00,-2.275327935172779398e-02,0.000000000000000000e+00,-9.512522364742899139e-01,4.366550264861915895e-04,1.803678538916077745e-04,1.830187583429162990e+00,-8.032830040411097494e-01,1.475923346397715061e-04,-9.512479277330643246e-01,4.374012767326156321e-04,1.814306948405073998e-04,1.830184340739632098e+00,-8.032840742293066993e-01,1.483520035466530211e-04,5.292070621200139495e-08,-8.854689975488486451e-08,1.473306390581822778e-01,8.028442398635347033e-01,4.637221928805599358e-01,-3.821295741552543368e-01,6.738046710215543911e-01,-3.968411928052706372e-01,3.083366053733093901e-02,1.695281729562564954e-01,8.028423831420375967e-01,-4.637259193539768898e-01,3.821387595005981130e-01,6.738061114946554131e-01,3.968501318074774686e-01,3.083094905313402828e-02,-1.695315398215584413e-01
2.370000,9.719414878377877764e-01,0.000000000000000000e+00,6.442131267618321777e-01,9.998543719787963413e-01,0.000000000000000000e+00,-1.706560385356807250e-02,0.000000000000000000e+00,-9.605705487173887835e-01,3.566533205870783298e-04,1.398239157528950835e-04,1.838471509515481106e+00,-8.021975318798244547e-01,1.152520544349440473e-04,-9.605672384247706530e-01,3.575761168782255967e-04,1.412974096462493213e-04,1.838469325386904218e+00,-8.021986630603069601e-01,1.163506849421852270e-04,5.406159395877695877e-08,-9.662653852901504982e-08,1.452962516177992713e-01,7.764486377895191138e-01,4.580246328883686990e-01,-3.813217698062290606e-01,6.933679641442577202e-01,-3.937826831153660168e-01,2.510569951066668470e-02,1.652988412823918618e-01,7.764468026689801405e-01,-4.580282474347648347e-01,3.813309327981861951e-01,6.933694372170200459e-01,3.937915945787319738e-01,2.510303526444371963e-02,-1.653020994241186370e-01
2.380000,9.741036628945962672e-01,0.000000000000000000e+00,6.379591936541175734e-01,9.999352755622530342e-01,0.000000000000000000e+00,-1.137737607013313348e-02,0.000000000000000000e+00,-9.708431684074390056e-01,2.592100479698453337e-04,9.526575666563547973e-05,1.846182508929488097e+00,-7.995731672159240855e-01,7.942074570881011277e-05,-9.708409458285832683e-01,2.604431709643157972e-04,9.670119390044038974e-05,1.846181339902234209e+00,-7.995742268799220787e-01,8.038264711814980049e-05,5.681940822201619471e-08,-1.063153307355065299e-07,1.428623272720253301e-01,7.472172830642430652e-01,4.517325135047028928e-01,-3.803462751299861444e-01,7.152653469705619882e-01,-3.901519807557989328e-01,1.731228491383249302e-02,1.606130126126707747e-01,7.472154680903058122e-01,-4.517359984477543056e-01,3.803554129763315195e-01,7.152668710775259564e-01,3.901608577156134294e-01,1.730966400151631376e-02,-1.606161469246978613e-01
2.390000,9.761937445374113675e-01,0.000000000000000000e+00,6.321441620097755232e-01,9.999838187596470362e-01,0.000000000000000000e+00,-5.688780086584404629e-03,0.000000000000000000e+00,-9.803381304510385696e-01,1.543705725282357318e-04,5.432286886358990744e-05,1.851322172010187561e+00,-7.951497659102897408e-01,4.642213362524682380e-05,-9.803368865960188083e-01,1.560128316563575194e-04,5.510424029310894410e-05,1.851321717544763157e+00,-7.951505625708603642e-01,4.660682629889082899e-05,5.869446334811272852e-08,-1.129979999834086797e-07,1.404379879772830464e-01,7.189928681104392760e-01,4.454585480980263745e-01,-3.792848388678201621e-01,7.377343461796559421e-01,-3.862221407471932988e-01,6.989391445628106644e-03,1.558249363359494877e-01,7.189910751561983115e-01,-4.454619045133131894e-01,3.792939509366089479e-01,7.377359217307554173e-01,3.862309776575053588e-01,6.986812264360433081e-03,-1.558279499586176231e-01
2.400000,9.782234635160044212e-01,0.000000000000000000e+00,6.267671766840655634e-01,1.000000000000000000e+00,0.000000000000000000e+00,-1.224646799147353207e-16,0.000000000000000000e+00,-9.882223410009723930e-01,4.505854542959618347e-05,2.019618431524378691e-05,1.852848355278735815e+00,-7.887217299751874133e-01,1.964720080963019207e-05,-9.882218588799890346e-01,4.715730499434772573e-05,1.989610340145102379e-05,1.852848172486649014e+00,-7.887220378002665067e-01,1.860903951729443303e-05,5.826346131092768469e-08,-1.148484035378259686e-07,1.381425824936489410e-01,6.937480157871656061e-01,4.397473680812432062e-01,-3.781706358384040456e-01,7.587231746522619114e-01,-3.822226995176841724e-01,-5.450796366664355935e-03,1.513520633084936839e-01,6.937462475030964359e-01,-4.397506125261903542e-01,3.781797225201882773e-01,7.587247880283581880e-01,3.822314923129304098e-01,-5.453332943065292496e-03,-1.513549733006347153e-01
2.410000,9.801183809187976603e-01,0.000000000000000000e+00,6.220013588058646015e-01,1.000000000000000000e+00,0.000000000000000000e+00,-1.224646799147353207e-16,0.000000000000000000e+00,-9.837478101060473934e-01,4.518074681897357660e-06,3.297812058911266499e-05,1.850742483260451543e+00,-7.914662658755846625e-01,3.409872530129502108e-05,-9.837470997963506658e-01,5.774940465879017872e-06,3.049482004608716383e-05,1.850742238349523561e+00,-7.914667340096823711e-01,3.118405979644375505e-05,4.499084332084329742e-08,-9.760905020866824090e-08,1.373386442152519649e-01,6.739789828026013785e-01,4.364076593743060895e-01,-3.768658817295935659e-01,7.721960391897562115e-01,-3.807378755517963898e-01,-1.017357813292271707e-02,1.475318713719778463e-01,6.739772560254517764e-01,-4.364108692382920318e-01,3.768749435876636023e-01,7.721976051771288763e-01,3.807466432492137010e-01,-1.017605399437198840e-02,-1.475347463076370769e-01
2.420000,9.818057346053438161e-01,0.000000000000000000e+00,6.179844031232759605e-01,1.000000000000000000e+00,0.000000000000000000e+00,-1.224646799147353207e-16,0.000000000000000000e+00,-9.760802130055531434e-01,-1.427897566170596185e-05,5.472661638803221965e-05,1.846791206194980273e+00,-7.957591544978758202e-01,5.758723422090217720e-05,-9.760790456616402766e-01,-1.338651180230270067e-05,5.088745480937934213e-05,1.846790804967007427e+00,-7.957599201748322137e-01,5.345729946915375963e-05,3.184340228944458331e-08,-7.794297438483540071e-08,1.367385401471482020e-01,6.578252475227879259e-01,4.344215576514772748e-01,-3.756900063581711247e-01,7.799837428306318765e-01,-3.801940548361303351e-01,-1.113441877585395930e-02,1.447995757806365413e-01,6.578235682538622342e-01,-4.344247691976841352e-01,3.756990459162747875e-01,7.799852219823342203e-01,3.802028082654939078e-01,-1.113682863222852440e-02,-1.448024508904736662e-01
2.430000,9.832997704821109242e-01,0.000000000000000000e+00,6.146623149203964687e-01,1.000000000000000000e+00,0.000000000000000000e+00,-1.224646799147353207e-16,0.000000000000000000e+00,-9.680554777468206584e-01,-2.542978462165884344e-05,7.459866385160779248e-05,1.841549809616292110e+00,-7.992002487284279866e-01,7.915540052378745915e-05,-9.680538738674427934e-01,-2.449129305090360842e-05,7.003589521138714599e-05,1.841549246283998631e+00,-7.992012879624154076e-01,7.429881362891493273e-05,2.153771614273096710e-08,-6.062375786364704131e-08,1.360389401200828852e-01,6.442704417607901801e-01,4.331912551042569337e-01,-3.746994699518064742e-01,7.838705009215548580e-01,-3.800087998125853406e-01,-1.029098200101810634e-02,1.430362167398120388e-01,6.442688096346340654e-01,-4.331944851712737354e-01,3.747084893567887987e-01,7.838718796857333526e-01,3.800175451508326918e-01,-1.029332807862995414e-02,-1.430391097249534005e-01
2.440000,9.846147344555670200e-01,0.000000000000000000e+00,6.119810994813240645e-01,1.000000000000000000e+00,0.000000000000000000e+00,-1.224646799147353207e-16,0.000000000000000000e+00,-9.605242901612612849e-01,-3.299474644138532844e-05,8.982922604256447785e-05,1.835293648529049193e+00,-8.011630525300998951e-01,9.584839816991733326e-05,-9.605223432615290768e-01,-3.182678948204774609e-05,8.487304837101975342e-05,1.835292950208406104e+00,-8.011643000175663332e-01,9.052348846681555316e-05,1.398928700240361901e-08,-4.641094642637684480e-08,1.352067407043784364e-01,6.326932331961873102e-01,4.323681935292601475e-01,-3.738813537930500974e-01,7.851636806093870158e-01,-3.799428557514319960e-01,-8.687544458643132322e-03,1.420309749671851141e-01,6.326916444725281252e-01,-4.323714495838163474e-01,3.738903546506605058e-01,7.851649593633558410e-01,3.799515960477140575e-01,-8.689832762219032447e-03,-1.420338942746537103e-01
2.450000,9.857648724321801392e-01,0.000000000000000000e+00,6.098867620901555764e-01,1.000000000000000000e+00,0.000000000000000000e+00,-1.224646799147353207e-16,0.000000000000000000e+00,-9.537008964601074723e-01,-3.817338920095956898e-05,1.000569002729745284e-04,1.828194036394017008e+00,-8.015844179819566762e-01,1.072294640907031226e-04,-9.536987147803468456e-01,-3.672382472166976167e-05,9.486506445353989762e-05,1.828193240883727144e+00,-8.015858036669242237e-01,1.015680768092527386e-04,8.542751727683142117e-09,-3.492371773086003070e-08,1.342698352412351193e-01,6.226829723763909197e-01,4.317477342863135226e-01,-3.732102633427784588e-01,7.847529412650159353e-01,-3.798859708632928434e-01,-6.911050222205924846e-03,1.415974136066184552e-01,6.226814218252092470e-01,-4.317510191183193680e-01,3.732192468776079908e-01,7.847541273212299551e-01,3.798947071061942737e-01,-6.913288244813983394e-03,-1.416003627437988077e-01
2.460000,9.867644303184185395e-01,0.000000000000000000e+00,6.083253080309891647e-01,1.000000000000000000e+00,0.000000000000000000e+00,-1.224646799147353207e-16,0.000000000000000000e+00,-9.475933740106995407e-01,-4.138867822270745104e-05,1.056252972253853825e-04,1.820377441837622179e+00,-8.005751611819458269e-01,1.136185156826132381e-04,-9.475910614413347588e-01,-3.966343915413682541e-05,1.002752590598857509e-04,1.820376588449242217e+00,-8.005766205584347039e-01,1.076949890269361573e-04,4.570449953581251222e-09,-2.556925000275115224e-08,1.332609905589356714e-01,6.139540283981569369e-01,4.312108074145953873e-01,-3.726624865652200524e-01,7.832262432443519717e-01,-3.797834401497868217e-01,-5.296181529682202245e-03,1.415925505531933359e-01,6.139525104194110128e-01,-4.312141214858434823e-01,3.726714537640359315e-01,7.832273467816381896e-01,3.797921720438473536e-01,-5.298376919229120380e-03,-1.415955304367933487e-01
2.470000,9.876276540207500343e-01,0.000000000000000000e+00,6.072427425879214358e-01,1.000000000000000000e+00,0.000000000000000000e+00,-1.224646799147353207e-16,0.000000000000000000e+00,-9.421424356817120760e-01,-4.287207129990525551e-05,1.070754263093042240e-04,1.811949912755125291e+00,-7.982978920284201640e-01,1.155579722429835412e-04,-9.421400855401271812e-01,-4.089966915862724067e-05,1.016099975775816393e-04,1.811949038370554543e+00,-7.982993686156739654e-01,1.094221506930612164e-04,1.592430515793665704e-09,-1.781052743480871776e-08,1.322056348827673200e-01,6.062990599717030804e-01,4.306907545489423450e-01,-3.722182650130784753e-01,7.809665392452684873e-01,-3.796082493476426456e-01,-4.028022282420225253e-03,1.419108792806737518e-01,6.062975692164540575e-01,-4.306940972357287678e-01,3.722272167134664245e-01,7.809675710001964255e-01,3.796169758557419449e-01,-4.030182117703072324e-03,-1.419138895533085254e-01
2.480000,9.883687894456429923e-01,0.000000000000000000e+00,6.065850710450501060e-01,1.000000000000000000e+00,0.000000000000000000e+00,-1.224646799147353207e-16,0.000000000000000000e+00,-9.372669090272234271e-01,-4.282135454563707323e-05,1.049942561720648075e-04,1.803007632498274004e+00,-7.949290279681047178e-01,1.136516105958309359e-04,-9.372646020740510453e-01,-4.063802685410314888e-05,9.944146687293398850e-05,1.803006769774094353e+00,-7.949304735783947473e-01,1.073428564347657333e-04,-7.307264625631183557e-10,-1.122364663752434204e-08,1.311212483705856413e-01,5.995605659036190582e-01,4.301535237059391226e-01,-3.718611791279454182e-01,7.782217287051047538e-01,-3.793488685504464719e-01,-3.199379289806890750e-03,1.424742413703888877e-01,5.995590975813614998e-01,-4.301568939652217205e-01,3.718701160673973938e-01,7.782226987450528988e-01,3.793575882563378632e-01,-3.201509741491946354e-03,-1.424772811348595236e-01
2.490000,9.890020824995650051e-01,0.000000000000000000e+00,6.062982986864726698e-01,1.000000000000000000e+00,0.000000000000000000e+00,-1.224646799147353207e-16,0.000000000000000000e+00,-9.328792430337161656e-01,-4.143888209808314714e-05,9.996970876643729602e-05,1.793641857478103230e+00,-7.906470779026555373e-01,1.085148306788085061e-04,-9.328770469322178460e-01,-3.908275510881597967e-05,9.435094471090312311e-05,1.793641034002997126e+00,-7.906484523682945076e-01,1.020676177192586759e-04,-2.630277497032124940e-09,-5.493231967989011383e-09,1.300191910398568740e-01,5.936125432210995756e-01,4.295853053018767187e-01,-3.715771040010361070e-01,7.751531053802273030e-01,-3.790030211118476378e-01,-2.845544266795361609e-03,1.432229813649759376e-01,5.936110932163486398e-01,-4.295887020123334565e-01,3.715860268434656444e-01,7.751540225399745632e-01,3.790117324520272390e-01,-2.847650494163200124e-03,-1.432260495732457228e-01
2.500000,9.895417790889844412e-01,0.000000000000000000e+00,6.063284307962865105e-01,1.000000000000000000e+00,0.000000000000000000e+00,-1.224646799147353207e-16,0.000000000000000000e+00,-9.328792430337161656e-01,-4.143888209808314714e-05,9.996970876643729602e-05,1.793641857478103230e+00,-7.906470779026555373e-01,1.085148306788085061e-04,-9.328770469322178460e-01,-3.908275510881597967e-05,9.435094471090312311e-05,1.793641034002997126e+00,-7.906484523682945076e-01,1.020676177192586759e-04,-2.630277497032124940e-09,-5.493231967989011383e-09,1.300191910398568740e-01,5.936125432210995756e-01,4.295853053018767187e-01,-3.715771040010361070e-01,7.751531053802273030e-01,-3.790030211118476378e-01,-2.845544266795361609e-03,1.432229813649759376e-01,5.936110932163486398e-01,-4.295887020123334565e-01,3.715860268434656444e-01,7.751540225399745632e-01,3.790117324520272390e-01,-2.847650494163200124e-03,-1.432260495732457228e-01
2.510000,9.900021251203693362e-01,0.000000000000000000e+00,6.066214726585887895e-01,1.000000000000000000e+00,0.000000000000000000e+00,-1.224646799147353207e-16,0.000000000000000000e+00,-9.265478149771260163e-01,-3.664315469872159403e-05,8.619036037168752835e-05,1.777203271364728332e+00,-7.817332533389016458e-01,9.407060532582531157e-05,-9.265459414793464354e-01,-3.351359533699225807e-05,7.922665230868328212e-05,1.777202567627800045e+00,-7.817344260625882502e-01,8.599222378530322166e-05,-6.463904021649429266e-09,2.521865327896070019e-09,1.281379693857141455e-01,5.853690813283612959e-01,4.285785205110393403e-01,-3.712337227171354503e-01,7.693844855374428748e-01,-3.782032896684321410e-01,-3.611420372095862103e-03,1.448001178408587220e-01,5.853676455033045567e-01,-4.285819568921167000e-01,3.712426237035255649e-01,7.693853495986249236e-01,3.782119798743609485e-01,-3.613505029386922078e-03,-1.448032272970612988e-01
2.520000,9.903973665001878368e-01,0.000000000000000000e+00,6.071234295574771123e-01,1.000000000000000000e+00,0.000000000000000000e+00,-1.224646799147353207e-16,0.000000000000000000e+00,-9.222158801798704397e-01,-3.191448664349559464e-05,7.395825680130257962e-05,1.764951900097905702e+00,-7.746450521971465220e-01,8.096045888551980376e-05,-9.222142775846503548e-01,-2.889675705834338537e-05,6.743795697184841562e-05,1.764951299113617367e+00,-7.746460567956225951e-01,7.334386647914724073e-05,-7.617233025680635539e-09,7.550188806420362907e-09,1.267747192169543513e-01,5.800381106462498826e-01,4.277887939884424395e-01,-3.710526047236908376e-01,7.652180129033734346e-01,-3.775379955311947699e-01,-4.598080088690007644e-03,1.460376466293742403e-01,5.800366881427864163e-01,-4.277922583944880897e-01,3.710614903552782451e-01,7.652188334596395913e-01,3.775466713012369246e-01,-4.600146793478851470e-03,-1.460407870678943065e-01
2.530000,9.907417491349078675e-01,0.000000000000000000e+00,6.077803067770488621e-01,1.000000000000000000e+00,0.000000000000000000e+00,-1.224646799147353207e-16,0.000000000000000000e+00,-9.222158801798704397e-01,-3.191448664349559464e-05,7.395825680130257962e-05,1.764951900097905702e+00,-7.746450521971465220e-01,8.096045888551980376e-05,-9.222142775846503548e-01,-2.889675705834338537e-05,6.743795697184841562e-05,1.764951299113617367e+00,-7.746460567956225951e-01,7.334386647914724073e-05,-7.617233025680635539e-09,7.550188806420362907e-09,1.267747192169543513e-01,5.800381106462498826e-01,4.277887939884424395e-01,-3.710526047236908376e-01,7.652180129033734346e-01,-3.775379955311947699e-01,-4.598080088690007644e-03,1.460376466293742403e-01,5.800366881427864163e-01,-4.277922583944880897e-01,3.710614903552782451e-01,7.652188334596395913e-01,3.775466713012369246e-01,-4.600146793478851470e-03,-1.460407870678943065e-01
2.540000,9.910495189309975750e-01,0.000000000000000000e+00,6.085381096014012003e-01,1.000000000000000000e+00,0.000000000000000000e+00,-1.224646799147353207e-16,0.000000000000000000e+00,-9.165488111713711028e-01,-2.415781891468175223e-05,5.458921399974952290e-05,1.747308855647714765e+00,-7.638981343012987146e-01,6.018827760801600244e-05,-9.165476540509409631e-01,-2.062378473759039532e-05,4.724800260679363866e-05,1.747308421294303526e+00,-7.638988609094640170e-01,5.155011866562311037e-05,-1.017679260703201208e-08,1.460368551332339840e-08,1.247888437922919369e-01,5.736502023803443651e-01,4.266622306144258192e-01,-3.708468294452743064e-01,7.590652574404208597e-01,-3.764047804870477298e-01,-7.342159073166291613e-03,1.478665888820746843e-01,5.736487900963588293e-01,-4.266657331487495597e-01,3.708556942991158012e-01,7.590660344213480126e-01,3.764134297191930045e-01,-7.344209488872967262e-03,-1.478697704334797081e-01
2.550000,9.913349217949248837e-01,0.000000000000000000e+00,6.093428433146319545e-01,1.000000000000000000e+00,0.000000000000000000e+00,-1.224646799147353207e-16,0.000000000000000000e+00,-9.165488111713711028e-01,-2.415781891468175223e-05,5.458921399974952290e-05,1.747308855647714765e+00,-7.638981343012987146e-01,6.018827760801600244e-05,-9.165476540509409631e-01,-2.062378473759039532e-05,4.724800260679363866e-05,1.747308421294303526e+00,-7.638988609094640170e-01,5.155011866562311037e-05,-1.017679260703201208e-08,1.460368551332339840e-08,1.247888437922919369e-01,5.736502023803443651e-01,4.266622306144258192e-01,-3.708468294452743064e-01,7.590652574404208597e-01,-3.764047804870477298e-01,-7.342159073166291613e-03,1.478665888820746843e-01,5.736487900963588293e-01,-4.266657331487495597e-01,3.708556942991158012e-01,7.590660344213480126e-01,3.764134297191930045e-01,-7.344209488872967262e-03,-1.478697704334797081e-01
2.560000,9.916122036331579404e-01,0.000000000000000000e+00,6.101405132008380638e-01,1.000000000000000000e+00,0.000000000000000000e+00,-1.224646799147353207e-16,0.000000000000000000e+00,-9.103375964431482670e-01,-1.553920699200016112e-05,3.411864067546261384e-05,1.728332071201144071e+00,-7.524645101540350378e-01,3.801964800627232198e-05,-9.103369065101761803e-01,-1.175038213906968866e-05,2.629861612517814376e-05,1.728331810128759694e+00,-7.524649431451482240e-01,2.879415735759451692e-05,-1.246705279842329153e-08,2.133876669998274843e-08,1.226041200018316429e-01,5.674963103908969853e-01,4.254863182141981337e-01,-3.706299708292070116e-01,7.525171918362469903e-01,-3.750509590843462138e-01,-1.132671656079905012e-02,1.497473121297204779e-01,5.674949071344901341e-01,-4.254898596873862293e-01,3.706388142902250493e-01,7.525179270527954101e-01,3.750595766435476097e-01,-1.132875146374053704e-02,-1.497505360785026940e-01
2.570000,9.918956103521648915e-01,0.000000000000000000e+00,6.108771245441171338e-01,1.000000000000000000e+00,0.000000000000000000e+00,-1.224646799147353207e-16,0.000000000000000000e+00,-9.103375964431482670e-01,-1.553920699200016112e-05,3.411864067546261384e-05,1.728332071201144071e+00,-7.524645101540350378e-01,3.801964800627232198e-05,-9.103369065101761803e-01,-1.175038213906968866e-05,2.629861612517814376e-05,1.728331810128759694e+00,-7.524649431451482240e-01,2.879415735759451692e-05,-1.246705279842329153e-08,2.133876669998274843e-08,1.226041200018316429e-01,5.674963103908969853e-01,4.254863182141981337e-01,-3.706299708292070116e-01,7.525171918362469903e-01,-3.750509590843462138e-01,-1.132671656079905012e-02,1.497473121297204779e-01,5.674949071344901341e-01,-4.254898596873862293e-01,3.706388142902250493e-01,7.525179270527954101e-01,3.750595766435476097e-01,-1.132875146374053704e-02,-1.497505360785026940e-01
2.580000,9.921993878584135507e-01,0.000000000000000000e+00,6.114986826285666588e-01,1.000000000000000000e+00,0.000000000000000000e+00,-1.224646799147353207e-16,0.000000000000000000e+00,-9.035075258298028711e-01,-8.071312866202073259e-06,1.722344818405209719e-05,1.709890267658930263e+00,-7.422041040634030917e-01,1.952346324114676910e-05,-9.035072189488957406e-01,-4.361132515810811225e-06,9.305629633668065605e-06,1.709890147645448444e+00,-7.422042945609690356e-01,1.022417436780195148e-05,-1.443459460377242967e-08,2.706354126911411259e-08,1.203506613787568708e-01,5.615154158480291091e-01,4.244171437274588676e-01,-3.703293851972625506e-01,7.463400990489029718e-01,-3.736209909127568007e-01,-1.621652236379520634e-02,1.513140961329163814e-01,5.615140208928827148e-01,-4.244207210458389445e-01,3.703382081045115126e-01,7.463407956738452587e-01,3.736295738601114746e-01,-1.621854197419139373e-02,-1.513173592671483159e-01
2.590000,9.925377820583723976e-01,0.000000000000000000e+00,6.119511927382839112e-01,1.000000000000000000e+00,0.000000000000000000e+00,-1.224646799147353207e-16,0.000000000000000000e+00,-9.035075258298028711e-01,-8.071312866202073259e-06,1.722344818405209719e-05,1.709890267658930263e+00,-7.422041040634030917e-01,1.952346324114676910e-05,-9.035072189488957406e-01,-4.361132515810811225e-06,9.305629633668065605e-06,1.709890147645448444e+00,-7.422042945609690356e-01,1.022417436780195148e-05,-1.443459460377242967e-08,2.706354126911411259e-08,1.203506613787568708e-01,5.615154158480291091e-01,4.244171437274588676e-01,-3.703293851972625506e-01,7.463400990489029718e-01,-3.736209909127568007e-01,-1.621652236379520634e-02,1.513140961329163814e-01,5.615140208928827148e-01,-4.244207210458389445e-01,3.703382081045115126e-01,7.463407956738452587e-01,3.736295738601114746e-01,-1.621854197419139373e-02,-1.513173592671483159e-01
2.600000,9.929250388585090237e-01,0.000000000000000000e+00,6.121806601573661633e-01,1.000000000000000000e+00,0.000000000000000000e+00,-1.224646799147353207e-16,0.000000000000000000e+00,-8.957398100753196646e-01,-3.661385767685590098e-06,7.865425757575254223e-06,1.693158152869513211e+00,-7.345872624358772418e-01,9.093571026263750167e-06,-8.957397148585113378e-01,-3.106002505351434473e-07,9.541404413108648546e-08,1.693158112013660954e+00,-7.345873191270388958e-01,8.894980001261097214e-08,-1.619308201041626307e-08,3.144226392558032320e-08,1.180675378248974838e-01,5.551999902932555075e-01,4.235505144148386525e-01,-3.698422586479362395e-01,7.411103620755372656e-01,-3.722321543338195649e-01,-2.173690835823116965e-02,1.522487478420235518e-01,5.551986034322147212e-01,-4.235541215824830674e-01,3.698510622231336309e-01,7.411110243484366755e-01,3.722407008423898600e-01,-2.173891243871484483e-02,-1.522520434460913341e-01
2.610000,9.933111222555465192e-01,0.000000000000000000e+00,6.123596032970125558e-01,1.000000000000000000e+00,0.000000000000000000e+00,-1.224646799147353207e-16,0.000000000000000000e+00,-8.957398100753196646e-01,-3.661385767685590098e-06,7.865425757575254223e-06,1.693158152869513211e+00,-7.345872624358772418e-01,9.093571026263750167e-06,-8.957397148585113378e-01,-3.106002505351434473e-07,9.541404413108648546e-08,1.693158112013660954e+00,-7.345873191270388958e-01,8.894980001261097214e-08,-1.619308201041626307e-08,3.144226392558032320e-08,1.180675378248974838e-01,5.551999902932555075e-01,4.235505144148386525e-01,-3.698422586479362395e-01,7.411103620755372656e-01,-3.722321543338195649e-01,-2.173690835823116965e-02,1.522487478420235518e-01,5.551986034322147212e-01,-4.235541215824830674e-01,3.698510622231336309e-01,7.411110243484366755e-01,3.722407008423898600e-01,-2.173891243871484483e-02,-1.522520434460913341e-01
2.620000,9.936395350251464587e-01,0.000000000000000000e+00,6.126886356517027288e-01,1.000000000000000000e+00,0.000000000000000000e+00,-1.224646799147353207e-16,0.000000000000000000e+00,-8.874283581073847404e-01,-2.082255273405851831e-06,4.826705135245553562e-06,1.678314196466841102e+00,-7.291495920329227332e-01,5.582347529261182442e-06,-8.874283309177728452e-01,9.139292562484644953e-07,-2.652374581241137807e-06,1.678314183364071566e+00,-7.291496072107565007e-01,-2.980280650963139543e-06,-2.234432666398735003e-08,3.963473358428635265e-08,1.164010568441710136e-01,5.475255870406734449e-01,4.233411732504043790e-01,-3.694740272848798246e-01,7.348635343910665529e-01,-3.720838246225365853e-01,-1.906532068990030027e-02,1.536663160983427201e-01,5.475242103993568366e-01,-4.233448246178702634e-01,3.694828133657016567e-01,7.348641405732018184e-01,3.720923579071198639e-01,-1.906730127162414162e-02,-1.536696539157725583e-01
2.630000,9.939148312421844933e-01,0.000000000000000000e+00,6.131559051304547037e-01,1.000000000000000000e+00,0.000000000000000000e+00,-1.224646799147353207e-16,0.000000000000000000e+00,-8.874283581073847404e-01,-2.082255273405851831e-06,4.826705135245553562e-06,1.678314196466841102e+00,-7.291495920329227332e-01,5.582347529261182442e-06,-8.874283309177728452e-01,9.139292562484644953e-07,-2.652374581241137807e-06,1.678314183364071566e+00,-7.291496072107565007e-01,-2.980280650963139543e-06,-2.234432666398735003e-08,3.963473358428635265e-08,1.164010568441710136e-01,5.475255870406734449e-01,4.233411732504043790e-01,-3.694740272848798246e-01,7.348635343910665529e-01,-3.720838246225365853e-01,-1.906532068990030027e-02,1.536663160983427201e-01,5.475242103993568366e-01,-4.233448246178702634e-01,3.694828133657016567e-01,7.348641405732018184e-01,3.720923579071198639e-01,-1.906730127162414162e-02,-1.536696539157725583e-01
2.640000,9.941415649815367184e-01,0.000000000000000000e+00,6.137495596422868349e-01,1.000000000000000000e+00,0.000000000000000000e+00,-1.224646799147353207e-16,0.000000000000000000e+00,-8.792441173817079347e-01,-1.495530047545778861e-06,3.750905890537578707e-06,1.664692621136867778e+00,-7.247395432722468778e-01,4.305267857902361000e-06,-8.792441128639127967e-01,1.287144516435405686e-06,-3.437840686843302540e-06,1.664692618194647311e+00,-7.247395453023300904e-01,-3.874858091468470703e-06,-2.666921065476722775e-08,4.874170418504394154e-08,1.148059559854527067e-01,5.412923871339057058e-01,4.238832706937490369e-01,-3.691727708250556184e-01,7.264450343991137871e-01,-3.724164340598410949e-01,-1.389982424322193030e-02,1.555131993257791168e-01,5.412910227182549106e-01,-4.238869769352762162e-01,3.691815390943710695e-01,7.264455768370294830e-01,3.724249635721554874e-01,-1.390178496706866856e-02,-1.555165915476053040e-01
2.650000,9.943242903180787851e-01,0.000000000000000000e+00,6.144577470962169219e-01,1.000000000000000000e+00,0.000000000000000000e+00,-1.224646799147353207e-16,0.000000000000000000e+00,-8.792441173817079347e-01,-1.495530047545778861e-06,3.750905890537578707e-06,1.664692621136867778e+00,-7.247395432722468778e-01,4.305267857902361000e-06,-8.792441128639127967e-01,1.287144516435405686e-06,-3.437840686843302540e-06,1.664692618194647311e+00,-7.247395453023300904e-01,-3.874858091468470703e-06,-2.666921065476722775e-08,4.874170418504394154e-08,1.148059559854527067e-01,5.412923871339057058e-01,4.238832706937490369e-01,-3.691727708250556184e-01,7.264450343991137871e-01,-3.724164340598410949e-01,-1.389982424322193030e-02,1.555131993257791168e-01,5.412910227182549106e-01,-4.238869769352762162e-01,3.691815390943710695e-01,7.264455768370294830e-01,3.724249635721554874e-01,-1.390178496706866856e-02,-1.555165915476053040e-01
2.660000,9.944675613266866776e-01,0.000000000000000000e+00,6.152686154012633191e-01,1.000000000000000000e+00,0.000000000000000000e+00,-1.224646799147353207e-16,0.000000000000000000e+00,-8.713406784896257085e-01,-1.269039946764839308e-06,3.319798936375215604e-06,1.651976243884354822e+00,-7.209364812439871262e-01,3.789174716019839043e-06,-8.713406816428114210e-01,1.394326309478842095e-06,-3.613352680139904723e-06,1.651976244702466845e+00,-7.209364790872989648e-01,-4.084826838858534379e-06,-2.905046877479526670e-08,5.719975938348432866e-08,1.131772602872899575e-01,5.370911077167522807e-01,4.251015230124482458e-01,-3.689107766233371000e-01,7.158638944407977878e-01,-3.729610882268425409e-01,-8.128039924929273893e-03,1.577170432593806293e-01,5.370897541946785259e-01,-4.251052922981355398e-01,3.689195270594576304e-01,7.158643734311621598e-01,3.729696172939860332e-01,-8.129987610485901392e-03,-1.577204993872889371e-01
2.670000,9.945759320822362692e-01,0.000000000000000000e+00,6.161703124664441589e-01,1.000000000000000000e+00,0.000000000000000000e+00,-1.224646799147353207e-16,0.000000000000000000e+00,-8.713406784896257085e-01,-1.269039946764839308e-06,3.319798936375215604e-06,1.651976243884354822e+00,-7.209364812439871262e-01,3.789174716019839043e-06,-8.713406816428114210e-01,1.394326309478842095e-06,-3.613352680139904723e-06,1.651976244702466845e+00,-7.209364790872989648e-01,-4.084826838858534379e-06,-2.905046877479526670e-08,5.719975938348432866e-08,1.131772602872899575e-01,5.370911077167522807e-01,4.251015230124482458e-01,-3.689107766233371000e-01,7.158638944407977878e-01,-3.729610882268425409e-01,-8.128039924929273893e-03,1.577170432593806293e-01,5.370897541946785259e-01,-4.251052922981355398e-01,3.689195270594576304e-01,7.158643734311621598e-01,3.729696172939860332e-01,-8.129987610485901392e-03,-1.577204993872889371e-01
2.680000,9.946539566596036552e-01,0.000000000000000000e+00,6.171509862007777958e-01,1.000000000000000000e+00,0.000000000000000000e+00,-1.224646799147353207e-16,0.000000000000000000e+00,-8.637205345340349671e-01,-1.183679265834451175e-06,3.127010757161492589e-06,1.639962437835523534e+00,-7.175486481375308312e-01,3.561641659732902826e-06,-8.637205399799865457e-01,1.413562667623230431e-06,-3.591626191135322283e-06,1.639962439924477433e+00,-7.175486448464303280e-01,-4.071382207276750265e-06,-3.016281777763334228e-08,6.435653682577994712e-08,1.115083955455009601e-01,5.347910331975596065e-01,4.268778024942641025e-01,-3.686695624639826363e-01,7.034527441430357131e-01,-3.736160822454780983e-01,-2.350326878639028526e-03,1.602059860096742838e-01,5.347896868539038229e-01,-4.268816405973389627e-01,3.686782953838267374e-01,7.034531648839196238e-01,3.736246115913173793e-01,-2.352269328028702873e-03,-1.602095123032529489e-01
2.690000,9.947061891336643757e-01,0.000000000000000000e+00,6.181987845132820292e-01,1.000000000000000000e+00,0.000000000000000000e+00,-1.224646799147353207e-16,0.000000000000000000e+00,-8.637205345340349671e-01,-1.183679265834451175e-06,3.127010757161492589e-06,1.639962437835523534e+00,-7.175486481375308312e-01,3.561641659732902826e-06,-8.637205399799865457e-01,1.413562667623230431e-06,-3.591626191135322283e-06,1.639962439924477433e+00,-7.175486448464303280e-01,-4.071382207276750265e-06,-3.016281777763334228e-08,6.435653682577994712e-08,1.115083955455009601e-01,5.347910331975596065e-01,4.268778024942641025e-01,-3.686695624639826363e-01,7.034527441430357131e-01,-3.736160822454780983e-01,-2.350326878639028526e-03,1.602059860096742838e-01,5.347896868539038229e-01,-4.268816405973389627e-01,3.686782953838267374e-01,7.034531648839196238e-01,3.736246115913173793e-01,-2.352269328028702873e-03,-1.602095123032529489e-01
2.700000,9.947371835792945260e-01,0.000000000000000000e+00,6.193018553129752135e-01,1.000000000000000000e+00,0.000000000000000000e+00,-1.224646799147353207e-16,0.000000000000000000e+00,-8.563408798841242175e-01,-1.162253603412264503e-06,3.041151427694433483e-06,1.628483981857791418e+00,-7.144551145263327019e-01,3.464713431952377759e-06,-8.563408854446519225e-01,1.402090724950459385e-06,-3.504595833061031159e-06,1.628483984154827313e+00,-7.144551112832194795e-01,-3.983827660607445278e-06,-3.049804107796704289e-08,6.994332202256012344e-08,1.098079859995810120e-01,5.340184657643770594e-01,4.290803121628933292e-01,-3.684350122501905966e-01,6.896463687276278565e-01,-3.743353063711474804e-01,3.265735879363742059e-03,1.629085748801028244e-01,5.340171216374975938e-01,-4.290842223465536898e-01,3.684437280955513705e-01,6.896467397069921956e-01,3.743438356655627297e-01,3.263790572747300028e-03,-1.629121745189743842e-01
2.710000,9.947514940713698683e-01,0.000000000000000000e+00,6.204483465088755922e-01,1.000000000000000000e+00,0.000000000000000000e+00,-1.224646799147353207e-16,0.000000000000000000e+00,-8.563408798841242175e-01,-1.162253603412264503e-06,3.041151427694433483e-06,1.628483981857791418e+00,-7.144551145263327019e-01,3.464713431952377759e-06,-8.563408854446519225e-01,1.402090724950459385e-06,-3.504595833061031159e-06,1.628483984154827313e+00,-7.144551112832194795e-01,-3.983827660607445278e-06,-3.049804107796704289e-08,6.994332202256012344e-08,1.098079859995810120e-01,5.340184657643770594e-01,4.290803121628933292e-01,-3.684350122501905966e-01,6.896463687276278565e-01,-3.743353063711474804e-01,3.265735879363742059e-03,1.629085748801028244e-01,5.340171216374975938e-01,-4.290842223465536898e-01,3.684437280955513705e-01,6.896467397069921956e-01,3.743438356655627297e-01,3.263790572747300028e-03,-1.629121745189743842e-01
2.720000,9.947536746847664979e-01,0.000000000000000000e+00,6.216264060100010758e-01,1.000000000000000000e+00,0.000000000000000000e+00,-1.224646799147353207e-16,0.000000000000000000e+00,-8.563408798841242175e-01,-1.162253603412264503e-06,3.041151427694433483e-06,1.628483981857791418e+00,-7.144551145263327019e-01,3.464713431952377759e-06,-8.563408854446519225e-01,1.402090724950459385e-06,-3.504595833061031159e-06,1.628483984154827313e+00,-7.144551112832194795e-01,-3.983827660607445278e-06,-3.049804107796704289e-08,6.994332202256012344e-08,1.098079859995810120e-01,5.340184657643770594e-01,4.290803121628933292e-01,-3.684350122501905966e-01,6.896463687276278565e-01,-3.743353063711474804e-01,3.265735879363742059e-03,1.629085748801028244e-01,5.340171216374975938e-01,-4.290842223465536898e-01,3.684437280955513705e-01,6.896467397069921956e-01,3.743438356655627297e-01,3.263790572747300028e-03,-1.629121745189743842e-01
2.730000,9.947482794943600659e-01,0.000000000000000000e+00,6.228241817253700185e-01,1.000000000000000000e+00,0.000000000000000000e+00,-1.224646799147353207e-16,0.000000000000000000e+00,-8.467698525241987850e-01,-1.323586188098157988e-06,3.376061867010306710e-06,1.613800309517360754e+00,-7.107002909469448682e-01,3.849629004259451408e-06,-8.467698567033010715e-01,1.507972216400867886e-06,-3.718439715726582336e-06,1.613800311324581349e+00,-7.107002885736193321e-01,-4.238596104118889345e-06,-3.210682283074777310e-08,7.884524924794657357e-08,1.075521329564150252e-01,5.341031873154395981e-01,4.321263059624484426e-01,-3.680854942431115440e-01,6.713605641261962687e-01,-3.751654345288202852e-01,9.363104946053489586e-03,1.663617471987699770e-01,5.341018423430096140e-01,-4.321303123740413699e-01,3.680941879711380205e-01,6.713608767914391873e-01,3.751739583674412182e-01,9.361152272661696361e-03,-1.663654441999421196e-01
2.740000,9.947398625750265566e-01,0.000000000000000000e+00,6.240298215640004420e-01,1.000000000000000000e+00,0.000000000000000000e+00,-1.224646799147353207e-16,0.000000000000000000e+00,-8.467698525241987850e-01,-1.323586188098157988e-06,3.376061867010306710e-06,1.613800309517360754e+00,-7.107002909469448682e-01,3.849629004259451408e-06,-8.467698567033010715e-01,1.507972216400867886e-06,-3.718439715726582336e-06,1.613800311324581349e+00,-7.107002885736193321e-01,-4.238596104118889345e-06,-3.210682283074777310e-08,7.884524924794657357e-08,1.075521329564150252e-01,5.341031873154395981e-01,4.321263059624484426e-01,-3.680854942431115440e-01,6.713605641261962687e-01,-3.751654345288202852e-01,9.363104946053489586e-03,1.663617471987699770e-01,5.341018423430096140e-01,-4.321303123740413699e-01,3.680941879711380205e-01,6.713608767914391873e-01,3.751739583674412182e-01,9.361152272661696361e-03,-1.663654441999421196e-01
2.750000,9.947329780016418432e-01,0.000000000000000000e+00,6.252314734349104786e-01,1.000000000000000000e+00,0.000000000000000000e+00,-1.224646799147353207e-16,0.000000000000000000e+00,-8.389398455279721833e-01,-1.325768068169387609e-06,3.263930282222146827e-06,1.601724649804612044e+00,-7.075668974376676523e-01,3.740370287709165746e-06,-8.389398482682633995e-01,1.448529892294648451e-06,-3.485498174306671948e-06,1.601724651029679425e+00,-7.075668959141914183e-01,-3.994680291211392984e-06,-3.121601599307826335e-08,8.054548701604789019e-08,1.056116885983614806e-01,5.351272060737098935e-01,4.350641288276815288e-01,-3.678045632099885554e-01,6.544922420829306642e-01,-3.760288461389107439e-01,1.525334080784346638e-02,1.696077483943029263e-01,5.351258520399621021e-01,-4.350682137745457423e-01,3.678132390071362501e-01,6.544925235525481666e-01,3.760373690239273148e-01,1.525136851718963613e-02,-1.696115243698535779e-01
2.760000,9.947321798490817990e-01,0.000000000000000000e+00,6.264172852471185937e-01,1.000000000000000000e+00,0.000000000000000000e+00,-1.224646799147353207e-16,0.000000000000000000e+00,-8.389398455279721833e-01,-1.325768068169387609e-06,3.263930282222146827e-06,1.601724649804612044e+00,-7.075668974376676523e-01,3.740370287709165746e-06,-8.389398482682633995e-01,1.448529892294648451e-06,-3.485498174306671948e-06,1.601724651029679425e+00,-7.075668959141914183e-01,-3.994680291211392984e-06,-3.121601599307826335e-08,8.054548701604789019e-08,1.056116885983614806e-01,5.351272060737098935e-01,4.350641288276815288e-01,-3.678045632099885554e-01,6.544922420829306642e-01,-3.760288461389107439e-01,1.525334080784346638e-02,1.696077483943029263e-01,5.351258520399621021e-01,-4.350682137745457423e-01,3.678132390071362501e-01,6.544925235525481666e-01,3.760373690239273148e-01,1.525136851718963613e-02,-1.696115243698535779e-01
2.770000,9.947420221922224082e-01,0.000000000000000000e+00,6.275754049096425868e-01,1.000000000000000000e+00,0.000000000000000000e+00,-1.224646799147353207e-16,0.000000000000000000e+00,-8.389398455279721833e-01,-1.325768068169387609e-06,3.263930282222146827e-06,1.601724649804612044e+00,-7.075668974376676523e-01,3.740370287709165746e-06,-8.389398482682633995e-01,1.448529892294648451e-06,-3.485498174306671948e-06,1.601724651029679425e+00,-7.075668959141914183e-01,-3.994680291211392984e-06,-3.121601599307826335e-08,8.054548701604789019e-08,1.056116885983614806e-01,5.351272060737098935e-01,4.350641288276815288e-01,-3.678045632099885554e-01,6.544922420829306642e-01,-3.760288461389107439e-01,1.525334080784346638e-02,1.696077483943029263e-01,5.351258520399621021e-01,-4.350682137745457423e-01,3.678132390071362501e-01,6.544925235525481666e-01,3.760373690239273148e-01,1.525136851718963613e-02,-1.696115243698535779e-01
2.780000,9.947670591059394329e-01,0.000000000000000000e+00,6.286939803315005904e-01,1.000000000000000000e+00,0.000000000000000000e+00,-1.224646799147353207e-16,0.000000000000000000e+00,-8.292908679624143575e-01,-1.491729065833280865e-06,3.536110178983884019e-06,1.586799100907505977e+00,-7.036815231026620765e-01,4.070033218557772046e-06,-8.292908690930470561e-01,1.543558289534632929e-06,-3.624743933827631887e-06,1.586799101452520233e+00,-7.036815225057952983e-01,-4.174094955080474057e-06,-3.128251481948895140e-08,8.346674232618522067e-08,1.032207434758587589e-01,5.355409869043817883e-01,4.382569490296681636e-01,-3.674013268736706639e-01,6.355569979531435765e-01,-3.769078649445486429e-01,2.147424140333108883e-02,1.732115056639248751e-01,5.355396186059251384e-01,-4.382611210668156954e-01,3.674099806096173815e-01,6.355572539004359367e-01,3.769163822295247823e-01,2.147224306978447878e-02,-1.732153683733808069e-01
2.790000,9.948118446651088576e-01,0.000000000000000000e+00,6.297611594217110698e-01,1.000000000000000000e+00,0.000000000000000000e+00,-1.224646799147353207e-16,0.000000000000000000e+00,-8.292908679624143575e-01,-1.491729065833280865e-06,3.536110178983884019e-06,1.586799100907505977e+00,-7.036815231026620765e-01,4.070033218557772046e-06,-8.292908690930470561e-01,1.543558289534632929e-06,-3.624743933827631887e-06,1.586799101452520233e+00,-7.036815225057952983e-01,-4.174094955080474057e-06,-3.128251481948895140e-08,8.346674232618522067e-08,1.032207434758587589e-01,5.355409869043817883e-01,4.382569490296681636e-01,-3.674013268736706639e-01,6.355569979531435765e-01,-3.769078649445486429e-01,2.147424140333108883e-02,1.732115056639248751e-01,5.355396186059251384e-01,-4.382611210668156954e-01,3.674099806096173815e-01,6.355572539004359367e-01,3.769163822295247823e-01,2.147224306978447878e-02,-1.732153683733808069e-01
2.800000,9.948809329446064442e-01,0.000000000000000000e+00,6.307650900892920465e-01,1.000000000000000000e+00,0.000000000000000000e+00,-1.224646799147353207e-16,0.000000000000000000e+00,-8.213367285655229777e-01,-1.492095765544637596e-06,3.398165051919477440e-06,1.574268780248657684e+00,-7.002287004454019748e-01,3.939342148613031333e-06,-8.213367289212405442e-01,1.508583069887769027e-06,-3.424795303863665098e-06,1.574268780439508131e+00,-7.002287002730173127e-01,-3.971601374033050719e-06,-2.940795390639626794e-08,7.962310356416403211e-08,1.012065118742256908e-01,5.354058840095072824e-01,4.408561825316103522e-01,-3.670644763680412370e-01,6.198109520827704833e-01,-3.777505383313362608e-01,2.750192684799608600e-02,1.763180624458104140e-01,5.354044943061277984e-01,-4.408604155804184965e-01,3.670731124183865823e-01,6.198112133998532336e-01,3.777590546705033581e-01,2.749989219423533415e-02,-1.763219847141076491e-01
2.810000,9.949627346831325658e-01,0.000000000000000000e+00,6.317359336695487215e-01,1.000000000000000000e+00,0.000000000000000000e+00,-1.224646799147353207e-16,0.000000000000000000e+00,-8.213367285655229777e-01,-1.492095765544637596e-06,3.398165051919477440e-06,1.574268780248657684e+00,-7.002287004454019748e-01,3.939342148613031333e-06,-8.213367289212405442e-01,1.508583069887769027e-06,-3.424795303863665098e-06,1.574268780439508131e+00,-7.002287002730173127e-01,-3.971601374033050719e-06,-2.940795390639626794e-08,7.962310356416403211e-08,1.012065118742256908e-01,5.354058840095072824e-01,4.408561825316103522e-01,-3.670644763680412370e-01,6.198109520827704833e-01,-3.777505383313362608e-01,2.750192684799608600e-02,1.763180624458104140e-01,5.354044943061277984e-01,-4.408604155804184965e-01,3.670731124183865823e-01,6.198112133998532336e-01,3.777590546705033581e-01,2.749989219423533415e-02,-1.763219847141076491e-01
2.820000,9.950426675324408610e-01,0.000000000000000000e+00,6.327116410795948775e-01,1.000000000000000000e+00,0.000000000000000000e+00,-1.224646799147353207e-16,0.000000000000000000e+00,-8.139064101034342302e-01,-1.494199301697310270e-06,3.290605522906902730e-06,1.562417370930896166e+00,-6.968115352774975069e-01,3.839071434242246068e-06,-8.139064102156808866e-01,1.499421197679037637e-06,-3.298619914795696489e-06,1.562417370997379651e+00,-6.968115352282361341e-01,-3.849080907672708916e-06,-2.749341563333950157e-08,7.393230114580953189e-08,9.939723185127251337e-02,5.342836224312106363e-01,4.429860353220730906e-01,-3.667369545076607507e-01,6.061816924576761689e-01,-3.785621776587232423e-01,3.350405022604044381e-02,1.790867367686949374e-01,5.342822072440114312e-01,-4.429903147368706162e-01,3.667455743501946697e-01,6.061819774959372742e-01,3.785706941823206995e-01,3.350197369330210756e-02,-1.790907029313900112e-01
2.830000,9.951207959369866574e-01,0.000000000000000000e+00,6.336920446011623520e-01,1.000000000000000000e+00,0.000000000000000000e+00,-1.224646799147353207e-16,0.000000000000000000e+00,-8.139064101034342302e-01,-1.494199301697310270e-06,3.290605522906902730e-06,1.562417370930896166e+00,-6.968115352774975069e-01,3.839071434242246068e-06,-8.139064102156808866e-01,1.499421197679037637e-06,-3.298619914795696489e-06,1.562417370997379651e+00,-6.968115352282361341e-01,-3.849080907672708916e-06,-2.749341563333950157e-08,7.393230114580953189e-08,9.939723185127251337e-02,5.342836224312106363e-01,4.429860353220730906e-01,-3.667369545076607507e-01,6.061816924576761689e-01,-3.785621776587232423e-01,3.350405022604044381e-02,1.790867367686949374e-01,5.342822072440114312e-01,-4.429903147368706162e-01,3.667455743501946697e-01,6.061819774959372742e-01,3.785706941823206995e-01,3.350197369330210756e-02,-1.790907029313900112e-01
2.840000,9.951971843412265040e-01,0.000000000000000000e+00,6.346769765159823162e-01,1.000000000000000000e+00,0.000000000000000000e+00,-1.224646799147353207e-16,0.000000000000000000e+00,-8.066813440207674102e-01,-1.509374341057611680e-06,3.233194634924093077e-06,1.550827867706256802e+00,-6.934145449771831338e-01,3.792532348250523263e-06,-8.066813440562755622e-01,1.511024232181885118e-06,-3.235607313119638051e-06,1.550827867729334786e+00,-6.934145449633311031e-01,-3.795638890576729027e-06,-2.554735267629100716e-08,6.836586526918625489e-08,9.765637812682878560e-02,5.326388251645431948e-01,4.448104210983331308e-01,-3.664008211053392250e-01,5.939438792621924978e-01,-3.792871760017254013e-01,3.903385333043363215e-02,1.815857002011061483e-01,5.326373837206264117e-01,-4.448147388186530216e-01,3.664094251078351960e-01,5.939441968680604367e-01,3.792956916523714250e-01,3.903173280044926891e-02,-1.815897022396943949e-01
2.850000,9.952718971896156175e-01,0.000000000000000000e+00,6.356662691057861636e-01,1.000000000000000000e+00,0.000000000000000000e+00,-1.224646799147353207e-16,0.000000000000000000e+00,-8.066813440207674102e-01,-1.509374341057611680e-06,3.233194634924093077e-06,1.550827867706256802e+00,-6.934145449771831338e-01,3.792532348250523263e-06,-8.066813440562755622e-01,1.511024232181885118e-06,-3.235607313119638051e-06,1.550827867729334786e+00,-6.934145449633311031e-01,-3.795638890576729027e-06,-2.554735267629100716e-08,6.836586526918625489e-08,9.765637812682878560e-02,5.326388251645431948e-01,4.448104210983331308e-01,-3.664008211053392250e-01,5.939438792621924978e-01,-3.792871760017254013e-01,3.903385333043363215e-02,1.815857002011061483e-01,5.326373837206264117e-01,-4.448147388186530216e-01,3.664094251078351960e-01,5.939441968680604367e-01,3.792956916523714250e-01,3.903173280044926891e-02,-1.815897022396943949e-01
2.860000,9.953449989266099918e-01,0.000000000000000000e+00,6.366597546523052875e-01,1.000000000000000000e+00,0.000000000000000000e+00,-1.224646799147353207e-16,0.000000000000000000e+00,-8.066813440207674102e-01,-1.509374341057611680e-06,3.233194634924093077e-06,1.550827867706256802e+00,-6.934145449771831338e-01,3.792532348250523263e-06,-8.066813440562755622e-01,1.511024232181885118e-06,-3.235607313119638051e-06,1.550827867729334786e+00,-6.934145449633311031e-01,-3.795638890576729027e-06,-2.554735267629100716e-08,6.836586526918625489e-08,9.765637812682878560e-02,5.326388251645431948e-01,4.448104210983331308e-01,-3.664008211053392250e-01,5.939438792621924978e-01,-3.792871760017254013e-01,3.903385333043363215e-02,1.815857002011061483e-01,5.326373837206264117e-01,-4.448147388186530216e-01,3.664094251078351960e-01,5.939441968680604367e-01,3.792956916523714250e-01,3.903173280044926891e-02,-1.815897022396943949e-01
2.870000,9.954165539966652876e-01,0.000000000000000000e+00,6.376572654372709703e-01,1.000000000000000000e+00,0.000000000000000000e+00,-1.224646799147353207e-16,0.000000000000000000e+00,-7.971862436925120088e-01,-1.700934307111835168e-06,3.540944920178155330e-06,1.535587228811206906e+00,-6.889590888921554024e-01,4.174766787279462578e-06,-7.971862437037295912e-01,1.701458666652543511e-06,-3.541662429995614267e-06,1.535587228819230043e+00,-6.889590888884229436e-01,-4.175726015179654550e-06,-2.486054104996955994e-08,6.575451679316075192e-08,9.540969304015450847e-02,5.295449616489825706e-01,4.466516905710156138e-01,-3.659221947314358903e-01,5.803199051417132770e-01,-3.799590921491752815e-01,4.476175293048698101e-02,1.843044360688171623e-01,5.295434940369874166e-01,-4.466560549970062244e-01,3.659307777012872909e-01,5.803202510161706851e-01,3.799676016248760280e-01,4.475958912541744966e-02,-1.843084822764898545e-01
2.880000,9.954866268442373878e-01,0.000000000000000000e+00,6.386586337424148274e-01,1.000000000000000000e+00,0.000000000000000000e+00,-1.224646799147353207e-16,0.000000000000000000e+00,-7.971862436925120088e-01,-1.700934307111835168e-06,3.540944920178155330e-06,1.535587228811206906e+00,-6.889590888921554024e-01,4.174766787279462578e-06,-7.971862437037295912e-01,1.701458666652543511e-06,-3.541662429995614267e-06,1.535587228819230043e+00,-6.889590888884229436e-01,-4.175726015179654550e-06,-2.486054104996955994e-08,6.575451679316075192e-08,9.540969304015450847e-02,5.295449616489825706e-01,4.466516905710156138e-01,-3.659221947314358903e-01,5.803199051417132770e-01,-3.799590921491752815e-01,4.476175293048698101e-02,1.843044360688171623e-01,5.295434940369874166e-01,-4.466560549970062244e-01,3.659307777012872909e-01,5.803202510161706851e-01,3.799676016248760280e-01,4.475958912541744966e-02,-1.843084822764898545e-01
2.890000,9.955552819137820642e-01,0.000000000000000000e+00,6.396636918494681412e-01,1.000000000000000000e+00,0.000000000000000000e+00,-1.224646799147353207e-16,0.000000000000000000e+00,-7.893579672585960827e-01,-1.684511859436526749e-06,3.404627161534354691e-06,1.522909004183347292e+00,-6.851620360447004954e-01,4.041689711384079718e-06,-7.893579672621602317e-01,1.684677274191204433e-06,-3.404842122657262953e-06,1.522909004186124848e+00,-6.851620360437197244e-01,-4.041986928284043630e-06,-2.269610535800894124e-08,6.057866669506768809e-08,9.352698656683540446e-02,5.270786258503683541e-01,4.481974311066823091e-01,-3.655271173738065538e-01,5.689354948020330927e-01,-3.805546741619755813e-01,4.968867351587872433e-02,1.866076778531577662e-01,5.270771329818432216e-01,-4.482018286752070813e-01,3.655356831786090166e-01,5.689358776379852545e-01,3.805631802300082911e-01,4.968646504070869940e-02,-1.866117552955675052e-01
2.900000,9.956225836497554216e-01,0.000000000000000000e+00,6.406722720401620830e-01,1.000000000000000000e+00,0.000000000000000000e+00,-1.224646799147353207e-16,0.000000000000000000e+00,-7.893579672585960827e-01,-1.684511859436526749e-06,3.404627161534354691e-06,1.522909004183347292e+00,-6.851620360447004954e-01,4.041689711384079718e-06,-7.893579672621602317e-01,1.684677274191204433e-06,-3.404842122657262953e-06,1.522909004186124848e+00,-6.851620360437197244e-01,-4.041986928284043630e-06,-2.269610535800894124e-08,6.057866669506768809e-08,9.352698656683540446e-02,5.270786258503683541e-01,4.481974311066823091e-01,-3.655271173738065538e-01,5.689354948020330927e-01,-3.805546741619755813e-01,4.968867351587872433e-02,1.866076778531577662e-01,5.270771329818432216e-01,-4.482018286752070813e-01,3.655356831786090166e-01,5.689358776379852545e-01,3.805631802300082911e-01,4.968646504070869940e-02,-1.866117552955675052e-01
2.910000,9.956885964966126767e-01,0.000000000000000000e+00,6.416842065962283792e-01,1.000000000000000000e+00,0.000000000000000000e+00,-1.224646799147353207e-16,0.000000000000000000e+00,-7.893579672585960827e-01,-1.684511859436526749e-06,3.404627161534354691e-06,1.522909004183347292e+00,-6.851620360447004954e-01,4.041689711384079718e-06,-7.893579672621602317e-01,1.684677274191204433e-06,-3.404842122657262953e-06,1.522909004186124848e+00,-6.851620360437197244e-01,-4.041986928284043630e-06,-2.269610535800894124e-08,6.057866669506768809e-08,9.352698656683540446e-02,5.270786258503683541e-01,4.481974311066823091e-01,-3.655271173738065538e-01,5.689354948020330927e-01,-3.805546741619755813e-01,4.968867351587872433e-02,1.866076778531577662e-01,5.270771329818432216e-01,-4.482018286752070813e-01,3.655356831786090166e-01,5.689358776379852545e-01,3.805631802300082911e-01,4.968646504070869940e-02,-1.866117552955675052e-01
2.920000,9.957533848988101566e-01,0.000000000000000000e+00,6.426993277993983122e-01,1.000000000000000000e+00,0.000000000000000000e+00,-1.224646799147353207e-16,0.000000000000000000e+00,-7.797603402727243393e-01,-1.839244293834753887e-06,3.613850972737838816e-06,1.507366914902262822e+00,-6.805329923641798562e-01,4.314807991484549903e-06,-7.797603402738584322e-01,1.839296667709874800e-06,-3.613914711353953822e-06,1.507366914903227384e+00,-6.805329923639424905e-01,-4.314899751989271400e-06,-2.157668077130205663e-08,5.743146019232985628e-08,9.122683626199656892e-02,5.234909195495547340e-01,4.497147277031962598e-01,-3.650171188675818135e-01,5.566576262362837868e-01,-3.810638170682458803e-01,5.451594765214808069e-02,1.890258788028860160e-01,5.234894018111798664e-01,-4.497191640949461111e-01,3.650256636621909689e-01,5.566580420884281732e-01,3.810723148925251880e-01,5.451369618679629409e-02,-1.890299929082335795e-01
2.930000,9.958170133008031888e-01,0.000000000000000000e+00,6.437174679314032755e-01,1.000000000000000000e+00,0.000000000000000000e+00,-1.224646799147353207e-16,0.000000000000000000e+00,-7.797603402727243393e-01,-1.839244293834753887e-06,3.613850972737838816e-06,1.507366914902262822e+00,-6.805329923641798562e-01,4.314807991484549903e-06,-7.797603402738584322e-01,1.839296667709874800e-06,-3.613914711353953822e-06,1.507366914903227384e+00,-6.805329923639424905e-01,-4.314899751989271400e-06,-2.157668077130205663e-08,5.743146019232985628e-08,9.122683626199656892e-02,5.234909195495547340e-01,4.497147277031962598e-01,-3.650171188675818135e-01,5.566576262362837868e-01,-3.810638170682458803e-01,5.451594765214808069e-02,1.890258788028860160e-01,5.234894018111798664e-01,-4.497191640949461111e-01,3.650256636621909689e-01,5.566580420884281732e-01,3.810723148925251880e-01,5.451369618679629409e-02,-1.890299929082335795e-01
2.940000,9.958795461470477672e-01,0.000000000000000000e+00,6.447384592739746623e-01,1.000000000000000000e+00,0.000000000000000000e+00,-1.224646799147353207e-16,0.000000000000000000e+00,-7.719444005550073484e-01,-1.798379169167647240e-06,3.435650274297097466e-06,1.494602256160587173e+00,-6.766446346081158580e-01,4.130867152025172102e-06,-7.719444005553700583e-01,1.798395641748168294e-06,-3.435669338041028516e-06,1.494602256160920239e+00,-6.766446346080632335e-01,-4.130895585748636615e-06,-1.939096760372668125e-08,5.217461885369816316e-08,8.933489780949883940e-02,5.206284754326631070e-01,4.509564138622968454e-01,-3.646037694640266724e-01,5.466072161728667833e-01,-3.815037812380504545e-01,5.857227533703300570e-02,1.910305693970765217e-01,5.206269344052848469e-01,-4.509608769886130908e-01,3.646122974692501129e-01,5.466076704434262856e-01,3.815122736741350384e-01,5.856998142885870562e-02,-1.910347084939352791e-01
2.950000,9.959410478819997747e-01,0.000000000000000000e+00,6.457621341088436440e-01,1.000000000000000000e+00,0.000000000000000000e+00,-1.224646799147353207e-16,0.000000000000000000e+00,-7.719444005550073484e-01,-1.798379169167647240e-06,3.435650274297097466e-06,1.494602256160587173e+00,-6.766446346081158580e-01,4.130867152025172102e-06,-7.719444005553700583e-01,1.798395641748168294e-06,-3.435669338041028516e-06,1.494602256160920239e+00,-6.766446346080632335e-01,-4.130895585748636615e-06,-1.939096760372668125e-08,5.217461885369816316e-08,8.933489780949883940e-02,5.206284754326631070e-01,4.509564138622968454e-01,-3.646037694640266724e-01,5.466072161728667833e-01,-3.815037812380504545e-01,5.857227533703300570e-02,1.910305693970765217e-01,5.206269344052848469e-01,-4.509608769886130908e-01,3.646122974692501129e-01,5.466076704434262856e-01,3.815122736741350384e-01,5.856998142885870562e-02,-1.910347084939352791e-01
2.960000,9.960015829501149831e-01,0.000000000000000000e+00,6.467883247177418360e-01,1.000000000000000000e+00,0.000000000000000000e+00,-1.224646799147353207e-16,0.000000000000000000e+00,-7.719444005550073484e-01,-1.798379169167647240e-06,3.435650274297097466e-06,1.494602256160587173e+00,-6.766446346081158580e-01,4.130867152025172102e-06,-7.719444005553700583e-01,1.798395641748168294e-06,-3.435669338041028516e-06,1.494602256160920239e+00,-6.766446346080632335e-01,-4.130895585748636615e-06,-1.939096760372668125e-08,5.217461885369816316e-08,8.933489780949883940e-02,5.206284754326631070e-01,4.509564138622968454e-01,-3.646037694640266724e-01,5.466072161728667833e-01,-3.815037812380504545e-01,5.857227533703300570e-02,1.910305693970765217e-01,5.206269344052848469e-01,-4.509608769886130908e-01,3.646122974692501129e-01,5.466076704434262856e-01,3.815122736741350384e-01,5.856998142885870562e-02,-1.910347084939352791e-01
2.970000,9.960612157958491641e-01,0.000000000000000000e+00,6.478168633824006317e-01,1.000000000000000000e+00,0.000000000000000000e+00,-1.224646799147353207e-16,0.000000000000000000e+00,-7.624087455782357914e-01,-1.948176674021685020e-06,3.622744711722832654e-06,1.479035450563180421e+00,-6.719311086868867688e-01,4.381589940583543063e-06,-7.624087455783515876e-01,1.948181870721740601e-06,-3.622750351741703408e-06,1.479035450563296328e+00,-6.719311086868791083e-01,-4.381598721509724548e-06,-1.821451032855205696e-08,4.869487199042369614e-08,8.702975137937628280e-02,5.166224308154289124e-01,4.521325830014280567e-01,-3.640815139241380116e-01,5.358378553210568773e-01,-3.818369021635718563e-01,6.244171824609544286e-02,1.931110687206175625e-01,5.166208672787141465e-01,-4.521370777340786851e-01,3.640900215302461662e-01,5.358383432434046245e-01,3.818453843964600414e-01,6.243938464247785619e-02,-1.931152373876720008e-01
2.980000,9.961200108636577566e-01,0.000000000000000000e+00,6.488475823845513135e-01,1.000000000000000000e+00,0.000000000000000000e+00,-1.224646799147353207e-16,0.000000000000000000e+00,-7.624087455782357914e-01,-1.948176674021685020e-06,3.622744711722832654e-06,1.479035450563180421e+00,-6.719311086868867688e-01,4.381589940583543063e-06,-7.624087455783515876e-01,1.948181870721740601e-06,-3.622750351741703408e-06,1.479035450563296328e+00,-6.719311086868791083e-01,-4.381598721509724548e-06,-1.821451032855205696e-08,4.869487199042369614e-08,8.702975137937628280e-02,5.166224308154289124e-01,4.521325830014280567e-01,-3.640815139241380116e-01,5.358378553210568773e-01,-3.818369021635718563e-01,6.244171824609544286e-02,1.931110687206175625e-01,5.166208672787141465e-01,-4.521370777340786851e-01,3.640900215302461662e-01,5.358383432434046245e-01,3.818453843964600414e-01,6.243938464247785619e-02,-1.931152373876720008e-01
2.990000,9.961780325979970874e-01,0.000000000000000000e+00,6.498803140059254968e-01,1.000000000000000000e+00,0.000000000000000000e+00,-1.224646799147353207e-16,0.000000000000000000e+00,-7.624087455782357914e-01,-1.948176674021685020e-06,3.622744711722832654e-06,1.479035450563180421e+00,-6.719311086868867688e-01,4.381589940583543063e-06,-7.624087455783515876e-01,1.948181870721740601e-06,-3.622750351741703408e-06,1.479035450563296328e+00,-6.719311086868791083e-01,-4.381598721509724548e-06,-1.821451032855205696e-08,4.869487199042369614e-08,8.702975137937628280e-02,5.166224308154289124e-01,4.521325830014280567e-01,-3.640815139241380116e-01,5.358378553210568773e-01,-3.818369021635718563e-01,6.244171824609544286e-02,1.931110687206175625e-01,5.166208672787141465e-01,-4.521370777340786851e-01,3.640900215302461662e-01,5.358383432434046245e-01,3.818453843964600414e-01,6.243938464247785619e-02,-1.931152373876720008e-01
3.000000,9.962353454433227062e-01,0.000000000000000000e+00,6.509148905282542419e-01,1.000000000000000000e+00,0.000000000000000000e+00,-1.224646799147353207e-16,0.000000000000000000e+00,-7.523243157839514250e-01,-2.084857467233382266e-06,3.759893569255436824e-06,1.462488296385870967e+00,-6.668631653886806232e-01,4.581701906379752436e-06,-7.523243157839888395e-01,2.084859104909412716e-06,-3.759895228402181242e-06,1.462488296385910935e+00,-6.668631653886806232e-01,-4.581704614035185445e-06,-1.692480538007245326e-08,4.494652784552936137e-08,8.459003494554906410e-02,5.121042562030178047e-01,4.531735061370637530e-01,-3.635269529828653035e-01,5.253190016867683720e-01,-3.820884965477714390e-01,6.602193715282972386e-02,1.951190136246720996e-01,5.121026714003291680e-01,-4.531780309051505196e-01,3.635354393091259628e-01,5.253195221319196806e-01,3.820969672628777847e-01,6.601956547795152785e-02,-1.951232104222059560e-01
3.010000,9.962915842143852396e-01,0.000000000000000000e+00,6.519522623550598750e-01,1.000000000000000000e+00,0.000000000000000000e+00,-1.224646799147353207e-16,0.000000000000000000e+00,-7.523243157839514250e-01,-2.084857467233382266e-06,3.759893569255436824e-06,1.462488296385870967e+00,-6.668631653886806232e-01,4.581701906379752436e-06,-7.523243157839888395e-01,2.084859104909412716e-06,-3.759895228402181242e-06,1.462488296385910935e+00,-6.668631653886806232e-01,-4.581704614035185445e-06,-1.692480538007245326e-08,4.494652784552936137e-08,8.459003494554906410e-02,5.121042562030178047e-01,4.531735061370637530e-01,-3.635269529828653035e-01,5.253190016867683720e-01,-3.820884965477714390e-01,6.602193715282972386e-02,1.951190136246720996e-01,5.121026714003291680e-01,-4.531780309051505196e-01,3.635354393091259628e-01,5.253195221319196806e-01,3.820969672628777847e-01,6.601956547795152785e-02,-1.951232104222059560e-01
3.020000,9.963463837259348699e-01,0.000000000000000000e+00,6.529933798898645003e-01,1.000000000000000000e+00,0.000000000000000000e+00,-1.224646799147353207e-16,0.000000000000000000e+00,-7.444126015808689711e-01,-2.004122734603776619e-06,3.513232972302131413e-06,1.449386882625564033e+00,-6.627289203213690971e-01,4.315838828153030970e-06,-7.444126015808814056e-01,2.004123247266866361e-06,-3.513233466080642348e-06,1.449386882625577799e+00,-6.627289203213695412e-01,-4.315839666328791017e-06,-1.514423844841474531e-08,4.002565268269236801e-08,8.272717241720932424e-02,5.085137461403340664e-01,4.539814695378672216e-01,-3.631008609350793725e-01,5.170777531330740251e-01,-3.823493535139008692e-01,6.918497684000866899e-02,1.967403628938890758e-01,5.085121425203211754e-01,-4.539860142163312795e-01,3.631093309222518939e-01,5.170783072362515886e-01,3.823578172421793209e-01,6.918256990172481913e-02,-1.967445779870537481e-01
3.030000,9.963998084224278129e-01,0.000000000000000000e+00,6.540380754143995112e-01,1.000000000000000000e+00,0.000000000000000000e+00,-1.224646799147353207e-16,0.000000000000000000e+00,-7.444126015808689711e-01,-2.004122734603776619e-06,3.513232972302131413e-06,1.449386882625564033e+00,-6.627289203213690971e-01,4.315838828153030970e-06,-7.444126015808814056e-01,2.004123247266866361e-06,-3.513233466080642348e-06,1.449386882625577799e+00,-6.627289203213695412e-01,-4.315839666328791017e-06,-1.514423844841474531e-08,4.002565268269236801e-08,8.272717241720932424e-02,5.085137461403340664e-01,4.539814695378672216e-01,-3.631008609350793725e-01,5.170777531330740251e-01,-3.823493535139008692e-01,6.918497684000866899e-02,1.967403628938890758e-01,5.085121425203211754e-01,-4.539860142163312795e-01,3.631093309222518939e-01,5.170783072362515886e-01,3.823578172421793209e-01,6.918256990172481913e-02,-1.967445779870537481e-01
3.040000,9.964519227483196184e-01,0.000000000000000000e+00,6.550861812103963011e-01,1.000000000000000000e+00,0.000000000000000000e+00,-1.224646799147353207e-16,0.000000000000000000e+00,-7.444126015808689711e-01,-2.004122734603776619e-06,3.513232972302131413e-06,1.449386882625564033e+00,-6.627289203213690971e-01,4.315838828153030970e-06,-7.444126015808814056e-01,2.004123247266866361e-06,-3.513233466080642348e-06,1.449386882625577799e+00,-6.627289203213695412e-01,-4.315839666328791017e-06,-1.514423844841474531e-08,4.002565268269236801e-08,8.272717241720932424e-02,5.085137461403340664e-01,4.539814695378672216e-01,-3.631008609350793725e-01,5.170777531330740251e-01,-3.823493535139008692e-01,6.918497684000866899e-02,1.967403628938890758e-01,5.085121425203211754e-01,-4.539860142163312795e-01,3.631093309222518939e-01,5.170783072362515886e-01,3.823578172421793209e-01,6.918256990172481913e-02,-1.967445779870537481e-01
3.050000,9.965027911480661693e-01,0.000000000000000000e+00,6.561375295595860413e-01,1.000000000000000000e+00,0.000000000000000000e+00,-1.224646799147353207e-16,0.000000000000000000e+00,-7.350429939150138203e-01,-2.131828689917508478e-06,3.641073727853307184e-06,1.433887021661147454e+00,-6.578716615907836962e-01,4.502639103125220228e-06,-7.350429939150174841e-01,2.131828850715159138e-06,-3.641073873264681861e-06,1.433887021661151895e+00,-6.578716615907840293e-01,-4.502639361931949531e-06,-1.430194003441200589e-08,3.661886437080948605e-08,8.051381915380714793e-02,5.038763739195131208e-01,4.546835754175394539e-01,-3.625850238959871241e-01,5.084318315860503201e-01,-3.824957272784719753e-01,7.209035212334492793e-02,1.983789387218028999e-01,5.038747526373350549e-01,-4.546881434506928610e-01,3.625934745971325368e-01,5.084324141310248013e-01,3.825041797461256610e-01,7.208791369328362841e-02,-1.983831752892619427e-01
3.060000,9.965524780661231263e-01,0.000000000000000000e+00,6.571919527437004582e-01,1.000000000000000000e+00,0.000000000000000000e+00,-1.224646799147353207e-16,0.000000000000000000e+00,-7.350429939150138203e-01,-2.131828689917508478e-06,3.641073727853307184e-06,1.433887021661147454e+00,-6.578716615907836962e-01,4.502639103125220228e-06,-7.350429939150174841e-01,2.131828850715159138e-06,-3.641073873264681861e-06,1.433887021661151895e+00,-6.578716615907840293e-01,-4.502639361931949531e-06,-1.430194003441200589e-08,3.661886437080948605e-08,8.051381915380714793e-02,5.038763739195131208e-01,4.546835754175394539e-01,-3.625850238959871241e-01,5.084318315860503201e-01,-3.824957272784719753e-01,7.209035212334492793e-02,1.983789387218028999e-01,5.038747526373350549e-01,-4.546881434506928610e-01,3.625934745971325368e-01,5.084324141310248013e-01,3.825041797461256610e-01,7.208791369328362841e-02,-1.983831752892619427e-01
3.070000,9.966010479469463723e-01,0.000000000000000000e+00,6.582492830444709453e-01,1.000000000000000000e+00,0.000000000000000000e+00,-1.224646799147353207e-16,0.000000000000000000e+00,-7.350429939150138203e-01,-2.131828689917508478e-06,3.641073727853307184e-06,1.433887021661147454e+00,-6.578716615907836962e-01,4.502639103125220228e-06,-7.350429939150174841e-01,2.131828850715159138e-06,-3.641073873264681861e-06,1.433887021661151895e+00,-6.578716615907840293e-01,-4.502639361931949531e-06,-1.430194003441200589e-08,3.661886437080948605e-08,8.051381915380714793e-02,5.038763739195131208e-01,4.546835754175394539e-01,-3.625850238959871241e-01,5.084318315860503201e-01,-3.824957272784719753e-01,7.209035212334492793e-02,1.983789387218028999e-01,5.038747526373350549e-01,-4.546881434506928610e-01,3.625934745971325368e-01,5.084324141310248013e-01,3.825041797461256610e-01,7.208791369328362841e-02,-1.983831752892619427e-01
3.080000,9.966485652349919011e-01,0.000000000000000000e+00,6.593093527436285628e-01,1.000000000000000000e+00,0.000000000000000000e+00,-1.224646799147353207e-16,0.000000000000000000e+00,-7.252608961979851721e-01,-2.254661819718196988e-06,3.742711004476903131e-06,1.417636787223688577e+00,-6.527416784230407609e-01,4.665173950328574648e-06,-7.252608961979868374e-01,2.254661870108298828e-06,-3.742711047080389906e-06,1.417636787223689909e+00,-6.527416784230406499e-01,-4.665174030170129802e-06,-1.338109640272692179e-08,3.312388362337289013e-08,7.818727377267613299e-02,4.988569453062048908e-01,4.552472125456876739e-01,-3.620481845395485676e-01,5.001453196975010895e-01,-3.825401991830615356e-01,7.456858703585264592e-02,1.999119551896064440e-01,4.988553078188064926e-01,-4.552518022383188478e-01,3.620566153778339014e-01,5.001459290732577223e-01,3.825486387755713258e-01,7.456611930892348417e-02,-1.999162117477112921e-01
3.090000,9.966950943747151515e-01,0.000000000000000000e+00,6.603719941229048151e-01,1.000000000000000000e+00,0.000000000000000000e+00,-1.224646799147353207e-16,0.000000000000000000e+00,-7.252608961979851721e-01,-2.254661819718196988e-06,3.742711004476903131e-06,1.417636787223688577e+00,-6.527416784230407609e-01,4.665173950328574648e-06,-7.252608961979868374e-01,2.254661870108298828e-06,-3.742711047080389906e-06,1.417636787223689909e+00,-6.527416784230406499e-01,-4.665174030170129802e-06,-1.338109640272692179e-08,3.312388362337289013e-08,7.818727377267613299e-02,4.988569453062048908e-01,4.552472125456876739e-01,-3.620481845395485676e-01,5.001453196975010895e-01,-3.825401991830615356e-01,7.456858703585264592e-02,1.999119551896064440e-01,4.988553078188064926e-01,-4.552518022383188478e-01,3.620566153778339014e-01,5.001459290732577223e-01,3.825486387755713258e-01,7.456611930892348417e-02,-1.999162117477112921e-01
3.100000,9.967406998105721172e-01,0.000000000000000000e+00,6.614370394640314288e-01,1.000000000000000000e+00,0.000000000000000000e+00,-1.224646799147353207e-16,0.000000000000000000e+00,-7.252608961979851721e-01,-2.254661819718196988e-06,3.742711004476903131e-06,1.417636787223688577e+00,-6.527416784230407609e-01,4.665173950328574648e-06,-7.252608961979868374e-01,2.254661870108298828e-06,-3.742711047080389906e-06,1.417636787223689909e+00,-6.527416784230406499e-01,-4.665174030170129802e-06,-1.338109640272692179e-08,3.312388362337289013e-08,7.818727377267613299e-02,4.988569453062048908e-01,4.552472125456876739e-01,-3.620481845395485676e-01,5.001453196975010895e-01,-3.825401991830615356e-01,7.456858703585264592e-02,1.999119551896064440e-01,4.988553078188064926e-01,-4.552518022383188478e-01,3.620566153778339014e-01,5.001459290732577223e-01,3.825486387755713258e-01,7.456611930892348417e-02,-1.999162117477112921e-01
3.110000,9.967854459870184591e-01,0.000000000000000000e+00,6.625043210487393530e-01,1.000000000000000000e+00,0.000000000000000000e+00,-1.224646799147353207e-16,0.000000000000000000e+00,-7.153371258834592128e-01,-2.357165807424278182e-06,3.799845852320750959e-06,1.401075734997359490e+00,-6.474620329039428857e-01,4.777370762565113087e-06,-7.153371258834596569e-01,2.357165823185301446e-06,-3.799845864747357029e-06,1.401075734997359934e+00,-6.474620329039431077e-01,-4.777370787175136985e-06,-1.240756482211619526e-08,2.948335029483523731e-08,7.582699995690492245e-02,4.935873008314337618e-01,4.556628632906459253e-01,-3.615082932388782311e-01,4.924198133163368851e-01,-3.824979652449911338e-01,7.664666027830525918e-02,2.013114726685628630e-01,4.935856485000698068e-01,-4.556674720803972622e-01,3.615167042481977067e-01,4.924204485296523326e-01,3.825063909826204034e-01,7.664416535073564907e-02,-2.013157468073148437e-01
3.120000,9.968293973485100601e-01,0.000000000000000000e+00,6.635736711587600922e-01,1.000000000000000000e+00,0.000000000000000000e+00,-1.224646799147353207e-16,0.000000000000000000e+00,-7.153371258834592128e-01,-2.357165807424278182e-06,3.799845852320750959e-06,1.401075734997359490e+00,-6.474620329039428857e-01,4.777370762565113087e-06,-7.153371258834596569e-01,2.357165823185301446e-06,-3.799845864747357029e-06,1.401075734997359934e+00,-6.474620329039431077e-01,-4.777370787175136985e-06,-1.240756482211619526e-08,2.948335029483523731e-08,7.582699995690492245e-02,4.935873008314337618e-01,4.556628632906459253e-01,-3.615082932388782311e-01,4.924198133163368851e-01,-3.824979652449911338e-01,7.664666027830525918e-02,2.013114726685628630e-01,4.935856485000698068e-01,-4.556674720803972622e-01,3.615167042481977067e-01,4.924204485296523326e-01,3.825063909826204034e-01,7.664416535073564907e-02,-2.013157468073148437e-01
3.130000,9.968726183395028029e-01,0.000000000000000000e+00,6.646449220758252618e-01,1.000000000000000000e+00,0.000000000000000000e+00,-1.224646799147353207e-16,0.000000000000000000e+00,-7.153371258834592128e-01,-2.357165807424278182e-06,3.799845852320750959e-06,1.401075734997359490e+00,-6.474620329039428857e-01,4.777370762565113087e-06,-7.153371258834596569e-01,2.357165823185301446e-06,-3.799845864747357029e-06,1.401075734997359934e+00,-6.474620329039431077e-01,-4.777370787175136985e-06,-1.240756482211619526e-08,2.948335029483523731e-08,7.582699995690492245e-02,4.935873008314337618e-01,4.556628632906459253e-01,-3.615082932388782311e-01,4.924198133163368851e-01,-3.824979652449911338e-01,7.664666027830525918e-02,2.013114726685628630e-01,4.935856485000698068e-01,-4.556674720803972622e-01,3.615167042481977067e-01,4.924204485296523326e-01,3.825063909826204034e-01,7.664416535073564907e-02,-2.013157468073148437e-01
3.140000,9.969151734044523483e-01,0.000000000000000000e+00,6.657179060816660332e-01,1.000000000000000000e+00,0.000000000000000000e+00,-1.224646799147353207e-16,0.000000000000000000e+00,-7.052866838261491189e-01,-2.453554486756676096e-06,3.840639856680462931e-06,1.384228228829087026e+00,-6.420284925475583382e-01,4.872213753454687219e-06,-7.052866838261486748e-01,2.453554491681589078e-06,-3.840639860294126560e-06,1.384228228829086804e+00,-6.420284925475586713e-01,-4.872213761042142392e-06,-1.152153222417419820e-08,2.590375667568588459e-08,7.346035549763962891e-02,4.880368649434009276e-01,4.559345803797575369e-01,-3.609680418303148342e-01,4.852443274714891008e-01,-3.823939747180908344e-01,7.846075261112063493e-02,2.025920755337106693e-01,4.880351991004717171e-01,-4.559392060540107261e-01,3.609764330579486868e-01,4.852449871389010183e-01,3.824023860317717349e-01,7.845823275254873441e-02,-2.025963651257443043e-01
3.150000,9.969571269878143571e-01,0.000000000000000000e+00,6.667924554580137997e-01,1.000000000000000000e+00,0.000000000000000000e+00,-1.224646799147353207e-16,0.000000000000000000e+00,-7.052866838261491189e-01,-2.453554486756676096e-06,3.840639856680462931e-06,1.384228228829087026e+00,-6.420284925475583382e-01,4.872213753454687219e-06,-7.052866838261486748e-01,2.453554491681589078e-06,-3.840639860294126560e-06,1.384228228829086804e+00,-6.420284925475586713e-01,-4.872213761042142392e-06,-1.152153222417419820e-08,2.590375667568588459e-08,7.346035549763962891e-02,4.880368649434009276e-01,4.559345803797575369e-01,-3.609680418303148342e-01,4.852443274714891008e-01,-3.823939747180908344e-01,7.846075261112063493e-02,2.025920755337106693e-01,4.880351991004717171e-01,-4.559392060540107261e-01,3.609764330579486868e-01,4.852449871389010183e-01,3.824023860317717349e-01,7.845823275254873441e-02,-2.025963651257443043e-01
3.160000,9.969985435340449342e-01,0.000000000000000000e+00,6.678684024865999547e-01,1.000000000000000000e+00,0.000000000000000000e+00,-1.224646799147353207e-16,0.000000000000000000e+00,-7.052866838261491189e-01,-2.453554486756676096e-06,3.840639856680462931e-06,1.384228228829087026e+00,-6.420284925475583382e-01,4.872213753454687219e-06,-7.052866838261486748e-01,2.453554491681589078e-06,-3.840639860294126560e-06,1.384228228829086804e+00,-6.420284925475586713e-01,-4.872213761042142392e-06,-1.152153222417419820e-08,2.590375667568588459e-08,7.346035549763962891e-02,4.880368649434009276e-01,4.559345803797575369e-01,-3.609680418303148342e-01,4.852443274714891008e-01,-3.823939747180908344e-01,7.846075261112063493e-02,2.025920755337106693e-01,4.880351991004717171e-01,-4.559392060540107261e-01,3.609764330579486868e-01,4.852449871389010183e-01,3.824023860317717349e-01,7.845823275254873441e-02,-2.025963651257443043e-01
3.170000,9.970394874875996294e-01,0.000000000000000000e+00,6.689455794491557805e-01,1.000000000000000000e+00,0.000000000000000000e+00,-1.224646799147353207e-16,0.000000000000000000e+00,-6.950381944544342661e-01,-2.555774595233903927e-06,3.884270171908615337e-06,1.366971136903716966e+00,-6.363852911711671556e-01,4.973848100681204353e-06,-6.950381944544338220e-01,2.555774596742005432e-06,-3.884270172917060577e-06,1.366971136903716522e+00,-6.363852911711671556e-01,-4.973848102972916367e-06,-1.081279172121286025e-08,2.255277136466545492e-08,7.109673156573863284e-02,4.821226817815121857e-01,4.560718442925092431e-01,-3.604253771953375152e-01,4.785315137638498917e-01,-3.822597323171499362e-01,8.019872987665965791e-02,2.037860337789628162e-01,4.821210037602501330e-01,-4.560764852341016029e-01,3.604337485047197087e-01,4.785321959779400003e-01,3.822681291386293978e-01,8.019618742779244247e-02,-2.037903372649717548e-01
3.180000,9.970800232929344364e-01,0.000000000000000000e+00,6.700238186274131147e-01,1.000000000000000000e+00,0.000000000000000000e+00,-1.224646799147353207e-16,0.000000000000000000e+00,-6.950381944544342661e-01,-2.555774595233903927e-06,3.884270171908615337e-06,1.366971136903716966e+00,-6.363852911711671556e-01,4.973848100681204353e-06,-6.950381944544338220e-01,2.555774596742005432e-06,-3.884270172917060577e-06,1.366971136903716522e+00,-6.363852911711671556e-01,-4.973848102972916367e-06,-1.081279172121286025e-08,2.255277136466545492e-08,7.109673156573863284e-02,4.821226817815121857e-01,4.560718442925092431e-01,-3.604253771953375152e-01,4.785315137638498917e-01,-3.822597323171499362e-01,8.019872987665965791e-02,2.037860337789628162e-01,4.821210037602501330e-01,-4.560764852341016029e-01,3.604337485047197087e-01,4.785321959779400003e-01,3.822681291386293978e-01,8.019618742779244247e-02,-2.037903372649717548e-01
3.190000,9.971202153945049051e-01,0.000000000000000000e+00,6.711029523031027955e-01,1.000000000000000000e+00,0.000000000000000000e+00,-1.224646799147353207e-16,0.000000000000000000e+00,-6.950381944544342661e-01,-2.555774595233903927e-06,3.884270171908615337e-06,1.366971136903716966e+00,-6.363852911711671556e-01,4.973848100681204353e-06,-6.950381944544338220e-01,2.555774596742005432e-06,-3.884270172917060577e-06,1.366971136903716522e+00,-6.363852911711671556e-01,-4.973848102972916367e-06,-1.081279172121286025e-08,2.255277136466545492e-08,7.109673156573863284e-02,4.821226817815121857e-01,4.560718442925092431e-01,-3.604253771953375152e-01,4.785315137638498917e-01,-3.822597323171499362e-01,8.019872987665965791e-02,2.037860337789628162e-01,4.821210037602501330e-01,-4.560764852341016029e-01,3.604337485047197087e-01,4.785321959779400003e-01,3.822681291386293978e-01,8.019618742779244247e-02,-2.037903372649717548e-01
3.200000,9.971601282367670294e-01,0.000000000000000000e+00,6.721828127579566603e-01,1.000000000000000000e+00,0.000000000000000000e+00,-1.224646799147353207e-16,0.000000000000000000e+00,-6.844893714049709033e-01,-2.670892477763867701e-06,3.939636645555165925e-06,1.349124551069262656e+00,-6.304536378465139812e-01,5.094620416702895728e-06,-6.844893714049705702e-01,2.670892478227836350e-06,-3.939636645837531982e-06,1.349124551069262434e+00,-6.304536378465138702e-01,-5.094620417399407533e-06,-1.032007484033230737e-08,1.951857784715141782e-08,6.873906537581697673e-02,4.757409141055672364e-01,4.560843471719892017e-01,-3.598766482640568531e-01,4.721740589259529886e-01,-3.821296787225582081e-01,8.206825642936708964e-02,2.049314174045783754e-01,4.757392252163107904e-01,-4.560890023042387664e-01,3.598849992768717310e-01,4.721747614269951043e-01,3.821380615680002313e-01,8.206569363110016724e-02,-2.049357337570786308e-01
3.210000,9.971993966344712135e-01,0.000000000000000000e+00,6.732643503954964803e-01,1.000000000000000000e+00,0.000000000000000000e+00,-1.224646799147353207e-16,0.000000000000000000e+00,-6.844893714049709033e-01,-2.670892477763867701e-06,3.939636645555165925e-06,1.349124551069262656e+00,-6.304536378465139812e-01,5.094620416702895728e-06,-6.844893714049705702e-01,2.670892478227836350e-06,-3.939636645837531982e-06,1.349124551069262434e+00,-6.304536378465138702e-01,-5.094620417399407533e-06,-1.032007484033230737e-08,1.951857784715141782e-08,6.873906537581697673e-02,4.757409141055672364e-01,4.560843471719892017e-01,-3.598766482640568531e-01,4.721740589259529886e-01,-3.821296787225582081e-01,8.206825642936708964e-02,2.049314174045783754e-01,4.757392252163107904e-01,-4.560890023042387664e-01,3.598849992768717310e-01,4.721747614269951043e-01,3.821380615680002313e-01,8.206569363110016724e-02,-2.049357337570786308e-01
3.220000,9.972376554023679729e-01,0.000000000000000000e+00,6.743485156192445817e-01,1.000000000000000000e+00,0.000000000000000000e+00,-1.224646799147353207e-16,0.000000000000000000e+00,-6.844893714049709033e-01,-2.670892477763867701e-06,3.939636645555165925e-06,1.349124551069262656e+00,-6.304536378465139812e-01,5.094620416702895728e-06,-6.844893714049705702e-01,2.670892478227836350e-06,-3.939636645837531982e-06,1.349124551069262434e+00,-6.304536378465138702e-01,-5.094620417399407533e-06,-1.032007484033230737e-08,1.951857784715141782e-08,6.873906537581697673e-02,4.757409141055672364e-01,4.560843471719892017e-01,-3.598766482640568531e-01,4.721740589259529886e-01,-3.821296787225582081e-01,8.206825642936708964e-02,2.049314174045783754e-01,4.757392252163107904e-01,-4.560890023042387664e-01,3.598849992768717310e-01,4.721747614269951043e-01,3.821380615680002313e-01,8.206569363110016724e-02,-2.049357337570786308e-01
3.230000,9.972749689849133015e-01,0.000000000000000000e+00,6.754351407109323580e-01,1.000000000000000000e+00,0.000000000000000000e+00,-1.224646799147353207e-16,0.000000000000000000e+00,-6.734879241797172567e-01,-2.802669408314764920e-06,4.011614788904004084e-06,1.330437560756895454e+00,-6.242389630800544431e-01,5.241209183021630535e-06,-6.734879241797171456e-01,2.802669408458346322e-06,-4.011614788983315167e-06,1.330437560756894344e+00,-6.242389630800536660e-01,-5.241209183234700826e-06,-9.537971625935688922e-09,1.559772098531399603e-08,6.619127262381491184e-02,4.689931059197620100e-01,4.558995577970477719e-01,-3.593100681738941593e-01,4.663952618545598727e-01,-3.817962954853205693e-01,8.301571160598500421e-02,2.058840498705645228e-01,4.689914066708911755e-01,-4.559042230141605589e-01,3.593183986055361046e-01,4.663959867277846505e-01,3.818046609258545776e-01,8.301312944388057613e-02,-2.058883750890883046e-01
3.240000,9.973114018265626379e-01,0.000000000000000000e+00,6.765240579522912023e-01,1.000000000000000000e+00,0.000000000000000000e+00,-1.224646799147353207e-16,0.000000000000000000e+00,-6.734879241797172567e-01,-2.802669408314764920e-06,4.011614788904004084e-06,1.330437560756895454e+00,-6.242389630800544431e-01,5.241209183021630535e-06,-6.734879241797171456e-01,2.802669408458346322e-06,-4.011614788983315167e-06,1.330437560756894344e+00,-6.242389630800536660e-01,-5.241209183234700826e-06,-9.537971625935688922e-09,1.559772098531399603e-08,6.619127262381491184e-02,4.689931059197620100e-01,4.558995577970477719e-01,-3.593100681738941593e-01,4.663952618545598727e-01,-3.817962954853205693e-01,8.301571160598500421e-02,2.058840498705645228e-01,4.689914066708911755e-01,-4.559042230141605589e-01,3.593183986055361046e-01,4.663959867277846505e-01,3.818046609258545776e-01,8.301312944388057613e-02,-2.058883750890883046e-01
3.250000,9.973470183717719761e-01,0.000000000000000000e+00,6.776150996250523972e-01,1.000000000000000000e+00,0.000000000000000000e+00,-1.224646799147353207e-16,0.000000000000000000e+00,-6.646352740775669510e-01,-2.698182279622875041e-06,3.757184317673826959e-06,1.315274206678117119e+00,-6.190763528859994924e-01,4.959797865820794110e-06,-6.646352740775671730e-01,2.698182279663562692e-06,-3.757184317692080943e-06,1.315274206678117341e+00,-6.190763528859996034e-01,-4.959797865880513321e-06,-8.498843293162907426e-09,1.183423025711143723e-08,6.420260494121844685e-02,4.634461738505058492e-01,4.556492243584083224e-01,-3.588716014856795922e-01,4.622167329427405713e-01,-3.815160646046406590e-01,8.373476866284558506e-02,2.065769692062736085e-01,4.634444665024108900e-01,-4.556538943437721256e-01,3.588799157263023454e-01,4.622174787794246509e-01,3.815244167779740514e-01,8.373216968752218714e-02,-2.065812984771523697e-01
3.260000,9.973818830649970879e-01,0.000000000000000000e+00,6.787080980109472250e-01,1.000000000000000000e+00,0.000000000000000000e+00,-1.224646799147353207e-16,0.000000000000000000e+00,-6.646352740775669510e-01,-2.698182279622875041e-06,3.757184317673826959e-06,1.315274206678117119e+00,-6.190763528859994924e-01,4.959797865820794110e-06,-6.646352740775671730e-01,2.698182279663562692e-06,-3.757184317692080943e-06,1.315274206678117341e+00,-6.190763528859996034e-01,-4.959797865880513321e-06,-8.498843293162907426e-09,1.183423025711143723e-08,6.420260494121844685e-02,4.634461738505058492e-01,4.556492243584083224e-01,-3.588716014856795922e-01,4.622167329427405713e-01,-3.815160646046406590e-01,8.373476866284558506e-02,2.065769692062736085e-01,4.634444665024108900e-01,-4.556538943437721256e-01,3.588799157263023454e-01,4.622174787794246509e-01,3.815244167779740514e-01,8.373216968752218714e-02,-2.065812984771523697e-01
3.270000,9.974160603506937450e-01,0.000000000000000000e+00,6.798028853917074121e-01,1.000000000000000000e+00,0.000000000000000000e+00,-1.224646799147353207e-16,0.000000000000000000e+00,-6.646352740775669510e-01,-2.698182279622875041e-06,3.757184317673826959e-06,1.315274206678117119e+00,-6.190763528859994924e-01,4.959797865820794110e-06,-6.646352740775671730e-01,2.698182279663562692e-06,-3.757184317692080943e-06,1.315274206678117341e+00,-6.190763528859996034e-01,-4.959797865880513321e-06,-8.498843293162907426e-09,1.183423025711143723e-08,6.420260494121844685e-02,4.634461738505058492e-01,4.556492243584083224e-01,-3.588716014856795922e-01,4.622167329427405713e-01,-3.815160646046406590e-01,8.373476866284558506e-02,2.065769692062736085e-01,4.634444665024108900e-01,-4.556538943437721256e-01,3.588799157263023454e-01,4.622174787794246509e-01,3.815244167779740514e-01,8.373216968752218714e-02,-2.065812984771523697e-01
3.280000,9.974496146733178303e-01,0.000000000000000000e+00,6.808992940490641299e-01,1.000000000000000000e+00,0.000000000000000000e+00,-1.224646799147353207e-16,0.000000000000000000e+00,-6.537611738322943733e-01,-2.900596732481575735e-06,3.931320660479434981e-06,1.296667889934498330e+00,-6.127503744835597344e-01,5.238832838792690316e-06,-6.537611738322944843e-01,2.900596732500216389e-06,-3.931320660491844861e-06,1.296667889934498108e+00,-6.127503744835596233e-01,-5.238832838820474691e-06,-8.426437654191443469e-09,8.745752582755436467e-09,6.178684178961995482e-02,4.563143582503032536e-01,4.552059248002093828e-01,-3.583296506082256916e-01,4.576551490780911835e-01,-3.811284907102323039e-01,8.442286415513786113e-02,2.073008105289549097e-01,4.563126428440912319e-01,-4.552106012105997523e-01,3.583379452541137211e-01,4.576559133648877564e-01,3.811368255357968637e-01,8.442025125538708819e-02,-2.073051449146617597e-01
3.290000,9.974826104773250046e-01,0.000000000000000000e+00,6.819971562647488827e-01,1.000000000000000000e+00,0.000000000000000000e+00,-1.224646799147353207e-16,0.000000000000000000e+00,-6.537611738322943733e-01,-2.900596732481575735e-06,3.931320660479434981e-06,1.296667889934498330e+00,-6.127503744835597344e-01,5.238832838792690316e-06,-6.537611738322944843e-01,2.900596732500216389e-06,-3.931320660491844861e-06,1.296667889934498108e+00,-6.127503744835596233e-01,-5.238832838820474691e-06,-8.426437654191443469e-09,8.745752582755436467e-09,6.178684178961995482e-02,4.563143582503032536e-01,4.552059248002093828e-01,-3.583296506082256916e-01,4.576551490780911835e-01,-3.811284907102323039e-01,8.442286415513786113e-02,2.073008105289549097e-01,4.563126428440912319e-01,-4.552106012105997523e-01,3.583379452541137211e-01,4.576559133648877564e-01,3.811368255357968637e-01,8.442025125538708819e-02,-2.073051449146617597e-01
3.300000,9.975151122071711507e-01,0.000000000000000000e+00,6.830963043204928420e-01,1.000000000000000000e+00,0.000000000000000000e+00,-1.224646799147353207e-16,0.000000000000000000e+00,-6.447506419677926370e-01,-2.838822535321995700e-06,3.745348338857095451e-06,1.281117619989876166e+00,-6.073394771460469688e-01,5.044624734070822216e-06,-6.447506419677926370e-01,2.838822535337600588e-06,-3.745348338872009583e-06,1.281117619989875500e+00,-6.073394771460465247e-01,-5.044624734094278252e-06,-7.767806531070061862e-09,5.698464391061641752e-09,5.984248260486615262e-02,4.502909293865852702e-01,4.547374272221837987e-01,-3.578995809339886591e-01,4.543539768436243298e-01,-3.807970873818162238e-01,8.495498263396618344e-02,2.078269581245569264e-01,4.502892082683990216e-01,-4.547421058755290457e-01,3.579078595821634234e-01,4.543547580255887786e-01,3.808054088506865331e-01,8.495235758006532134e-02,-2.078312942078522629e-01
3.310000,9.975471843073120404e-01,0.000000000000000000e+00,6.841965704980276231e-01,1.000000000000000000e+00,0.000000000000000000e+00,-1.224646799147353207e-16,0.000000000000000000e+00,-6.447506419677926370e-01,-2.838822535321995700e-06,3.745348338857095451e-06,1.281117619989876166e+00,-6.073394771460469688e-01,5.044624734070822216e-06,-6.447506419677926370e-01,2.838822535337600588e-06,-3.745348338872009583e-06,1.281117619989875500e+00,-6.073394771460465247e-01,-5.044624734094278252e-06,-7.767806531070061862e-09,5.698464391061641752e-09,5.984248260486615262e-02,4.502909293865852702e-01,4.547374272221837987e-01,-3.578995809339886591e-01,4.543539768436243298e-01,-3.807970873818162238e-01,8.495498263396618344e-02,2.078269581245569264e-01,4.502892082683990216e-01,-4.547421058755290457e-01,3.579078595821634234e-01,4.543547580255887786e-01,3.808054088506865331e-01,8.495235758006532134e-02,-2.078312942078522629e-01
3.320000,9.975788912222034455e-01,0.000000000000000000e+00,6.852977870790843973e-01,1.000000000000000000e+00,0.000000000000000000e+00,-1.224646799147353207e-16,0.000000000000000000e+00,-6.447506419677926370e-01,-2.838822535321995700e-06,3.745348338857095451e-06,1.281117619989876166e+00,-6.073394771460469688e-01,5.044624734070822216e-06,-6.447506419677926370e-01,2.838822535337600588e-06,-3.745348338872009583e-06,1.281117619989875500e+00,-6.073394771460465247e-01,-5.044624734094278252e-06,-7.767806531070061862e-09,5.698464391061641752e-09,5.984248260486615262e-02,4.502909293865852702e-01,4.547374272221837987e-01,-3.578995809339886591e-01,4.543539768436243298e-01,-3.807970873818162238e-01,8.495498263396618344e-02,2.078269581245569264e-01,4.502892082683990216e-01,-4.547421058755290457e-01,3.579078595821634234e-01,4.543547580255887786e-01,3.808054088506865331e-01,8.495235758006532134e-02,-2.078312942078522629e-01
3.330000,9.976102973963011378e-01,0.000000000000000000e+00,6.863997863453948911e-01,1.000000000000000000e+00,0.000000000000000000e+00,-1.224646799147353207e-16,0.000000000000000000e+00,-6.336948806353592811e-01,-3.066998486144956813e-06,3.939092012050984967e-06,1.262046097047275994e+00,-6.007240932172231984e-01,5.359235023831986217e-06,-6.336948806353592811e-01,3.066998486159613024e-06,-3.939092012066505999e-06,1.262046097047275994e+00,-6.007240932172230874e-01,-5.359235023853899807e-06,-7.758132329460990302e-09,2.565911601852324133e-09,5.743721999732280536e-02,4.426693239689022952e-01,4.540336292124020345e-01,-3.573695889923266811e-01,4.508351814502824517e-01,-3.803135219274840217e-01,8.523690930591031056e-02,2.083377279667076309e-01,4.426675968778379655e-01,-4.540383098417599128e-01,3.573778484386109788e-01,4.508359793369906554e-01,3.803218255560011918e-01,8.523427399419619688e-02,-2.083420649393203372e-01
3.340000,9.976414672740610001e-01,0.000000000000000000e+00,6.875024005786902759e-01,1.000000000000000000e+00,0.000000000000000000e+00,-1.224646799147353207e-16,0.000000000000000000e+00,-6.336948806353592811e-01,-3.066998486144956813e-06,3.939092012050984967e-06,1.262046097047275994e+00,-6.007240932172231984e-01,5.359235023831986217e-06,-6.336948806353592811e-01,3.066998486159613024e-06,-3.939092012066505999e-06,1.262046097047275994e+00,-6.007240932172230874e-01,-5.359235023853899807e-06,-7.758132329460990302e-09,2.565911601852324133e-09,5.743721999732280536e-02,4.426693239689022952e-01,4.540336292124020345e-01,-3.573695889923266811e-01,4.508351814502824517e-01,-3.803135219274840217e-01,8.523690930591031056e-02,2.083377279667076309e-01,4.426675968778379655e-01,-4.540383098417599128e-01,3.573778484386109788e-01,4.508359793369906554e-01,3.803218255560011918e-01,8.523427399419619688e-02,-2.083420649393203372e-01
3.350000,9.976724652999385823e-01,0.000000000000000000e+00,6.886054620607018339e-01,1.000000000000000000e+00,0.000000000000000000e+00,-1.224646799147353207e-16,0.000000000000000000e+00,-6.246337287637494518e-01,-2.994778815431815302e-06,3.745411828541433505e-06,1.246277093336424446e+00,-5.951431394383175366e-01,5.153361606116324232e-06,-6.246337287637494518e-01,2.994778815446281777e-06,-3.745411828556992229e-06,1.246277093336424446e+00,-5.951431394383175366e-01,-5.153361606137696567e-06,-7.036920405891183484e-09,-5.320271506842754356e-10,5.549451941600704041e-02,4.363372739677985335e-01,4.533246248777467735e-01,-3.569556925578417084e-01,4.485789718968949402e-01,-3.798535438366449912e-01,8.515222148390520773e-02,2.086307077045223557e-01,4.363355431332403556e-01,-4.533293032711173676e-01,3.569639365604884707e-01,4.485797855359560105e-01,3.798618329286937434e-01,8.514957728741506804e-02,-2.086350421999302318e-01
3.360000,9.977033559183898781e-01,0.000000000000000000e+00,6.897088030731611807e-01,1.000000000000000000e+00,0.000000000000000000e+00,-1.224646799147353207e-16,0.000000000000000000e+00,-6.246337287637494518e-01,-2.994778815431815302e-06,3.745411828541433505e-06,1.246277093336424446e+00,-5.951431394383175366e-01,5.153361606116324232e-06,-6.246337287637494518e-01,2.994778815446281777e-06,-3.745411828556992229e-06,1.246277093336424446e+00,-5.951431394383175366e-01,-5.153361606137696567e-06,-7.036920405891183484e-09,-5.320271506842754356e-10,5.549451941600704041e-02,4.363372739677985335e-01,4.533246248777467735e-01,-3.569556925578417084e-01,4.485789718968949402e-01,-3.798535438366449912e-01,8.515222148390520773e-02,2.086307077045223557e-01,4.363355431332403556e-01,-4.533293032711173676e-01,3.569639365604884707e-01,4.485797855359560105e-01,3.798618329286937434e-01,8.514957728741506804e-02,-2.086350421999302318e-01
3.370000,9.977342035738707704e-01,0.000000000000000000e+00,6.908122558977994876e-01,1.000000000000000000e+00,0.000000000000000000e+00,-1.224646799147353207e-16,0.000000000000000000e+00,-6.246337287637494518e-01,-2.994778815431815302e-06,3.745411828541433505e-06,1.246277093336424446e+00,-5.951431394383175366e-01,5.153361606116324232e-06,-6.246337287637494518e-01,2.994778815446281777e-06,-3.745411828556992229e-06,1.246277093336424446e+00,-5.951431394383175366e-01,-5.153361606137696567e-06,-7.036920405891183484e-09,-5.320271506842754356e-10,5.549451941600704041e-02,4.363372739677985335e-01,4.533246248777467735e-01,-3.569556925578417084e-01,4.485789718968949402e-01,-3.798535438366449912e-01,8.515222148390520773e-02,2.086307077045223557e-01,4.363355431332403556e-01,-4.533293032711173676e-01,3.569639365604884707e-01,4.485797855359560105e-01,3.798618329286937434e-01,8.514957728741506804e-02,-2.086350421999302318e-01
3.380000,9.977650727108369200e-01,0.000000000000000000e+00,6.919156528163483699e-01,1.000000000000000000e+00,0.000000000000000000e+00,-1.224646799147353207e-16,0.000000000000000000e+00,-6.137606887274678069e-01,-3.205528295685200414e-06,3.906296204194328390e-06,1.227365045541413124e+00,-5.885035176979176441e-01,5.430638552668655667e-06,-6.137606887274678069e-01,3.205528295699666890e-06,-3.906296204209735072e-06,1.227365045541413124e+00,-5.885035176979176441e-01,-5.430638552689790833e-06,-6.773777823904688668e-09,-4.363701913741596989e-09,5.308260991228010844e-02,4.285931768576992096e-01,4.523242402388795713e-01,-3.564565310528869935e-01,4.464858780066274790e-01,-3.791494434372238986e-01,8.429198936650117435e-02,2.087966538467891653e-01,4.285914417219020001e-01,-4.523289135887388346e-01,3.564647571671958892e-01,4.464867096280838998e-01,3.791577122467539307e-01,8.428933774810107304e-02,-2.088009825109030382e-01
3.390000,9.977960277737440986e-01,0.000000000000000000e+00,6.930188261105391101e-01,1.000000000000000000e+00,0.000000000000000000e+00,-1.224646799147353207e-16,0.000000000000000000e+00,-6.137606887274678069e-01,-3.205528295685200414e-06,3.906296204194328390e-06,1.227365045541413124e+00,-5.885035176979176441e-01,5.430638552668655667e-06,-6.137606887274678069e-01,3.205528295699666890e-06,-3.906296204209735072e-06,1.227365045541413124e+00,-5.885035176979176441e-01,-5.430638552689790833e-06,-6.773777823904688668e-09,-4.363701913741596989e-09,5.308260991228010844e-02,4.285931768576992096e-01,4.523242402388795713e-01,-3.564565310528869935e-01,4.464858780066274790e-01,-3.791494434372238986e-01,8.429198936650117435e-02,2.087966538467891653e-01,4.285914417219020001e-01,-4.523289135887388346e-01,3.564647571671958892e-01,4.464867096280838998e-01,3.791577122467539307e-01,8.428933774810107304e-02,-2.088009825109030382e-01
3.400000,9.978271332070480781e-01,0.000000000000000000e+00,6.941216080621029905e-01,1.000000000000000000e+00,0.000000000000000000e+00,-1.224646799147353207e-16,0.000000000000000000e+00,-6.137606887274678069e-01,-3.205528295685200414e-06,3.906296204194328390e-06,1.227365045541413124e+00,-5.885035176979176441e-01,5.430638552668655667e-06,-6.137606887274678069e-01,3.205528295699666890e-06,-3.906296204209735072e-06,1.227365045541413124e+00,-5.885035176979176441e-01,-5.430638552689790833e-06,-6.773777823904688668e-09,-4.363701913741596989e-09,5.308260991228010844e-02,4.285931768576992096e-01,4.523242402388795713e-01,-3.564565310528869935e-01,4.464858780066274790e-01,-3.791494434372238986e-01,8.429198936650117435e-02,2.087966538467891653e-01,4.285914417219020001e-01,-4.523289135887388346e-01,3.564647571671958892e-01,4.464867096280838998e-01,3.791577122467539307e-01,8.428933774810107304e-02,-2.088009825109030382e-01
3.410000,9.978580238254993739e-01,0.000000000000000000e+00,6.952249490745624483e-01,1.000000000000000000e+00,0.000000000000000000e+00,-1.224646799147353207e-16,0.000000000000000000e+00,-6.025653622556761402e-01,-3.372065806716453209e-06,3.991469904135645460e-06,1.207788955627955296e+00,-5.815533666455006134e-01,5.618549328945016739e-06,-6.025653622556761402e-01,3.372065806718548768e-06,-3.991469904137694433e-06,1.207788955627955296e+00,-5.815533666455007245e-01,-5.618549328947908509e-06,-6.539143909989840638e-09,-8.387976816904026046e-09,5.062337581065728259e-02,4.204334207016946490e-01,4.511210141921124794e-01,-3.559574943542596626e-01,4.451194551706261771e-01,-3.783328574373027164e-01,8.295021426166686307e-02,2.087963672632686118e-01,4.204316821403938365e-01,-4.511256788406299845e-01,3.559657026733081264e-01,4.451203053190330161e-01,3.783411044745846330e-01,8.294755696435807124e-02,-2.088006865765355824e-01
3.420000,9.978883344438487235e-01,0.000000000000000000e+00,6.963297995514390326e-01,1.000000000000000000e+00,0.000000000000000000e+00,-1.224646799147353207e-16,0.000000000000000000e+00,-6.025653622556761402e-01,-3.372065806716453209e-06,3.991469904135645460e-06,1.207788955627955296e+00,-5.815533666455006134e-01,5.618549328945016739e-06,-6.025653622556761402e-01,3.372065806718548768e-06,-3.991469904137694433e-06,1.207788955627955296e+00,-5.815533666455007245e-01,-5.618549328947908509e-06,-6.539143909989840638e-09,-8.387976816904026046e-09,5.062337581065728259e-02,4.204334207016946490e-01,4.511210141921124794e-01,-3.559574943542596626e-01,4.451194551706261771e-01,-3.783328574373027164e-01,8.295021426166686307e-02,2.087963672632686118e-01,4.204316821403938365e-01,-4.511256788406299845e-01,3.559657026733081264e-01,4.451203053190330161e-01,3.783411044745846330e-01,8.294755696435807124e-02,-2.088006865765355824e-01
3.430000,9.979181295065516766e-01,0.000000000000000000e+00,6.974359917744648030e-01,1.000000000000000000e+00,0.000000000000000000e+00,-1.224646799147353207e-16,0.000000000000000000e+00,-6.025653622556761402e-01,-3.372065806716453209e-06,3.991469904135645460e-06,1.207788955627955296e+00,-5.815533666455006134e-01,5.618549328945016739e-06,-6.025653622556761402e-01,3.372065806718548768e-06,-3.991469904137694433e-06,1.207788955627955296e+00,-5.815533666455007245e-01,-5.618549328947908509e-06,-6.539143909989840638e-09,-8.387976816904026046e-09,5.062337581065728259e-02,4.204334207016946490e-01,4.511210141921124794e-01,-3.559574943542596626e-01,4.451194551706261771e-01,-3.783328574373027164e-01,8.295021426166686307e-02,2.087963672632686118e-01,4.204316821403938365e-01,-4.511256788406299845e-01,3.559657026733081264e-01,4.451203053190330161e-01,3.783411044745846330e-01,8.294755696435807124e-02,-2.088006865765355824e-01
3.440000,9.979474734580640050e-01,0.000000000000000000e+00,6.985433580253707087e-01,1.000000000000000000e+00,0.000000000000000000e+00,-1.224646799147353207e-16,0.000000000000000000e+00,-5.916351047673346075e-01,-3.464448385523657256e-06,3.981968271846524670e-06,1.188567659852387104e+00,-5.746013687517037560e-01,5.680091376539127257e-06,-5.916351047673346075e-01,3.464448385513154471e-06,-3.981968271835861373e-06,1.188567659852387104e+00,-5.746013687517037560e-01,-5.680091376524255053e-06,-6.591471087563454185e-09,-1.166728291057459460e-08,4.833798934072645187e-02,4.122210114436635764e-01,4.498287894430366696e-01,-3.554851269239904243e-01,4.443611538026803198e-01,-3.775616169239724429e-01,8.177168072355160688e-02,2.087202135278462545e-01,4.122192708193065380e-01,-4.498334441213704959e-01,3.554933183404218044e-01,4.443620197703369579e-01,3.775698438126108836e-01,8.176902033023071559e-02,-2.087245223979417030e-01
3.450000,9.979764307428417025e-01,0.000000000000000000e+00,6.996517305858884761e-01,1.000000000000000000e+00,0.000000000000000000e+00,-1.224646799147353207e-16,0.000000000000000000e+00,-5.916351047673346075e-01,-3.464448385523657256e-06,3.981968271846524670e-06,1.188567659852387104e+00,-5.746013687517037560e-01,5.680091376539127257e-06,-5.916351047673346075e-01,3.464448385513154471e-06,-3.981968271835861373e-06,1.188567659852387104e+00,-5.746013687517037560e-01,-5.680091376524255053e-06,-6.591471087563454185e-09,-1.166728291057459460e-08,4.833798934072645187e-02,4.122210114436635764e-01,4.498287894430366696e-01,-3.554851269239904243e-01,4.443611538026803198e-01,-3.775616169239724429e-01,8.177168072355160688e-02,2.087202135278462545e-01,4.122192708193065380e-01,-4.498334441213704959e-01,3.554933183404218044e-01,4.443620197703369579e-01,3.775698438126108836e-01,8.176902033023071559e-02,-2.087245223979417030e-01
3.460000,9.980050658053404300e-01,0.000000000000000000e+00,7.007609417377491656e-01,1.000000000000000000e+00,0.000000000000000000e+00,-1.224646799147353207e-16,0.000000000000000000e+00,-5.916351047673346075e-01,-3.464448385523657256e-06,3.981968271846524670e-06,1.188567659852387104e+00,-5.746013687517037560e-01,5.680091376539127257e-06,-5.916351047673346075e-01,3.464448385513154471e-06,-3.981968271835861373e-06,1.188567659852387104e+00,-5.746013687517037560e-01,-5.680091376524255053e-06,-6.591471087563454185e-09,-1.166728291057459460e-08,4.833798934072645187e-02,4.122210114436635764e-01,4.498287894430366696e-01,-3.554851269239904243e-01,4.443611538026803198e-01,-3.775616169239724429e-01,8.177168072355160688e-02,2.087202135278462545e-01,4.122192708193065380e-01,-4.498334441213704959e-01,3.554933183404218044e-01,4.443620197703369579e-01,3.775698438126108836e-01,8.176902033023071559e-02,-2.087245223979417030e-01
3.470000,9.980334430900158482e-01,0.000000000000000000e+00,7.018708237626841706e-01,1.000000000000000000e+00,0.000000000000000000e+00,-1.224646799147353207e-16,0.000000000000000000e+00,-5.810337199898536475e-01,-3.519473801200131094e-06,3.935284878134176614e-06,1.169843215887381493e+00,-5.677892655860427018e-01,5.686082684350383590e-06,-5.810337199898536475e-01,3.519473801189438574e-06,-3.935284878123703052e-06,1.169843215887381493e+00,-5.677892655860427018e-01,-5.686082684335383483e-06,-6.408422785591702539e-09,-1.518411854100518450e-08,4.609427371661362072e-02,4.041905525007450928e-01,4.484309573075050959e-01,-3.550377769365453684e-01,4.443018594602416438e-01,-3.766929173512884033e-01,7.999940895060672630e-02,2.084756399093772306e-01,4.041888108224671594e-01,-4.484355989464236525e-01,3.550459524354360186e-01,4.443027414215666160e-01,3.767011232425081513e-01,7.999674679993094839e-02,-2.084799355613664029e-01
3.480000,9.980616270413239510e-01,0.000000000000000000e+00,7.029812089424252175e-01,1.000000000000000000e+00,0.000000000000000000e+00,-1.224646799147353207e-16,0.000000000000000000e+00,-5.810337199898536475e-01,-3.519473801200131094e-06,3.935284878134176614e-06,1.169843215887381493e+00,-5.677892655860427018e-01,5.686082684350383590e-06,-5.810337199898536475e-01,3.519473801189438574e-06,-3.935284878123703052e-06,1.169843215887381493e+00,-5.677892655860427018e-01,-5.686082684335383483e-06,-6.408422785591702539e-09,-1.518411854100518450e-08,4.609427371661362072e-02,4.041905525007450928e-01,4.484309573075050959e-01,-3.550377769365453684e-01,4.443018594602416438e-01,-3.766929173512884033e-01,7.999940895060672630e-02,2.084756399093772306e-01,4.041888108224671594e-01,-4.484355989464236525e-01,3.550459524354360186e-01,4.443027414215666160e-01,3.767011232425081513e-01,7.999674679993094839e-02,-2.084799355613664029e-01
3.490000,9.980896821037206212e-01,0.000000000000000000e+00,7.040919295587033666e-01,1.000000000000000000e+00,0.000000000000000000e+00,-1.224646799147353207e-16,0.000000000000000000e+00,-5.810337199898536475e-01,-3.519473801200131094e-06,3.935284878134176614e-06,1.169843215887381493e+00,-5.677892655860427018e-01,5.686082684350383590e-06,-5.810337199898536475e-01,3.519473801189438574e-06,-3.935284878123703052e-06,1.169843215887381493e+00,-5.677892655860427018e-01,-5.686082684335383483e-06,-6.408422785591702539e-09,-1.518411854100518450e-08,4.609427371661362072e-02,4.041905525007450928e-01,4.484309573075050959e-01,-3.550377769365453684e-01,4.443018594602416438e-01,-3.766929173512884033e-01,7.999940895060672630e-02,2.084756399093772306e-01,4.041888108224671594e-01,-4.484355989464236525e-01,3.550459524354360186e-01,4.443027414215666160e-01,3.767011232425081513e-01,7.999674679993094839e-02,-2.084799355613664029e-01
3.500000,9.981176727216614086e-01,0.000000000000000000e+00,7.052028178932502334e-01,1.000000000000000000e+00,0.000000000000000000e+00,-1.224646799147353207e-16,0.000000000000000000e+00,-5.706334971106817866e-01,-3.575738495879238314e-06,3.894293893381459494e-06,1.151406027753637318e+00,-5.610548103038703882e-01,5.697871709457471357e-06,-5.706334971106817866e-01,3.575738495881182254e-06,-3.894293893383546583e-06,1.151406027753637318e+00,-5.610548103038703882e-01,-5.697871709460173392e-06,-6.191877161407915675e-09,-1.885764038092332947e-08,4.386356490061495139e-02,3.962446649240226049e-01,4.469124846779859994e-01,-3.546072524295367789e-01,4.449295493293595749e-01,-3.757126894003255946e-01,7.758719440685725444e-02,2.080589538201885191e-01,3.962429229409199505e-01,-4.469171103099731091e-01,3.546154128602850286e-01,4.449304475107763723e-01,3.757208728923687735e-01,7.758453207571991417e-02,-2.080632334301974473e-01
3.510000,9.981456633396021960e-01,0.000000000000000000e+00,7.063137062277971001e-01,1.000000000000000000e+00,0.000000000000000000e+00,-1.224646799147353207e-16,0.000000000000000000e+00,-5.706334971106817866e-01,-3.575738495879238314e-06,3.894293893381459494e-06,1.151406027753637318e+00,-5.610548103038703882e-01,5.697871709457471357e-06,-5.706334971106817866e-01,3.575738495881182254e-06,-3.894293893383546583e-06,1.151406027753637318e+00,-5.610548103038703882e-01,-5.697871709460173392e-06,-6.191877161407915675e-09,-1.885764038092332947e-08,4.386356490061495139e-02,3.962446649240226049e-01,4.469124846779859994e-01,-3.546072524295367789e-01,4.449295493293595749e-01,-3.757126894003255946e-01,7.758719440685725444e-02,2.080589538201885191e-01,3.962429229409199505e-01,-4.469171103099731091e-01,3.546154128602850286e-01,4.449304475107763723e-01,3.757208728923687735e-01,7.758453207571991417e-02,-2.080632334301974473e-01
3.520000,9.981737184019987552e-01,0.000000000000000000e+00,7.074244268440751382e-01,1.000000000000000000e+00,0.000000000000000000e+00,-1.224646799147353207e-16,0.000000000000000000e+00,-5.706334971106817866e-01,-3.575738495879238314e-06,3.894293893381459494e-06,1.151406027753637318e+00,-5.610548103038703882e-01,5.697871709457471357e-06,-5.706334971106817866e-01,3.575738495881182254e-06,-3.894293893383546583e-06,1.151406027753637318e+00,-5.610548103038703882e-01,-5.697871709460173392e-06,-6.191877161407915675e-09,-1.885764038092332947e-08,4.386356490061495139e-02,3.962446649240226049e-01,4.469124846779859994e-01,-3.546072524295367789e-01,4.449295493293595749e-01,-3.757126894003255946e-01,7.758719440685725444e-02,2.080589538201885191e-01,3.962429229409199505e-01,-4.469171103099731091e-01,3.546154128602850286e-01,4.449304475107763723e-01,3.757208728923687735e-01,7.758453207571991417e-02,-2.080632334301974473e-01
3.530000,9.982019023533068580e-01,0.000000000000000000e+00,7.085348120238161851e-01,1.000000000000000000e+00,0.000000000000000000e+00,-1.224646799147353207e-16,0.000000000000000000e+00,-5.602340950573188039e-01,-3.658756850309979736e-06,3.881943088558823710e-06,1.132904959209796836e+00,-5.542533010486537792e-01,5.752065522814946947e-06,-5.602340950573188039e-01,3.658756850311885984e-06,-3.881943088560797297e-06,1.132904959209796836e+00,-5.542533010486537792e-01,-5.752065522817611712e-06,-6.132631706685226015e-09,-2.245195513940892129e-08,4.164108845444738916e-02,3.881807752477123841e-01,4.452649948662900647e-01,-3.541836763358459650e-01,4.461654781132625702e-01,-3.746545631626511108e-01,7.475352512815654216e-02,2.075047265142840602e-01,3.881790336931760232e-01,-4.452696021085221778e-01,3.541918222250887704e-01,4.461663920239670733e-01,3.746627232669848540e-01,7.475086453855549207e-02,-2.075089877664501592e-01
3.540000,9.982302796379824983e-01,0.000000000000000000e+00,7.096446940487514121e-01,1.000000000000000000e+00,0.000000000000000000e+00,-1.224646799147353207e-16,0.000000000000000000e+00,-5.602340950573188039e-01,-3.658756850309979736e-06,3.881943088558823710e-06,1.132904959209796836e+00,-5.542533010486537792e-01,5.752065522814946947e-06,-5.602340950573188039e-01,3.658756850311885984e-06,-3.881943088560797297e-06,1.132904959209796836e+00,-5.542533010486537792e-01,-5.752065522817611712e-06,-6.132631706685226015e-09,-2.245195513940892129e-08,4.164108845444738916e-02,3.881807752477123841e-01,4.452649948662900647e-01,-3.541836763358459650e-01,4.461654781132625702e-01,-3.746545631626511108e-01,7.475352512815654216e-02,2.075047265142840602e-01,3.881790336931760232e-01,-4.452696021085221778e-01,3.541918222250887704e-01,4.461663920239670733e-01,3.746627232669848540e-01,7.475086453855549207e-02,-2.075089877664501592e-01
3.550000,9.982589147004811148e-01,0.000000000000000000e+00,7.107539052006121016e-01,1.000000000000000000e+00,0.000000000000000000e+00,-1.224646799147353207e-16,0.000000000000000000e+00,-5.602340950573188039e-01,-3.658756850309979736e-06,3.881943088558823710e-06,1.132904959209796836e+00,-5.542533010486537792e-01,5.752065522814946947e-06,-5.602340950573188039e-01,3.658756850311885984e-06,-3.881943088560797297e-06,1.132904959209796836e+00,-5.542533010486537792e-01,-5.752065522817611712e-06,-6.132631706685226015e-09,-2.245195513940892129e-08,4.164108845444738916e-02,3.881807752477123841e-01,4.452649948662900647e-01,-3.541836763358459650e-01,4.461654781132625702e-01,-3.746545631626511108e-01,7.475352512815654216e-02,2.075047265142840602e-01,3.881790336931760232e-01,-4.452696021085221778e-01,3.541918222250887704e-01,4.461663920239670733e-01,3.746627232669848540e-01,7.475086453855549207e-02,-2.075089877664501592e-01
3.560000,9.982878719852588123e-01,0.000000000000000000e+00,7.118622777611296470e-01,1.000000000000000000e+00,0.000000000000000000e+00,-1.224646799147353207e-16,0.000000000000000000e+00,-5.496029721830488768e-01,-3.785209995526967287e-06,3.909847917002686255e-06,1.113921666932616406e+00,-5.472008215811932086e-01,5.870111158132159114e-06,-5.496029721830488768e-01,3.785209995528911651e-06,-3.909847917004583608e-06,1.113921666932616406e+00,-5.472008215811932086e-01,-5.870111158134873008e-06,-6.331879909127538352e-09,-2.579595019001203781e-08,3.942658661302016199e-02,3.797596995373167528e-01,4.434825735654348566e-01,-3.537570562742729519e-01,4.479049014525027239e-01,-3.735686373250437509e-01,7.181196776668985482e-02,2.068618106487757069e-01,3.797579592247954383e-01,-4.434871606247321463e-01,3.537651877455261218e-01,4.479058299007140920e-01,3.735767738905603763e-01,7.180931097391737850e-02,-2.068660517881695249e-01
3.570000,9.983172159367711407e-01,0.000000000000000000e+00,7.129696440120356637e-01,1.000000000000000000e+00,0.000000000000000000e+00,-1.224646799147353207e-16,0.000000000000000000e+00,-5.496029721830488768e-01,-3.785209995526967287e-06,3.909847917002686255e-06,1.113921666932616406e+00,-5.472008215811932086e-01,5.870111158132159114e-06,-5.496029721830488768e-01,3.785209995528911651e-06,-3.909847917004583608e-06,1.113921666932616406e+00,-5.472008215811932086e-01,-5.870111158134873008e-06,-6.331879909127538352e-09,-2.579595019001203781e-08,3.942658661302016199e-02,3.797596995373167528e-01,4.434825735654348566e-01,-3.537570562742729519e-01,4.479049014525027239e-01,-3.735686373250437509e-01,7.181196776668985482e-02,2.068618106487757069e-01,3.797579592247954383e-01,-4.434871606247321463e-01,3.537651877455261218e-01,4.479058299007140920e-01,3.735767738905603763e-01,7.180931097391737850e-02,-2.068660517881695249e-01
3.580000,9.983470109994740938e-01,0.000000000000000000e+00,7.140758362350614341e-01,1.000000000000000000e+00,0.000000000000000000e+00,-1.224646799147353207e-16,0.000000000000000000e+00,-5.496029721830488768e-01,-3.785209995526967287e-06,3.909847917002686255e-06,1.113921666932616406e+00,-5.472008215811932086e-01,5.870111158132159114e-06,-5.496029721830488768e-01,3.785209995528911651e-06,-3.909847917004583608e-06,1.113921666932616406e+00,-5.472008215811932086e-01,-5.870111158134873008e-06,-6.331879909127538352e-09,-2.579595019001203781e-08,3.942658661302016199e-02,3.797596995373167528e-01,4.434825735654348566e-01,-3.537570562742729519e-01,4.479049014525027239e-01,-3.735686373250437509e-01,7.181196776668985482e-02,2.068618106487757069e-01,3.797579592247954383e-01,-4.434871606247321463e-01,3.537651877455261218e-01,4.479058299007140920e-01,3.735767738905603763e-01,7.180931097391737850e-02,-2.068660517881695249e-01
3.590000,9.983773216178234433e-01,0.000000000000000000e+00,7.151806867119380184e-01,1.000000000000000000e+00,0.000000000000000000e+00,-1.224646799147353207e-16,0.000000000000000000e+00,-5.384883828082017709e-01,-3.967723067757125552e-06,3.984318015052035707e-06,1.093995124090332949e+00,-5.396886563803795500e-01,6.066463348190574673e-06,-5.384883828082017709e-01,3.967723067733228212e-06,-3.984318015030216138e-06,1.093995124090332949e+00,-5.396886563803795500e-01,-6.066463348158416220e-06,-6.832063147401550919e-09,-2.880929042542510013e-08,3.722021012737034701e-02,3.707243833704619851e-01,4.415571407642708834e-01,-3.533177947370881311e-01,4.500465760126824977e-01,-3.725087545836316405e-01,6.910333338160330741e-02,2.061814408173265056e-01,3.707226451938152034e-01,-4.415617062742824839e-01,3.533259114995471184e-01,4.500475173628839531e-01,3.725168684474173264e-01,6.910068235865983455e-02,-2.061856604926837200e-01
3.600000,9.984082122362747391e-01,0.000000000000000000e+00,7.162840277243974763e-01,1.000000000000000000e+00,0.000000000000000000e+00,-1.224646799147353207e-16,0.000000000000000000e+00,-5.384883828082017709e-01,-3.967723067757125552e-06,3.984318015052035707e-06,1.093995124090332949e+00,-5.396886563803795500e-01,6.066463348190574673e-06,-5.384883828082017709e-01,3.967723067733228212e-06,-3.984318015030216138e-06,1.093995124090332949e+00,-5.396886563803795500e-01,-6.066463348158416220e-06,-6.832063147401550919e-09,-2.880929042542510013e-08,3.722021012737034701e-02,3.707243833704619851e-01,4.415571407642708834e-01,-3.533177947370881311e-01,4.500465760126824977e-01,-3.725087545836316405e-01,6.910333338160330741e-02,2.061814408173265056e-01,3.707226451938152034e-01,-4.415617062742824839e-01,3.533259114995471184e-01,4.500475173628839531e-01,3.725168684474173264e-01,6.910068235865983455e-02,-2.061856604926837200e-01
3.610000,9.984393176695787187e-01,0.000000000000000000e+00,7.173868096759613566e-01,1.000000000000000000e+00,0.000000000000000000e+00,-1.224646799147353207e-16,0.000000000000000000e+00,-5.384883828082017709e-01,-3.967723067757125552e-06,3.984318015052035707e-06,1.093995124090332949e+00,-5.396886563803795500e-01,6.066463348190574673e-06,-5.384883828082017709e-01,3.967723067733228212e-06,-3.984318015030216138e-06,1.093995124090332949e+00,-5.396886563803795500e-01,-6.066463348158416220e-06,-6.832063147401550919e-09,-2.880929042542510013e-08,3.722021012737034701e-02,3.707243833704619851e-01,4.415571407642708834e-01,-3.533177947370881311e-01,4.500465760126824977e-01,-3.725087545836316405e-01,6.910333338160330741e-02,2.061814408173265056e-01,3.707226451938152034e-01,-4.415617062742824839e-01,3.533259114995471184e-01,4.500475173628839531e-01,3.725168684474173264e-01,6.910068235865983455e-02,-2.061856604926837200e-01
3.620000,9.984702727324858973e-01,0.000000000000000000e+00,7.184899829701520968e-01,1.000000000000000000e+00,0.000000000000000000e+00,-1.224646799147353207e-16,0.000000000000000000e+00,-5.266440291457089584e-01,-4.208007869120608013e-06,4.104373033583002556e-06,1.072680330211585042e+00,-5.316182554839331553e-01,6.344622604388946135e-06,-5.266440291457089584e-01,4.208007869096407435e-06,-4.104373033561827580e-06,1.072680330211585042e+00,-5.316182554839331553e-01,-6.344622604356967253e-06,-7.324571321488936430e-09,-3.313567060333488512e-08,3.484094949852686862e-02,3.610307695085878676e-01,4.393742169237683237e-01,-3.528541050274706103e-01,4.529384420382985832e-01,-3.712727208750636332e-01,6.562757127333941620e-02,2.053076363623191625e-01,3.610290333252028638e-01,-4.393787554625799840e-01,3.528622068643418319e-01,4.529394000718257596e-01,3.712808093998351544e-01,6.562492626371191351e-02,-2.053118290537074009e-01
3.630000,9.985011418694519358e-01,0.000000000000000000e+00,7.195933798887008681e-01,1.000000000000000000e+00,0.000000000000000000e+00,-1.224646799147353207e-16,0.000000000000000000e+00,-5.266440291457089584e-01,-4.208007869120608013e-06,4.104373033583002556e-06,1.072680330211585042e+00,-5.316182554839331553e-01,6.344622604388946135e-06,-5.266440291457089584e-01,4.208007869096407435e-06,-4.104373033561827580e-06,1.072680330211585042e+00,-5.316182554839331553e-01,-6.344622604356967253e-06,-7.324571321488936430e-09,-3.313567060333488512e-08,3.484094949852686862e-02,3.610307695085878676e-01,4.393742169237683237e-01,-3.528541050274706103e-01,4.529384420382985832e-01,-3.712727208750636332e-01,6.562757127333941620e-02,2.053076363623191625e-01,3.610290333252028638e-01,-4.393787554625799840e-01,3.528622068643418319e-01,4.529394000718257596e-01,3.712808093998351544e-01,6.562492626371191351e-02,-2.053118290537074009e-01
3.640000,9.985319895249329392e-01,0.000000000000000000e+00,7.206968327133393970e-01,1.000000000000000000e+00,0.000000000000000000e+00,-1.224646799147353207e-16,0.000000000000000000e+00,-5.266440291457089584e-01,-4.208007869120608013e-06,4.104373033583002556e-06,1.072680330211585042e+00,-5.316182554839331553e-01,6.344622604388946135e-06,-5.266440291457089584e-01,4.208007869096407435e-06,-4.104373033561827580e-06,1.072680330211585042e+00,-5.316182554839331553e-01,-6.344622604356967253e-06,-7.324571321488936430e-09,-3.313567060333488512e-08,3.484094949852686862e-02,3.610307695085878676e-01,4.393742169237683237e-01,-3.528541050274706103e-01,4.529384420382985832e-01,-3.712727208750636332e-01,6.562757127333941620e-02,2.053076363623191625e-01,3.610290333252028638e-01,-4.393787554625799840e-01,3.528622068643418319e-01,4.529394000718257596e-01,3.712808093998351544e-01,6.562492626371191351e-02,-2.053118290537074009e-01
3.650000,9.985628801433842350e-01,0.000000000000000000e+00,7.218001737257987438e-01,1.000000000000000000e+00,0.000000000000000000e+00,-1.224646799147353207e-16,0.000000000000000000e+00,-5.140678823776828610e-01,-4.480307062770362600e-06,4.237280710317565123e-06,1.049952460748752703e+00,-5.229470121620651835e-01,6.660705799720984273e-06,-5.140678823776828610e-01,4.480307062772079536e-06,-4.237280710319537862e-06,1.049952460748752703e+00,-5.229470121620651835e-01,-6.660705799723361047e-06,-7.985242477293029843e-09,-3.824496131723842271e-08,3.233068859817025964e-02,3.506442127951995280e-01,4.369152412424923693e-01,-3.523663431413962543e-01,4.567118263561635860e-01,-3.698762641630281012e-01,6.143318133726259622e-02,2.042270143600244392e-01,3.506424786699203211e-01,-4.369197474360564937e-01,3.523744299294863658e-01,4.567128042105520480e-01,3.698843248825820496e-01,6.143054319453174900e-02,-2.042311746580882659e-01
3.660000,9.985938781692619282e-01,0.000000000000000000e+00,7.229032352078103019e-01,1.000000000000000000e+00,0.000000000000000000e+00,-1.224646799147353207e-16,0.000000000000000000e+00,-5.140678823776828610e-01,-4.480307062770362600e-06,4.237280710317565123e-06,1.049952460748752703e+00,-5.229470121620651835e-01,6.660705799720984273e-06,-5.140678823776828610e-01,4.480307062772079536e-06,-4.237280710319537862e-06,1.049952460748752703e+00,-5.229470121620651835e-01,-6.660705799723361047e-06,-7.985242477293029843e-09,-3.824496131723842271e-08,3.233068859817025964e-02,3.506442127951995280e-01,4.369152412424923693e-01,-3.523663431413962543e-01,4.567118263561635860e-01,-3.698762641630281012e-01,6.143318133726259622e-02,2.042270143600244392e-01,3.506424786699203211e-01,-4.369197474360564937e-01,3.523744299294863658e-01,4.567128042105520480e-01,3.698843248825820496e-01,6.143054319453174900e-02,-2.042311746580882659e-01
3.670000,9.986250480470216795e-01,0.000000000000000000e+00,7.240058494411054646e-01,1.000000000000000000e+00,0.000000000000000000e+00,-1.224646799147353207e-16,0.000000000000000000e+00,-5.140678823776828610e-01,-4.480307062770362600e-06,4.237280710317565123e-06,1.049952460748752703e+00,-5.229470121620651835e-01,6.660705799720984273e-06,-5.140678823776828610e-01,4.480307062772079536e-06,-4.237280710319537862e-06,1.049952460748752703e+00,-5.229470121620651835e-01,-6.660705799723361047e-06,-7.985242477293029843e-09,-3.824496131723842271e-08,3.233068859817025964e-02,3.506442127951995280e-01,4.369152412424923693e-01,-3.523663431413962543e-01,4.567118263561635860e-01,-3.698762641630281012e-01,6.143318133726259622e-02,2.042270143600244392e-01,3.506424786699203211e-01,-4.369197474360564937e-01,3.523744299294863658e-01,4.567128042105520480e-01,3.698843248825820496e-01,6.143054319453174900e-02,-2.042311746580882659e-01
3.680000,9.986564542211193718e-01,0.000000000000000000e+00,7.251078487074159584e-01,1.000000000000000000e+00,0.000000000000000000e+00,-1.224646799147353207e-16,0.000000000000000000e+00,-5.008543976121757613e-01,-4.767523375841775703e-06,4.363248984999272533e-06,1.025956765963494499e+00,-5.136695357320670841e-01,6.985676453431444609e-06,-5.008543976121757613e-01,4.767523375830515247e-06,-4.363248984989899266e-06,1.025956765963494499e+00,-5.136695357320670841e-01,-6.985676453416702848e-06,-8.903423966466471733e-09,-4.327063786476671780e-08,2.978893286581178745e-02,3.395539681694416112e-01,4.342164491183182484e-01,-3.518592871238769848e-01,4.613091004459183853e-01,-3.684188735472743170e-01,5.699247624528888667e-02,2.029997295161813931e-01,3.395522369160590137e-01,-4.342209191527269807e-01,3.518673587402506575e-01,4.613100985906403162e-01,3.684269058496136839e-01,5.698984677206437449e-02,-2.030038537365093931e-01
3.690000,9.986881611360107769e-01,0.000000000000000000e+00,7.262090652884728437e-01,1.000000000000000000e+00,0.000000000000000000e+00,-1.224646799147353207e-16,0.000000000000000000e+00,-5.008543976121757613e-01,-4.767523375841775703e-06,4.363248984999272533e-06,1.025956765963494499e+00,-5.136695357320670841e-01,6.985676453431444609e-06,-5.008543976121757613e-01,4.767523375830515247e-06,-4.363248984989899266e-06,1.025956765963494499e+00,-5.136695357320670841e-01,-6.985676453416702848e-06,-8.903423966466471733e-09,-4.327063786476671780e-08,2.978893286581178745e-02,3.395539681694416112e-01,4.342164491183182484e-01,-3.518592871238769848e-01,4.613091004459183853e-01,-3.684188735472743170e-01,5.699247624528888667e-02,2.029997295161813931e-01,3.395522369160590137e-01,-4.342209191527269807e-01,3.518673587402506575e-01,4.613100985906403162e-01,3.684269058496136839e-01,5.698984677206437449e-02,-2.030038537365093931e-01
3.700000,9.987202332361515555e-01,0.000000000000000000e+00,7.273093314660077358e-01,1.000000000000000000e+00,0.000000000000000000e+00,-1.224646799147353207e-16,0.000000000000000000e+00,-4.901153017520886168e-01,-4.640747440411609334e-06,4.121442136571722256e-06,1.006278162689308031e+00,-5.058881752064599002e-01,6.716923747600940094e-06,-4.901153017520886168e-01,4.640747440400197259e-06,-4.121442136562538725e-06,1.006278162689308031e+00,-5.058881752064599002e-01,-6.716923747586225438e-06,-9.080834156997828497e-09,-4.534711478221561605e-08,2.783519444858829558e-02,3.303648596837804319e-01,4.318327862013611740e-01,-3.514621466135290362e-01,4.661262294085915525e-01,-3.671900228647815290e-01,5.304377816050918210e-02,2.018078024134037918e-01,3.303631348732135598e-01,-4.318372249123896833e-01,3.514702060264126016e-01,4.661272385588999811e-01,3.671980322219904336e-01,5.304116038523536136e-02,-2.018118966897974598e-01
3.710000,9.987527349659979237e-01,0.000000000000000000e+00,7.284084795217516950e-01,1.000000000000000000e+00,0.000000000000000000e+00,-1.224646799147353207e-16,0.000000000000000000e+00,-4.901153017520886168e-01,-4.640747440411609334e-06,4.121442136571722256e-06,1.006278162689308031e+00,-5.058881752064599002e-01,6.716923747600940094e-06,-4.901153017520886168e-01,4.640747440400197259e-06,-4.121442136562538725e-06,1.006278162689308031e+00,-5.058881752064599002e-01,-6.716923747586225438e-06,-9.080834156997828497e-09,-4.534711478221561605e-08,2.783519444858829558e-02,3.303648596837804319e-01,4.318327862013611740e-01,-3.514621466135290362e-01,4.661262294085915525e-01,-3.671900228647815290e-01,5.304377816050918210e-02,2.018078024134037918e-01,3.303631348732135598e-01,-4.318372249123896833e-01,3.514702060264126016e-01,4.661272385588999811e-01,3.671980322219904336e-01,5.304116038523536136e-02,-2.018118966897974598e-01
3.720000,9.987857307700049869e-01,0.000000000000000000e+00,7.295063417374363368e-01,1.000000000000000000e+00,0.000000000000000000e+00,-1.224646799147353207e-16,0.000000000000000000e+00,-4.901153017520886168e-01,-4.640747440411609334e-06,4.121442136571722256e-06,1.006278162689308031e+00,-5.058881752064599002e-01,6.716923747600940094e-06,-4.901153017520886168e-01,4.640747440400197259e-06,-4.121442136562538725e-06,1.006278162689308031e+00,-5.058881752064599002e-01,-6.716923747586225438e-06,-9.080834156997828497e-09,-4.534711478221561605e-08,2.783519444858829558e-02,3.303648596837804319e-01,4.318327862013611740e-01,-3.514621466135290362e-01,4.661262294085915525e-01,-3.671900228647815290e-01,5.304377816050918210e-02,2.018078024134037918e-01,3.303631348732135598e-01,-4.318372249123896833e-01,3.514702060264126016e-01,4.661272385588999811e-01,3.671980322219904336e-01,5.304116038523536136e-02,-2.018118966897974598e-01
3.730000,9.988192850926290722e-01,0.000000000000000000e+00,7.306027503947930546e-01,1.000000000000000000e+00,0.000000000000000000e+00,-1.224646799147353207e-16,0.000000000000000000e+00,-4.771283208567546064e-01,-5.019117318301610935e-06,4.328012694350644105e-06,9.825088193361410926e-01,-4.965132690634596613e-01,7.171911566100698373e-06,-4.771283208567546064e-01,5.019117318290198860e-06,-4.328012694341688425e-06,9.825088193361410926e-01,-4.965132690634596613e-01,-7.171911566086199710e-06,-1.022179746034827887e-08,-4.998646511854572956e-08,2.546196751617458426e-02,3.191959010046572232e-01,4.289963773807392022e-01,-3.509662628097252046e-01,4.716710527830801358e-01,-3.657625917556090456e-01,4.853389943977413912e-02,2.004472795166669652e-01,3.191941808375121648e-01,-4.290007772503085515e-01,3.509743083586100432e-01,4.716720793756786212e-01,3.657705745575164369e-01,4.853129340360174543e-02,-2.004513352828187767e-01
3.740000,9.988534623783258404e-01,0.000000000000000000e+00,7.316975377755532417e-01,1.000000000000000000e+00,0.000000000000000000e+00,-1.224646799147353207e-16,0.000000000000000000e+00,-4.771283208567546064e-01,-5.019117318301610935e-06,4.328012694350644105e-06,9.825088193361410926e-01,-4.965132690634596613e-01,7.171911566100698373e-06,-4.771283208567546064e-01,5.019117318290198860e-06,-4.328012694341688425e-06,9.825088193361410926e-01,-4.965132690634596613e-01,-7.171911566086199710e-06,-1.022179746034827887e-08,-4.998646511854572956e-08,2.546196751617458426e-02,3.191959010046572232e-01,4.289963773807392022e-01,-3.509662628097252046e-01,4.716710527830801358e-01,-3.657625917556090456e-01,4.853389943977413912e-02,2.004472795166669652e-01,3.191941808375121648e-01,-4.290007772503085515e-01,3.509743083586100432e-01,4.716720793756786212e-01,3.657705745575164369e-01,4.853129340360174543e-02,-2.004513352828187767e-01
3.750000,9.988883270715509521e-01,0.000000000000000000e+00,7.327905361614482915e-01,1.000000000000000000e+00,0.000000000000000000e+00,-1.224646799147353207e-16,0.000000000000000000e+00,-4.771283208567546064e-01,-5.019117318301610935e-06,4.328012694350644105e-06,9.825088193361410926e-01,-4.965132690634596613e-01,7.171911566100698373e-06,-4.771283208567546064e-01,5.019117318290198860e-06,-4.328012694341688425e-06,9.825088193361410926e-01,-4.965132690634596613e-01,-7.171911566086199710e-06,-1.022179746034827887e-08,-4.998646511854572956e-08,2.546196751617458426e-02,3.191959010046572232e-01,4.289963773807392022e-01,-3.509662628097252046e-01,4.716710527830801358e-01,-3.657625917556090456e-01,4.853389943977413912e-02,2.004472795166669652e-01,3.191941808375121648e-01,-4.290007772503085515e-01,3.509743083586100432e-01,4.716720793756786212e-01,3.657705745575164369e-01,4.853129340360174543e-02,-2.004513352828187767e-01
3.760000,9.989239436167602904e-01,0.000000000000000000e+00,7.338815778342094864e-01,1.000000000000000000e+00,0.000000000000000000e+00,-1.224646799147353207e-16,0.000000000000000000e+00,-4.631894813144116219e-01,-5.421824982531612813e-06,4.519712721759929996e-06,9.568714985568934628e-01,-4.862971181092152761e-01,7.639905154949124308e-06,-4.631894813144116219e-01,5.421824982520200738e-06,-4.519712721751164052e-06,9.568714985568934628e-01,-4.862971181092152761e-01,-7.639905154934706114e-06,-1.139680376076589188e-08,-5.549668426014127071e-08,2.296441204729701355e-02,3.071333144792186554e-01,4.258372265130299095e-01,-3.504350614784522699e-01,4.782713372977738797e-01,-3.641960262639060142e-01,4.339188857925617426e-02,1.988728533367118689e-01,3.071315993686276058e-01,-4.258415812102576692e-01,3.504430928042481241e-01,4.782723850016297185e-01,3.642039808213394791e-01,4.338929474751358067e-02,-1.988768644104172423e-01
3.770000,9.989603764584096268e-01,0.000000000000000000e+00,7.349704950755681088e-01,1.000000000000000000e+00,0.000000000000000000e+00,-1.224646799147353207e-16,0.000000000000000000e+00,-4.631894813144116219e-01,-5.421824982531612813e-06,4.519712721759929996e-06,9.568714985568934628e-01,-4.862971181092152761e-01,7.639905154949124308e-06,-4.631894813144116219e-01,5.421824982520200738e-06,-4.519712721751164052e-06,9.568714985568934628e-01,-4.862971181092152761e-01,-7.639905154934706114e-06,-1.139680376076589188e-08,-5.549668426014127071e-08,2.296441204729701355e-02,3.071333144792186554e-01,4.258372265130299095e-01,-3.504350614784522699e-01,4.782713372977738797e-01,-3.641960262639060142e-01,4.339188857925617426e-02,1.988728533367118689e-01,3.071315993686276058e-01,-4.258415812102576692e-01,3.504430928042481241e-01,4.782723850016297185e-01,3.642039808213394791e-01,4.338929474751358067e-02,-1.988768644104172423e-01
3.780000,9.989976900409547333e-01,0.000000000000000000e+00,7.360571201672559960e-01,1.000000000000000000e+00,0.000000000000000000e+00,-1.224646799147353207e-16,0.000000000000000000e+00,-4.518919421106279977e-01,-5.309536322032900442e-06,4.288111825821703788e-06,9.358937037378246560e-01,-4.777683004872249062e-01,7.393042768806623031e-06,-4.518919421106279977e-01,5.309536322034846077e-06,-4.288111825823448676e-06,9.358937037378246560e-01,-4.777683004872249062e-01,-7.393042768809101449e-06,-1.151444122347090884e-08,-5.775445602983775662e-08,2.102057523329613903e-02,2.972288169418832449e-01,4.230370850232766933e-01,-3.500138589012906642e-01,4.849936973090823167e-01,-3.628155616941161621e-01,3.846748384102513518e-02,1.973195477040858292e-01,2.972271106279404385e-01,-4.230414001903127219e-01,3.500218788259550906e-01,4.849947566956634426e-01,3.628234923450600613e-01,3.846490510825470444e-02,-1.973235211804488798e-01
3.790000,9.990359488088516038e-01,0.000000000000000000e+00,7.371412853910039864e-01,1.000000000000000000e+00,0.000000000000000000e+00,-1.224646799147353207e-16,0.000000000000000000e+00,-4.518919421106279977e-01,-5.309536322032900442e-06,4.288111825821703788e-06,9.358937037378246560e-01,-4.777683004872249062e-01,7.393042768806623031e-06,-4.518919421106279977e-01,5.309536322034846077e-06,-4.288111825823448676e-06,9.358937037378246560e-01,-4.777683004872249062e-01,-7.393042768809101449e-06,-1.151444122347090884e-08,-5.775445602983775662e-08,2.102057523329613903e-02,2.972288169418832449e-01,4.230370850232766933e-01,-3.500138589012906642e-01,4.849936973090823167e-01,-3.628155616941161621e-01,3.846748384102513518e-02,1.973195477040858292e-01,2.972271106279404385e-01,-4.230414001903127219e-01,3.500218788259550906e-01,4.849947566956634426e-01,3.628234923450600613e-01,3.846490510825470444e-02,-1.973235211804488798e-01
3.800000,9.990752172065557879e-01,0.000000000000000000e+00,7.382228230285439174e-01,1.000000000000000000e+00,0.000000000000000000e+00,-1.224646799147353207e-16,0.000000000000000000e+00,-4.518919421106279977e-01,-5.309536322032900442e-06,4.288111825821703788e-06,9.358937037378246560e-01,-4.777683004872249062e-01,7.393042768806623031e-06,-4.518919421106279977e-01,5.309536322034846077e-06,-4.288111825823448676e-06,9.358937037378246560e-01,-4.777683004872249062e-01,-7.393042768809101449e-06,-1.151444122347090884e-08,-5.775445602983775662e-08,2.102057523329613903e-02,2.972288169418832449e-01,4.230370850232766933e-01,-3.500138589012906642e-01,4.849936973090823167e-01,-3.628155616941161621e-01,3.846748384102513518e-02,1.973195477040858292e-01,2.972271106279404385e-01,-4.230414001903127219e-01,3.500218788259550906e-01,4.849947566956634426e-01,3.628234923450600613e-01,3.846490510825470444e-02,-1.973235211804488798e-01
3.810000,9.991156402340928278e-01,0.000000000000000000e+00,7.393013557137713132e-01,1.000000000000000000e+00,0.000000000000000000e+00,-1.224646799147353207e-16,0.000000000000000000e+00,-4.385550847401629704e-01,-5.727170652044102293e-06,4.486006896746027170e-06,9.111528113017568486e-01,-4.677518843643953539e-01,7.878993464359068574e-06,-4.385550847401629704e-01,5.727170652046199547e-06,-4.486006896747506936e-06,9.111528113017568486e-01,-4.677518843643953539e-01,-7.878993464361511417e-06,-1.277204971963165394e-08,-6.329921497971583957e-08,1.868857241159220181e-02,2.855048579495789718e-01,4.197407499717843993e-01,-3.494955872248813877e-01,4.928050929505694566e-01,-3.611852881947982263e-01,3.257514261537539091e-02,1.955148534311973163e-01,2.855031580073517650e-01,-4.197450157229700718e-01,3.495035948640613510e-01,4.928061729317455564e-01,3.611931908403995806e-01,3.257257829944747857e-02,-1.955187783197229467e-01
3.820000,9.991572554840620901e-01,0.000000000000000000e+00,7.403767856110291534e-01,1.000000000000000000e+00,0.000000000000000000e+00,-1.224646799147353207e-16,0.000000000000000000e+00,-4.385550847401629704e-01,-5.727170652044102293e-06,4.486006896746027170e-06,9.111528113017568486e-01,-4.677518843643953539e-01,7.878993464359068574e-06,-4.385550847401629704e-01,5.727170652046199547e-06,-4.486006896747506936e-06,9.111528113017568486e-01,-4.677518843643953539e-01,-7.878993464361511417e-06,-1.277204971963165394e-08,-6.329921497971583957e-08,1.868857241159220181e-02,2.855048579495789718e-01,4.197407499717843993e-01,-3.494955872248813877e-01,4.928050929505694566e-01,-3.611852881947982263e-01,3.257514261537539091e-02,1.955148534311973163e-01,2.855031580073517650e-01,-4.197450157229700718e-01,3.495035948640613510e-01,4.928061729317455564e-01,3.611931908403995806e-01,3.257257829944747857e-02,-1.955187783197229467e-01
3.830000,9.991999662897796952e-01,0.000000000000000000e+00,7.414493642977207921e-01,1.000000000000000000e+00,0.000000000000000000e+00,-1.224646799147353207e-16,0.000000000000000000e+00,-4.385550847401629704e-01,-5.727170652044102293e-06,4.486006896746027170e-06,9.111528113017568486e-01,-4.677518843643953539e-01,7.878993464359068574e-06,-4.385550847401629704e-01,5.727170652046199547e-06,-4.486006896747506936e-06,9.111528113017568486e-01,-4.677518843643953539e-01,-7.878993464361511417e-06,-1.277204971963165394e-08,-6.329921497971583957e-08,1.868857241159220181e-02,2.855048579495789718e-01,4.197407499717843993e-01,-3.494955872248813877e-01,4.928050929505694566e-01,-3.611852881947982263e-01,3.257514261537539091e-02,1.955148534311973163e-01,2.855031580073517650e-01,-4.197450157229700718e-01,3.495035948640613510e-01,4.928061729317455564e-01,3.611931908403995806e-01,3.257257829944747857e-02,-1.955187783197229467e-01
3.840000,9.992436759845620964e-01,0.000000000000000000e+00,7.425193433512489172e-01,1.000000000000000000e+00,0.000000000000000000e+00,-1.224646799147353207e-16,0.000000000000000000e+00,-4.244022228249854090e-01,-6.181933759916267103e-06,4.678895933006969989e-06,8.847684657327524738e-01,-4.569454520717861623e-01,8.400556138370880586e-06,-4.244022228249854090e-01,6.181933759918364357e-06,-4.678895933008336253e-06,8.847684657327524738e-01,-4.569454520717861623e-01,-8.400556138373447095e-06,-1.447753502990047117e-08,-6.959049576551195406e-08,1.631280748320996024e-02,2.729495449378298577e-01,4.161368564766425582e-01,-3.489373608792261106e-01,5.017479889475557897e-01,-3.594578807295197853e-01,2.616622515782898034e-02,1.935052943212016985e-01,2.729478510951922066e-01,-4.161410664185566932e-01,3.489453563840926309e-01,5.017490935549302478e-01,3.594657543165385993e-01,2.616367571886677248e-02,-1.935091641778804994e-01
3.850000,9.992882879017256359e-01,0.000000000000000000e+00,7.435869743490164385e-01,1.000000000000000000e+00,0.000000000000000000e+00,-1.224646799147353207e-16,0.000000000000000000e+00,-4.244022228249854090e-01,-6.181933759916267103e-06,4.678895933006969989e-06,8.847684657327524738e-01,-4.569454520717861623e-01,8.400556138370880586e-06,-4.244022228249854090e-01,6.181933759918364357e-06,-4.678895933008336253e-06,8.847684657327524738e-01,-4.569454520717861623e-01,-8.400556138373447095e-06,-1.447753502990047117e-08,-6.959049576551195406e-08,1.631280748320996024e-02,2.729495449378298577e-01,4.161368564766425582e-01,-3.489373608792261106e-01,5.017479889475557897e-01,-3.594578807295197853e-01,2.616622515782898034e-02,1.935052943212016985e-01,2.729478510951922066e-01,-4.161410664185566932e-01,3.489453563840926309e-01,5.017490935549302478e-01,3.594657543165385993e-01,2.616367571886677248e-02,-1.935091641778804994e-01
3.860000,9.993337053745865450e-01,0.000000000000000000e+00,7.446525088684263771e-01,1.000000000000000000e+00,0.000000000000000000e+00,-1.224646799147353207e-16,0.000000000000000000e+00,-4.244022228249854090e-01,-6.181933759916267103e-06,4.678895933006969989e-06,8.847684657327524738e-01,-4.569454520717861623e-01,8.400556138370880586e-06,-4.244022228249854090e-01,6.181933759918364357e-06,-4.678895933008336253e-06,8.847684657327524738e-01,-4.569454520717861623e-01,-8.400556138373447095e-06,-1.447753502990047117e-08,-6.959049576551195406e-08,1.631280748320996024e-02,2.729495449378298577e-01,4.161368564766425582e-01,-3.489373608792261106e-01,5.017479889475557897e-01,-3.594578807295197853e-01,2.616622515782898034e-02,1.935052943212016985e-01,2.729478510951922066e-01,-4.161410664185566932e-01,3.489453563840926309e-01,5.017490935549302478e-01,3.594657543165385993e-01,2.616367571886677248e-02,-1.935091641778804994e-01
3.870000,9.993798317364610551e-01,0.000000000000000000e+00,7.457161984868814208e-01,1.000000000000000000e+00,0.000000000000000000e+00,-1.224646799147353207e-16,0.000000000000000000e+00,-4.097951528004951660e-01,-6.621614243576557061e-06,4.832577618238086589e-06,8.573940079977929729e-01,-4.456139796337040271e-01,8.886933108674013572e-06,-4.097951528004951660e-01,6.621614243578578082e-06,-4.832577618239452853e-06,8.573940079977929729e-01,-4.456139796337040826e-01,-8.886933108676598717e-06,-1.624288718828011039e-08,-7.616469308208891976e-08,1.392476926959774000e-02,2.599230163026547413e-01,4.122803664584109851e-01,-3.483502021253411240e-01,5.118185516476916330e-01,-3.576317800296079374e-01,1.910035436505881645e-02,1.912808282486980760e-01,2.599213291872413123e-01,-4.122845151162899957e-01,3.483581857474950527e-01,5.118196834474331158e-01,3.576396236273402529e-01,1.909782055682380728e-02,-1.912846379343488001e-01
3.880000,9.994265703206658413e-01,0.000000000000000000e+00,7.467782947817848127e-01,1.000000000000000000e+00,0.000000000000000000e+00,-1.224646799147353207e-16,0.000000000000000000e+00,-4.097951528004951660e-01,-6.621614243576557061e-06,4.832577618238086589e-06,8.573940079977929729e-01,-4.456139796337040271e-01,8.886933108674013572e-06,-4.097951528004951660e-01,6.621614243578578082e-06,-4.832577618239452853e-06,8.573940079977929729e-01,-4.456139796337040826e-01,-8.886933108676598717e-06,-1.624288718828011039e-08,-7.616469308208891976e-08,1.392476926959774000e-02,2.599230163026547413e-01,4.122803664584109851e-01,-3.483502021253411240e-01,5.118185516476916330e-01,-3.576317800296079374e-01,1.910035436505881645e-02,1.912808282486980760e-01,2.599213291872413123e-01,-4.122845151162899957e-01,3.483581857474950527e-01,5.118196834474331158e-01,3.576396236273402529e-01,1.909782055682380728e-02,-1.912846379343488001e-01
3.890000,9.994738244605165800e-01,0.000000000000000000e+00,7.478390493305393516e-01,1.000000000000000000e+00,0.000000000000000000e+00,-1.224646799147353207e-16,0.000000000000000000e+00,-4.097951528004951660e-01,-6.621614243576557061e-06,4.832577618238086589e-06,8.573940079977929729e-01,-4.456139796337040271e-01,8.886933108674013572e-06,-4.097951528004951660e-01,6.621614243578578082e-06,-4.832577618239452853e-06,8.573940079977929729e-01,-4.456139796337040826e-01,-8.886933108676598717e-06,-1.624288718828011039e-08,-7.616469308208891976e-08,1.392476926959774000e-02,2.599230163026547413e-01,4.122803664584109851e-01,-3.483502021253411240e-01,5.118185516476916330e-01,-3.576317800296079374e-01,1.910035436505881645e-02,1.912808282486980760e-01,2.599213291872413123e-01,-4.122845151162899957e-01,3.483581857474950527e-01,5.118196834474331158e-01,3.576396236273402529e-01,1.909782055682380728e-02,-1.912846379343488001e-01
3.900000,9.995214974893302795e-01,0.000000000000000000e+00,7.488987137105478364e-01,1.000000000000000000e+00,0.000000000000000000e+00,-1.224646799147353207e-16,0.000000000000000000e+00,-3.948248140965625597e-01,-7.063601860056749499e-06,4.964938497247755326e-06,8.291988131923767602e-01,-4.338279263268773889e-01,9.363969456090200325e-06,-3.948248140965625597e-01,7.063601860058770519e-06,-4.964938497249121590e-06,8.291988131923767602e-01,-4.338279263268773889e-01,-9.363969456092390752e-06,-1.805187954419180800e-08,-8.283348867275586015e-08,1.153536657366252376e-02,2.465383707415996772e-01,4.081980774764067954e-01,-3.477324602647783314e-01,5.229784282237245341e-01,-3.557161246814417033e-01,1.135932083685969353e-02,1.888485089300573350e-01,2.465366911944358586e-01,-4.082021599896212827e-01,3.477404322940587100e-01,5.229795889158641575e-01,3.557239374733903725e-01,1.135680372057723889e-02,-1.888522539733394623e-01
3.910000,9.995694927404227270e-01,0.000000000000000000e+00,7.499575394992133992e-01,1.000000000000000000e+00,0.000000000000000000e+00,-1.224646799147353207e-16,0.000000000000000000e+00,-3.948248140965625597e-01,-7.063601860056749499e-06,4.964938497247755326e-06,8.291988131923767602e-01,-4.338279263268773889e-01,9.363969456090200325e-06,-3.948248140965625597e-01,7.063601860058770519e-06,-4.964938497249121590e-06,8.291988131923767602e-01,-4.338279263268773889e-01,-9.363969456092390752e-06,-1.805187954419180800e-08,-8.283348867275586015e-08,1.153536657366252376e-02,2.465383707415996772e-01,4.081980774764067954e-01,-3.477324602647783314e-01,5.229784282237245341e-01,-3.557161246814417033e-01,1.135932083685969353e-02,1.888485089300573350e-01,2.465366911944358586e-01,-4.082021599896212827e-01,3.477404322940587100e-01,5.229795889158641575e-01,3.557239374733903725e-01,1.135680372057723889e-02,-1.888522539733394623e-01
3.920000,9.996177135471104869e-01,0.000000000000000000e+00,7.510157782739387278e-01,1.000000000000000000e+00,0.000000000000000000e+00,-1.224646799147353207e-16,0.000000000000000000e+00,-3.948248140965625597e-01,-7.063601860056749499e-06,4.964938497247755326e-06,8.291988131923767602e-01,-4.338279263268773889e-01,9.363969456090200325e-06,-3.948248140965625597e-01,7.063601860058770519e-06,-4.964938497249121590e-06,8.291988131923767602e-01,-4.338279263268773889e-01,-9.363969456092390752e-06,-1.805187954419180800e-08,-8.283348867275586015e-08,1.153536657366252376e-02,2.465383707415996772e-01,4.081980774764067954e-01,-3.477324602647783314e-01,5.229784282237245341e-01,-3.557161246814417033e-01,1.135932083685969353e-02,1.888485089300573350e-01,2.465366911944358586e-01,-4.082021599896212827e-01,3.477404322940587100e-01,5.229795889158641575e-01,3.557239374733903725e-01,1.135680372057723889e-02,-1.888522539733394623e-01
3.930000,9.996660632427099014e-01,0.000000000000000000e+00,7.520736816121268431e-01,1.000000000000000000e+00,0.000000000000000000e+00,-1.224646799147353207e-16,0.000000000000000000e+00,-3.794775348384812896e-01,-7.526902349674425247e-06,5.089914005388341787e-06,8.001563666338814551e-01,-4.215720262442284594e-01,9.857787527495739637e-06,-3.794775348384812896e-01,7.526902349662633701e-06,-5.089914005380676139e-06,8.001563666338814551e-01,-4.215720262442284594e-01,-9.857787527481836438e-06,-1.993754859374375969e-08,-8.953349728961210684e-08,9.148520702720317962e-03,2.328242943688730304e-01,4.039050836927019494e-01,-3.470788247834728502e-01,5.351902146505967961e-01,-3.537230548213603498e-01,2.963701502280254724e-03,1.862192932875954554e-01,2.328226232423269149e-01,-4.039090955558251039e-01,3.470867854846650391e-01,5.351914055494401135e-01,3.537308361583823557e-01,2.961202235996848384e-03,-1.862229695670835905e-01
3.940000,9.997144451605370907e-01,0.000000000000000000e+00,7.531315010911805441e-01,1.000000000000000000e+00,0.000000000000000000e+00,-1.224646799147353207e-16,0.000000000000000000e+00,-3.794775348384812896e-01,-7.526902349674425247e-06,5.089914005388341787e-06,8.001563666338814551e-01,-4.215720262442284594e-01,9.857787527495739637e-06,-3.794775348384812896e-01,7.526902349662633701e-06,-5.089914005380676139e-06,8.001563666338814551e-01,-4.215720262442284594e-01,-9.857787527481836438e-06,-1.993754859374375969e-08,-8.953349728961210684e-08,9.148520702720317962e-03,2.328242943688730304e-01,4.039050836927019494e-01,-3.470788247834728502e-01,5.351902146505967961e-01,-3.537230548213603498e-01,2.963701502280254724e-03,1.862192932875954554e-01,2.328226232423269149e-01,-4.039090955558251039e-01,3.470867854846650391e-01,5.351914055494401135e-01,3.537308361583823557e-01,2.961202235996848384e-03,-1.862229695670835905e-01
3.950000,9.997627626339086193e-01,0.000000000000000000e+00,7.541894882885029627e-01,1.000000000000000000e+00,0.000000000000000000e+00,-1.224646799147353207e-16,0.000000000000000000e+00,-3.794775348384812896e-01,-7.526902349674425247e-06,5.089914005388341787e-06,8.001563666338814551e-01,-4.215720262442284594e-01,9.857787527495739637e-06,-3.794775348384812896e-01,7.526902349662633701e-06,-5.089914005380676139e-06,8.001563666338814551e-01,-4.215720262442284594e-01,-9.857787527481836438e-06,-1.993754859374375969e-08,-8.953349728961210684e-08,9.148520702720317962e-03,2.328242943688730304e-01,4.039050836927019494e-01,-3.470788247834728502e-01,5.351902146505967961e-01,-3.537230548213603498e-01,2.963701502280254724e-03,1.862192932875954554e-01,2.328226232423269149e-01,-4.039090955558251039e-01,3.470867854846650391e-01,5.351914055494401135e-01,3.537308361583823557e-01,2.961202235996848384e-03,-1.862229695670835905e-01
3.960000,9.998109189961406074e-01,0.000000000000000000e+00,7.552478947814968979e-01,1.000000000000000000e+00,0.000000000000000000e+00,-1.224646799147353207e-16,0.000000000000000000e+00,-3.636941612997214301e-01,-8.023892733838007977e-06,5.213685534379737563e-06,7.701508437088513404e-01,-4.087888010576522513e-01,1.038440320723279381e-05,-3.636941612997214301e-01,8.023892733826064813e-06,-5.213685534372679238e-06,7.701508437088513404e-01,-4.087888010576522513e-01,-1.038440320721896684e-05,-2.192606461139041733e-08,-9.625503521349096701e-08,6.765799825920676761e-03,2.187789656397312321e-01,3.994110099536903880e-01,-3.463828792105813070e-01,5.484250334651684655e-01,-3.516650870367574178e-01,-6.055976611612716443e-03,1.834039400693106836e-01,2.187773037227159767e-01,-3.994149468486950516e-01,3.463908287865933300e-01,5.484262558205176274e-01,3.516728364624471248e-01,-6.058456948999051475e-03,-1.834075436377789470e-01
3.970000,9.998588175805493972e-01,0.000000000000000000e+00,7.563069721475653706e-01,1.000000000000000000e+00,0.000000000000000000e+00,-1.224646799147353207e-16,0.000000000000000000e+00,-3.636941612997214301e-01,-8.023892733838007977e-06,5.213685534379737563e-06,7.701508437088513404e-01,-4.087888010576522513e-01,1.038440320723279381e-05,-3.636941612997214301e-01,8.023892733826064813e-06,-5.213685534372679238e-06,7.701508437088513404e-01,-4.087888010576522513e-01,-1.038440320721896684e-05,-2.192606461139041733e-08,-9.625503521349096701e-08,6.765799825920676761e-03,2.187789656397312321e-01,3.994110099536903880e-01,-3.463828792105813070e-01,5.484250334651684655e-01,-3.516650870367574178e-01,-6.055976611612716443e-03,1.834039400693106836e-01,2.187773037227159767e-01,-3.994149468486950516e-01,3.463908287865933300e-01,5.484262558205176274e-01,3.516728364624471248e-01,-6.058456948999051475e-03,-1.834075436377789470e-01
3.980000,9.999063617204513310e-01,0.000000000000000000e+00,7.573669719641111797e-01,1.000000000000000000e+00,0.000000000000000000e+00,-1.224646799147353207e-16,0.000000000000000000e+00,-3.636941612997214301e-01,-8.023892733838007977e-06,5.213685534379737563e-06,7.701508437088513404e-01,-4.087888010576522513e-01,1.038440320723279381e-05,-3.636941612997214301e-01,8.023892733826064813e-06,-5.213685534372679238e-06,7.701508437088513404e-01,-4.087888010576522513e-01,-1.038440320721896684e-05,-2.192606461139041733e-08,-9.625503521349096701e-08,6.765799825920676761e-03,2.187789656397312321e-01,3.994110099536903880e-01,-3.463828792105813070e-01,5.484250334651684655e-01,-3.516650870367574178e-01,-6.055976611612716443e-03,1.834039400693106836e-01,2.187773037227159767e-01,-3.994149468486950516e-01,3.463908287865933300e-01,5.484262558205176274e-01,3.516728364624471248e-01,-6.058456948999051475e-03,-1.834075436377789470e-01
3.990000,9.999534547491627512e-01,0.000000000000000000e+00,7.584281458085371241e-01,1.000000000000000000e+00,0.000000000000000000e+00,-1.224646799147353207e-16,0.000000000000000000e+00,-3.473903144846752222e-01,-8.563157270528312052e-06,5.338187623350376533e-06,7.390146613363118844e-01,-3.953946704139616464e-01,1.095414717214372655e-05,-3.473903144846752222e-01,8.563157270530106068e-06,-5.338187623351742798e-06,7.390146613363118844e-01,-3.953946704139616464e-01,-1.095414717214601184e-05,-2.403469424288385697e-08,-1.030112600724851210e-07,4.388019613027338908e-03,2.043881474321505576e-01,3.947224640776568760e-01,-3.456378022861908983e-01,5.626631711853530282e-01,-3.495542978090886987e-01,-1.566884669577369923e-02,1.804118695112167103e-01,2.043864954118196076e-01,-3.947263217676584834e-01,3.456457408592968905e-01,5.626644263863108675e-01,3.495620150645164514e-01,-1.567130721656553177e-02,-1.804153964877611427e-01
4.000000,1.000000000000000000e+00,0.000000000000000000e+00,7.594907452582463359e-01,1.000000000000000000e+00,0.000000000000000000e+00,-1.224646799147353207e-16,0.000000000000000000e+00,-3.473903144846752222e-01,-8.563157270528312052e-06,5.338187623350376533e-06,7.390146613363118844e-01,-3.953946704139616464e-01,1.095414717214372655e-05,-3.473903144846752222e-01,8.563157270530106068e-06,-5.338187623351742798e-06,7.390146613363118844e-01,-3.953946704139616464e-01,-1.095414717214601184e-05,-2.403469424288385697e-08,-1.030112600724851210e-07,4.388019613027338908e-03,2.043881474321505576e-01,3.947224640776568760e-01,-3.456378022861908983e-01,5.626631711853530282e-01,-3.495542978090886987e-01,-1.566884669577369923e-02,1.804118695112167103e-01,2.043864954118196076e-01,-3.947263217676584834e-01,3.456457408592968905e-01,5.626644263863108675e-01,3.495620150645164514e-01,-1.567130721656553177e-02,-1.804153964877611427e-01
