0.000000,0.000000000000000000e+00,0.000000000000000000e+00,7.594907452582463359e-01,1.000000000000000000e+00,0.000000000000000000e+00,0.000000000000000000e+00,0.000000000000000000e+00,-3.119999999999999996e-01,0.000000000000000000e+00,0.000000000000000000e+00,6.690000000000000391e-01,-3.629999999999999893e-01,0.000000000000000000e+00,-3.119999999999999996e-01,0.000000000000000000e+00,0.000000000000000000e+00,6.690000000000000391e-01,-3.629999999999999893e-01,0.000000000000000000e+00,0.000000000000000000e+00,0.000000000000000000e+00,0.000000000000000000e+00,2.000000000000000111e-01,2.000000000000000111e-01,0.000000000000000000e+00,5.999999999999999778e-01,0.000000000000000000e+00,0.000000000000000000e+00,0.000000000000000000e+00,2.000000000000000111e-01,-2.000000000000000111e-01,0.000000000000000000e+00,5.999999999999999778e-01,0.000000000000000000e+00,0.000000000000000000e+00,0.000000000000000000e+00
0.010000,3.206280412704683516e-03,0.000000000000000000e+00,7.587558430404683918e-01,1.000000000000000000e+00,0.000000000000000000e+00,0.000000000000000000e+00,0.000000000000000000e+00,-3.299447658557050911e-01,-2.845631566382248443e-04,1.476444509458332442e-04,6.942861445152407329e-01,-3.704369188874523378e-01,-2.630754293233938772e-04,-3.144225829551305917e-01,4.190470632615784586e-04,4.512526223223709042e-04,6.812725568712285629e-01,-3.653340019516592707e-01,-4.734884121998177262e-04,-2.331799062744745798e-22,-1.423336732574538054e-21,1.096008572559109319e-17,1.999999999999997891e-01,1.999999999999999556e-01,7.222187647158301693e-18,6.000000000000006439e-01,7.124226660545035646e-17,-4.863767132328726140e-16,1.124799967209414123e-16,1.999999999999997891e-01,-1.999999999999999556e-01,-7.222085500098701240e-18,6.000000000000006439e-01,-7.124138839959619142e-17,-4.863796488408182932e-16,-1.124784867819619981e-16
0.020000,6.408936030600135766e-03,0.000000000000000000e+00,7.580265533120404964e-01,1.000000000000000000e+00,0.000000000000000000e+00,0.000000000000000000e+00,0.000000000000000000e+00,-3.542728360456980918e-01,-6.517558902092990269e-04,3.602088919552812727e-04,7.290176467083890888e-01,-3.809244659185926918e-01,-5.989451221954916055e-04,-3.179411709799618291e-01,9.753095393074242897e-04,1.024330337791290978e-03,6.980556425043554780e-01,-3.688109525569718827e-01,-1.095540123351247935e-03,3.866834397717694814e-22,2.038567244720065659e-21,-1.820256926364981019e-17,2.000000000000002331e-01,2.000000000000000111e-01,-4.217738020411004855e-17,5.999999999999993117e-01,3.451010652583233822e-17,3.429636576047748170e-16,9.941217385200802300e-17,2.000000000000002331e-01,-2.000000000000000111e-01,4.217718043567963013e-17,5.999999999999993117e-01,-3.451132287641123138e-17,3.429678340933205739e-16,-9.941435814340219116e-17
0.030000,9.608198223567796306e-03,0.000000000000000000e+00,7.573025178289612969e-01,1.000000000000000000e+00,0.000000000000000000e+00,0.000000000000000000e+00,0.000000000000000000e+00,-3.803990332773395378e-01,-1.038472393692311743e-03,6.144905105609787827e-04,7.660769857920178838e-01,-3.919248733918420102e-01,-9.501857675027263958e-04,-3.217562187151704056e-01,1.582399024361281614e-03,1.617935437339257723e-03,7.161735648720040093e-01,-3.726385033443861405e-01,-1.765489649981675114e-03,-6.815705375120286205e-22,-3.528818822548281564e-21,3.018890576996871297e-17,1.999999999999994005e-01,1.999999999999998168e-01,-1.958262379291219172e-17,6.000000000000014211e-01,1.547930783094557559e-16,-1.006972250853349950e-15,2.618644445397780229e-16,1.999999999999994005e-01,-1.999999999999998168e-01,1.958298198332542261e-17,6.000000000000014211e-01,-1.547909823741939591e-16,-1.006979473984736549e-15,-2.618606584443313470e-16
0.040000,1.280429836148910643e-02,0.000000000000000000e+00,7.565833783472297736e-01,1.000000000000000000e+00,0.000000000000000000e+00,0.000000000000000000e+00,0.000000000000000000e+00,-4.066317792558141742e-01,-1.425207679173563910e-03,9.002643092640078611e-04,8.026860570587430743e-01,-4.023605939077538052e-01,-1.300359222630813371e-03,-3.254981580247920947e-01,2.211918094942391406e-03,2.203396034264755356e-03,7.343915215060051738e-01,-3.764305969245078654e-01,-2.451928325129185647e-03,2.329833140609298359e-22,1.188054088852515845e-21,-1.229781856719049765e-17,1.999999999999999001e-01,1.999999999999999001e-01,-3.544744819162022676e-17,6.000000000000000888e-01,6.911605584873558086e-17,-1.677356202758294950e-16,1.714592244690770578e-16,1.999999999999999001e-01,-1.999999999999999001e-01,3.544732403084157862e-17,6.000000000000000888e-01,-6.911675872475828150e-17,-1.677331903205508516e-16,-1.714605005883150225e-16
0.050000,1.599746781424550568e-02,0.000000000000000000e+00,7.558687766228450178e-01,1.000000000000000000e+00,0.000000000000000000e+00,0.000000000000000000e+00,0.000000000000000000e+00,-4.324166038604262963e-01,-1.805859409809853523e-03,1.212513948759970459e-03,8.379232057903003295e-01,-4.118703422982708529e-01,-1.644956448511073919e-03,-3.290178024902966625e-01,2.853899533269778181e-03,2.773212591017935706e-03,7.522538188975362861e-01,-3.800257957014093191e-01,-3.145018637711638563e-03,1.876077053223949904e-22,5.688339974764492275e-22,-5.742332014969450382e-18,2.000000000000000666e-01,1.999999999999998446e-01,-7.693612048601357475e-17,5.999999999999999778e-01,1.137194616863312437e-16,-2.160025656633727740e-16,2.407252550194614799e-16,2.000000000000000666e-01,-1.999999999999998446e-01,7.693598389093096922e-17,5.999999999999999778e-01,-1.137197384053952837e-16,-2.160014426451859754e-16,-2.407258973118770050e-16
0.060000,1.918793795171843536e-02,0.000000000000000000e+00,7.551583544118058988e-01,1.000000000000000000e+00,0.000000000000000000e+00,0.000000000000000000e+00,0.000000000000000000e+00,-4.576189130909035230e-01,-2.178362523993289390e-03,1.548716064863476030e-03,8.715821700327957000e-01,-4.203848842058539037e-01,-1.982763315264576831e-03,-3.322650141502609400e-01,3.504457908074824421e-03,3.325756877352309751e-03,7.696105800575090417e-01,-3.833682609002991293e-01,-3.841690006202165553e-03,-4.764803433666015027e-22,-2.668207673202531327e-21,2.290837893124409452e-17,1.999999999999995948e-01,1.999999999999999001e-01,1.672770483888332898e-17,6.000000000000013101e-01,1.197333092917340263e-16,-1.066641328755677107e-15,1.626443512895315916e-16,1.999999999999995948e-01,-1.999999999999999001e-01,-1.672747343002617302e-17,6.000000000000013101e-01,-1.197316939471282946e-16,-1.066646810966308924e-15,-1.626415045423098461e-16
0.070000,2.237594014378933502e-02,0.000000000000000000e+00,7.544517534701112860e-01,1.000000000000000000e+00,0.000000000000000000e+00,0.000000000000000000e+00,0.000000000000000000e+00,-4.822467942717184597e-01,-2.541824802191895195e-03,1.907522052092653145e-03,9.037034490636584039e-01,-4.279373297776129514e-01,-2.313420670711622586e-03,-3.352308936373121218e-01,4.161776165505429517e-03,3.860942352111798072e-03,7.864291547809607597e-01,-3.864475003260929298e-01,-4.541010073747849679e-03,7.615255008319681055e-23,2.521007135355012203e-22,-3.633058621250268251e-18,1.999999999999999001e-01,1.999999999999999001e-01,-2.223509650726376247e-17,6.000000000000005329e-01,1.035858643958804487e-16,-6.074549707085653496e-16,1.709818269333214097e-16,1.999999999999999001e-01,-1.999999999999999001e-01,2.223504306323978764e-17,6.000000000000005329e-01,-1.035859925342392304e-16,-6.074544692822792850e-16,-1.709821087126998308e-16
0.080000,2.556170576033964595e-02,0.000000000000000000e+00,7.537486155537602706e-01,1.000000000000000000e+00,0.000000000000000000e+00,0.000000000000000000e+00,0.000000000000000000e+00,-5.063494779505415266e-01,-2.895672377226499346e-03,2.288122956215651437e-03,9.343969179705158279e-01,-4.345883693806791293e-01,-2.636772229734971832e-03,-3.379223823806941640e-01,4.824772750349913888e-03,4.379048115308100710e-03,8.027198623165971991e-01,-3.892708761892016978e-01,-5.242727391528458070e-03,7.420786265843762526e-24,4.481461391728527689e-23,1.972874917680304169e-19,1.999999999999999001e-01,1.999999999999998446e-01,-5.219071870751542490e-17,6.000000000000005329e-01,1.345956775615157651e-16,-5.537394697113722600e-16,2.350636166600459614e-16,1.999999999999999001e-01,-1.999999999999998446e-01,5.219071541124510710e-17,6.000000000000005329e-01,-1.345957051502483879e-16,-5.537393773239714227e-16,-2.350636642338840731e-16
0.090000,2.874546617125080250e-02,0.000000000000000000e+00,7.530485824187518329e-01,1.000000000000000000e+00,0.000000000000000000e+00,0.000000000000000000e+00,0.000000000000000000e+00,-5.299824892479053640e-01,-3.239404658758137864e-03,2.689959063922397337e-03,9.637801339891499675e-01,-4.403998954638171925e-01,-2.952703089295738870e-03,-3.403516788564431850e-01,5.492650380436246704e-03,4.880416655442253691e-03,8.185071706129766200e-01,-3.918518414403239780e-01,-5.946809203030359835e-03,1.978335159103863579e-22,1.202353680625268889e-21,-8.609983303479233977e-18,2.000000000000001221e-01,1.999999999999999001e-01,-5.779178654575483439e-17,5.999999999999998668e-01,9.181784897973448759e-17,-9.064916146080341155e-17,1.976373811338339415e-16,2.000000000000001221e-01,-1.999999999999999001e-01,5.779169938902900426e-17,5.999999999999998668e-01,-9.181859016441087798e-17,-9.064668208194770862e-17,-1.976386569965344138e-16
0.100000,3.192745274640425290e-02,0.000000000000000000e+00,7.523512958210846202e-01,1.000000000000000000e+00,0.000000000000000000e+00,0.000000000000000000e+00,0.000000000000000000e+00,-5.531969866148918058e-01,-3.572528715763034074e-03,3.112591064160136461e-03,9.919596987262854215e-01,-4.454271895034466744e-01,-3.261104435934606902e-03,-3.425320480975259096e-01,6.164739028452399100e-03,5.365383922237639165e-03,8.338187911107750594e-01,-3.942051845857032499e-01,-6.653293642903990689e-03,-2.777822390472103970e-22,-9.604464991473635776e-22,1.231885908107308101e-17,1.999999999999998168e-01,1.999999999999999001e-01,-1.437566426544699413e-17,6.000000000000005329e-01,8.909776137506145177e-17,-3.332331076255845122e-16,1.847336395555335118e-16,1.999999999999998168e-01,-1.999999999999999001e-01,1.437585535631790708e-17,6.000000000000005329e-01,-8.909726349095586049e-17,-3.332350245067486221e-16,-1.847325711180447975e-16
0.110000,3.510789685568144192e-02,0.000000000000000000e+00,7.516563975167578349e-01,1.000000000000000000e+00,0.000000000000000000e+00,0.000000000000000000e+00,0.000000000000000000e+00,-5.760374043545353206e-01,-3.894544282953915290e-03,3.555642686615988375e-03,1.019027568953785989e+00,-4.497176351606816946e-01,-3.561867556129958302e-03,-3.444762804880741047e-01,6.840438596759608643e-03,5.834267272554941909e-03,8.486817620505041626e-01,-3.963452461051021336e-01,-7.362242032354299540e-03,1.585669226128813444e-22,7.357604902631060013e-22,-6.230693019763021652e-18,2.000000000000001221e-01,1.999999999999999001e-01,-4.291148074404871450e-17,5.999999999999998668e-01,5.980758128145502368e-17,7.686499275586587006e-18,1.799940391277042887e-16,2.000000000000001221e-01,-1.999999999999999001e-01,4.291138936593865670e-17,5.999999999999998668e-01,-5.980800534081918826e-17,7.687996552448678010e-18,-1.799948353025743639e-16
0.120000,3.828702986896379001e-02,0.000000000000000000e+00,7.509635292617704572e-01,1.000000000000000000e+00,0.000000000000000000e+00,0.000000000000000000e+00,0.000000000000000000e+00,-5.985416929778113460e-01,-4.204942057147098393e-03,4.018773971307935781e-03,1.045062009650974177e+00,-4.533114366192971256e-01,-3.854883389992016466e-03,-3.461962073307922605e-01,7.519196105938216225e-03,6.287366043797018057e-03,8.631212096264105904e-01,-3.982853419753209501e-01,-8.073723311485082182e-03,-6.905181467518267783e-22,-3.954297184524877069e-21,3.317753782437524417e-17,1.999999999999994837e-01,1.999999999999997613e-01,-1.972844856401300479e-17,6.000000000000017542e-01,1.663550409373453447e-16,-1.294870217460355042e-15,2.697886733316084239e-16,1.999999999999994837e-01,-1.999999999999997613e-01,1.972877566079994144e-17,6.000000000000017542e-01,-1.663526346978677772e-16,-1.294878350431936994e-15,-2.697844608680670300e-16
0.130000,4.146508315613275930e-02,0.000000000000000000e+00,7.502723328121212454e-01,1.000000000000000000e+00,0.000000000000000000e+00,0.000000000000000000e+00,0.000000000000000000e+00,-6.207422046742280264e-01,-4.503204998372755362e-03,4.501667595243785680e-03,1.070129630605035187e+00,-4.562427650191778206e-01,-4.140042599284277612e-03,-3.477026179630950398e-01,8.200495242069909610e-03,6.724963959139535624e-03,8.771601021000462461e-01,-4.000376535807222966e-01,-8.787808888541470687e-03,-3.399612310626829550e-22,-2.045637830727968829e-21,1.408217182515429464e-17,1.999999999999994837e-01,1.999999999999997891e-01,4.582597146751608252e-18,6.000000000000018652e-01,1.668081352097897267e-16,-1.369993974438389289e-15,2.638843878705001690e-16,1.999999999999994837e-01,-1.999999999999997891e-01,-4.582445438295222675e-18,6.000000000000018652e-01,-1.668068768412184991e-16,-1.369998190963109932e-15,-2.638822157786634541e-16
0.140000,4.464228808706977719e-02,0.000000000000000000e+00,7.495824499238091798e-01,1.000000000000000000e+00,0.000000000000000000e+00,0.000000000000000000e+00,0.000000000000000000e+00,-6.426666074377686000e-01,-4.788810046901218268e-03,5.004020915135133120e-03,1.094287390008243044e+00,-4.585408419684850467e-01,-4.417235427032394947e-03,-3.490053170198427201e-01,8.883850586530385451e-03,7.147331229014582295e-03,8.908193476840892133e-01,-4.016132836634120906e-01,-9.504570902602918134e-03,6.548717800982392754e-22,3.708167523986342502e-21,-3.269031183414436395e-17,2.000000000000002054e-01,2.000000000000000111e-01,1.789035026134546839e-17,5.999999999999994227e-01,3.012625519377139711e-18,1.416435472142686857e-16,1.069115412052491676e-16,2.000000000000002054e-01,-2.000000000000000111e-01,-1.789066443761946755e-17,5.999999999999994227e-01,-3.014876218110429329e-18,1.416511700617719806e-16,-1.069154944874723046e-16
0.150000,4.781887603165628498e-02,0.000000000000000000e+00,7.488935223528333518e-01,1.000000000000000000e+00,0.000000000000000000e+00,0.000000000000000000e+00,0.000000000000000000e+00,-6.643386664438714062e-01,-5.061229729316180787e-03,5.525540688758292379e-03,1.117584285750265805e+00,-4.602308445142233029e-01,-4.686351408811387578e-03,-3.501132212907552832e-01,9.568803795271869916e-03,7.554726156407780280e-03,9.041179919950608213e-01,-4.030223610594214634e-01,-1.022408161905603331e-02,-5.036433323748606454e-22,-2.508819768198983457e-21,2.511148041309034848e-17,1.999999999999995670e-01,1.999999999999998168e-01,7.577121223130607496e-18,6.000000000000013101e-01,1.403004904372511957e-16,-9.643664475681473056e-16,2.662650695039234254e-16,1.999999999999995670e-01,-1.999999999999998168e-01,-7.576847213749954043e-18,6.000000000000013101e-01,-1.402990153335408301e-16,-9.643715727230567738e-16,-2.662623699226411234e-16
0.160000,5.099507835977373088e-02,0.000000000000000000e+00,7.482051918551926306e-01,1.000000000000000000e+00,0.000000000000000000e+00,0.000000000000000000e+00,0.000000000000000000e+00,-6.857788752350559847e-01,-5.319933619722228176e-03,6.065939201255038903e-03,1.140062718323976654e+00,-4.613346331682472434e-01,-4.947279041984609105e-03,-3.510344596193812339e-01,1.025492071338320044e-02,7.947396376972204121e-03,9.170734272657409258e-01,-4.042741508948636819e-01,-1.094641320693991345e-02,-2.048510942273325913e-22,-1.418607257854852354e-21,1.036629621681102625e-17,1.999999999999996503e-01,1.999999999999998168e-01,8.220080421167083025e-18,6.000000000000013101e-01,1.396089097950226916e-16,-1.080877347829549215e-15,2.635371890917059007e-16,1.999999999999996503e-01,-1.999999999999998168e-01,-8.220006562781191696e-18,6.000000000000013101e-01,-1.396080128375826977e-16,-1.080880288330685000e-15,-2.635356955069961951e-16
0.170000,5.417112644130354926e-02,0.000000000000000000e+00,7.475171001868858855e-01,1.000000000000000000e+00,0.000000000000000000e+00,0.000000000000000000e+00,0.000000000000000000e+00,-7.070049579288700814e-01,-5.564389709293848796e-03,6.624931238534468789e-03,1.161759577254564579e+00,-4.618713334415682215e-01,-5.199905466794463652e-03,-3.517764640127700737e-01,1.094178902276493962e-02,8.325579857400731629e-03,9.297015847445924130e-01,-4.053771558601028113e-01,-1.167163764789087496e-02,7.711099543337355997e-23,4.289722380573711369e-22,-3.496028646902531028e-18,1.999999999999998723e-01,1.999999999999998723e-01,-1.080886446256534908e-18,6.000000000000006439e-01,9.948971090782883929e-17,-6.191361324342176236e-16,2.200503419571673414e-16,1.999999999999998723e-01,-1.999999999999998723e-01,1.080848728555270951e-18,6.000000000000006439e-01,-9.948997021120671818e-17,-6.191352513192110130e-16,-2.200507998418873270e-16
0.180000,5.734725164612717446e-02,0.000000000000000000e+00,7.468288891039120969e-01,1.000000000000000000e+00,0.000000000000000000e+00,0.000000000000000000e+00,0.000000000000000000e+00,-7.280322690727486501e-01,-5.794065734144011361e-03,7.202231643259776953e-03,1.182707109748478702e+00,-4.618578026818527249e-01,-5.444116176238580733e-03,-3.523460492865051474e-01,1.162901624602412365e-02,8.689505730038392731e-03,9.420171034100979224e-01,-4.063392050534792022e-01,-1.239982669208766763e-02,-7.750584876350087072e-23,-1.895022270835475211e-22,3.819924039283117407e-18,1.999999999999998168e-01,1.999999999999998168e-01,-3.579295820252361870e-17,6.000000000000006439e-01,1.451373427702600365e-16,-5.661791177288010425e-16,2.931749809595358232e-16,1.999999999999998168e-01,-1.999999999999998168e-01,3.579301892921294920e-17,6.000000000000006439e-01,-1.451372623849831211e-16,-5.661794838756638227e-16,-2.931747608111033019e-16
0.190000,6.052368534412606860e-02,0.000000000000000000e+00,7.461402003622703560e-01,1.000000000000000000e+00,0.000000000000000000e+00,0.000000000000000000e+00,0.000000000000000000e+00,-7.488741141650752109e-01,-6.008430495797160639e-03,7.797553313477065956e-03,1.202933621029967481e+00,-4.613090084479766761e-01,-5.679794755040813020e-03,-3.527494817087560852e-01,1.231622801682382036e-02,9.039395009529284028e-03,9.540334755655804910e-01,-4.071675306880270795e-01,-1.313105183207909782e-02,-3.397612085232371832e-22,-1.813055449648943031e-21,1.646119311170846833e-17,1.999999999999995948e-01,1.999999999999997613e-01,-3.504594862009728844e-17,6.000000000000013101e-01,2.020171941939860433e-16,-9.989605537108666463e-16,3.537181024725770782e-16,1.999999999999995948e-01,-1.999999999999997613e-01,3.504612208386434088e-17,6.000000000000013101e-01,-2.020161091385715211e-16,-9.989642703891427042e-16,-3.537161615193489217e-16
0.200000,6.370065890518164520e-02,0.000000000000000000e+00,7.454506757179593102e-01,1.000000000000000000e+00,0.000000000000000000e+00,0.000000000000000000e+00,0.000000000000000000e+00,-7.695420088521893742e-01,-6.206955195930913098e-03,8.410605560721755303e-03,1.222464044670794170e+00,-4.602383385669913118e-01,-5.906822642563948171e-03,-3.529925379979370614e-01,1.300306656332197303e-02,9.375461219150659289e-03,9.657631720407439113e-01,-4.078688340795739720e-01,-1.386538428418494437e-02,-2.222155181842174394e-22,-1.341812022409450867e-21,1.035655724170366591e-17,1.999999999999995948e-01,1.999999999999998168e-01,-6.497697225133320758e-18,6.000000000000014211e-01,1.737479837650408966e-16,-1.109541392387634086e-15,2.844277745966267493e-16,1.999999999999995948e-01,-1.999999999999998168e-01,6.497795947305593598e-18,6.000000000000014211e-01,-1.737471577411207415e-16,-1.109544158580920603e-15,-2.844263501587135243e-16
0.210000,6.687840369917535943e-02,0.000000000000000000e+00,7.447599569269781616e-01,1.000000000000000000e+00,0.000000000000000000e+00,0.000000000000000000e+00,0.000000000000000000e+00,-7.900458904630137669e-01,-6.389114798600353806e-03,9.041092773193468157e-03,1.241320411812160351e+00,-4.586578580080681311e-01,-6.125078913756598978e-03,-3.530805561261282088e-01,1.368918936836343789e-02,9.697910944777616074e-03,9.772177500284940921e-01,-4.084493424989739663e-01,-1.460289497362293742e-02,-2.201875249718702822e-22,-1.117849031579349411e-21,9.338354974926660049e-18,1.999999999999995393e-01,1.999999999999998168e-01,2.461010493702302796e-18,6.000000000000015321e-01,1.683514305214749760e-16,-1.133539081706601609e-15,2.866468906666889829e-16,1.999999999999995393e-01,-1.999999999999998168e-01,-2.460892684176080019e-18,6.000000000000015321e-01,-1.683507699443826671e-16,-1.133541367553205735e-15,-2.866456895566646782e-16
0.220000,7.005715109598864565e-02,0.000000000000000000e+00,7.440676857453258908e-01,1.000000000000000000e+00,0.000000000000000000e+00,0.000000000000000000e+00,0.000000000000000000e+00,-8.103942921917485220e-01,-6.554389427586959638e-03,9.688713346044416919e-03,1.259522241004501719e+00,-4.565785239183067223e-01,-6.334440073049667219e-03,-3.530184792303465158e-01,1.437426797927548842e-02,1.000694432909392945e-02,9.884079463010824185e-01,-4.089148583267195325e-01,-1.534365452177359826e-02,2.187436796714462358e-22,1.322897579024904559e-21,-1.130784376058455106e-17,1.999999999999998446e-01,1.999999999999999001e-01,3.398956573986675574e-18,6.000000000000004219e-01,9.902963435943192436e-17,-4.650598165059140124e-16,2.380185658582690117e-16,1.999999999999998446e-01,-1.999999999999999001e-01,-3.399053560229213352e-18,6.000000000000004219e-01,-9.903044900651352778e-17,-4.650570891249530225e-16,-2.380199700773650935e-16
0.230000,7.323713246550295208e-02,0.000000000000000000e+00,7.433735039290012558e-01,1.000000000000000000e+00,0.000000000000000000e+00,0.000000000000000000e+00,0.000000000000000000e+00,-8.305944877532700499e-01,-6.702265802670396080e-03,1.035315885132314338e-02,1.277086865092653012e+00,-4.540103673745921609e-01,-6.534779857262158070e-03,-3.528108937316354332e-01,1.505798694582648548e-02,1.030275551553335930e-02,9.993437581327971886e-01,-4.092708017318877900e-01,-1.608773323479826059e-02,-1.320829625002460441e-22,-9.822267557401545539e-22,9.639949770842599332e-18,1.999999999999997891e-01,1.999999999999998168e-01,-3.003916721877426667e-17,6.000000000000009770e-01,1.641349133510561482e-16,-8.584696809543426071e-16,3.116111880522047361e-16,1.999999999999997891e-01,-1.999999999999998168e-01,3.003920846403466583e-17,6.000000000000009770e-01,-1.641342846378346085e-16,-8.584717221072097963e-16,-3.116101579250101725e-16
0.240000,7.641857917759969920e-02,0.000000000000000000e+00,7.426770532340032371e-01,1.000000000000000000e+00,0.000000000000000000e+00,0.000000000000000000e+00,0.000000000000000000e+00,-8.506526125082282119e-01,-6.832238715792955316e-03,1.103411342734899811e-02,1.294029707684758446e+00,-4.509626483586984813e-01,-6.725969044615044343e-03,-3.524620625719904199e-01,1.574004286888649323e-02,1.058553304941681726e-02,1.010034513857650973e+00,-4.095222478890540585e-01,-1.683520109313036209e-02,8.730648034479254838e-23,3.507285212468795593e-22,-2.128297229417558822e-18,2.000000000000000111e-01,1.999999999999998723e-01,-5.043934979752530824e-17,6.000000000000003109e-01,1.508298040509825946e-16,-4.903685518394615037e-16,2.860838287495994630e-16,2.000000000000000111e-01,-1.999999999999998723e-01,5.043929435106350459e-17,6.000000000000003109e-01,-1.508299969784718065e-16,-4.903678443349159188e-16,-2.860842130989028907e-16
0.250000,7.960172260216034912e-02,0.000000000000000000e+00,7.419779754163308150e-01,1.000000000000000000e+00,0.000000000000000000e+00,0.000000000000000000e+00,0.000000000000000000e+00,-8.705737657062135870e-01,-6.943812545863643944e-03,1.173125337249497462e-02,1.310364518874528539e+00,-4.474439889524988168e-01,-6.907875267792002068e-03,-3.519759543179815098e-01,1.642014354531095080e-02,1.085546024234064662e-02,1.020488934649962154e+00,-4.096739595683078772e-01,-1.758612774148147345e-02,-4.128347335851061256e-23,-4.316671521391168303e-23,4.196792454298386235e-18,2.000000000000000666e-01,1.999999999999999001e-01,-6.524573721098781927e-17,6.000000000000001998e-01,1.376448043671632112e-16,-2.926014829319771660e-16,2.388854571359111612e-16,2.000000000000000666e-01,-1.999999999999999001e-01,6.524577501128885510e-17,6.000000000000001998e-01,-1.376448046386401761e-16,-2.926015537757414957e-16,-2.388853972664388091e-16
0.260000,8.278679410906633618e-02,0.000000000000000000e+00,7.412759122319829697e-01,1.000000000000000000e+00,0.000000000000000000e+00,0.000000000000000000e+00,0.000000000000000000e+00,-8.903620974914291386e-01,-7.036502809106345326e-03,1.244424693216256844e-02,1.326103577750414875e+00,-4.434624886248213493e-01,-7.080362829638820951e-03,-3.513562687480085711e-01,1.709800719690694401e-02,1.111271550481879485e-02,1.030715188836270446e+00,-4.097304157867562857e-01,-1.834058247906291891e-02,-4.817763856006272970e-22,-1.699655537234893168e-21,2.097643195777218804e-17,1.999999999999996780e-01,1.999999999999998723e-01,-6.295793548683988065e-17,6.000000000000008660e-01,1.680943071039739524e-16,-3.939933544845298421e-16,2.568461898270722905e-16,1.999999999999996780e-01,-1.999999999999998723e-01,6.295826370912323309e-17,6.000000000000008660e-01,-1.680934183144181614e-16,-3.939967519064188859e-16,-2.568443030978633453e-16
0.270000,8.597402506819910861e-02,0.000000000000000000e+00,7.405705054369585705e-01,1.000000000000000000e+00,0.000000000000000000e+00,0.000000000000000000e+00,0.000000000000000000e+00,-9.100208835598097012e-01,-7.109837740266153859e-03,1.317275427050689993e-02,1.341257867617349664e+00,-4.390258246337624404e-01,-7.243292520598075199e-03,-3.506064594334846185e-01,1.777336177322267480e-02,1.135747265136296917e-02,1.040720939820847235e+00,-4.096958370910080416e-01,-1.909863424975832488e-02,2.004923571349391543e-23,5.531515531987178511e-23,2.173208385788073928e-19,1.999999999999999833e-01,1.999999999999998723e-01,-9.149381169226372412e-17,6.000000000000001998e-01,1.398837304910427762e-16,-8.542482843942046612e-17,2.506878330596408848e-16,1.999999999999999833e-01,-1.999999999999998723e-01,9.149379657775318319e-17,6.000000000000001998e-01,-1.398837559799763202e-16,-8.542472019358760390e-17,-2.506878962610659644e-16
0.280000,8.916364684944010077e-02,0.000000000000000000e+00,7.398613967872565977e-01,1.000000000000000000e+00,0.000000000000000000e+00,0.000000000000000000e+00,0.000000000000000000e+00,-9.295525897815198890e-01,-7.163359898578280580e-03,1.391642762044509665e-02,1.355837228632729818e+00,-4.341413399226614067e-01,-7.396521437369971488e-03,-3.497297537381588994e-01,1.844594431943711796e-02,1.158990118152982904e-02,1.050513388524400238e+00,-4.095742079440633510e-01,-1.986035163200757306e-02,1.936288876778317384e-22,8.942366889988157590e-22,-5.937129874943730135e-18,2.000000000000002887e-01,1.999999999999998723e-01,-1.404549656382826800e-16,5.999999999999994227e-01,1.403022734158709297e-16,3.300528750511308419e-16,2.608946907642348656e-16,2.000000000000002887e-01,-1.999999999999998723e-01,1.404548536570520775e-16,5.999999999999994227e-01,-1.403027880996594191e-16,3.300546943452667495e-16,-2.608956588016399215e-16
0.290000,9.235589082267071925e-02,0.000000000000000000e+00,7.391482280388761428e-01,1.000000000000000000e+00,0.000000000000000000e+00,0.000000000000000000e+00,0.000000000000000000e+00,-9.489589286601023410e-01,-7.196627791137213612e-03,1.467491160681916144e-02,1.369850491616583676e+00,-4.288161203912135844e-01,-7.539902802601925261e-03,-3.487291705900567584e-01,1.911550040189369248e-02,1.181016653993345079e-02,1.060099311087589591e+00,-4.093692966121633137e-01,-2.062580282818160179e-02,-6.830383386461400410e-22,-3.322940618622477300e-21,3.112177368620857995e-17,1.999999999999996225e-01,1.999999999999998723e-01,-4.859675979717842053e-17,6.000000000000009770e-01,1.538106950949682297e-16,-5.735483380443202615e-16,2.346645569776133689e-16,1.999999999999996225e-01,-1.999999999999998723e-01,4.859713891350034737e-17,6.000000000000009770e-01,-1.538087538673339445e-16,-5.735551178452288894e-16,-2.346609748055964938e-16
0.300000,9.555098835777245392e-02,0.000000000000000000e+00,7.384306409478158528e-01,1.000000000000000000e+00,0.000000000000000000e+00,0.000000000000000000e+00,0.000000000000000000e+00,-9.682409091549397662e-01,-7.209217505159511846e-03,1.544784373839931842e-02,1.383305596063864495e+00,-4.230570630375336538e-01,-7.673285785661990502e-03,-3.476075363238098070e-01,1.978178358487698782e-02,1.201843035778244438e-02,1.069485092470626730e+00,-4.090846728838302138e-01,-2.139505565324594308e-02,-2.745547829739209114e-22,-1.819493885212167359e-21,1.389248927789667162e-17,1.999999999999997891e-01,1.999999999999998168e-01,-9.115488517196043126e-17,6.000000000000008660e-01,1.926680282085265086e-16,-6.138574482727895857e-16,2.869624808728648097e-16,1.999999999999997891e-01,-1.999999999999998168e-01,9.115499188606363921e-17,6.000000000000008660e-01,-1.926668870697971718e-16,-6.138612134545736204e-16,-2.869605603524899038e-16
0.310000,9.874917082462673912e-02,0.000000000000000000e+00,7.377082772700748192e-01,1.000000000000000000e+00,0.000000000000000000e+00,0.000000000000000000e+00,0.000000000000000000e+00,-9.873988811224039264e-01,-7.200724339606109220e-03,1.623485506479457538e-02,1.396209694812480473e+00,-4.168709361651348200e-01,-7.796515324758321319e-03,-3.463674988447512093e-01,2.044455495311183618e-02,1.221485067814019609e-02,1.078676756481757426e+00,-4.087237239014833712e-01,-2.216817752252343149e-02,-4.641843856747826453e-24,-6.637301467229989183e-23,8.885213987658119002e-19,2.000000000000000111e-01,1.999999999999998723e-01,-1.069137065179066978e-16,6.000000000000001998e-01,1.696824556896286916e-16,-1.830563219422828658e-16,2.608902101802656098e-16,2.000000000000000111e-01,-1.999999999999998723e-01,1.069137049600408245e-16,6.000000000000001998e-01,-1.696824098361894221e-16,-1.830564621483074245e-16,-2.608901423328811081e-16
0.320000,1.019506695931149953e-01,0.000000000000000000e+00,7.369807787616522443e-01,1.000000000000000000e+00,0.000000000000000000e+00,0.000000000000000000e+00,0.000000000000000000e+00,-1.006432575415085573e+00,-7.170764425722660727e-03,1.703557099435428629e-02,1.408569247366052712e+00,-4.102644326110315154e-01,-7.909431950837550809e-03,-3.450115403280008541e-01,2.110358267520761125e-02,1.239958216680188581e-02,1.087679992686473085e+00,-4.082896683434125151e-01,-2.294523543838213053e-02,-3.466346111027034938e-23,-3.046022989990528830e-22,4.916015874308851177e-18,2.000000000000001499e-01,1.999999999999998168e-01,-1.495687653295172169e-16,5.999999999999999778e-01,2.000872805302682920e-16,-5.278843127490162938e-17,3.131723028209030925e-16,2.000000000000001499e-01,-1.999999999999998168e-01,1.495687717326027988e-16,5.999999999999999778e-01,-2.000870806049886659e-16,-5.278906761268543867e-17,-3.131719859550281995e-16
0.330000,1.051557160331186569e-01,0.000000000000000000e+00,7.362477871785466643e-01,1.000000000000000000e+00,0.000000000000000000e+00,0.000000000000000000e+00,0.000000000000000000e+00,-1.025341140504543835e+00,-7.118976325275608481e-03,1.784961226885140723e-02,1.420390103507579660e+00,-4.032442167629315954e-01,-8.011871613838317252e-03,-3.435419886342023776e-01,2.175864160389668137e-02,1.257277631042910682e-02,1.096500180582319794e+00,-4.077855691586112497e-01,-2.372629597568453805e-02,-7.628932933754043035e-22,-3.812854856426402381e-21,3.496737912820467006e-17,1.999999999999995393e-01,1.999999999999998723e-01,-4.751338008717991748e-17,6.000000000000014211e-01,2.245176691100192784e-16,-9.217387258483614272e-16,2.849943165343418902e-16,1.999999999999995393e-01,-1.999999999999998723e-01,4.751379395097019360e-17,6.000000000000014211e-01,-2.245154252836786543e-16,-9.217465163048513480e-16,-2.849902148064758371e-16
0.340000,1.083645415145191859e-01,0.000000000000000000e+00,7.355089442767570596e-01,1.000000000000000000e+00,0.000000000000000000e+00,0.000000000000000000e+00,0.000000000000000000e+00,-1.044123176351242188e+00,-7.045022594620723062e-03,1.867659609018629957e-02,1.431677578548554486e+00,-3.958169659840367061e-01,-8.103665511993388137e-03,-3.419610275973516966e-01,2.240951290944869986e-02,1.273458160336730753e-02,1.105142411368517763e+00,-4.072143450276810572e-01,-2.451142526584484602e-02,-6.769399648918829396e-22,-3.338605854238407213e-21,2.944627542337508591e-17,1.999999999999993172e-01,1.999999999999997891e-01,-6.689096561534416942e-17,6.000000000000019762e-01,2.589215437709655492e-16,-1.145958350590402325e-15,3.275479328558161502e-16,1.999999999999993172e-01,-1.999999999999997891e-01,6.689133706685091710e-17,6.000000000000019762e-01,-2.589195860634551037e-16,-1.145965167306756929e-15,-3.275443376305108260e-16
0.350000,1.115773774071979890e-01,0.000000000000000000e+00,7.347638918122826324e-01,1.000000000000000000e+00,0.000000000000000000e+00,0.000000000000000000e+00,0.000000000000000000e+00,-1.062776766128310735e+00,-6.948591302252300934e-03,1.951613739357844352e-02,1.442436521321937226e+00,-3.879894069451568783e-01,-8.184639924971521749e-03,-3.402707063182549008e-01,2.305598374309681536e-02,1.288514372438956737e-02,1.113611507593155636e+00,-4.065787806985449726e-01,-2.530068897935032132e-02,2.990182393855870923e-22,1.613081682232505631e-21,-1.451125682421860998e-17,1.999999999999999556e-01,1.999999999999999833e-01,-5.423604874870091002e-17,6.000000000000000888e-01,1.197285940996858004e-16,-4.690251106696984798e-17,1.703072718543878274e-16,1.999999999999999556e-01,-1.999999999999999833e-01,5.423589773276540334e-17,6.000000000000000888e-01,-1.197295620477080839e-16,-4.689920258796743603e-17,-1.703089973823577733e-16
0.360000,1.147944550810365560e-01,0.000000000000000000e+00,7.340122715411223631e-01,1.000000000000000000e+00,0.000000000000000000e+00,0.000000000000000000e+00,0.000000000000000000e+00,-1.081299506307942027e+00,-6.829397487160008585e-03,2.036785026076412888e-02,1.452671375835160816e+00,-3.797683472696183893e-01,-8.254616051726991824e-03,-3.384729475787782160e-01,2.369784692770088297e-02,1.302460570445346418e-02,1.121912040921712927e+00,-4.058815363251707664e-01,-2.609415230661167595e-02,-7.334777968560664492e-22,-3.811523788716623801e-21,3.576372669521187744e-17,1.999999999999993172e-01,1.999999999999997891e-01,-6.067350118519796682e-17,6.000000000000019762e-01,2.475098664664133171e-16,-1.149845513247402476e-15,3.192695128444188388e-16,1.999999999999993172e-01,-1.999999999999997891e-01,6.067388533719292245e-17,6.000000000000019762e-01,-2.475076004991797333e-16,-1.149853316479899245e-15,-3.192654245418196708e-16
0.370000,1.180160059059163075e-01,0.000000000000000000e+00,7.332537252192747879e-01,1.000000000000000000e+00,0.000000000000000000e+00,0.000000000000000000e+00,0.000000000000000000e+00,-1.099688535536289091e+00,-6.687184545182999970e-03,2.123134946563047520e-02,1.462386237341873896e+00,-3.711607028220291760e-01,-8.313409853980217173e-03,-3.365695554765408271e-01,2.433490067320634442e-02,1.315310808642634194e-02,1.130048348237759237e+00,-4.051251559201664576e-01,-2.689187993701398424e-02,3.128097971490629228e-23,3.703256860821273109e-23,-1.205549000030264273e-18,1.999999999999997613e-01,1.999999999999999278e-01,-4.955702900842242940e-17,6.000000000000007550e-01,1.693175872302821936e-16,-4.831168507331708006e-16,2.253447617357003873e-16,1.999999999999997613e-01,-1.999999999999999278e-01,4.955700077498483789e-17,6.000000000000007550e-01,-1.693175902500908454e-16,-4.831167877578762986e-16,-2.253448113957725229e-16
0.380000,1.212422612517186915e-01,0.000000000000000000e+00,7.324878946027392201e-01,1.000000000000000000e+00,0.000000000000000000e+00,0.000000000000000000e+00,0.000000000000000000e+00,-1.117940562651496661e+00,-6.521725530605318281e-03,2.210625214351943577e-02,1.471584903461682803e+00,-3.621735209137978417e-01,-8.360831906296217753e-03,-3.345622223666190886e-01,2.496694831474643994e-02,1.327078907761826583e-02,1.138024546258926906e+00,-4.043120750174951650e-01,-2.769393603604696982e-02,-1.475938930712545560e-22,-4.881924298841780057e-22,8.030019184312228683e-18,1.999999999999997613e-01,1.999999999999998723e-01,-6.518135957749599224e-17,6.000000000000006439e-01,1.644992493220900122e-16,-2.773257558357619274e-16,2.671012464507523937e-16,1.999999999999997613e-01,-1.999999999999998723e-01,6.518146319817955844e-17,6.000000000000006439e-01,-1.644990012805115307e-16,-2.773267267802919331e-16,-2.671007007343776486e-16
0.390000,1.244734524883251009e-01,0.000000000000000000e+00,7.317144214475145292e-01,1.000000000000000000e+00,0.000000000000000000e+00,0.000000000000000000e+00,0.000000000000000000e+00,-1.136051894137463991e+00,-6.332824360500804474e-03,2.299217957417935831e-02,1.480270920870255802e+00,-3.528139996534611078e-01,-8.396687253744507945e-03,-3.324525351856808530e-01,2.559379807148444083e-02,1.337778469586295947e-02,1.145844544827583578e+00,-4.034446276290829525e-01,-2.850038422040011496e-02,-2.850498558038238625e-22,-1.237888110054366349e-21,1.339934277520439208e-17,1.999999999999996503e-01,1.999999999999998168e-01,-8.208059519349620166e-17,6.000000000000007550e-01,1.992886789882593844e-16,-3.354243148904178994e-16,3.476994429273173848e-16,1.999999999999996503e-01,-1.999999999999998168e-01,8.208076746286713829e-17,6.000000000000007550e-01,-1.992879798912236235e-16,-3.354268242890694697e-16,-3.476980958783789746e-16
0.400000,1.277098109856170116e-01,0.000000000000000000e+00,7.309329475095995843e-01,1.000000000000000000e+00,0.000000000000000000e+00,0.000000000000000000e+00,0.000000000000000000e+00,-1.154018461251214100e+00,-6.120316909811373586e-03,2.388875906705053773e-02,1.488447627993725986e+00,-3.430895036361439887e-01,-8.420775278129663532e-03,-3.302419812244630770e-01,2.621526282450917927e-02,1.347422890980141952e-02,1.153512059015476821e+00,-4.025250525684720415e-01,-2.931128753091314168e-02,6.250490386491114816e-23,1.023302639452373267e-22,2.924280893663821751e-19,2.000000000000000111e-01,1.999999999999998723e-01,-9.307031034329491849e-17,5.999999999999999778e-01,1.614207120133805137e-16,3.179885718360830528e-17,3.153558261683152507e-16,2.000000000000000111e-01,-1.999999999999998723e-01,9.307025660280882488e-17,5.999999999999999778e-01,-1.614207391792780706e-16,3.179904392246931902e-17,-3.153559535446514201e-16
0.410000,1.309515681134758858e-01,0.000000000000000000e+00,7.301431145449932547e-01,1.000000000000000000e+00,0.000000000000000000e+00,0.000000000000000000e+00,0.000000000000000000e+00,-1.171835847012980159e+00,-5.884071985837244570e-03,2.479562593629157027e-02,1.496118194068080109e+00,-3.330075761419773461e-01,-8.432889573765462929e-03,-3.279319534063941943e-01,2.683115991228554598e-02,1.356025377394750285e-02,1.161030620164394067e+00,-4.015554992056011296e-01,-3.012670840327826005e-02,-2.485640279627982192e-22,-6.487084782418572545e-22,1.179061368820641303e-17,1.999999999999998723e-01,1.999999999999998446e-01,-1.232911721587690830e-16,5.999999999999999778e-01,1.827088497485680152e-16,2.969712423977651500e-16,3.576026186522611245e-16,1.999999999999998723e-01,-1.999999999999998446e-01,1.232913630436163549e-16,5.999999999999999778e-01,-1.827085613942778549e-16,2.969699800878373695e-16,-3.576018719291134334e-16
0.420000,1.341989552417831300e-01,0.000000000000000000e+00,7.293445643096947428e-01,1.000000000000000000e+00,0.000000000000000000e+00,0.000000000000000000e+00,0.000000000000000000e+00,-1.189499313204135822e+00,-5.623992171731291914e-03,2.571242555171712740e-02,1.503285654863484311e+00,-3.225759479964968590e-01,-8.432817833734803856e-03,-3.255237551231684456e-01,2.744131094232667503e-02,1.363598955904818215e-02,1.168403585970051228e+00,-4.005380327089593795e-01,-3.094670863639643887e-02,-1.057698645451506643e-21,-5.365524769338538075e-21,4.819088085463838506e-17,1.999999999999990952e-01,1.999999999999997058e-01,-7.281517311791011192e-17,6.000000000000019762e-01,2.544798540356616920e-16,-1.017839201855974878e-15,4.276289926202812636e-16,1.999999999999990952e-01,-1.999999999999997058e-01,7.281573942782097586e-17,6.000000000000019762e-01,-2.544766840059252141e-16,-1.017850173171540458e-15,-4.276232271132062587e-16
0.430000,1.374522037404202202e-01,0.000000000000000000e+00,7.285369385597028069e-01,1.000000000000000000e+00,0.000000000000000000e+00,0.000000000000000000e+00,0.000000000000000000e+00,-1.207003827478247970e+00,-5.340014529715868957e-03,2.663881545066401277e-02,1.509952945323339346e+00,-3.118025432357245386e-01,-8.420341747527084961e-03,-3.230186046720700532e-01,2.804554161789747646e-02,1.370156487819535959e-02,1.175634149703659759e+00,-3.994746388246577240e-01,-3.177134935829286494e-02,6.927970662184086681e-23,-3.571933168413378895e-22,-6.874266864201132345e-19,1.999999999999998168e-01,1.999999999999998446e-01,-7.758587869863080477e-17,6.000000000000006439e-01,1.815786947039918004e-16,-3.595096932612268656e-16,3.385930055288759150e-16,1.999999999999998168e-01,-1.999999999999998446e-01,7.758577470234503455e-17,6.000000000000006439e-01,-1.815783738084042353e-16,-3.595104979032511082e-16,-3.385926791842386975e-16
0.440000,1.407115449792685491e-01,0.000000000000000000e+00,7.277198790510163162e-01,1.000000000000000000e+00,0.000000000000000000e+00,0.000000000000000000e+00,0.000000000000000000e+00,-1.224344090654156059e+00,-5.032111156071150497e-03,2.757446749476533468e-02,1.516122929326483071e+00,-3.006954817136002767e-01,-8.395236910881674272e-03,-3.204176393346510054e-01,2.864368157868659240e-02,1.375710680909191311e-02,1.182725348654610764e+00,-3.983672282361298000e-01,-3.260069098950450078e-02,-1.588045123948242454e-22,-1.074297490961821675e-21,1.012178773493421787e-17,1.999999999999998168e-01,1.999999999999998723e-01,-9.605552767658024570e-17,6.000000000000006439e-01,2.031054168536331332e-16,-3.721090562115856473e-16,3.281276650101091495e-16,1.999999999999998168e-01,-1.999999999999998723e-01,9.605558733427689739e-17,6.000000000000006439e-01,-2.031047404849129921e-16,-3.721112810720974810e-16,-3.281265324217729557e-16
0.450000,1.439772103282095650e-01,0.000000000000000000e+00,7.268930275396345841e-01,1.000000000000000000e+00,0.000000000000000000e+00,0.000000000000000000e+00,0.000000000000000000e+00,-1.241514564226776418e+00,-4.700289581462970510e-03,2.851907005472491610e-02,1.521798426747116073e+00,-2.892630787887952026e-01,-8.357272748585801644e-03,-3.177219191318560454e-01,2.923556425449412924e-02,1.380274101283214018e-02,1.189680071868123079e+00,-3.972176405431384061e-01,-3.343479320385461806e-02,-7.042320389254135025e-22,-3.979509438234157020e-21,3.469498316282765442e-17,1.999999999999994005e-01,1.999999999999997335e-01,-1.020571261258867147e-16,6.000000000000018652e-01,2.909940043711702677e-16,-1.211515099170674975e-15,4.421077662043927042e-16,1.999999999999994005e-01,-1.999999999999997335e-01,1.020574647529976431e-16,6.000000000000018652e-01,-2.909915901124723177e-16,-1.211523279047552036e-15,-4.421035230514767654e-16
0.460000,1.472494311571247438e-01,0.000000000000000000e+00,7.260560257815560359e-01,1.000000000000000000e+00,0.000000000000000000e+00,0.000000000000000000e+00,0.000000000000000000e+00,-1.258509498101017643e+00,-4.344593011865791228e-03,2.947233020547740390e-02,1.526982237959521260e+00,-2.775138422307674713e-01,-8.306212450883485379e-03,-3.149324302867790304e-01,2.982102673108051605e-02,1.383859184951400680e-02,1.196501067243415317e+00,-3.960276478943709488e-01,-3.427371488653612602e-02,1.188231339961742877e-22,1.212833676414272027e-21,-7.541432776953547865e-18,1.999999999999998723e-01,1.999999999999999278e-01,-9.984400401791822129e-17,6.000000000000000888e-01,1.600007350358195383e-16,1.311008840484518555e-16,2.779355990289702459e-16,1.999999999999998723e-01,-1.999999999999999278e-01,9.984399799440400935e-17,6.000000000000000888e-01,-1.600015461742426593e-16,1.311034279565973014e-16,-2.779368527942556300e-16
0.470000,1.505284388358954784e-01,0.000000000000000000e+00,7.252085155327799848e-01,1.000000000000000000e+00,0.000000000000000000e+00,0.000000000000000000e+00,0.000000000000000000e+00,-1.275322958526648565e+00,-3.965100407167574011e-03,3.043397591361737126e-02,1.531677165912625815e+00,-2.654564664904685012e-01,-8.241812924049966155e-03,-3.120500884228181726e-01,3.039990962740775002e-02,1.386478249096562664e-02,1.203190948050700149e+00,-3.947989583041003891e-01,-3.511751408942848790e-02,-1.215339311597968852e-22,-4.118735694480294163e-22,7.984374372044289612e-18,1.999999999999999001e-01,1.999999999999998723e-01,-1.244677489170596280e-16,6.000000000000000888e-01,1.784720890005946212e-16,1.500438242554138343e-16,3.237402947276685084e-16,1.999999999999999001e-01,-1.999999999999998723e-01,1.244678333092457858e-16,6.000000000000000888e-01,-1.784718773863614323e-16,1.500430035103913098e-16,-3.237398355517118054e-16
0.480000,1.538144647344032445e-01,0.000000000000000000e+00,7.243501385493053002e-01,1.000000000000000000e+00,0.000000000000000000e+00,0.000000000000000000e+00,0.000000000000000000e+00,-1.291948856187161709e+00,-3.561926396488228515e-03,3.140375819871057961e-02,1.535886035882107148e+00,-2.530998244886369930e-01,-8.163824755572540379e-03,-3.090757415220114490e-01,3.097205698358037815e-02,1.388143503083558508e-02,1.209752198918964794e+00,-3.935332186800239440e-01,-3.596624798357882929e-02,-2.264448258688703076e-22,-1.103276434698577661e-21,1.315921206936440417e-17,1.999999999999999001e-01,1.999999999999998168e-01,-1.501351288301881050e-16,6.000000000000000888e-01,1.979425705341490327e-16,1.730903790224650863e-16,3.691721768809027444e-16,1.999999999999999001e-01,-1.999999999999998168e-01,1.501352543625836761e-16,6.000000000000000888e-01,-1.979419257469838211e-16,1.730881278270724896e-16,-3.691709876733099416e-16
0.490000,1.571077402225294906e-01,0.000000000000000000e+00,7.234805365871309624e-01,1.000000000000000000e+00,0.000000000000000000e+00,0.000000000000000000e+00,0.000000000000000000e+00,-1.308380974373568595e+00,-3.135221031268882116e-03,3.238145325007245334e-02,1.539611712994365833e+00,-2.404529570834296748e-01,-8.071992194262021456e-03,-3.060101726657386556e-01,3.153731615886145451e-02,1.388867059226566412e-02,1.216187181340972367e+00,-3.922320175864841829e-01,-3.681997280878314405e-02,-2.157742591053909428e-22,-1.515307658460097334e-21,1.427371961180500061e-17,2.000000000000000111e-01,1.999999999999999278e-01,-1.130941393951086549e-16,6.000000000000000888e-01,1.755652266919403972e-16,5.300054433994341480e-17,2.850783281506176614e-16,2.000000000000000111e-01,-1.999999999999999278e-01,1.130942152038298349e-16,6.000000000000000888e-01,-1.755642662014353887e-16,5.299740178097320130e-17,-2.850767340056917952e-16
0.500000,1.604084966701556370e-01,0.000000000000000000e+00,7.225993514022557296e-01,1.000000000000000000e+00,0.000000000000000000e+00,0.000000000000000000e+00,0.000000000000000000e+00,-1.324612997154753780e+00,-2.685169379258550183e-03,3.336686448082838707e-02,1.542857117606792450e+00,-2.275250603886727341e-01,-7.966053145497477631e-03,-3.028541025776578799e-01,3.209553773919675973e-02,1.388660943334012708e-02,1.222498138737014184e+00,-3.908968877646881723e-01,-3.767874382020690999e-02,-4.497730944827003391e-23,-2.644237333453922361e-22,4.831283560787782691e-18,2.000000000000002331e-01,1.999999999999999278e-01,-1.453004852750620920e-16,5.999999999999994227e-01,1.492511463822562041e-16,5.078767877150401970e-16,2.782168938128006052e-16,2.000000000000002331e-01,-1.999999999999999278e-01,1.453005059332227193e-16,5.999999999999994227e-01,-1.492509845352395701e-16,5.078762432268122296e-16,-2.782166126182524006e-16
0.510000,1.659385877469318205e-01,0.000000000000000000e+00,7.182696683721746522e-01,1.000000000000000000e+00,0.000000000000000000e+00,0.000000000000000000e+00,0.000000000000000000e+00,-1.331986591838597356e+00,-2.415745529661485636e-03,3.353371725593230768e-02,1.542178845076621840e+00,-2.194490241719301016e-01,-8.650242054709119874e-03,-3.016898201254925582e-01,3.267016016874650652e-02,1.382443292366124753e-02,1.238636147543260124e+00,-3.971840251310094771e-01,-3.853322462316753627e-02,-1.247985878824909059e-21,-6.690567862873958719e-21,5.845164922965320853e-17,1.999999999999992339e-01,1.999999999999997335e-01,-9.948977556243202135e-17,6.000000000000020872e-01,2.981878249725268510e-16,-1.243511753914650304e-15,4.413029058459022162e-16,1.999999999999992339e-01,-1.999999999999997335e-01,9.949040979137704689e-17,6.000000000000020872e-01,-2.981838163160732627e-16,-1.243525472350507447e-15,-4.412957456966455986e-16
0.520000,1.714846096655969765e-01,0.000000000000000000e+00,7.139216799369156874e-01,1.000000000000000000e+00,0.000000000000000000e+00,0.000000000000000000e+00,0.000000000000000000e+00,-1.336585643358449538e+00,-2.226257228512609591e-03,3.342866183308090822e-02,1.540362060709059788e+00,-2.130145257567225558e-01,-9.603065350613865236e-03,-3.009564572314509245e-01,3.324775466786372702e-02,1.373021283334369125e-02,1.257756413121734695e+00,-4.059844662308658703e-01,-3.939844163898644641e-02,-3.719005665353464002e-22,-2.386973149532569006e-21,1.706920929767206374e-17,1.999999999999995948e-01,1.999999999999998168e-01,-9.017719541655292784e-17,6.000000000000014211e-01,2.426535546576931959e-16,-8.906392712300457099e-16,3.511072637267166712e-16,1.999999999999995948e-01,-1.999999999999998168e-01,9.017734729691134913e-17,6.000000000000014211e-01,-2.426520668243205987e-16,-8.906442045010163339e-16,-3.511047393978446825e-16
0.530000,1.770457917020746008e-01,0.000000000000000000e+00,7.095561734159571143e-01,1.000000000000000000e+00,0.000000000000000000e+00,0.000000000000000000e+00,0.000000000000000000e+00,-1.340280058467436364e+00,-2.067339908756253911e-03,3.323273915759742542e-02,1.538162125226594235e+00,-2.071133060935290982e-01,-1.064705070858614454e-02,-3.000842574625351977e-01,3.382132724099434079e-02,1.361833357203875994e-02,1.277518855168250145e+00,-4.155630936358635785e-01,-4.027741324352378943e-02,-1.977278095635131174e-22,-8.853340301837270715e-22,7.960918871739421768e-18,1.999999999999996780e-01,1.999999999999998723e-01,-9.318683958361509838e-17,6.000000000000008660e-01,2.192374808513109791e-16,-5.092228597889857201e-16,3.378386989092053153e-16,1.999999999999996780e-01,-1.999999999999998723e-01,9.318695656308172067e-17,6.000000000000008660e-01,-2.192369760311107127e-16,-5.092246577672315314e-16,-3.378377380295638011e-16
0.540000,1.826213631322882169e-01,0.000000000000000000e+00,7.051739361287775454e-01,1.000000000000000000e+00,0.000000000000000000e+00,0.000000000000000000e+00,0.000000000000000000e+00,-1.343649196616951480e+00,-1.920990308446477801e-03,3.300426180910642077e-02,1.535803173976254765e+00,-2.013851698756894404e-01,-1.172374083318426970e-02,-2.988845744716637221e-01,3.438791709886658554e-02,1.349495170043735551e-02,1.297149579310155287e+00,-4.253393440904117417e-01,-4.117055965019383174e-02,-2.484000653252230693e-22,-1.258371563287672997e-21,1.270606003234238655e-17,1.999999999999996780e-01,1.999999999999998168e-01,-1.228191927910649130e-16,6.000000000000008660e-01,2.389825644313726628e-16,-4.892441058704672727e-16,3.699384140692404632e-16,1.999999999999996780e-01,-1.999999999999998168e-01,1.228193259510522014e-16,6.000000000000008660e-01,-2.389818212338243160e-16,-4.892466787827784709e-16,-3.699370617507342310e-16
0.550000,1.882105532321613761e-01,0.000000000000000000e+00,7.007757553948551488e-01,1.000000000000000000e+00,0.000000000000000000e+00,0.000000000000000000e+00,0.000000000000000000e+00,-1.346873563400614371e+00,-1.781077019181382661e-03,3.276194405202056265e-02,1.533354418000327346e+00,-1.957151206592507853e-01,-1.281403124719944324e-02,-2.972989415320386741e-01,3.494628664908808885e-02,1.336268715397302860e-02,1.316399719827654913e+00,-4.351222202553373664e-01,-4.207786986775740451e-02,-2.809651032969759869e-22,-1.460358241298518646e-21,1.454012815164325293e-17,1.999999999999996780e-01,1.999999999999998168e-01,-1.265111738828191000e-16,6.000000000000008660e-01,2.485029330030526151e-16,-4.885979623478378660e-16,3.815554267058537430e-16,1.999999999999996780e-01,-1.999999999999998168e-01,1.265113210053435343e-16,6.000000000000008660e-01,-2.485020647652994524e-16,-4.886009521337084305e-16,-3.815538603271761188e-16
0.560000,1.938125912776175463e-01,0.000000000000000000e+00,6.963624185336680927e-01,1.000000000000000000e+00,0.000000000000000000e+00,0.000000000000000000e+00,0.000000000000000000e+00,-1.350009981496053779e+00,-1.645542964181028909e-03,3.251186105690800909e-02,1.530838060773050069e+00,-1.900667257504879970e-01,-1.391163657549323793e-02,-2.953114735556537918e-01,3.549586411337723318e-02,1.322278173334526762e-02,1.335193572280502394e+00,-4.448510401098112466e-01,-4.299932219301946801e-02,-5.522682408010831067e-23,-1.921839077336825127e-22,4.124600304254453280e-18,1.999999999999999001e-01,1.999999999999998723e-01,-1.425112113355188835e-16,6.000000000000001998e-01,2.231891228873830593e-16,-5.896173198284242259e-17,3.485348927098311554e-16,1.999999999999999001e-01,-1.999999999999998723e-01,1.425112492104148901e-16,6.000000000000001998e-01,-2.231890229807730658e-16,-5.896211573768946002e-17,-3.485346790639771036e-16
0.570000,1.994267065445801956e-01,0.000000000000000000e+00,6.919347128646947676e-01,1.000000000000000000e+00,0.000000000000000000e+00,0.000000000000000000e+00,0.000000000000000000e+00,-1.353076879738094540e+00,-1.513687704972764298e-03,3.225606451556788101e-02,1.528261852228534723e+00,-1.844285393906710813e-01,-1.501442688800860500e-02,-2.929198433170602800e-01,3.603632856027774028e-02,1.307596806979559149e-02,1.353511725554999101e+00,-4.545082277037144625e-01,-4.393492463364594147e-02,-1.967236781010699043e-22,-9.679270981010756976e-22,1.121834632059227890e-17,1.999999999999999001e-01,1.999999999999998723e-01,-1.202660063367433513e-16,6.000000000000001998e-01,1.890089637603179583e-16,-5.299860788904660278e-17,3.386452328386670201e-16,1.999999999999999001e-01,-1.999999999999998723e-01,1.202661145000281814e-16,6.000000000000001998e-01,-1.890083965487762425e-16,-5.300058394090507053e-17,-3.386441903210321236e-16
0.580000,2.050521283089729585e-01,0.000000000000000000e+00,6.874934257074135635e-01,1.000000000000000000e+00,0.000000000000000000e+00,0.000000000000000000e+00,0.000000000000000000e+00,-1.356080765321898918e+00,-1.385256584739984805e-03,3.199532537659456610e-02,1.525629070961093126e+00,-1.787970321221248049e-01,-1.612161691379999234e-02,-2.901258927658294517e-01,3.656745674441871236e-02,1.292280024458219122e-02,1.371352568096505298e+00,-4.640901017063951972e-01,-4.488469496063882819e-02,-2.346274290346664864e-22,-1.200007661123899169e-21,1.271448274884964355e-17,1.999999999999999001e-01,1.999999999999998168e-01,-1.304259404905429703e-16,6.000000000000001998e-01,1.791499551756831894e-16,-2.451842803017815036e-17,3.634450602138849628e-16,1.999999999999999001e-01,-1.999999999999998168e-01,1.304260651904854537e-16,6.000000000000001998e-01,-1.791492446771576145e-16,-2.452088280654324684e-17,-3.634437715430505914e-16
0.590000,2.106880858467192752e-01,0.000000000000000000e+00,6.830393443813027599e-01,1.000000000000000000e+00,0.000000000000000000e+00,0.000000000000000000e+00,0.000000000000000000e+00,-1.359024443246289238e+00,-1.260139723330147912e-03,3.173000644159577888e-02,1.522941599220234865e+00,-1.731711681494640387e-01,-1.723285601807622233e-02,-2.869326584261861490e-01,3.708906843808152526e-02,1.276377516418515656e-02,1.388719702288168989e+00,-4.735971314848366753e-01,-4.584864263244641663e-02,-4.228652136967323421e-22,-2.711581715622839008e-21,2.295897899675222146e-17,1.999999999999998168e-01,1.999999999999998446e-01,-6.551308001924925741e-17,6.000000000000008660e-01,1.622233475041550438e-16,-5.683863347302016045e-16,3.033768594534746352e-16,1.999999999999998168e-01,-1.999999999999998446e-01,6.551325294891221612e-17,6.000000000000008660e-01,-1.622216576438980638e-16,-5.683919386782128672e-16,-3.033739916766376795e-16
0.600000,2.163338084337426415e-01,0.000000000000000000e+00,6.785732562058405248e-01,1.000000000000000000e+00,0.000000000000000000e+00,0.000000000000000000e+00,0.000000000000000000e+00,-1.361909568323547148e+00,-1.138273237212542336e-03,3.146034008041639213e-02,1.520200870978447805e+00,-1.675506850535879722e-01,-1.834793378921454124e-02,-2.833434631522085412e-01,3.760100733301841719e-02,1.259937563442124590e-02,1.405617881825216520e+00,-4.830307085905863884e-01,-4.682675861896502811e-02,-5.380250130354645271e-22,-2.184148767945656278e-21,2.161104063387118040e-17,1.999999999999995115e-01,1.999999999999998446e-01,-5.956908319402164823e-17,6.000000000000009770e-01,1.769051510660212035e-16,-4.315739815479785526e-16,3.320206686956903259e-16,1.999999999999995115e-01,-1.999999999999998446e-01,5.956942273061296429e-17,6.000000000000009770e-01,-1.769039451559264485e-16,-4.315783905217139464e-16,-3.320182775088484396e-16
0.610000,2.219885253459666086e-01,0.000000000000000000e+00,6.740959485005053597e-01,1.000000000000000000e+00,0.000000000000000000e+00,0.000000000000000000e+00,0.000000000000000000e+00,-1.364737437307110834e+00,-1.019607007476518168e-03,3.118651666845960804e-02,1.517408164237797896e+00,-1.619355486790427789e-01,-1.946668483065565336e-02,-2.793616656331606718e-01,3.810313442925935407e-02,1.243008485484675164e-02,1.422051740754909144e+00,-4.923920924752524519e-01,-4.781901026979307884e-02,-1.798150625647899503e-22,-1.284962950232633292e-21,1.122853995318258489e-17,1.999999999999997891e-01,1.999999999999998446e-01,-8.527287058937779417e-17,6.000000000000007550e-01,1.869213358356235635e-16,-3.881990685412517230e-16,3.218792582785766259e-16,1.999999999999997891e-01,-1.999999999999998446e-01,8.527293167000664741e-17,6.000000000000007550e-01,-1.869205188667083407e-16,-3.882017350733512553e-16,-3.218779077623071454e-16
0.620000,2.276514658593147000e-01,0.000000000000000000e+00,6.696082085847755438e-01,1.000000000000000000e+00,0.000000000000000000e+00,0.000000000000000000e+00,0.000000000000000000e+00,-1.367509234567882315e+00,-9.040942524449432395e-04,3.090871275975897586e-02,1.514564691234542959e+00,-1.563257807968894963e-01,-2.058895799452227157e-02,-2.749906157400909268e-01,3.859532568263103480e-02,1.225639066628012031e-02,1.438025431148927114e+00,-5.016820787847581231e-01,-4.882533867985341947e-02,-1.853618216776591261e-22,-3.549833495640809418e-22,6.457289085774159986e-18,1.999999999999997058e-01,1.999999999999998723e-01,-7.577026034705920648e-17,6.000000000000003109e-01,1.571925828346933934e-16,6.246288279895437760e-17,3.210029512728670077e-16,1.999999999999997058e-01,-1.999999999999998723e-01,7.577041485377415004e-17,6.000000000000003109e-01,-1.571924638488618694e-16,6.246221827438301832e-17,-3.210025223520100187e-16
0.630000,2.333218592497104116e-01,0.000000000000000000e+00,6.651108237781293564e-01,1.000000000000000000e+00,0.000000000000000000e+00,0.000000000000000000e+00,0.000000000000000000e+00,-1.370226108119559472e+00,-7.916882216790737791e-04,3.062710005799825982e-02,1.511671626415208136e+00,-1.507214049639409303e-01,-2.171460645948719917e-02,-2.702336720423801353e-01,3.907747103536515776e-02,1.207878616760458927e-02,1.453542552755526129e+00,-5.109009060045195394e-01,-4.984565718618726854e-02,-2.337388695567899649e-22,-1.968420803403798885e-21,1.601695061138441486e-17,1.999999999999998168e-01,1.999999999999997891e-01,-1.230387105185752032e-16,6.000000000000007550e-01,2.397214955237186466e-16,-4.898211126825841605e-16,3.944412628777216641e-16,1.999999999999998168e-01,-1.999999999999997891e-01,1.230387617710073754e-16,6.000000000000007550e-01,-2.397202112090983901e-16,-4.898252196913183201e-16,-3.944392112012196519e-16
0.640000,2.389989347930772112e-01,0.000000000000000000e+00,6.606045814000450767e-01,1.000000000000000000e+00,0.000000000000000000e+00,0.000000000000000000e+00,0.000000000000000000e+00,-1.372889192986488149e+00,-6.823412086820474908e-04,3.034184826510228847e-02,1.508730115272105099e+00,-1.451224298404066027e-01,-2.284348455024428487e-02,-2.650942363199342844e-01,3.954947384030668700e-02,1.189776904908362680e-02,1.468606173583434815e+00,-5.200482394837550038e-01,-5.087985037632784119e-02,-4.787515671706520677e-22,-1.934842589833090552e-21,1.955290229267121299e-17,1.999999999999994837e-01,1.999999999999999001e-01,-5.746199950299234741e-17,6.000000000000009770e-01,1.927055084754404868e-16,-4.037262240179017432e-16,3.019762992518885961e-16,1.999999999999994837e-01,-1.999999999999999001e-01,5.746230245295949006e-17,6.000000000000009770e-01,-1.927044418938897619e-16,-4.037301285995102194e-16,-3.019741801233485995e-16
0.650000,2.446819217653386502e-01,0.000000000000000000e+00,6.560902687700010949e-01,1.000000000000000000e+00,0.000000000000000000e+00,0.000000000000000000e+00,0.000000000000000000e+00,-1.375499618234363508e+00,-5.760043153661274958e-04,3.005312597719956430e-02,1.505741277295557179e+00,-1.395288443677209500e-01,-2.397544673681772584e-02,-2.595757911068188872e-01,4.001125034344666515e-02,1.171384046286539499e-02,1.483218876391990904e+00,-5.291231796649447094e-01,-5.192777335253939697e-02,-1.082618609019640359e-22,-1.241443258100438203e-21,8.917685715632829732e-18,1.999999999999997891e-01,1.999999999999998723e-01,-1.101159833648857836e-16,6.000000000000007550e-01,2.287810956761578190e-16,-5.188609442231196650e-16,3.261503506527263610e-16,1.999999999999997891e-01,-1.999999999999998723e-01,1.101159759745941255e-16,6.000000000000007550e-01,-2.287802548935657975e-16,-5.188635552440270855e-16,-3.261490728110021542e-16
0.660000,2.503700494424182521e-01,0.000000000000000000e+00,6.515686732074755794e-01,1.000000000000000000e+00,0.000000000000000000e+00,0.000000000000000000e+00,0.000000000000000000e+00,-1.378058508937380688e+00,-4.726274580951645441e-04,2.976110095840568334e-02,1.502706207116004888e+00,-1.339406166922919028e-01,-2.511034733807136765e-02,-2.536819360863338257e-01,4.046272911396192606e-02,1.152750371397444351e-02,1.497382810426329369e+00,-5.381242772062000412e-01,-5.298925115471218861e-02,-2.763747499857199606e-22,-1.260535639831935354e-21,1.262359530814585957e-17,1.999999999999996503e-01,1.999999999999998168e-01,-1.184682805364290091e-16,6.000000000000007550e-01,2.174223546382408241e-16,-4.273141986951746788e-16,3.380087134993233535e-16,1.999999999999996503e-01,-1.999999999999998168e-01,1.184684418680843421e-16,6.000000000000007550e-01,-2.174216318271643058e-16,-4.273167613880370516e-16,-3.380073475208152569e-16
0.670000,2.560625471002395126e-01,0.000000000000000000e+00,6.470405820319470314e-01,1.000000000000000000e+00,0.000000000000000000e+00,0.000000000000000000e+00,0.000000000000000000e+00,-1.380566986580374023e+00,-3.721594494557942502e-04,2.946594021726148260e-02,1.499625975085403962e+00,-1.283576942634802043e-01,-2.624804045203489936e-02,-2.474164221729368840e-01,4.090385038760008946e-02,1.133926286872364957e-02,1.511099742123925171e+00,-5.470495495711894529e-01,-5.406407830943081583e-02,-1.585727386682468339e-22,-8.872555219884960800e-22,9.399607127488860232e-18,1.999999999999997891e-01,1.999999999999998168e-01,-1.269409311545554014e-16,6.000000000000006439e-01,2.107561418571243148e-16,-3.159250250671548872e-16,3.298726251341761134e-16,1.999999999999997891e-01,-1.999999999999998168e-01,1.269410082358613729e-16,6.000000000000006439e-01,-2.107556048104910815e-16,-3.159268479905572597e-16,-3.298716784559145452e-16
0.680000,2.617586440147259830e-01,0.000000000000000000e+00,6.425067825628936191e-01,1.000000000000000000e+00,0.000000000000000000e+00,0.000000000000000000e+00,0.000000000000000000e+00,-1.383026168981333015e+00,-2.745481019077784411e-04,2.916781002156355537e-02,1.496501627680373092e+00,-1.227800042908192418e-01,-2.738837995857815871e-02,-2.407831830139167406e-01,4.133456531566526843e-02,1.114962131400020970e-02,1.524371103130106153e+00,-5.558964975735068981e-01,-5.515201849795241945e-02,-2.942103245066521837e-22,-1.152911368784673254e-21,1.293270006755992045e-17,1.999999999999996503e-01,1.999999999999998168e-01,-1.228226921347433003e-16,6.000000000000007550e-01,2.124758677082829526e-16,-2.514821390635023025e-16,3.332437168617476680e-16,1.999999999999996503e-01,-1.999999999999998168e-01,1.228228817186761338e-16,6.000000000000007550e-01,-2.124752391949489302e-16,-2.514844609287981065e-16,-3.332424504629348083e-16
0.690000,2.674575694618010480e-01,0.000000000000000000e+00,6.379680621197937329e-01,1.000000000000000000e+00,0.000000000000000000e+00,0.000000000000000000e+00,0.000000000000000000e+00,-1.385437170070869639e+00,-1.797403358359357043e-04,2.886687589495723003e-02,1.493334187843819327e+00,-1.172074543021877358e-01,-2.853121954443066724e-02,-2.337863638880386397e-01,4.175483512139716025e-02,1.095908027989904443e-02,1.537198035396380114e+00,-5.646621216285866440e-01,-5.625280434519030343e-02,-8.968399484150545607e-23,-7.464445634826750048e-23,2.797411103368779546e-18,1.999999999999997335e-01,1.999999999999998446e-01,-1.067899331488978933e-16,6.000000000000001998e-01,1.534596161895786316e-16,1.040480168596365362e-16,2.914244411821532777e-16,1.999999999999997335e-01,-1.999999999999998446e-01,1.067900170721989217e-16,6.000000000000001998e-01,-1.534596310478642786e-16,1.040479040817685363e-16,-2.914243301271962969e-16
0.700000,2.731585527173883698e-01,0.000000000000000000e+00,6.334252080221257630e-01,1.000000000000000000e+00,0.000000000000000000e+00,0.000000000000000000e+00,0.000000000000000000e+00,-1.387801099632880897e+00,-8.768228632599019861e-05,2.856330260912944355e-02,1.490124655300498979e+00,-1.116399327210876868e-01,-2.967641273433958837e-02,-2.264303480267413071e-01,4.216463016946639386e-02,1.076813733173355783e-02,1.549581433548092635e+00,-5.733429378578986935e-01,-5.736613733494799749e-02,1.829713143582629930e-22,7.893057747645650277e-22,-5.394954545511763814e-18,2.000000000000000944e-01,1.999999999999999001e-01,-1.203463998746646508e-16,5.999999999999994227e-01,1.171649387483707192e-16,4.672893040243745728e-16,2.536771670958752648e-16,2.000000000000000944e-01,-1.999999999999999001e-01,1.203462887973177515e-16,5.999999999999994227e-01,-1.171653835515274593e-16,4.672909034273776637e-16,-2.536780265058320513e-16
0.710000,2.788608230574114444e-01,0.000000000000000000e+00,6.288790075893678777e-01,1.000000000000000000e+00,0.000000000000000000e+00,0.000000000000000000e+00,0.000000000000000000e+00,-1.390119063038589342e+00,1.680593186642367876e-06,2.825725417598811545e-02,1.486874006857133335e+00,-1.060773094370630470e-01,-3.082381292309810394e-02,-2.187197803770459525e-01,4.256392895640991741e-02,1.057728483590902706e-02,1.561521984796009344e+00,-5.819349942945624132e-01,-5.849168785739548848e-02,-7.516273524878672229e-22,-4.282447144172622742e-21,3.734528804687869488e-17,1.999999999999994560e-01,1.999999999999997613e-01,-8.522686967127922319e-17,6.000000000000013101e-01,2.013073552175498854e-16,-8.329521051964288027e-16,3.277004507362015781e-16,1.999999999999994560e-01,-1.999999999999997613e-01,8.522722777311009206e-17,6.000000000000013101e-01,-2.013047522879902489e-16,-8.329609110647346002e-16,-3.276958871325840210e-16
0.720000,2.845636097577937118e-01,0.000000000000000000e+00,6.243302481409983562e-01,1.000000000000000000e+00,0.000000000000000000e+00,0.000000000000000000e+00,0.000000000000000000e+00,-1.392392160983769944e+00,8.840343100251408810e-05,2.794889384119346801e-02,1.483583196690138273e+00,-1.005194363610436986e-01,-3.197327340671297230e-02,-2.106595888069789091e-01,4.295271703133579644e-02,1.038700840421564846e-02,1.573020206655758813e+00,-5.904338874507852886e-01,-5.962909539456722613e-02,-4.493578651110463778e-22,-2.211857281529335839e-21,1.913322448126347843e-17,1.999999999999994282e-01,1.999999999999998168e-01,-6.049917304390008025e-17,6.000000000000013101e-01,1.677222271450158320e-16,-6.701307957770633521e-16,2.673711895829048110e-16,1.999999999999994282e-01,-1.999999999999998168e-01,6.049942002543790740e-17,6.000000000000013101e-01,-1.677209308368514527e-16,-6.701353114475756718e-16,-2.673688073512519555e-16
0.730000,2.902661420944587234e-01,0.000000000000000000e+00,6.197797169964955888e-01,1.000000000000000000e+00,0.000000000000000000e+00,0.000000000000000000e+00,0.000000000000000000e+00,-1.394621489232028999e+00,1.725418411796760042e-04,2.763838407943775000e-02,1.480253156621742949e+00,-9.496614796302146888e-02,-3.312464741213055897e-02,-2.022550027366390168e-01,4.333098585752478277e-02,1.019778532167779118e-02,1.584076482701847643e+00,-5.988347794893045251e-01,-6.077796884903254038e-02,-1.570074506776863060e-24,-9.290781428556098222e-22,5.172153580585495362e-18,1.999999999999998723e-01,1.999999999999998168e-01,-9.421488095274767332e-17,6.000000000000010880e-01,1.858231603092493784e-16,-6.929251598655842000e-16,2.652230757874009081e-16,1.999999999999998723e-01,-1.999999999999998168e-01,9.421479483069391421e-17,6.000000000000010880e-01,-1.858224685955091641e-16,-6.929271561520998175e-16,-2.652221521593285993e-16
0.740000,2.959676493433300304e-01,0.000000000000000000e+00,6.152282014753379658e-01,1.000000000000000000e+00,0.000000000000000000e+00,0.000000000000000000e+00,0.000000000000000000e+00,-1.396808138364845853e+00,2.541518315569013401e-04,2.732588659156497818e-02,1.476884796384558385e+00,-8.941726179126180396e-02,-3.427778812530933583e-02,-1.935115691645011848e-01,4.369873162675261963e-02,1.001008296380362025e-02,1.594691096541721365e+00,-6.071324162138238556e-01,-6.193788702004962565e-02,-8.712586734450647848e-23,-2.971650862129151944e-23,2.312890826533328400e-18,1.999999999999997891e-01,1.999999999999999001e-01,-6.186908347891813099e-17,6.000000000000006439e-01,1.286998856766016812e-16,-2.713631005350764828e-16,1.881280010628649144e-16,1.999999999999997891e-01,-1.999999999999999001e-01,6.186916904905876840e-17,6.000000000000006439e-01,-1.286999320323554290e-16,-2.713631180969547291e-16,-1.881279356935970902e-16
0.750000,3.016673607803310175e-01,0.000000000000000000e+00,6.106764888970037664e-01,1.000000000000000000e+00,0.000000000000000000e+00,0.000000000000000000e+00,0.000000000000000000e+00,-1.398953193538387652e+00,3.332897157968334407e-04,2.701156230352560333e-02,1.473479003874459847e+00,-8.387257897283856289e-02,-3.543254871755103369e-02,-1.844351660498852741e-01,4.405595403925727932e-02,9.824357209796434273e-03,1.604864264156695697e+00,-6.153211460636831553e-01,-6.310839923053450373e-02,-3.028158323425445697e-22,-8.677588531617915197e-22,1.078879462564551053e-17,1.999999999999995115e-01,1.999999999999998446e-01,-6.999922688709389803e-17,6.000000000000007550e-01,1.644787291072181527e-16,-2.603803807938506313e-16,2.868433032342928225e-16,1.999999999999995115e-01,-1.999999999999998446e-01,6.999945212134478445e-17,6.000000000000007550e-01,-1.644783200412854488e-16,-2.603820851283857536e-16,-2.868423165762700797e-16
0.760000,3.073645056813853471e-01,0.000000000000000000e+00,6.061253665809711588e-01,1.000000000000000000e+00,0.000000000000000000e+00,0.000000000000000000e+00,0.000000000000000000e+00,-1.401057734246903719e+00,4.100120294484208786e-04,2.669557136713404319e-02,1.470036645391580077e+00,-7.833188469547455735e-02,-3.658878237004047768e-02,-1.750320130087141546e-01,4.440265506326348394e-02,9.641050858961365544e-03,1.614596164722148286e+00,-6.233949402675152962e-01,-6.428902610709685828e-02,-1.356255984667098081e-22,-1.923474566885217296e-21,1.226876330666844134e-17,1.999999999999997613e-01,1.999999999999997891e-01,-7.466117308245637404e-17,6.000000000000011990e-01,2.184503271271057410e-16,-9.494127709313637697e-16,3.587425465072371112e-16,1.999999999999997613e-01,-1.999999999999997891e-01,7.466112905757367030e-17,6.000000000000011990e-01,-2.184489991747652237e-16,-9.494168334817412734e-16,-3.587405798505446628e-16
0.770000,3.130583133224164594e-01,0.000000000000000000e+00,6.015756218467186445e-01,1.000000000000000000e+00,0.000000000000000000e+00,0.000000000000000000e+00,0.000000000000000000e+00,-1.403122834092419557e+00,4.843754500186379648e-04,2.637807316259044993e-02,1.466558565869188868e+00,-7.279494867073997566e-02,-3.774634229655959849e-02,-1.653086792804666638e-01,4.473883768881785350e-02,9.460592058158178233e-03,1.623886969989238649e+00,-6.313474142798523037e-01,-6.547926051422317539e-02,-3.529965962788256181e-23,-2.181934698368239545e-22,1.338342397591046500e-18,1.999999999999998168e-01,1.999999999999998723e-01,-3.234758825864354000e-17,6.000000000000006439e-01,1.351303568749205456e-16,-5.565133194453505549e-16,2.690693932057292273e-16,1.999999999999998168e-01,-1.999999999999998723e-01,3.234760346494242914e-17,6.000000000000006439e-01,-1.351302218975864912e-16,-5.565137697029054737e-16,-2.690691619199546241e-16
0.780000,3.187480129793478500e-01,0.000000000000000000e+00,5.970280420137243915e-01,1.000000000000000000e+00,0.000000000000000000e+00,0.000000000000000000e+00,0.000000000000000000e+00,-1.405149560560411404e+00,5.564367210371087055e-04,2.605922630272951290e-02,1.463045589090233412e+00,-6.726152557869478910e-02,-3.890508176434569892e-02,-1.552720889293623119e-01,4.506450469135513115e-02,9.283392748694021396e-03,1.632736872284373586e+00,-6.391718505935655159e-01,-6.667856864244810222e-02,-8.977608247367056497e-23,-4.740881497552078612e-22,4.949739059383598671e-18,1.999999999999998168e-01,1.999999999999998168e-01,-5.055630970492325745e-17,6.000000000000006439e-01,1.545263601737908972e-16,-5.294597642696728419e-16,3.405106414181759430e-16,1.999999999999998168e-01,-1.999999999999998168e-01,5.055635600998596833e-17,6.000000000000006439e-01,-1.545260771813157838e-16,-5.294607356319101203e-16,-3.405101335025503191e-16
0.790000,3.244328339281030149e-01,0.000000000000000000e+00,5.924834144014667903e-01,1.000000000000000000e+00,0.000000000000000000e+00,0.000000000000000000e+00,0.000000000000000000e+00,-1.407138974801138032e+00,6.262525800927584360e-04,2.573918863896152917e-02,1.459498517891300473e+00,-6.173135549407698236e-02,-4.006485411306648370e-02,-1.449295232519047238e-01,4.537965742087438081e-02,9.109847141514755553e-03,1.641146111160253884e+00,-6.468612229896461008e-01,-6.788639124905225530e-02,-3.164432683887891582e-22,-9.316351604555137095e-22,1.135755306169863118e-17,1.999999999999995115e-01,1.999999999999998168e-01,-3.463956909937099929e-17,6.000000000000008660e-01,1.426135192320130410e-16,-4.545401291348961444e-16,3.275591561629559003e-16,1.999999999999995115e-01,-1.999999999999998168e-01,3.463980212595523458e-17,6.000000000000008660e-01,-1.426130732414640003e-16,-4.545419635318879743e-16,-3.275581004407661589e-16
0.800000,3.301120054446055607e-01,0.000000000000000000e+00,5.879425263294241200e-01,1.000000000000000000e+00,0.000000000000000000e+00,0.000000000000000000e+00,0.000000000000000000e+00,-1.409092131416287197e+00,6.938796908174021992e-04,2.541811726887542588e-02,1.455918134353789473e+00,-5.620416429415487497e-02,-4.122551277188570007e-02,-1.342886203756767372e-01,4.568429463283210645e-02,8.940330229928059036e-03,1.649114998713420377e+00,-6.544082222542538796e-01,-6.910214504847907169e-02,2.030791609002769353e-22,-3.231298454963907492e-22,-1.542139900590943634e-18,2.000000000000000944e-01,1.999999999999998168e-01,-7.693140031403464906e-17,6.000000000000005329e-01,1.640912406173115333e-16,-6.999848405693095785e-16,2.990943803294240689e-16,2.000000000000000944e-01,-1.999999999999998168e-01,7.693116381488533761e-17,6.000000000000005329e-01,-1.640908399019394536e-16,-6.999856431170000200e-16,-2.990941428762424640e-16
0.810000,3.357847568047789832e-01,0.000000000000000000e+00,5.834061651170747709e-01,1.000000000000000000e+00,0.000000000000000000e+00,0.000000000000000000e+00,0.000000000000000000e+00,-1.411010078250579003e+00,7.593745787872321689e-04,2.509616854547653403e-02,1.452305199982045547e+00,-5.067966404837037642e-02,-4.238691127459497804e-02,-1.233573720502906673e-01,4.597841137683014029e-02,8.775196349369235663e-03,1.656643943567435828e+00,-6.618052833612686481e-01,-7.032522424828407948e-02,-2.808526867896957028e-22,-1.726244009598287671e-21,1.553214486025608742e-17,1.999999999999998446e-01,1.999999999999998168e-01,-5.958695566091051757e-17,6.000000000000011990e-01,2.041030194187800073e-16,-9.824825396143311083e-16,3.120045179127113343e-16,1.999999999999998446e-01,-1.999999999999998168e-01,5.958707756701668628e-17,6.000000000000011990e-01,-2.041019527829765816e-16,-9.824861010008030093e-16,-3.120026874391008263e-16
0.820000,3.414503172845466672e-01,0.000000000000000000e+00,5.788751180838969113e-01,1.000000000000000000e+00,0.000000000000000000e+00,0.000000000000000000e+00,0.000000000000000000e+00,-1.412893856187970476e+00,8.227935713101142828e-04,2.477349808803619782e-02,1.448660455868233443e+00,-4.515755338990323081e-02,-4.354890327278679307e-02,-1.121441176502577103e-01,4.626199795887891986e-02,8.614777793888219598e-03,1.663733473508063776e+00,-6.690446140870239811e-01,-7.155500222504547481e-02,-3.670251021167841839e-22,-1.585398319262476634e-21,1.372509347864912866e-17,1.999999999999995670e-01,1.999999999999997891e-01,-1.819167392002055946e-17,6.000000000000014211e-01,1.690715183797121441e-16,-1.074911509538355908e-15,3.061815771626133016e-16,1.999999999999995670e-01,-1.999999999999997891e-01,1.819189653198447829e-17,6.000000000000014211e-01,-1.690706245628297439e-16,-1.074914722357656642e-15,-3.061798511550962413e-16
0.830000,3.471079161598322749e-01,0.000000000000000000e+00,5.743501725493690424e-01,1.000000000000000000e+00,0.000000000000000000e+00,0.000000000000000000e+00,0.000000000000000000e+00,-1.414744498952088092e+00,8.841927410632427877e-04,2.445026079453354109e-02,1.444984622843719091e+00,-3.963751786930896914e-02,-4.471134254704675626e-02,-1.006575354307773229e-01,4.653503899243425362e-02,8.459383499093028197e-03,1.670384256746827223e+00,-6.761182249927930599e-01,-7.279083333327714123e-02,-1.074817493362430979e-22,-4.118050162768851827e-22,3.457644044177977244e-18,1.999999999999996503e-01,1.999999999999998446e-01,1.014486920975388107e-17,6.000000000000010880e-01,1.202545413904561935e-16,-8.787831635063063470e-16,2.389798232197425126e-16,1.999999999999996503e-01,-1.999999999999998446e-01,-1.014479906485943550e-17,6.000000000000010880e-01,-1.202543187760869330e-16,-8.787839915741095421e-16,-2.389793698936276833e-16
0.840000,3.527567827065592465e-01,0.000000000000000000e+00,5.698321158329693326e-01,1.000000000000000000e+00,0.000000000000000000e+00,0.000000000000000000e+00,0.000000000000000000e+00,-1.416563032910516773e+00,9.436278535432473082e-04,2.412661085567389258e-02,1.441278401616725935e+00,-3.411923029037011723e-02,-4.587408301614073064e-02,-8.890663110053605156e-02,4.679751255254111647e-02,8.309297801214256610e-03,1.676597121782037680e+00,-6.830179606802800896e-01,-7.403205483902998429e-02,-4.268421342179191641e-22,-1.366769710285075481e-21,1.524699262620519127e-17,1.999999999999992339e-01,1.999999999999998168e-01,1.915935107423305374e-17,6.000000000000015321e-01,1.544830406307585786e-16,-9.311101372132151720e-16,2.879582109151209784e-16,1.999999999999992339e-01,-1.999999999999998168e-01,-1.915904714634520541e-17,6.000000000000015321e-01,-1.544823569197682186e-16,-9.311128482757722608e-16,-2.879566774901133600e-16
0.850000,3.583961462006511334e-01,0.000000000000000000e+00,5.653217352541760610e-01,1.000000000000000000e+00,0.000000000000000000e+00,0.000000000000000000e+00,0.000000000000000000e+00,-1.418350476882563660e+00,1.001154318288175523e-03,2.380270177047128302e-02,1.437542472896036649e+00,-2.860235102832011517e-02,-4.703697874417631097e-02,-7.690072380001092278e-02,4.704938944627120451e-02,8.164779281759786123e-03,1.682373075821629094e+00,-6.897355321962946872e-01,-7.527798896855271427e-02,6.839992190588836161e-24,5.571030625325405243e-22,-2.326344740780788108e-18,1.999999999999994282e-01,1.999999999999998723e-01,4.962384851904779031e-18,6.000000000000008660e-01,1.134512846135675763e-16,-4.088929178984749339e-16,2.332030344473401906e-16,1.999999999999994282e-01,-1.999999999999998723e-01,-4.962339193682859320e-18,6.000000000000008660e-01,-1.134516947469659523e-16,-4.088917240010320167e-16,-2.332035907093188940e-16
0.860000,3.640252359180314312e-01,0.000000000000000000e+00,5.608198181324676179e-01,1.000000000000000000e+00,0.000000000000000000e+00,0.000000000000000000e+00,0.000000000000000000e+00,-1.420107841950106087e+00,1.056827143828342665e-03,2.347868636338636822e-02,1.433777497500498654e+00,-2.308652833059812726e-02,-4.819988394571548401e-02,-6.464942959889904972e-02,4.729063261122406353e-02,8.026059706896892035e-03,1.687713321729796601e+00,-6.962625504353804340e-01,-7.652794506113622108e-02,6.852889057468226964e-22,1.390551436701876043e-21,-1.827591348121349200e-17,2.000000000000004552e-01,1.999999999999998446e-01,-6.661196250510684227e-17,5.999999999999999778e-01,1.347657432284347478e-16,-5.455397682356621258e-16,2.612442172113042830e-16,2.000000000000004552e-01,-1.999999999999998446e-01,6.661139866827931656e-17,5.999999999999999778e-01,-1.347662414228415495e-16,-5.455371434424618931e-16,-2.612458805993538433e-16
0.870000,3.696432811346236358e-01,0.000000000000000000e+00,5.563271517873223937e-01,1.000000000000000000e+00,0.000000000000000000e+00,0.000000000000000000e+00,0.000000000000000000e+00,-1.421836131271139836e+00,1.110700896321652805e-03,2.315471680301411928e-02,1.429984116454109166e+00,-1.757139860029678299e-02,-4.936265298881788860e-02,-5.216264265153674334e-02,4.752119665219631250e-02,7.893343070236622655e-03,1.692619273459377682e+00,-7.025905603639290842e-01,-7.778122181409917457e-02,1.913627473875938357e-22,1.558587097469047248e-21,-7.884164385687053307e-18,2.000000000000003442e-01,1.999999999999999278e-01,-3.482086354326833447e-17,5.999999999999994227e-01,7.081420683359583939e-17,1.726788095833043377e-16,2.031692666336323914e-16,2.000000000000003442e-01,-1.999999999999999278e-01,3.482081658228058139e-17,5.999999999999994227e-01,-7.081521880217281530e-17,1.726820581516525549e-16,-2.031708937299678070e-16
0.880000,3.752495111263512428e-01,0.000000000000000000e+00,5.518445235382185565e-01,1.000000000000000000e+00,0.000000000000000000e+00,0.000000000000000000e+00,0.000000000000000000e+00,-1.423536339895629554e+00,1.162829661826705841e-03,2.283094462231911523e-02,1.426162951066437534e+00,-1.205658666246503356e-02,-5.052514039599277640e-02,-3.945051417389946330e-02,4.774102752423228097e-02,7.766804747093740587e-03,1.697092569933959849e+00,-7.087110758666619326e-01,-7.903710960681616104e-02,-3.869689844638387463e-22,-1.107015484537091377e-21,1.552641381348708644e-17,1.999999999999998446e-01,1.999999999999998446e-01,-4.901601737994114043e-17,6.000000000000001998e-01,1.249924336314795569e-16,-1.089062311385456557e-16,2.591128089622314609e-16,1.999999999999998446e-01,-1.999999999999998446e-01,4.901630538620346457e-17,6.000000000000001998e-01,-1.249919122989198350e-16,-1.089084050369716623e-16,-2.591115499928127877e-16
0.890000,3.808431551691378592e-01,0.000000000000000000e+00,5.473727207046346077e-01,1.000000000000000000e+00,0.000000000000000000e+00,0.000000000000000000e+00,0.000000000000000000e+00,-1.425209454583262314e+00,1.213267012165605190e-03,2.250752074041921860e-02,1.422314602998145716e+00,-6.541706013440009952e-03,-5.168720084303868312e-02,-2.652342942940790621e-02,4.795006236819065321e-02,7.646590767565614351e-03,1.701135087347753316e+00,-7.146156149968220239e-01,-8.029489288975026617e-02,-4.548957124671995302e-22,-3.132398185111481905e-21,2.411129600506485770e-17,1.999999999999997058e-01,1.999999999999997613e-01,-4.566253125660470022e-17,6.000000000000013101e-01,1.955099533448015016e-16,-1.104838976166912051e-15,3.067047893686832551e-16,1.999999999999997058e-01,-1.999999999999997613e-01,4.566269694678366174e-17,6.000000000000013101e-01,-1.955079748107891634e-16,-1.104845467663226192e-15,-3.067014903576454367e-16
0.900000,3.864234425389068694e-01,0.000000000000000000e+00,5.429125306060486045e-01,1.000000000000000000e+00,0.000000000000000000e+00,0.000000000000000000e+00,0.000000000000000000e+00,-1.426856453622704413e+00,1.262065974327458706e-03,2.218459548592219277e-02,1.418439654311367093e+00,-1.026359053360112461e-03,-5.284868915574855025e-02,-1.339198293264546279e-02,4.814822950273041358e-02,7.532817214917338945e-03,1.704748949857041618e+00,-7.202957353953274300e-01,-8.155385262365491550e-02,-1.194169006831725596e-22,-1.005598142412974500e-21,5.049956336776923133e-18,1.999999999999998168e-01,1.999999999999998168e-01,-1.805329548529125158e-17,6.000000000000010880e-01,1.477614031821528274e-16,-9.950183105055125730e-16,2.286391599962270825e-16,1.999999999999998168e-01,-1.999999999999998168e-01,1.805332167629160944e-17,6.000000000000010880e-01,-1.477607470763370221e-16,-9.950204086301756475e-16,-2.286381118624186531e-16
0.910000,3.919896025115818805e-01,0.000000000000000000e+00,5.384647405619389371e-01,1.000000000000000000e+00,0.000000000000000000e+00,0.000000000000000000e+00,0.000000000000000000e+00,-1.428478306651958407e+00,1.309279003361808877e-03,2.186231862182117999e-02,1.414538667504692038e+00,4.489862697962082073e-03,-5.400946030446036883e-02,-6.695209973369906087e-05,4.833544857428420660e-02,7.425569754786831914e-03,1.707936538644396762e+00,-7.257430696318909469e-01,-8.281326875346711747e-02,-2.812153988171684533e-22,-9.300302775931035615e-22,8.559328619610473468e-18,1.999999999999995393e-01,1.999999999999998168e-01,-1.301605387189780257e-18,6.000000000000013101e-01,1.506410848256565091e-16,-9.450403579188303186e-16,2.530535242102518692e-16,1.999999999999995393e-01,-1.999999999999998168e-01,1.301802832079391844e-18,6.000000000000013101e-01,-1.506406123273321840e-16,-9.450422075930730302e-16,-2.530524845768422765e-16
0.920000,3.975408643630862771e-01,0.000000000000000000e+00,5.340301378917839958e-01,1.000000000000000000e+00,0.000000000000000000e+00,0.000000000000000000e+00,0.000000000000000000e+00,-1.430075974479414258e+00,1.354957958711034338e-03,2.154083937196082932e-02,1.410612185532532648e+00,1.000737840164160272e-02,-5.516936939642893417e-02,1.344073040904611438e-02,4.851163086419285619e-02,7.324903299647548757e-03,1.710700499345569892e+00,-7.309493602129817358e-01,-8.407242270093692738e-02,5.764111635252185261e-22,3.343630136364514827e-21,-2.783825548535788202e-17,2.000000000000001776e-01,1.999999999999999556e-01,-2.921821063639039216e-17,5.999999999999994227e-01,4.034778494592619494e-17,2.605993828861973550e-16,1.248109540158839426e-16,2.000000000000001776e-01,-1.999999999999999556e-01,2.921794163012464292e-17,5.999999999999994227e-01,-4.034982546111458994e-17,2.606062638435117598e-16,-1.248145128701610007e-16
0.930000,4.030764573693437769e-01,0.000000000000000000e+00,5.296095099150621710e-01,1.000000000000000000e+00,0.000000000000000000e+00,0.000000000000000000e+00,0.000000000000000000e+00,-1.431650408905182692e+00,1.399154083929441631e-03,2.122030644908599190e-02,1.406660731808586640e+00,1.552661771664511255e-02,-5.632827166599792962e-02,2.712000539517032960e-02,4.867667974977548523e-02,7.230841811798700315e-03,1.713043747838763897e+00,-7.359064939976720510e-01,-8.533059985974089656e-02,-3.517235419493596612e-22,-7.151252890746194444e-22,1.356217564402505234e-17,1.999999999999995670e-01,1.999999999999998446e-01,-3.583265166545115358e-17,6.000000000000004219e-01,1.087256323535090266e-16,-5.821372639401812776e-17,2.226322685001041163e-16,1.999999999999995670e-01,-1.999999999999998446e-01,3.583294091919030589e-17,6.000000000000004219e-01,-1.087253755918001854e-16,-5.821507663234676645e-17,-2.226314133511849328e-16
0.940000,4.085956108062776537e-01,0.000000000000000000e+00,5.252036439512516308e-01,1.000000000000000000e+00,0.000000000000000000e+00,0.000000000000000000e+00,0.000000000000000000e+00,-1.433202552542307995e+00,1.441917989736560528e-03,2.090086808448942193e-02,1.402684810193171705e+00,2.104802063286129871e-02,-5.748602246254751885e-02,4.095971660705437223e-02,4.883049131375431090e-02,7.143378246912963740e-03,1.714969474406672134e+00,-7.406065357630203794e-01,-8.658709207671196062e-02,4.120589926174857280e-22,1.698629112738947803e-21,-1.550578963600122944e-17,2.000000000000002054e-01,1.999999999999999001e-01,-6.319527174465785344e-17,5.999999999999993117e-01,7.189827181451124068e-17,3.702054673405764690e-16,1.835765698605332805e-16,2.000000000000002054e-01,-1.999999999999999001e-01,6.319501414296259878e-17,5.999999999999993117e-01,-7.189921466738263013e-17,3.702088996177037126e-16,-1.835784268849906319e-16
0.950000,4.140975539498116809e-01,0.000000000000000000e+00,5.208133273198307656e-01,1.000000000000000000e+00,0.000000000000000000e+00,0.000000000000000000e+00,0.000000000000000000e+00,-1.434733338637438793e+00,1.483299640351571020e-03,2.058267205927752710e-02,1.398684904964150322e+00,2.657203732016974809e-02,-5.864247723619497171e-02,5.494864072901133045e-02,4.897295509419447718e-02,7.062474638880015740e-03,1.716481146292902382e+00,-7.450417606656284386e-01,-8.784120010289514502e-02,-9.408697192075738843e-23,-1.016461940529466797e-21,7.378510833606860879e-18,1.999999999999999833e-01,1.999999999999999001e-01,-2.320232735630790744e-17,6.000000000000000888e-01,9.572964088564566567e-17,-2.673162044095074543e-16,1.870109521214326101e-16,1.999999999999999833e-01,-1.999999999999999001e-01,2.320232682836381898e-17,6.000000000000000888e-01,-9.572895675653035574e-17,-2.673183393520536399e-16,-1.870099036170527523e-16
0.960000,4.195815160758691875e-01,0.000000000000000000e+00,5.164393473402778545e-01,1.000000000000000000e+00,0.000000000000000000e+00,0.000000000000000000e+00,0.000000000000000000e+00,-1.436243690890549596e+00,1.523348343055603562e-03,2.026586573727603285e-02,1.394661480771187456e+00,3.209912799335045558e-02,-5.979749152122119937e-02,6.907551759628692556e-02,4.910395496500390145e-02,6.988062325359101386e-03,1.717582508685953746e+00,-7.492046853553417929e-01,-8.909223599840088159e-02,-6.402623385439727010e-23,-2.189849904244913455e-22,2.937348363617134493e-18,1.999999999999999833e-01,1.999999999999998446e-01,-5.840327033463400744e-17,5.999999999999999778e-01,1.210625193580209562e-16,-6.175223412999428298e-17,2.384040021150434787e-16,1.999999999999999833e-01,-1.999999999999998446e-01,5.840331460486005782e-17,5.999999999999999778e-01,-1.210624063821929220e-16,-6.175267081799046196e-17,-2.384037582234568445e-16
0.970000,4.250467264603737805e-01,0.000000000000000000e+00,5.120824913320710658e-01,1.000000000000000000e+00,0.000000000000000000e+00,0.000000000000000000e+00,0.000000000000000000e+00,-1.437734523273295872e+00,1.562112740928462730e-03,1.995059609960058572e-02,1.390614982573070035e+00,3.762976279267880864e-02,-6.095092091719800376e-02,8.332908036030979571e-02,4.922337013511251386e-02,6.920042312119979548e-03,1.718277584175534001e+00,-7.530880975104665698e-01,-9.033952547548262935e-02,1.991423728746076989e-22,1.175020087557443885e-21,-9.097285483334338350e-18,2.000000000000002054e-01,1.999999999999999001e-01,-7.753046987668542480e-17,5.999999999999993117e-01,9.309873788044954937e-17,3.656185506266651647e-16,1.876014179810675429e-16,2.000000000000002054e-01,-1.999999999999999001e-01,7.753037881175092770e-17,5.999999999999993117e-01,-9.309945764914874631e-17,3.656209705541476549e-16,-1.876026672280478395e-16
0.980000,4.304924143792489000e-01,0.000000000000000000e+00,5.077435466146889009e-01,1.000000000000000000e+00,0.000000000000000000e+00,0.000000000000000000e+00,0.000000000000000000e+00,-1.439206739845582117e+00,1.599640808706344992e-03,1.963700978091935390e-02,1.386545835557807971e+00,4.316442168006422858e-02,-6.210262106778832725e-02,9.769808533416757257e-02,4.933107625275270913e-02,6.858285772931722521e-03,1.718570670737347816e+00,-7.566850835810886577e-01,-9.158241016489547526e-02,-1.591737577241722016e-22,-1.168742556790363429e-21,8.666696716775364917e-18,1.999999999999999833e-01,1.999999999999999001e-01,-2.746631570850163273e-17,6.000000000000000888e-01,1.008587977231401495e-16,-2.676892203488830632e-16,1.853462962144573745e-16,1.999999999999999833e-01,-1.999999999999999001e-01,2.746636682413586380e-17,6.000000000000000888e-01,-1.008580512034034845e-16,-2.676916480296868340e-16,-1.853450696488238947e-16
0.990000,4.359178091084180973e-01,0.000000000000000000e+00,5.034233005076096390e-01,1.000000000000000000e+00,0.000000000000000000e+00,0.000000000000000000e+00,0.000000000000000000e+00,-1.440661234569928117e+00,1.635979851707220671e-03,1.932525310743954741e-02,1.382454445045225855e+00,4.870359435059696401e-02,-6.325244763718908259e-02,1.121713412580345598e-01,4.942694659982620892e-02,6.802634680474365335e-03,1.718466338313445085e+00,-7.599890545477090420e-01,-9.282024979139937015e-02,2.433368796968452133e-22,6.766174322841765287e-22,-7.728757930997942707e-18,2.000000000000003719e-01,1.999999999999998723e-01,-7.520680469053834884e-17,5.999999999999995337e-01,1.029736420854268443e-16,2.031557605171222909e-17,2.076006625302471113e-16,2.000000000000003719e-01,-1.999999999999998723e-01,7.520662174272599513e-17,5.999999999999995337e-01,-1.029739553663415467e-16,2.031690113267096100e-17,-2.076014348285311712e-16
1.000000,4.413221399238048681e-01,0.000000000000000000e+00,4.991225403303116703e-01,1.000000000000000000e+00,0.000000000000000000e+00,0.000000000000000000e+00,0.000000000000000000e+00,-1.442098891123206883e+00,1.671176507770734008e-03,1.901547213665069624e-02,1.378341196371763111e+00,5.424778015935604464e-02,-6.440025628418645509e-02,1.267377377376259218e-01,4.951085336019459687e-02,6.752902562523328128e-03,1.717969424065416417e+00,-7.629937695259270125e-01,-9.405242424523498068e-02,-1.267966464350002646e-22,-1.743162175748724235e-23,3.066030347602399404e-18,2.000000000000000666e-01,1.999999999999999278e-01,-3.671829635807021584e-17,5.999999999999997558e-01,7.868662352408144761e-17,1.288374765947209249e-16,1.638743673634805117e-16,2.000000000000000666e-01,-1.999999999999999278e-01,3.671842332788670704e-17,5.999999999999997558e-01,-7.868671024132903407e-17,1.288375065290080173e-16,-1.638742978760388545e-16
1.010000,4.415424158706960367e-01,-9.027903192377405343e-09,4.989473328404370744e-01,1.000000000000000000e+00,0.000000000000000000e+00,0.000000000000000000e+00,0.000000000000000000e+00,-1.442098891123206883e+00,1.671176507770734008e-03,1.901547213665069624e-02,1.378341196371763111e+00,5.424778015935604464e-02,-6.440025628418645509e-02,1.267377377376259218e-01,4.951085336019459687e-02,6.752902562523328128e-03,1.717969424065416417e+00,-7.629937695259270125e-01,-9.405242424523498068e-02,-1.267966464350002646e-22,-1.743162175748724235e-23,3.066030347602399404e-18,2.000000000000000666e-01,1.999999999999999278e-01,-3.671829635807021584e-17,5.999999999999997558e-01,7.868662352408144761e-17,1.288374765947209249e-16,1.638743673634805117e-16,2.000000000000000666e-01,-1.999999999999999278e-01,3.671842332788670704e-17,5.999999999999997558e-01,-7.868671024132903407e-17,1.288375065290080173e-16,-1.638742978760388545e-16
1.020000,4.417537786453816784e-01,-3.537464108033595198e-08,4.987792734048543952e-01,1.000000000000000000e+00,0.000000000000000000e+00,0.000000000000000000e+00,0.000000000000000000e+00,-1.442098891123206883e+00,1.671176507770734008e-03,1.901547213665069624e-02,1.378341196371763111e+00,5.424778015935604464e-02,-6.440025628418645509e-02,1.267377377376259218e-01,4.951085336019459687e-02,6.752902562523328128e-03,1.717969424065416417e+00,-7.629937695259270125e-01,-9.405242424523498068e-02,-1.267966464350002646e-22,-1.743162175748724235e-23,3.066030347602399404e-18,2.000000000000000666e-01,1.999999999999999278e-01,-3.671829635807021584e-17,5.999999999999997558e-01,7.868662352408144761e-17,1.288374765947209249e-16,1.638743673634805117e-16,2.000000000000000666e-01,-1.999999999999999278e-01,3.671842332788670704e-17,5.999999999999997558e-01,-7.868671024132903407e-17,1.288375065290080173e-16,-1.638742978760388545e-16
1.030000,4.419562233926885852e-01,-7.793475613011514411e-08,4.986183622280527805e-01,1.000000000000000000e+00,0.000000000000000000e+00,0.000000000000000000e+00,0.000000000000000000e+00,-1.442098891123206883e+00,1.671176507770734008e-03,1.901547213665069624e-02,1.378341196371763111e+00,5.424778015935604464e-02,-6.440025628418645509e-02,1.267377377376259218e-01,4.951085336019459687e-02,6.752902562523328128e-03,1.717969424065416417e+00,-7.629937695259270125e-01,-9.405242424523498068e-02,-1.267966464350002646e-22,-1.743162175748724235e-23,3.066030347602399404e-18,2.000000000000000666e-01,1.999999999999999278e-01,-3.671829635807021584e-17,5.999999999999997558e-01,7.868662352408144761e-17,1.288374765947209249e-16,1.638743673634805117e-16,2.000000000000000666e-01,-1.999999999999999278e-01,3.671842332788670704e-17,5.999999999999997558e-01,-7.868671024132903407e-17,1.288375065290080173e-16,-1.638742978760388545e-16
1.040000,4.421497452574438269e-01,-1.356027908079545058e-07,4.984645995145212671e-01,1.000000000000000000e+00,0.000000000000000000e+00,0.000000000000000000e+00,0.000000000000000000e+00,-1.442098891123206883e+00,1.671176507770734008e-03,1.901547213665069624e-02,1.378341196371763111e+00,5.424778015935604464e-02,-6.440025628418645509e-02,1.267377377376259218e-01,4.951085336019459687e-02,6.752902562523328128e-03,1.717969424065416417e+00,-7.629937695259270125e-01,-9.405242424523498068e-02,-1.267966464350002646e-22,-1.743162175748724235e-23,3.066030347602399404e-18,2.000000000000000666e-01,1.999999999999999278e-01,-3.671829635807021584e-17,5.999999999999997558e-01,7.868662352408144761e-17,1.288374765947209249e-16,1.638743673634805117e-16,2.000000000000000666e-01,-1.999999999999999278e-01,3.671842332788670704e-17,5.999999999999997558e-01,-7.868671024132903407e-17,1.288375065290080173e-16,-1.638742978760388545e-16
1.050000,4.423343393844741400e-01,-2.072732875800934402e-07,4.983179854687489474e-01,1.000000000000000000e+00,0.000000000000000000e+00,0.000000000000000000e+00,0.000000000000000000e+00,-1.442098891123206883e+00,1.671176507770734008e-03,1.901547213665069624e-02,1.378341196371763111e+00,5.424778015935604464e-02,-6.440025628418645509e-02,1.267377377376259218e-01,4.951085336019459687e-02,6.752902562523328128e-03,1.717969424065416417e+00,-7.629937695259270125e-01,-9.405242424523498068e-02,-1.267966464350002646e-22,-1.743162175748724235e-23,3.066030347602399404e-18,2.000000000000000666e-01,1.999999999999999278e-01,-3.671829635807021584e-17,5.999999999999997558e-01,7.868662352408144761e-17,1.288374765947209249e-16,1.638743673634805117e-16,2.000000000000000666e-01,-1.999999999999999278e-01,3.671842332788670704e-17,5.999999999999997558e-01,-7.868671024132903407e-17,1.288375065290080173e-16,-1.638742978760388545e-16
1.060000,4.425100009186065386e-01,-2.918407889127715956e-07,4.981785202952249691e-01,1.000000000000000000e+00,0.000000000000000000e+00,0.000000000000000000e+00,0.000000000000000000e+00,-1.442098891123206883e+00,1.671176507770734008e-03,1.901547213665069624e-02,1.378341196371763111e+00,5.424778015935604464e-02,-6.440025628418645509e-02,1.267377377376259218e-01,4.951085336019459687e-02,6.752902562523328128e-03,1.717969424065416417e+00,-7.629937695259270125e-01,-9.405242424523498068e-02,-1.267966464350002646e-22,-1.743162175748724235e-23,3.066030347602399404e-18,2.000000000000000666e-01,1.999999999999999278e-01,-3.671829635807021584e-17,5.999999999999997558e-01,7.868662352408144761e-17,1.288374765947209249e-16,1.638743673634805117e-16,2.000000000000000666e-01,-1.999999999999999278e-01,3.671842332788670704e-17,5.999999999999997558e-01,-7.868671024132903407e-17,1.288375065290080173e-16,-1.638742978760388545e-16
1.070000,4.426767250046678703e-01,-3.881998372722283818e-07,4.980462041984383137e-01,1.000000000000000000e+00,0.000000000000000000e+00,0.000000000000000000e+00,0.000000000000000000e+00,-1.442098891123206883e+00,1.671176507770734008e-03,1.901547213665069624e-02,1.378341196371763111e+00,5.424778015935604464e-02,-6.440025628418645509e-02,1.267377377376259218e-01,4.951085336019459687e-02,6.752902562523328128e-03,1.717969424065416417e+00,-7.629937695259270125e-01,-9.405242424523498068e-02,-1.267966464350002646e-22,-1.743162175748724235e-23,3.066030347602399404e-18,2.000000000000000666e-01,1.999999999999999278e-01,-3.671829635807021584e-17,5.999999999999997558e-01,7.868662352408144761e-17,1.288374765947209249e-16,1.638743673634805117e-16,2.000000000000000666e-01,-1.999999999999999278e-01,3.671842332788670704e-17,5.999999999999997558e-01,-7.868671024132903407e-17,1.288375065290080173e-16,-1.638742978760388545e-16
1.080000,4.428345067874850383e-01,-4.952449751247032881e-07,4.979210373828781289e-01,1.000000000000000000e+00,0.000000000000000000e+00,0.000000000000000000e+00,0.000000000000000000e+00,-1.442098891123206883e+00,1.671176507770734008e-03,1.901547213665069624e-02,1.378341196371763111e+00,5.424778015935604464e-02,-6.440025628418645509e-02,1.267377377376259218e-01,4.951085336019459687e-02,6.752902562523328128e-03,1.717969424065416417e+00,-7.629937695259270125e-01,-9.405242424523498068e-02,-1.267966464350002646e-22,-1.743162175748724235e-23,3.066030347602399404e-18,2.000000000000000666e-01,1.999999999999999278e-01,-3.671829635807021584e-17,5.999999999999997558e-01,7.868662352408144761e-17,1.288374765947209249e-16,1.638743673634805117e-16,2.000000000000000666e-01,-1.999999999999999278e-01,3.671842332788670704e-17,5.999999999999997558e-01,-7.868671024132903407e-17,1.288375065290080173e-16,-1.638742978760388545e-16
1.090000,4.429833414118849455e-01,-6.118707449364358832e-07,4.978030200530335625e-01,1.000000000000000000e+00,0.000000000000000000e+00,0.000000000000000000e+00,0.000000000000000000e+00,-1.442098891123206883e+00,1.671176507770734008e-03,1.901547213665069624e-02,1.378341196371763111e+00,5.424778015935604464e-02,-6.440025628418645509e-02,1.267377377376259218e-01,4.951085336019459687e-02,6.752902562523328128e-03,1.717969424065416417e+00,-7.629937695259270125e-01,-9.405242424523498068e-02,-1.267966464350002646e-22,-1.743162175748724235e-23,3.066030347602399404e-18,2.000000000000000666e-01,1.999999999999999278e-01,-3.671829635807021584e-17,5.999999999999997558e-01,7.868662352408144761e-17,1.288374765947209249e-16,1.638743673634805117e-16,2.000000000000000666e-01,-1.999999999999999278e-01,3.671842332788670704e-17,5.999999999999997558e-01,-7.868671024132903407e-17,1.288375065290080173e-16,-1.638742978760388545e-16
1.100000,4.431232240226944952e-01,-7.369716891736655770e-07,4.976921524133935959e-01,1.000000000000000000e+00,0.000000000000000000e+00,0.000000000000000000e+00,0.000000000000000000e+00,-1.442098891123206883e+00,1.671176507770734008e-03,1.901547213665069624e-02,1.378341196371763111e+00,5.424778015935604464e-02,-6.440025628418645509e-02,1.267377377376259218e-01,4.951085336019459687e-02,6.752902562523328128e-03,1.717969424065416417e+00,-7.629937695259270125e-01,-9.405242424523498068e-02,-1.267966464350002646e-22,-1.743162175748724235e-23,3.066030347602399404e-18,2.000000000000000666e-01,1.999999999999999278e-01,-3.671829635807021584e-17,5.999999999999997558e-01,7.868662352408144761e-17,1.288374765947209249e-16,1.638743673634805117e-16,2.000000000000000666e-01,-1.999999999999999278e-01,3.671842332788670704e-17,5.999999999999997558e-01,-7.868671024132903407e-17,1.288375065290080173e-16,-1.638742978760388545e-16
1.110000,4.432541497647406459e-01,-8.694423503026321500e-07,4.975884346684473214e-01,1.000000000000000000e+00,0.000000000000000000e+00,0.000000000000000000e+00,0.000000000000000000e+00,-1.442098891123206883e+00,1.671176507770734008e-03,1.901547213665069624e-02,1.378341196371763111e+00,5.424778015935604464e-02,-6.440025628418645509e-02,1.267377377376259218e-01,4.951085336019459687e-02,6.752902562523328128e-03,1.717969424065416417e+00,-7.629937695259270125e-01,-9.405242424523498068e-02,-1.267966464350002646e-22,-1.743162175748724235e-23,3.066030347602399404e-18,2.000000000000000666e-01,1.999999999999999278e-01,-3.671829635807021584e-17,5.999999999999997558e-01,7.868662352408144761e-17,1.288374765947209249e-16,1.638743673634805117e-16,2.000000000000000666e-01,-1.999999999999999278e-01,3.671842332788670704e-17,5.999999999999997558e-01,-7.868671024132903407e-17,1.288375065290080173e-16,-1.638742978760388545e-16
1.120000,4.433761137828501897e-01,-1.008177270789574536e-06,4.974918670226838868e-01,1.000000000000000000e+00,0.000000000000000000e+00,0.000000000000000000e+00,0.000000000000000000e+00,-1.442098891123206883e+00,1.671176507770734008e-03,1.901547213665069624e-02,1.378341196371763111e+00,5.424778015935604464e-02,-6.440025628418645509e-02,1.267377377376259218e-01,4.951085336019459687e-02,6.752902562523328128e-03,1.717969424065416417e+00,-7.629937695259270125e-01,-9.405242424523498068e-02,-1.267966464350002646e-22,-1.743162175748724235e-23,3.066030347602399404e-18,2.000000000000000666e-01,1.999999999999999278e-01,-3.671829635807021584e-17,5.999999999999997558e-01,7.868662352408144761e-17,1.288374765947209249e-16,1.638743673634805117e-16,2.000000000000000666e-01,-1.999999999999999278e-01,3.671842332788670704e-17,5.999999999999997558e-01,-7.868671024132903407e-17,1.288375065290080173e-16,-1.638742978760388545e-16
1.130000,4.434891112218500853e-01,-1.152070993100729232e-06,4.974024496805923845e-01,1.000000000000000000e+00,0.000000000000000000e+00,0.000000000000000000e+00,0.000000000000000000e+00,-1.442364512956588296e+00,1.668341143309447043e-03,1.883587570585569179e-02,1.376218667104515569e+00,5.663900652916707690e-02,-6.477125519977956769e-02,1.351831335145866064e-01,4.957716223374164510e-02,6.811384143732807095e-03,1.716907361623073669e+00,-7.678969709524472442e-01,-9.453532565772061746e-02,8.014070231050247474e-23,-2.610435391895219282e-22,-5.645023176506131430e-19,2.000000000000002609e-01,1.999999999999998446e-01,-7.261996746259224361e-17,5.999999999999998668e-01,1.191448219369980763e-16,-1.974100308500898547e-16,2.140402893296961326e-16,2.000000000000002609e-01,-1.999999999999998446e-01,7.261986152704394154e-17,5.999999999999998668e-01,-1.191445642126898630e-16,-1.974106345848838604e-16,-2.140400629726902977e-16
1.140000,4.435931372265672357e-01,-1.300018059702342372e-06,4.973201828466617958e-01,1.000000000000000000e+00,0.000000000000000000e+00,0.000000000000000000e+00,0.000000000000000000e+00,-1.442364512956588296e+00,1.668341143309447043e-03,1.883587570585569179e-02,1.376218667104515569e+00,5.663900652916707690e-02,-6.477125519977956769e-02,1.351831335145866064e-01,4.957716223374164510e-02,6.811384143732807095e-03,1.716907361623073669e+00,-7.678969709524472442e-01,-9.453532565772061746e-02,8.014070231050247474e-23,-2.610435391895219282e-22,-5.645023176506131430e-19,2.000000000000002609e-01,1.999999999999998446e-01,-7.261996746259224361e-17,5.999999999999998668e-01,1.191448219369980763e-16,-1.974100308500898547e-16,2.140402893296961326e-16,2.000000000000002609e-01,-1.999999999999998446e-01,7.261986152704394154e-17,5.999999999999998668e-01,-1.191445642126898630e-16,-1.974106345848838604e-16,-2.140400629726902977e-16
1.150000,4.436881869418285440e-01,-1.450913013060650561e-06,4.972450667253813239e-01,1.000000000000000000e+00,0.000000000000000000e+00,0.000000000000000000e+00,0.000000000000000000e+00,-1.442364512956588296e+00,1.668341143309447043e-03,1.883587570585569179e-02,1.376218667104515569e+00,5.663900652916707690e-02,-6.477125519977956769e-02,1.351831335145866064e-01,4.957716223374164510e-02,6.811384143732807095e-03,1.716907361623073669e+00,-7.678969709524472442e-01,-9.453532565772061746e-02,8.014070231050247474e-23,-2.610435391895219282e-22,-5.645023176506131430e-19,2.000000000000002609e-01,1.999999999999998446e-01,-7.261996746259224361e-17,5.999999999999998668e-01,1.191448219369980763e-16,-1.974100308500898547e-16,2.140402893296961326e-16,2.000000000000002609e-01,-1.999999999999998446e-01,7.261986152704394154e-17,5.999999999999998668e-01,-1.191445642126898630e-16,-1.974106345848838604e-16,-2.140400629726902977e-16
1.160000,4.437742555124608579e-01,-1.603650395641892308e-06,4.971771015212400058e-01,1.000000000000000000e+00,0.000000000000000000e+00,0.000000000000000000e+00,0.000000000000000000e+00,-1.442364512956588296e+00,1.668341143309447043e-03,1.883587570585569179e-02,1.376218667104515569e+00,5.663900652916707690e-02,-6.477125519977956769e-02,1.351831335145866064e-01,4.957716223374164510e-02,6.811384143732807095e-03,1.716907361623073669e+00,-7.678969709524472442e-01,-9.453532565772061746e-02,8.014070231050247474e-23,-2.610435391895219282e-22,-5.645023176506131430e-19,2.000000000000002609e-01,1.999999999999998446e-01,-7.261996746259224361e-17,5.999999999999998668e-01,1.191448219369980763e-16,-1.974100308500898547e-16,2.140402893296961326e-16,2.000000000000002609e-01,-1.999999999999998446e-01,7.261986152704394154e-17,5.999999999999998668e-01,-1.191445642126898630e-16,-1.974106345848838604e-16,-2.140400629726902977e-16
1.170000,4.438513380832911914e-01,-1.757124749912308240e-06,4.971162874387269337e-01,1.000000000000000000e+00,0.000000000000000000e+00,0.000000000000000000e+00,0.000000000000000000e+00,-1.442364512956588296e+00,1.668341143309447043e-03,1.883587570585569179e-02,1.376218667104515569e+00,5.663900652916707690e-02,-6.477125519977956769e-02,1.351831335145866064e-01,4.957716223374164510e-02,6.811384143732807095e-03,1.716907361623073669e+00,-7.678969709524472442e-01,-9.453532565772061746e-02,8.014070231050247474e-23,-2.610435391895219282e-22,-5.645023176506131430e-19,2.000000000000002609e-01,1.999999999999998446e-01,-7.261996746259224361e-17,5.999999999999998668e-01,1.191448219369980763e-16,-1.974100308500898547e-16,2.140402893296961326e-16,2.000000000000002609e-01,-1.999999999999998446e-01,7.261986152704394154e-17,5.999999999999998668e-01,-1.191445642126898630e-16,-1.974106345848838604e-16,-2.140400629726902977e-16
1.180000,4.439194297991463367e-01,-1.910230618338137079e-06,4.970626246823312000e-01,1.000000000000000000e+00,0.000000000000000000e+00,0.000000000000000000e+00,0.000000000000000000e+00,-1.442364512956588296e+00,1.668341143309447043e-03,1.883587570585569179e-02,1.376218667104515569e+00,5.663900652916707690e-02,-6.477125519977956769e-02,1.351831335145866064e-01,4.957716223374164510e-02,6.811384143732807095e-03,1.716907361623073669e+00,-7.678969709524472442e-01,-9.453532565772061746e-02,8.014070231050247474e-23,-2.610435391895219282e-22,-5.645023176506131430e-19,2.000000000000002609e-01,1.999999999999998446e-01,-7.261996746259224361e-17,5.999999999999998668e-01,1.191448219369980763e-16,-1.974100308500898547e-16,2.140402893296961326e-16,2.000000000000002609e-01,-1.999999999999998446e-01,7.261986152704394154e-17,5.999999999999998668e-01,-1.191445642126898630e-16,-1.974106345848838604e-16,-2.140400629726902977e-16
1.190000,4.439785258048532524e-01,-2.061862543385618818e-06,4.970161134565418415e-01,1.000000000000000000e+00,0.000000000000000000e+00,0.000000000000000000e+00,0.000000000000000000e+00,-1.442364512956588296e+00,1.668341143309447043e-03,1.883587570585569179e-02,1.376218667104515569e+00,5.663900652916707690e-02,-6.477125519977956769e-02,1.351831335145866064e-01,4.957716223374164510e-02,6.811384143732807095e-03,1.716907361623073669e+00,-7.678969709524472442e-01,-9.453532565772061746e-02,8.014070231050247474e-23,-2.610435391895219282e-22,-5.645023176506131430e-19,2.000000000000002609e-01,1.999999999999998446e-01,-7.261996746259224361e-17,5.999999999999998668e-01,1.191448219369980763e-16,-1.974100308500898547e-16,2.140402893296961326e-16,2.000000000000002609e-01,-1.999999999999998446e-01,7.261986152704394154e-17,5.999999999999998668e-01,-1.191445642126898630e-16,-1.974106345848838604e-16,-2.140400629726902977e-16
1.200000,4.440286212452387860e-01,-2.210915067520992602e-06,4.969767539658480615e-01,1.000000000000000000e+00,0.000000000000000000e+00,0.000000000000000000e+00,0.000000000000000000e+00,-1.442364512956588296e+00,1.668341143309447043e-03,1.883587570585569179e-02,1.376218667104515569e+00,5.663900652916707690e-02,-6.477125519977956769e-02,1.351831335145866064e-01,4.957716223374164510e-02,6.811384143732807095e-03,1.716907361623073669e+00,-7.678969709524472442e-01,-9.453532565772061746e-02,8.014070231050247474e-23,-2.610435391895219282e-22,-5.645023176506131430e-19,2.000000000000002609e-01,1.999999999999998446e-01,-7.261996746259224361e-17,5.999999999999998668e-01,1.191448219369980763e-16,-1.974100308500898547e-16,2.140402893296961326e-16,2.000000000000002609e-01,-1.999999999999998446e-01,7.261986152704394154e-17,5.999999999999998668e-01,-1.191445642126898630e-16,-1.974106345848838604e-16,-2.140400629726902977e-16
1.210000,4.440697112651298961e-01,-2.356282733210497999e-06,4.969445464147388414e-01,1.000000000000000000e+00,0.000000000000000000e+00,0.000000000000000000e+00,0.000000000000000000e+00,-1.442364512956588296e+00,1.668341143309447043e-03,1.883587570585569179e-02,1.376218667104515569e+00,5.663900652916707690e-02,-6.477125519977956769e-02,1.351831335145866064e-01,4.957716223374164510e-02,6.811384143732807095e-03,1.716907361623073669e+00,-7.678969709524472442e-01,-9.453532565772061746e-02,8.014070231050247474e-23,-2.610435391895219282e-22,-5.645023176506131430e-19,2.000000000000002609e-01,1.999999999999998446e-01,-7.261996746259224361e-17,5.999999999999998668e-01,1.191448219369980763e-16,-1.974100308500898547e-16,2.140402893296961326e-16,2.000000000000002609e-01,-1.999999999999998446e-01,7.261986152704394154e-17,5.999999999999998668e-01,-1.191445642126898630e-16,-1.974106345848838604e-16,-2.140400629726902977e-16
1.220000,4.441017910093534304e-01,-2.496860082920375001e-06,4.969194910077032734e-01,1.000000000000000000e+00,0.000000000000000000e+00,0.000000000000000000e+00,0.000000000000000000e+00,-1.442364512956588296e+00,1.668341143309447043e-03,1.883587570585569179e-02,1.376218667104515569e+00,5.663900652916707690e-02,-6.477125519977956769e-02,1.351831335145866064e-01,4.957716223374164510e-02,6.811384143732807095e-03,1.716907361623073669e+00,-7.678969709524472442e-01,-9.453532565772061746e-02,8.014070231050247474e-23,-2.610435391895219282e-22,-5.645023176506131430e-19,2.000000000000002609e-01,1.999999999999998446e-01,-7.261996746259224361e-17,5.999999999999998668e-01,1.191448219369980763e-16,-1.974100308500898547e-16,2.140402893296961326e-16,2.000000000000002609e-01,-1.999999999999998446e-01,7.261986152704394154e-17,5.999999999999998668e-01,-1.191445642126898630e-16,-1.974106345848838604e-16,-2.140400629726902977e-16
1.230000,4.441248556227363475e-01,-2.631541659116861907e-06,4.969015879492304499e-01,1.000000000000000000e+00,0.000000000000000000e+00,0.000000000000000000e+00,0.000000000000000000e+00,-1.442364512956588296e+00,1.668341143309447043e-03,1.883587570585569179e-02,1.376218667104515569e+00,5.663900652916707690e-02,-6.477125519977956769e-02,1.351831335145866064e-01,4.957716223374164510e-02,6.811384143732807095e-03,1.716907361623073669e+00,-7.678969709524472442e-01,-9.453532565772061746e-02,8.014070231050247474e-23,-2.610435391895219282e-22,-5.645023176506131430e-19,2.000000000000002609e-01,1.999999999999998446e-01,-7.261996746259224361e-17,5.999999999999998668e-01,1.191448219369980763e-16,-1.974100308500898547e-16,2.140402893296961326e-16,2.000000000000002609e-01,-1.999999999999998446e-01,7.261986152704394154e-17,5.999999999999998668e-01,-1.191445642126898630e-16,-1.974106345848838604e-16,-2.140400629726902977e-16
1.240000,4.441389002501054950e-01,-2.759222004266199556e-06,4.968908374438095188e-01,1.000000000000000000e+00,0.000000000000000000e+00,0.000000000000000000e+00,0.000000000000000000e+00,-1.442364512956588296e+00,1.668341143309447043e-03,1.883587570585569179e-02,1.376218667104515569e+00,5.663900652916707690e-02,-6.477125519977956769e-02,1.351831335145866064e-01,4.957716223374164510e-02,6.811384143732807095e-03,1.716907361623073669e+00,-7.678969709524472442e-01,-9.453532565772061746e-02,8.014070231050247474e-23,-2.610435391895219282e-22,-5.645023176506131430e-19,2.000000000000002609e-01,1.999999999999998446e-01,-7.261996746259224361e-17,5.999999999999998668e-01,1.191448219369980763e-16,-1.974100308500898547e-16,2.140402893296961326e-16,2.000000000000002609e-01,-1.999999999999998446e-01,7.261986152704394154e-17,5.999999999999998668e-01,-1.191445642126898630e-16,-1.974106345848838604e-16,-2.140400629726902977e-16
1.250000,4.441439200362878315e-01,-2.878795660834626670e-06,4.968872396959295168e-01,1.000000000000000000e+00,0.000000000000000000e+00,0.000000000000000000e+00,0.000000000000000000e+00,-1.442364512956588296e+00,1.668341143309447043e-03,1.883587570585569179e-02,1.376218667104515569e+00,5.663900652916707690e-02,-6.477125519977956769e-02,1.351831335145866064e-01,4.957716223374164510e-02,6.811384143732807095e-03,1.716907361623073669e+00,-7.678969709524472442e-01,-9.453532565772061746e-02,8.014070231050247474e-23,-2.610435391895219282e-22,-5.645023176506131430e-19,2.000000000000002609e-01,1.999999999999998446e-01,-7.261996746259224361e-17,5.999999999999998668e-01,1.191448219369980763e-16,-1.974100308500898547e-16,2.140402893296961326e-16,2.000000000000002609e-01,-1.999999999999998446e-01,7.261986152704394154e-17,5.999999999999998668e-01,-1.191445642126898630e-16,-1.974106345848838604e-16,-2.140400629726902977e-16
1.260000,4.441399101261102045e-01,-2.989157171288383241e-06,4.968907949100795363e-01,1.000000000000000000e+00,0.000000000000000000e+00,0.000000000000000000e+00,0.000000000000000000e+00,-1.442364512956588296e+00,1.668341143309447043e-03,1.883587570585569179e-02,1.376218667104515569e+00,5.663900652916707690e-02,-6.477125519977956769e-02,1.351831335145866064e-01,4.957716223374164510e-02,6.811384143732807095e-03,1.716907361623073669e+00,-7.678969709524472442e-01,-9.453532565772061746e-02,8.014070231050247474e-23,-2.610435391895219282e-22,-5.645023176506131430e-19,2.000000000000002609e-01,1.999999999999998446e-01,-7.261996746259224361e-17,5.999999999999998668e-01,1.191448219369980763e-16,-1.974100308500898547e-16,2.140402893296961326e-16,2.000000000000002609e-01,-1.999999999999998446e-01,7.261986152704394154e-17,5.999999999999998668e-01,-1.191445642126898630e-16,-1.974106345848838604e-16,-2.140400629726902977e-16
1.270000,4.441268656643995172e-01,-3.089201078093707567e-06,4.969015032907486695e-01,1.000000000000000000e+00,0.000000000000000000e+00,0.000000000000000000e+00,0.000000000000000000e+00,-1.442364512956588296e+00,1.668341143309447043e-03,1.883587570585569179e-02,1.376218667104515569e+00,5.663900652916707690e-02,-6.477125519977956769e-02,1.351831335145866064e-01,4.957716223374164510e-02,6.811384143732807095e-03,1.716907361623073669e+00,-7.678969709524472442e-01,-9.453532565772061746e-02,8.014070231050247474e-23,-2.610435391895219282e-22,-5.645023176506131430e-19,2.000000000000002609e-01,1.999999999999998446e-01,-7.261996746259224361e-17,5.999999999999998668e-01,1.191448219369980763e-16,-1.974100308500898547e-16,2.140402893296961326e-16,2.000000000000002609e-01,-1.999999999999998446e-01,7.261986152704394154e-17,5.999999999999998668e-01,-1.191445642126898630e-16,-1.974106345848838604e-16,-2.140400629726902977e-16
1.280000,4.441047817959826727e-01,-3.177821923716840910e-06,4.969193650424260089e-01,1.000000000000000000e+00,0.000000000000000000e+00,0.000000000000000000e+00,0.000000000000000000e+00,-1.442364512956588296e+00,1.668341143309447043e-03,1.883587570585569179e-02,1.376218667104515569e+00,5.663900652916707690e-02,-6.477125519977956769e-02,1.351831335145866064e-01,4.957716223374164510e-02,6.811384143732807095e-03,1.716907361623073669e+00,-7.678969709524472442e-01,-9.453532565772061746e-02,8.014070231050247474e-23,-2.610435391895219282e-22,-5.645023176506131430e-19,2.000000000000002609e-01,1.999999999999998446e-01,-7.261996746259224361e-17,5.999999999999998668e-01,1.191448219369980763e-16,-1.974100308500898547e-16,2.140402893296961326e-16,2.000000000000002609e-01,-1.999999999999998446e-01,7.261986152704394154e-17,5.999999999999998668e-01,-1.191445642126898630e-16,-1.974106345848838604e-16,-2.140400629726902977e-16
1.290000,4.440736536656866296e-01,-3.253914250624022417e-06,4.969443803696005912e-01,1.000000000000000000e+00,0.000000000000000000e+00,0.000000000000000000e+00,0.000000000000000000e+00,-1.442364512956588296e+00,1.668341143309447043e-03,1.883587570585569179e-02,1.376218667104515569e+00,5.663900652916707690e-02,-6.477125519977956769e-02,1.351831335145866064e-01,4.957716223374164510e-02,6.811384143732807095e-03,1.716907361623073669e+00,-7.678969709524472442e-01,-9.453532565772061746e-02,8.014070231050247474e-23,-2.610435391895219282e-22,-5.645023176506131430e-19,2.000000000000002609e-01,1.999999999999998446e-01,-7.261996746259224361e-17,5.999999999999998668e-01,1.191448219369980763e-16,-1.974100308500898547e-16,2.140402893296961326e-16,2.000000000000002609e-01,-1.999999999999998446e-01,7.261986152704394154e-17,5.999999999999998668e-01,-1.191445642126898630e-16,-1.974106345848838604e-16,-2.140400629726902977e-16
1.300000,4.440334764183382354e-01,-3.316372601281489961e-06,4.969765494767615643e-01,1.000000000000000000e+00,0.000000000000000000e+00,0.000000000000000000e+00,0.000000000000000000e+00,-1.442364512956588296e+00,1.668341143309447043e-03,1.883587570585569179e-02,1.376218667104515569e+00,5.663900652916707690e-02,-6.477125519977956769e-02,1.351831335145866064e-01,4.957716223374164510e-02,6.811384143732807095e-03,1.716907361623073669e+00,-7.678969709524472442e-01,-9.453532565772061746e-02,8.014070231050247474e-23,-2.610435391895219282e-22,-5.645023176506131430e-19,2.000000000000002609e-01,1.999999999999998446e-01,-7.261996746259224361e-17,5.999999999999998668e-01,1.191448219369980763e-16,-1.974100308500898547e-16,2.140402893296961326e-16,2.000000000000002609e-01,-1.999999999999998446e-01,7.261986152704394154e-17,5.999999999999998668e-01,-1.191445642126898630e-16,-1.974106345848838604e-16,-2.140400629726902977e-16
1.310000,4.439842451987643934e-01,-3.364091518155484806e-06,4.970158725683980205e-01,1.000000000000000000e+00,0.000000000000000000e+00,0.000000000000000000e+00,0.000000000000000000e+00,-1.442364512956588296e+00,1.668341143309447043e-03,1.883587570585569179e-02,1.376218667104515569e+00,5.663900652916707690e-02,-6.477125519977956769e-02,1.351831335145866064e-01,4.957716223374164510e-02,6.811384143732807095e-03,1.716907361623073669e+00,-7.678969709524472442e-01,-9.453532565772061746e-02,8.014070231050247474e-23,-2.610435391895219282e-22,-5.645023176506131430e-19,2.000000000000002609e-01,1.999999999999998446e-01,-7.261996746259224361e-17,5.999999999999998668e-01,1.191448219369980763e-16,-1.974100308500898547e-16,2.140402893296961326e-16,2.000000000000002609e-01,-1.999999999999998446e-01,7.261986152704394154e-17,5.999999999999998668e-01,-1.191445642126898630e-16,-1.974106345848838604e-16,-2.140400629726902977e-16
1.320000,4.439259551517919511e-01,-3.395965543712246096e-06,4.970623498489989966e-01,1.000000000000000000e+00,0.000000000000000000e+00,0.000000000000000000e+00,0.000000000000000000e+00,-1.442364512956588296e+00,1.668341143309447043e-03,1.883587570585569179e-02,1.376218667104515569e+00,5.663900652916707690e-02,-6.477125519977956769e-02,1.351831335145866064e-01,4.957716223374164510e-02,6.811384143732807095e-03,1.716907361623073669e+00,-7.678969709524472442e-01,-9.453532565772061746e-02,8.014070231050247474e-23,-2.610435391895219282e-22,-5.645023176506131430e-19,2.000000000000002609e-01,1.999999999999998446e-01,-7.261996746259224361e-17,5.999999999999998668e-01,1.191448219369980763e-16,-1.974100308500898547e-16,2.140402893296961326e-16,2.000000000000002609e-01,-1.999999999999998446e-01,7.261986152704394154e-17,5.999999999999998668e-01,-1.191445642126898630e-16,-1.974106345848838604e-16,-2.140400629726902977e-16
1.330000,4.438586014222479226e-01,-3.410889220418012978e-06,4.971159815230535850e-01,1.000000000000000000e+00,0.000000000000000000e+00,0.000000000000000000e+00,0.000000000000000000e+00,-1.442364512956588296e+00,1.668341143309447043e-03,1.883587570585569179e-02,1.376218667104515569e+00,5.663900652916707690e-02,-6.477125519977956769e-02,1.351831335145866064e-01,4.957716223374164510e-02,6.811384143732807095e-03,1.716907361623073669e+00,-7.678969709524472442e-01,-9.453532565772061746e-02,8.014070231050247474e-23,-2.610435391895219282e-22,-5.645023176506131430e-19,2.000000000000002609e-01,1.999999999999998446e-01,-7.261996746259224361e-17,5.999999999999998668e-01,1.191448219369980763e-16,-1.974100308500898547e-16,2.140402893296961326e-16,2.000000000000002609e-01,-1.999999999999998446e-01,7.261986152704394154e-17,5.999999999999998668e-01,-1.191445642126898630e-16,-1.974106345848838604e-16,-2.140400629726902977e-16
1.340000,4.437821791549591555e-01,-3.407757090739023748e-06,4.971767677950508779e-01,1.000000000000000000e+00,0.000000000000000000e+00,0.000000000000000000e+00,0.000000000000000000e+00,-1.442364512956588296e+00,1.668341143309447043e-03,1.883587570585569179e-02,1.376218667104515569e+00,5.663900652916707690e-02,-6.477125519977956769e-02,1.351831335145866064e-01,4.957716223374164510e-02,6.811384143732807095e-03,1.716907361623073669e+00,-7.678969709524472442e-01,-9.453532565772061746e-02,8.014070231050247474e-23,-2.610435391895219282e-22,-5.645023176506131430e-19,2.000000000000002609e-01,1.999999999999998446e-01,-7.261996746259224361e-17,5.999999999999998668e-01,1.191448219369980763e-16,-1.974100308500898547e-16,2.140402893296961326e-16,2.000000000000002609e-01,-1.999999999999998446e-01,7.261986152704394154e-17,5.999999999999998668e-01,-1.191445642126898630e-16,-1.974106345848838604e-16,-2.140400629726902977e-16
1.350000,4.436966834947525529e-01,-3.385463697141521364e-06,4.972447088694800232e-01,1.000000000000000000e+00,0.000000000000000000e+00,0.000000000000000000e+00,0.000000000000000000e+00,-1.442364512956588296e+00,1.668341143309447043e-03,1.883587570585569179e-02,1.376218667104515569e+00,5.663900652916707690e-02,-6.477125519977956769e-02,1.351831335145866064e-01,4.957716223374164510e-02,6.811384143732807095e-03,1.716907361623073669e+00,-7.678969709524472442e-01,-9.453532565772061746e-02,8.014070231050247474e-23,-2.610435391895219282e-22,-5.645023176506131430e-19,2.000000000000002609e-01,1.999999999999998446e-01,-7.261996746259224361e-17,5.999999999999998668e-01,1.191448219369980763e-16,-1.974100308500898547e-16,2.140402893296961326e-16,2.000000000000002609e-01,-1.999999999999998446e-01,7.261986152704394154e-17,5.999999999999998668e-01,-1.191445642126898630e-16,-1.974106345848838604e-16,-2.140400629726902977e-16
1.360000,4.436021095864550179e-01,-3.342903582091742006e-06,4.973198049508300023e-01,1.000000000000000000e+00,0.000000000000000000e+00,0.000000000000000000e+00,0.000000000000000000e+00,-1.442364512956588296e+00,1.668341143309447043e-03,1.883587570585569179e-02,1.376218667104515569e+00,5.663900652916707690e-02,-6.477125519977956769e-02,1.351831335145866064e-01,4.957716223374164510e-02,6.811384143732807095e-03,1.716907361623073669e+00,-7.678969709524472442e-01,-9.453532565772061746e-02,8.014070231050247474e-23,-2.610435391895219282e-22,-5.645023176506131430e-19,2.000000000000002609e-01,1.999999999999998446e-01,-7.261996746259224361e-17,5.999999999999998668e-01,1.191448219369980763e-16,-1.974100308500898547e-16,2.140402893296961326e-16,2.000000000000002609e-01,-1.999999999999998446e-01,7.261986152704394154e-17,5.999999999999998668e-01,-1.191445642126898630e-16,-1.974106345848838604e-16,-2.140400629726902977e-16
1.370000,4.434984525748933981e-01,-3.278971288055925244e-06,4.974020562435899628e-01,1.000000000000000000e+00,0.000000000000000000e+00,0.000000000000000000e+00,0.000000000000000000e+00,-1.442364512956588296e+00,1.668341143309447043e-03,1.883587570585569179e-02,1.376218667104515569e+00,5.663900652916707690e-02,-6.477125519977956769e-02,1.351831335145866064e-01,4.957716223374164510e-02,6.811384143732807095e-03,1.716907361623073669e+00,-7.678969709524472442e-01,-9.453532565772061746e-02,8.014070231050247474e-23,-2.610435391895219282e-22,-5.645023176506131430e-19,2.000000000000002609e-01,1.999999999999998446e-01,-7.261996746259224361e-17,5.999999999999998668e-01,1.191448219369980763e-16,-1.974100308500898547e-16,2.140402893296961326e-16,2.000000000000002609e-01,-1.999999999999998446e-01,7.261986152704394154e-17,5.999999999999998668e-01,-1.191445642126898630e-16,-1.974106345848838604e-16,-2.140400629726902977e-16
1.380000,4.433857076048946522e-01,-3.192561357500314880e-06,4.974914629522489973e-01,1.000000000000000000e+00,0.000000000000000000e+00,0.000000000000000000e+00,0.000000000000000000e+00,-1.442364512956588296e+00,1.668341143309447043e-03,1.883587570585569179e-02,1.376218667104515569e+00,5.663900652916707690e-02,-6.477125519977956769e-02,1.351831335145866064e-01,4.957716223374164510e-02,6.811384143732807095e-03,1.716907361623073669e+00,-7.678969709524472442e-01,-9.453532565772061746e-02,8.014070231050247474e-23,-2.610435391895219282e-22,-5.645023176506131430e-19,2.000000000000002609e-01,1.999999999999998446e-01,-7.261996746259224361e-17,5.999999999999998668e-01,1.191448219369980763e-16,-1.974100308500898547e-16,2.140402893296961326e-16,2.000000000000002609e-01,-1.999999999999998446e-01,7.261986152704394154e-17,5.999999999999998668e-01,-1.191445642126898630e-16,-1.974106345848838604e-16,-2.140400629726902977e-16
1.390000,4.432638698212856831e-01,-3.082568332891146673e-06,4.975880252812961979e-01,1.000000000000000000e+00,0.000000000000000000e+00,0.000000000000000000e+00,0.000000000000000000e+00,-1.442364512956588296e+00,1.668341143309447043e-03,1.883587570585569179e-02,1.376218667104515569e+00,5.663900652916707690e-02,-6.477125519977956769e-02,1.351831335145866064e-01,4.957716223374164510e-02,6.811384143732807095e-03,1.716907361623073669e+00,-7.678969709524472442e-01,-9.453532565772061746e-02,8.014070231050247474e-23,-2.610435391895219282e-22,-5.645023176506131430e-19,2.000000000000002609e-01,1.999999999999998446e-01,-7.261996746259224361e-17,5.999999999999998668e-01,1.191448219369980763e-16,-1.974100308500898547e-16,2.140402893296961326e-16,2.000000000000002609e-01,-1.999999999999998446e-01,7.261986152704394154e-17,5.999999999999998668e-01,-1.191445642126898630e-16,-1.974106345848838604e-16,-2.140400629726902977e-16
1.400000,4.431329343688933942e-01,-2.947886756694658073e-06,4.976917434352206016e-01,1.000000000000000000e+00,0.000000000000000000e+00,0.000000000000000000e+00,0.000000000000000000e+00,-1.442364512956588296e+00,1.668341143309447043e-03,1.883587570585569179e-02,1.376218667104515569e+00,5.663900652916707690e-02,-6.477125519977956769e-02,1.351831335145866064e-01,4.957716223374164510e-02,6.811384143732807095e-03,1.716907361623073669e+00,-7.678969709524472442e-01,-9.453532565772061746e-02,8.014070231050247474e-23,-2.610435391895219282e-22,-5.645023176506131430e-19,2.000000000000002609e-01,1.999999999999998446e-01,-7.261996746259224361e-17,5.999999999999998668e-01,1.191448219369980763e-16,-1.974100308500898547e-16,2.140402893296961326e-16,2.000000000000002609e-01,-1.999999999999998446e-01,7.261986152704394154e-17,5.999999999999998668e-01,-1.191445642126898630e-16,-1.974106345848838604e-16,-2.140400629726902977e-16
1.410000,4.429928963925446328e-01,-2.787411171377095425e-06,4.978026176185113560e-01,1.000000000000000000e+00,0.000000000000000000e+00,0.000000000000000000e+00,0.000000000000000000e+00,-1.442364512956588296e+00,1.668341143309447043e-03,1.883587570585569179e-02,1.376218667104515569e+00,5.663900652916707690e-02,-6.477125519977956769e-02,1.351831335145866064e-01,4.957716223374164510e-02,6.811384143732807095e-03,1.716907361623073669e+00,-7.678969709524472442e-01,-9.453532565772061746e-02,8.014070231050247474e-23,-2.610435391895219282e-22,-5.645023176506131430e-19,2.000000000000002609e-01,1.999999999999998446e-01,-7.261996746259224361e-17,5.999999999999998668e-01,1.191448219369980763e-16,-1.974100308500898547e-16,2.140402893296961326e-16,2.000000000000002609e-01,-1.999999999999998446e-01,7.261986152704394154e-17,5.999999999999998668e-01,-1.191445642126898630e-16,-1.974106345848838604e-16,-2.140400629726902977e-16
1.420000,4.428437510370663577e-01,-2.600036119404690251e-06,4.979206480356574982e-01,1.000000000000000000e+00,0.000000000000000000e+00,0.000000000000000000e+00,0.000000000000000000e+00,-1.442364512956588296e+00,1.668341143309447043e-03,1.883587570585569179e-02,1.376218667104515569e+00,5.663900652916707690e-02,-6.477125519977956769e-02,1.351831335145866064e-01,4.957716223374164510e-02,6.811384143732807095e-03,1.716907361623073669e+00,-7.678969709524472442e-01,-9.453532565772061746e-02,8.014070231050247474e-23,-2.610435391895219282e-22,-5.645023176506131430e-19,2.000000000000002609e-01,1.999999999999998446e-01,-7.261996746259224361e-17,5.999999999999998668e-01,1.191448219369980763e-16,-1.974100308500898547e-16,2.140402893296961326e-16,2.000000000000002609e-01,-1.999999999999998446e-01,7.261986152704394154e-17,5.999999999999998668e-01,-1.191445642126898630e-16,-1.974106345848838604e-16,-2.140400629726902977e-16
1.430000,4.426854934472854719e-01,-2.384656143243686778e-06,4.980458348911481203e-01,1.000000000000000000e+00,0.000000000000000000e+00,0.000000000000000000e+00,0.000000000000000000e+00,-1.442364512956588296e+00,1.668341143309447043e-03,1.883587570585569179e-02,1.376218667104515569e+00,5.663900652916707690e-02,-6.477125519977956769e-02,1.351831335145866064e-01,4.957716223374164510e-02,6.811384143732807095e-03,1.716907361623073669e+00,-7.678969709524472442e-01,-9.453532565772061746e-02,8.014070231050247474e-23,-2.610435391895219282e-22,-5.645023176506131430e-19,2.000000000000002609e-01,1.999999999999998446e-01,-7.261996746259224361e-17,5.999999999999998668e-01,1.191448219369980763e-16,-1.974100308500898547e-16,2.140402893296961326e-16,2.000000000000002609e-01,-1.999999999999998446e-01,7.261986152704394154e-17,5.999999999999998668e-01,-1.191445642126898630e-16,-1.974106345848838604e-16,-2.140400629726902977e-16
1.440000,4.425181187680288231e-01,-2.140165785360324152e-06,4.981781783894723703e-01,1.000000000000000000e+00,0.000000000000000000e+00,0.000000000000000000e+00,0.000000000000000000e+00,-1.442364512956588296e+00,1.668341143309447043e-03,1.883587570585569179e-02,1.376218667104515569e+00,5.663900652916707690e-02,-6.477125519977956769e-02,1.351831335145866064e-01,4.957716223374164510e-02,6.811384143732807095e-03,1.716907361623073669e+00,-7.678969709524472442e-01,-9.453532565772061746e-02,8.014070231050247474e-23,-2.610435391895219282e-22,-5.645023176506131430e-19,2.000000000000002609e-01,1.999999999999998446e-01,-7.261996746259224361e-17,5.999999999999998668e-01,1.191448219369980763e-16,-1.974100308500898547e-16,2.140402893296961326e-16,2.000000000000002609e-01,-1.999999999999998446e-01,7.261986152704394154e-17,5.999999999999998668e-01,-1.191445642126898630e-16,-1.974106345848838604e-16,-2.140400629726902977e-16
1.450000,4.423416221441233143e-01,-1.865459588220839824e-06,4.983176787351192294e-01,1.000000000000000000e+00,0.000000000000000000e+00,0.000000000000000000e+00,0.000000000000000000e+00,-1.442364512956588296e+00,1.668341143309447043e-03,1.883587570585569179e-02,1.376218667104515569e+00,5.663900652916707690e-02,-6.477125519977956769e-02,1.351831335145866064e-01,4.957716223374164510e-02,6.811384143732807095e-03,1.716907361623073669e+00,-7.678969709524472442e-01,-9.453532565772061746e-02,8.014070231050247474e-23,-2.610435391895219282e-22,-5.645023176506131430e-19,2.000000000000002609e-01,1.999999999999998446e-01,-7.261996746259224361e-17,5.999999999999998668e-01,1.191448219369980763e-16,-1.974100308500898547e-16,2.140402893296961326e-16,2.000000000000002609e-01,-1.999999999999998446e-01,7.261986152704394154e-17,5.999999999999998668e-01,-1.191445642126898630e-16,-1.974106345848838604e-16,-2.140400629726902977e-16
1.460000,4.421559987203959041e-01,-1.559432094291473786e-06,4.984643361325779010e-01,1.000000000000000000e+00,0.000000000000000000e+00,0.000000000000000000e+00,0.000000000000000000e+00,-1.442364512956588296e+00,1.668341143309447043e-03,1.883587570585569179e-02,1.376218667104515569e+00,5.663900652916707690e-02,-6.477125519977956769e-02,1.351831335145866064e-01,4.957716223374164510e-02,6.811384143732807095e-03,1.716907361623073669e+00,-7.678969709524472442e-01,-9.453532565772061746e-02,8.014070231050247474e-23,-2.610435391895219282e-22,-5.645023176506131430e-19,2.000000000000002609e-01,1.999999999999998446e-01,-7.261996746259224361e-17,5.999999999999998668e-01,1.191448219369980763e-16,-1.974100308500898547e-16,2.140402893296961326e-16,2.000000000000002609e-01,-1.999999999999998446e-01,7.261986152704394154e-17,5.999999999999998668e-01,-1.191445642126898630e-16,-1.974106345848838604e-16,-2.140400629726902977e-16
1.470000,4.419612436416734402e-01,-1.220977846038470053e-06,4.986181507863373663e-01,1.000000000000000000e+00,0.000000000000000000e+00,0.000000000000000000e+00,0.000000000000000000e+00,-1.442364512956588296e+00,1.668341143309447043e-03,1.883587570585569179e-02,1.376218667104515569e+00,5.663900652916707690e-02,-6.477125519977956769e-02,1.351831335145866064e-01,4.957716223374164510e-02,6.811384143732807095e-03,1.716907361623073669e+00,-7.678969709524472442e-01,-9.453532565772061746e-02,8.014070231050247474e-23,-2.610435391895219282e-22,-5.645023176506131430e-19,2.000000000000002609e-01,1.999999999999998446e-01,-7.261996746259224361e-17,5.999999999999998668e-01,1.191448219369980763e-16,-1.974100308500898547e-16,2.140402893296961326e-16,2.000000000000002609e-01,-1.999999999999998446e-01,7.261986152704394154e-17,5.999999999999998668e-01,-1.191445642126898630e-16,-1.974106345848838604e-16,-2.140400629726902977e-16
1.480000,4.417573520527828257e-01,-8.489913859280640652e-07,4.987791229008867733e-01,1.000000000000000000e+00,0.000000000000000000e+00,0.000000000000000000e+00,0.000000000000000000e+00,-1.442364512956588296e+00,1.668341143309447043e-03,1.883587570585569179e-02,1.376218667104515569e+00,5.663900652916707690e-02,-6.477125519977956769e-02,1.351831335145866064e-01,4.957716223374164510e-02,6.811384143732807095e-03,1.716907361623073669e+00,-7.678969709524472442e-01,-9.453532565772061746e-02,8.014070231050247474e-23,-2.610435391895219282e-22,-5.645023176506131430e-19,2.000000000000002609e-01,1.999999999999998446e-01,-7.261996746259224361e-17,5.999999999999998668e-01,1.191448219369980763e-16,-1.974100308500898547e-16,2.140402893296961326e-16,2.000000000000002609e-01,-1.999999999999998446e-01,7.261986152704394154e-17,5.999999999999998668e-01,-1.191445642126898630e-16,-1.974106345848838604e-16,-2.140400629726902977e-16
1.490000,4.415443190985510191e-01,-4.423672564264921620e-07,4.989472526807151587e-01,1.000000000000000000e+00,0.000000000000000000e+00,0.000000000000000000e+00,0.000000000000000000e+00,-1.442364512956588296e+00,1.668341143309447043e-03,1.883587570585569179e-02,1.376218667104515569e+00,5.663900652916707690e-02,-6.477125519977956769e-02,1.351831335145866064e-01,4.957716223374164510e-02,6.811384143732807095e-03,1.716907361623073669e+00,-7.678969709524472442e-01,-9.453532565772061746e-02,8.014070231050247474e-23,-2.610435391895219282e-22,-5.645023176506131430e-19,2.000000000000002609e-01,1.999999999999998446e-01,-7.261996746259224361e-17,5.999999999999998668e-01,1.191448219369980763e-16,-1.974100308500898547e-16,2.140402893296961326e-16,2.000000000000002609e-01,-1.999999999999998446e-01,7.261986152704394154e-17,5.999999999999998668e-01,-1.191445642126898630e-16,-1.974106345848838604e-16,-2.140400629726902977e-16
1.500000,4.413221399238048681e-01,0.000000000000000000e+00,4.991225403303116703e-01,1.000000000000000000e+00,0.000000000000000000e+00,0.000000000000000000e+00,0.000000000000000000e+00,-1.442364512956588296e+00,1.668341143309447043e-03,1.883587570585569179e-02,1.376218667104515569e+00,5.663900652916707690e-02,-6.477125519977956769e-02,1.351831335145866064e-01,4.957716223374164510e-02,6.811384143732807095e-03,1.716907361623073669e+00,-7.678969709524472442e-01,-9.453532565772061746e-02,8.014070231050247474e-23,-2.610435391895219282e-22,-5.645023176506131430e-19,2.000000000000002609e-01,1.999999999999998446e-01,-7.261996746259224361e-17,5.999999999999998668e-01,1.191448219369980763e-16,-1.974100308500898547e-16,2.140402893296961326e-16,2.000000000000002609e-01,-1.999999999999998446e-01,7.261986152704394154e-17,5.999999999999998668e-01,-1.191445642126898630e-16,-1.974106345848838604e-16,-2.140400629726902977e-16
1.510000,4.358690979659069487e-01,1.109087119329677915e-05,5.034253521125329200e-01,1.000000000000000000e+00,0.000000000000000000e+00,0.000000000000000000e+00,0.000000000000000000e+00,-1.439287285738411359e+00,1.599606910375516670e-03,1.873566157579711899e-02,1.379886295520975414e+00,4.993126799525481052e-02,-6.474954653352874012e-02,1.171959063343951113e-01,4.943907145455227886e-02,6.606115784635472991e-03,1.722679481364951748e+00,-7.594371457334690989e-01,-9.382941104343582583e-02,-1.533080729448558344e-22,-8.394715631008313741e-22,5.839012768358736751e-18,2.000000000000000111e-01,1.999999999999998446e-01,-3.020927275258066192e-17,6.000000000000005329e-01,1.308713677085151607e-16,-4.651256651943129265e-16,2.431687750603115113e-16,2.000000000000000111e-01,-1.999999999999998446e-01,3.020934900499816174e-17,6.000000000000005329e-01,-1.308708621609480140e-16,-4.651273882013219018e-16,-2.431678780186093891e-16
1.520000,4.303946829815392117e-01,2.225212318290964263e-05,5.077476628436736750e-01,1.000000000000000000e+00,0.000000000000000000e+00,0.000000000000000000e+00,0.000000000000000000e+00,-1.437202456740036105e+00,1.556532488963171612e-03,1.868589134169142824e-02,1.383408630579562759e+00,4.434655855291674831e-02,-6.476460317036078496e-02,9.864244728027202203e-02,4.930099528611698451e-02,6.363816334774720536e-03,1.728308706197720257e+00,-7.495870179277377421e-01,-9.320752564148215846e-02,4.194298384277924324e-22,1.908063916804223526e-21,-2.062389146655042138e-17,2.000000000000003719e-01,1.999999999999998446e-01,-5.666637199581889596e-17,5.999999999999996447e-01,1.167629313278977591e-16,-1.820136145786971123e-17,3.016894574745014779e-16,2.000000000000003719e-01,-1.999999999999998446e-01,5.666612669036929819e-17,5.999999999999996447e-01,-1.167640245899594575e-16,-1.819748290370887638e-17,-3.016915255922902759e-16
1.530000,4.248996802602975631e-01,3.348043959623731209e-05,5.120886845907887119e-01,1.000000000000000000e+00,0.000000000000000000e+00,0.000000000000000000e+00,0.000000000000000000e+00,-1.435420031281648967e+00,1.521176866416156653e-03,1.865191975288691198e-02,1.386876633973837647e+00,3.912041730226370473e-02,-6.479019486619259915e-02,7.993179257386355541e-02,4.916330659229486283e-02,6.121443583899368809e-03,1.733563299678976710e+00,-7.389954311005716425e-01,-9.260486571660932198e-02,6.504885688142047273e-20,1.666010443939439447e-18,-6.764064784363336429e-18,2.000000000000000666e-01,1.999999999999998446e-01,-4.540027506837915517e-17,5.999999999999997558e-01,1.101349350248793302e-16,1.095162528285692317e-16,2.937083260166064782e-16,2.000000000000000666e-01,-1.999999999999999001e-01,1.757247215363065753e-17,5.999999999999998668e-01,-8.777873067277484650e-17,8.952708647480377954e-17,-2.471825042787401335e-16
1.540000,4.193848750917777424e-01,4.477250406067850245e-05,5.164476294209323637e-01,1.000000000000000000e+00,0.000000000000000000e+00,0.000000000000000000e+00,0.000000000000000000e+00,-1.433722429312057844e+00,1.488088612528639396e-03,1.862333649788736056e-02,1.390314102611427627e+00,3.401214593200002634e-02,-6.481832607470303098e-02,6.120222281570023015e-02,4.902633646237262999e-02,5.891116473802762710e-03,1.738375081830881630e+00,-7.278773960645076313e-01,-9.200113319990634031e-02,-3.557413872351112937e-19,3.128936171806520868e-18,-1.220963735637165232e-17,2.000000000000003442e-01,1.999999999999999001e-01,-3.105964055757845849e-17,5.999999999999996447e-01,7.594672303162666864e-17,1.280331640799629686e-16,2.246166622988567876e-16,2.000000000000003719e-01,-1.999999999999999001e-01,2.777204086632249354e-17,5.999999999999997558e-01,-8.385629736635240268e-17,-4.406558463758217652e-17,-2.314051181474868141e-16
1.550000,4.138510527655754889e-01,5.612500020363193366e-05,5.208237094011588519e-01,1.000000000000000000e+00,0.000000000000000000e+00,0.000000000000000000e+00,0.000000000000000000e+00,-1.432040931230700975e+00,1.455581993290512187e-03,1.859696639700745766e-02,1.393727514435786796e+00,2.894541055063692275e-02,-6.484661353139736795e-02,4.250625789696776957e-02,4.889057351359838571e-02,5.677043543538167272e-03,1.742721069345949614e+00,-7.163070266649841367e-01,-9.138999957288047871e-02,-7.802716829388752461e-20,1.270150297333458920e-18,-1.037838474564001308e-17,2.000000000000001776e-01,1.999999999999998723e-01,-4.930576370342557701e-17,5.999999999999994227e-01,7.925943043314464875e-17,4.423901533027678310e-16,2.599207472610258347e-16,2.000000000000002054e-01,-1.999999999999998723e-01,4.556097724143570579e-17,5.999999999999995337e-01,-8.556423130348372795e-17,2.661481765937531197e-16,-2.649768784075903274e-16
1.560000,4.082989985712867087e-01,6.753461165249631895e-05,5.252161365985228425e-01,1.000000000000000000e+00,0.000000000000000000e+00,0.000000000000000000e+00,0.000000000000000000e+00,-1.430353459227061919e+00,1.423124054855247735e-03,1.857180693068379712e-02,1.397118534899748576e+00,2.389570467820184563e-02,-6.487438175647175509e-02,2.386957512148693561e-02,4.875658142021181002e-02,5.480896709747196636e-03,1.746590418306713133e+00,-7.043128780482478257e-01,-9.076953514895022557e-02,-3.564079646224950826e-18,-3.311025175177477547e-17,2.398415038951424563e-18,1.999999999999998723e-01,1.999999999999999001e-01,2.772203345958281236e-17,6.000000000000004219e-01,9.581741063610859853e-17,-4.556138560917823273e-16,2.254908118113103224e-16,2.000000000000000944e-01,-1.999999999999998446e-01,3.389950145698769406e-17,5.999999999999999778e-01,-7.633408371700799219e-17,-5.020976700826037350e-17,-2.415899778828818753e-16
1.570000,4.027294977985070301e-01,7.899802203467038504e-05,5.296241230800787791e-01,1.000000000000000000e+00,0.000000000000000000e+00,0.000000000000000000e+00,0.000000000000000000e+00,-1.428652521767479922e+00,1.390536612816958796e-03,1.854750931775714373e-02,1.400487447497670734e+00,1.885489095241830310e-02,-6.490147297817507044e-02,5.309673124942008993e-03,4.862495027419654753e-02,5.303526425234318491e-03,1.749975554774251263e+00,-6.919090953655272491e-01,-9.013920182157690586e-02,5.392223971280846524e-18,4.543544355733339418e-17,-9.736391794905972355e-18,2.000000000000003442e-01,1.999999999999999001e-01,-1.473655572824348766e-18,5.999999999999997558e-01,5.741691595653614283e-17,-2.115216174980201448e-16,1.749840508883625157e-16,2.000000000000002609e-01,-1.999999999999998168e-01,3.749524528396194463e-17,6.000000000000004219e-01,-1.567965545296711521e-16,-7.694162634842180382e-16,-3.191040586126624791e-16
1.580000,3.971433357368323591e-01,9.051191497755285871e-05,5.340468809128807726e-01,1.000000000000000000e+00,0.000000000000000000e+00,0.000000000000000000e+00,0.000000000000000000e+00,-1.426935182039065664e+00,1.357750982349873771e-03,1.852392175447322570e-02,1.403834125383346842e+00,1.382000846920673418e-02,-6.492788598022158908e-02,-1.315826247615991748e-02,4.849627573220609278e-02,5.145509115297338017e-03,1.752869922833371508e+00,-6.791055991936886249e-01,-8.949890675271747476e-02,5.055119320718467773e-18,3.275232445440677845e-17,-6.337211889251493177e-18,2.000000000000003442e-01,1.999999999999998723e-01,-3.749984289478044477e-17,5.999999999999996447e-01,8.266684429344889966e-17,4.360571855122757639e-19,2.184206276436988953e-16,1.999999999999999833e-01,-1.999999999999998168e-01,1.878910356892672647e-17,6.000000000000006439e-01,-1.616678893416701165e-16,-8.236324022956319705e-16,-3.474251835906807509e-16
1.590000,3.915412976758584351e-01,1.020729741085424260e-04,5.384836221639835996e-01,1.000000000000000000e+00,0.000000000000000000e+00,0.000000000000000000e+00,0.000000000000000000e+00,-1.425199920244470508e+00,1.324732430520582198e-03,1.850095196704391529e-02,1.407158309049635792e+00,8.789738177722690796e-03,-6.495366664414504998e-02,-3.151954533836795469e-02,4.837114964242977128e-02,5.007321304642868565e-03,1.755267467836100881e+00,-6.659114077593027980e-01,-8.884870420667784208e-02,-8.249025348164535421e-18,-4.447966495786232534e-17,-1.083633961895569303e-17,2.000000000000000111e-01,1.999999999999997891e-01,-6.639441600387341180e-17,5.999999999999999778e-01,1.552120190082289266e-16,5.340071421644696083e-17,3.709551353635418695e-16,2.000000000000002331e-01,-1.999999999999998723e-01,4.364896631043742508e-17,5.999999999999997558e-01,-8.324749321716849122e-17,-8.401860428642579764e-17,-2.440139926756694293e-16
1.600000,3.859241689051809976e-01,1.136778830550378409e-04,5.429335589004415930e-01,1.000000000000000000e+00,0.000000000000000000e+00,0.000000000000000000e+00,0.000000000000000000e+00,-1.423445652260509453e+00,1.291456887951741937e-03,1.847852583915236824e-02,1.410459685747902148e+00,3.763286673608158203e-03,-6.497887478991690169e-02,-4.975945290758925638e-02,4.825015469946325464e-02,4.889394478587863815e-03,1.757162546478508114e+00,-6.523357075367453017e-01,-8.818870145381432768e-02,-3.014238986783100781e-18,-2.689799151817543846e-17,-3.985401692195007596e-18,1.999999999999999001e-01,1.999999999999997613e-01,-7.005266475296433743e-17,6.000000000000003109e-01,1.861203314137463672e-16,-2.444762145467058035e-16,3.932651921033850006e-16,2.000000000000001499e-01,-1.999999999999997613e-01,9.292695517847237866e-17,5.999999999999999778e-01,-1.369147872830468487e-16,-5.660647561179823068e-17,-3.515896740801085777e-16
1.610000,3.802927347143959524e-01,1.253233254444378029e-04,5.473959031893090854e-01,1.000000000000000000e+00,0.000000000000000000e+00,0.000000000000000000e+00,0.000000000000000000e+00,-1.421671422752541769e+00,1.257903770088550539e-03,1.845657495237306919e-02,1.413737912162786436e+00,-1.259966205164520306e-03,-6.500357413548116248e-02,-6.786309368032103495e-02,4.813386038379626614e-02,4.792131928375696452e-03,1.758549929948996393e+00,-6.383881823392465460e-01,-8.751902899045084505e-02,9.240346951329444029e-18,4.842358634775070177e-17,-1.392996373206100662e-17,2.000000000000004552e-01,1.999999999999999001e-01,-3.736690040994075945e-17,5.999999999999994227e-01,5.621597093898995125e-17,7.798430133844284622e-17,1.858063211620570493e-16,2.000000000000000944e-01,-1.999999999999998168e-01,5.636715406888304241e-17,6.000000000000003109e-01,-1.680623492151457285e-16,-4.529873570107315783e-16,-3.703100410931828226e-16
1.620000,3.746477803930989836e-01,1.370059849041410389e-04,5.518698670976405207e-01,1.000000000000000000e+00,0.000000000000000000e+00,0.000000000000000000e+00,0.000000000000000000e+00,-1.419876309267937620e+00,1.224053767949121732e-03,1.843503282803201845e-02,1.416992620875978215e+00,-6.280578561257022831e-03,-6.502782926082129045e-02,-8.581540205251801667e-02,4.802281927284931390e-02,4.715913550386924800e-03,1.759424821414623752e+00,-6.240790957817216045e-01,-8.683983104494842620e-02,3.355390845344015627e-18,1.422032677429840749e-18,-1.876918051152870730e-17,2.000000000000006217e-01,1.999999999999998446e-01,-9.210453128204691257e-17,5.999999999999989786e-01,9.077648756907405051e-17,3.900640350297544380e-16,2.806412448425999969e-16,2.000000000000000944e-01,-1.999999999999998723e-01,4.740148237561364054e-17,5.999999999999995337e-01,-7.965279216687090545e-17,2.811266149512518599e-16,-2.933619555641194044e-16
1.630000,3.689900912308860526e-01,1.487225450615459773e-04,5.563546626924903427e-01,1.000000000000000000e+00,0.000000000000000000e+00,0.000000000000000000e+00,0.000000000000000000e+00,-1.418059392338248736e+00,1.189888173051972114e-03,1.841383378805662094e-02,1.420223422209606845e+00,-1.129908144126598804e-02,-6.505170469396086286e-02,-1.036011745187611077e-01,4.791756345066400941e-02,4.661096894700567962e-03,1.759782871829818518e+00,-6.094192894552957762e-01,-8.615126248292798161e-02,1.615968218390233949e-18,1.829508649531468570e-17,-7.847592145650407822e-18,2.000000000000005940e-01,1.999999999999999001e-01,-7.267853531973661266e-17,5.999999999999990896e-01,7.628663811626747444e-17,3.388356054409800027e-16,2.289479873284668507e-16,2.000000000000001499e-01,-1.999999999999998723e-01,2.620602746753192294e-17,5.999999999999999778e-01,-8.781879390911265088e-17,-1.141624798090283735e-16,-2.644161911294162610e-16
1.640000,3.633204525173526211e-01,1.604696895440519278e-04,5.608495020409131060e-01,1.000000000000000000e+00,0.000000000000000000e+00,0.000000000000000000e+00,0.000000000000000000e+00,-1.416219746236900612e+00,1.155388676671652987e-03,1.839291260447597012e-02,1.423429904751226660e+00,-1.631598977672409079e-02,-6.507526463937927941e-02,-1.212051200916658272e-01,4.781860095481371697e-02,4.628017112494931667e-03,1.759620191883541684e+00,-5.944201502341053267e-01,-8.545348772734062681e-02,4.410708891371053235e-18,3.982100962180722831e-17,-8.511567858108279669e-18,2.000000000000005107e-01,1.999999999999999001e-01,-9.284139970191875311e-17,5.999999999999986455e-01,5.734813471186069098e-17,8.467644441498045342e-16,2.527621269256856452e-16,1.999999999999998723e-01,-1.999999999999999278e-01,-1.863603461660375925e-17,6.000000000000001998e-01,-7.716522802200937797e-17,-1.559372093878431340e-16,-2.472567964313227196e-16
1.650000,3.576396495420947064e-01,1.722441019790572783e-04,5.653535972099631435e-01,1.000000000000000000e+00,0.000000000000000000e+00,0.000000000000000000e+00,0.000000000000000000e+00,-1.414356436201190670e+00,1.120537316311894221e-03,1.837220438683300275e-02,1.426611635496487285e+00,-2.133180571843146939e-02,-6.509857290046827671e-02,-1.386119161751660778e-01,4.772641226617699295e-02,4.616986649289492838e-03,1.758933360283340130e+00,-5.790935644942005744e-01,-8.474668030843467148e-02,-1.568081005303445798e-18,-1.031197620373268847e-17,-8.722044545088874346e-18,2.000000000000004552e-01,1.999999999999998446e-01,-1.000574752134162145e-16,5.999999999999988676e-01,7.572022323941717212e-17,7.114984958145908850e-16,2.984919303765750222e-16,1.999999999999999556e-01,-1.999999999999999001e-01,2.398133780543957142e-17,5.999999999999999778e-01,-8.280239529648347069e-17,2.453236218280760382e-17,-2.595382350254817802e-16
1.660000,3.519484675947080476e-01,1.840424659939607691e-04,5.698661602666948989e-01,1.000000000000000000e+00,0.000000000000000000e+00,0.000000000000000000e+00,0.000000000000000000e+00,-1.412468517677349711e+00,1.085316468401903217e-03,1.835164454180568741e-02,1.429768159873329836e+00,-2.634701955910049437e-02,-6.512169286013706759e-02,-1.558062667766902387e-01,4.764144686762392111e-02,4.628294955160854734e-03,1.757719428679778151e+00,-5.634518653960499668e-01,-8.403102260657065170e-02,-8.027671286041780395e-18,-4.288870189371100886e-17,-5.931355269356161170e-18,2.000000000000002609e-01,1.999999999999998446e-01,-5.880244736786007132e-17,5.999999999999995337e-01,1.016641789459287261e-16,2.340325301534357304e-16,3.154213830084113411e-16,2.000000000000002609e-01,-1.999999999999997335e-01,1.097810970743539202e-16,5.999999999999997558e-01,-1.229646465606990620e-16,-7.293175769027018158e-17,-3.618806376273632290e-16
1.670000,3.462476919647883289e-01,1.958614652161611133e-04,5.743864032781625939e-01,1.000000000000000000e+00,0.000000000000000000e+00,0.000000000000000000e+00,0.000000000000000000e+00,-1.410555036198641865e+00,1.049708856026404600e-03,1.833116875518179048e-02,1.432899001721652965e+00,-3.136210988408032196e-02,-6.514468747838567109e-02,-1.727729616579288252e-01,4.756411990328048706e-02,4.662208298133702772e-03,1.755975923368630731e+00,-5.475077756170479981e-01,-8.330670565079287271e-02,-7.822425750561670715e-18,-5.735516420277608895e-17,-8.297151735363044224e-18,2.000000000000001776e-01,1.999999999999998723e-01,-2.873335104241908697e-17,5.999999999999999778e-01,1.143976657997039182e-16,-2.291394619535059682e-16,2.885900454588571797e-16,2.000000000000004829e-01,-1.999999999999997613e-01,1.323839578636267121e-16,5.999999999999993117e-01,-1.025264450822149092e-16,2.331752369584998857e-16,-3.167408435953339010e-16
1.680000,3.405381079419315116e-01,2.076977832730570784e-04,5.789135383114210054e-01,1.000000000000000000e+00,0.000000000000000000e+00,0.000000000000000000e+00,0.000000000000000000e+00,-1.408615027461542990e+00,1.013697562057403476e-03,1.831071298118630911e-02,1.436003663249056927e+00,-3.637754346757685747e-02,-6.516761929437370204e-02,-1.894969355339387873e-01,4.749480897080987640e-02,4.718969706458075140e-03,1.753700843806347276e+00,-5.312743467238253414e-01,-8.257392893106280107e-02,-1.002297220040204210e-17,-4.015770942225176516e-17,-7.098927597926155667e-18,1.999999999999997335e-01,1.999999999999998168e-01,-3.668517219491503202e-17,6.000000000000001998e-01,1.292211949061679676e-16,-8.040160444279967795e-17,3.353066631981849225e-16,2.000000000000005940e-01,-1.999999999999998446e-01,1.191541542905279262e-16,5.999999999999989786e-01,-8.803312757477200991e-17,3.781637530593241055e-16,-2.719381990839150749e-16
1.690000,3.348205008157332796e-01,2.195481037920473234e-04,5.834467774335244661e-01,1.000000000000000000e+00,0.000000000000000000e+00,0.000000000000000000e+00,0.000000000000000000e+00,-1.406647517464032271e+00,9.772660447152298549e-04,1.829021343464402871e-02,1.439081624968449047e+00,-4.139377507752759616e-02,-6.519055042921785559e-02,-2.059633265810448810e-01,4.743385107809268419e-02,4.798799044580898294e-03,1.750892657942701103e+00,-5.147648960102673144e-01,-8.183290021212145937e-02,4.838064962651458090e-18,2.068515560093529292e-17,-3.277072910361270193e-18,1.999999999999999833e-01,1.999999999999997891e-01,-5.734029425325465981e-17,6.000000000000000888e-01,1.326651186259181804e-16,-1.884272268943413838e-16,3.396125175932474026e-16,2.000000000000002609e-01,-1.999999999999998446e-01,5.462646966363411704e-17,5.999999999999996447e-01,-9.117234432866234231e-17,6.166786826050551062e-17,-2.918094923668405211e-16
1.700000,3.290956558757894834e-01,2.314091104005305615e-04,5.879853327115270867e-01,1.000000000000000000e+00,0.000000000000000000e+00,0.000000000000000000e+00,0.000000000000000000e+00,-1.404651522663682872e+00,9.403981546442582865e-04,1.826960658461327519e-02,1.442132345619230982e+00,-4.641124724050219724e-02,-6.521354258839186235e-02,-2.221575335650635141e-01,4.738153979368452812e-02,4.901893219386397119e-03,1.747550294381302605e+00,-4.979929415264474635e-01,-8.108383534636434686e-02,1.057308745318155242e-17,6.727754589384773225e-17,-1.010425932024565360e-17,2.000000000000004552e-01,1.999999999999998168e-01,-9.023290212954291585e-17,5.999999999999993117e-01,8.597611704951253949e-17,2.314539305608750021e-16,2.626361752041363590e-16,2.000000000000002331e-01,-1.999999999999998168e-01,5.172733990576307328e-17,6.000000000000000888e-01,-1.463690710210943522e-16,-3.829239679755791379e-16,-3.547445824887762202e-16
1.710000,3.233643584116958070e-01,2.432774867259055601e-04,5.925284162124837550e-01,1.000000000000000000e+00,0.000000000000000000e+00,0.000000000000000000e+00,0.000000000000000000e+00,-1.402626050142540715e+00,9.030781532236700554e-04,1.824882914908008968e-02,1.445155262072618241e+00,-5.143038998267555895e-02,-6.523665706339927539e-02,-2.380652709318919480e-01,4.733812261776277480e-02,5.028426509188722339e-03,1.743673131402431187e+00,-4.809721359994771905e-01,-8.032695808595004261e-02,3.734813837572230423e-18,8.555561367390953864e-18,-8.680959421143301483e-18,2.000000000000003442e-01,1.999999999999998723e-01,-5.170378228892237747e-17,5.999999999999993117e-01,8.376613586671635796e-17,2.788526708516463423e-16,2.622667267406257958e-16,1.999999999999999556e-01,-1.999999999999998723e-01,9.318263667012585732e-18,5.999999999999998668e-01,-7.148829326313943309e-17,-1.289133140901414920e-17,-2.655032442959379765e-16
1.720000,3.176273937130481007e-01,2.551499163955710052e-04,5.970752400034486929e-01,1.000000000000000000e+00,0.000000000000000000e+00,0.000000000000000000e+00,0.000000000000000000e+00,-1.400570097774996414e+00,8.652907320300252513e-04,1.822781809058311719e-02,1.448149789221413908e+00,-5.645162055182885441e-02,-6.525995473263759838e-02,-2.536726212357532928e-01,4.730379859706900642e-02,5.178551005368140815e-03,1.739260982912144149e+00,-4.637162003382052644e-01,-7.956249989507768738e-02,-3.850923921363382781e-18,-1.025434552772780248e-17,1.099346069164277230e-18,1.999999999999999833e-01,1.999999999999998723e-01,-5.535458692843771098e-18,6.000000000000000888e-01,9.930979564082005604e-17,-8.834054402363018288e-17,2.656847813218494878e-16,2.000000000000000389e-01,-1.999999999999997335e-01,7.210032558939129321e-17,6.000000000000003109e-01,-1.413051490186794012e-16,-4.616368452648548418e-16,-3.597269409806230207e-16
1.730000,3.118855470694421594e-01,2.670230830369256102e-04,6.016250161514762329e-01,1.000000000000000000e+00,0.000000000000000000e+00,0.000000000000000000e+00,0.000000000000000000e+00,-1.398482654397677161e+00,8.270210334270974026e-04,1.820651061273362639e-02,1.451115319854385577e+00,-6.147534312177349580e-02,-6.528349606143953043e-02,-2.689660843226635567e-01,4.727871620370185241e-02,5.352397154647356610e-03,1.734314081411697073e+00,-4.462388573999566677e-01,-7.879069976337946257e-02,-4.602811127313742939e-18,-3.145297837767885154e-17,-1.285833804670972253e-17,2.000000000000001499e-01,1.999999999999998446e-01,-4.314707199850830906e-17,5.999999999999999778e-01,1.371887588199826793e-16,-1.053697439711262005e-16,3.259766254852898641e-16,2.000000000000003719e-01,-1.999999999999998168e-01,6.957784655789997386e-17,5.999999999999996447e-01,-9.357817183962835745e-17,3.507015378586227529e-17,-2.938729588401322300e-16
1.740000,3.061396037704737783e-01,2.788936702773681694e-04,6.061769567236209300e-01,1.000000000000000000e+00,0.000000000000000000e+00,0.000000000000000000e+00,0.000000000000000000e+00,-1.396362699981355426e+00,7.882546722771613000e-04,1.818484415761505504e-02,1.454051224515481744e+00,-6.650194847953523614e-02,-6.530734110130503867e-02,-2.839326227388872526e-01,4.726297149361838312e-02,5.550074388569071343e-03,1.728833058109451759e+00,-4.285537666730406259e-01,-7.801180402115914791e-02,-5.038761124863060620e-18,-4.539509348613484414e-17,6.483846117229705582e-19,1.999999999999996780e-01,1.999999999999997891e-01,-8.365408920434398665e-18,6.000000000000008660e-01,1.671301990290146589e-16,-6.518699539092243640e-16,3.669766041573558099e-16,2.000000000000000666e-01,-1.999999999999998168e-01,5.502112451366167371e-17,5.999999999999998668e-01,-8.536285516814308821e-17,1.531875678417005733e-16,-2.973994990376868755e-16
1.750000,3.003903491057386965e-01,2.907583617442972878e-04,6.107302737869371168e-01,1.000000000000000000e+00,0.000000000000000000e+00,0.000000000000000000e+00,0.000000000000000000e+00,-1.394209205805092555e+00,7.489777587713137468e-04,1.816275640406212269e-02,1.456956851348017778e+00,-7.153181369524640176e-02,-6.533154948834013487e-02,-2.985597028951977316e-01,4.725660655645661651e-02,5.771671825726631955e-03,1.722818920322112479e+00,-4.106744604923437958e-01,-7.722606615690037757e-02,2.110623128290913377e-18,3.174042835334576896e-17,-1.853414180896949419e-17,2.000000000000000666e-01,1.999999999999998168e-01,-5.345183544923892516e-17,5.999999999999996447e-01,1.012927786505249187e-16,9.429000524586674241e-17,3.204614687141251369e-16,2.000000000000003997e-01,-1.999999999999999001e-01,4.189984566138842536e-17,5.999999999999996447e-01,-7.958036673827742481e-17,7.800250475488363870e-17,-2.472864360711886242e-16
1.760000,2.946385683648327092e-01,3.026138410651117326e-04,6.152841794084793481e-01,1.000000000000000000e+00,0.000000000000000000e+00,0.000000000000000000e+00,0.000000000000000000e+00,-1.392021134632941415e+00,7.091769223773358071e-04,1.814018526681808116e-02,1.459831525924016882e+00,-7.656530177460763031e-02,-6.535618044092318668e-02,-3.128353315861174266e-01,4.725960826391090164e-02,6.017259031694066271e-03,1.716273026332673979e+00,-3.926142823575393126e-01,-7.643374663714291861e-02,3.384227652636820703e-18,5.189204150888095129e-18,-8.462565928757968163e-18,2.000000000000002887e-01,1.999999999999997891e-01,-7.098333103057025431e-17,5.999999999999999778e-01,1.413269226099689189e-16,-3.357980326251318411e-16,3.352779768087504913e-16,2.000000000000002609e-01,-1.999999999999998723e-01,2.857655305790152992e-17,5.999999999999998668e-01,-8.032608910138470905e-17,-1.239117158479672825e-16,-2.559755802209601637e-16
1.770000,2.888850468373516667e-01,3.144567918672102713e-04,6.198378856553019567e-01,1.000000000000000000e+00,0.000000000000000000e+00,0.000000000000000000e+00,0.000000000000000000e+00,-1.389797440893573377e+00,6.688393369026480973e-04,1.811706889657535569e-02,1.462674551058882333e+00,-8.160276129374462173e-02,-6.538129275661827555e-02,-3.267480875368993232e-01,4.727190731947869540e-02,6.286886821408513466e-03,1.709197057888192317e+00,-3.743863278656437421e-01,-7.563511272849214595e-02,8.069967545098901276e-19,6.151016273758160103e-18,-5.557402713436274696e-18,2.000000000000001221e-01,1.999999999999997891e-01,-7.005092732457372079e-17,5.999999999999999778e-01,1.343656380425837803e-16,-9.350092325739873846e-17,3.277825138419480143e-16,2.000000000000001221e-01,-1.999999999999998723e-01,2.418728322180945777e-17,5.999999999999999778e-01,-8.227637507063428719e-17,-5.394363020669719346e-17,-2.624731524402505190e-16
1.780000,2.831305698128911974e-01,3.262838977779915087e-04,6.243906045944594974e-01,1.000000000000000000e+00,0.000000000000000000e+00,0.000000000000000000e+00,0.000000000000000000e+00,-1.387537070863158251e+00,6.279527466679476122e-04,1.809334568090293152e-02,1.465485206611548463e+00,-8.664452601627388451e-02,-6.540694480835640423e-02,-3.402871477277696344e-01,4.729337760805504137e-02,6.580588088963142471e-03,1.701592990531135108e+00,-3.560033887035551348e-01,-7.483043832121170913e-02,2.938961183075956625e-19,4.147220941551768198e-18,-2.473999163391785966e-18,1.999999999999998446e-01,1.999999999999997891e-01,-5.163871514734219775e-17,6.000000000000001998e-01,1.444102493540908159e-16,-1.320328267574633554e-16,3.635624848975699922e-16,1.999999999999998446e-01,-1.999999999999998723e-01,1.067592712065205637e-17,6.000000000000001998e-01,-8.895382072492794267e-17,-1.617894517852206399e-16,-2.660592054610213309e-16
1.790000,2.773759225810472628e-01,3.380918424248542664e-04,6.289415482930060808e-01,1.000000000000000000e+00,0.000000000000000000e+00,0.000000000000000000e+00,0.000000000000000000e+00,-1.385238962851866207e+00,5.865054937860818707e-04,1.806895424606720993e-02,1.468262749270295098e+00,-9.169091449239839819e-02,-6.543319453990535661e-02,-3.534423083227274942e-01,4.732383583967639945e-02,6.898378650351970343e-03,1.693463061963399019e+00,-3.374779000737577195e-01,-7.402000375355144435e-02,-2.833772960808661439e-21,-1.746954900998596227e-18,-9.283664770546967749e-18,1.999999999999999833e-01,1.999999999999997891e-01,-5.585914452055827548e-17,6.000000000000000888e-01,1.353524662283737925e-16,-1.931399649954892688e-16,3.389315677873532649e-16,2.000000000000000111e-01,-1.999999999999997613e-01,6.913199552503508935e-17,6.000000000000000888e-01,-1.267239923644500920e-16,-1.867691548381696769e-16,-3.466293943786371266e-16
1.800000,2.716218904314156024e-01,3.498773094351972034e-04,6.334899288179964838e-01,1.000000000000000000e+00,0.000000000000000000e+00,0.000000000000000000e+00,0.000000000000000000e+00,-1.382902047394319434e+00,5.444865465384064957e-04,1.804383345975443462e-02,1.471006412324378454e+00,-9.674222963985594503e-02,-6.546009946064818008e-02,-3.662040001068945227e-01,4.736304147778664514e-02,7.240258085633799814e-03,1.684809738642037535e+00,-3.188218918495910326e-01,-7.320409563570175193e-02,-1.215540494293323375e-20,-9.004262675595689438e-19,-1.314130204817243070e-17,2.000000000000002609e-01,1.999999999999997891e-01,-7.884352006057041416e-17,5.999999999999998668e-01,1.383227218573734704e-16,-1.541762687987487236e-16,3.198911747404613532e-16,2.000000000000002887e-01,-1.999999999999997613e-01,9.397553936622287730e-17,5.999999999999998668e-01,-1.434903347266742206e-16,-1.449254811065802510e-16,-3.560004938186292484e-16
1.810000,2.658692586535919000e-01,3.616369824364190871e-04,6.380349582364849281e-01,1.000000000000000000e+00,0.000000000000000000e+00,0.000000000000000000e+00,0.000000000000000000e+00,-1.380525247444338577e+00,5.018855288391797873e-04,1.801792243470390700e-02,1.473715405421641034e+00,-1.017987583065452922e-01,-6.548771663969125967e-02,-3.785632984100945619e-01,4.741069693878825070e-02,7.606210568220066887e-03,1.675635680800411809e+00,-3.000469436773901544e-01,-7.238300667203285965e-02,4.822742787662001232e-20,-2.331006457671194528e-19,-2.042291921788742891e-17,2.000000000000004829e-01,1.999999999999998168e-01,-8.317779700981812086e-17,5.999999999999992006e-01,1.049523058444140813e-16,2.791006452489350392e-16,3.072202370885948850e-16,2.000000000000005107e-01,-1.999999999999998168e-01,1.039223541476304454e-16,5.999999999999992006e-01,-1.119052864785890516e-16,2.863004752885345054e-16,-3.276698846314015655e-16
1.820000,2.601188125371720616e-01,3.733675450559186307e-04,6.425758486155260796e-01,1.000000000000000000e+00,0.000000000000000000e+00,0.000000000000000000e+00,0.000000000000000000e+00,-1.378107478574307487e+00,4.586927507766145619e-04,1.799116053326276637e-02,1.476388914312278589e+00,-1.068607708146770696e-01,-6.551610269932295338e-02,-3.905119275632392695e-01,4.746644804639856691e-02,7.996205670480030156e-03,1.665943706077897657e+00,-2.811641441632262706e-01,-7.155703548009091641e-02,-1.159016696198556575e-19,9.432710342361245806e-20,-1.968928796711370327e-17,2.000000000000005385e-01,1.999999999999999278e-01,-6.621571727661701367e-17,5.999999999999986455e-01,5.924670115285180779e-17,7.466516583506578145e-16,2.357714452882750374e-16,2.000000000000005662e-01,-1.999999999999999278e-01,7.367094494248336200e-17,5.999999999999986455e-01,-3.604771103263541181e-17,7.580679645221753945e-16,-2.255385275140272598e-16
1.830000,2.543713373717518822e-01,3.850656809210944932e-04,6.471118120221740488e-01,1.000000000000000000e+00,0.000000000000000000e+00,0.000000000000000000e+00,0.000000000000000000e+00,-1.375647649179469800e+00,4.148992402167431845e-04,1.796348737287472783e-02,1.479026100578899383e+00,-1.119285204862797423e-01,-6.554531380784341110e-02,-4.020422599967175548e-01,4.752988472149410892e-02,8.410199136554505697e-03,1.655736751925851902e+00,-2.621840542037956467e-01,-7.072648640467533998e-02,1.282085190911432556e-18,4.628604064717555998e-18,-1.121964286179603197e-17,2.000000000000005385e-01,1.999999999999998723e-01,-9.415884559031724605e-17,5.999999999999985345e-01,6.599805013698973283e-17,9.415701481040235051e-16,2.658853983424451775e-16,2.000000000000004552e-01,-1.999999999999998446e-01,1.195189144751117892e-16,5.999999999999986455e-01,-8.225454935741714066e-17,8.756947033119772688e-16,-3.369515709139206968e-16
1.840000,2.486276184469270178e-01,3.967280736593454421e-04,6.516420605234835017e-01,1.000000000000000000e+00,0.000000000000000000e+00,0.000000000000000000e+00,0.000000000000000000e+00,-1.373144660687469987e+00,3.704967754545125582e-04,1.793484283251626024e-02,1.481626101353065827e+00,-1.170022431499329191e-01,-6.557540567178715696e-02,-4.131473101450354179e-01,4.760054188570873868e-02,8.848133615116545586e-03,1.645017836937334721e+00,-2.431166744456123019e-01,-6.989166932522102027e-02,6.451014479889277398e-19,4.100418345840679778e-18,-5.696250530306020465e-18,2.000000000000003997e-01,1.999999999999999001e-01,-5.159786187958647989e-17,5.999999999999987566e-01,5.178035388320692740e-17,7.476276491620487846e-16,2.455850760805776864e-16,2.000000000000002887e-01,-1.999999999999999833e-01,1.512526288335553705e-17,5.999999999999988676e-01,6.754715596917870884e-18,6.948394322509262112e-16,-1.791891310994703681e-16
1.850000,2.428884410522933468e-01,4.083514068980702446e-04,6.561658061865086600e-01,1.000000000000000000e+00,0.000000000000000000e+00,0.000000000000000000e+00,0.000000000000000000e+00,-1.370597407773426424e+00,3.254779188936271104e-04,1.790516706009627132e-02,1.484188029018452148e+00,-1.220821566285832105e-01,-6.560643352755900215e-02,-4.238207233684931907e-01,4.767790055505902180e-02,9.309939346768381085e-03,1.633790021223525679e+00,-2.239714167853883442e-01,-6.905289945464453127e-02,8.926630066699963635e-18,5.880178486259879651e-17,-1.169316363931823811e-17,2.000000000000008715e-01,1.999999999999999001e-01,-1.149237407842982017e-16,5.999999999999979794e-01,2.763808242310139000e-17,1.182461149858952340e-15,2.092635989244642463e-16,2.000000000000002887e-01,-1.999999999999998723e-01,6.707190327541930790e-17,5.999999999999993117e-01,-9.747980640043287184e-17,3.050283114057827792e-16,-3.431211969093015691e-16
1.860000,2.371545904774466085e-01,4.199323642646675056e-04,6.606822610783041894e-01,1.000000000000000000e+00,0.000000000000000000e+00,0.000000000000000000e+00,0.000000000000000000e+00,-1.368004778580826475e+00,2.798360517348080561e-04,1.787440048083507177e-02,1.486710970900798179e+00,-1.271684602083284765e-01,-6.563845213250585342e-02,-4.340567601400734943e-01,4.776138909828474277e-02,9.795534802753214434e-03,1.622056365931128896e+00,-2.047570797583190272e-01,-6.821049712779872487e-02,1.626412657901928760e-18,3.003237113260052709e-17,1.590651063907396156e-17,2.000000000000001776e-01,1.999999999999997613e-01,-1.029265407235858552e-16,5.999999999999993117e-01,1.261928702026384098e-16,4.484131759141403430e-16,3.629276105976802667e-16,1.999999999999997058e-01,-1.999999999999998168e-01,3.311729316098450946e-18,6.000000000000008660e-01,-1.275139528198638474e-16,-8.107671333085505599e-16,-3.439276584310432495e-16
1.870000,2.314268520119826811e-01,4.314676293865359383e-04,6.651906372659243116e-01,1.000000000000000000e+00,0.000000000000000000e+00,0.000000000000000000e+00,0.000000000000000000e+00,-1.365365654948493823e+00,2.335654096489435416e-04,1.784248380664204756e-02,1.489193988944796487e+00,-1.322613340880577637e-01,-6.567151575544452613e-02,-4.438502757734356652e-01,4.785038463338740777e-02,1.030482727366342603e-02,1.609819891962522842e+00,-1.854818276005512634e-01,-6.736478757769377712e-02,-9.529180738474714318e-18,-8.114176292154025053e-17,-1.628457117972204227e-17,2.000000000000002331e-01,1.999999999999999001e-01,-4.176110898582624243e-17,5.999999999999993117e-01,1.188950234609811380e-16,2.900285353508994994e-16,3.187467207782026563e-16,2.000000000000002887e-01,-1.999999999999999001e-01,7.888593667652304281e-17,5.999999999999989786e-01,-2.258235654317602266e-17,5.621598553259195339e-16,-2.217328742383297309e-16
1.880000,2.257060109454973595e-01,4.429538858910742017e-04,6.696901468164234705e-01,1.000000000000000000e+00,0.000000000000000000e+00,0.000000000000000000e+00,0.000000000000000000e+00,-1.362678912643889406e+00,1.866611194094420991e-04,1.780935804651038665e-02,1.491636119378079606e+00,-1.373609388098596673e-01,-6.570567816667000072e-02,-4.531966959859264343e-01,4.794421453498166896e-02,1.083771340878545916e-02,1.597083537924237184e+00,-1.661531727177763262e-01,-6.651610069769388345e-02,-1.075849147654477916e-17,-7.142490416276514749e-17,-6.045716841562445118e-18,1.999999999999998723e-01,1.999999999999997891e-01,-3.793350213781081525e-17,6.000000000000000888e-01,1.339351511206830164e-16,-1.195076118238878081e-16,3.475947517812340958e-16,2.000000000000004552e-01,-1.999999999999998168e-01,1.407768728796161506e-16,5.999999999999987566e-01,-5.959878781140924544e-17,7.264594244897518294e-16,-3.066523572324926648e-16
1.890000,2.199928525675862723e-01,4.543878174056812801e-04,6.741800017968563319e-01,1.000000000000000000e+00,0.000000000000000000e+00,0.000000000000000000e+00,0.000000000000000000e+00,-1.359943421602969105e+00,1.391192364550259363e-04,1.777496451795135268e-02,1.494036372362455678e+00,-1.424674146701208899e-01,-6.574099262746353756e-02,-4.620919885988001852e-01,4.804215802449401940e-02,1.139407970861123359e-02,1.583850117289649084e+00,-1.467779612437898895e-01,-6.566477078797947065e-02,-6.348925167982146103e-19,-9.572017803765221549e-19,-2.572153465066291643e-17,2.000000000000003997e-01,1.999999999999998446e-01,-7.516271818905103243e-17,5.999999999999988676e-01,7.794380440769190781e-17,6.009316726550127251e-16,2.907880009103932137e-16,2.000000000000008438e-01,-1.999999999999999278e-01,1.295543390436283641e-16,5.999999999999979794e-01,-3.047796227219917088e-17,1.142467723192025685e-15,-2.627996417187661628e-16
1.900000,2.142881621678452697e-01,4.657661075577557781e-04,6.786594142742771174e-01,1.000000000000000000e+00,0.000000000000000000e+00,0.000000000000000000e+00,0.000000000000000000e+00,-1.357158046176811572e+00,9.093678335128413306e-05,1.773924485949058064e-02,1.496393731632545299e+00,-1.475808811112582497e-01,-6.577751187912452002e-02,-4.705326316756239802e-01,4.814344781488599095e-02,1.197380297484627182e-02,1.570122274718488420e+00,-1.273623613306524571e-01,-6.481113628466098064e-02,1.482094077508867106e-18,1.882218130581461400e-18,-2.544043784655999862e-17,2.000000000000007327e-01,1.999999999999999001e-01,-1.002600379573806598e-16,5.999999999999980904e-01,4.272021618781005685e-17,1.132999243761902342e-15,2.401547248261875204e-16,2.000000000000010381e-01,-1.999999999999999833e-01,1.454633334217817664e-16,5.999999999999973133e-01,7.034690241619892624e-18,1.748453987431195862e-15,-2.194684036336364207e-16
1.910000,2.085927250358701468e-01,4.770854399746964091e-04,6.831275963157402709e-01,1.000000000000000000e+00,0.000000000000000000e+00,0.000000000000000000e+00,0.000000000000000000e+00,-1.354321645385196060e+00,4.211178911639531922e-05,1.770214104424905344e-02,1.498707154121953433e+00,-1.527014360940415205e-01,-6.581528813154960411e-02,-4.785155783894755599e-01,4.824727178138189104e-02,1.257675072393088511e-02,1.555902441428775207e+00,-1.079118537753899765e-01,-6.395553947004824213e-02,7.688888391086072617e-18,5.315714234479013211e-17,-1.385901901105691937e-17,2.000000000000009270e-01,1.999999999999999278e-01,-1.123047077165458300e-16,5.999999999999975353e-01,6.533953838349686470e-18,1.503843052310918166e-15,2.103103087408810423e-16,2.000000000000008715e-01,-1.999999999999999001e-01,1.567782653450141321e-16,5.999999999999978684e-01,-7.002193636272293386e-17,1.334941449991290472e-15,-3.484412775287714973e-16
1.920000,2.029073264612567262e-01,4.883424982839018862e-04,6.875837599883003470e-01,1.000000000000000000e+00,0.000000000000000000e+00,0.000000000000000000e+00,0.000000000000000000e+00,-1.351433073177300548e+00,-7.356670626832646277e-06,1.766359539463638675e-02,1.500975569577139179e+00,-1.578291554504940852e-01,-6.585437305137983865e-02,-4.860382188904226464e-01,4.835277462956636546e-02,1.320278157166265495e-02,1.541192789465805735e+00,-8.843122455624378986e-02,-6.309832616270565075e-02,9.217265111674975029e-18,4.380513734915930307e-17,3.370749280464425664e-18,2.000000000000008715e-01,1.999999999999998446e-01,-1.478685841583619663e-16,5.999999999999979794e-01,6.892887744222274048e-17,1.210694559079717949e-15,2.794894705890764363e-16,2.000000000000002054e-01,-1.999999999999999001e-01,8.864942517533948560e-17,5.999999999999988676e-01,-6.836022599124680603e-17,8.327364354453049300e-16,-3.341221047531306730e-16
1.930000,1.972327517336007752e-01,4.995339661127707600e-04,6.920271173590115676e-01,1.000000000000000000e+00,0.000000000000000000e+00,0.000000000000000000e+00,0.000000000000000000e+00,-1.348491178699650295e+00,-5.746843271383563504e-05,1.762355059818168992e-02,1.503197880159095501e+00,-1.629640922173682949e-01,-6.589481774974097206e-02,-4.930983394173295564e-01,4.845905953210845329e-02,1.385174559796447172e-02,1.525995184657239045e+00,-6.892455882331482986e-02,-6.223984538604777211e-02,-2.974142224513078210e-19,1.453903263363580428e-17,7.047156505309651153e-18,2.000000000000005107e-01,1.999999999999999001e-01,-6.790122359010248516e-17,5.999999999999987566e-01,6.495989234927840538e-17,7.741272018208842697e-16,2.538683192190998138e-16,2.000000000000001221e-01,-1.999999999999998723e-01,4.187492772792431501e-17,5.999999999999995337e-01,-5.758787973146092774e-17,1.093400574251101874e-16,-3.027041517745391160e-16
1.940000,1.915697861424980331e-01,5.106565270887020690e-04,6.964568804949284875e-01,1.000000000000000000e+00,0.000000000000000000e+00,0.000000000000000000e+00,0.000000000000000000e+00,-1.345494806571426949e+00,-1.082222047604275753e-04,1.758194972453082372e-02,1.505372960032990814e+00,-1.681062759502272019e-01,-6.593667276959941370e-02,-4.996940788626113572e-01,4.856518970518328149e-02,1.452348470219605100e-02,1.510311137982386587e+00,-4.939523586294906898e-02,-6.138044901435492362e-02,-4.681263796591572844e-18,-2.648930999101354408e-17,-1.059082406820993182e-17,2.000000000000005662e-01,1.999999999999998168e-01,-1.168209276485411513e-16,5.999999999999986455e-01,1.140694926404594604e-16,8.112226596292169450e-16,3.582866837968245210e-16,2.000000000000004552e-01,-1.999999999999998723e-01,9.943776883302607154e-17,5.999999999999987566e-01,-3.649823591612496187e-17,6.314016672740026513e-16,-2.741224221580927573e-16
1.950000,1.859192149775443503e-01,5.217068648390942552e-04,7.008722614631055503e-01,1.000000000000000000e+00,0.000000000000000000e+00,0.000000000000000000e+00,0.000000000000000000e+00,-1.342442797167206159e+00,-1.596155227924404916e-04,1.753873624363924688e-02,1.507499654945884782e+00,-1.732557120181815458e-01,-6.597998807275753941e-02,-5.058238829555320448e-01,4.867018989531213258e-02,1.521783296066848631e-02,1.494141755016554107e+00,-2.984592453104444737e-02,-6.052049139519910526e-02,-4.717974631396597397e-18,-2.121323179125065687e-17,-8.202095761147246134e-18,2.000000000000003997e-01,1.999999999999998723e-01,-7.668246761801923185e-17,5.999999999999987566e-01,7.255061233838306247e-17,7.882074741234958631e-16,2.851169248691889625e-16,2.000000000000005662e-01,-1.999999999999999278e-01,8.864637385665115492e-17,5.999999999999986455e-01,-2.803455670278035103e-17,7.209411221224006159e-16,-2.413153740305356907e-16
1.960000,1.802818235283354664e-01,5.326816629913461946e-04,7.052724723305969778e-01,1.000000000000000000e+00,0.000000000000000000e+00,0.000000000000000000e+00,0.000000000000000000e+00,-1.339333986907178753e+00,-2.116447082344150249e-04,1.749385404519154114e-02,1.509576781792638878e+00,-1.784123808793596777e-01,-6.602481302651266870e-02,-5.114864561790340991e-01,4.877304774673266868e-02,1.593461699922938540e-02,1.477487683036115440e+00,-1.027857862600793995e-02,-5.966032894736083420e-02,-1.872856053169736321e-18,-1.036543706686401286e-17,-1.081378720769349506e-17,2.000000000000005385e-01,1.999999999999998723e-01,-8.554256267714336337e-17,5.999999999999986455e-01,7.525010345463189802e-17,7.096554945580511311e-16,2.809512197197727306e-16,2.000000000000007327e-01,-1.999999999999998723e-01,1.218746449842367824e-16,5.999999999999985345e-01,-5.903300561399279794e-17,6.879460626981757488e-16,-3.003354907305776317e-16
1.970000,1.746583970844672040e-01,5.435776051728565461e-04,7.096567251644575469e-01,1.000000000000000000e+00,0.000000000000000000e+00,0.000000000000000000e+00,0.000000000000000000e+00,-1.336167208554834396e+00,-2.643048243130554048e-04,1.744724745927873216e-02,1.511603128170122323e+00,-1.835762373372175071e-01,-6.607119639000362532e-02,-5.166807114768937614e-01,4.887271501844277916e-02,1.667365639496309893e-02,1.460349055285246056e+00,9.305568354307010986e-03,-5.880031973338698675e-02,-1.125890775334240434e-18,-2.517460145124389720e-19,-1.955780695714118133e-17,2.000000000000007327e-01,1.999999999999999278e-01,-1.048916987542755194e-16,5.999999999999979794e-01,3.600645927486766181e-17,1.305844323706244790e-15,2.272412006816498286e-16,2.000000000000009548e-01,-1.999999999999999278e-01,1.320665986939827065e-16,5.999999999999978684e-01,-3.084196241916411367e-17,1.129721999964615032e-15,-2.767857385269909304e-16
1.980000,1.690497209355353581e-01,5.543913750110240771e-04,7.140242320317414793e-01,1.000000000000000000e+00,0.000000000000000000e+00,0.000000000000000000e+00,0.000000000000000000e+00,-1.332941291522102834e+00,-3.175896319344704210e-04,1.739886127836725443e-02,1.513577451919821737e+00,-1.887472097778205293e-01,-6.611918630026866750e-02,-5.214057177418752742e-01,4.896810861862099101e-02,1.743476412225031941e-02,1.442725431808507208e+00,2.890600965771378261e-02,-5.794082300596464785e-02,9.141012825488949305e-18,5.089776762952273320e-17,-4.493135724057161540e-18,2.000000000000010103e-01,1.999999999999999001e-01,-1.244134172934204131e-16,5.999999999999978684e-01,4.175626432719093739e-17,1.111258494087630408e-15,2.234533089124813928e-16,2.000000000000007050e-01,-1.999999999999998723e-01,1.270654954995152888e-16,5.999999999999989786e-01,-1.159927201520556914e-16,4.283015823538143998e-16,-3.547923302833209887e-16
1.990000,1.634565803711356125e-01,5.651196561332473382e-04,7.183742049995031076e-01,1.000000000000000000e+00,0.000000000000000000e+00,0.000000000000000000e+00,0.000000000000000000e+00,-1.329655062181843039e+00,-3.714915450989000976e-04,1.734864078059267581e-02,1.515498480658925118e+00,-1.939251993882680214e-01,-6.616883025804021212e-02,-5.256606450007345055e-01,4.905811142209033637e-02,1.821774705969835678e-02,1.424615736141780609e+00,4.852297354748237590e-02,-5.708219872727859912e-02,2.593524018809915991e-18,6.090728605577806519e-18,3.273800682194337076e-18,2.000000000000006772e-01,1.999999999999998723e-01,-1.066176608124344452e-16,5.999999999999985345e-01,9.017644155236639662e-17,7.964126938815492278e-16,2.903829837608294355e-16,2.000000000000002609e-01,-1.999999999999998446e-01,8.822917392640784333e-17,5.999999999999994227e-01,-8.343378121886736173e-17,2.892185539240314011e-16,-3.393735589326133426e-16
2.000000,1.578797606808639009e-01,5.757591321669253137e-04,7.227058561347970977e-01,1.000000000000000000e+00,0.000000000000000000e+00,0.000000000000000000e+00,0.000000000000000000e+00,-1.326307344187574344e+00,-4.260015859201381617e-04,1.729653175441333429e-02,1.517364911299950991e+00,-1.991100793564483662e-01,-6.622017511330080541e-02,-5.294447071273719052e-01,4.914157283370872153e-02,1.902240657585526143e-02,1.406018187023718724e+00,6.815743406478806665e-02,-5.622480706045020205e-02,4.421263903246225740e-18,3.161435892520133705e-17,-9.417950404751126023e-18,2.000000000000008715e-01,1.999999999999999556e-01,-7.878342247872377581e-17,5.999999999999979794e-01,1.453722373183709888e-17,1.119784082580130400e-15,1.968737340310593574e-16,2.000000000000002887e-01,-1.999999999999999001e-01,4.879900318583097485e-17,5.999999999999994227e-01,-5.476664288381241669e-17,1.210617075875542195e-16,-2.872085852554980895e-16
2.010000,1.546232176415056059e-01,5.651196561332475551e-04,7.235856516715151177e-01,1.000000000000000000e+00,0.000000000000000000e+00,0.000000000000000000e+00,0.000000000000000000e+00,-1.314467825314577620e+00,-6.172308517829724677e-04,1.691976691578137709e-02,1.516505676313775419e+00,-2.100041627749993922e-01,-6.542806734445706651e-02,-5.297359400350626357e-01,4.877842320238471446e-02,1.955974258120473860e-02,1.393762270924806090e+00,6.673236669542910449e-02,-5.503927971174469441e-02,1.975645732412400924e-18,1.439193991099120337e-17,-8.607861906454845003e-18,2.000000000000008993e-01,1.999999999999999278e-01,-1.022905810938829729e-16,5.999999999999978684e-01,2.892896273375931070e-17,1.159736299475274242e-15,2.304037909147056320e-16,2.000000000000002887e-01,-1.999999999999999001e-01,5.528045266638230849e-17,5.999999999999994227e-01,-6.052936093459033452e-17,9.965997069050368811e-17,-2.854524860290613399e-16
2.020000,1.513697205063062323e-01,5.543913750110240771e-04,7.244549572513695468e-01,1.000000000000000000e+00,0.000000000000000000e+00,0.000000000000000000e+00,0.000000000000000000e+00,-1.299771917042068514e+00,-8.405687134023920445e-04,1.645340960475563663e-02,1.514348473816718776e+00,-2.224749736498760067e-01,-6.436830987233553569e-02,-5.291232493161716066e-01,4.824612730864464433e-02,1.996999007535474324e-02,1.383902898386671909e+00,5.852902248582061290e-02,-5.378658282867131157e-02,4.801814826499385942e-18,2.691185427719296800e-17,-1.353404596649232691e-17,2.000000000000010936e-01,1.999999999999999556e-01,-1.147673964607396693e-16,5.999999999999972022e-01,1.135523369382455815e-17,1.579449932416643109e-15,2.346747167692064693e-16,2.000000000000002887e-01,-1.999999999999998723e-01,8.695819136015633194e-17,5.999999999999993117e-01,-7.337038182155890377e-17,3.140547261962278705e-16,-3.114765092933363028e-16
2.030000,1.481193313241788989e-01,5.435776051728568713e-04,7.253140609003526640e-01,1.000000000000000000e+00,0.000000000000000000e+00,0.000000000000000000e+00,0.000000000000000000e+00,-1.284003554121932789e+00,-1.064114486936220847e-03,1.596502150790696239e-02,1.511382285731482700e+00,-2.352257109194402784e-01,-6.321942836787454445e-02,-5.282102633851830653e-01,4.763747804694595106e-02,2.031501434658338281e-02,1.374821806996652906e+00,4.816753841945264208e-02,-5.253190024437108530e-02,-2.579925433750822072e-18,-7.110594307136053527e-18,7.330386172393751634e-18,2.000000000000006495e-01,1.999999999999999278e-01,-8.233187746778704332e-17,5.999999999999984235e-01,7.678972872495813903e-17,8.984861210516569395e-16,2.635318690978749126e-16,2.000000000000000666e-01,-1.999999999999998446e-01,5.198364048060314675e-17,6.000000000000000888e-01,-8.465344412329762199e-17,-3.613331706105623835e-16,-2.791476983571603152e-16
2.040000,1.448721121440361970e-01,5.326816629913461946e-04,7.261632506444564150e-01,1.000000000000000000e+00,0.000000000000000000e+00,0.000000000000000000e+00,0.000000000000000000e+00,-1.267738944230954345e+00,-1.279124064211061354e-03,1.547342169578228704e-02,1.507798593761355388e+00,-2.478633630755819606e-01,-6.203768013322193131e-02,-5.271408531971447653e-01,4.698316141185156225e-02,2.061791717181491596e-02,1.365914184659775765e+00,3.714059855309961855e-02,-5.129236408485750992e-02,-1.767553356993853072e-18,-1.374922788468277155e-17,-1.506371495775934101e-18,2.000000000000005107e-01,1.999999999999999278e-01,-4.950873034616474680e-17,5.999999999999985345e-01,3.882791015293774655e-17,8.067654558221339957e-16,2.419841216612601463e-16,2.000000000000000389e-01,-1.999999999999998446e-01,5.339918772602222719e-17,6.000000000000000888e-01,-8.283839472251155671e-17,-1.843513783442386463e-16,-2.951934421871005326e-16
2.050000,1.416281250147913284e-01,5.217068648390945805e-04,7.270028145096729677e-01,1.000000000000000000e+00,0.000000000000000000e+00,0.000000000000000000e+00,0.000000000000000000e+00,-1.251168128015206937e+00,-1.483244855950702776e-03,1.498383308273260571e-02,1.503670646051829651e+00,-2.602663108482073939e-01,-6.084086837838723061e-02,-5.259470536332425672e-01,4.629380945554410071e-02,2.088697423261295233e-02,1.356959194636376820e+00,2.593226080608471498e-02,-5.007193387589921330e-02,-5.052523165854347424e-19,-5.888754120335939313e-19,-2.774232438356731845e-17,2.000000000000009825e-01,1.999999999999998723e-01,-1.555002360329716636e-16,5.999999999999972022e-01,4.090277015226711840e-17,1.729190535860055112e-15,3.138527852600054516e-16,2.000000000000004829e-01,-1.999999999999999556e-01,7.987100775466963764e-17,5.999999999999987566e-01,-3.079452347349932473e-17,6.914029893192991307e-16,-2.404698129809139391e-16
2.060000,1.383874319853568291e-01,5.106565270887020690e-04,7.278330405219944899e-01,1.000000000000000000e+00,0.000000000000000000e+00,0.000000000000000000e+00,0.000000000000000000e+00,-1.234357052586331216e+00,-1.675804634174780320e-03,1.449777273644676893e-02,1.499024138571426024e+00,-2.723921625866967400e-01,-5.963464884780924485e-02,-5.246344886735192503e-01,4.557368872074370886e-02,2.112517842843985444e-02,1.347875896973159904e+00,1.470104082882303133e-02,-4.887076838103845966e-02,-5.010937445785789509e-18,-5.058245910220057902e-17,-1.405667514401780719e-17,2.000000000000009270e-01,1.999999999999999001e-01,-1.438502952486499992e-16,5.999999999999976463e-01,9.475591461216149728e-17,1.430493658459046040e-15,3.400880879543920850e-16,2.000000000000005662e-01,-1.999999999999998446e-01,1.584696242758825441e-16,5.999999999999980904e-01,-3.471362833590583439e-17,1.200816711278631762e-15,-3.205096729179073628e-16
2.070000,1.351500951046458732e-01,4.995339661127710853e-04,7.286542167074130383e-01,1.000000000000000000e+00,0.000000000000000000e+00,0.000000000000000000e+00,0.000000000000000000e+00,-1.217331734570502366e+00,-1.856570291182596359e-03,1.401577083163184877e-02,1.493866254743393185e+00,-2.842212429076884650e-01,-5.842084241955184526e-02,-5.232032371989160380e-01,4.482504245985386576e-02,2.133367181931988821e-02,1.338633548899142545e+00,3.500202995369678174e-03,-4.768793048315458222e-02,-1.398846791608847047e-17,-8.838546055460333114e-17,1.167347753847559339e-17,2.000000000000001776e-01,1.999999999999998168e-01,-6.023324254856921929e-17,5.999999999999996447e-01,1.646339849675664250e-16,4.540265544242161769e-17,4.083353642010378208e-16,2.000000000000005940e-01,-1.999999999999998446e-01,1.407744048507823138e-16,5.999999999999986455e-01,-3.607658122684346096e-17,7.426174875044244094e-16,-2.810069944089839833e-16
2.080000,1.319161764215710242e-01,4.883424982839018862e-04,7.294666310919206698e-01,1.000000000000000000e+00,0.000000000000000000e+00,0.000000000000000000e+00,0.000000000000000000e+00,-1.200105302032741683e+00,-2.025432609490318211e-03,1.353810474083159791e-02,1.488197238093512675e+00,-2.957403593374147710e-01,-5.720006194323019877e-02,-5.216525421489928149e-01,4.404945002829951939e-02,2.151293894802779744e-02,1.329219239075282610e+00,-7.651067540593655888e-03,-4.652219428809215018e-02,-2.316411103102473526e-18,-1.314843961420892920e-17,-6.567719752228304128e-18,2.000000000000003164e-01,1.999999999999998723e-01,-5.016495966467223157e-17,5.999999999999992006e-01,9.943208011075268463e-17,3.770657590440460348e-16,3.078101965370127230e-16,2.000000000000006772e-01,-1.999999999999997891e-01,1.855459846018537519e-16,5.999999999999984235e-01,-8.408253244335408270e-17,8.161102390865074718e-16,-3.832215629398114587e-16
2.090000,1.286857379850454564e-01,4.770854399746966802e-04,7.302705717015095521e-01,1.000000000000000000e+00,0.000000000000000000e+00,0.000000000000000000e+00,0.000000000000000000e+00,-1.182686663707646302e+00,-2.182328839587392103e-03,1.306499305162172990e-02,1.482014846120913720e+00,-3.069382548404746003e-01,-5.597254091587052643e-02,-5.199816645651270663e-01,4.324824993297566450e-02,2.166321680124687690e-02,1.319626301577494276e+00,-1.874461598186498781e-02,-4.537228869071759790e-02,-4.148411774927774511e-18,-3.282842689238507216e-17,-1.148544050264232198e-17,2.000000000000003442e-01,1.999999999999998723e-01,-4.700489371358391854e-17,5.999999999999992006e-01,1.048689277470437358e-16,2.178565251153960903e-16,3.025401975452776039e-16,2.000000000000008438e-01,-1.999999999999999278e-01,1.426886376626859770e-16,5.999999999999978684e-01,-1.245609651837583887e-17,1.179221907522776300e-15,-2.729620020654938223e-16
2.100000,1.254588418439817610e-01,4.657661075577557781e-04,7.310663265621718532e-01,1.000000000000000000e+00,0.000000000000000000e+00,0.000000000000000000e+00,0.000000000000000000e+00,-1.165083270263127524e+00,-2.327224399274784809e-03,1.259664508504748821e-02,1.475316010545675294e+00,-3.178043771439786891e-01,-5.473839429156843184e-02,-5.181899321513846468e-01,4.242267225997189278e-02,2.178463542836319572e-02,1.309850184062217204e+00,-2.977583262753865853e-02,-4.423696974447742514e-02,-1.372612071882043217e-18,-1.727994548194978873e-17,2.902711802638347056e-18,2.000000000000001221e-01,1.999999999999998168e-01,-4.519803373615336745e-17,5.999999999999998668e-01,1.463219320288918003e-16,-2.346402033430876137e-16,3.329298388383714997e-16,2.000000000000006217e-01,-1.999999999999999001e-01,1.460589788205172499e-16,5.999999999999984235e-01,-4.774728871887700971e-17,9.347725533167409613e-16,-2.806643890986171658e-16
2.110000,1.222355500472930429e-01,4.543878174056815511e-04,7.318541836998996297e-01,1.000000000000000000e+00,0.000000000000000000e+00,0.000000000000000000e+00,0.000000000000000000e+00,-1.147301977205730683e+00,-2.460108685026868910e-03,1.213327251953687756e-02,1.468097433021483322e+00,-3.283285640114447790e-01,-5.349770031058052183e-02,-5.162766750536678106e-01,4.157388170143296729e-02,2.187726669101277069e-02,1.299886974694076658e+00,-4.074121316052801284e-02,-4.311504031341489851e-02,3.055669822788830876e-19,6.111673043569974635e-18,-4.311060261503818252e-18,2.000000000000002331e-01,1.999999999999998168e-01,-5.950617179680000015e-17,5.999999999999997558e-01,1.261215121048515756e-16,-1.493153603423908033e-16,2.778200717274390150e-16,2.000000000000006495e-01,-1.999999999999999556e-01,1.152892982806724542e-16,5.999999999999985345e-01,-4.975967649526702740e-17,7.006902798484760918e-16,-2.692429328291219178e-16
2.120000,1.190159246438919349e-01,4.429538858910742017e-04,7.326344311406849386e-01,1.000000000000000000e+00,0.000000000000000000e+00,0.000000000000000000e+00,0.000000000000000000e+00,-1.129349298418085734e+00,-2.580994023435113742e-03,1.167509133162375652e-02,1.460355783210694147e+00,-3.385009710767779567e-01,-5.225052603755821201e-02,-5.142411751781955642e-01,4.070299323578998457e-02,2.194114176961969517e-02,1.289732873534007007e+00,-5.163755873136411517e-02,-4.200535342016416956e-02,-4.730297868441071134e-19,2.168804516882201619e-18,5.619231782230286262e-18,1.999999999999999833e-01,1.999999999999998723e-01,-1.705753817991583664e-18,6.000000000000004219e-01,1.238655876773172304e-16,-4.461769296583345256e-16,2.371478814787630605e-16,2.000000000000004552e-01,-1.999999999999998723e-01,1.235407402602319713e-16,5.999999999999992006e-01,-6.855152874040911096e-17,2.879340145071636792e-16,-2.877017804439747099e-16
2.130000,1.158000276826915698e-01,4.314676293865359383e-04,7.334073569105199475e-01,1.000000000000000000e+00,0.000000000000000000e+00,0.000000000000000000e+00,0.000000000000000000e+00,-1.111231464443543704e+00,-2.689915202578886146e-03,1.122232135179465629e-02,1.452087749671411077e+00,-3.483120587545053271e-01,-5.099693523878971735e-02,-5.120826367702250304e-01,3.981107941678619505e-02,2.197625801029057940e-02,1.279383998094845820e+00,-6.246171021559659975e-02,-4.090681063275839607e-02,8.984236031794722618e-18,6.093169476100607308e-17,-2.272898858087035919e-17,2.000000000000006217e-01,1.999999999999999556e-01,-5.335616275577351783e-17,5.999999999999985345e-01,1.695215192610496478e-17,7.226483007156444850e-16,1.422357657691365656e-16,2.000000000000005662e-01,-1.999999999999999833e-01,8.916538582282683502e-17,5.999999999999986455e-01,-3.007005838123244031e-17,6.569334475301845575e-16,-2.520442682105646067e-16
2.140000,1.125879212126045248e-01,4.199323642646672346e-04,7.341732490353967133e-01,1.000000000000000000e+00,0.000000000000000000e+00,0.000000000000000000e+00,0.000000000000000000e+00,-1.092954418493442326e+00,-2.786929025684789854e-03,1.077518527035702459e-02,1.443290035720742326e+00,-3.577525901978583778e-01,-4.973699073731988746e-02,-5.098001694189232547e-01,3.889917501436419844e-02,2.198258207428540820e-02,1.268836306408422043e+00,-7.321045671589213044e-02,-3.981835905641255974e-02,5.142479632887367514e-18,3.613269456667043066e-17,-1.204442601682080100e-17,2.000000000000007883e-01,1.999999999999999278e-01,-9.006171022448841909e-17,5.999999999999983125e-01,3.230136252707558326e-17,8.747508639174614707e-16,1.667578164913455063e-16,2.000000000000005107e-01,-2.000000000000000666e-01,2.581851424841117227e-17,5.999999999999987566e-01,4.015610543430008126e-17,5.817460722283000869e-16,-1.313377657081704319e-16
2.150000,1.093796672825439742e-01,4.083514068980701904e-04,7.349323955413075149e-01,1.000000000000000000e+00,0.000000000000000000e+00,0.000000000000000000e+00,0.000000000000000000e+00,-1.074523792851332482e+00,-2.872113781749759034e-03,1.033390754008936367e-02,1.433959333617849774e+00,-3.668136284504982525e-01,-4.847075505283428287e-02,-5.073927767238252118e-01,3.796828074086091437e-02,2.196005174190598583e-02,1.258085560809600212e+00,-8.388050076603688343e-02,-3.873898805238535498e-02,2.064106882367971999e-18,1.331685371591394529e-17,1.553583471276822870e-17,2.000000000000002331e-01,1.999999999999997891e-01,-8.444695173328719355e-17,5.999999999999996447e-01,1.173893993126674457e-16,1.256772912282748669e-16,2.903821713058452391e-16,1.999999999999999556e-01,-1.999999999999998723e-01,5.025585865306951336e-17,6.000000000000000888e-01,-4.265061990656323412e-17,-1.929691092621899526e-16,-2.463797574075900886e-16
2.160000,1.061753279414224677e-01,3.967280736593451710e-04,7.356850844542441870e-01,1.000000000000000000e+00,0.000000000000000000e+00,0.000000000000000000e+00,0.000000000000000000e+00,-1.055944879339723252e+00,-2.945568622040937827e-03,9.898713283150482184e-03,1.424092288907355064e+00,-3.754865301112180198e-01,-4.719829051755170674e-02,-5.048593470630615698e-01,3.701936659149836911e-02,2.190857716753551176e-02,1.247127305201198411e+00,-9.446844169834794913e-02,-3.766772602963247563e-02,-8.018536483586634165e-18,-5.666551741155931029e-17,1.096782419205218882e-17,1.999999999999998446e-01,1.999999999999997613e-01,-5.257134089090649956e-17,6.000000000000008660e-01,2.230567587300316739e-16,-6.803937471631895392e-16,3.870876607069163734e-16,2.000000000000000666e-01,-1.999999999999998168e-01,1.158721659854626956e-16,6.000000000000000888e-01,-8.679264478657042140e-17,-1.387825011278166400e-16,-2.801201040841554497e-16
2.170000,1.029749652381531932e-01,3.850656809210944932e-04,7.364316038001990083e-01,1.000000000000000000e+00,0.000000000000000000e+00,0.000000000000000000e+00,0.000000000000000000e+00,-1.037222598178340505e+00,-3.007412848513209454e-03,9.469827231300081624e-03,1.413685458987252952e+00,-3.837629349637324827e-01,-4.591965923971773333e-02,-5.021986448053149532e-01,3.605337496992624263e-02,2.182804185899303931e-02,1.235956846081763594e+00,-1.049707644586799493e-01,-3.660363740673277383e-02,5.743362562886782276e-18,3.747612201735310846e-17,-3.130137988643640630e-17,2.000000000000006495e-01,1.999999999999998723e-01,-1.274448498442602161e-16,5.999999999999984235e-01,8.783550896311536721e-17,9.079207257386702583e-16,2.428056310149189009e-16,2.000000000000003997e-01,-1.999999999999999833e-01,1.001405048266699476e-16,5.999999999999988676e-01,-4.147470468499531967e-17,6.980295890236344500e-16,-2.370322061533087027e-16
2.180000,9.977864122164872840e-02,3.733675450559183597e-04,7.371722416051641469e-01,1.000000000000000000e+00,0.000000000000000000e+00,0.000000000000000000e+00,0.000000000000000000e+00,-1.018361466535880888e+00,-3.057785122607575498e-03,9.047472711674752963e-03,1.402735267159740618e+00,-3.916347514362238380e-01,-4.463492302986939164e-02,-4.994093012150927491e-01,3.507122366386707102e-02,2.171830347794786314e-02,1.224569233791869438e+00,-1.153838296144008430e-01,-3.554581976243041674e-02,8.069484222618019058e-18,6.850387739636364098e-17,-1.271400816356334863e-17,2.000000000000007327e-01,1.999999999999998446e-01,-1.472747608175862454e-16,5.999999999999978684e-01,5.917305062141783298e-17,1.210663532301396762e-15,2.434493017985496351e-16,2.000000000000002331e-01,-1.999999999999999278e-01,8.659692013609110763e-17,5.999999999999995337e-01,-1.003441137913006459e-16,5.802043156499238168e-17,-3.051593233553033425e-16
2.190000,9.658641794082219179e-02,3.616369824364190871e-04,7.379072858951316594e-01,1.000000000000000000e+00,0.000000000000000000e+00,0.000000000000000000e+00,0.000000000000000000e+00,-9.993655670717477291e-01,-3.096842603152722469e-03,8.631870686894135142e-03,1.391237952392142985e+00,-3.990941377920089184e-01,-4.334414332495434286e-02,-4.964898046896402128e-01,3.407380870476243995e-02,2.157919449829175801e-02,1.212959242596716836e+00,-1.257038630758069708e-01,-3.449340116857286392e-02,9.237432196976037776e-18,5.871752936002204268e-17,-2.478842545565512294e-17,2.000000000000013434e-01,2.000000000000000389e-01,-1.309276810484770882e-16,5.999999999999964251e-01,-3.432120103417105999e-17,2.110984892201843459e-15,1.089321529409942830e-16,2.000000000000004552e-01,-1.999999999999999833e-01,9.730406225787095995e-17,5.999999999999988676e-01,-6.335781137547271031e-17,4.791458885655975082e-16,-2.631486369646479236e-16
2.200000,9.339835744458620248e-02,3.498773094351969324e-04,7.386370246960936026e-01,1.000000000000000000e+00,0.000000000000000000e+00,0.000000000000000000e+00,0.000000000000000000e+00,-9.802385164043351251e-01,-3.124760022229278612e-03,8.223238857211075462e-03,1.379189514605989153e+00,-4.061334789233851383e-01,-4.204738112041457587e-02,-4.934384901177939486e-01,3.306200713599606600e-02,2.141052273861610358e-02,1.201121348966122770e+00,-1.359269449573461408e-01,-3.344553769233029467e-02,2.405500133794367130e-20,-7.730861581937455864e-19,6.482004366363987461e-18,2.000000000000008715e-01,1.999999999999999556e-01,-9.806826244090924120e-17,5.999999999999976463e-01,3.384202804226785841e-17,1.341652867927911973e-15,1.921516653068990603e-16,2.000000000000001221e-01,-1.999999999999999556e-01,4.713223758342925029e-17,5.999999999999996447e-01,-4.155404779931752106e-17,-6.295822896192656011e-18,-2.234474727583555197e-16
2.210000,9.021452178185389303e-02,3.380918424248542664e-04,7.393617460340421443e-01,1.000000000000000000e+00,0.000000000000000000e+00,0.000000000000000000e+00,0.000000000000000000e+00,-9.609834332862767781e-01,-3.141728708012739030e-03,7.821790831596257473e-03,1.366585655112845687e+00,-4.127453585835754168e-01,-4.074469691258351955e-02,-4.902535272015822176e-01,3.203667971137148102e-02,2.121207177731991231e-02,1.189049707652588772e+00,-1.460489972930054947e-01,-3.240141105336102195e-02,-4.004544276443009777e-18,-3.165448437833844114e-17,1.255053211596256322e-17,2.000000000000005940e-01,1.999999999999999278e-01,-7.502715564236878466e-17,5.999999999999987566e-01,1.076586065323380512e-16,5.994254894184650363e-16,2.288280214485594198e-16,2.000000000000000389e-01,-1.999999999999998168e-01,1.094336834562143324e-16,6.000000000000001998e-01,-1.205578937880277945e-16,-3.096555781437175435e-16,-3.415693926714730754e-16
2.220000,8.703497300153786864e-02,3.262838977779912377e-04,7.400817379349693415e-01,1.000000000000000000e+00,0.000000000000000000e+00,0.000000000000000000e+00,0.000000000000000000e+00,-9.416029061721695737e-01,-3.147955563707907634e-03,7.427735373765662931e-03,1.353421711678098438e+00,-4.189225268509929601e-01,-3.943615065134672276e-02,-4.869329075891135616e-01,3.099867354462831903e-02,2.098360125566865048e-02,1.176738125226302722e+00,-1.560657704017823499e-01,-3.136022642213231321e-02,-1.019942969655904508e-17,-7.725115426915228281e-17,-8.348948188272863932e-18,2.000000000000004829e-01,1.999999999999999833e-01,-3.059016081102108373e-17,5.999999999999988676e-01,9.900968849461354182e-17,5.248288260064561608e-16,2.228144137394174899e-16,2.000000000000004274e-01,-1.999999999999999001e-01,1.290392083161013738e-16,5.999999999999989786e-01,-9.855821343896870552e-18,6.838031859683784381e-16,-2.052580459572627043e-16
2.230000,8.385977315255127573e-02,3.144567918672102713e-04,7.407972884248673617e-01,1.000000000000000000e+00,0.000000000000000000e+00,0.000000000000000000e+00,0.000000000000000000e+00,-9.220989597839382990e-01,-3.143662011670982082e-03,7.041275728246526068e-03,1.339692587564302650e+00,-4.246578625712442712e-01,-3.812180170230106829e-02,-4.834744306560685434e-01,2.994882473064803402e-02,2.072484707242654850e-02,1.164180030715341152e+00,-1.659728277095726123e-01,-3.032121034663191536e-02,-1.351457058086077756e-17,-8.859540409367657348e-17,5.143488288762298721e-18,1.999999999999999833e-01,1.999999999999999278e-01,2.767731506381579372e-17,6.000000000000001998e-01,1.297063679842666027e-16,-3.111698812724459597e-16,2.320582616988727370e-16,2.000000000000005107e-01,-1.999999999999998446e-01,1.651317910457747398e-16,5.999999999999989786e-01,-4.991129170903615970e-17,5.954903683217491789e-16,-2.710118421377225353e-16
2.240000,8.068898428380667787e-02,3.026138410651114615e-04,7.415086855297282620e-01,1.000000000000000000e+00,0.000000000000000000e+00,0.000000000000000000e+00,0.000000000000000000e+00,-9.024730201967805510e-01,-3.129082911672024809e-03,6.662609030697799230e-03,1.325392673762155971e+00,-4.299443304609379402e-01,-3.680170881745305211e-02,-4.798756877520709008e-01,2.888796095930410215e-02,2.043552147249707088e-02,1.151368442958989213e+00,-1.757655288175259123e-01,-2.928360879580940018e-02,-7.649464090017004043e-18,-4.820951721135748249e-17,-7.217174087432140402e-18,2.000000000000000944e-01,1.999999999999999278e-01,-3.293760230693313342e-18,6.000000000000001998e-01,1.630255953133935455e-16,-2.387995998320642614e-16,2.638070921455220707e-16,2.000000000000007050e-01,-1.999999999999999001e-01,1.613862638635108746e-16,5.999999999999984235e-01,-2.235674704411715783e-17,8.359810209206570225e-16,-2.435965105530441426e-16
2.250000,7.752266844421724923e-02,2.907583617442972878e-04,7.422162172755440990e-01,1.000000000000000000e+00,0.000000000000000000e+00,0.000000000000000000e+00,0.000000000000000000e+00,-8.827258778775040060e-01,-3.104465461980556503e-03,6.291925805895354218e-03,1.310515763448219628e+00,-4.347749324793651060e-01,-3.547593011347717484e-02,-4.761340447003128973e-01,2.781690414358663210e-02,2.011531303099849469e-02,1.138295934224335504e+00,-1.854390105779645248e-01,-2.824668530914029030e-02,-9.976213289849785685e-19,3.297022808736239077e-18,1.331697061205595425e-17,1.999999999999996503e-01,1.999999999999997891e-01,2.138875531040762976e-17,6.000000000000010880e-01,1.575016915674463418e-16,-8.606459157447149063e-16,2.945122798569065097e-16,2.000000000000002609e-01,-1.999999999999999556e-01,4.637324827029655199e-17,5.999999999999997558e-01,-2.963064066636513769e-17,-3.891646039281781947e-17,-2.136070950399500752e-16
2.260000,7.436088768269570604e-02,2.788936702773684405e-04,7.429201716883071516e-01,1.000000000000000000e+00,0.000000000000000000e+00,0.000000000000000000e+00,0.000000000000000000e+00,-8.628576480024271467e-01,-3.070068091572353015e-03,5.929409556096382553e-03,1.295054957505615834e+00,-4.391426529755861341e-01,-3.414452305658662729e-02,-4.722466223045064249e-01,2.673647308468529368e-02,1.976388653324112968e-02,1.124954589564097329e+00,-1.949881659012681068e-01,-2.720971924267936645e-02,8.585446759230565139e-18,5.298845770622987844e-17,-1.994955886418284152e-17,2.000000000000003164e-01,1.999999999999999556e-01,1.011498704497284070e-17,5.999999999999992006e-01,2.512990261251547143e-17,3.271051370953583269e-16,1.216645182425347665e-16,2.000000000000004552e-01,-1.999999999999999833e-01,6.894640484020000033e-17,5.999999999999990896e-01,-1.269192248227515677e-17,5.141871381849654607e-16,-2.388791141265545788e-16
2.270000,7.120370404815476451e-02,2.670230830369256102e-04,7.436208367940094766e-01,1.000000000000000000e+00,0.000000000000000000e+00,0.000000000000000000e+00,0.000000000000000000e+00,-8.428677272594146119e-01,-3.026159351270679698e-03,5.575236441941658523e-03,1.279002559697966834e+00,-4.430403969946979936e-01,-3.280754445312385192e-02,-4.682102745759328943e-01,2.564748619819381611e-02,1.938088275010916781e-02,1.111335961306272102e+00,-2.044076199710368746e-01,-2.617200410286417769e-02,4.418009943517115873e-18,2.769120883523038205e-17,1.430638475475110329e-17,1.999999999999998723e-01,1.999999999999998168e-01,2.290690254914130636e-17,6.000000000000005329e-01,1.128035338416363839e-16,-6.296027576034505403e-16,2.596589012735386860e-16,1.999999999999998723e-01,-1.999999999999999278e-01,8.790581937599536592e-18,6.000000000000006439e-01,-4.742844992216802150e-17,-5.742973161052422231e-16,-2.396547681232540916e-16
2.280000,6.805117958950759882e-02,2.551499163955712763e-04,7.443185006186431307e-01,1.000000000000000000e+00,0.000000000000000000e+00,0.000000000000000000e+00,0.000000000000000000e+00,-8.227547461926538741e-01,-2.973016811063168650e-03,5.229575057659485021e-03,1.262349959786755571e+00,-4.464609209724487715e-01,-3.146505044504194909e-02,-4.640215643437103354e-01,2.455076432755937468e-02,1.896591810734933603e-02,1.097431017961061350e+00,-2.136917034892230616e-01,-2.513284596015171943e-02,2.401249337610022202e-18,8.243291652311975702e-18,-1.073287951561365822e-17,2.000000000000002331e-01,1.999999999999999278e-01,3.300589139530167622e-17,5.999999999999998668e-01,5.945096034338539275e-17,-2.326150400531262586e-16,1.738446998052371426e-16,2.000000000000001776e-01,-1.999999999999998723e-01,8.110280082110939377e-17,5.999999999999999778e-01,-5.034134409901557025e-17,-1.445232823299766416e-16,-2.685798074726707551e-16
2.290000,6.490337635566678642e-02,2.432774867259055872e-04,7.450134511882001709e-01,1.000000000000000000e+00,0.000000000000000000e+00,0.000000000000000000e+00,0.000000000000000000e+00,-8.025165159727776221e-01,-2.910925970194872328e-03,4.892586302136278653e-03,1.245087502514207412e+00,-4.493967548546358715e-01,-3.011709650951245251e-02,-4.596767358516254953e-01,2.344713367342414825e-02,1.851858424620461338e-02,1.083230086703840689e+00,-2.228344225058428996e-01,-2.409156193533477930e-02,3.031968653642637972e-19,1.491777657719710157e-17,-3.180094532305229298e-18,2.000000000000000666e-01,1.999999999999999001e-01,-1.838358526524514648e-18,5.999999999999998668e-01,9.118115112869986548e-17,2.285849358415847765e-17,2.274078960087842478e-16,2.000000000000000389e-01,-1.999999999999999278e-01,5.047461976746797377e-17,6.000000000000000888e-01,-4.435437406788115644e-17,-2.752588127666266800e-16,-2.351071359061704496e-16
2.300000,6.176035639554545986e-02,2.314091104005308055e-04,7.457059765286728759e-01,1.000000000000000000e+00,0.000000000000000000e+00,0.000000000000000000e+00,0.000000000000000000e+00,-7.821499682601282810e-01,-2.840179185940353360e-03,4.564423347439649711e-03,1.227204339919514275e+00,-4.518401144374146750e-01,-2.876373746196533854e-02,-4.551716838726501124e-01,2.233742887069775640e-02,1.803844747167558313e-02,1.068722788439862015e+00,-2.318294243067538229e-01,-2.304747875210346603e-02,-2.203703101636275646e-18,-1.726469625560821342e-17,-9.678922808488883335e-18,2.000000000000002054e-01,1.999999999999999833e-01,5.652400783959650077e-18,5.999999999999997558e-01,7.983370037055977498e-17,1.408008959836494739e-16,1.668395630361292675e-16,2.000000000000002609e-01,-1.999999999999999278e-01,9.708340580870302010e-17,5.999999999999994227e-01,-3.585891047988043675e-17,1.393131491390070484e-16,-2.339503909271750570e-16
2.310000,5.862218175805623821e-02,2.195481037920473234e-04,7.463963646660531914e-01,1.000000000000000000e+00,0.000000000000000000e+00,0.000000000000000000e+00,0.000000000000000000e+00,-7.616510865639515293e-01,-2.761074626220231133e-03,4.245231706661971478e-03,1.208688263892089498e+00,-4.537828024244076608e-01,-2.740502746193022171e-02,-4.505019187845863415e-01,2.122249624918711927e-02,1.752504808341380851e-02,1.053897964270496201e+00,-2.406699587344836855e-01,-2.199993135010116022e-02,-4.336831698163075750e-19,-9.629142559334868546e-18,1.442907508271484658e-17,1.999999999999998723e-01,1.999999999999997891e-01,-2.774516548099278782e-17,6.000000000000009770e-01,1.754413922062663529e-16,-7.183346589692807787e-16,3.008121186531410096e-16,1.999999999999999001e-01,-1.999999999999997891e-01,1.154557177277798773e-16,6.000000000000005329e-01,-1.303958168724645740e-16,-5.525157423765436926e-16,-3.490475779208328030e-16
2.320000,5.548891449211224708e-02,2.076977832730573495e-04,7.470849036263333964e-01,1.000000000000000000e+00,0.000000000000000000e+00,0.000000000000000000e+00,0.000000000000000000e+00,-7.410148271701963996e-01,-2.673915250459157553e-03,3.935149403534877154e-03,1.189525515160342328e+00,-4.552160963199571864e-01,-2.604102002111542691e-02,-4.456625269433631131e-01,2.010319731857100958e-02,1.697789958281393369e-02,1.038743591954117029e+00,-2.493488341968583544e-01,-2.094826155339394452e-02,2.393385384505155612e-18,1.339729102045256724e-17,-2.654241675866009243e-18,2.000000000000000389e-01,1.999999999999998168e-01,-3.050821471457434375e-17,6.000000000000005329e-01,1.498270382823411690e-16,-6.030088043257774749e-16,2.714425845759531521e-16,1.999999999999999833e-01,-1.999999999999998446e-01,8.633179262936558318e-17,6.000000000000005329e-01,-1.146919249833464506e-16,-5.463051244779104419e-16,-3.294710489892281494e-16
2.330000,5.236061664662606391e-02,1.958614652161611133e-04,7.477718814355054366e-01,1.000000000000000000e+00,0.000000000000000000e+00,0.000000000000000000e+00,0.000000000000000000e+00,-7.202350272955831967e-01,-2.579007822297590177e-03,3.634307247210668852e-03,1.169700564026816547e+00,-4.561306208032722131e-01,-2.467176801321617832e-02,-4.406481255594959512e-01,1.898041252465388837e-02,1.639648774822427893e-02,1.023246690676916426e+00,-2.578583674708572193e-01,-1.989181678993853092e-02,-3.832874501423217513e-18,-2.557281305593414687e-17,-2.778943439649250399e-17,2.000000000000003164e-01,1.999999999999999833e-01,-1.649274092027222733e-17,5.999999999999993117e-01,7.647185615780278072e-17,3.471760928128274922e-16,1.930421006539334395e-16,2.000000000000005385e-01,-1.999999999999999278e-01,1.297821557742762152e-16,5.999999999999986455e-01,1.298880208647384656e-17,7.960877789460113163e-16,-2.104429223353387856e-16
2.340000,4.923735027051086982e-02,1.840424659939610401e-04,7.484575861195614799e-01,1.000000000000000000e+00,0.000000000000000000e+00,0.000000000000000000e+00,0.000000000000000000e+00,-6.993042975992797006e-01,-2.476661956974429615e-03,3.342829216985132839e-03,1.149195857034971402e+00,-4.565162016263283884e-01,-2.329732368499773040e-02,-4.354528111217845776e-01,1.785504533145541514e-02,1.578026956828986263e-02,1.007393212106594049e+00,-2.661903262274405990e-01,-1.882994885831940773e-02,-6.399379200576801689e-18,-4.504439515266277654e-17,6.130613386620364644e-18,1.999999999999997891e-01,1.999999999999998446e-01,-1.382451835010890004e-18,6.000000000000006439e-01,1.469351689208621045e-16,-6.476144015610402446e-16,2.817865288530088884e-16,2.000000000000003164e-01,-1.999999999999998168e-01,1.520134469125122831e-16,5.999999999999993117e-01,-5.706339543961486640e-17,3.583928635113470630e-16,-3.154518554865621977e-16
2.350000,4.611917741267922144e-02,1.722441019790572512e-04,7.491423057044935829e-01,1.000000000000000000e+00,0.000000000000000000e+00,0.000000000000000000e+00,0.000000000000000000e+00,-6.782138955104815015e-01,-2.367189205401644490e-03,3.060832963653845398e-03,1.127991522314839568e+00,-4.563616973098037488e-01,-2.191773866823613567e-02,-4.300701002124358574e-01,1.672802669315233415e-02,1.512867202119710583e-02,9.911679152779157009e-01,-2.743358629780908164e-01,-1.776201273875065156e-02,9.932508932104675861e-18,7.322167998023616518e-17,-3.054465539004484138e-18,2.000000000000001499e-01,1.999999999999999001e-01,-4.236495809377847593e-17,5.999999999999995337e-01,6.243529576702903816e-17,8.105243445337477172e-17,1.405630297599268058e-16,2.000000000000000111e-01,-1.999999999999999556e-01,5.823955524786874133e-17,5.999999999999999778e-01,-7.478988478643088540e-17,-1.889438079507985819e-16,-2.554550592732376490e-16
2.360000,4.300616012204429989e-02,1.604696895440521718e-04,7.498263282162941357e-01,1.000000000000000000e+00,0.000000000000000000e+00,0.000000000000000000e+00,0.000000000000000000e+00,-6.569535749622930076e-01,-2.250902176160172324e-03,2.788430436788160056e-03,1.106065024502860927e+00,-4.556548039223372037e-01,-2.053306399212393579e-02,-4.244928613087600722e-01,1.560031999167020220e-02,1.444109068492421648e-02,9.745542223309633378e-01,-2.822854388633197487e-01,-1.668736544613201589e-02,-4.180063613247487879e-18,-2.525157081029609695e-17,5.803044002227166138e-18,1.999999999999998446e-01,1.999999999999997891e-01,-5.587101006494553709e-17,6.000000000000005329e-01,1.772690577305689963e-16,-5.071458685361653692e-16,2.924537541307904203e-16,2.000000000000000944e-01,-1.999999999999998446e-01,1.321746664669196494e-16,5.999999999999999778e-01,-8.116396738994376885e-17,-1.408547075525106509e-16,-2.588621604991434896e-16
2.370000,3.989836044751866179e-02,1.487225450615460045e-04,7.505099416809548618e-01,1.000000000000000000e+00,0.000000000000000000e+00,0.000000000000000000e+00,0.000000000000000000e+00,-6.355114069936913523e-01,-2.128113695862599800e-03,2.525728650678777873e-03,1.083390757726326203e+00,-4.543818269452961078e-01,-1.914335009574685484e-02,-4.187132358546160060e-01,1.447292653044775917e-02,1.371688816039381802e-02,9.575340514611666576e-01,-2.900287353518812838e-01,-1.560536492384439165e-02,1.135504595844876782e-17,7.763992966246218670e-17,-1.508664306571309650e-17,2.000000000000005107e-01,1.999999999999998723e-01,-7.610818317449049537e-17,5.999999999999987566e-01,2.600110154885655433e-17,5.610384267089380036e-16,1.320334348187980294e-16,2.000000000000000666e-01,-2.000000000000000111e-01,3.988470068489115653e-17,5.999999999999999778e-01,-6.066264891586471063e-17,-2.382277796021861063e-16,-2.042984572421075091e-16
2.380000,3.679584043801546051e-02,1.370059849041410118e-04,7.511934341244680402e-01,1.000000000000000000e+00,0.000000000000000000e+00,0.000000000000000000e+00,0.000000000000000000e+00,-6.138735642009867099e-01,-1.999136007561558466e-03,2.272830606298232529e-03,1.059939561992688573e+00,-4.525274125457585117e-01,-1.774864684020246303e-02,-4.127225464914582309e-01,1.334689169340140535e-02,1.295539228553396933e-02,9.400876226059313723e-01,-2.975545514759997401e-01,-1.451536897801500303e-02,9.382802065199006814e-18,6.299027263252717934e-17,1.024804221357798643e-18,2.000000000000004552e-01,1.999999999999998446e-01,-1.153456000880940637e-16,5.999999999999986455e-01,6.420418153034014949e-17,8.019113114303915932e-16,1.875957212987817903e-16,1.999999999999996503e-01,-1.999999999999998723e-01,6.010381789972380381e-17,6.000000000000006439e-01,-9.413842525505805764e-17,-5.329550081215170785e-16,-2.854037330558921179e-16
2.390000,3.369866214244730818e-02,1.253233254444375590e-04,7.518770935728257276e-01,1.000000000000000000e+00,0.000000000000000000e+00,0.000000000000000000e+00,0.000000000000000000e+00,-5.920240600611511583e-01,-1.864280006136141135e-03,2.029836392751461702e-03,1.035678144160209868e+00,-4.500742283619241224e-01,-1.634900351984457101e-02,-4.065111898398320878e-01,1.222331190149944166e-02,1.215589411348128382e-02,9.221932303341568993e-01,-3.048506836650861085e-01,-1.341673425323562305e-02,-6.043800932673214325e-18,-3.555966275818880421e-17,-1.288873568254838716e-17,2.000000000000004829e-01,1.999999999999999833e-01,-5.683492897991512906e-17,5.999999999999985345e-01,5.568023645880567008e-17,8.653520264803185712e-16,1.629957360485895271e-16,2.000000000000002331e-01,-1.999999999999999278e-01,1.046296065647243738e-16,5.999999999999994227e-01,-1.525917550756892170e-17,2.113387755400067674e-16,-1.747017998953899000e-16
2.400000,3.060688760972733041e-02,1.136778830550378545e-04,7.525612080520203140e-01,1.000000000000000000e+00,0.000000000000000000e+00,0.000000000000000000e+00,0.000000000000000000e+00,-5.699444315324756483e-01,-1.723854508885554714e-03,1.796844499865448861e-03,1.010568379109885617e+00,-4.470025809456969479e-01,-1.494446887197148355e-02,-4.000685105848277856e-01,1.110334252910088332e-02,1.131764562226726840e-02,9.038269770529459013e-01,-3.119037845210593796e-01,-1.230881525225830352e-02,-7.000756662210330409e-18,-4.850436600302087831e-17,1.181911479038921986e-17,1.999999999999999556e-01,1.999999999999999833e-01,3.052212720990377301e-17,5.999999999999999778e-01,5.704250653571181532e-17,-5.701629771713530881e-17,1.055037751797678164e-16,2.000000000000000389e-01,-1.999999999999998168e-01,1.201919034305745793e-16,6.000000000000000888e-01,-6.172057882190710160e-17,-2.158294934997844547e-16,-2.404120234173946731e-16
2.410000,2.752057888876811506e-02,1.020729741085421685e-04,7.532460655880435230e-01,1.000000000000000000e+00,0.000000000000000000e+00,0.000000000000000000e+00,0.000000000000000000e+00,-5.476133498084139184e-01,-1.578165558926155005e-03,1.573953384586279387e-03,9.845664592501597312e-01,-4.432899530192906390e-01,-1.353509108398698833e-02,-3.933826527993298794e-01,9.988206980318985184e-03,1.043985711598077910e-02,8.849624579069392816e-01,-3.186991959526891960e-01,-1.119096340413297877e-02,2.880534249074435085e-18,1.724242395877115609e-17,-1.728507739521647032e-18,2.000000000000002054e-01,1.999999999999999556e-01,-2.560728431645983460e-17,5.999999999999994227e-01,5.969506213274991287e-17,2.947381070432580442e-16,1.218484744126701558e-16,1.999999999999999556e-01,-2.000000000000000389e-01,1.470609134024919806e-17,6.000000000000001998e-01,-4.529995582273737787e-18,-2.040829661862795271e-16,-8.946322821441643578e-17
2.420000,2.443979802848280161e-02,9.051191497755283161e-05,7.539319542068876334e-01,1.000000000000000000e+00,0.000000000000000000e+00,0.000000000000000000e+00,0.000000000000000000e+00,-5.250061392911556934e-01,-1.427515758495214414e-03,1.361263348843272120e-03,9.576218502886971740e-01,-4.389104382715569574e-01,-1.212091779658496481e-02,-3.864403833771788976e-01,8.879207174867752295e-03,9.521694268181071785e-03,8.655703864932500213e-01,-3.252207508863650398e-01,-1.006252618773869137e-02,6.621873619272825297e-19,1.750779053087695971e-18,1.052933560304119969e-17,1.999999999999998723e-01,1.999999999999998446e-01,-2.201962202815844659e-17,6.000000000000000888e-01,1.061754792102677802e-16,-2.043328524068938420e-16,2.069817681459002681e-16,1.999999999999996780e-01,-1.999999999999999278e-01,2.313793715840122944e-17,6.000000000000008660e-01,-4.446149098557143518e-17,-5.911585358808997654e-16,-1.584175205434755358e-16
2.430000,2.136460707778403689e-02,7.899802203467011399e-05,7.546191619345448132e-01,1.000000000000000000e+00,0.000000000000000000e+00,0.000000000000000000e+00,0.000000000000000000e+00,-5.020941782292729361e-01,-1.272203629040523408e-03,1.158878807172821325e-03,9.296759971708089543e-01,-4.338340439419125505e-01,-1.070199610071727141e-02,-3.792268810630187170e-01,7.777735756897946259e-03,8.562274746674009007e-03,8.456181475757766908e-01,-3.314505362036404001e-01,-8.922846320909807311e-03,-2.253584774583048811e-18,-1.949975781968753967e-17,-4.891441471876819636e-18,2.000000000000000666e-01,1.999999999999999001e-01,-1.691337836458652533e-17,5.999999999999999778e-01,9.660037414683294192e-17,-1.258443309615754668e-16,1.539743240883755012e-16,1.999999999999999556e-01,-1.999999999999999833e-01,4.782176745024937354e-17,6.000000000000001998e-01,-2.596374393977893480e-17,-2.781714051991946611e-16,-1.201813273232308602e-16
2.440000,1.829506808558488407e-02,6.753461165249635960e-05,7.553079767970071190e-01,1.000000000000000000e+00,0.000000000000000000e+00,0.000000000000000000e+00,0.000000000000000000e+00,-4.788441452459928360e-01,-1.112522995272192906e-03,9.669110511585797454e-04,9.006607045547900814e-01,-4.280258210275708075e-01,-9.278372524813565878e-03,-3.717254827442737497e-01,6.685290424448457267e-03,7.560664343931807439e-03,8.250692591182582358e-01,-3.373686074936528834e-01,-7.771261029670295528e-03,-1.037098754427790333e-17,-6.745759605029762300e-17,-7.068703241943217532e-19,1.999999999999997058e-01,1.999999999999999556e-01,5.533645979420913388e-17,6.000000000000007550e-01,1.142361573160952337e-16,-4.792263592930015217e-16,1.602979942103528003e-16,2.000000000000001499e-01,-1.999999999999999556e-01,8.111904360363357604e-17,5.999999999999995337e-01,6.376332724162486068e-18,1.234982444313333517e-16,-1.118545117497079927e-16
2.450000,1.523124310079797782e-02,5.612500020363164229e-05,7.559986868202666077e-01,1.000000000000000000e+00,0.000000000000000000e+00,0.000000000000000000e+00,0.000000000000000000e+00,-4.552170630127327366e-01,-9.487623916592394582e-04,7.854816583974846269e-04,8.704960887174608697e-01,-4.214447672867078776e-01,-7.850093006588237596e-03,-3.639173762581170979e-01,5.603490888646102050e-03,6.515872518456773850e-03,8.038827208361325471e-01,-3.429526434737948937e-01,-6.607101417891435638e-03,7.495592899126332238e-18,5.057601157352761352e-17,-6.361906527524091077e-18,2.000000000000000944e-01,1.999999999999999278e-01,-2.849754793523670985e-17,5.999999999999996447e-01,6.298808794226745930e-17,2.387339678735967461e-16,1.180152905429104712e-16,1.999999999999999833e-01,-2.000000000000000111e-01,4.054811233470264832e-17,5.999999999999999778e-01,-3.183282160774836027e-17,-2.090766733183761310e-17,-1.584936903190431712e-16
2.460000,1.217319417233648539e-02,4.477250406067854311e-05,7.566915800303153361e-01,1.000000000000000000e+00,0.000000000000000000e+00,0.000000000000000000e+00,0.000000000000000000e+00,-4.311670718708029426e-01,-7.812044931210571953e-04,6.147267519961480868e-04,8.390879587040653842e-01,-4.140424273292852564e-01,-6.417202840211361746e-03,-3.557812257465081673e-01,4.534099121052014535e-03,5.426847228005285059e-03,7.820122196345837828e-01,-3.481775242774786672e-01,-5.429691965619961105e-03,-5.194121351205436874e-18,-3.157578885909044681e-17,7.418488608358654699e-18,1.999999999999997335e-01,1.999999999999998168e-01,-3.387452683486824920e-17,6.000000000000007550e-01,1.757471020463234805e-16,-5.128994727157560296e-16,2.673006503337303730e-16,2.000000000000000111e-01,-1.999999999999999833e-01,4.446775813788638939e-17,6.000000000000000888e-01,-1.276939975628107745e-17,-1.425903081095380151e-16,-1.339578710582911462e-16
2.470000,9.120983349112946059e-03,3.348043959623702072e-05,7.573869444531456940e-01,1.000000000000000000e+00,0.000000000000000000e+00,0.000000000000000000e+00,0.000000000000000000e+00,-4.066398396954936101e-01,-6.101255787502725229e-04,4.548024014385749548e-04,8.063244283976755966e-01,-4.057610840405442842e-01,-4.979746583584015486e-03,-3.472927112643454106e-01,3.479043749371172126e-03,4.292468904183003447e-03,7.594051531147189005e-01,-3.530148128877569347e-01,-4.238350195309570703e-03,-2.213043440340088742e-18,-1.611245999204135397e-17,-1.006900549886753060e-17,2.000000000000000111e-01,1.999999999999999001e-01,-1.560313074615270362e-17,6.000000000000001998e-01,1.113955243357974468e-16,-2.112890093182582297e-16,1.748907823786053262e-16,2.000000000000003164e-01,-1.999999999999999833e-01,7.825652689040287675e-17,5.999999999999993117e-01,6.366834632693292925e-18,2.377292772346197480e-16,-1.339625862350320440e-16
2.480000,6.074672680040521001e-03,2.225212318290963585e-05,7.580850681147495163e-01,1.000000000000000000e+00,0.000000000000000000e+00,0.000000000000000000e+00,0.000000000000000000e+00,-3.815704759044102889e-01,-4.357950520169437555e-04,3.058915809740199530e-04,7.720714798786558752e-01,-3.965313919683669530e-01,-3.537767900022872891e-03,-3.384239584903305231e-01,2.440449737443455176e-03,3.111543377513501830e-03,7.360014199011489788e-01,-3.574321123263961564e-01,-3.032386560632336324e-03,1.205805667461781365e-17,7.304631618263164489e-17,-1.890369517236698594e-17,2.000000000000006217e-01,1.999999999999999556e-01,-7.874422533633858973e-17,5.999999999999984235e-01,1.014971181323797679e-17,9.418770051031005506e-16,6.810634070719568694e-17,2.000000000000002331e-01,-1.999999999999999833e-01,1.018653117339255368e-16,5.999999999999992006e-01,-4.871634012127558585e-17,4.241965449398223386e-16,-2.295579044023032249e-16
2.490000,3.034324214031847503e-03,1.109087119329657925e-05,7.587862390411190816e-01,1.000000000000000000e+00,0.000000000000000000e+00,0.000000000000000000e+00,0.000000000000000000e+00,-3.558807616713196564e-01,-2.584750705693013599e-04,1.682132893655875728e-04,7.361670801860052959e-01,-3.862692396716390086e-01,-2.091309290192111189e-03,-3.291428264266940129e-01,1.420674865956681821e-03,1.882793510379963129e-03,7.117319086384259474e-01,-3.613922621163333515e-01,-1.811104634580316909e-03,4.549072458526425487e-18,3.548856262644355459e-17,4.096831563306381449e-17,1.999999999999995948e-01,1.999999999999997613e-01,-2.337755602113983390e-17,6.000000000000010880e-01,1.663327014008469089e-16,-8.271402615417657461e-16,2.484669677838069360e-16,1.999999999999991229e-01,-1.999999999999998446e-01,-2.880302689034496368e-17,6.000000000000020872e-01,-9.408741420703339520e-17,-1.552530973926652806e-15,-2.371480336666055960e-16
2.500000,0.000000000000000000e+00,0.000000000000000000e+00,7.594907452582463359e-01,1.000000000000000000e+00,0.000000000000000000e+00,0.000000000000000000e+00,0.000000000000000000e+00,-3.294754274729698729e-01,-7.842039913443039282e-05,4.203471930539816066e-05,6.984132821774484690e-01,-3.748715353722913979e-01,-6.404116366016954220e-04,-3.194120101122555067e-01,4.223550607526512998e-04,6.048492300748014097e-04,6.865165944404327814e-01,-3.648523250969972764e-01,-5.738017054846423614e-04,-5.499834469043752924e-18,-2.858046237214401640e-17,-4.882861257478667622e-18,1.999999999999998168e-01,1.999999999999999833e-01,4.056379048117629258e-17,6.000000000000004219e-01,1.048255374382501222e-16,-3.862765693296241427e-16,1.239313856699822749e-16,1.999999999999998446e-01,-1.999999999999999833e-01,1.074181795636213737e-17,6.000000000000006439e-01,-2.657875314158824863e-17,-6.134072432793531057e-16,-1.230176359705591212e-16
2.510000,-1.237980585726256141e-04,-4.423672564264830035e-07,7.595196152691365832e-01,1.000000000000000000e+00,0.000000000000000000e+00,0.000000000000000000e+00,0.000000000000000000e+00,-3.294754274729698729e-01,-7.842039913443039282e-05,4.203471930539816066e-05,6.984132821774484690e-01,-3.748715353722913979e-01,-6.404116366016954220e-04,-3.194120101122555067e-01,4.223550607526512998e-04,6.048492300748014097e-04,6.865165944404327814e-01,-3.648523250969972764e-01,-5.738017054846423614e-04,-5.499834469043752924e-18,-2.858046237214401640e-17,-4.882861257478667622e-18,1.999999999999998168e-01,1.999999999999999833e-01,4.056379048117629258e-17,6.000000000000004219e-01,1.048255374382501222e-16,-3.862765693296241427e-16,1.239313856699822749e-16,1.999999999999998446e-01,-1.999999999999999833e-01,1.074181795636213737e-17,6.000000000000006439e-01,-2.657875314158824863e-17,-6.134072432793531057e-16,-1.230176359705591212e-16
2.520000,-2.425829579195934763e-04,-8.489913859280620535e-07,7.595473669765306912e-01,1.000000000000000000e+00,0.000000000000000000e+00,0.000000000000000000e+00,0.000000000000000000e+00,-3.294754274729698729e-01,-7.842039913443039282e-05,4.203471930539816066e-05,6.984132821774484690e-01,-3.748715353722913979e-01,-6.404116366016954220e-04,-3.194120101122555067e-01,4.223550607526512998e-04,6.048492300748014097e-04,6.865165944404327814e-01,-3.648523250969972764e-01,-5.738017054846423614e-04,-5.499834469043752924e-18,-2.858046237214401640e-17,-4.882861257478667622e-18,1.999999999999998168e-01,1.999999999999999833e-01,4.056379048117629258e-17,6.000000000000004219e-01,1.048255374382501222e-16,-3.862765693296241427e-16,1.239313856699822749e-16,1.999999999999998446e-01,-1.999999999999999833e-01,1.074181795636213737e-17,6.000000000000006439e-01,-2.657875314158824863e-17,-6.134072432793531057e-16,-1.230176359705591212e-16
2.530000,-3.563522091185872937e-04,-1.220977846038461583e-06,7.595739966264102305e-01,1.000000000000000000e+00,0.000000000000000000e+00,0.000000000000000000e+00,0.000000000000000000e+00,-3.294754274729698729e-01,-7.842039913443039282e-05,4.203471930539816066e-05,6.984132821774484690e-01,-3.748715353722913979e-01,-6.404116366016954220e-04,-3.194120101122555067e-01,4.223550607526512998e-04,6.048492300748014097e-04,6.865165944404327814e-01,-3.648523250969972764e-01,-5.738017054846423614e-04,-5.499834469043752924e-18,-2.858046237214401640e-17,-4.882861257478667622e-18,1.999999999999998168e-01,1.999999999999999833e-01,4.056379048117629258e-17,6.000000000000004219e-01,1.048255374382501222e-16,-3.862765693296241427e-16,1.239313856699822749e-16,1.999999999999998446e-01,-1.999999999999999833e-01,1.074181795636213737e-17,6.000000000000006439e-01,-2.657875314158824863e-17,-6.134072432793531057e-16,-1.230176359705591212e-16
2.540000,-4.651033232473113189e-04,-1.559432094291475056e-06,7.595995004647567717e-01,1.000000000000000000e+00,0.000000000000000000e+00,0.000000000000000000e+00,0.000000000000000000e+00,-3.294754274729698729e-01,-7.842039913443039282e-05,4.203471930539816066e-05,6.984132821774484690e-01,-3.748715353722913979e-01,-6.404116366016954220e-04,-3.194120101122555067e-01,4.223550607526512998e-04,6.048492300748014097e-04,6.865165944404327814e-01,-3.648523250969972764e-01,-5.738017054846423614e-04,-5.499834469043752924e-18,-2.858046237214401640e-17,-4.882861257478667622e-18,1.999999999999998168e-01,1.999999999999999833e-01,4.056379048117629258e-17,6.000000000000004219e-01,1.048255374382501222e-16,-3.862765693296241427e-16,1.239313856699822749e-16,1.999999999999998446e-01,-1.999999999999999833e-01,1.074181795636213737e-17,6.000000000000006439e-01,-2.657875314158824863e-17,-6.134072432793531057e-16,-1.230176359705591212e-16
2.550000,-5.688338113834500451e-04,-1.865459588220833048e-06,7.596238747375518852e-01,1.000000000000000000e+00,0.000000000000000000e+00,0.000000000000000000e+00,0.000000000000000000e+00,-3.294754274729698729e-01,-7.842039913443039282e-05,4.203471930539816066e-05,6.984132821774484690e-01,-3.748715353722913979e-01,-6.404116366016954220e-04,-3.194120101122555067e-01,4.223550607526512998e-04,6.048492300748014097e-04,6.865165944404327814e-01,-3.648523250969972764e-01,-5.738017054846423614e-04,-5.499834469043752924e-18,-2.858046237214401640e-17,-4.882861257478667622e-18,1.999999999999998168e-01,1.999999999999999833e-01,4.056379048117629258e-17,6.000000000000004219e-01,1.048255374382501222e-16,-3.862765693296241427e-16,1.239313856699822749e-16,1.999999999999998446e-01,-1.999999999999999833e-01,1.074181795636213737e-17,6.000000000000006439e-01,-2.657875314158824863e-17,-6.134072432793531057e-16,-1.230176359705591212e-16
2.560000,-6.675411846047069660e-04,-2.140165785360322881e-06,7.596471156907770306e-01,1.000000000000000000e+00,0.000000000000000000e+00,0.000000000000000000e+00,0.000000000000000000e+00,-3.157644432710715043e-01,1.406161413226794806e-05,-9.028723829607534796e-06,6.769612881765836310e-01,-3.671469875949964212e-01,-2.378843886670935735e-04,-3.142145782036027679e-01,1.057141577562726426e-04,1.990273139902272686e-04,6.734291263592840915e-01,-3.627109722281735560e-01,-1.542342638799272959e-04,4.651910557083304136e-19,-4.126694132965252343e-18,-1.296421376973969393e-17,2.000000000000001776e-01,1.999999999999999833e-01,-2.063129812584854557e-18,5.999999999999996447e-01,8.149381901798510574e-17,6.424635058303642096e-18,1.177555706052347678e-16,1.999999999999999833e-01,-2.000000000000000944e-01,-2.111287837152526870e-17,5.999999999999999778e-01,4.568488188566576271e-17,-1.450797164797231336e-16,-3.350852409852655838e-17
2.570000,-7.612229539887670898e-04,-2.384656143243681272e-06,7.596692195704138895e-01,1.000000000000000000e+00,0.000000000000000000e+00,0.000000000000000000e+00,0.000000000000000000e+00,-3.157644432710715043e-01,1.406161413226794806e-05,-9.028723829607534796e-06,6.769612881765836310e-01,-3.671469875949964212e-01,-2.378843886670935735e-04,-3.142145782036027679e-01,1.057141577562726426e-04,1.990273139902272686e-04,6.734291263592840915e-01,-3.627109722281735560e-01,-1.542342638799272959e-04,4.651910557083304136e-19,-4.126694132965252343e-18,-1.296421376973969393e-17,2.000000000000001776e-01,1.999999999999999833e-01,-2.063129812584854557e-18,5.999999999999996447e-01,8.149381901798510574e-17,6.424635058303642096e-18,1.177555706052347678e-16,1.999999999999999833e-01,-2.000000000000000944e-01,-2.111287837152526870e-17,5.999999999999999778e-01,4.568488188566576271e-17,-1.450797164797231336e-16,-3.350852409852655838e-17
2.580000,-8.498766306133335308e-04,-2.600036119404689404e-06,7.596901826224438103e-01,1.000000000000000000e+00,0.000000000000000000e+00,0.000000000000000000e+00,0.000000000000000000e+00,-3.157644432710715043e-01,1.406161413226794806e-05,-9.028723829607534796e-06,6.769612881765836310e-01,-3.671469875949964212e-01,-2.378843886670935735e-04,-3.142145782036027679e-01,1.057141577562726426e-04,1.990273139902272686e-04,6.734291263592840915e-01,-3.627109722281735560e-01,-1.542342638799272959e-04,4.651910557083304136e-19,-4.126694132965252343e-18,-1.296421376973969393e-17,2.000000000000001776e-01,1.999999999999999833e-01,-2.063129812584854557e-18,5.999999999999996447e-01,8.149381901798510574e-17,6.424635058303642096e-18,1.177555706052347678e-16,1.999999999999999833e-01,-2.000000000000000944e-01,-2.111287837152526870e-17,5.999999999999999778e-01,4.568488188566576271e-17,-1.450797164797231336e-16,-3.350852409852655838e-17
2.590000,-9.334997255560921643e-04,-2.787411171377089919e-06,7.597100010928484748e-01,1.000000000000000000e+00,0.000000000000000000e+00,0.000000000000000000e+00,0.000000000000000000e+00,-3.157644432710715043e-01,1.406161413226794806e-05,-9.028723829607534796e-06,6.769612881765836310e-01,-3.671469875949964212e-01,-2.378843886670935735e-04,-3.142145782036027679e-01,1.057141577562726426e-04,1.990273139902272686e-04,6.734291263592840915e-01,-3.627109722281735560e-01,-1.542342638799272959e-04,4.651910557083304136e-19,-4.126694132965252343e-18,-1.296421376973969393e-17,2.000000000000001776e-01,1.999999999999999833e-01,-2.063129812584854557e-18,5.999999999999996447e-01,8.149381901798510574e-17,6.424635058303642096e-18,1.177555706052347678e-16,1.999999999999999833e-01,-2.000000000000000944e-01,-2.111287837152526870e-17,5.999999999999999778e-01,4.568488188566576271e-17,-1.450797164797231336e-16,-3.350852409852655838e-17
2.600000,-1.012089749894744912e-03,-2.947886756694658920e-06,7.597286712276093423e-01,1.000000000000000000e+00,0.000000000000000000e+00,0.000000000000000000e+00,0.000000000000000000e+00,-3.157644432710715043e-01,1.406161413226794806e-05,-9.028723829607534796e-06,6.769612881765836310e-01,-3.671469875949964212e-01,-2.378843886670935735e-04,-3.142145782036027679e-01,1.057141577562726426e-04,1.990273139902272686e-04,6.734291263592840915e-01,-3.627109722281735560e-01,-1.542342638799272959e-04,4.651910557083304136e-19,-4.126694132965252343e-18,-1.296421376973969393e-17,2.000000000000001776e-01,1.999999999999999833e-01,-2.063129812584854557e-18,5.999999999999996447e-01,8.149381901798510574e-17,6.424635058303642096e-18,1.177555706052347678e-16,1.999999999999999833e-01,-2.000000000000000944e-01,-2.111287837152526870e-17,5.999999999999999778e-01,4.568488188566576271e-17,-1.450797164797231336e-16,-3.350852409852655838e-17
2.610000,-1.085644214706978300e-03,-3.082568332891143285e-06,7.597461892727080945e-01,1.000000000000000000e+00,0.000000000000000000e+00,0.000000000000000000e+00,0.000000000000000000e+00,-3.157644432710715043e-01,1.406161413226794806e-05,-9.028723829607534796e-06,6.769612881765836310e-01,-3.671469875949964212e-01,-2.378843886670935735e-04,-3.142145782036027679e-01,1.057141577562726426e-04,1.990273139902272686e-04,6.734291263592840915e-01,-3.627109722281735560e-01,-1.542342638799272959e-04,4.651910557083304136e-19,-4.126694132965252343e-18,-1.296421376973969393e-17,2.000000000000001776e-01,1.999999999999999833e-01,-2.063129812584854557e-18,5.999999999999996447e-01,8.149381901798510574e-17,6.424635058303642096e-18,1.177555706052347678e-16,1.999999999999999833e-01,-2.000000000000000944e-01,-2.111287837152526870e-17,5.999999999999999778e-01,4.568488188566576271e-17,-1.450797164797231336e-16,-3.350852409852655838e-17
2.620000,-1.154160631070494034e-03,-3.192561357500315304e-06,7.597625514741260799e-01,1.000000000000000000e+00,0.000000000000000000e+00,0.000000000000000000e+00,0.000000000000000000e+00,-3.157644432710715043e-01,1.406161413226794806e-05,-9.028723829607534796e-06,6.769612881765836310e-01,-3.671469875949964212e-01,-2.378843886670935735e-04,-3.142145782036027679e-01,1.057141577562726426e-04,1.990273139902272686e-04,6.734291263592840915e-01,-3.627109722281735560e-01,-1.542342638799272959e-04,4.651910557083304136e-19,-4.126694132965252343e-18,-1.296421376973969393e-17,2.000000000000001776e-01,1.999999999999999833e-01,-2.063129812584854557e-18,5.999999999999996447e-01,8.149381901798510574e-17,6.424635058303642096e-18,1.177555706052347678e-16,1.999999999999999833e-01,-2.000000000000000944e-01,-2.111287837152526870e-17,5.999999999999999778e-01,4.568488188566576271e-17,-1.450797164797231336e-16,-3.350852409852655838e-17
2.630000,-1.217636510062979505e-03,-3.278971288055925667e-06,7.597777540778448691e-01,1.000000000000000000e+00,0.000000000000000000e+00,0.000000000000000000e+00,0.000000000000000000e+00,-3.157644432710715043e-01,1.406161413226794806e-05,-9.028723829607534796e-06,6.769612881765836310e-01,-3.671469875949964212e-01,-2.378843886670935735e-04,-3.142145782036027679e-01,1.057141577562726426e-04,1.990273139902272686e-04,6.734291263592840915e-01,-3.627109722281735560e-01,-1.542342638799272959e-04,4.651910557083304136e-19,-4.126694132965252343e-18,-1.296421376973969393e-17,2.000000000000001776e-01,1.999999999999999833e-01,-2.063129812584854557e-18,5.999999999999996447e-01,8.149381901798510574e-17,6.424635058303642096e-18,1.177555706052347678e-16,1.999999999999999833e-01,-2.000000000000000944e-01,-2.111287837152526870e-17,5.999999999999999778e-01,4.568488188566576271e-17,-1.450797164797231336e-16,-3.350852409852655838e-17
2.640000,-1.276069362762134686e-03,-3.342903582091742430e-06,7.597917933298461435e-01,1.000000000000000000e+00,0.000000000000000000e+00,0.000000000000000000e+00,0.000000000000000000e+00,-3.157644432710715043e-01,1.406161413226794806e-05,-9.028723829607534796e-06,6.769612881765836310e-01,-3.671469875949964212e-01,-2.378843886670935735e-04,-3.142145782036027679e-01,1.057141577562726426e-04,1.990273139902272686e-04,6.734291263592840915e-01,-3.627109722281735560e-01,-1.542342638799272959e-04,4.651910557083304136e-19,-4.126694132965252343e-18,-1.296421376973969393e-17,2.000000000000001776e-01,1.999999999999999833e-01,-2.063129812584854557e-18,5.999999999999996447e-01,8.149381901798510574e-17,6.424635058303642096e-18,1.177555706052347678e-16,1.999999999999999833e-01,-2.000000000000000944e-01,-2.111287837152526870e-17,5.999999999999999778e-01,4.568488188566576271e-17,-1.450797164797231336e-16,-3.350852409852655838e-17
2.650000,-1.329456700245648486e-03,-3.385463697141520093e-06,7.598046654761113627e-01,1.000000000000000000e+00,0.000000000000000000e+00,0.000000000000000000e+00,0.000000000000000000e+00,-3.157644432710715043e-01,1.406161413226794806e-05,-9.028723829607534796e-06,6.769612881765836310e-01,-3.671469875949964212e-01,-2.378843886670935735e-04,-3.142145782036027679e-01,1.057141577562726426e-04,1.990273139902272686e-04,6.734291263592840915e-01,-3.627109722281735560e-01,-1.542342638799272959e-04,4.651910557083304136e-19,-4.126694132965252343e-18,-1.296421376973969393e-17,2.000000000000001776e-01,1.999999999999999833e-01,-2.063129812584854557e-18,5.999999999999996447e-01,8.149381901798510574e-17,6.424635058303642096e-18,1.177555706052347678e-16,1.999999999999999833e-01,-2.000000000000000944e-01,-2.111287837152526870e-17,5.999999999999999778e-01,4.568488188566576271e-17,-1.450797164797231336e-16,-3.350852409852655838e-17
2.660000,-1.377796033591220225e-03,-3.407757090739023748e-06,7.598163667626219864e-01,1.000000000000000000e+00,0.000000000000000000e+00,0.000000000000000000e+00,0.000000000000000000e+00,-3.157644432710715043e-01,1.406161413226794806e-05,-9.028723829607534796e-06,6.769612881765836310e-01,-3.671469875949964212e-01,-2.378843886670935735e-04,-3.142145782036027679e-01,1.057141577562726426e-04,1.990273139902272686e-04,6.734291263592840915e-01,-3.627109722281735560e-01,-1.542342638799272959e-04,4.651910557083304136e-19,-4.126694132965252343e-18,-1.296421376973969393e-17,2.000000000000001776e-01,1.999999999999999833e-01,-2.063129812584854557e-18,5.999999999999996447e-01,8.149381901798510574e-17,6.424635058303642096e-18,1.177555706052347678e-16,1.999999999999999833e-01,-2.000000000000000944e-01,-2.111287837152526870e-17,5.999999999999999778e-01,4.568488188566576271e-17,-1.450797164797231336e-16,-3.350852409852655838e-17
2.670000,-1.421084873876539249e-03,-3.410889220418012978e-06,7.598268934353596959e-01,1.000000000000000000e+00,0.000000000000000000e+00,0.000000000000000000e+00,0.000000000000000000e+00,-3.157644432710715043e-01,1.406161413226794806e-05,-9.028723829607534796e-06,6.769612881765836310e-01,-3.671469875949964212e-01,-2.378843886670935735e-04,-3.142145782036027679e-01,1.057141577562726426e-04,1.990273139902272686e-04,6.734291263592840915e-01,-3.627109722281735560e-01,-1.542342638799272959e-04,4.651910557083304136e-19,-4.126694132965252343e-18,-1.296421376973969393e-17,2.000000000000001776e-01,1.999999999999999833e-01,-2.063129812584854557e-18,5.999999999999996447e-01,8.149381901798510574e-17,6.424635058303642096e-18,1.177555706052347678e-16,1.999999999999999833e-01,-2.000000000000000944e-01,-2.111287837152526870e-17,5.999999999999999778e-01,4.568488188566576271e-17,-1.450797164797231336e-16,-3.350852409852655838e-17
2.680000,-1.459320732179304010e-03,-3.395965543712244402e-06,7.598362417403059510e-01,1.000000000000000000e+00,0.000000000000000000e+00,0.000000000000000000e+00,0.000000000000000000e+00,-3.157644432710715043e-01,1.406161413226794806e-05,-9.028723829607534796e-06,6.769612881765836310e-01,-3.671469875949964212e-01,-2.378843886670935735e-04,-3.142145782036027679e-01,1.057141577562726426e-04,1.990273139902272686e-04,6.734291263592840915e-01,-3.627109722281735560e-01,-1.542342638799272959e-04,4.651910557083304136e-19,-4.126694132965252343e-18,-1.296421376973969393e-17,2.000000000000001776e-01,1.999999999999999833e-01,-2.063129812584854557e-18,5.999999999999996447e-01,8.149381901798510574e-17,6.424635058303642096e-18,1.177555706052347678e-16,1.999999999999999833e-01,-2.000000000000000944e-01,-2.111287837152526870e-17,5.999999999999999778e-01,4.568488188566576271e-17,-1.450797164797231336e-16,-3.350852409852655838e-17
2.690000,-1.492501119577204719e-03,-3.364091518155484806e-06,7.598444079234423221e-01,1.000000000000000000e+00,0.000000000000000000e+00,0.000000000000000000e+00,0.000000000000000000e+00,-3.157644432710715043e-01,1.406161413226794806e-05,-9.028723829607534796e-06,6.769612881765836310e-01,-3.671469875949964212e-01,-2.378843886670935735e-04,-3.142145782036027679e-01,1.057141577562726426e-04,1.990273139902272686e-04,6.734291263592840915e-01,-3.627109722281735560e-01,-1.542342638799272959e-04,4.651910557083304136e-19,-4.126694132965252343e-18,-1.296421376973969393e-17,2.000000000000001776e-01,1.999999999999999833e-01,-2.063129812584854557e-18,5.999999999999996447e-01,8.149381901798510574e-17,6.424635058303642096e-18,1.177555706052347678e-16,1.999999999999999833e-01,-2.000000000000000944e-01,-2.111287837152526870e-17,5.999999999999999778e-01,4.568488188566576271e-17,-1.450797164797231336e-16,-3.350852409852655838e-17
2.700000,-1.520623547147938962e-03,-3.316372601281489114e-06,7.598513882307503797e-01,1.000000000000000000e+00,0.000000000000000000e+00,0.000000000000000000e+00,0.000000000000000000e+00,-3.157644432710715043e-01,1.406161413226794806e-05,-9.028723829607534796e-06,6.769612881765836310e-01,-3.671469875949964212e-01,-2.378843886670935735e-04,-3.142145782036027679e-01,1.057141577562726426e-04,1.990273139902272686e-04,6.734291263592840915e-01,-3.627109722281735560e-01,-1.542342638799272959e-04,4.651910557083304136e-19,-4.126694132965252343e-18,-1.296421376973969393e-17,2.000000000000001776e-01,1.999999999999999833e-01,-2.063129812584854557e-18,5.999999999999996447e-01,8.149381901798510574e-17,6.424635058303642096e-18,1.177555706052347678e-16,1.999999999999999833e-01,-2.000000000000000944e-01,-2.111287837152526870e-17,5.999999999999999778e-01,4.568488188566576271e-17,-1.450797164797231336e-16,-3.350852409852655838e-17
2.710000,-1.543685525969198469e-03,-3.253914250624021146e-06,7.598571789082114725e-01,1.000000000000000000e+00,0.000000000000000000e+00,0.000000000000000000e+00,0.000000000000000000e+00,-3.157644432710715043e-01,1.406161413226794806e-05,-9.028723829607534796e-06,6.769612881765836310e-01,-3.671469875949964212e-01,-2.378843886670935735e-04,-3.142145782036027679e-01,1.057141577562726426e-04,1.990273139902272686e-04,6.734291263592840915e-01,-3.627109722281735560e-01,-1.542342638799272959e-04,4.651910557083304136e-19,-4.126694132965252343e-18,-1.296421376973969393e-17,2.000000000000001776e-01,1.999999999999999833e-01,-2.063129812584854557e-18,5.999999999999996447e-01,8.149381901798510574e-17,6.424635058303642096e-18,1.177555706052347678e-16,1.999999999999999833e-01,-2.000000000000000944e-01,-2.111287837152526870e-17,5.999999999999999778e-01,4.568488188566576271e-17,-1.450797164797231336e-16,-3.350852409852655838e-17
2.720000,-1.561684567118679307e-03,-3.177821923716838369e-06,7.598617762018073929e-01,1.000000000000000000e+00,0.000000000000000000e+00,0.000000000000000000e+00,0.000000000000000000e+00,-3.157644432710715043e-01,1.406161413226794806e-05,-9.028723829607534796e-06,6.769612881765836310e-01,-3.671469875949964212e-01,-2.378843886670935735e-04,-3.142145782036027679e-01,1.057141577562726426e-04,1.990273139902272686e-04,6.734291263592840915e-01,-3.627109722281735560e-01,-1.542342638799272959e-04,4.651910557083304136e-19,-4.126694132965252343e-18,-1.296421376973969393e-17,2.000000000000001776e-01,1.999999999999999833e-01,-2.063129812584854557e-18,5.999999999999996447e-01,8.149381901798510574e-17,6.424635058303642096e-18,1.177555706052347678e-16,1.999999999999999833e-01,-2.000000000000000944e-01,-2.111287837152526870e-17,5.999999999999999778e-01,4.568488188566576271e-17,-1.450797164797231336e-16,-3.350852409852655838e-17
2.730000,-1.574618181674074507e-03,-3.089201078093708837e-06,7.598651763575196005e-01,1.000000000000000000e+00,0.000000000000000000e+00,0.000000000000000000e+00,0.000000000000000000e+00,-3.157644432710715043e-01,1.406161413226794806e-05,-9.028723829607534796e-06,6.769612881765836310e-01,-3.671469875949964212e-01,-2.378843886670935735e-04,-3.142145782036027679e-01,1.057141577562726426e-04,1.990273139902272686e-04,6.734291263592840915e-01,-3.627109722281735560e-01,-1.542342638799272959e-04,4.651910557083304136e-19,-4.126694132965252343e-18,-1.296421376973969393e-17,2.000000000000001776e-01,1.999999999999999833e-01,-2.063129812584854557e-18,5.999999999999996447e-01,8.149381901798510574e-17,6.424635058303642096e-18,1.177555706052347678e-16,1.999999999999999833e-01,-2.000000000000000944e-01,-2.111287837152526870e-17,5.999999999999999778e-01,4.568488188566576271e-17,-1.450797164797231336e-16,-3.350852409852655838e-17
2.740000,-1.582483880713078618e-03,-2.989157171288380700e-06,7.598673756213296659e-01,1.000000000000000000e+00,0.000000000000000000e+00,0.000000000000000000e+00,0.000000000000000000e+00,-3.157644432710715043e-01,1.406161413226794806e-05,-9.028723829607534796e-06,6.769612881765836310e-01,-3.671469875949964212e-01,-2.378843886670935735e-04,-3.142145782036027679e-01,1.057141577562726426e-04,1.990273139902272686e-04,6.734291263592840915e-01,-3.627109722281735560e-01,-1.542342638799272959e-04,4.651910557083304136e-19,-4.126694132965252343e-18,-1.296421376973969393e-17,2.000000000000001776e-01,1.999999999999999833e-01,-2.063129812584854557e-18,5.999999999999996447e-01,8.149381901798510574e-17,6.424635058303642096e-18,1.177555706052347678e-16,1.999999999999999833e-01,-2.000000000000000944e-01,-2.111287837152526870e-17,5.999999999999999778e-01,4.568488188566576271e-17,-1.450797164797231336e-16,-3.350852409852655838e-17
2.750000,-1.585279175313385538e-03,-2.878795660834626670e-06,7.598683702392189376e-01,1.000000000000000000e+00,0.000000000000000000e+00,0.000000000000000000e+00,0.000000000000000000e+00,-3.157644432710715043e-01,1.406161413226794806e-05,-9.028723829607534796e-06,6.769612881765836310e-01,-3.671469875949964212e-01,-2.378843886670935735e-04,-3.142145782036027679e-01,1.057141577562726426e-04,1.990273139902272686e-04,6.734291263592840915e-01,-3.627109722281735560e-01,-1.542342638799272959e-04,4.651910557083304136e-19,-4.126694132965252343e-18,-1.296421376973969393e-17,2.000000000000001776e-01,1.999999999999999833e-01,-2.063129812584854557e-18,5.999999999999996447e-01,8.149381901798510574e-17,6.424635058303642096e-18,1.177555706052347678e-16,1.999999999999999833e-01,-2.000000000000000944e-01,-2.111287837152526870e-17,5.999999999999999778e-01,4.568488188566576271e-17,-1.450797164797231336e-16,-3.350852409852655838e-17
2.760000,-1.583001576552689818e-03,-2.759222004266202944e-06,7.598681564571692082e-01,1.000000000000000000e+00,0.000000000000000000e+00,0.000000000000000000e+00,0.000000000000000000e+00,-3.157644432710715043e-01,1.406161413226794806e-05,-9.028723829607534796e-06,6.769612881765836310e-01,-3.671469875949964212e-01,-2.378843886670935735e-04,-3.142145782036027679e-01,1.057141577562726426e-04,1.990273139902272686e-04,6.734291263592840915e-01,-3.627109722281735560e-01,-1.542342638799272959e-04,4.651910557083304136e-19,-4.126694132965252343e-18,-1.296421376973969393e-17,2.000000000000001776e-01,1.999999999999999833e-01,-2.063129812584854557e-18,5.999999999999996447e-01,8.149381901798510574e-17,6.424635058303642096e-18,1.177555706052347678e-16,1.999999999999999833e-01,-2.000000000000000944e-01,-2.111287837152526870e-17,5.999999999999999778e-01,4.568488188566576271e-17,-1.450797164797231336e-16,-3.350852409852655838e-17
2.770000,-1.575648595508685138e-03,-2.631541659116862754e-06,7.598667305211618261e-01,1.000000000000000000e+00,0.000000000000000000e+00,0.000000000000000000e+00,0.000000000000000000e+00,-3.157644432710715043e-01,1.406161413226794806e-05,-9.028723829607534796e-06,6.769612881765836310e-01,-3.671469875949964212e-01,-2.378843886670935735e-04,-3.142145782036027679e-01,1.057141577562726426e-04,1.990273139902272686e-04,6.734291263592840915e-01,-3.627109722281735560e-01,-1.542342638799272959e-04,4.651910557083304136e-19,-4.126694132965252343e-18,-1.296421376973969393e-17,2.000000000000001776e-01,1.999999999999999833e-01,-2.063129812584854557e-18,5.999999999999996447e-01,8.149381901798510574e-17,6.424635058303642096e-18,1.177555706052347678e-16,1.999999999999999833e-01,-2.000000000000000944e-01,-2.111287837152526870e-17,5.999999999999999778e-01,4.568488188566576271e-17,-1.450797164797231336e-16,-3.350852409852655838e-17
2.780000,-1.563217743259066699e-03,-2.496860082920378813e-06,7.598640886771784730e-01,1.000000000000000000e+00,0.000000000000000000e+00,0.000000000000000000e+00,0.000000000000000000e+00,-3.157644432710715043e-01,1.406161413226794806e-05,-9.028723829607534796e-06,6.769612881765836310e-01,-3.671469875949964212e-01,-2.378843886670935735e-04,-3.142145782036027679e-01,1.057141577562726426e-04,1.990273139902272686e-04,6.734291263592840915e-01,-3.627109722281735560e-01,-1.542342638799272959e-04,4.651910557083304136e-19,-4.126694132965252343e-18,-1.296421376973969393e-17,2.000000000000001776e-01,1.999999999999999833e-01,-2.063129812584854557e-18,5.999999999999996447e-01,8.149381901798510574e-17,6.424635058303642096e-18,1.177555706052347678e-16,1.999999999999999833e-01,-2.000000000000000944e-01,-2.111287837152526870e-17,5.999999999999999778e-01,4.568488188566576271e-17,-1.450797164797231336e-16,-3.350852409852655838e-17
2.790000,-1.545706530881526663e-03,-2.356282733210497575e-06,7.598602271712006084e-01,1.000000000000000000e+00,0.000000000000000000e+00,0.000000000000000000e+00,0.000000000000000000e+00,-3.157644432710715043e-01,1.406161413226794806e-05,-9.028723829607534796e-06,6.769612881765836310e-01,-3.671469875949964212e-01,-2.378843886670935735e-04,-3.142145782036027679e-01,1.057141577562726426e-04,1.990273139902272686e-04,6.734291263592840915e-01,-3.627109722281735560e-01,-1.542342638799272959e-04,4.651910557083304136e-19,-4.126694132965252343e-18,-1.296421376973969393e-17,2.000000000000001776e-01,1.999999999999999833e-01,-2.063129812584854557e-18,5.999999999999996447e-01,8.149381901798510574e-17,6.424635058303642096e-18,1.177555706052347678e-16,1.999999999999999833e-01,-2.000000000000000944e-01,-2.111287837152526870e-17,5.999999999999999778e-01,4.568488188566576271e-17,-1.450797164797231336e-16,-3.350852409852655838e-17
2.800000,-1.523112469453761749e-03,-2.210915067520995143e-06,7.598551422492098029e-01,1.000000000000000000e+00,0.000000000000000000e+00,0.000000000000000000e+00,0.000000000000000000e+00,-3.157644432710715043e-01,1.406161413226794806e-05,-9.028723829607534796e-06,6.769612881765836310e-01,-3.671469875949964212e-01,-2.378843886670935735e-04,-3.142145782036027679e-01,1.057141577562726426e-04,1.990273139902272686e-04,6.734291263592840915e-01,-3.627109722281735560e-01,-1.542342638799272959e-04,4.651910557083304136e-19,-4.126694132965252343e-18,-1.296421376973969393e-17,2.000000000000001776e-01,1.999999999999999833e-01,-2.063129812584854557e-18,5.999999999999996447e-01,8.149381901798510574e-17,6.424635058303642096e-18,1.177555706052347678e-16,1.999999999999999833e-01,-2.000000000000000944e-01,-2.111287837152526870e-17,5.999999999999999778e-01,4.568488188566576271e-17,-1.450797164797231336e-16,-3.350852409852655838e-17
2.810000,-1.495433070053463903e-03,-2.061862543385618395e-06,7.598488301571875159e-01,1.000000000000000000e+00,0.000000000000000000e+00,0.000000000000000000e+00,0.000000000000000000e+00,-3.157644432710715043e-01,1.406161413226794806e-05,-9.028723829607534796e-06,6.769612881765836310e-01,-3.671469875949964212e-01,-2.378843886670935735e-04,-3.142145782036027679e-01,1.057141577562726426e-04,1.990273139902272686e-04,6.734291263592840915e-01,-3.627109722281735560e-01,-1.542342638799272959e-04,4.651910557083304136e-19,-4.126694132965252343e-18,-1.296421376973969393e-17,2.000000000000001776e-01,1.999999999999999833e-01,-2.063129812584854557e-18,5.999999999999996447e-01,8.149381901798510574e-17,6.424635058303642096e-18,1.177555706052347678e-16,1.999999999999999833e-01,-2.000000000000000944e-01,-2.111287837152526870e-17,5.999999999999999778e-01,4.568488188566576271e-17,-1.450797164797231336e-16,-3.350852409852655838e-17
2.820000,-1.462665843758329627e-03,-1.910230618338140891e-06,7.598412871411154290e-01,1.000000000000000000e+00,0.000000000000000000e+00,0.000000000000000000e+00,0.000000000000000000e+00,-3.157644432710715043e-01,1.406161413226794806e-05,-9.028723829607534796e-06,6.769612881765836310e-01,-3.671469875949964212e-01,-2.378843886670935735e-04,-3.142145782036027679e-01,1.057141577562726426e-04,1.990273139902272686e-04,6.734291263592840915e-01,-3.627109722281735560e-01,-1.542342638799272959e-04,4.651910557083304136e-19,-4.126694132965252343e-18,-1.296421376973969393e-17,2.000000000000001776e-01,1.999999999999999833e-01,-2.063129812584854557e-18,5.999999999999996447e-01,8.149381901798510574e-17,6.424635058303642096e-18,1.177555706052347678e-16,1.999999999999999833e-01,-2.000000000000000944e-01,-2.111287837152526870e-17,5.999999999999999778e-01,4.568488188566576271e-17,-1.450797164797231336e-16,-3.350852409852655838e-17
2.830000,-1.424808301646049782e-03,-1.757124749912307393e-06,7.598325094469750018e-01,1.000000000000000000e+00,0.000000000000000000e+00,0.000000000000000000e+00,0.000000000000000000e+00,-3.157644432710715043e-01,1.406161413226794806e-05,-9.028723829607534796e-06,6.769612881765836310e-01,-3.671469875949964212e-01,-2.378843886670935735e-04,-3.142145782036027679e-01,1.057141577562726426e-04,1.990273139902272686e-04,6.734291263592840915e-01,-3.627109722281735560e-01,-1.542342638799272959e-04,4.651910557083304136e-19,-4.126694132965252343e-18,-1.296421376973969393e-17,2.000000000000001776e-01,1.999999999999999833e-01,-2.063129812584854557e-18,5.999999999999996447e-01,8.149381901798510574e-17,6.424635058303642096e-18,1.177555706052347678e-16,1.999999999999999833e-01,-2.000000000000000944e-01,-2.111287837152526870e-17,5.999999999999999778e-01,4.568488188566576271e-17,-1.450797164797231336e-16,-3.350852409852655838e-17
2.840000,-1.381857954794322822e-03,-1.603650395641896966e-06,7.598224933207478049e-01,1.000000000000000000e+00,0.000000000000000000e+00,0.000000000000000000e+00,0.000000000000000000e+00,-3.157644432710715043e-01,1.406161413226794806e-05,-9.028723829607534796e-06,6.769612881765836310e-01,-3.671469875949964212e-01,-2.378843886670935735e-04,-3.142145782036027679e-01,1.057141577562726426e-04,1.990273139902272686e-04,6.734291263592840915e-01,-3.627109722281735560e-01,-1.542342638799272959e-04,4.651910557083304136e-19,-4.126694132965252343e-18,-1.296421376973969393e-17,2.000000000000001776e-01,1.999999999999999833e-01,-2.063129812584854557e-18,5.999999999999996447e-01,8.149381901798510574e-17,6.424635058303642096e-18,1.177555706052347678e-16,1.999999999999999833e-01,-2.000000000000000944e-01,-2.111287837152526870e-17,5.999999999999999778e-01,4.568488188566576271e-17,-1.450797164797231336e-16,-3.350852409852655838e-17
2.850000,-1.333812314280838308e-03,-1.450913013060650561e-06,7.598112350084152977e-01,1.000000000000000000e+00,0.000000000000000000e+00,0.000000000000000000e+00,0.000000000000000000e+00,-3.157644432710715043e-01,1.406161413226794806e-05,-9.028723829607534796e-06,6.769612881765836310e-01,-3.671469875949964212e-01,-2.378843886670935735e-04,-3.142145782036027679e-01,1.057141577562726426e-04,1.990273139902272686e-04,6.734291263592840915e-01,-3.627109722281735560e-01,-1.542342638799272959e-04,4.651910557083304136e-19,-4.126694132965252343e-18,-1.296421376973969393e-17,2.000000000000001776e-01,1.999999999999999833e-01,-2.063129812584854557e-18,5.999999999999996447e-01,8.149381901798510574e-17,6.424635058303642096e-18,1.177555706052347678e-16,1.999999999999999833e-01,-2.000000000000000944e-01,-2.111287837152526870e-17,5.999999999999999778e-01,4.568488188566576271e-17,-1.450797164797231336e-16,-3.350852409852655838e-17
2.860000,-1.280668891183294475e-03,-1.300018059702345125e-06,7.597987307559591619e-01,1.000000000000000000e+00,0.000000000000000000e+00,0.000000000000000000e+00,0.000000000000000000e+00,-3.157644432710715043e-01,1.406161413226794806e-05,-9.028723829607534796e-06,6.769612881765836310e-01,-3.671469875949964212e-01,-2.378843886670935735e-04,-3.142145782036027679e-01,1.057141577562726426e-04,1.990273139902272686e-04,6.734291263592840915e-01,-3.627109722281735560e-01,-1.542342638799272959e-04,4.651910557083304136e-19,-4.126694132965252343e-18,-1.296421376973969393e-17,2.000000000000001776e-01,1.999999999999999833e-01,-2.063129812584854557e-18,5.999999999999996447e-01,8.149381901798510574e-17,6.424635058303642096e-18,1.177555706052347678e-16,1.999999999999999833e-01,-2.000000000000000944e-01,-2.111287837152526870e-17,5.999999999999999778e-01,4.568488188566576271e-17,-1.450797164797231336e-16,-3.350852409852655838e-17
2.870000,-1.222425196579382187e-03,-1.152070993100729867e-06,7.597849768093608569e-01,1.000000000000000000e+00,0.000000000000000000e+00,0.000000000000000000e+00,0.000000000000000000e+00,-3.157644432710715043e-01,1.406161413226794806e-05,-9.028723829607534796e-06,6.769612881765836310e-01,-3.671469875949964212e-01,-2.378843886670935735e-04,-3.142145782036027679e-01,1.057141577562726426e-04,1.990273139902272686e-04,6.734291263592840915e-01,-3.627109722281735560e-01,-1.542342638799272959e-04,4.651910557083304136e-19,-4.126694132965252343e-18,-1.296421376973969393e-17,2.000000000000001776e-01,1.999999999999999833e-01,-2.063129812584854557e-18,5.999999999999996447e-01,8.149381901798510574e-17,6.424635058303642096e-18,1.177555706052347678e-16,1.999999999999999833e-01,-2.000000000000000944e-01,-2.111287837152526870e-17,5.999999999999999778e-01,4.568488188566576271e-17,-1.450797164797231336e-16,-3.350852409852655838e-17
2.880000,-1.159078741546799244e-03,-1.008177270789573900e-06,7.597699694146018423e-01,1.000000000000000000e+00,0.000000000000000000e+00,0.000000000000000000e+00,0.000000000000000000e+00,-3.157644432710715043e-01,1.406161413226794806e-05,-9.028723829607534796e-06,6.769612881765836310e-01,-3.671469875949964212e-01,-2.378843886670935735e-04,-3.142145782036027679e-01,1.057141577562726426e-04,1.990273139902272686e-04,6.734291263592840915e-01,-3.627109722281735560e-01,-1.542342638799272959e-04,4.651910557083304136e-19,-4.126694132965252343e-18,-1.296421376973969393e-17,2.000000000000001776e-01,1.999999999999999833e-01,-2.063129812584854557e-18,5.999999999999996447e-01,8.149381901798510574e-17,6.424635058303642096e-18,1.177555706052347678e-16,1.999999999999999833e-01,-2.000000000000000944e-01,-2.111287837152526870e-17,5.999999999999999778e-01,4.568488188566576271e-17,-1.450797164797231336e-16,-3.350852409852655838e-17
2.890000,-1.090627037163235643e-03,-8.694423503026307736e-07,7.597537048176637997e-01,1.000000000000000000e+00,0.000000000000000000e+00,0.000000000000000000e+00,0.000000000000000000e+00,-3.157644432710715043e-01,1.406161413226794806e-05,-9.028723829607534796e-06,6.769612881765836310e-01,-3.671469875949964212e-01,-2.378843886670935735e-04,-3.142145782036027679e-01,1.057141577562726426e-04,1.990273139902272686e-04,6.734291263592840915e-01,-3.627109722281735560e-01,-1.542342638799272959e-04,4.651910557083304136e-19,-4.126694132965252343e-18,-1.296421376973969393e-17,2.000000000000001776e-01,1.999999999999999833e-01,-2.063129812584854557e-18,5.999999999999996447e-01,8.149381901798510574e-17,6.424635058303642096e-18,1.177555706052347678e-16,1.999999999999999833e-01,-2.000000000000000944e-01,-2.111287837152526870e-17,5.999999999999999778e-01,4.568488188566576271e-17,-1.450797164797231336e-16,-3.350852409852655838e-17
2.900000,-1.017067594506390268e-03,-7.369716891736675887e-07,7.597361792645281886e-01,1.000000000000000000e+00,0.000000000000000000e+00,0.000000000000000000e+00,0.000000000000000000e+00,-3.157644432710715043e-01,1.406161413226794806e-05,-9.028723829607534796e-06,6.769612881765836310e-01,-3.671469875949964212e-01,-2.378843886670935735e-04,-3.142145782036027679e-01,1.057141577562726426e-04,1.990273139902272686e-04,6.734291263592840915e-01,-3.627109722281735560e-01,-1.542342638799272959e-04,4.651910557083304136e-19,-4.126694132965252343e-18,-1.296421376973969393e-17,2.000000000000001776e-01,1.999999999999999833e-01,-2.063129812584854557e-18,5.999999999999996447e-01,8.149381901798510574e-17,6.424635058303642096e-18,1.177555706052347678e-16,1.999999999999999833e-01,-2.000000000000000944e-01,-2.111287837152526870e-17,5.999999999999999778e-01,4.568488188566576271e-17,-1.450797164797231336e-16,-3.350852409852655838e-17
2.910000,-9.383979246539511654e-04,-6.118707449364332362e-07,7.597173890011766906e-01,1.000000000000000000e+00,0.000000000000000000e+00,0.000000000000000000e+00,0.000000000000000000e+00,-3.157644432710715043e-01,1.406161413226794806e-05,-9.028723829607534796e-06,6.769612881765836310e-01,-3.671469875949964212e-01,-2.378843886670935735e-04,-3.142145782036027679e-01,1.057141577562726426e-04,1.990273139902272686e-04,6.734291263592840915e-01,-3.627109722281735560e-01,-1.542342638799272959e-04,4.651910557083304136e-19,-4.126694132965252343e-18,-1.296421376973969393e-17,2.000000000000001776e-01,1.999999999999999833e-01,-2.063129812584854557e-18,5.999999999999996447e-01,8.149381901798510574e-17,6.424635058303642096e-18,1.177555706052347678e-16,1.999999999999999833e-01,-2.000000000000000944e-01,-2.111287837152526870e-17,5.999999999999999778e-01,4.568488188566576271e-17,-1.450797164797231336e-16,-3.350852409852655838e-17
2.920000,-8.546155386836198214e-04,-4.952449751247018058e-07,7.596973302735905431e-01,1.000000000000000000e+00,0.000000000000000000e+00,0.000000000000000000e+00,0.000000000000000000e+00,-3.157644432710715043e-01,1.406161413226794806e-05,-9.028723829607534796e-06,6.769612881765836310e-01,-3.671469875949964212e-01,-2.378843886670935735e-04,-3.142145782036027679e-01,1.057141577562726426e-04,1.990273139902272686e-04,6.734291263592840915e-01,-3.627109722281735560e-01,-1.542342638799272959e-04,4.651910557083304136e-19,-4.126694132965252343e-18,-1.296421376973969393e-17,2.000000000000001776e-01,1.999999999999999833e-01,-2.063129812584854557e-18,5.999999999999996447e-01,8.149381901798510574e-17,6.424635058303642096e-18,1.177555706052347678e-16,1.999999999999999833e-01,-2.000000000000000944e-01,-2.111287837152526870e-17,5.999999999999999778e-01,4.568488188566576271e-17,-1.450797164797231336e-16,-3.350852409852655838e-17
2.930000,-7.657179476730827626e-04,-3.881998372722247289e-07,7.596759993277516498e-01,1.000000000000000000e+00,0.000000000000000000e+00,0.000000000000000000e+00,0.000000000000000000e+00,-3.157644432710715043e-01,1.406161413226794806e-05,-9.028723829607534796e-06,6.769612881765836310e-01,-3.671469875949964212e-01,-2.378843886670935735e-04,-3.142145782036027679e-01,1.057141577562726426e-04,1.990273139902272686e-04,6.734291263592840915e-01,-3.627109722281735560e-01,-1.542342638799272959e-04,4.651910557083304136e-19,-4.126694132965252343e-18,-1.296421376973969393e-17,2.000000000000001776e-01,1.999999999999999833e-01,-2.063129812584854557e-18,5.999999999999996447e-01,8.149381901798510574e-17,6.424635058303642096e-18,1.177555706052347678e-16,1.999999999999999833e-01,-2.000000000000000944e-01,-2.111287837152526870e-17,5.999999999999999778e-01,4.568488188566576271e-17,-1.450797164797231336e-16,-3.350852409852655838e-17
2.940000,-6.717026627000419105e-04,-2.918407889127689486e-07,7.596533924096412482e-01,1.000000000000000000e+00,0.000000000000000000e+00,0.000000000000000000e+00,0.000000000000000000e+00,-3.157644432710715043e-01,1.406161413226794806e-05,-9.028723829607534796e-06,6.769612881765836310e-01,-3.671469875949964212e-01,-2.378843886670935735e-04,-3.142145782036027679e-01,1.057141577562726426e-04,1.990273139902272686e-04,6.734291263592840915e-01,-3.627109722281735560e-01,-1.542342638799272959e-04,4.651910557083304136e-19,-4.126694132965252343e-18,-1.296421376973969393e-17,2.000000000000001776e-01,1.999999999999999833e-01,-2.063129812584854557e-18,5.999999999999996447e-01,8.149381901798510574e-17,6.424635058303642096e-18,1.177555706052347678e-16,1.999999999999999833e-01,-2.000000000000000944e-01,-2.111287837152526870e-17,5.999999999999999778e-01,4.568488188566576271e-17,-1.450797164797231336e-16,-3.350852409852655838e-17
2.950000,-5.725671948421841165e-04,-2.072732875800933079e-07,7.596295057652410199e-01,1.000000000000000000e+00,0.000000000000000000e+00,0.000000000000000000e+00,0.000000000000000000e+00,-3.157644432710715043e-01,1.406161413226794806e-05,-9.028723829607534796e-06,6.769612881765836310e-01,-3.671469875949964212e-01,-2.378843886670935735e-04,-3.142145782036027679e-01,1.057141577562726426e-04,1.990273139902272686e-04,6.734291263592840915e-01,-3.627109722281735560e-01,-1.542342638799272959e-04,4.651910557083304136e-19,-4.126694132965252343e-18,-1.296421376973969393e-17,2.000000000000001776e-01,1.999999999999999833e-01,-2.063129812584854557e-18,5.999999999999996447e-01,8.149381901798510574e-17,6.424635058303642096e-18,1.177555706052347678e-16,1.999999999999999833e-01,-2.000000000000000944e-01,-2.111287837152526870e-17,5.999999999999999778e-01,4.568488188566576271e-17,-1.450797164797231336e-16,-3.350852409852655838e-17
2.960000,-4.683090551772111395e-04,-1.356027908079569145e-07,7.596043356405325353e-01,1.000000000000000000e+00,0.000000000000000000e+00,0.000000000000000000e+00,0.000000000000000000e+00,-3.157644432710715043e-01,1.406161413226794806e-05,-9.028723829607534796e-06,6.769612881765836310e-01,-3.671469875949964212e-01,-2.378843886670935735e-04,-3.142145782036027679e-01,1.057141577562726426e-04,1.990273139902272686e-04,6.734291263592840915e-01,-3.627109722281735560e-01,-1.542342638799272959e-04,4.651910557083304136e-19,-4.126694132965252343e-18,-1.296421376973969393e-17,2.000000000000001776e-01,1.999999999999999833e-01,-2.063129812584854557e-18,5.999999999999996447e-01,8.149381901798510574e-17,6.424635058303642096e-18,1.177555706052347678e-16,1.999999999999999833e-01,-2.000000000000000944e-01,-2.111287837152526870e-17,5.999999999999999778e-01,4.568488188566576271e-17,-1.450797164797231336e-16,-3.350852409852655838e-17
2.970000,-3.589257547828079878e-04,-7.793475613011368827e-08,7.595778782814972541e-01,1.000000000000000000e+00,0.000000000000000000e+00,0.000000000000000000e+00,0.000000000000000000e+00,-3.157644432710715043e-01,1.406161413226794806e-05,-9.028723829607534796e-06,6.769612881765836310e-01,-3.671469875949964212e-01,-2.378843886670935735e-04,-3.142145782036027679e-01,1.057141577562726426e-04,1.990273139902272686e-04,6.734291263592840915e-01,-3.627109722281735560e-01,-1.542342638799272959e-04,4.651910557083304136e-19,-4.126694132965252343e-18,-1.296421376973969393e-17,2.000000000000001776e-01,1.999999999999999833e-01,-2.063129812584854557e-18,5.999999999999996447e-01,8.149381901798510574e-17,6.424635058303642096e-18,1.177555706052347678e-16,1.999999999999999833e-01,-2.000000000000000944e-01,-2.111287837152526870e-17,5.999999999999999778e-01,4.568488188566576271e-17,-1.450797164797231336e-16,-3.350852409852655838e-17
2.980000,-2.444148047366786970e-04,-3.537464108033291458e-08,7.595501299341168577e-01,1.000000000000000000e+00,0.000000000000000000e+00,0.000000000000000000e+00,0.000000000000000000e+00,-3.157644432710715043e-01,1.406161413226794806e-05,-9.028723829607534796e-06,6.769612881765836310e-01,-3.671469875949964212e-01,-2.378843886670935735e-04,-3.142145782036027679e-01,1.057141577562726426e-04,1.990273139902272686e-04,6.734291263592840915e-01,-3.627109722281735560e-01,-1.542342638799272959e-04,4.651910557083304136e-19,-4.126694132965252343e-18,-1.296421376973969393e-17,2.000000000000001776e-01,1.999999999999999833e-01,-2.063129812584854557e-18,5.999999999999996447e-01,8.149381901798510574e-17,6.424635058303642096e-18,1.177555706052347678e-16,1.999999999999999833e-01,-2.000000000000000944e-01,-2.111287837152526870e-17,5.999999999999999778e-01,4.568488188566576271e-17,-1.450797164797231336e-16,-3.350852409852655838e-17
2.990000,-1.247737161165082213e-04,-9.027903192378747030e-09,7.595210868443725838e-01,1.000000000000000000e+00,0.000000000000000000e+00,0.000000000000000000e+00,0.000000000000000000e+00,-3.157644432710715043e-01,1.406161413226794806e-05,-9.028723829607534796e-06,6.769612881765836310e-01,-3.671469875949964212e-01,-2.378843886670935735e-04,-3.142145782036027679e-01,1.057141577562726426e-04,1.990273139902272686e-04,6.734291263592840915e-01,-3.627109722281735560e-01,-1.542342638799272959e-04,4.651910557083304136e-19,-4.126694132965252343e-18,-1.296421376973969393e-17,2.000000000000001776e-01,1.999999999999999833e-01,-2.063129812584854557e-18,5.999999999999996447e-01,8.149381901798510574e-17,6.424635058303642096e-18,1.177555706052347678e-16,1.999999999999999833e-01,-2.000000000000000944e-01,-2.111287837152526870e-17,5.999999999999999778e-01,4.568488188566576271e-17,-1.450797164797231336e-16,-3.350852409852655838e-17
3.000000,0.000000000000000000e+00,0.000000000000000000e+00,7.594907452582463359e-01,1.000000000000000000e+00,0.000000000000000000e+00,0.000000000000000000e+00,0.000000000000000000e+00,-3.157644432710715043e-01,1.406161413226794806e-05,-9.028723829607534796e-06,6.769612881765836310e-01,-3.671469875949964212e-01,-2.378843886670935735e-04,-3.142145782036027679e-01,1.057141577562726426e-04,1.990273139902272686e-04,6.734291263592840915e-01,-3.627109722281735560e-01,-1.542342638799272959e-04,4.651910557083304136e-19,-4.126694132965252343e-18,-1.296421376973969393e-17,2.000000000000001776e-01,1.999999999999999833e-01,-2.063129812584854557e-18,5.999999999999996447e-01,8.149381901798510574e-17,6.424635058303642096e-18,1.177555706052347678e-16,1.999999999999999833e-01,-2.000000000000000944e-01,-2.111287837152526870e-17,5.999999999999999778e-01,4.568488188566576271e-17,-1.450797164797231336e-16,-3.350852409852655838e-17
3.010000,3.059466829775759657e-03,0.000000000000000000e+00,7.587485170213266183e-01,1.000000000000000000e+00,0.000000000000000000e+00,0.000000000000000000e+00,0.000000000000000000e+00,-3.164100538996225676e-01,-3.227179536037612839e-05,-2.282162266666767458e-07,6.836924911476784938e-01,-3.658124593052014539e-01,-4.187734143464035929e-05,-3.297407271373999360e-01,-2.904318779830978030e-05,1.092228196727551993e-04,6.946247001514903596e-01,-3.701862964263942235e-01,9.877014299045400354e-04,3.776581853774871299e-20,5.551085098605339857e-21,6.268869087108728561e-18,1.999999999999999556e-01,1.999999999999999001e-01,-1.843404797630951205e-17,6.000000000000001998e-01,1.116806413843586467e-16,-2.303966647272919345e-16,1.595047348517588747e-16,1.999999999999997891e-01,-2.000000000000000111e-01,7.116203470675130989e-18,6.000000000000005329e-01,-2.199173052871487706e-17,-4.659080366235162415e-16,-1.159577919237577354e-16
3.020000,6.125445704926991974e-03,0.000000000000000000e+00,7.580092726947040838e-01,1.000000000000000000e+00,0.000000000000000000e+00,0.000000000000000000e+00,0.000000000000000000e+00,-3.195602374248178723e-01,-8.326120329566390080e-05,7.972307802145883662e-06,6.973358909341371703e-01,-3.666080585392591518e-01,5.019285189039097593e-05,-3.522052359221425899e-01,-1.364254891061701929e-04,1.349988695079195472e-04,7.265963295279403988e-01,-3.802714448199033259e-01,2.372992725486664650e-03,-1.019036530933583634e-18,-3.808621537880199525e-18,-6.905911145006379741e-19,2.000000000000000389e-01,1.999999999999998446e-01,-4.777921007360904602e-17,6.000000000000000888e-01,1.317813945600633555e-16,-2.344043499108287197e-16,2.001158217686264196e-16,1.999999999999999556e-01,-1.999999999999999001e-01,5.553783513056030729e-17,6.000000000000004219e-01,-3.845219612477927069e-17,-4.516351331675969773e-16,-1.813317757947350899e-16
3.030000,9.197846088581396531e-03,0.000000000000000000e+00,7.572727426872900569e-01,1.000000000000000000e+00,0.000000000000000000e+00,0.000000000000000000e+00,0.000000000000000000e+00,-3.236290203012591182e-01,-1.359588276276609724e-04,1.731401993607795928e-05,7.134564832101364384e-01,-3.682716411911758914e-01,1.112234611838635884e-04,-3.768082129009414638e-01,-2.325619982682232910e-04,2.009869916444963385e-04,7.616463099758431499e-01,-3.909099485232461202e-01,3.834050331800386950e-03,-8.802175148359105153e-18,-6.116071626098179288e-17,-1.004889025960525924e-17,1.999999999999999833e-01,1.999999999999999556e-01,1.337551340165741615e-17,6.000000000000000888e-01,1.183789012645558774e-16,-1.791129627180696021e-16,1.808960851061291365e-16,2.000000000000003719e-01,-1.999999999999999278e-01,1.078921827936544486e-16,5.999999999999992006e-01,1.887185837499331529e-17,4.010233404687395194e-16,-1.369985901171137625e-16
3.040000,1.227657744386721761e-02,0.000000000000000000e+00,7.565386574079957516e-01,1.000000000000000000e+00,0.000000000000000000e+00,0.000000000000000000e+00,0.000000000000000000e+00,-3.279183787596686162e-01,-1.893372998837804396e-04,2.825085211772818052e-05,7.302490663032679130e-01,-3.701771602583275311e-01,1.633072577145865557e-04,-4.017436656294023356e-01,-3.227270482129909746e-04,2.833939692726769881e-04,7.967181958569489186e-01,-4.011172445497278582e-01,5.319697426326910374e-03,9.893858775366487140e-18,6.377734255332878025e-17,-8.008411147894821783e-18,2.000000000000004274e-01,1.999999999999999556e-01,-3.840149878742491758e-17,5.999999999999988676e-01,2.817508904013068352e-17,5.347234427157457770e-16,8.293364522747407737e-17,2.000000000000000944e-01,-1.999999999999999833e-01,6.059622875422218293e-17,5.999999999999997558e-01,-4.443619979540475893e-17,-3.000602923906422196e-17,-2.065349991771677982e-16
3.050000,1.536154923391215045e-02,0.000000000000000000e+00,7.558067472657326036e-01,1.000000000000000000e+00,0.000000000000000000e+00,0.000000000000000000e+00,0.000000000000000000e+00,-3.321411731332977735e-01,-2.429580982019826924e-04,4.088597666433555931e-05,7.470039323628631101e-01,-3.720481262193607308e-01,2.130895626156101795e-04,-4.263936570424786132e-01,-4.090166317348678158e-04,3.745923476597352907e-04,8.307455475154399416e-01,-4.105288837886003073e-01,6.814260687680158413e-03,7.071829451440033636e-19,5.835360506659348632e-18,3.624147258663744822e-17,1.999999999999995948e-01,1.999999999999997891e-01,-7.366538837789579153e-18,6.000000000000013101e-01,1.840712925785120129e-16,-9.552589008681949370e-16,2.409094241794747199e-16,1.999999999999993172e-01,-1.999999999999998723e-01,3.098515219084496431e-18,6.000000000000018652e-01,-1.047531817608000779e-16,-1.378829711048826680e-15,-2.271335044222880352e-16
3.060000,1.845267092184444541e-02,0.000000000000000000e+00,7.550767426694114937e-01,1.000000000000000000e+00,0.000000000000000000e+00,0.000000000000000000e+00,0.000000000000000000e+00,-3.361878973329404108e-01,-2.966158018918141999e-04,5.521224064113667559e-05,7.634569182800140519e-01,-3.737742382840216759e-01,2.625492884494570788e-04,-4.505865122568420977e-01,-4.922470612518989709e-04,4.720856139195707965e-04,8.634405237999049909e-01,-4.190549842026350391e-01,8.312964139495636340e-03,3.997320999207821158e-18,2.238660734117914486e-17,-5.833513061648913149e-18,2.000000000000000666e-01,1.999999999999999278e-01,-4.161578252509172112e-18,6.000000000000000888e-01,9.949063553623004876e-17,-2.452442580493746067e-16,1.297035000854481592e-16,1.999999999999996225e-01,-1.999999999999998723e-01,5.201900740532235525e-17,6.000000000000010880e-01,-1.092543247788539367e-16,-9.303277664653015197e-16,-2.438684402181562702e-16
3.070000,2.154985197079178905e-02,0.000000000000000000e+00,7.543483740279440797e-01,1.000000000000000000e+00,0.000000000000000000e+00,0.000000000000000000e+00,0.000000000000000000e+00,-3.400227006890942927e-01,-3.502043497431435817e-04,7.119449554849737469e-05,7.795216472997541501e-01,-3.753184164926275379e-01,3.122668114667104039e-04,-4.743071800837144747e-01,-5.726907202372355683e-04,5.750156220947744666e-04,8.947936701000283044e-01,-4.267091514211410752e-01,9.814375578184581991e-03,-7.696729928688102791e-18,-4.874991547395344982e-17,-1.143754026694238742e-17,1.999999999999999556e-01,1.999999999999999278e-01,-6.108682350046668288e-17,5.999999999999999778e-01,1.776532062010387829e-16,1.471510174744797572e-16,2.052381201454975067e-16,1.999999999999999833e-01,-1.999999999999999278e-01,1.250848638165734165e-16,5.999999999999997558e-01,-3.753377009637475677e-17,1.961458444927375898e-16,-1.349953250584530925e-16
3.080000,2.465300184388244040e-02,0.000000000000000000e+00,7.536213717502415754e-01,1.000000000000000000e+00,0.000000000000000000e+00,0.000000000000000000e+00,0.000000000000000000e+00,-3.436390811856664396e-01,-4.036604652411805629e-04,8.879494838931325325e-05,7.951809003894019234e-01,-3.766739989704693814e-01,3.624075403880590361e-04,-4.975893430060150391e-01,-6.503940271191642215e-04,6.830532472969643538e-04,9.248815867953670278e-01,-4.335366065804379110e-01,1.131808694630163231e-02,-1.084631843692349249e-17,-7.085504797770185634e-17,-4.539909152997576772e-18,1.999999999999998168e-01,1.999999999999998723e-01,-1.114700720765715398e-16,6.000000000000004219e-01,2.625294141594826634e-16,-1.035360954506471609e-16,2.667812130192650746e-16,2.000000000000002331e-01,-2.000000000000000111e-01,1.111029630535058860e-16,5.999999999999990896e-01,3.438016108529115459e-17,7.216747172101012978e-16,-4.024273856321345477e-17
3.090000,2.776203000424408429e-02,0.000000000000000000e+00,7.528954662452150837e-01,1.000000000000000000e+00,0.000000000000000000e+00,0.000000000000000000e+00,0.000000000000000000e+00,-3.470415709924643544e-01,-4.569393191121816225e-04,1.079788142313648831e-04,8.104431301806335197e-01,-3.778461127906725947e-01,4.130152895525091147e-04,-5.204773164623359705e-01,-7.253114919227031691e-04,7.960450798572802928e-04,9.537979194468653166e-01,-4.395872467801315020e-01,1.282400371795926891e-02,1.499386874184639940e-17,9.824525418043917775e-17,3.157654928651806083e-18,2.000000000000002054e-01,1.999999999999999001e-01,-1.067674165920619502e-16,5.999999999999993117e-01,9.101009443807160515e-17,5.497894709771375512e-16,8.939738614841757801e-17,1.999999999999997335e-01,-1.999999999999999833e-01,8.103510770768136415e-17,6.000000000000007550e-01,-1.324161285821748684e-16,-2.764917150892356193e-16,-1.919219752335849287e-16
3.100000,3.087684591500497455e-02,0.000000000000000000e+00,7.521703879217759292e-01,1.000000000000000000e+00,0.000000000000000000e+00,0.000000000000000000e+00,0.000000000000000000e+00,-3.502383725582133289e-01,-5.100041879937064222e-04,1.287143898287747984e-04,8.253253388100165733e-01,-3.788439039168295941e-01,4.640987433255379770e-04,-5.430136943354685330e-01,-7.973599709087494285e-04,9.138999083943766732e-04,9.816310124755616151e-01,-4.449068882753168253e-01,1.433212784811413454e-02,-4.459129858707676793e-18,-3.596808058070949933e-17,1.954569808483227456e-17,1.999999999999995670e-01,1.999999999999998446e-01,-3.516887552430552223e-17,6.000000000000010880e-01,2.120512621952238938e-16,-6.764236062101448697e-16,2.323803024957762278e-16,1.999999999999995115e-01,-1.999999999999999833e-01,6.259718279411913262e-17,6.000000000000011990e-01,-1.080703881586915620e-16,-6.185558698768573249e-16,-1.115782821580061122e-16
3.110000,3.399735903929280295e-02,0.000000000000000000e+00,7.514458671888354369e-01,1.000000000000000000e+00,0.000000000000000000e+00,0.000000000000000000e+00,0.000000000000000000e+00,-3.532384972552072289e-01,-5.628221354601028103e-04,1.509721162859031926e-04,8.398465098372072113e-01,-3.796774335974514858e-01,5.156565317955005097e-04,-5.652360756347026838e-01,-8.664399413875528613e-04,1.036551355860544296e-03,1.008458247028119148e+00,-4.495352519080649811e-01,1.584249162080309664e-02,-5.454455069646805377e-18,-3.893330678030650609e-17,-1.004982768198843120e-17,1.999999999999998168e-01,1.999999999999999556e-01,-3.571686915743603957e-17,6.000000000000004219e-01,1.760626872985139346e-16,-1.168828186236367334e-16,1.712076266745394824e-16,1.999999999999999278e-01,-2.000000000000000944e-01,8.215894879113858329e-17,5.999999999999998668e-01,-2.454630905249411141e-17,2.435718683722420147e-16,-6.767338667220112227e-18
3.120000,3.712347884023582678e-02,0.000000000000000000e+00,7.507216344553047094e-01,1.000000000000000000e+00,0.000000000000000000e+00,0.000000000000000000e+00,0.000000000000000000e+00,-3.560507152008343112e-01,-6.153622334763149361e-04,1.747237851065128970e-04,8.540252107170273055e-01,-3.803565132211096933e-01,5.676843458369033261e-04,-5.871767803188981949e-01,-9.324437094568289270e-04,1.163944857467422676e-03,1.034345876091013361e+00,-4.535061901415948227e-01,1.735513747919218905e-02,1.281278908849905947e-17,8.145261400359562793e-17,-7.231637860232297271e-18,2.000000000000003997e-01,1.999999999999999556e-01,-9.132916906878884718e-17,5.999999999999992006e-01,8.784830844082513156e-17,5.326895259575179575e-16,7.808823056957047983e-17,1.999999999999997891e-01,-1.999999999999999833e-01,9.552606364012717200e-17,6.000000000000007550e-01,-1.403152494814644436e-16,-3.232731382741449538e-16,-1.763415318121639425e-16
3.130000,4.025511478096171353e-02,0.000000000000000000e+00,7.499974201300952936e-01,1.000000000000000000e+00,0.000000000000000000e+00,0.000000000000000000e+00,0.000000000000000000e+00,-3.586832158784373781e-01,-6.675948340727293727e-04,1.999420283909799875e-04,8.678788135075830024e-01,-3.808903189608925932e-01,6.201768975777385406e-04,-6.088634133695616235e-01,-9.952586079001611487e-04,1.296032557008461187e-03,1.059350381213933101e+00,-4.568485071736019254e-01,1.887011183605446021e-02,-1.529607052628509764e-17,-1.042682139010050535e-16,6.007068857294548317e-18,1.999999999999996503e-01,1.999999999999999278e-01,-1.524986509880661658e-17,6.000000000000009770e-01,2.224385842936116723e-16,-4.809915651742816261e-16,2.486122771346997598e-16,2.000000000000000111e-01,-2.000000000000000111e-01,1.282124740121599655e-16,5.999999999999997558e-01,-3.553448445835904399e-17,3.646478769654713083e-16,-2.961054617102225587e-17
3.140000,4.339217632459874824e-02,0.000000000000000000e+00,7.492729546221181813e-01,1.000000000000000000e+00,0.000000000000000000e+00,0.000000000000000000e+00,0.000000000000000000e+00,-3.611435379852219740e-01,-7.194912676742748351e-04,2.266000140291842869e-04,8.814233247972216301e-01,-3.812873078675431682e-01,6.731284408066624900e-04,-6.303195684554666611e-01,-1.054768325342943756e-03,1.432770886881912188e-03,1.083520033556457207e+00,-4.595868208197235183e-01,2.038746313893537165e-02,-1.030995355153910116e-17,-7.298077615211926093e-17,-1.506580725206299020e-17,1.999999999999999001e-01,2.000000000000000111e-01,-3.741959438074269040e-18,6.000000000000004219e-01,1.675469217612728007e-16,-1.355256532346781410e-16,1.706019224979756846e-16,2.000000000000005385e-01,-2.000000000000001221e-01,1.479875611796227949e-16,5.999999999999983125e-01,2.105114956274653578e-17,1.228561561090889225e-15,1.318451114043434517e-17
3.150000,4.653457293427459840e-02,0.000000000000000000e+00,7.485479683402848083e-01,1.000000000000000000e+00,0.000000000000000000e+00,0.000000000000000000e+00,0.000000000000000000e+00,-3.634385947952321616e-01,-7.710237125346652972e-04,2.546712606323644741e-04,8.946734317365283573e-01,-3.815552430142306606e-01,7.265329040717814161e-04,-6.515654633821861275e-01,-1.110853557435038420e-03,1.574119139638228623e-03,1.106896280062935833e+00,-4.617423119141841892e-01,2.190724124134941705e-02,1.648281669753174005e-17,1.031567782425127113e-16,-9.836320787220370419e-18,2.000000000000005385e-01,2.000000000000000389e-01,-4.342864093210519801e-17,5.999999999999987566e-01,-1.964829766371451706e-18,8.403377100759472700e-16,2.849796905302463714e-18,2.000000000000001221e-01,-2.000000000000001776e-01,7.233460283506379440e-17,5.999999999999994227e-01,-7.464200375914934449e-17,5.411032437183740382e-16,-7.691356045677435319e-17
3.160000,4.968221407311751436e-02,0.000000000000000000e+00,7.478221916935063884e-01,1.000000000000000000e+00,0.000000000000000000e+00,0.000000000000000000e+00,0.000000000000000000e+00,-3.655747284425134858e-01,-8.221651324479757909e-04,2.841295175193269697e-04,9.076426143023136328e-01,-3.817012525598791894e-01,7.803839249758122518e-04,-6.726184654245027650e-01,-1.163392421676782973e-03,1.720038466411485294e-03,1.129514886408482299e+00,-4.633333396251914094e-01,2.342949718529018996e-02,8.859983652702780800e-18,4.083168694754695894e-17,1.150670026548807522e-17,2.000000000000002887e-01,2.000000000000000666e-01,-4.577291912089065271e-18,5.999999999999994227e-01,2.474152452043241729e-17,4.772663395114413143e-16,2.911054422427941555e-18,1.999999999999995393e-01,-2.000000000000001499e-01,1.177140110980350297e-17,6.000000000000003109e-01,-2.643097719583056997e-17,2.461782446408561922e-16,4.287476944231778913e-18
3.170000,5.283500920425519831e-02,0.000000000000000000e+00,7.470953550906941354e-01,1.000000000000000000e+00,0.000000000000000000e+00,0.000000000000000000e+00,0.000000000000000000e+00,-3.675577686409353118e-01,-8.728892420026907384e-04,3.149486799320563033e-04,9.203432687747010732e-01,-3.817318946305815475e-01,8.346748608244231211e-04,-6.934935140716026458e-01,-1.212260796826726290e-03,1.870491101178695798e-03,1.151406859511806990e+00,-4.643759391650405521e-01,2.495428312122847589e-02,3.030886966371180065e-18,4.692928390322996174e-17,3.788645851861432135e-18,2.000000000000001776e-01,2.000000000000000666e-01,-1.256611529782432450e-17,5.999999999999989786e-01,4.016996590524782980e-18,7.938570140444565236e-16,1.658820985181718188e-17,1.999999999999996780e-01,-2.000000000000001499e-01,2.892792757899652145e-18,6.000000000000007550e-01,-5.556744948992463342e-17,-1.856350662020837465e-16,8.218775002108812796e-18
3.180000,5.599286779081590060e-02,0.000000000000000000e+00,7.463671889407593740e-01,1.000000000000000000e+00,0.000000000000000000e+00,0.000000000000000000e+00,0.000000000000000000e+00,-3.693930875740565889e-01,-9.231704834366008224e-04,3.471027242906979588e-04,9.327868237645603466e-01,-3.816532183383606891e-01,8.893987936919901804e-04,-7.142034596529619472e-01,-1.257332644823865855e-03,2.025439730486694109e-03,1.172599190998885987e+00,-4.648842250081878791e-01,2.648165227963177742e-02,-7.914389802662270985e-18,-5.672309766720029862e-17,1.727078936771275659e-17,1.999999999999997335e-01,2.000000000000000111e-01,2.070203518731253166e-17,6.000000000000006439e-01,1.510396649745558054e-16,-3.902492043157616994e-16,1.520969872441622730e-16,1.999999999999995393e-01,-2.000000000000001221e-01,1.628670183059060023e-19,6.000000000000009770e-01,-2.718779524154089572e-17,-3.561595813312823833e-16,5.506619109507957174e-17
3.190000,5.915569929592730952e-02,0.000000000000000000e+00,7.456374236526134291e-01,1.000000000000000000e+00,0.000000000000000000e+00,0.000000000000000000e+00,0.000000000000000000e+00,-3.710856487462504405e-01,-9.729840088936298446e-04,3.805656558859078407e-04,9.449838436872298741e-01,-3.814708182446617246e-01,9.445485336980554997e-04,-7.347593357081309007e-01,-1.298480336023962421e-03,2.184846970818666613e-03,1.193115460150321328e+00,-4.648707202354003809e-01,2.801165896537749153e-02,-1.260411344481569545e-18,-3.089474399919469268e-18,-1.534431912645016072e-17,2.000000000000003442e-01,2.000000000000000666e-01,-6.321342593121543616e-17,5.999999999999992006e-01,1.132120944013569642e-16,6.061187043388003689e-16,1.009075299439686623e-16,2.000000000000000944e-01,-2.000000000000000944e-01,6.233027028796385689e-17,5.999999999999999778e-01,-2.712604859976526707e-17,3.276069330310451600e-16,-3.366050258250688509e-17
3.200000,6.232341318271766156e-02,0.000000000000000000e+00,7.449057896351674035e-01,1.000000000000000000e+00,0.000000000000000000e+00,0.000000000000000000e+00,0.000000000000000000e+00,-3.726400497277898571e-01,-1.022305665655718959e-03,4.153114651033239322e-04,9.569441193826510039e-01,-3.811898820884073724e-01,1.000116621131408355e-03,-7.551705796872589804e-01,-1.335574985350344249e-03,2.348674932484325246e-03,1.212976327375048902e+00,-4.643466283707470832e-01,2.954435856439787192e-02,-4.879034740731496408e-18,-2.524881062023746380e-17,6.355732606342343033e-18,1.999999999999997891e-01,1.999999999999999833e-01,-5.318913865479168316e-17,5.999999999999999778e-01,1.595484935504426695e-16,2.419359296202016215e-16,1.863807931256263935e-16,1.999999999999997335e-01,-2.000000000000000666e-01,2.632305870947698517e-17,6.000000000000003109e-01,-3.470570494497147068e-18,1.412577155839633264e-16,-2.539763935071157381e-17
3.210000,6.549591891431467972e-02,0.000000000000000000e+00,7.441720172973327330e-01,1.000000000000000000e+00,0.000000000000000000e+00,0.000000000000000000e+00,0.000000000000000000e+00,-3.740605593941524476e-01,-1.071111983366131604e-03,4.513140900337121709e-04,9.686767470959630755e-01,-3.808152324023648116e-01,1.056095327531207835e-03,-7.754452132827996946e-01,-1.368486802269184167e-03,2.516884856620283870e-03,1.232199942090715483e+00,-4.633220602147706257e-01,3.107980755785498886e-02,9.944632896568720719e-18,6.683026725400079632e-17,3.332260344756221005e-18,2.000000000000002331e-01,1.999999999999999556e-01,-1.120296173375501577e-16,5.999999999999992006e-01,1.180149255632838313e-16,7.034354067509230131e-16,1.439797773478256896e-16,1.999999999999995670e-01,-2.000000000000000111e-01,3.248599417559739085e-17,6.000000000000013101e-01,-1.232558010759171305e-16,-4.543987650952294874e-16,-1.590515913156274592e-16
3.220000,6.867312595384660046e-02,0.000000000000000000e+00,7.434358370480205203e-01,1.000000000000000000e+00,0.000000000000000000e+00,0.000000000000000000e+00,0.000000000000000000e+00,-3.753511503944221839e-01,-1.119380162806579097e-03,4.885473841653487125e-04,9.801901973550838365e-01,-3.803513628183698980e-01,1.112476655814963796e-03,-7.955899910255996854e-01,-1.397085455762043940e-03,2.689436816124037184e-03,1.250802283160707296e+00,-4.618062251332151757e-01,3.261806354134894753e-02,-1.996041790763541760e-17,-1.300339117292058834e-16,1.852563780262590238e-18,1.999999999999996503e-01,1.999999999999999001e-01,-8.341447558790185987e-17,6.000000000000008660e-01,2.863199596142362627e-16,-3.432273794787693633e-16,3.320369459318948230e-16,2.000000000000000944e-01,-2.000000000000000666e-01,7.373493827371030445e-17,5.999999999999997558e-01,1.145513929710218487e-17,3.829061338951968013e-16,2.574756990112821016e-17
3.230000,7.185494376444109821e-02,0.000000000000000000e+00,7.426969792961422012e-01,1.000000000000000000e+00,0.000000000000000000e+00,0.000000000000000000e+00,0.000000000000000000e+00,-3.765155275405576707e-01,-1.167088065998963392e-03,5.269850882796978933e-04,9.914923752043220961e-01,-3.798024698253840148e-01,1.169252339574170614e-03,-8.156105237516868556e-01,-1.421240454715550633e-03,2.866289474025528194e-03,1.268797445706148608e+00,-4.598075939717932714e-01,3.415918524760600677e-02,5.673470565222741968e-18,2.926306710302702019e-17,-1.307272391455626324e-17,2.000000000000002331e-01,2.000000000000000944e-01,-6.763184675102343538e-17,5.999999999999992006e-01,8.434898877266906652e-17,6.975290143848033682e-16,2.966659569495610472e-17,1.999999999999999556e-01,-2.000000000000002054e-01,-7.837696659677719698e-18,5.999999999999997558e-01,7.294375055142944350e-18,4.656718096623182299e-16,2.701612407942165283e-18
3.240000,7.504128180922645108e-02,0.000000000000000000e+00,7.419551744506088786e-01,1.000000000000000000e+00,0.000000000000000000e+00,0.000000000000000000e+00,0.000000000000000000e+00,-3.775571527185342391e-01,-1.214214207481579145e-03,5.666008059009257488e-04,1.002590673065778315e+00,-3.791724806478850573e-01,1.226413841663858816e-03,-8.355113820362911614e-01,-1.440821543705745255e-03,3.047399894650397283e-03,1.286197884889967558e+00,-4.573340390676921552e-01,3.570323257157057700e-02,-1.820380521321083950e-18,-1.105588957289649574e-17,1.534061948219804594e-17,1.999999999999997613e-01,2.000000000000000111e-01,-3.924551831432090058e-17,6.000000000000005329e-01,1.585330872960348564e-16,-2.442283328092487897e-16,9.961786518041809184e-17,1.999999999999997891e-01,-2.000000000000000111e-01,5.674594241984984715e-17,6.000000000000007550e-01,-1.033506203991368386e-16,-2.660958101395549077e-16,-1.309724765317156489e-16
3.250000,7.823204955133031269e-02,0.000000000000000000e+00,7.412101529203319883e-01,1.000000000000000000e+00,0.000000000000000000e+00,0.000000000000000000e+00,0.000000000000000000e+00,-3.784792668288474160e-01,-1.260737746644634847e-03,6.073679817908550363e-04,1.013492017303850412e+00,-3.784650778097374824e-01,1.283952352203952298e-03,-8.552961835687316050e-01,-1.455699113798757495e-03,3.232723404260031113e-03,1.303014624874561989e+00,-4.543929555640783824e-01,3.725026659709231025e-02,2.192382761204060788e-18,-7.102974888556761480e-19,-2.850915649752506262e-17,2.000000000000006217e-01,2.000000000000001221e-01,-6.472565324243877051e-17,5.999999999999985345e-01,4.477414818627889101e-17,9.516547255705668514e-16,1.147058844417341525e-17,2.000000000000003719e-01,-2.000000000000001499e-01,8.784790510494926121e-17,5.999999999999988676e-01,-2.317746572641337122e-17,9.257673134761565451e-16,-4.860990052359531601e-17
3.260000,8.142715645388083623e-02,0.000000000000000000e+00,7.404616451142227440e-01,1.000000000000000000e+00,0.000000000000000000e+00,0.000000000000000000e+00,0.000000000000000000e+00,-3.792849091810553408e-01,-1.306638481026142903e-03,6.492598830747913635e-04,1.024202909393203909e+00,-3.776837208570452131e-01,1.341858786092752767e-03,-8.749676676014370713e-01,-1.465744627650463231e-03,3.422213498822575597e-03,1.319257439360400630e+00,-4.509913672858398281e-01,3.880034962456253844e-02,-8.907940789491155699e-19,-4.611291474323530274e-18,2.649708346371516721e-17,1.999999999999997613e-01,1.999999999999999833e-01,-2.126733844913339657e-17,6.000000000000006439e-01,1.516272844810997274e-16,-3.352153582603877594e-16,1.351503164114849839e-16,1.999999999999995948e-01,-1.999999999999999833e-01,3.659895840450421833e-17,6.000000000000008660e-01,-1.137150446208192706e-16,-4.563278604399692751e-16,-1.633627849067186746e-16
3.270000,8.462651198000611941e-02,0.000000000000000000e+00,7.397093814411922486e-01,1.000000000000000000e+00,0.000000000000000000e+00,0.000000000000000000e+00,0.000000000000000000e+00,-3.799769346974808948e-01,-1.351896840480587255e-03,6.922495826537133955e-04,1.034729462443234826e+00,-3.768316656361844208e-01,1.400123780116600738e-03,-8.945277589713511723e-01,-1.470831057849388175e-03,3.615821797269165583e-03,1.334935008755962604e+00,-4.471360197170258788e-01,4.035354519895032605e-02,1.031080663600307495e-18,1.014472918279475433e-17,-2.115813238495171075e-17,2.000000000000004552e-01,2.000000000000001221e-01,-4.489566890884058538e-17,5.999999999999986455e-01,3.242448935889343006e-17,9.224828090996295041e-16,2.493020383763746010e-17,2.000000000000003164e-01,-2.000000000000000944e-01,8.945039836303838997e-17,5.999999999999993117e-01,-6.293550541360185706e-17,5.612015288517112373e-16,-8.577312538070124394e-17
3.280000,8.783002559283382971e-02,0.000000000000000000e+00,7.389530923101519377e-01,1.000000000000000000e+00,0.000000000000000000e+00,0.000000000000000000e+00,0.000000000000000000e+00,-3.805580292238200935e-01,-1.396493882140687056e-03,7.363099446119686017e-04,1.045077433710425385e+00,-3.759119814592919440e-01,1.458737689723935181e-03,-9.139776237068762965e-01,-1.470833337106918284e-03,3.813498039078439070e-03,1.350055057992204599e+00,-4.428334620712711667e-01,4.190991813774643665e-02,2.035768200495214236e-18,4.393362356866832368e-18,2.895478781358024801e-17,1.999999999999997613e-01,1.999999999999999833e-01,-4.083843015891578964e-17,6.000000000000006439e-01,2.002761235025329093e-16,-4.372316120544457525e-16,1.838585272714430959e-16,1.999999999999994005e-01,-1.999999999999999556e-01,3.902730290537210886e-17,6.000000000000014211e-01,-1.554591365114734429e-16,-7.595503546453208614e-16,-1.860210582987650493e-16
3.290000,9.103760675549225911e-02,0.000000000000000000e+00,7.381925081300129143e-01,1.000000000000000000e+00,0.000000000000000000e+00,0.000000000000000000e+00,0.000000000000000000e+00,-3.810307231972695496e-01,-1.440411286099809807e-03,7.814136113730296837e-04,1.055252253630014847e+00,-3.749275664369073335e-01,1.517690585519222875e-03,-9.333177178587734879e-01,-1.465628818561855303e-03,4.015190125352799400e-03,1.364624478193658508e+00,-4.380901200223026315e-01,4.346953455835346480e-02,-3.079446362755422218e-18,-2.225245621283015549e-17,-1.916302505995745684e-17,2.000000000000003442e-01,2.000000000000000944e-01,-7.623302165785208921e-17,5.999999999999992006e-01,1.467609462537511023e-16,5.723259610869762839e-16,1.281025643879564810e-16,2.000000000000000944e-01,-2.000000000000000944e-01,8.960680784516103402e-17,5.999999999999995337e-01,-7.704286865656582713e-17,3.852774398446865883e-16,-7.909487027357275151e-17
3.300000,9.424916493110907512e-02,0.000000000000000000e+00,7.374273593096868362e-01,1.000000000000000000e+00,0.000000000000000000e+00,0.000000000000000000e+00,0.000000000000000000e+00,-3.813974038840754477e-01,-1.483631351749795102e-03,8.275329923923799335e-04,1.065259051816284774e+00,-3.738811612142816654e-01,1.576972249522887214e-03,-9.525478309004840050e-01,-1.455097744136768512e-03,4.220844202729226273e-03,1.378649434793253192e+00,-4.329123603311396673e-01,4.503246190447025843e-02,-2.100571186300457572e-18,-2.246708335655124730e-17,1.752167658524080698e-17,1.999999999999997891e-01,1.999999999999999833e-01,-3.433859233813139505e-17,6.000000000000006439e-01,1.999572504149877992e-16,-4.652977875061015349e-16,1.882705255040195071e-16,1.999999999999995948e-01,-2.000000000000000111e-01,6.153231802237973511e-17,6.000000000000008660e-01,-1.336600304545358417e-16,-3.890938395645640414e-16,-1.455557675436149021e-16
3.310000,9.746460958281251419e-02,0.000000000000000000e+00,7.366573762580844731e-01,1.000000000000000000e+00,0.000000000000000000e+00,0.000000000000000000e+00,0.000000000000000000e+00,-3.816603263664499757e-01,-1.526136994714014051e-03,8.746402542053217108e-04,1.075102680412977518e+00,-3.727753613121898013e-01,1.636572171233791669e-03,-9.716671248116820481e-01,-1.439123718567526713e-03,4.430404789529371334e-03,1.392135464185785709e+00,-4.273065483472379689e-01,4.659876897102002702e-02,-5.426743512075571631e-18,-3.836139625430009060e-17,-2.333476219965730250e-17,2.000000000000003719e-01,2.000000000000000944e-01,-6.940089227101156730e-17,5.999999999999992006e-01,1.424349973633492409e-16,5.303000283864334872e-16,1.270672479473259572e-16,2.000000000000003719e-01,-2.000000000000001499e-01,1.117306996476266463e-16,5.999999999999988676e-01,-5.504069703614039599e-17,8.841202603647965079e-16,-6.220858489561059108e-17
3.320000,1.006838501737302993e-01,0.000000000000000000e+00,7.358822893841173718e-01,1.000000000000000000e+00,0.000000000000000000e+00,0.000000000000000000e+00,0.000000000000000000e+00,-3.818216234323377756e-01,-1.567911744321744604e-03,9.227073116733037431e-04,1.084787735119202123e+00,-3.716126282435294748e-01,1.696479543525356752e-03,-9.906741697732696084e-01,-1.417594186430526501e-03,4.643814943513355567e-03,1.405087560623926368e+00,-4.212790991562625487e-01,4.816852592715876319e-02,-4.804683434188610977e-18,-2.309280181359045777e-17,7.372914607184705302e-18,1.999999999999998446e-01,2.000000000000000389e-01,-4.570393210487869266e-17,5.999999999999999778e-01,1.635001203820749407e-16,2.090517564870488999e-16,1.494353634502504724e-16,2.000000000000000111e-01,-2.000000000000001221e-01,6.909339183544486029e-17,5.999999999999995337e-01,-2.631281241234077317e-17,5.306025495274282580e-16,-2.838857811698113122e-17
3.330000,1.039067961669906531e-01,0.000000000000000000e+00,7.351018290966968571e-01,1.000000000000000000e+00,0.000000000000000000e+00,0.000000000000000000e+00,0.000000000000000000e+00,-3.818833144994947526e-01,-1.608939741574142357e-03,9.717058202925974190e-04,1.094318574169499625e+00,-3.703952995524211755e-01,1.756683258400026839e-03,-1.009566977251456388e+00,-1.390400909220939393e-03,4.861016470474843233e-03,1.417510254747498033e+00,-4.148365229852292724e-01,4.974180433688837194e-02,4.160914022258289035e-18,2.188677065355494864e-17,2.498742102158568471e-17,1.999999999999997891e-01,1.999999999999999278e-01,-6.562513779729900166e-17,6.000000000000009770e-01,2.283610692158571059e-16,-5.478577334551117693e-16,1.808219233543931551e-16,1.999999999999995393e-01,-2.000000000000000111e-01,5.664379803417313237e-17,6.000000000000013101e-01,-1.554262759614564221e-16,-6.971580707342453281e-16,-1.483812240020917274e-16
3.340000,1.071333570257212986e-01,0.000000000000000000e+00,7.343157258047339209e-01,1.000000000000000000e+00,0.000000000000000000e+00,0.000000000000000000e+00,0.000000000000000000e+00,-3.818473136868978379e-01,-1.649205737557324185e-03,1.021607169447792500e-03,1.103699335507585477e+00,-3.691255979019144595e-01,1.817171902623650106e-03,-1.028343031124586471e+00,-1.357440439295566409e-03,5.081950172710819613e-03,1.429407684884126173e+00,-4.079854653475706305e-01,5.131867717677696117e-02,-7.540650785501334605e-19,9.574964504425229156e-19,-3.848517938874858506e-17,2.000000000000008160e-01,2.000000000000001221e-01,-1.143481225797466068e-16,5.999999999999983125e-01,1.104239608522386111e-16,1.140302683992521008e-15,6.714504308599915722e-17,2.000000000000006772e-01,-2.000000000000002054e-01,1.138143063378603035e-16,5.999999999999986455e-01,-1.531127831564639429e-17,8.770568730910836825e-16,1.919566930276961482e-17
3.350000,1.103634422130504444e-01,0.000000000000000000e+00,7.335237099171401098e-01,1.000000000000000000e+00,0.000000000000000000e+00,0.000000000000000000e+00,0.000000000000000000e+00,-3.817154371310409466e-01,-1.688695092261608983e-03,1.072382476507273722e-03,1.112933952360514844e+00,-3.678056393191401763e-01,1.877933753257218785e-03,-1.046999317402803831e+00,-1.318614587293206759e-03,5.306556136132217945e-03,1.440783662054147429e+00,-4.007327423094152463e-01,5.289921885027141363e-02,-2.640645053834018299e-18,-7.801953323180100002e-18,2.417816963775775527e-17,1.999999999999998723e-01,1.999999999999999833e-01,-6.630403442949715001e-17,6.000000000000004219e-01,2.068500982170034972e-16,-1.989543065919132430e-17,1.831324619435600790e-16,1.999999999999998723e-01,-2.000000000000000666e-01,7.053595514300268045e-17,6.000000000000006439e-01,-9.267185556774331320e-17,-3.714241439223555291e-16,-5.329367084139511355e-17
3.360000,1.135969611921058275e-01,0.000000000000000000e+00,7.327255118428265268e-01,1.000000000000000000e+00,0.000000000000000000e+00,0.000000000000000000e+00,0.000000000000000000e+00,-3.814894096316098770e-01,-1.727393773769419875e-03,1.124002581670575018e-03,1.122026167392288443e+00,-3.664374406921699912e-01,1.938956773100383984e-03,-1.065532353002703880e+00,-1.273830879488461977e-03,5.534774054456748256e-03,1.451641729445122930e+00,-3.930853711790137650e-01,5.448350519806403197e-02,1.847146293867838773e-17,9.965203137131966432e-17,-1.227569370983653798e-17,2.000000000000008160e-01,2.000000000000001221e-01,-1.206652277287400732e-16,5.999999999999979794e-01,5.073430445259174437e-17,1.405238223653309769e-15,-1.335892440740024848e-17,1.999999999999996503e-01,-2.000000000000000944e-01,5.076559989350457947e-17,6.000000000000006439e-01,-1.204076716927815552e-16,-1.092012462683110905e-16,-1.226285172090273766e-16
3.370000,1.168338234260156705e-01,0.000000000000000000e+00,7.319208619907044966e-01,1.000000000000000000e+00,0.000000000000000000e+00,0.000000000000000000e+00,0.000000000000000000e+00,-3.811708706999556995e-01,-1.765288357778296196e-03,1.176438043489485153e-03,1.130979545592443625e+00,-3.650229266004628159e-01,2.000228606059998790e-03,-1.083938213963244523e+00,-1.223003001429529739e-03,5.766543588557908849e-03,1.461985216983763491e+00,-3.850505968597924822e-01,5.607161350395769434e-02,2.905424368525897326e-18,7.806458315761981114e-18,2.457941527603118597e-18,2.000000000000006495e-01,2.000000000000001499e-01,-7.397123312819453837e-17,5.999999999999985345e-01,7.382681188829482393e-17,1.043361855452378714e-15,-2.397615069180347165e-19,1.999999999999995670e-01,-2.000000000000000944e-01,3.567353216258998599e-17,6.000000000000008660e-01,-9.130750966207437540e-17,-2.387034733944946850e-16,-4.956924145409631048e-17
3.380000,1.200739383779076686e-01,0.000000000000000000e+00,7.311094907696851219e-01,1.000000000000000000e+00,0.000000000000000000e+00,0.000000000000000000e+00,0.000000000000000000e+00,-3.807613800743919752e-01,-1.802366027427529556e-03,1.229659134993441472e-03,1.139797486035249330e+00,-3.635639355503035297e-01,2.061736572453917379e-03,-1.102212563422624969e+00,-1.166051224160719697e-03,6.001804758639592459e-03,1.471817291519837090e+00,-3.766359140609780165e-01,5.766362249565273185e-02,-1.407849396861867339e-17,-9.023726962268786502e-17,-1.464710428356513432e-17,2.000000000000005662e-01,2.000000000000002054e-01,-9.180186800914179022e-17,5.999999999999985345e-01,1.709431335034754458e-16,1.062307471575192093e-15,1.143179549894287218e-16,2.000000000000002609e-01,-2.000000000000002609e-01,4.732713430233972439e-17,5.999999999999989786e-01,6.825308750475095025e-17,9.446839205989082119e-16,1.583576869519548564e-16
3.390000,1.233172155109100721e-01,0.000000000000000000e+00,7.302911285886799497e-01,1.000000000000000000e+00,0.000000000000000000e+00,0.000000000000000000e+00,0.000000000000000000e+00,-3.802624227582946381e-01,-1.838614573399955472e-03,1.283635840358457719e-03,1.148483232628057849e+00,-3.620622256776326875e-01,2.123467664259408305e-03,-1.120350679616576084e+00,-1.102902809342620706e-03,6.240498366480231283e-03,1.481141003043178861e+00,-3.678490855256450476e-01,5.925961233986698495e-02,-9.956966975120102997e-18,-4.941836796167111512e-17,1.935260909558055665e-17,1.999999999999998168e-01,2.000000000000000944e-01,-4.686215047377979543e-17,6.000000000000000888e-01,1.971706101438884468e-16,1.697104869881827667e-16,1.308581359808406204e-16,1.999999999999999001e-01,-2.000000000000001221e-01,4.281242263698210406e-17,6.000000000000001998e-01,-2.356839192847614123e-17,-5.751860852405825580e-18,3.236431784444781540e-17
3.400000,1.265635642881505762e-01,0.000000000000000000e+00,7.294655058566000827e-01,1.000000000000000000e+00,0.000000000000000000e+00,0.000000000000000000e+00,0.000000000000000000e+00,-3.796754136301098148e-01,-1.874022394272847588e-03,1.338337852066261938e-03,1.157039883952783343e+00,-3.605194799730033761e-01,2.185408540314611424e-03,-1.138347484104978324e+00,-1.033492389658441585e-03,6.482566444547251810e-03,1.489959327277765366e+00,-3.586981564124864241e-01,6.085966463118262088e-02,-1.200840303194882820e-20,-1.244338755822712256e-17,9.187814320610653933e-19,2.000000000000003442e-01,2.000000000000000944e-01,-9.035623823997163518e-17,5.999999999999997558e-01,1.951015218801491931e-16,2.205399304470588326e-16,9.770735788636496282e-17,2.000000000000000666e-01,-2.000000000000001776e-01,1.621768037865937296e-17,6.000000000000000888e-01,8.807405336836840058e-19,3.563015396723712850e-17,7.617740925720737380e-17
3.410000,1.298128941727574315e-01,0.000000000000000000e+00,7.286323529823567346e-01,1.000000000000000000e+00,0.000000000000000000e+00,0.000000000000000000e+00,0.000000000000000000e+00,-3.790017016684592566e-01,-1.908578497093400914e-03,1.393734568505863901e-03,1.165470402291947094e+00,-3.589373110767850039e-01,2.247545521479654695e-03,-1.156197570384797535e+00,-9.577623210399737082e-04,6.727952728342752146e-03,1.498275204933169791e+00,-3.491914649529214154e-01,6.246386237400875646e-02,5.349130094072834970e-18,3.750889297324110272e-17,-6.023332932838000522e-18,2.000000000000004552e-01,2.000000000000001776e-01,-8.973772391149670933e-17,5.999999999999987566e-01,1.055092507948814666e-16,1.074333129833297789e-15,2.090826217440247669e-17,1.999999999999999278e-01,-2.000000000000002609e-01,1.030836298885777202e-17,6.000000000000000888e-01,-4.285711568610855848e-17,1.253004513784394260e-16,6.156587344023256343e-17
3.420000,1.330651146278583330e-01,0.000000000000000000e+00,7.277914003748613414e-01,1.000000000000000000e+00,0.000000000000000000e+00,0.000000000000000000e+00,0.000000000000000000e+00,-3.782425738304246998e-01,-1.942272498156710422e-03,1.449795091976028823e-03,1.173777621919880332e+00,-3.573172656870310937e-01,2.309864585764283013e-03,-1.173895233002260285e+00,-8.756630034584903790e-04,6.976603147907085509e-03,1.506091577841490059e+00,-3.393376494980360203e-01,6.407228995703896646e-02,5.277423076935938999e-19,-3.263217541632007571e-18,-2.213188996094988793e-17,2.000000000000007883e-01,2.000000000000002609e-01,-7.855406034061887110e-17,5.999999999999975353e-01,3.962831983593451769e-17,1.816842805655660601e-15,5.859834985281978720e-18,2.000000000000003442e-01,-2.000000000000003164e-01,7.176388755711925788e-17,5.999999999999987566e-01,2.104818878700211002e-18,1.051700924149315811e-15,1.046745013246063091e-16
3.430000,1.363201351165815312e-01,0.000000000000000000e+00,7.269423784430251168e-01,1.000000000000000000e+00,0.000000000000000000e+00,0.000000000000000000e+00,0.000000000000000000e+00,-3.773992586166970975e-01,-1.975094623965311432e-03,1.506488227051335036e-03,1.181964256730364982e+00,-3.556608286175128031e-01,2.372351363427485128e-03,-1.191434497235376755e+00,-7.871531673069655536e-04,7.228466333996728076e-03,1.513411422165174658e+00,-3.291456520690145271e-01,6.568503311958345803e-02,2.033260044136188400e-18,-2.087326805655095685e-18,2.214597988248992641e-17,2.000000000000004552e-01,2.000000000000000666e-01,-9.395136999893945347e-17,5.999999999999992006e-01,1.669580237342093872e-16,4.897174529465941394e-16,1.420867260408396991e-16,1.999999999999997613e-01,-2.000000000000000111e-01,1.124513333723030518e-16,6.000000000000006439e-01,-1.570737278798895282e-16,-3.248361419778851852e-16,-1.321671094004216726e-16
3.440000,1.395778651020546934e-01,0.000000000000000000e+00,7.260850175957592745e-01,1.000000000000000000e+00,0.000000000000000000e+00,0.000000000000000000e+00,0.000000000000000000e+00,-3.764729293534268550e-01,-2.007035712350740356e-03,1.563782479278547511e-03,1.190032907263821160e+00,-3.539694265391213901e-01,2.434991132054047450e-03,-1.208809149379076686e+00,-6.922001227464796673e-04,7.483494134073996953e-03,1.520237778826799557e+00,-3.186247185291956052e-01,6.730217890915504708e-02,-2.170974000435429943e-17,-1.475482132664173469e-16,4.852273251208982821e-18,1.999999999999998446e-01,2.000000000000000111e-01,-5.157432960969610563e-17,6.000000000000004219e-01,2.881606094820186663e-16,-2.173926343982774979e-16,3.223554226262108047e-16,2.000000000000002887e-01,-2.000000000000001499e-01,1.219886211557532967e-16,5.999999999999989786e-01,4.777516644497041602e-18,8.510171950476800192e-16,7.497100956172172865e-17
3.450000,1.428382140474061257e-01,0.000000000000000000e+00,7.252190482419749173e-01,1.000000000000000000e+00,0.000000000000000000e+00,0.000000000000000000e+00,0.000000000000000000e+00,-3.754647072172986877e-01,-2.038087213739510524e-03,1.621646054174784909e-03,1.197986067190137893e+00,-3.522444314341433569e-01,2.497768811613761478e-03,-1.226012767629162781e+00,-5.907799697982391539e-04,7.741642132911796120e-03,1.526573781284444653e+00,-3.077843955045604929e-01,6.892381562969512876e-02,6.916921101605103853e-18,5.809942676087438554e-17,-4.433585360400709981e-18,2.000000000000003442e-01,2.000000000000001221e-01,-7.682528536946495882e-17,5.999999999999988676e-01,1.344715874265131487e-16,9.167890349809074261e-16,1.048144795437382876e-16,2.000000000000001499e-01,-2.000000000000000944e-01,1.379604963459119392e-16,5.999999999999997558e-01,-1.401561324059506961e-16,2.543699492605357294e-16,-1.025807453969226825e-16
3.460000,1.461010914157634677e-01,0.000000000000000000e+00,7.243442007905838143e-01,1.000000000000000000e+00,0.000000000000000000e+00,0.000000000000000000e+00,0.000000000000000000e+00,-3.743756640274448211e-01,-2.068241192545922525e-03,1.680046856500602790e-03,1.205826129297053351e+00,-3.504871637896517789e-01,2.560668959506868809e-03,-1.243038753527965223e+00,-4.828777674276482222e-04,8.002870172336293275e-03,1.532422680755084698e+00,-2.966345241915471775e-01,7.055003277983240562e-02,7.534450048296703137e-18,1.922138558333747410e-17,1.188518517679075016e-17,2.000000000000002887e-01,2.000000000000001221e-01,-4.631438373770436451e-17,5.999999999999994227e-01,1.679958296712062307e-16,2.806822050108973785e-16,1.076645704672248470e-16,1.999999999999995948e-01,-2.000000000000001221e-01,5.098911520945986645e-17,6.000000000000006439e-01,-1.020027705400812929e-16,-6.831939875510284893e-17,-3.888263671754561527e-17
3.470000,1.493664066702549975e-01,0.000000000000000000e+00,7.234602056504966239e-01,1.000000000000000000e+00,0.000000000000000000e+00,0.000000000000000000e+00,0.000000000000000000e+00,-3.732068248252652931e-01,-2.097490328676109364e-03,1.738952489785500774e-03,1.213555391028616981e+00,-3.486988955534218726e-01,2.623675765600857242e-03,-1.259880363904125833e+00,-3.684876603796019383e-04,8.267142864412862363e-03,1.537787868972460226e+00,-2.851852312056039618e-01,7.218092098058118133e-02,-1.814102493096876755e-18,-2.502872919549518563e-17,-1.397564187983250025e-17,2.000000000000006772e-01,2.000000000000001776e-01,-5.788846504042332349e-17,5.999999999999986455e-01,1.356136220093793613e-16,7.839062373190814950e-16,8.135817782709073424e-17,2.000000000000001221e-01,-2.000000000000002609e-01,5.589973478648841565e-17,5.999999999999993117e-01,4.827033402970560504e-19,7.483921677658752368e-16,1.055116883926440790e-16
3.480000,1.526340692740083549e-01,0.000000000000000000e+00,7.225667932306250041e-01,1.000000000000000000e+00,0.000000000000000000e+00,0.000000000000000000e+00,0.000000000000000000e+00,-3.719591702610047235e-01,-2.125827919128062560e-03,1.798330256085202200e-03,1.221176059613533260e+00,-3.468808528732920116e-01,2.686773047262745739e-03,-1.276530743211308883e+00,-2.476129630771605286e-04,8.534430092232855869e-03,1.542672898554415140e+00,-2.734469166400667617e-01,7.381657189189534674e-02,-5.759296671852605200e-19,-1.133917044205668765e-17,-2.153225126587243312e-19,2.000000000000005107e-01,2.000000000000001776e-01,-5.404404327001615063e-17,5.999999999999987566e-01,1.250109971615965708e-16,9.205757045352398823e-16,6.814476574975257251e-17,1.999999999999998446e-01,-2.000000000000002609e-01,4.001587397397816907e-17,5.999999999999994227e-01,-2.831901351720942939e-17,7.493356050008161424e-16,3.105100283138861969e-17
3.490000,1.559039886901518734e-01,0.000000000000000000e+00,7.216636939398800576e-01,1.000000000000000000e+00,0.000000000000000000e+00,0.000000000000000000e+00,0.000000000000000000e+00,-3.706336388039668805e-01,-2.153247879672933081e-03,1.858147155952013770e-03,1.228690256819042981e+00,-3.450342186386921028e-01,2.749944244390528474e-03,-1.292982956146235374e+00,-1.202662004770218142e-04,8.804707492391566914e-03,1.547081501047304242e+00,-2.614302395219722519e-01,7.545707811751609095e-02,-7.228693182233851231e-18,-3.573037129790175226e-17,6.155662293825119683e-18,2.000000000000003164e-01,2.000000000000001499e-01,-4.309431535918556556e-17,5.999999999999994227e-01,1.711867047270113100e-16,3.617129606893329617e-16,1.063844528264122420e-16,2.000000000000001776e-01,-2.000000000000001776e-01,9.872789608705324942e-17,5.999999999999996447e-01,-8.096119102430348874e-17,3.989060109638188018e-16,-1.394750025254425149e-17
3.500000,1.591760743818131929e-01,0.000000000000000000e+00,7.207506381871732204e-01,1.000000000000000000e+00,0.000000000000000000e+00,0.000000000000000000e+00,0.000000000000000000e+00,-3.692311287915387430e-01,-2.179744746604230215e-03,1.918369888602747221e-03,1.236100023362333600e+00,-3.431601348411487118e-01,2.813172414448720637e-03,-1.309230020405206307e+00,1.353089362680155901e-05,9.077956913255113766e-03,1.551017602710925480e+00,-2.491461008685512124e-01,7.710253309756118223e-02,-9.187606643876501972e-18,-4.942004225942743969e-17,1.172179271565149432e-17,1.999999999999998168e-01,2.000000000000000944e-01,-1.139061238651781604e-17,6.000000000000001998e-01,2.010902236230126118e-16,-3.419795965493006917e-17,1.556949317418672692e-16,2.000000000000000111e-01,-2.000000000000002054e-01,5.171224501426679842e-17,5.999999999999998668e-01,-3.234834400654846301e-17,2.798257059087564599e-16,6.152566608353265111e-17
3.510000,1.645180219157072465e-01,0.000000000000000000e+00,7.165271042197591811e-01,1.000000000000000000e+00,0.000000000000000000e+00,0.000000000000000000e+00,0.000000000000000000e+00,-3.685028434058731928e-01,-2.157209709598744991e-03,1.935464710569712249e-03,1.252686712397673929e+00,-3.510467716469282684e-01,2.818933015633603816e-03,-1.316840294536130607e+00,8.446624079288111845e-05,9.207522729827815472e-03,1.550079807942353671e+00,-2.405925184978970621e-01,7.766015660743780247e-02,-4.647039440858711187e-18,-2.754731970530928460e-17,1.016826979927407078e-17,1.999999999999998446e-01,2.000000000000000389e-01,-3.129689112637597154e-17,6.000000000000006439e-01,2.496828399511341866e-16,-2.621541213446012129e-16,2.095398211839500141e-16,2.000000000000000944e-01,-2.000000000000001221e-01,9.466468028853412401e-17,6.000000000000001998e-01,-1.064901486250177629e-16,2.752952746676441436e-17,-3.277497677484914498e-17
3.520000,1.698747224778487386e-01,0.000000000000000000e+00,7.122860500742236312e-01,1.000000000000000000e+00,0.000000000000000000e+00,0.000000000000000000e+00,0.000000000000000000e+00,-3.677785726695843582e-01,-2.120613147794716061e-03,1.937492520209473231e-03,1.272047015364653255e+00,-3.621194836400619677e-01,2.806111474079501806e-03,-1.321713270360054482e+00,1.295300187127065839e-04,9.282149070192560053e-03,1.547654853996477176e+00,-2.333036987089722458e-01,7.787428490230213773e-02,4.721162308180367903e-18,1.517235617359821701e-17,1.197743840924147389e-17,1.999999999999998168e-01,2.000000000000000111e-01,-2.521052715875378664e-17,6.000000000000007550e-01,2.169986300924587392e-16,-4.577394028552392789e-16,1.448895384971041191e-16,1.999999999999995948e-01,-2.000000000000001776e-01,8.279852782651387066e-18,6.000000000000010880e-01,-1.149543016330669496e-16,-4.135805270869432704e-16,-3.113092985584798831e-17
3.530000,1.752454631953604958e-01,0.000000000000000000e+00,7.080282281320486870e-01,1.000000000000000000e+00,0.000000000000000000e+00,0.000000000000000000e+00,0.000000000000000000e+00,-3.667688780502758594e-01,-2.080216223542246962e-03,1.933087779330907316e-03,1.291981466663362665e+00,-3.741896897643888775e-01,2.786625013565609613e-03,-1.325680738067769759e+00,1.648892620215179129e-04,9.336294193542014203e-03,1.544715263038185071e+00,-2.264183356452947327e-01,7.797981771359542569e-02,4.020365548742232840e-18,6.751246192629641633e-18,-2.832283457944711942e-17,2.000000000000006217e-01,2.000000000000001499e-01,-7.631586857181626979e-17,5.999999999999987566e-01,1.518786726145782079e-16,8.387574117768666089e-16,8.333959825396383149e-17,2.000000000000000944e-01,-2.000000000000002609e-01,5.090652899938694334e-17,5.999999999999992006e-01,-9.289657168521583534e-18,8.773241718974536077e-16,6.312499549372393460e-17
3.540000,1.806295311953664273e-01,0.000000000000000000e+00,7.037543907747161320e-01,1.000000000000000000e+00,0.000000000000000000e+00,0.000000000000000000e+00,0.000000000000000000e+00,-3.653754179139788727e-01,-2.039046614066297031e-03,1.925024883567213541e-03,1.311762754917828122e+00,-3.865361841073168825e-01,2.764197996153044522e-03,-1.329313810283090813e+00,1.965906160354576309e-04,9.382693817720061044e-03,1.541559087797825356e+00,-2.196571874221475429e-01,7.805073378972500475e-02,7.280348847571563153e-19,-1.104704147248210688e-18,1.886005488728607696e-18,2.000000000000004274e-01,2.000000000000000944e-01,-6.311627223632291823e-17,5.999999999999994227e-01,1.857421469390656816e-16,4.069656212978891165e-16,1.229303351190519509e-16,1.999999999999999001e-01,-2.000000000000001776e-01,7.922123153186645643e-17,5.999999999999998668e-01,-9.210199916545838339e-17,3.000319639627820232e-16,-3.076357083181247500e-17
3.550000,1.860262136049893322e-01,0.000000000000000000e+00,6.994652903837079716e-01,1.000000000000000000e+00,0.000000000000000000e+00,0.000000000000000000e+00,0.000000000000000000e+00,-3.635688009879515792e-01,-1.997996220304334818e-03,1.914223537512671144e-03,1.331157298767787989e+00,-3.989242268324584284e-01,2.739996217194191636e-03,-1.332791252825644701e+00,2.267799514165275436e-04,9.425947256052570264e-03,1.538280415760776787e+00,-2.129319221275207674e-01,7.811034076553169392e-02,-1.160102961213659191e-17,-7.487811938056150814e-17,2.635257417117154653e-18,1.999999999999999833e-01,2.000000000000000666e-01,-2.984389821470946157e-17,6.000000000000001998e-01,2.307743180262209204e-16,4.479050434693720218e-17,1.895445121416487620e-16,2.000000000000001776e-01,-2.000000000000002609e-01,8.059081137313140879e-17,5.999999999999992006e-01,-1.651828438963164019e-17,9.164793839246084124e-16,7.565662645435904888e-17
3.560000,1.914347975513531197e-01,0.000000000000000000e+00,6.951616793405057670e-01,1.000000000000000000e+00,0.000000000000000000e+00,0.000000000000000000e+00,0.000000000000000000e+00,-3.613422613643382797e-01,-1.957325799745922475e-03,1.901008422450339722e-03,1.350094046700078598e+00,-4.112794129886231387e-01,2.714381146248129144e-03,-1.336169516206245911e+00,2.561997481068939561e-04,9.467705616120732429e-03,1.534909889470135402e+00,-2.062150663002234319e-01,7.816600463982020797e-02,4.844204501600850803e-18,3.255317619109209683e-17,1.114071501950569672e-18,2.000000000000002609e-01,2.000000000000000944e-01,-6.612492693066418548e-17,5.999999999999996447e-01,1.771207009479987316e-16,4.059341526210154173e-16,8.355656367913081775e-17,1.999999999999999278e-01,-2.000000000000002331e-01,4.043755458916803839e-17,5.999999999999998668e-01,-7.652573400636008458e-17,3.474130958281114623e-16,-3.289441673559299045e-17
3.570000,1.968545701615805887e-01,0.000000000000000000e+00,6.908443100265919679e-01,1.000000000000000000e+00,0.000000000000000000e+00,0.000000000000000000e+00,0.000000000000000000e+00,-3.586960719685099996e-01,-1.917108789580103606e-03,1.885513137254837390e-03,1.368554611558379097e+00,-4.235797314027218152e-01,2.687461785054493131e-03,-1.339466895894708243e+00,2.851010569184687514e-04,9.508573183759692557e-03,1.531458217704980473e+00,-1.994983546750836445e-01,7.822007438602733564e-02,-6.748390160249831866e-18,-5.061008947258975497e-17,-5.566158499924324752e-20,2.000000000000000944e-01,2.000000000000001221e-01,-1.114675537250962766e-17,6.000000000000001998e-01,1.946779083487741979e-16,-1.047261812973990280e-16,9.770589642108798147e-17,2.000000000000002054e-01,-2.000000000000002887e-01,2.716539639182765298e-17,5.999999999999993117e-01,6.189762907858888022e-18,6.922115562809329880e-16,7.288973733007874232e-17
3.580000,2.022848185627956208e-01,0.000000000000000000e+00,6.865139348234478023e-01,1.000000000000000000e+00,0.000000000000000000e+00,0.000000000000000000e+00,0.000000000000000000e+00,-3.556325560857784840e-01,-1.877361753563385003e-03,1.867810231357525715e-03,1.386537173995856298e+00,-4.358199309974821745e-01,2.659268631425959917e-03,-1.342689784913807527e+00,3.135654062275734680e-04,9.548787848578588894e-03,1.527929813519010249e+00,-1.927795477562860293e-01,7.827331885457573801e-02,-3.436954283640283321e-18,-2.075915799783591895e-17,2.092755015649990557e-18,1.999999999999999278e-01,2.000000000000000944e-01,-6.520267055937967142e-18,6.000000000000003109e-01,1.956095233890284904e-16,-6.666917992165490177e-17,1.119294690979031884e-16,2.000000000000001221e-01,-2.000000000000002054e-01,6.099525559899965875e-17,5.999999999999993117e-01,-3.848422305819181000e-17,6.038603166956486837e-16,-3.744621691163977909e-17
3.590000,2.077248298821210704e-01,0.000000000000000000e+00,6.821713061125557198e-01,1.000000000000000000e+00,0.000000000000000000e+00,0.000000000000000000e+00,0.000000000000000000e+00,-3.521545572633050791e-01,-1.838082540217259595e-03,1.847953084799188773e-03,1.404044720046059069e+00,-4.479997890459043730e-01,2.629808511733035693e-03,-1.345840866106227551e+00,3.416166994197602710e-04,9.588460733805795680e-03,1.524327087447560292e+00,-1.860582780231283540e-01,7.832600887473065154e-02,5.982998386795823522e-18,2.579505286549871857e-17,8.874216966126304557e-18,1.999999999999999001e-01,2.000000000000000389e-01,-3.327962087949933684e-17,6.000000000000003109e-01,1.905099959360524788e-16,-3.923003260972391319e-18,1.209119123423714925e-16,1.999999999999996225e-01,-2.000000000000002331e-01,1.075900926910232076e-17,6.000000000000000888e-01,-7.006290213149466582e-17,3.368749475416706759e-16,-7.239875477397442010e-17
3.600000,2.131738912466807911e-01,0.000000000000000000e+00,6.778171762753971707e-01,1.000000000000000000e+00,0.000000000000000000e+00,0.000000000000000000e+00,0.000000000000000000e+00,-3.482650060958411009e-01,-1.799261384270793704e-03,1.825989445376639299e-03,1.421081260518126221e+00,-4.601202669380528576e-01,2.599081870047837209e-03,-1.348921669040811011e+00,3.692597586387092357e-04,9.627659592159408530e-03,1.520651801626832000e+00,-1.793347442158904903e-01,7.837825830537663296e-02,-7.731581171813827902e-19,-1.822587589746561020e-18,1.340496986233250144e-17,1.999999999999995670e-01,2.000000000000000111e-01,-1.906942896440223344e-17,6.000000000000009770e-01,2.403335992590827524e-16,-3.379289239394333079e-16,1.839366887545647601e-16,1.999999999999995393e-01,-2.000000000000000944e-01,6.018507034662996642e-17,6.000000000000005329e-01,-1.011411655739170555e-16,3.752578606468341892e-17,-1.132023804114482884e-16
3.610000,2.186312897835976377e-01,0.000000000000000000e+00,6.734522976934542715e-01,1.000000000000000000e+00,0.000000000000000000e+00,0.000000000000000000e+00,0.000000000000000000e+00,-3.439668264730920688e-01,-1.760884123526767261e-03,1.801965872412651876e-03,1.437650655673236022e+00,-4.721822639676440114e-01,2.567088241230195897e-03,-1.351933367999403002e+00,3.964935055937358638e-04,9.666437557014913307e-03,1.516905497506327860e+00,-1.726093018706411075e-01,7.843013164526041470e-02,6.521102692743240319e-18,4.655127474855206981e-17,-2.062064978665472497e-17,2.000000000000003442e-01,2.000000000000000944e-01,-8.599012291140492308e-17,5.999999999999989786e-01,1.591248118390206029e-16,8.620027313291622964e-16,1.240383087437177325e-16,2.000000000000000389e-01,-2.000000000000002054e-01,6.325808330782143992e-17,5.999999999999996447e-01,-6.655999463394959917e-17,6.371159441702969331e-16,-6.470993418183681426e-17
3.620000,2.240963126199954913e-01,0.000000000000000000e+00,6.690774227482088055e-01,1.000000000000000000e+00,0.000000000000000000e+00,0.000000000000000000e+00,0.000000000000000000e+00,-3.392629432199636974e-01,-1.722933140446830224e-03,1.775929265533701673e-03,1.453756284491017015e+00,-4.841862243970541657e-01,2.533828010171685664e-03,-1.354877030831407980e+00,4.233154328941563481e-04,9.704842975578076639e-03,1.513089631199522556e+00,-1.658823354542402762e-01,7.848167802382768898e-02,3.265557304126642393e-18,1.880317313171166599e-17,4.801657718588225756e-18,2.000000000000001499e-01,2.000000000000000944e-01,-3.767305881443353779e-17,5.999999999999996447e-01,1.570731887755256398e-16,2.785210246075683735e-16,8.355390867440450285e-17,1.999999999999998168e-01,-2.000000000000001776e-01,1.464129599862121720e-17,6.000000000000004219e-01,-5.189570688174632525e-17,3.074035265479572819e-17,-1.731705675980178243e-17
3.630000,2.295682468829971234e-01,0.000000000000000000e+00,6.646933038211428890e-01,1.000000000000000000e+00,0.000000000000000000e+00,0.000000000000000000e+00,0.000000000000000000e+00,-3.341563177229757708e-01,-1.685387661359830395e-03,1.747927455659100326e-03,1.469400984120199816e+00,-4.961320231976261708e-01,2.499303004422584722e-03,-1.357753696330820770e+00,4.497231007534389750e-04,9.742922746433077888e-03,1.509205616479739387e+00,-1.591542188600525154e-01,7.853294194795926164e-02,-4.081175738216282560e-18,-3.818978268416371988e-17,2.807167446548202597e-18,1.999999999999999556e-01,2.000000000000000666e-01,-3.581619526072219911e-17,6.000000000000001998e-01,2.176479150055195388e-16,8.982541112247337234e-17,1.609735169703079445e-16,1.999999999999998723e-01,-2.000000000000001776e-01,5.700901496073212456e-17,5.999999999999998668e-01,-1.996518108911317365e-17,4.841431932221329669e-16,3.436257157143535173e-17
3.640000,2.350463796997264709e-01,0.000000000000000000e+00,6.603006932937380835e-01,1.000000000000000000e+00,0.000000000000000000e+00,0.000000000000000000e+00,0.000000000000000000e+00,-3.286499894458817517e-01,-1.648223886184645290e-03,1.718009489452767104e-03,1.484587073041311545e+00,-5.080189416988359907e-01,2.463516719454586414e-03,-1.360564398056093527e+00,4.757146224750290610e-04,9.780723442163503575e-03,1.505254838574382914e+00,-1.524253035907134624e-01,7.858396670129653983e-02,1.511094058171133394e-18,2.842433682144224569e-18,-5.682369851882286120e-18,2.000000000000001499e-01,2.000000000000000944e-01,-5.095975552178423208e-17,5.999999999999996447e-01,1.804349222349307614e-16,4.763011360498341000e-16,1.154305441140003255e-16,2.000000000000000389e-01,-2.000000000000001499e-01,1.059704325636481282e-16,5.999999999999996447e-01,-6.582741576366688072e-17,7.510254343037272373e-16,-3.303150738870875191e-17
3.650000,2.405299981973063883e-01,0.000000000000000000e+00,6.559003435474765054e-01,1.000000000000000000e+00,0.000000000000000000e+00,0.000000000000000000e+00,0.000000000000000000e+00,-3.227471169298963827e-01,-1.611415085043749109e-03,1.686225808504925733e-03,1.499316397923449395e+00,-5.198456714503684184e-01,2.426474426736716355e-03,-1.363310171422485340e+00,5.012888077048856294e-04,9.818291681421056558e-03,1.501238658716559815e+00,-1.456959156004798417e-01,7.863479541853822530e-02,-5.766883137833902248e-19,-1.618137592052693400e-17,2.521873719448607123e-18,2.000000000000001221e-01,2.000000000000000389e-01,-3.862204868823630216e-17,6.000000000000001998e-01,2.195097948172199458e-16,-1.504119910188853982e-16,1.596203944460102969e-16,2.000000000000000389e-01,-2.000000000000001776e-01,7.515607140504697710e-17,5.999999999999997558e-01,-5.546884265866248790e-17,4.660011611992068902e-16,-3.581251736173771678e-18
3.660000,2.460183895028606738e-01,0.000000000000000000e+00,6.514930069638398269e-01,1.000000000000000000e+00,0.000000000000000000e+00,0.000000000000000000e+00,0.000000000000000000e+00,-3.164510165539163311e-01,-1.574931701107833365e-03,1.652628387405876646e-03,1.513590385215185075e+00,-5.316103263835899595e-01,2.388183242630877081e-03,-1.365992055573174824e+00,5.264451904643041103e-04,9.855674248360202228e-03,1.497158415767777973e+00,-1.389663548370582147e-01,7.868547142336003442e-02,4.616003338474061084e-18,4.652147958593073251e-17,1.176843446481492605e-17,1.999999999999999556e-01,2.000000000000000111e-01,-3.082462798749338405e-17,6.000000000000004219e-01,1.996994455373639600e-16,-3.045544555726688165e-16,1.219511021630621377e-16,1.999999999999997891e-01,-2.000000000000001221e-01,2.184270018630796253e-17,6.000000000000009770e-01,-1.276620115902146512e-16,-5.623771274798227167e-16,-8.878666413251001817e-17
3.670000,2.515108407435121540e-01,0.000000000000000000e+00,6.470794359243102756e-01,1.000000000000000000e+00,0.000000000000000000e+00,0.000000000000000000e+00,0.000000000000000000e+00,-3.097651986668464308e-01,-1.538741471169187587e-03,1.617270851143068865e-03,1.527410091757639643e+00,-5.433104570610075568e-01,2.348652182219952353e-03,-1.368611093625188291e+00,5.511840187368536757e-04,9.892918127877176407e-03,1.493015426910811350e+00,-1.322368956180406951e-01,7.873603833307415978e-02,2.253588935258536093e-17,1.193267803001004588e-16,-1.346031751186076933e-17,2.000000000000009825e-01,2.000000000000001221e-01,-9.092088098715797594e-17,5.999999999999983125e-01,8.452324999909337438e-17,9.481156577465666650e-16,-1.263926237159477242e-17,1.999999999999995393e-01,-2.000000000000001499e-01,8.991957163895458628e-18,6.000000000000009770e-01,-1.599311284017382594e-16,-3.413105074211541667e-16,-1.569014842215502585e-16
3.680000,2.570066390463848216e-01,0.000000000000000000e+00,6.426603828103691907e-01,1.000000000000000000e+00,0.000000000000000000e+00,0.000000000000000000e+00,0.000000000000000000e+00,-3.026934010497839833e-01,-1.502809567431906933e-03,1.580208578226996495e-03,1.540776252928574896e+00,-5.549430652707990630e-01,2.307892205342480189e-03,-1.371168332414535174e+00,5.755062315087566523e-04,9.930070513377114300e-03,1.488810988046177064e+00,-1.255077872588650501e-01,7.878654008955346399e-02,-2.514638832464692965e-18,-2.716594889397337227e-17,5.207435440089708302e-18,2.000000000000003442e-01,2.000000000000000944e-01,-5.545459021291083990e-17,5.999999999999995337e-01,2.025223460662665859e-16,3.729688786246360283e-16,1.512397462495462714e-16,1.999999999999994837e-01,-2.000000000000002054e-01,-2.479803207434227315e-18,6.000000000000006439e-01,-6.119889135703991100e-17,6.075383212315444158e-17,1.675247467533100622e-18
3.690000,2.625050715386014755e-01,0.000000000000000000e+00,6.382366000034990217e-01,1.000000000000000000e+00,0.000000000000000000e+00,0.000000000000000000e+00,0.000000000000000000e+00,-2.952396197289508528e-01,-1.467098761618318122e-03,1.541498791367502865e-03,1.553689328130286817e+00,-5.665046186608856393e-01,2.265916256857520693e-03,-1.373664822092380389e+00,5.994134319927227643e-04,9.967178806092541823e-03,1.484546374093078880e+00,-1.187792547700031592e-01,7.883702096706894646e-02,4.479114097660636881e-18,1.543702721616087293e-17,-1.714421310912148335e-17,2.000000000000009270e-01,2.000000000000001776e-01,-6.945109233475804572e-17,5.999999999999983125e-01,1.048133247779607523e-16,8.843103139566701276e-16,2.737984965607879809e-17,1.999999999999998723e-01,-2.000000000000002609e-01,8.160804264753822442e-18,5.999999999999998668e-01,-4.471158671857401111e-17,4.768986600293477590e-16,-6.273328792061334495e-18
3.700000,2.680054253472858861e-01,0.000000000000000000e+00,6.338088398851812189e-01,1.000000000000000000e+00,0.000000000000000000e+00,0.000000000000000000e+00,0.000000000000000000e+00,-2.874081371492622772e-01,-1.431569611666257515e-03,1.501200635949117429e-03,1.566149543802946686e+00,-5.779910655519943097e-01,2.222739301534280235e-03,-1.376101615682493229e+00,6.229078599867256217e-04,1.000429061230312389e-02,1.480222839258357181e+00,-1.120514995661541224e-01,7.888752557314621106e-02,-5.137465723708734334e-18,-7.020396353442822754e-18,1.424281406512026311e-17,2.000000000000002054e-01,2.000000000000000944e-01,-3.954511883387860677e-17,5.999999999999996447e-01,1.794841667022783366e-16,2.624774859405845313e-16,1.166667569327183371e-16,1.999999999999999001e-01,-2.000000000000000389e-01,1.113694678249309396e-16,6.000000000000007550e-01,-1.828680794593705495e-16,-2.845227336680012985e-16,-1.713528976295469199e-16
3.710000,2.735069875995609356e-01,0.000000000000000000e+00,6.293778548368980097e-01,1.000000000000000000e+00,0.000000000000000000e+00,0.000000000000000000e+00,0.000000000000000000e+00,-2.792035476927600124e-01,-1.396180670883731718e-03,1.459375245952850703e-03,1.578156934219192564e+00,-5.893978501905837719e-01,2.178378353461835667e-03,-1.378479768634591318e+00,6.459923643789190371e-04,1.004145374055893936e-02,1.475841617293451646e+00,-1.053247001692930312e-01,7.893809884757393980e-02,-1.379703089571721685e-17,-8.883896593634667922e-17,8.356658421149277862e-18,1.999999999999996780e-01,2.000000000000000389e-01,-1.004529614729279450e-17,6.000000000000008660e-01,2.594060719884775682e-16,-3.459198684083303715e-16,2.185923519325872294e-16,1.999999999999999833e-01,-2.000000000000001499e-01,7.628274142989381643e-17,5.999999999999998668e-01,-5.681630045590338024e-17,3.649059962270320961e-16,-2.787036114111410246e-17
3.720000,2.790090454225505057e-01,0.000000000000000000e+00,6.249443972401309555e-01,1.000000000000000000e+00,0.000000000000000000e+00,0.000000000000000000e+00,0.000000000000000000e+00,-2.706307805018686730e-01,-1.360888719116563591e-03,1.416085796696682020e-03,1.589711380301068511e+00,-6.007199287192276360e-01,2.132852499726531608e-03,-1.380800338384524206e+00,6.686703761582098388e-04,1.007871619959477445e-02,1.471403921745495058e+00,-9.859901289959806248e-02,7.898878606121088886e-02,-3.370785070394807348e-18,-1.238351405284509381e-17,-1.120799272291192405e-17,1.999999999999997613e-01,2.000000000000001499e-01,1.152565896712867782e-17,5.999999999999999778e-01,1.586956008237135674e-16,4.025517353230054941e-16,1.048020682173841607e-16,2.000000000000002609e-01,-2.000000000000001776e-01,1.039416182199839050e-16,5.999999999999990896e-01,-4.609211386542542712e-17,9.049416800853397237e-16,-4.940141354685128582e-17
3.730000,2.845108859433774784e-01,0.000000000000000000e+00,6.205092194763623947e-01,1.000000000000000000e+00,0.000000000000000000e+00,0.000000000000000000e+00,0.000000000000000000e+00,-2.616951195484729653e-01,-1.325649015187041653e-03,1.371397543617799324e-03,1.600812646662135519e+00,-6.119517861251787538e-01,2.086182918069702519e-03,-1.383064383924769603e+00,6.909458820707107358e-04,1.011612619714798156e-02,1.466910946204250887e+00,-9.187457255209706408e-02,7.903963281512431382e-02,7.181677853345903641e-18,4.565155373424111410e-17,1.252248494501550340e-17,1.999999999999996503e-01,2.000000000000000666e-01,-2.989067480600993813e-17,6.000000000000005329e-01,1.927229038043425310e-16,3.153809924529604489e-17,1.049260411464515133e-16,1.999999999999997335e-01,-2.000000000000001499e-01,3.930048009179304313e-17,6.000000000000004219e-01,-1.030567199043406225e-16,-2.646652521572352886e-18,-1.025833426124074499e-16
3.740000,2.900117962891656798e-01,0.000000000000000000e+00,6.160730739270736667e-01,1.000000000000000000e+00,0.000000000000000000e+00,0.000000000000000000e+00,0.000000000000000000e+00,-2.524022208767769393e-01,-1.290415569556525475e-03,1.325377846232189769e-03,1.611460417036018056e+00,-6.230874544001084869e-01,2.038392888239950324e-03,-1.385272965386362465e+00,7.128233989873061002e-04,1.015373213973927782e-02,1.462363864545182857e+00,-8.515149305808220048e-02,7.909068504024160950e-02,6.868402398424115032e-18,3.431824797026869006e-17,4.505160079317983386e-19,1.999999999999999556e-01,2.000000000000000389e-01,-8.270140249661981654e-17,6.000000000000001998e-01,2.293624221884961847e-16,2.005817711990900222e-16,1.618638701895608840e-16,1.999999999999998446e-01,-2.000000000000002054e-01,3.614014515394587169e-17,6.000000000000003109e-01,-9.397397099289938556e-17,1.655503543848674256e-16,-5.964191690502257316e-17
3.750000,2.955110635870379920e-01,0.000000000000000000e+00,6.116367129737469988e-01,1.000000000000000000e+00,0.000000000000000000e+00,0.000000000000000000e+00,0.000000000000000000e+00,-2.427581269407890763e-01,-1.255141435849147337e-03,1.278096176358233622e-03,1.621654328213778307e+00,-6.341205321125940042e-01,1.989507796764539496e-03,-1.387427143632594007e+00,7.343079490209030022e-04,1.019158263342370696e-02,1.457763831168515933e+00,-7.842986813077111596e-02,7.914198899758259631e-02,1.421244740639329726e-17,7.594416116111334488e-17,-9.411986049672510813e-18,2.000000000000003442e-01,2.000000000000001499e-01,-5.195270887518292967e-17,5.999999999999989786e-01,8.721110850052859471e-17,9.088133997464646896e-16,-8.580469565481359427e-19,1.999999999999997335e-01,-2.000000000000002054e-01,1.926860249226421311e-17,6.000000000000003109e-01,-8.937390568534854714e-17,2.847293936408148514e-16,-7.644991861949134945e-17
3.760000,3.010079749641180191e-01,0.000000000000000000e+00,6.072008889978642854e-01,1.000000000000000000e+00,0.000000000000000000e+00,0.000000000000000000e+00,0.000000000000000000e+00,-2.327692779557051783e-01,-1.219779019554875993e-03,1.229624109684517019e-03,1.631394002577698510e+00,-6.450442055618101911e-01,1.939555134886417282e-03,-1.389527979864547680e+00,7.554050354214743562e-04,1.022972648550154844e-02,1.453111981233969008e+00,-7.170977189480694236e-02,7.919359127910331753e-02,1.105577534343694990e-18,-1.137291867162403619e-17,-3.562154788566239793e-18,2.000000000000002331e-01,2.000000000000000389e-01,-9.467739065794280048e-17,5.999999999999994227e-01,2.197124641401923711e-16,3.765557711935929165e-16,2.082114248536487005e-16,1.999999999999998723e-01,-2.000000000000002609e-01,9.822177157193801627e-19,5.999999999999998668e-01,7.115385085154734708e-18,6.566062642474971181e-16,6.470551240807363411e-17
3.770000,3.065018175475293094e-01,0.000000000000000000e+00,6.027663543809070879e-01,1.000000000000000000e+00,0.000000000000000000e+00,0.000000000000000000e+00,0.000000000000000000e+00,-2.224425201862591239e-01,-1.184280401908518196e-03,1.180035299784798399e-03,1.640679079288454023e+00,-6.558512716465700887e-01,1.888564489431443635e-03,-1.391576535238435275e+00,7.761206192718658184e-04,1.026821270717838235e-02,1.448409430890822636e+00,-6.499125949930274759e-02,7.924553880917359350e-02,-2.573103252224754305e-18,-2.550841899868471364e-17,1.252401445915713532e-17,1.999999999999998168e-01,1.999999999999999001e-01,-9.754481890329851241e-17,6.000000000000006439e-01,3.080776643369714763e-16,-4.469743143842631556e-16,3.284276455597897244e-16,1.999999999999998446e-01,-2.000000000000000666e-01,9.869194984133341216e-17,6.000000000000003109e-01,-1.190812111884725799e-16,2.671836220922460056e-16,-1.143635192726095088e-16
3.780000,3.119918784643947451e-01,0.000000000000000000e+00,5.983338615043577446e-01,1.000000000000000000e+00,0.000000000000000000e+00,0.000000000000000000e+00,0.000000000000000000e+00,-2.117851111039398826e-01,-1.148597676628620654e-03,1.129405433747090104e-03,1.649509244156070142e+00,-6.665341625484955124e-01,1.836567526396986868e-03,-1.393573870494614120e+00,7.964610970041466212e-04,1.030709051715802613e-02,1.443657277502944369e+00,-5.827436771415778205e-02,7.929787884670255749e-02,6.201477837548050746e-18,4.304171980197608399e-17,-1.110129965251705842e-17,2.000000000000001776e-01,1.999999999999999278e-01,-1.593864196598460533e-16,5.999999999999993117e-01,2.440775236917328760e-16,6.328371198756437404e-16,2.694413582365516847e-16,1.999999999999999556e-01,-2.000000000000001776e-01,6.563010081023876482e-17,5.999999999999996447e-01,-6.998014443463285922e-17,7.330036196762449942e-16,-5.576059247672853888e-17
3.790000,3.174774448418381523e-01,0.000000000000000000e+00,5.939041627496977060e-01,1.000000000000000000e+00,0.000000000000000000e+00,0.000000000000000000e+00,0.000000000000000000e+00,-2.008047213585257007e-01,-1.112683296899845149e-03,1.077812168680241690e-03,1.657884258202192873e+00,-6.770849722917177127e-01,1.783597967078625127e-03,-1.395521045598152376e+00,8.164332787538765160e-04,1.034640934615713506e-02,1.438856599868395314e+00,-5.155911550941212618e-02,7.935065898792970085e-02,-7.503031895918275180e-18,-5.095614550148931518e-17,-1.041901215156941407e-17,2.000000000000000111e-01,1.999999999999999278e-01,-1.462457848268250185e-16,5.999999999999997558e-01,3.077171991670270876e-16,3.025633896082892547e-16,3.559452542204674361e-16,2.000000000000004552e-01,-2.000000000000002331e-01,9.457851659274641501e-17,5.999999999999984235e-01,2.104089098037247511e-17,1.484603316261932802e-15,4.611238271635815775e-17
3.800000,3.229578038069824131e-01,0.000000000000000000e+00,5.894780104984093105e-01,1.000000000000000000e+00,0.000000000000000000e+00,0.000000000000000000e+00,0.000000000000000000e+00,-1.895094335273282693e-01,-1.076490429703653995e-03,1.025335048493870643e-03,1.665803984901858437e+00,-6.874954852042879372e-01,1.729691556580719878e-03,-1.397419119390747699e+00,8.360443675673956626e-04,1.038621884232958197e-02,1.434008458433255973e+00,-4.484550461746079908e-02,7.940392716989666533e-02,1.659878649157458292e-17,9.588271986826405762e-17,1.252270543369889564e-17,2.000000000000001776e-01,1.999999999999998723e-01,-1.770566426544769855e-16,5.999999999999997558e-01,2.782585929888404544e-16,2.690144799592665647e-16,2.925641684602668747e-16,1.999999999999996503e-01,-2.000000000000001499e-01,4.057288992541692644e-17,6.000000000000003109e-01,-1.286059162636347004e-16,1.535387386696315969e-16,-1.337212985127925278e-16
3.810000,3.284322424869514090e-01,0.000000000000000000e+00,5.850561571319738974e-01,1.000000000000000000e+00,0.000000000000000000e+00,0.000000000000000000e+00,0.000000000000000000e+00,-1.779077376273800470e-01,-1.039973314352580884e-03,9.720554005150784486e-04,1.673268416076941989e+00,-6.977572062686328014e-01,1.674886024589747335e-03,-1.399269149253778322e+00,8.553019394751577593e-04,1.042656887758960232e-02,1.429113895499268150e+00,-3.813352007794965082e-02,7.945773167461482600e-02,1.550899841899524597e-17,1.027810572003243245e-16,-7.695976943395929945e-18,2.000000000000005940e-01,2.000000000000000111e-01,-1.619620197221755685e-16,5.999999999999985345e-01,1.646332574711641068e-16,1.191823506712693020e-15,1.574745197038488442e-16,1.999999999999997613e-01,-2.000000000000002054e-01,2.937967652605754640e-17,6.000000000000001998e-01,-1.235235106902873783e-16,2.571672656422781198e-16,-1.128737075613266099e-16
3.820000,3.339000480088680223e-01,0.000000000000000000e+00,5.806393550318738050e-01,1.000000000000000000e+00,0.000000000000000000e+00,0.000000000000000000e+00,0.000000000000000000e+00,-1.660085234011400290e-01,-1.003087621869455616e-03,9.180562117030779132e-04,1.680277696400674259e+00,-7.078613933103151679e-01,1.619221038323419206e-03,-1.401072190782259197e+00,8.742139244425225185e-04,1.046750955482581014e-02,1.424173935424938975e+00,-3.142313076522609133e-02,7.951212113394480474e-02,1.567359613510860934e-17,1.047297452894899005e-16,7.172016452333687322e-18,2.000000000000005940e-01,2.000000000000000389e-01,-1.002260804639882574e-16,5.999999999999985345e-01,9.871361144308567137e-17,1.083000118230894642e-15,1.072850404345260778e-16,1.999999999999994560e-01,-2.000000000000001499e-01,-1.595999402506739075e-17,6.000000000000014211e-01,-1.537883089619428295e-16,-6.012409275514967555e-16,-1.144891507455401825e-16
3.830000,3.393605074998560234e-01,0.000000000000000000e+00,5.762283565795907059e-01,1.000000000000000000e+00,0.000000000000000000e+00,0.000000000000000000e+00,0.000000000000000000e+00,-1.538210694144571400e-01,-9.657908116827570392e-04,8.634219844501534076e-04,1.686832146462940774e+00,-7.177990909365091765e-01,1.562738147606804531e-03,-1.402829297469408099e+00,8.927885882072279788e-04,1.050909121599887149e-02,1.419189584819703587e+00,-2.471428989823325206e-02,7.956714453520503938e-02,1.769943962658774674e-18,-1.222481289112558216e-17,1.545322888461726590e-17,2.000000000000001221e-01,2.000000000000000111e-01,-3.338007467189815398e-17,6.000000000000000888e-01,1.858528736932060359e-16,-3.698628139078772426e-17,1.987076090968675044e-16,1.999999999999992062e-01,-2.000000000000001776e-01,-5.589855910376381685e-17,6.000000000000015321e-01,-7.866539564495749811e-17,-6.368141083686630978e-16,-2.080703286202343401e-19
3.840000,3.448129080870382945e-01,0.000000000000000000e+00,5.718239141566066053e-01,1.000000000000000000e+00,0.000000000000000000e+00,0.000000000000000000e+00,0.000000000000000000e+00,-1.413550290359926465e-01,-9.280424819897992172e-04,8.082385722107917388e-04,1.692932284339381033e+00,-7.275611660984736551e-01,1.505480722069526362e-03,-1.404541520401541010e+00,9.110345150115212957e-04,1.055136445111635318e-02,1.414161832730778334e+00,-1.800693553276187450e-02,7.962285122752392474e-02,3.614082955142646928e-18,-1.094018455297308716e-17,-1.415126616504803699e-18,2.000000000000002887e-01,1.999999999999999556e-01,-6.791047574289742301e-17,5.999999999999999778e-01,1.998912247598744691e-16,-7.785274896192548144e-17,2.167832182344315802e-16,1.999999999999992895e-01,-2.000000000000001776e-01,-2.573013370430776661e-17,6.000000000000008660e-01,-6.040138818502706588e-17,-1.669440067518020890e-17,-1.744099454671577144e-17
3.850000,3.502565368975386617e-01,0.000000000000000000e+00,5.674267801444030646e-01,1.000000000000000000e+00,0.000000000000000000e+00,0.000000000000000000e+00,0.000000000000000000e+00,-1.286204133992408238e-01,-8.898047100744715596e-04,7.525929954712420661e-04,1.698578845603537779e+00,-7.371383451165767209e-01,1.447493880501279093e-03,-1.406209907962964634e+00,9.289605912349871257e-04,1.059438010808243236e-02,1.409091650822320574e+00,-1.130099103600012284e-02,7.967929092895489895e-02,1.251575995229881091e-18,1.319645697841674410e-17,-8.662471804001651469e-18,2.000000000000003997e-01,1.999999999999999278e-01,-1.038585325177278058e-16,5.999999999999996447e-01,2.116595019544111641e-16,2.278643342325347551e-16,2.685939201111738482e-16,1.999999999999996780e-01,-2.000000000000002609e-01,-2.483821237905592450e-17,6.000000000000003109e-01,-5.138454959591204390e-17,1.571894331072237342e-16,1.404048764752307914e-17
3.860000,3.556906810584800072e-01,0.000000000000000000e+00,5.630377069244625332e-01,1.000000000000000000e+00,0.000000000000000000e+00,0.000000000000000000e+00,0.000000000000000000e+00,-1.156275714810807709e-01,-8.510423788634407160e-04,6.965732388601436056e-04,1.703772801720335517e+00,-7.465212519726719398e-01,1.388824412453658558e-03,-1.407835505550532051e+00,9.465759899329736571e-04,1.063818930341848927e-02,1.403979993546502492e+00,-4.596365543334638391e-03,7.973651373436989320e-02,4.845197908751560501e-18,3.684691602080765993e-17,-7.015448491815963177e-18,2.000000000000003164e-01,1.999999999999999278e-01,-1.349799476979097551e-16,5.999999999999990896e-01,1.955441572795745721e-16,8.490297403434861708e-16,2.778869378060501987e-16,1.999999999999997058e-01,-2.000000000000001499e-01,6.654228086240115775e-17,6.000000000000000888e-01,-1.023143738271529940e-16,6.064831642624559444e-16,-9.126854427532012056e-17
3.870000,3.611146276969862123e-01,0.000000000000000000e+00,5.586574468782663505e-01,1.000000000000000000e+00,0.000000000000000000e+00,0.000000000000000000e+00,0.000000000000000000e+00,-1.023871674635042500e-01,-8.117234860639498117e-04,6.402680304930231893e-04,1.708515376760873172e+00,-7.557004476435669194e-01,1.329520692226384554e-03,-1.409419355297497400e+00,9.638901562838493760e-04,1.068284343385511072e-02,1.398827798306124581e+00,2.107045602618705035e-03,7.979457012415000494e-02,5.567272821808419930e-18,3.910353027514790057e-17,-8.331431041602239703e-18,2.000000000000002331e-01,1.999999999999999833e-01,-1.369055246257657002e-16,5.999999999999986455e-01,1.664936035815548381e-16,1.410854798916417863e-15,2.551419689242457966e-16,1.999999999999996225e-01,-2.000000000000002331e-01,3.259647959778102620e-17,5.999999999999996447e-01,-5.108726644704424148e-17,1.061542910129668181e-15,-3.769344273853860022e-17
3.880000,3.665276639401801040e-01,0.000000000000000000e+00,5.542867523872968549e-01,1.000000000000000000e+00,0.000000000000000000e+00,0.000000000000000000e+00,0.000000000000000000e+00,-8.891015557711666462e-02,-7.718194323521043992e-04,5.837666049383392159e-04,1.712808062382702223e+00,-7.646664702215473230e-01,1.269632585431708025e-03,-1.410962495806289851e+00,9.809127939472447703e-04,1.072839418879618922e-02,1.393635985608379091e+00,8.809360430761560556e-03,7.985351097369192130e-02,-4.085587728718560645e-18,-1.057740270141656696e-18,1.328998997597614982e-17,1.999999999999997335e-01,1.999999999999998723e-01,-9.275218433581725870e-17,6.000000000000001998e-01,2.463892237564555327e-16,2.596826806704700627e-16,3.622174037167560909e-16,1.999999999999998723e-01,-2.000000000000001499e-01,4.449082365257245126e-17,6.000000000000003109e-01,-9.823112030595221158e-17,9.910533271452894767e-17,-6.189178717421432961e-17
3.890000,3.719290769151855636e-01,0.000000000000000000e+00,5.499263758330353857e-01,1.000000000000000000e+00,0.000000000000000000e+00,0.000000000000000000e+00,0.000000000000000000e+00,-7.520775265528456544e-02,-7.313052852721266869e-04,5.271584514811064170e-04,1.716652631026337250e+00,-7.734098755441616291e-01,1.209211348390068930e-03,-1.412465961889814325e+00,9.976538523341451411e-04,1.077489356365761951e-02,1.388405459209369752e+00,1.551070993803646721e-02,7.991338756374866126e-02,2.448102485697018665e-17,1.361286995765640614e-16,-7.444268390899651368e-18,2.000000000000005940e-01,1.999999999999999278e-01,-1.686545431393076291e-16,5.999999999999983125e-01,1.269448200473875823e-16,1.235272115451342100e-15,2.171280978356147460e-16,1.999999999999994560e-01,-2.000000000000001499e-01,1.136723828831662670e-17,6.000000000000008660e-01,-1.505776506137267362e-16,-4.339194258656170353e-17,-1.399649300975082223e-16
3.900000,3.773181537491254733e-01,0.000000000000000000e+00,5.455770695969643924e-01,1.000000000000000000e+00,0.000000000000000000e+00,0.000000000000000000e+00,0.000000000000000000e+00,-6.129140865571687524e-02,-6.901600157609600206e-04,4.705330496304509832e-04,1.720051147287381399e+00,-7.819212780361375348e-01,1.148309520668155861e-03,-1.413930784320863721e+00,1.014123514788568782e-03,1.082239387408571833e-02,1.383137106249001214e+00,2.221123770370136280e-02,7.997425159162444008e-02,9.219779012470171723e-18,3.611350267234421153e-17,-1.041805828369585539e-17,2.000000000000008438e-01,1.999999999999999833e-01,-1.481745860662028168e-16,5.999999999999983125e-01,1.676043850820130870e-16,9.662785569750902364e-16,2.560568162504543295e-16,1.999999999999997335e-01,-2.000000000000002331e-01,-3.493909553846601087e-18,6.000000000000001998e-01,-5.551751359594682170e-17,2.322965903276873184e-16,-1.598486501014546818e-19
3.910000,3.826941815691235482e-01,0.000000000000000000e+00,5.412395860605653253e-01,1.000000000000000000e+00,0.000000000000000000e+00,0.000000000000000000e+00,0.000000000000000000e+00,-4.717277543098535170e-02,-6.483667045287140607e-04,4.139795940694533270e-04,1.723005977434161728e+00,-7.901913914520320992e-01,1.086980811134825951e-03,-1.415357989589223209e+00,1.030332187679623918e-03,1.087094777106127792e-02,1.377831797375846046e+00,2.891109952132955158e-02,8.003615518324465328e-02,4.078899459964517282e-18,9.605234571238729273e-18,1.681552049658175285e-18,2.000000000000006217e-01,1.999999999999999556e-01,-1.428915116458452399e-16,5.999999999999988676e-01,2.009074517813185865e-16,7.354446704814885727e-16,2.843512757525942014e-16,1.999999999999996780e-01,-2.000000000000002331e-01,4.177921270173372717e-18,6.000000000000001998e-01,-5.275544642061422015e-17,4.715938244627581517e-16,-1.162700794237680216e-17
3.920000,3.880564475023027815e-01,0.000000000000000000e+00,5.369146776053205228e-01,1.000000000000000000e+00,0.000000000000000000e+00,0.000000000000000000e+00,0.000000000000000000e+00,-3.286367405048079560e-02,-6.059127158950476785e-04,3.575867114649297911e-04,1.725519797052883053e+00,-7.982110691992704288e-01,1.025279977972139937e-03,-1.416748599666031616e+00,1.046290490401704555e-03,1.092060825689729862e-02,1.372490386861594525e+00,3.561046304849102562e-02,8.009915090612158839e-02,5.736017286077478638e-18,2.450468912301401994e-17,-1.356122404479064219e-18,2.000000000000006495e-01,1.999999999999999001e-01,-1.647181424708424994e-16,5.999999999999988676e-01,2.191971665700808641e-16,6.265292612168502714e-16,3.302175208387027371e-16,1.999999999999997335e-01,-2.000000000000000944e-01,8.309856246975495886e-17,6.000000000000000888e-01,-1.136084969269149466e-16,4.699382834596057201e-16,-1.313558951997546959e-16
3.930000,3.934042386757869436e-01,0.000000000000000000e+00,5.326030966127113242e-01,1.000000000000000000e+00,0.000000000000000000e+00,0.000000000000000000e+00,0.000000000000000000e+00,-1.837606099285771580e-02,-5.627898370999296924e-04,3.014421717394851191e-04,1.727595596815653112e+00,-8.059713439179392314e-01,9.632627031423198621e-04,-1.418103631774944473e+00,1.062009246279695682e-03,1.097142870214040666e-02,1.367113712704679962e+00,4.230950747407134088e-02,8.016329178323799987e-02,-6.624169540401561361e-19,2.807643977962379136e-18,1.295195701872136209e-17,2.000000000000000111e-01,1.999999999999999278e-01,-8.353886767932327368e-17,6.000000000000000888e-01,2.324788608204228269e-16,8.901926349122024379e-17,3.054995321685924533e-16,1.999999999999995948e-01,-2.000000000000001221e-01,4.665486654696346107e-17,6.000000000000005329e-01,-8.546395008248505006e-17,2.057235465391765587e-16,-6.658016423518667789e-17
3.940000,3.987368422166989168e-01,0.000000000000000000e+00,5.283055954642201790e-01,1.000000000000000000e+00,0.000000000000000000e+00,0.000000000000000000e+00,0.000000000000000000e+00,-3.721993539859505887e-03,-5.189943815649658738e-04,2.456325965506922222e-04,1.729236686381057320e+00,-8.134634659961031966e-01,9.009854618735012310e-04,-1.419424098169646431e+00,1.077499474375305305e-03,1.102346286338813479e-02,1.361702596722679015e+00,4.900842320317431305e-02,8.022863130787233343e-02,4.732219516908959110e-18,2.718294380889876975e-17,3.325220541413692064e-18,2.000000000000000111e-01,1.999999999999998723e-01,-1.110431918726692789e-16,6.000000000000000888e-01,2.445739843004154405e-16,-3.128985785510091718e-17,3.206181830598947210e-16,1.999999999999995948e-01,-2.000000000000001776e-01,1.529881075666733948e-17,6.000000000000005329e-01,-7.748250556928223292e-17,2.152243447981011894e-16,-6.106824002625469185e-17
3.950000,4.040535452521625825e-01,0.000000000000000000e+00,5.240229265413283155e-01,1.000000000000000000e+00,0.000000000000000000e+00,0.000000000000000000e+00,0.000000000000000000e+00,1.108640529094070612e-02,-4.745272550691327857e-04,1.902431678184104686e-04,1.730446696451868327e+00,-8.206789407076050535e-01,8.385053877870785131e-04,-1.420711005917243641e+00,1.092772382189875552e-03,1.107676490203506406e-02,1.356257844633084853e+00,5.570741155954246626e-02,8.029522345938858163e-02,1.035264997758734171e-17,6.448479986044706757e-17,-1.596728552888955613e-17,2.000000000000006217e-01,1.999999999999998723e-01,-1.698650536617050573e-16,5.999999999999989786e-01,2.206168200103210658e-16,4.659820720491411952e-16,3.150223973242948919e-16,2.000000000000000389e-01,-2.000000000000001776e-01,6.538354741528486012e-17,5.999999999999999778e-01,-9.443718453117138638e-17,3.576219912261508786e-16,-7.532214493453156330e-17
3.960000,4.093536349093008231e-01,0.000000000000000000e+00,5.197558422255182942e-01,1.000000000000000000e+00,0.000000000000000000e+00,0.000000000000000000e+00,0.000000000000000000e+00,2.603698193552860668e-02,-4.293939843095415619e-04,1.353573391874086679e-04,1.731229579029623933e+00,-8.276095636729610128e-01,7.758801343454473694e-04,-1.421965356687054260e+00,1.107839359258239696e-03,1.113138940396381747e-02,1.350780246122022188e+00,6.240668450544463453e-02,8.036312272001662482e-02,2.886689345097831073e-17,1.354031493765149247e-16,5.201877205109758451e-18,2.000000000000009270e-01,1.999999999999999556e-01,-1.465023199471939375e-16,5.999999999999986455e-01,1.458281454714650213e-16,5.920768143436998042e-16,1.606593223017107940e-16,1.999999999999989009e-01,-2.000000000000001776e-01,-4.121316613970778404e-17,6.000000000000014211e-01,-1.216187720359412240e-16,-1.862534417063016919e-16,-1.324723324784148281e-16
3.970000,4.146363983152373534e-01,0.000000000000000000e+00,5.155050948982714543e-01,1.000000000000000000e+00,0.000000000000000000e+00,0.000000000000000000e+00,0.000000000000000000e+00,4.111758725997514269e-02,-3.836047078331456753e-04,8.105655330794892856e-05,1.731589605920892616e+00,-8.342474543629215811e-01,7.131677333511697321e-04,-1.423188146544320576e+00,1.122711971627791006e-03,1.118739140019867594e-02,1.345270574900505389e+00,6.910646437895431871e-02,8.043238409264941158e-02,1.203045245814988139e-17,6.034085121142605010e-17,1.706940834687258492e-17,2.000000000000003442e-01,1.999999999999999556e-01,-8.837974486652301162e-17,5.999999999999996447e-01,1.995405531905857065e-16,1.351026273039315670e-16,2.231003751685481669e-16,1.999999999999984290e-01,-2.000000000000001776e-01,-8.541718762355676084e-17,6.000000000000020872e-01,-8.820993541816091160e-17,-4.864949919933217711e-16,-5.757130623796371136e-17
3.980000,4.199011225970952221e-01,0.000000000000000000e+00,5.112714369410700233e-01,1.000000000000000000e+00,0.000000000000000000e+00,0.000000000000000000e+00,0.000000000000000000e+00,5.631611099822279864e-02,-3.371741298371169499e-04,2.741996776010761553e-05,1.731531365564650704e+00,-8.405850873879479046e-01,6.504264512741773788e-04,-1.424380365748341148e+00,1.137401957216049387e-03,1.124482638854079099e-02,1.339729588747795352e+00,7.580698364855727178e-02,8.050306311968362383e-02,-4.028167817141837340e-18,1.512873585063828376e-17,-1.317418600501496699e-17,2.000000000000004552e-01,2.000000000000000111e-01,-8.400442150600622120e-17,5.999999999999992006e-01,1.693796922700677876e-16,5.828850541138505500e-16,2.075942287875765656e-16,1.999999999999995670e-01,-2.000000000000002887e-01,-4.457006210510215697e-17,6.000000000000007550e-01,-1.926420048428371838e-17,-1.314586113049191392e-16,7.889804495525350907e-17
3.990000,4.251470948819980888e-01,0.000000000000000000e+00,5.070556207353956735e-01,1.000000000000000000e+00,0.000000000000000000e+00,0.000000000000000000e+00,0.000000000000000000e+00,7.162051533937227599e-02,-2.901214378332810876e-04,-2.547580765923223445e-05,1.731059758264104742e+00,-8.466153213447993320e-01,5.877146442228333139e-04,-1.425542998554519825e+00,1.151921222039684143e-03,1.130375035620726117e-02,1.334158029541416379e+00,8.250848468503280131e-02,8.057521590293389990e-02,-3.200865855358979651e-18,-2.427612687783977405e-17,-5.758300690250254890e-18,2.000000000000004829e-01,1.999999999999999001e-01,-1.088659256142348722e-16,5.999999999999999778e-01,2.523497591497873531e-16,-2.249775062460992946e-16,2.942329434736863446e-16,1.999999999999999833e-01,-2.000000000000001499e-01,4.737141602949088584e-17,6.000000000000001998e-01,-4.449158746499495730e-17,6.402151009233821730e-17,-1.680950046011681691e-17
4.000000,4.303736022970689468e-01,0.000000000000000000e+00,5.028583986627306324e-01,1.000000000000000000e+00,0.000000000000000000e+00,0.000000000000000000e+00,0.000000000000000000e+00,8.701886737135561267e-02,-2.424701856438871725e-04,-7.755695972390233334e-05,1.730179989919130801e+00,-8.523314250228626321e-01,5.250906124041489599e-04,-1.426677023019844004e+00,1.166281837307543093e-03,1.136421980349775970e-02,1.328556623273417614e+00,8.921121955052466190e-02,8.064889912465028621e-02,7.971897244349871704e-18,4.480742850164905523e-17,-8.115762056526091295e-18,2.000000000000006495e-01,1.999999999999999278e-01,-1.266100699731016551e-16,5.999999999999994227e-01,2.125691485091328117e-16,3.927084506135916990e-17,2.321385768086933036e-16,2.000000000000000389e-01,-2.000000000000001776e-01,5.940731089222499628e-17,6.000000000000000888e-01,-9.467395990329398045e-17,1.326997766511986401e-16,-7.685480069395049084e-17
4.010000,4.307669996829027736e-01,0.000000000000000000e+00,5.026279924048624448e-01,1.000000000000000000e+00,0.000000000000000000e+00,0.000000000000000000e+00,0.000000000000000000e+00,8.701886737135561267e-02,-2.424701856438871725e-04,-7.755695972390233334e-05,1.730179989919130801e+00,-8.523314250228626321e-01,5.250906124041489599e-04,-1.426677023019844004e+00,1.166281837307543093e-03,1.136421980349775970e-02,1.328556623273417614e+00,8.921121955052466190e-02,8.064889912465028621e-02,7.971897244349871704e-18,4.480742850164905523e-17,-8.115762056526091295e-18,2.000000000000006495e-01,1.999999999999999278e-01,-1.266100699731016551e-16,5.999999999999994227e-01,2.125691485091328117e-16,3.927084506135916990e-17,2.321385768086933036e-16,2.000000000000000389e-01,-2.000000000000001776e-01,5.940731089222499628e-17,6.000000000000000888e-01,-9.467395990329398045e-17,1.326997766511986401e-16,-7.685480069395049084e-17
4.020000,4.311524515248664202e-01,0.000000000000000000e+00,5.024044108984213608e-01,1.000000000000000000e+00,0.000000000000000000e+00,0.000000000000000000e+00,0.000000000000000000e+00,8.701886737135561267e-02,-2.424701856438871725e-04,-7.755695972390233334e-05,1.730179989919130801e+00,-8.523314250228626321e-01,5.250906124041489599e-04,-1.426677023019844004e+00,1.166281837307543093e-03,1.136421980349775970e-02,1.328556623273417614e+00,8.921121955052466190e-02,8.064889912465028621e-02,7.971897244349871704e-18,4.480742850164905523e-17,-8.115762056526091295e-18,2.000000000000006495e-01,1.999999999999999278e-01,-1.266100699731016551e-16,5.999999999999994227e-01,2.125691485091328117e-16,3.927084506135916990e-17,2.321385768086933036e-16,2.000000000000000389e-01,-2.000000000000001776e-01,5.940731089222499628e-17,6.000000000000000888e-01,-9.467395990329398045e-17,1.326997766511986401e-16,-7.685480069395049084e-17
4.030000,4.315299126225158877e-01,0.000000000000000000e+00,5.021876712783774899e-01,1.000000000000000000e+00,0.000000000000000000e+00,0.000000000000000000e+00,0.000000000000000000e+00,8.701886737135561267e-02,-2.424701856438871725e-04,-7.755695972390233334e-05,1.730179989919130801e+00,-8.523314250228626321e-01,5.250906124041489599e-04,-1.426677023019844004e+00,1.166281837307543093e-03,1.136421980349775970e-02,1.328556623273417614e+00,8.921121955052466190e-02,8.064889912465028621e-02,7.971897244349871704e-18,4.480742850164905523e-17,-8.115762056526091295e-18,2.000000000000006495e-01,1.999999999999999278e-01,-1.266100699731016551e-16,5.999999999999994227e-01,2.125691485091328117e-16,3.927084506135916990e-17,2.321385768086933036e-16,2.000000000000000389e-01,-2.000000000000001776e-01,5.940731089222499628e-17,6.000000000000000888e-01,-9.467395990329398045e-17,1.326997766511986401e-16,-7.685480069395049084e-17
4.040000,4.318993377754071217e-01,0.000000000000000000e+00,5.019777906797010525e-01,1.000000000000000000e+00,0.000000000000000000e+00,0.000000000000000000e+00,0.000000000000000000e+00,8.701886737135561267e-02,-2.424701856438871725e-04,-7.755695972390233334e-05,1.730179989919130801e+00,-8.523314250228626321e-01,5.250906124041489599e-04,-1.426677023019844004e+00,1.166281837307543093e-03,1.136421980349775970e-02,1.328556623273417614e+00,8.921121955052466190e-02,8.064889912465028621e-02,7.971897244349871704e-18,4.480742850164905523e-17,-8.115762056526091295e-18,2.000000000000006495e-01,1.999999999999999278e-01,-1.266100699731016551e-16,5.999999999999994227e-01,2.125691485091328117e-16,3.927084506135916990e-17,2.321385768086933036e-16,2.000000000000000389e-01,-2.000000000000001776e-01,5.940731089222499628e-17,6.000000000000000888e-01,-9.467395990329398045e-17,1.326997766511986401e-16,-7.685480069395049084e-17
4.050000,4.322606817830962345e-01,0.000000000000000000e+00,5.017747862373622691e-01,1.000000000000000000e+00,0.000000000000000000e+00,0.000000000000000000e+00,0.000000000000000000e+00,9.667606486008463451e-02,-2.266620371273967306e-04,-1.008604651438937863e-04,1.726375001588163371e+00,-8.562662972224082125e-01,4.995538634850960535e-04,-1.427898140138999183e+00,1.255193691202552376e-03,1.283870217241999886e-02,1.328764460611474352e+00,8.999025473247032614e-02,8.210406859468812046e-02,2.497780212041329578e-17,1.351863476952265579e-16,1.631813299903390763e-17,2.000000000000005662e-01,1.999999999999998723e-01,-1.214135272737206882e-16,5.999999999999995337e-01,1.729918911594467123e-16,1.211403520898230632e-16,2.069342364131165840e-16,1.999999999999989564e-01,-2.000000000000001221e-01,-4.788311706367714503e-17,6.000000000000018652e-01,-1.442845533198737079e-16,-5.935902417180860045e-16,-1.785725151058385108e-16
4.060000,4.326138994451392827e-01,0.000000000000000000e+00,5.015786750863312493e-01,1.000000000000000000e+00,0.000000000000000000e+00,0.000000000000000000e+00,0.000000000000000000e+00,9.667606486008463451e-02,-2.266620371273967306e-04,-1.008604651438937863e-04,1.726375001588163371e+00,-8.562662972224082125e-01,4.995538634850960535e-04,-1.427898140138999183e+00,1.255193691202552376e-03,1.283870217241999886e-02,1.328764460611474352e+00,8.999025473247032614e-02,8.210406859468812046e-02,2.497780212041329578e-17,1.351863476952265579e-16,1.631813299903390763e-17,2.000000000000005662e-01,1.999999999999998723e-01,-1.214135272737206882e-16,5.999999999999995337e-01,1.729918911594467123e-16,1.211403520898230632e-16,2.069342364131165840e-16,1.999999999999989564e-01,-2.000000000000001221e-01,-4.788311706367714503e-17,6.000000000000018652e-01,-1.442845533198737079e-16,-5.935902417180860045e-16,-1.785725151058385108e-16
4.070000,4.329589455610922122e-01,0.000000000000000000e+00,5.013894743615783245e-01,1.000000000000000000e+00,0.000000000000000000e+00,0.000000000000000000e+00,0.000000000000000000e+00,9.667606486008463451e-02,-2.266620371273967306e-04,-1.008604651438937863e-04,1.726375001588163371e+00,-8.562662972224082125e-01,4.995538634850960535e-04,-1.427898140138999183e+00,1.255193691202552376e-03,1.283870217241999886e-02,1.328764460611474352e+00,8.999025473247032614e-02,8.210406859468812046e-02,2.497780212041329578e-17,1.351863476952265579e-16,1.631813299903390763e-17,2.000000000000005662e-01,1.999999999999998723e-01,-1.214135272737206882e-16,5.999999999999995337e-01,1.729918911594467123e-16,1.211403520898230632e-16,2.069342364131165840e-16,1.999999999999989564e-01,-2.000000000000001221e-01,-4.788311706367714503e-17,6.000000000000018652e-01,-1.442845533198737079e-16,-5.935902417180860045e-16,-1.785725151058385108e-16
4.080000,4.332957749305109685e-01,0.000000000000000000e+00,5.012072011980736042e-01,1.000000000000000000e+00,0.000000000000000000e+00,0.000000000000000000e+00,0.000000000000000000e+00,9.667606486008463451e-02,-2.266620371273967306e-04,-1.008604651438937863e-04,1.726375001588163371e+00,-8.562662972224082125e-01,4.995538634850960535e-04,-1.427898140138999183e+00,1.255193691202552376e-03,1.283870217241999886e-02,1.328764460611474352e+00,8.999025473247032614e-02,8.210406859468812046e-02,2.497780212041329578e-17,1.351863476952265579e-16,1.631813299903390763e-17,2.000000000000005662e-01,1.999999999999998723e-01,-1.214135272737206882e-16,5.999999999999995337e-01,1.729918911594467123e-16,1.211403520898230632e-16,2.069342364131165840e-16,1.999999999999989564e-01,-2.000000000000001221e-01,-4.788311706367714503e-17,6.000000000000018652e-01,-1.442845533198737079e-16,-5.935902417180860045e-16,-1.785725151058385108e-16
4.090000,4.336243423529517749e-01,0.000000000000000000e+00,5.010318727307873088e-01,1.000000000000000000e+00,0.000000000000000000e+00,0.000000000000000000e+00,0.000000000000000000e+00,9.667606486008463451e-02,-2.266620371273967306e-04,-1.008604651438937863e-04,1.726375001588163371e+00,-8.562662972224082125e-01,4.995538634850960535e-04,-1.427898140138999183e+00,1.255193691202552376e-03,1.283870217241999886e-02,1.328764460611474352e+00,8.999025473247032614e-02,8.210406859468812046e-02,2.497780212041329578e-17,1.351863476952265579e-16,1.631813299903390763e-17,2.000000000000005662e-01,1.999999999999998723e-01,-1.214135272737206882e-16,5.999999999999995337e-01,1.729918911594467123e-16,1.211403520898230632e-16,2.069342364131165840e-16,1.999999999999989564e-01,-2.000000000000001221e-01,-4.788311706367714503e-17,6.000000000000018652e-01,-1.442845533198737079e-16,-5.935902417180860045e-16,-1.785725151058385108e-16
4.100000,4.339446026279705215e-01,0.000000000000000000e+00,5.008635060946895479e-01,1.000000000000000000e+00,0.000000000000000000e+00,0.000000000000000000e+00,0.000000000000000000e+00,9.667606486008463451e-02,-2.266620371273967306e-04,-1.008604651438937863e-04,1.726375001588163371e+00,-8.562662972224082125e-01,4.995538634850960535e-04,-1.427898140138999183e+00,1.255193691202552376e-03,1.283870217241999886e-02,1.328764460611474352e+00,8.999025473247032614e-02,8.210406859468812046e-02,2.497780212041329578e-17,1.351863476952265579e-16,1.631813299903390763e-17,2.000000000000005662e-01,1.999999999999998723e-01,-1.214135272737206882e-16,5.999999999999995337e-01,1.729918911594467123e-16,1.211403520898230632e-16,2.069342364131165840e-16,1.999999999999989564e-01,-2.000000000000001221e-01,-4.788311706367714503e-17,6.000000000000018652e-01,-1.442845533198737079e-16,-5.935902417180860045e-16,-1.785725151058385108e-16
4.110000,4.342565105551232651e-01,0.000000000000000000e+00,5.007021184247505419e-01,1.000000000000000000e+00,0.000000000000000000e+00,0.000000000000000000e+00,0.000000000000000000e+00,9.667606486008463451e-02,-2.266620371273967306e-04,-1.008604651438937863e-04,1.726375001588163371e+00,-8.562662972224082125e-01,4.995538634850960535e-04,-1.427898140138999183e+00,1.255193691202552376e-03,1.283870217241999886e-02,1.328764460611474352e+00,8.999025473247032614e-02,8.210406859468812046e-02,2.497780212041329578e-17,1.351863476952265579e-16,1.631813299903390763e-17,2.000000000000005662e-01,1.999999999999998723e-01,-1.214135272737206882e-16,5.999999999999995337e-01,1.729918911594467123e-16,1.211403520898230632e-16,2.069342364131165840e-16,1.999999999999989564e-01,-2.000000000000001221e-01,-4.788311706367714503e-17,6.000000000000018652e-01,-1.442845533198737079e-16,-5.935902417180860045e-16,-1.785725151058385108e-16
4.120000,4.345600209339660069e-01,0.000000000000000000e+00,5.005477268559405113e-01,1.000000000000000000e+00,0.000000000000000000e+00,0.000000000000000000e+00,0.000000000000000000e+00,9.667606486008463451e-02,-2.266620371273967306e-04,-1.008604651438937863e-04,1.726375001588163371e+00,-8.562662972224082125e-01,4.995538634850960535e-04,-1.427898140138999183e+00,1.255193691202552376e-03,1.283870217241999886e-02,1.328764460611474352e+00,8.999025473247032614e-02,8.210406859468812046e-02,2.497780212041329578e-17,1.351863476952265579e-16,1.631813299903390763e-17,2.000000000000005662e-01,1.999999999999998723e-01,-1.214135272737206882e-16,5.999999999999995337e-01,1.729918911594467123e-16,1.211403520898230632e-16,2.069342364131165840e-16,1.999999999999989564e-01,-2.000000000000001221e-01,-4.788311706367714503e-17,6.000000000000018652e-01,-1.442845533198737079e-16,-5.935902417180860045e-16,-1.785725151058385108e-16
4.130000,4.348550885640548036e-01,0.000000000000000000e+00,5.004003485232296766e-01,1.000000000000000000e+00,0.000000000000000000e+00,0.000000000000000000e+00,0.000000000000000000e+00,9.667606486008463451e-02,-2.266620371273967306e-04,-1.008604651438937863e-04,1.726375001588163371e+00,-8.562662972224082125e-01,4.995538634850960535e-04,-1.427898140138999183e+00,1.255193691202552376e-03,1.283870217241999886e-02,1.328764460611474352e+00,8.999025473247032614e-02,8.210406859468812046e-02,2.497780212041329578e-17,1.351863476952265579e-16,1.631813299903390763e-17,2.000000000000005662e-01,1.999999999999998723e-01,-1.214135272737206882e-16,5.999999999999995337e-01,1.729918911594467123e-16,1.211403520898230632e-16,2.069342364131165840e-16,1.999999999999989564e-01,-2.000000000000001221e-01,-4.788311706367714503e-17,6.000000000000018652e-01,-1.442845533198737079e-16,-5.935902417180860045e-16,-1.785725151058385108e-16
4.140000,4.351416682449456008e-01,0.000000000000000000e+00,5.002600005615881473e-01,1.000000000000000000e+00,0.000000000000000000e+00,0.000000000000000000e+00,0.000000000000000000e+00,1.071005450138201448e-01,-2.242034257516534635e-04,-1.130420790380374602e-04,1.719274737538015296e+00,-8.602829912765610487e-01,4.901410989946224312e-04,-1.429996015141734578e+00,1.454346175872826092e-03,1.602164012466211068e-02,1.333328660667905119e+00,8.699606322541145187e-02,8.524575558731606328e-02,1.045278199464871263e-17,9.440461891517325906e-17,1.891839296415185373e-17,2.000000000000000944e-01,1.999999999999999001e-01,-8.221650894647753815e-17,6.000000000000003109e-01,2.278556241654885698e-16,-2.783333196267622191e-16,2.460229428810925057e-16,1.999999999999989841e-01,-2.000000000000001499e-01,-7.051496654330483653e-17,6.000000000000025313e-01,-1.882384118317484999e-16,-1.404345218930186189e-15,-1.419998674602538243e-16
4.150000,4.354197147761945108e-01,0.000000000000000000e+00,5.001267001059860329e-01,1.000000000000000000e+00,0.000000000000000000e+00,0.000000000000000000e+00,0.000000000000000000e+00,1.071005450138201448e-01,-2.242034257516534635e-04,-1.130420790380374602e-04,1.719274737538015296e+00,-8.602829912765610487e-01,4.901410989946224312e-04,-1.429996015141734578e+00,1.454346175872826092e-03,1.602164012466211068e-02,1.333328660667905119e+00,8.699606322541145187e-02,8.524575558731606328e-02,1.045278199464871263e-17,9.440461891517325906e-17,1.891839296415185373e-17,2.000000000000000944e-01,1.999999999999999001e-01,-8.221650894647753815e-17,6.000000000000003109e-01,2.278556241654885698e-16,-2.783333196267622191e-16,2.460229428810925057e-16,1.999999999999989841e-01,-2.000000000000001499e-01,-7.051496654330483653e-17,6.000000000000025313e-01,-1.882384118317484999e-16,-1.404345218930186189e-15,-1.419998674602538243e-16
4.160000,4.356891829573575348e-01,0.000000000000000000e+00,5.000004642913936648e-01,1.000000000000000000e+00,0.000000000000000000e+00,0.000000000000000000e+00,0.000000000000000000e+00,1.071005450138201448e-01,-2.242034257516534635e-04,-1.130420790380374602e-04,1.719274737538015296e+00,-8.602829912765610487e-01,4.901410989946224312e-04,-1.429996015141734578e+00,1.454346175872826092e-03,1.602164012466211068e-02,1.333328660667905119e+00,8.699606322541145187e-02,8.524575558731606328e-02,1.045278199464871263e-17,9.440461891517325906e-17,1.891839296415185373e-17,2.000000000000000944e-01,1.999999999999999001e-01,-8.221650894647753815e-17,6.000000000000003109e-01,2.278556241654885698e-16,-2.783333196267622191e-16,2.460229428810925057e-16,1.999999999999989841e-01,-2.000000000000001499e-01,-7.051496654330483653e-17,6.000000000000025313e-01,-1.882384118317484999e-16,-1.404345218930186189e-15,-1.419998674602538243e-16
4.170000,4.359500275879906739e-01,0.000000000000000000e+00,4.998813102527812635e-01,1.000000000000000000e+00,0.000000000000000000e+00,0.000000000000000000e+00,0.000000000000000000e+00,1.071005450138201448e-01,-2.242034257516534635e-04,-1.130420790380374602e-04,1.719274737538015296e+00,-8.602829912765610487e-01,4.901410989946224312e-04,-1.429996015141734578e+00,1.454346175872826092e-03,1.602164012466211068e-02,1.333328660667905119e+00,8.699606322541145187e-02,8.524575558731606328e-02,1.045278199464871263e-17,9.440461891517325906e-17,1.891839296415185373e-17,2.000000000000000944e-01,1.999999999999999001e-01,-8.221650894647753815e-17,6.000000000000003109e-01,2.278556241654885698e-16,-2.783333196267622191e-16,2.460229428810925057e-16,1.999999999999989841e-01,-2.000000000000001499e-01,-7.051496654330483653e-17,6.000000000000025313e-01,-1.882384118317484999e-16,-1.404345218930186189e-15,-1.419998674602538243e-16
4.180000,4.362022034676499849e-01,0.000000000000000000e+00,4.997692551251189386e-01,1.000000000000000000e+00,0.000000000000000000e+00,0.000000000000000000e+00,0.000000000000000000e+00,1.071005450138201448e-01,-2.242034257516534635e-04,-1.130420790380374602e-04,1.719274737538015296e+00,-8.602829912765610487e-01,4.901410989946224312e-04,-1.429996015141734578e+00,1.454346175872826092e-03,1.602164012466211068e-02,1.333328660667905119e+00,8.699606322541145187e-02,8.524575558731606328e-02,1.045278199464871263e-17,9.440461891517325906e-17,1.891839296415185373e-17,2.000000000000000944e-01,1.999999999999999001e-01,-8.221650894647753815e-17,6.000000000000003109e-01,2.278556241654885698e-16,-2.783333196267622191e-16,2.460229428810925057e-16,1.999999999999989841e-01,-2.000000000000001499e-01,-7.051496654330483653e-17,6.000000000000025313e-01,-1.882384118317484999e-16,-1.404345218930186189e-15,-1.419998674602538243e-16
4.190000,4.364456653958914689e-01,0.000000000000000000e+00,4.996643160433769104e-01,1.000000000000000000e+00,0.000000000000000000e+00,0.000000000000000000e+00,0.000000000000000000e+00,1.071005450138201448e-01,-2.242034257516534635e-04,-1.130420790380374602e-04,1.719274737538015296e+00,-8.602829912765610487e-01,4.901410989946224312e-04,-1.429996015141734578e+00,1.454346175872826092e-03,1.602164012466211068e-02,1.333328660667905119e+00,8.699606322541145187e-02,8.524575558731606328e-02,1.045278199464871263e-17,9.440461891517325906e-17,1.891839296415185373e-17,2.000000000000000944e-01,1.999999999999999001e-01,-8.221650894647753815e-17,6.000000000000003109e-01,2.278556241654885698e-16,-2.783333196267622191e-16,2.460229428810925057e-16,1.999999999999989841e-01,-2.000000000000001499e-01,-7.051496654330483653e-17,6.000000000000025313e-01,-1.882384118317484999e-16,-1.404345218930186189e-15,-1.419998674602538243e-16
4.200000,4.366803681722710717e-01,0.000000000000000000e+00,4.995665101425253440e-01,1.000000000000000000e+00,0.000000000000000000e+00,0.000000000000000000e+00,0.000000000000000000e+00,1.071005450138201448e-01,-2.242034257516534635e-04,-1.130420790380374602e-04,1.719274737538015296e+00,-8.602829912765610487e-01,4.901410989946224312e-04,-1.429996015141734578e+00,1.454346175872826092e-03,1.602164012466211068e-02,1.333328660667905119e+00,8.699606322541145187e-02,8.524575558731606328e-02,1.045278199464871263e-17,9.440461891517325906e-17,1.891839296415185373e-17,2.000000000000000944e-01,1.999999999999999001e-01,-8.221650894647753815e-17,6.000000000000003109e-01,2.278556241654885698e-16,-2.783333196267622191e-16,2.460229428810925057e-16,1.999999999999989841e-01,-2.000000000000001499e-01,-7.051496654330483653e-17,6.000000000000025313e-01,-1.882384118317484999e-16,-1.404345218930186189e-15,-1.419998674602538243e-16
4.210000,4.369062665963449610e-01,0.000000000000000000e+00,4.994758545575344044e-01,1.000000000000000000e+00,0.000000000000000000e+00,0.000000000000000000e+00,0.000000000000000000e+00,1.071005450138201448e-01,-2.242034257516534635e-04,-1.130420790380374602e-04,1.719274737538015296e+00,-8.602829912765610487e-01,4.901410989946224312e-04,-1.429996015141734578e+00,1.454346175872826092e-03,1.602164012466211068e-02,1.333328660667905119e+00,8.699606322541145187e-02,8.524575558731606328e-02,1.045278199464871263e-17,9.440461891517325906e-17,1.891839296415185373e-17,2.000000000000000944e-01,1.999999999999999001e-01,-8.221650894647753815e-17,6.000000000000003109e-01,2.278556241654885698e-16,-2.783333196267622191e-16,2.460229428810925057e-16,1.999999999999989841e-01,-2.000000000000001499e-01,-7.051496654330483653e-17,6.000000000000025313e-01,-1.882384118317484999e-16,-1.404345218930186189e-15,-1.419998674602538243e-16
4.220000,4.371233154676690824e-01,0.000000000000000000e+00,4.993923664233743120e-01,1.000000000000000000e+00,0.000000000000000000e+00,0.000000000000000000e+00,0.000000000000000000e+00,1.071005450138201448e-01,-2.242034257516534635e-04,-1.130420790380374602e-04,1.719274737538015296e+00,-8.602829912765610487e-01,4.901410989946224312e-04,-1.429996015141734578e+00,1.454346175872826092e-03,1.602164012466211068e-02,1.333328660667905119e+00,8.699606322541145187e-02,8.524575558731606328e-02,1.045278199464871263e-17,9.440461891517325906e-17,1.891839296415185373e-17,2.000000000000000944e-01,1.999999999999999001e-01,-8.221650894647753815e-17,6.000000000000003109e-01,2.278556241654885698e-16,-2.783333196267622191e-16,2.460229428810925057e-16,1.999999999999989841e-01,-2.000000000000001499e-01,-7.051496654330483653e-17,6.000000000000025313e-01,-1.882384118317484999e-16,-1.404345218930186189e-15,-1.419998674602538243e-16
4.230000,4.373314695857994372e-01,0.000000000000000000e+00,4.993160628750152874e-01,1.000000000000000000e+00,0.000000000000000000e+00,0.000000000000000000e+00,0.000000000000000000e+00,1.071005450138201448e-01,-2.242034257516534635e-04,-1.130420790380374602e-04,1.719274737538015296e+00,-8.602829912765610487e-01,4.901410989946224312e-04,-1.429996015141734578e+00,1.454346175872826092e-03,1.602164012466211068e-02,1.333328660667905119e+00,8.699606322541145187e-02,8.524575558731606328e-02,1.045278199464871263e-17,9.440461891517325906e-17,1.891839296415185373e-17,2.000000000000000944e-01,1.999999999999999001e-01,-8.221650894647753815e-17,6.000000000000003109e-01,2.278556241654885698e-16,-2.783333196267622191e-16,2.460229428810925057e-16,1.999999999999989841e-01,-2.000000000000001499e-01,-7.051496654330483653e-17,6.000000000000025313e-01,-1.882384118317484999e-16,-1.404345218930186189e-15,-1.419998674602538243e-16
4.240000,4.375306837502920820e-01,0.000000000000000000e+00,4.992469610474274400e-01,1.000000000000000000e+00,0.000000000000000000e+00,0.000000000000000000e+00,0.000000000000000000e+00,1.071005450138201448e-01,-2.242034257516534635e-04,-1.130420790380374602e-04,1.719274737538015296e+00,-8.602829912765610487e-01,4.901410989946224312e-04,-1.429996015141734578e+00,1.454346175872826092e-03,1.602164012466211068e-02,1.333328660667905119e+00,8.699606322541145187e-02,8.524575558731606328e-02,1.045278199464871263e-17,9.440461891517325906e-17,1.891839296415185373e-17,2.000000000000000944e-01,1.999999999999999001e-01,-8.221650894647753815e-17,6.000000000000003109e-01,2.278556241654885698e-16,-2.783333196267622191e-16,2.460229428810925057e-16,1.999999999999989841e-01,-2.000000000000001499e-01,-7.051496654330483653e-17,6.000000000000025313e-01,-1.882384118317484999e-16,-1.404345218930186189e-15,-1.419998674602538243e-16
4.250000,4.377209127607030181e-01,0.000000000000000000e+00,4.991850780755809347e-01,1.000000000000000000e+00,0.000000000000000000e+00,0.000000000000000000e+00,0.000000000000000000e+00,1.071005450138201448e-01,-2.242034257516534635e-04,-1.130420790380374602e-04,1.719274737538015296e+00,-8.602829912765610487e-01,4.901410989946224312e-04,-1.429996015141734578e+00,1.454346175872826092e-03,1.602164012466211068e-02,1.333328660667905119e+00,8.699606322541145187e-02,8.524575558731606328e-02,1.045278199464871263e-17,9.440461891517325906e-17,1.891839296415185373e-17,2.000000000000000944e-01,1.999999999999999001e-01,-8.221650894647753815e-17,6.000000000000003109e-01,2.278556241654885698e-16,-2.783333196267622191e-16,2.460229428810925057e-16,1.999999999999989841e-01,-2.000000000000001499e-01,-7.051496654330483653e-17,6.000000000000025313e-01,-1.882384118317484999e-16,-1.404345218930186189e-15,-1.419998674602538243e-16
4.260000,4.379021114165883022e-01,0.000000000000000000e+00,4.991304310944461031e-01,1.000000000000000000e+00,0.000000000000000000e+00,0.000000000000000000e+00,0.000000000000000000e+00,1.177746166399215449e-01,-2.325080044941594973e-04,-1.137576948718455717e-04,1.709368825130353819e+00,-8.629613112627820826e-01,4.961349807951135997e-04,-1.432827842420640208e+00,1.768970752062114758e-03,2.073338749393634564e-02,1.341805292414079531e+00,8.057104409541382406e-02,8.990438457580843257e-02,1.842693768057206189e-17,1.227024550890490139e-16,1.182424978194271814e-17,2.000000000000001776e-01,1.999999999999999278e-01,-9.070172798286467810e-17,6.000000000000000888e-01,1.896554082809627784e-16,-9.484766234678305169e-17,1.749089212887983618e-16,1.999999999999988454e-01,-2.000000000000002887e-01,-1.257857225076561661e-16,6.000000000000028644e-01,-2.045632487998534915e-16,-1.424036685947721288e-15,-9.618248218746123609e-17
4.270000,4.380742345175039354e-01,0.000000000000000000e+00,4.990830372389930547e-01,1.000000000000000000e+00,0.000000000000000000e+00,0.000000000000000000e+00,0.000000000000000000e+00,1.177746166399215449e-01,-2.325080044941594973e-04,-1.137576948718455717e-04,1.709368825130353819e+00,-8.629613112627820826e-01,4.961349807951135997e-04,-1.432827842420640208e+00,1.768970752062114758e-03,2.073338749393634564e-02,1.341805292414079531e+00,8.057104409541382406e-02,8.990438457580843257e-02,1.842693768057206189e-17,1.227024550890490139e-16,1.182424978194271814e-17,2.000000000000001776e-01,1.999999999999999278e-01,-9.070172798286467810e-17,6.000000000000000888e-01,1.896554082809627784e-16,-9.484766234678305169e-17,1.749089212887983618e-16,1.999999999999988454e-01,-2.000000000000002887e-01,-1.257857225076561661e-16,6.000000000000028644e-01,-2.045632487998534915e-16,-1.424036685947721288e-15,-9.618248218746123609e-17
4.280000,4.382372368630059745e-01,0.000000000000000000e+00,4.990429136441920099e-01,1.000000000000000000e+00,0.000000000000000000e+00,0.000000000000000000e+00,0.000000000000000000e+00,1.177746166399215449e-01,-2.325080044941594973e-04,-1.137576948718455717e-04,1.709368825130353819e+00,-8.629613112627820826e-01,4.961349807951135997e-04,-1.432827842420640208e+00,1.768970752062114758e-03,2.073338749393634564e-02,1.341805292414079531e+00,8.057104409541382406e-02,8.990438457580843257e-02,1.842693768057206189e-17,1.227024550890490139e-16,1.182424978194271814e-17,2.000000000000001776e-01,1.999999999999999278e-01,-9.070172798286467810e-17,6.000000000000000888e-01,1.896554082809627784e-16,-9.484766234678305169e-17,1.749089212887983618e-16,1.999999999999988454e-01,-2.000000000000002887e-01,-1.257857225076561661e-16,6.000000000000028644e-01,-2.045632487998534915e-16,-1.424036685947721288e-15,-9.618248218746123609e-17
4.290000,4.383910732526503651e-01,0.000000000000000000e+00,4.990100774450130783e-01,1.000000000000000000e+00,0.000000000000000000e+00,0.000000000000000000e+00,0.000000000000000000e+00,1.177746166399215449e-01,-2.325080044941594973e-04,-1.137576948718455717e-04,1.709368825130353819e+00,-8.629613112627820826e-01,4.961349807951135997e-04,-1.432827842420640208e+00,1.768970752062114758e-03,2.073338749393634564e-02,1.341805292414079531e+00,8.057104409541382406e-02,8.990438457580843257e-02,1.842693768057206189e-17,1.227024550890490139e-16,1.182424978194271814e-17,2.000000000000001776e-01,1.999999999999999278e-01,-9.070172798286467810e-17,6.000000000000000888e-01,1.896554082809627784e-16,-9.484766234678305169e-17,1.749089212887983618e-16,1.999999999999988454e-01,-2.000000000000002887e-01,-1.257857225076561661e-16,6.000000000000028644e-01,-2.045632487998534915e-16,-1.424036685947721288e-15,-9.618248218746123609e-17
4.300000,4.385356984859931639e-01,0.000000000000000000e+00,4.989845457764265357e-01,1.000000000000000000e+00,0.000000000000000000e+00,0.000000000000000000e+00,0.000000000000000000e+00,1.177746166399215449e-01,-2.325080044941594973e-04,-1.137576948718455717e-04,1.709368825130353819e+00,-8.629613112627820826e-01,4.961349807951135997e-04,-1.432827842420640208e+00,1.768970752062114758e-03,2.073338749393634564e-02,1.341805292414079531e+00,8.057104409541382406e-02,8.990438457580843257e-02,1.842693768057206189e-17,1.227024550890490139e-16,1.182424978194271814e-17,2.000000000000001776e-01,1.999999999999999278e-01,-9.070172798286467810e-17,6.000000000000000888e-01,1.896554082809627784e-16,-9.484766234678305169e-17,1.749089212887983618e-16,1.999999999999988454e-01,-2.000000000000002887e-01,-1.257857225076561661e-16,6.000000000000028644e-01,-2.045632487998534915e-16,-1.424036685947721288e-15,-9.618248218746123609e-17
4.310000,4.386710673625904278e-01,0.000000000000000000e+00,4.989663357734025473e-01,1.000000000000000000e+00,0.000000000000000000e+00,0.000000000000000000e+00,0.000000000000000000e+00,1.177746166399215449e-01,-2.325080044941594973e-04,-1.137576948718455717e-04,1.709368825130353819e+00,-8.629613112627820826e-01,4.961349807951135997e-04,-1.432827842420640208e+00,1.768970752062114758e-03,2.073338749393634564e-02,1.341805292414079531e+00,8.057104409541382406e-02,8.990438457580843257e-02,1.842693768057206189e-17,1.227024550890490139e-16,1.182424978194271814e-17,2.000000000000001776e-01,1.999999999999999278e-01,-9.070172798286467810e-17,6.000000000000000888e-01,1.896554082809627784e-16,-9.484766234678305169e-17,1.749089212887983618e-16,1.999999999999988454e-01,-2.000000000000002887e-01,-1.257857225076561661e-16,6.000000000000028644e-01,-2.045632487998534915e-16,-1.424036685947721288e-15,-9.618248218746123609e-17
4.320000,4.387971346819981577e-01,0.000000000000000000e+00,4.989554645709112224e-01,1.000000000000000000e+00,0.000000000000000000e+00,0.000000000000000000e+00,0.000000000000000000e+00,1.177746166399215449e-01,-2.325080044941594973e-04,-1.137576948718455717e-04,1.709368825130353819e+00,-8.629613112627820826e-01,4.961349807951135997e-04,-1.432827842420640208e+00,1.768970752062114758e-03,2.073338749393634564e-02,1.341805292414079531e+00,8.057104409541382406e-02,8.990438457580843257e-02,1.842693768057206189e-17,1.227024550890490139e-16,1.182424978194271814e-17,2.000000000000001776e-01,1.999999999999999278e-01,-9.070172798286467810e-17,6.000000000000000888e-01,1.896554082809627784e-16,-9.484766234678305169e-17,1.749089212887983618e-16,1.999999999999988454e-01,-2.000000000000002887e-01,-1.257857225076561661e-16,6.000000000000028644e-01,-2.045632487998534915e-16,-1.424036685947721288e-15,-9.618248218746123609e-17
4.330000,4.389138552437722995e-01,0.000000000000000000e+00,4.989519493039228926e-01,1.000000000000000000e+00,0.000000000000000000e+00,0.000000000000000000e+00,0.000000000000000000e+00,1.177746166399215449e-01,-2.325080044941594973e-04,-1.137576948718455717e-04,1.709368825130353819e+00,-8.629613112627820826e-01,4.961349807951135997e-04,-1.432827842420640208e+00,1.768970752062114758e-03,2.073338749393634564e-02,1.341805292414079531e+00,8.057104409541382406e-02,8.990438457580843257e-02,1.842693768057206189e-17,1.227024550890490139e-16,1.182424978194271814e-17,2.000000000000001776e-01,1.999999999999999278e-01,-9.070172798286467810e-17,6.000000000000000888e-01,1.896554082809627784e-16,-9.484766234678305169e-17,1.749089212887983618e-16,1.999999999999988454e-01,-2.000000000000002887e-01,-1.257857225076561661e-16,6.000000000000028644e-01,-2.045632487998534915e-16,-1.424036685947721288e-15,-9.618248218746123609e-17
4.340000,4.390211838474690209e-01,0.000000000000000000e+00,4.989558071074076118e-01,1.000000000000000000e+00,0.000000000000000000e+00,0.000000000000000000e+00,0.000000000000000000e+00,1.177746166399215449e-01,-2.325080044941594973e-04,-1.137576948718455717e-04,1.709368825130353819e+00,-8.629613112627820826e-01,4.961349807951135997e-04,-1.432827842420640208e+00,1.768970752062114758e-03,2.073338749393634564e-02,1.341805292414079531e+00,8.057104409541382406e-02,8.990438457580843257e-02,1.842693768057206189e-17,1.227024550890490139e-16,1.182424978194271814e-17,2.000000000000001776e-01,1.999999999999999278e-01,-9.070172798286467810e-17,6.000000000000000888e-01,1.896554082809627784e-16,-9.484766234678305169e-17,1.749089212887983618e-16,1.999999999999988454e-01,-2.000000000000002887e-01,-1.257857225076561661e-16,6.000000000000028644e-01,-2.045632487998534915e-16,-1.424036685947721288e-15,-9.618248218746123609e-17
4.350000,4.391190752926442675e-01,0.000000000000000000e+00,4.989670551163355450e-01,1.000000000000000000e+00,0.000000000000000000e+00,0.000000000000000000e+00,0.000000000000000000e+00,1.177746166399215449e-01,-2.325080044941594973e-04,-1.137576948718455717e-04,1.709368825130353819e+00,-8.629613112627820826e-01,4.961349807951135997e-04,-1.432827842420640208e+00,1.768970752062114758e-03,2.073338749393634564e-02,1.341805292414079531e+00,8.057104409541382406e-02,8.990438457580843257e-02,1.842693768057206189e-17,1.227024550890490139e-16,1.182424978194271814e-17,2.000000000000001776e-01,1.999999999999999278e-01,-9.070172798286467810e-17,6.000000000000000888e-01,1.896554082809627784e-16,-9.484766234678305169e-17,1.749089212887983618e-16,1.999999999999988454e-01,-2.000000000000002887e-01,-1.257857225076561661e-16,6.000000000000028644e-01,-2.045632487998534915e-16,-1.424036685947721288e-15,-9.618248218746123609e-17
4.360000,4.392074843788540406e-01,0.000000000000000000e+00,4.989857104656770792e-01,1.000000000000000000e+00,0.000000000000000000e+00,0.000000000000000000e+00,0.000000000000000000e+00,1.177746166399215449e-01,-2.325080044941594973e-04,-1.137576948718455717e-04,1.709368825130353819e+00,-8.629613112627820826e-01,4.961349807951135997e-04,-1.432827842420640208e+00,1.768970752062114758e-03,2.073338749393634564e-02,1.341805292414079531e+00,8.057104409541382406e-02,8.990438457580843257e-02,1.842693768057206189e-17,1.227024550890490139e-16,1.182424978194271814e-17,2.000000000000001776e-01,1.999999999999999278e-01,-9.070172798286467810e-17,6.000000000000000888e-01,1.896554082809627784e-16,-9.484766234678305169e-17,1.749089212887983618e-16,1.999999999999988454e-01,-2.000000000000002887e-01,-1.257857225076561661e-16,6.000000000000028644e-01,-2.045632487998534915e-16,-1.424036685947721288e-15,-9.618248218746123609e-17
4.370000,4.392863659056544523e-01,0.000000000000000000e+00,4.990117902904022684e-01,1.000000000000000000e+00,0.000000000000000000e+00,0.000000000000000000e+00,0.000000000000000000e+00,1.177746166399215449e-01,-2.325080044941594973e-04,-1.137576948718455717e-04,1.709368825130353819e+00,-8.629613112627820826e-01,4.961349807951135997e-04,-1.432827842420640208e+00,1.768970752062114758e-03,2.073338749393634564e-02,1.341805292414079531e+00,8.057104409541382406e-02,8.990438457580843257e-02,1.842693768057206189e-17,1.227024550890490139e-16,1.182424978194271814e-17,2.000000000000001776e-01,1.999999999999999278e-01,-9.070172798286467810e-17,6.000000000000000888e-01,1.896554082809627784e-16,-9.484766234678305169e-17,1.749089212887983618e-16,1.999999999999988454e-01,-2.000000000000002887e-01,-1.257857225076561661e-16,6.000000000000028644e-01,-2.045632487998534915e-16,-1.424036685947721288e-15,-9.618248218746123609e-17
4.380000,4.393556746726013928e-01,0.000000000000000000e+00,4.990453117254813331e-01,1.000000000000000000e+00,0.000000000000000000e+00,0.000000000000000000e+00,0.000000000000000000e+00,1.177746166399215449e-01,-2.325080044941594973e-04,-1.137576948718455717e-04,1.709368825130353819e+00,-8.629613112627820826e-01,4.961349807951135997e-04,-1.432827842420640208e+00,1.768970752062114758e-03,2.073338749393634564e-02,1.341805292414079531e+00,8.057104409541382406e-02,8.990438457580843257e-02,1.842693768057206189e-17,1.227024550890490139e-16,1.182424978194271814e-17,2.000000000000001776e-01,1.999999999999999278e-01,-9.070172798286467810e-17,6.000000000000000888e-01,1.896554082809627784e-16,-9.484766234678305169e-17,1.749089212887983618e-16,1.999999999999988454e-01,-2.000000000000002887e-01,-1.257857225076561661e-16,6.000000000000028644e-01,-2.045632487998534915e-16,-1.424036685947721288e-15,-9.618248218746123609e-17
4.390000,4.394153654792509744e-01,0.000000000000000000e+00,4.990862919058843827e-01,1.000000000000000000e+00,0.000000000000000000e+00,0.000000000000000000e+00,0.000000000000000000e+00,1.177746166399215449e-01,-2.325080044941594973e-04,-1.137576948718455717e-04,1.709368825130353819e+00,-8.629613112627820826e-01,4.961349807951135997e-04,-1.432827842420640208e+00,1.768970752062114758e-03,2.073338749393634564e-02,1.341805292414079531e+00,8.057104409541382406e-02,8.990438457580843257e-02,1.842693768057206189e-17,1.227024550890490139e-16,1.182424978194271814e-17,2.000000000000001776e-01,1.999999999999999278e-01,-9.070172798286467810e-17,6.000000000000000888e-01,1.896554082809627784e-16,-9.484766234678305169e-17,1.749089212887983618e-16,1.999999999999988454e-01,-2.000000000000002887e-01,-1.257857225076561661e-16,6.000000000000028644e-01,-2.045632487998534915e-16,-1.424036685947721288e-15,-9.618248218746123609e-17
4.400000,4.394653931251591983e-01,0.000000000000000000e+00,4.991347479665817488e-01,1.000000000000000000e+00,0.000000000000000000e+00,0.000000000000000000e+00,0.000000000000000000e+00,1.177746166399215449e-01,-2.325080044941594973e-04,-1.137576948718455717e-04,1.709368825130353819e+00,-8.629613112627820826e-01,4.961349807951135997e-04,-1.432827842420640208e+00,1.768970752062114758e-03,2.073338749393634564e-02,1.341805292414079531e+00,8.057104409541382406e-02,8.990438457580843257e-02,1.842693768057206189e-17,1.227024550890490139e-16,1.182424978194271814e-17,2.000000000000001776e-01,1.999999999999999278e-01,-9.070172798286467810e-17,6.000000000000000888e-01,1.896554082809627784e-16,-9.484766234678305169e-17,1.749089212887983618e-16,1.999999999999988454e-01,-2.000000000000002887e-01,-1.257857225076561661e-16,6.000000000000028644e-01,-2.045632487998534915e-16,-1.424036685947721288e-15,-9.618248218746123609e-17
4.410000,4.395057124098821211e-01,0.000000000000000000e+00,4.991906970425434853e-01,1.000000000000000000e+00,0.000000000000000000e+00,0.000000000000000000e+00,0.000000000000000000e+00,1.263187102647216065e-01,-2.496597015970839265e-04,-1.057753944133645540e-04,1.697294310823384889e+00,-8.621484892030224501e-01,5.137712082489804492e-04,-1.436021247532404566e+00,2.201732627408915701e-03,2.674768484565932802e-02,1.354230123670221886e+00,7.032569798963915486e-02,9.585746487834030660e-02,1.640689096497177000e-17,1.462153395516964991e-16,1.323924747637252074e-17,2.000000000000001776e-01,1.999999999999999278e-01,-1.051294919019128769e-16,6.000000000000000888e-01,2.197610025162477858e-16,-1.235824128883263337e-16,2.073486730089447796e-16,1.999999999999992062e-01,-2.000000000000003997e-01,-1.551218353390419737e-16,6.000000000000031974e-01,-2.344241493771855030e-16,-2.096603103568415483e-15,3.460726770666837653e-18
4.420000,4.395362781329756885e-01,0.000000000000000000e+00,4.992541562687398682e-01,1.000000000000000000e+00,0.000000000000000000e+00,0.000000000000000000e+00,0.000000000000000000e+00,1.263187102647216065e-01,-2.496597015970839265e-04,-1.057753944133645540e-04,1.697294310823384889e+00,-8.621484892030224501e-01,5.137712082489804492e-04,-1.436021247532404566e+00,2.201732627408915701e-03,2.674768484565932802e-02,1.354230123670221886e+00,7.032569798963915486e-02,9.585746487834030660e-02,1.640689096497177000e-17,1.462153395516964991e-16,1.323924747637252074e-17,2.000000000000001776e-01,1.999999999999999278e-01,-1.051294919019128769e-16,6.000000000000000888e-01,2.197610025162477858e-16,-1.235824128883263337e-16,2.073486730089447796e-16,1.999999999999992062e-01,-2.000000000000003997e-01,-1.551218353390419737e-16,6.000000000000031974e-01,-2.344241493771855030e-16,-2.096603103568415483e-15,3.460726770666837653e-18
4.430000,4.395570450939959573e-01,0.000000000000000000e+00,4.993251427801410625e-01,1.000000000000000000e+00,0.000000000000000000e+00,0.000000000000000000e+00,0.000000000000000000e+00,1.263187102647216065e-01,-2.496597015970839265e-04,-1.057753944133645540e-04,1.697294310823384889e+00,-8.621484892030224501e-01,5.137712082489804492e-04,-1.436021247532404566e+00,2.201732627408915701e-03,2.674768484565932802e-02,1.354230123670221886e+00,7.032569798963915486e-02,9.585746487834030660e-02,1.640689096497177000e-17,1.462153395516964991e-16,1.323924747637252074e-17,2.000000000000001776e-01,1.999999999999999278e-01,-1.051294919019128769e-16,6.000000000000000888e-01,2.197610025162477858e-16,-1.235824128883263337e-16,2.073486730089447796e-16,1.999999999999992062e-01,-2.000000000000003997e-01,-1.551218353390419737e-16,6.000000000000031974e-01,-2.344241493771855030e-16,-2.096603103568415483e-15,3.460726770666837653e-18
4.440000,4.395679680924989841e-01,0.000000000000000000e+00,4.994036737117172331e-01,1.000000000000000000e+00,0.000000000000000000e+00,0.000000000000000000e+00,0.000000000000000000e+00,1.263187102647216065e-01,-2.496597015970839265e-04,-1.057753944133645540e-04,1.697294310823384889e+00,-8.621484892030224501e-01,5.137712082489804492e-04,-1.436021247532404566e+00,2.201732627408915701e-03,2.674768484565932802e-02,1.354230123670221886e+00,7.032569798963915486e-02,9.585746487834030660e-02,1.640689096497177000e-17,1.462153395516964991e-16,1.323924747637252074e-17,2.000000000000001776e-01,1.999999999999999278e-01,-1.051294919019128769e-16,6.000000000000000888e-01,2.197610025162477858e-16,-1.235824128883263337e-16,2.073486730089447796e-16,1.999999999999992062e-01,-2.000000000000003997e-01,-1.551218353390419737e-16,6.000000000000031974e-01,-2.344241493771855030e-16,-2.096603103568415483e-15,3.460726770666837653e-18
4.450000,4.395690019280407701e-01,0.000000000000000000e+00,4.994897661984384341e-01,1.000000000000000000e+00,0.000000000000000000e+00,0.000000000000000000e+00,0.000000000000000000e+00,1.263187102647216065e-01,-2.496597015970839265e-04,-1.057753944133645540e-04,1.697294310823384889e+00,-8.621484892030224501e-01,5.137712082489804492e-04,-1.436021247532404566e+00,2.201732627408915701e-03,2.674768484565932802e-02,1.354230123670221886e+00,7.032569798963915486e-02,9.585746487834030660e-02,1.640689096497177000e-17,1.462153395516964991e-16,1.323924747637252074e-17,2.000000000000001776e-01,1.999999999999999278e-01,-1.051294919019128769e-16,6.000000000000000888e-01,2.197610025162477858e-16,-1.235824128883263337e-16,2.073486730089447796e-16,1.999999999999992062e-01,-2.000000000000003997e-01,-1.551218353390419737e-16,6.000000000000031974e-01,-2.344241493771855030e-16,-2.096603103568415483e-15,3.460726770666837653e-18
4.460000,4.395601014001773166e-01,0.000000000000000000e+00,4.995834373752751634e-01,1.000000000000000000e+00,0.000000000000000000e+00,0.000000000000000000e+00,0.000000000000000000e+00,1.263187102647216065e-01,-2.496597015970839265e-04,-1.057753944133645540e-04,1.697294310823384889e+00,-8.621484892030224501e-01,5.137712082489804492e-04,-1.436021247532404566e+00,2.201732627408915701e-03,2.674768484565932802e-02,1.354230123670221886e+00,7.032569798963915486e-02,9.585746487834030660e-02,1.640689096497177000e-17,1.462153395516964991e-16,1.323924747637252074e-17,2.000000000000001776e-01,1.999999999999999278e-01,-1.051294919019128769e-16,6.000000000000000888e-01,2.197610025162477858e-16,-1.235824128883263337e-16,2.073486730089447796e-16,1.999999999999992062e-01,-2.000000000000003997e-01,-1.551218353390419737e-16,6.000000000000031974e-01,-2.344241493771855030e-16,-2.096603103568415483e-15,3.460726770666837653e-18
4.470000,4.395412213084646802e-01,0.000000000000000000e+00,4.996847043771974195e-01,1.000000000000000000e+00,0.000000000000000000e+00,0.000000000000000000e+00,0.000000000000000000e+00,1.263187102647216065e-01,-2.496597015970839265e-04,-1.057753944133645540e-04,1.697294310823384889e+00,-8.621484892030224501e-01,5.137712082489804492e-04,-1.436021247532404566e+00,2.201732627408915701e-03,2.674768484565932802e-02,1.354230123670221886e+00,7.032569798963915486e-02,9.585746487834030660e-02,1.640689096497177000e-17,1.462153395516964991e-16,1.323924747637252074e-17,2.000000000000001776e-01,1.999999999999999278e-01,-1.051294919019128769e-16,6.000000000000000888e-01,2.197610025162477858e-16,-1.235824128883263337e-16,2.073486730089447796e-16,1.999999999999992062e-01,-2.000000000000003997e-01,-1.551218353390419737e-16,6.000000000000031974e-01,-2.344241493771855030e-16,-2.096603103568415483e-15,3.460726770666837653e-18
4.480000,4.395123164524588066e-01,0.000000000000000000e+00,4.997935843391754229e-01,1.000000000000000000e+00,0.000000000000000000e+00,0.000000000000000000e+00,0.000000000000000000e+00,1.263187102647216065e-01,-2.496597015970839265e-04,-1.057753944133645540e-04,1.697294310823384889e+00,-8.621484892030224501e-01,5.137712082489804492e-04,-1.436021247532404566e+00,2.201732627408915701e-03,2.674768484565932802e-02,1.354230123670221886e+00,7.032569798963915486e-02,9.585746487834030660e-02,1.640689096497177000e-17,1.462153395516964991e-16,1.323924747637252074e-17,2.000000000000001776e-01,1.999999999999999278e-01,-1.051294919019128769e-16,6.000000000000000888e-01,2.197610025162477858e-16,-1.235824128883263337e-16,2.073486730089447796e-16,1.999999999999992062e-01,-2.000000000000003997e-01,-1.551218353390419737e-16,6.000000000000031974e-01,-2.344241493771855030e-16,-2.096603103568415483e-15,3.460726770666837653e-18
4.490000,4.394733416317158636e-01,0.000000000000000000e+00,4.999100943961793941e-01,1.000000000000000000e+00,0.000000000000000000e+00,0.000000000000000000e+00,0.000000000000000000e+00,1.263187102647216065e-01,-2.496597015970839265e-04,-1.057753944133645540e-04,1.697294310823384889e+00,-8.621484892030224501e-01,5.137712082489804492e-04,-1.436021247532404566e+00,2.201732627408915701e-03,2.674768484565932802e-02,1.354230123670221886e+00,7.032569798963915486e-02,9.585746487834030660e-02,1.640689096497177000e-17,1.462153395516964991e-16,1.323924747637252074e-17,2.000000000000001776e-01,1.999999999999999278e-01,-1.051294919019128769e-16,6.000000000000000888e-01,2.197610025162477858e-16,-1.235824128883263337e-16,2.073486730089447796e-16,1.999999999999992062e-01,-2.000000000000003997e-01,-1.551218353390419737e-16,6.000000000000031974e-01,-2.344241493771855030e-16,-2.096603103568415483e-15,3.460726770666837653e-18
4.500000,4.342387908588623557e-01,0.000000000000000000e+00,5.041100225522746614e-01,1.000000000000000000e+00,0.000000000000000000e+00,0.000000000000000000e+00,0.000000000000000000e+00,1.198503069113331099e-01,-2.590100304725516758e-04,-1.017333611591003846e-04,1.689937898585290865e+00,-8.559968256900059025e-01,5.150080209597638313e-04,-1.436934986158020511e+00,2.510876930526313115e-03,3.047627645585805622e-02,1.366227708660483042e+00,5.858019737607860628e-02,9.866863414169464719e-02,1.564346468867934571e-17,1.178276022355663022e-16,3.460391538003355778e-17,1.999999999999994837e-01,1.999999999999997891e-01,-9.920927930755092132e-17,6.000000000000014211e-01,3.065101048189000737e-16,-7.952949952404251213e-16,3.216497764478496689e-16,1.999999999999987066e-01,-2.000000000000002887e-01,-1.512574795156558240e-16,6.000000000000040856e-01,-2.893249304803848212e-16,-2.492411184588927333e-15,-8.767316430786671663e-17
4.510000,4.289842078382896662e-01,0.000000000000000000e+00,5.083284488013561919e-01,1.000000000000000000e+00,0.000000000000000000e+00,0.000000000000000000e+00,0.000000000000000000e+00,1.079784002612876326e-01,-2.592087524156981896e-04,-1.001663313361490044e-04,1.688187519182794416e+00,-8.503529652126190497e-01,5.062579586245853939e-04,-1.436193000343020776e+00,2.587643560767331589e-03,3.120237378280124249e-02,1.372801743225399607e+00,5.109430892128571933e-02,9.823898729616091507e-02,2.751004184367388448e-17,1.779418611735016913e-16,1.079612558489640612e-17,2.000000000000000666e-01,1.999999999999998446e-01,-1.357322460868351446e-16,6.000000000000004219e-01,2.581562129594437632e-16,-4.337782498772517046e-16,2.448060885023452463e-16,1.999999999999987343e-01,-2.000000000000003997e-01,-2.164275730748125623e-16,6.000000000000040856e-01,-2.396653254080695234e-16,-2.620002751166206871e-15,2.515668837527636830e-17
4.520000,4.237103035936519158e-01,0.000000000000000000e+00,5.125646420661622571e-01,1.000000000000000000e+00,0.000000000000000000e+00,0.000000000000000000e+00,0.000000000000000000e+00,9.443231860919856779e-02,-2.566942859973127115e-04,-9.889930465616057222e-05,1.687994114115260125e+00,-8.446782821066760594e-01,4.949083897480731830e-04,-1.434899054674023233e+00,2.562943851963963605e-03,3.095776753519715804e-02,1.377555591613906172e+00,4.504469898592358690e-02,9.674973789842652994e-02,2.625300592305843063e-17,1.786772628848593031e-16,2.549410609075678695e-18,2.000000000000003719e-01,1.999999999999999278e-01,-1.558957076174355169e-16,5.999999999999994227e-01,1.905829250709108039e-16,4.461521507172375311e-16,1.631938703510507336e-16,1.999999999999988454e-01,-2.000000000000003719e-01,-1.818955892908807175e-16,6.000000000000036415e-01,-2.440051124221307387e-16,-2.258646371831183206e-15,-1.094093315329233949e-17
4.530000,4.184177891486030587e-01,0.000000000000000000e+00,5.168178712694310173e-01,1.000000000000000000e+00,0.000000000000000000e+00,0.000000000000000000e+00,0.000000000000000000e+00,8.041339886052828456e-02,-2.533479002533078396e-04,-9.760995224024212279e-05,1.688042368603759780e+00,-8.387966635050011499e-01,4.829361203057116266e-04,-1.433405722249775804e+00,2.499796123045705878e-03,3.039954582549559900e-02,1.381678961347910795e+00,3.948353267667886746e-02,9.491476479735803939e-02,1.887032858922274719e-17,1.176191726687417626e-16,1.626416155534910617e-17,2.000000000000002054e-01,1.999999999999999001e-01,-1.545478478920001297e-16,5.999999999999999778e-01,2.744873587975703158e-16,-7.508328746256059141e-17,2.531667163693606991e-16,1.999999999999987899e-01,-2.000000000000003442e-01,-1.724208191078539058e-16,6.000000000000037526e-01,-2.329837737296651895e-16,-2.211466016692734918e-15,1.379211954282184253e-17
4.540000,4.131073755267981595e-01,0.000000000000000000e+00,5.210874053338994116e-01,1.000000000000000000e+00,0.000000000000000000e+00,0.000000000000000000e+00,0.000000000000000000e+00,6.631455280822137754e-02,-2.497114950503068545e-04,-9.628502197898653294e-05,1.687909851595875033e+00,-8.326610199599615569e-01,4.708560305861757018e-04,-1.431831031786099828e+00,2.423360442245461443e-03,2.973950699782735435e-02,1.385571339149281211e+00,3.409156119748972535e-02,9.296667124583844755e-02,1.843386749885089609e-17,1.267887696862724190e-16,9.342345114144655039e-18,2.000000000000001221e-01,1.999999999999999556e-01,-1.456503569205277217e-16,5.999999999999995337e-01,2.288674192965552581e-16,4.831876659030371762e-16,2.274421957243244442e-16,1.999999999999987343e-01,-2.000000000000003997e-01,-1.836859192118119714e-16,6.000000000000033085e-01,-1.871438946971307923e-16,-1.784971276399032647e-15,5.649489762176079184e-17
4.550000,4.077797737518910615e-01,0.000000000000000000e+00,5.253725131823060446e-01,1.000000000000000000e+00,0.000000000000000000e+00,0.000000000000000000e+00,0.000000000000000000e+00,5.226892654481939127e-02,-2.459407356315957251e-04,-9.494571453203337424e-05,1.687459875297085743e+00,-8.262628987260884905e-01,4.587981716368423873e-04,-1.430214764305307140e+00,2.343077959790947074e-03,2.904591225895815365e-02,1.389367465197349105e+00,2.876094601631060815e-02,9.098115875003932873e-02,1.163809601534092115e-17,8.738656186326569781e-17,2.612085980140136943e-17,1.999999999999995393e-01,1.999999999999999001e-01,-1.098345178636070953e-16,6.000000000000006439e-01,2.766177636314504808e-16,-7.669341827675587977e-17,2.861297522460657459e-16,1.999999999999985956e-01,-2.000000000000003164e-01,-1.516509038095774814e-16,6.000000000000036415e-01,-2.286876830796878272e-16,-1.904473767568903917e-15,-9.693285321232816770e-18
4.560000,4.024356948475360518e-01,0.000000000000000000e+00,5.296724637373885214e-01,1.000000000000000000e+00,0.000000000000000000e+00,0.000000000000000000e+00,0.000000000000000000e+00,3.832613594960643244e-02,-2.420807490801442808e-04,-9.360588672173534045e-05,1.686646635989387244e+00,-8.196047623907739554e-01,4.467955799013510537e-04,-1.428570037920748881e+00,2.262391904862299553e-03,2.834081065754313900e-02,1.393112743122076003e+00,2.345501861287621267e-02,8.898289197157542574e-02,2.611770510757654252e-17,1.653095521065676781e-16,5.057422274287430358e-18,2.000000000000000111e-01,2.000000000000000389e-01,-9.900071402281312377e-17,5.999999999999992006e-01,1.333632794370012258e-16,9.319726574794355307e-16,1.257577163663315313e-16,1.999999999999984568e-01,-2.000000000000003719e-01,-1.585532239993174618e-16,6.000000000000034195e-01,-2.442156075362724205e-16,-1.557612816740781300e-15,-4.579294388379145721e-17
4.570000,3.970758498373869183e-01,0.000000000000000000e+00,5.339865259218854465e-01,1.000000000000000000e+00,0.000000000000000000e+00,0.000000000000000000e+00,0.000000000000000000e+00,2.450894663601489026e-02,-2.381451693068931217e-04,-9.227130485784545456e-05,1.685453261552721349e+00,-8.126921414465788640e-01,4.348584552010352749e-04,-1.426900833198561092e+00,2.182545984137230187e-03,2.763137829619563557e-02,1.396822361783965460e+00,1.816108056523228764e-02,8.697995436974997885e-02,1.353505525392753699e-17,1.061716561367852887e-16,2.006028629206922526e-17,1.999999999999997335e-01,1.999999999999999833e-01,-7.743468953220290869e-17,6.000000000000000888e-01,2.047542395796061627e-16,2.573835838867158061e-16,2.163807786558803008e-16,1.999999999999986233e-01,-2.000000000000003164e-01,-1.530883023155995466e-16,6.000000000000037526e-01,-2.493857568937329521e-16,-2.063181841412077778e-15,-3.781641365596740023e-17
4.580000,3.917009497450987809e-01,0.000000000000000000e+00,5.383139686585335371e-01,1.000000000000000000e+00,0.000000000000000000e+00,0.000000000000000000e+00,0.000000000000000000e+00,1.083148833947002523e-02,-2.341386776181807780e-04,-9.094325360500659652e-05,1.683872190964024851e+00,-8.055315091044290554e-01,4.229922329424080571e-04,-1.425207993958785169e+00,2.103996979203620870e-03,2.692000557448942510e-02,1.400501278256115256e+00,1.287451198402107463e-02,8.497504745394382497e-02,2.285294316224328609e-17,1.629183852543572166e-16,5.581898777744604508e-18,2.000000000000001221e-01,2.000000000000000666e-01,-9.593284154474337605e-17,5.999999999999988676e-01,1.007058935233549009e-16,1.027694964618090185e-15,7.815391476121181188e-17,1.999999999999986788e-01,-2.000000000000002887e-01,-1.286379545652766566e-16,6.000000000000036415e-01,-2.927312536580493838e-16,-2.066463595790219916e-15,-1.159965483967070330e-16
4.590000,3.863117055943255385e-01,0.000000000000000000e+00,5.426540608700713975e-01,1.000000000000000000e+00,0.000000000000000000e+00,0.000000000000000000e+00,0.000000000000000000e+00,-2.694907633822133525e-03,-2.300634008525542166e-04,-8.962090071407731050e-05,1.681898973222466509e+00,-7.981297206338062722e-01,4.112015771178378215e-04,-1.423491284101567445e+00,2.026925413877974595e-03,2.620754367570332644e-02,1.404150976190879696e+00,7.593420388705356128e-03,8.296912768677820738e-02,1.111191723095805930e-17,8.381914789263501003e-17,2.888305263039070126e-17,1.999999999999996225e-01,2.000000000000000389e-01,-5.124109580631517549e-17,6.000000000000004219e-01,1.938804266664036595e-16,9.458625299281886988e-17,1.501863585677674815e-16,1.999999999999985123e-01,-2.000000000000002887e-01,-1.639943590315089164e-16,6.000000000000041966e-01,-2.605268464305946578e-16,-2.485893139585660746e-15,-4.427265341084602250e-17
4.600000,3.809088284087213672e-01,0.000000000000000000e+00,5.470060714792367440e-01,1.000000000000000000e+00,0.000000000000000000e+00,0.000000000000000000e+00,0.000000000000000000e+00,-1.605985091004902970e-02,-2.259207202152825459e-04,-8.830243798111384263e-05,1.679530309694538648e+00,-7.904938606234415133e-01,3.994910897485145834e-04,-1.421750091937553861e+00,1.951416647908849923e-03,2.549434938562006661e-02,1.407771751361595047e+00,2.316838807608647376e-03,8.096258668286650251e-02,1.490177519581415407e-17,9.024357338316800446e-17,1.852429236547616066e-17,1.999999999999996225e-01,1.999999999999999833e-01,-9.525554214014425604e-17,6.000000000000004219e-01,2.408337022211061990e-16,1.113857931649617111e-16,2.065992791194323145e-16,1.999999999999983735e-01,-2.000000000000002054e-01,-1.393929213133014527e-16,6.000000000000039746e-01,-2.445412969263366409e-16,-2.164496937333462911e-15,-8.680305417602068860e-17
4.610000,3.754930292119401103e-01,0.000000000000000000e+00,5.513692694087678481e-01,1.000000000000000000e+00,0.000000000000000000e+00,0.000000000000000000e+00,0.000000000000000000e+00,-2.925331308734267083e-02,-2.217117819906215407e-04,-8.698556996944355820e-05,1.676763435530642887e+00,-7.826311898547239077e-01,3.878653540084550243e-04,-1.419983671073779652e+00,1.877524181066714346e-03,2.478062133754990043e-02,1.411363484362626375e+00,-2.955880924885292624e-03,7.895563393139888586e-02,1.983516862969400040e-17,1.470424395176812953e-16,-7.048424991726804611e-18,2.000000000000002331e-01,2.000000000000000944e-01,-9.918045811021277297e-17,5.999999999999985345e-01,7.887154048291383132e-17,1.325302923635938725e-15,5.709928497949978438e-17,1.999999999999988731e-01,-2.000000000000003719e-01,-1.366288418277944894e-16,6.000000000000030864e-01,-2.513950237368461993e-16,-1.771863581928287365e-15,-3.433952407577591277e-17
4.620000,3.700650190276368878e-01,0.000000000000000000e+00,5.557429235814020929e-01,1.000000000000000000e+00,0.000000000000000000e+00,0.000000000000000000e+00,0.000000000000000000e+00,-4.226545885944389680e-02,-2.174376433566539875e-04,-8.566771191232118617e-05,1.673595922450098028e+00,-7.745491136992377346e-01,3.763288849978695225e-04,-1.418191222743619306e+00,1.805291532670078936e-03,2.406650821970543128e-02,1.414925901758903537e+00,-8.225272375554839449e-03,7.694842082527003635e-02,1.531044745668450640e-17,1.063975870939980957e-16,2.695761261931922999e-17,1.999999999999998446e-01,1.999999999999999833e-01,-1.059193926682969186e-16,5.999999999999997558e-01,1.710230330812284379e-16,5.216372115484473217e-16,1.641432978489084341e-16,1.999999999999985123e-01,-2.000000000000002887e-01,-1.428748881984490145e-16,6.000000000000040856e-01,-2.986435531831231813e-16,-2.384246395771811154e-15,-7.013055038708637180e-17
4.630000,3.646255088794655985e-01,0.000000000000000000e+00,5.601263029198774168e-01,1.000000000000000000e+00,0.000000000000000000e+00,0.000000000000000000e+00,0.000000000000000000e+00,-5.508660820518546802e-02,-2.130993166335858470e-04,-8.434606891408626529e-05,1.670025613325023306e+00,-7.662551538071026291e-01,3.648860890890196656e-04,-1.416371923982610248e+00,1.734759732881218817e-03,2.335214359731536959e-02,1.418458664319574236e+00,-1.349182316986231693e-02,7.494108082641191826e-02,2.573648023896298637e-17,1.555985428703430239e-16,6.065242488973538720e-18,2.000000000000003442e-01,2.000000000000001221e-01,-9.900632619011471038e-17,5.999999999999983125e-01,4.654563804762835823e-17,1.499137752760366846e-15,1.967603669254337999e-17,1.999999999999983180e-01,-2.000000000000003719e-01,-1.844348959649586973e-16,6.000000000000038636e-01,-2.509791293907790885e-16,-1.879342639793715440e-15,-1.815818613716865346e-17
4.640000,3.591752097910804187e-01,0.000000000000000000e+00,5.645186763469319802e-01,1.000000000000000000e+00,0.000000000000000000e+00,0.000000000000000000e+00,0.000000000000000000e+00,-6.770723999745680011e-02,-2.086977858697909929e-04,-8.301766933877134723e-05,1.666050597311918180e+00,-7.577569195129129076e-01,3.535412382221236904e-04,-1.414524937338390798e+00,1.665969865231179455e-03,2.263765711990313109e-02,1.421961396819607204e+00,-1.875599799513024551e-02,7.293374246033845765e-02,9.065954157625411570e-18,7.950380725144665743e-17,1.723051286202179268e-17,2.000000000000000944e-01,1.999999999999999833e-01,-1.213700515236422191e-16,5.999999999999990896e-01,1.385175842989714316e-16,9.816015379447894936e-16,1.850907066113754423e-16,1.999999999999985956e-01,-2.000000000000002887e-01,-1.659914323951122649e-16,6.000000000000038636e-01,-2.222047098365175326e-16,-2.154665142600915871e-15,-1.483830922822271004e-17
4.650000,3.537148327861351915e-01,0.000000000000000000e+00,5.689193127853039433e-01,1.000000000000000000e+00,0.000000000000000000e+00,0.000000000000000000e+00,0.000000000000000000e+00,-8.011800816859719621e-02,-2.042340163669095060e-04,-8.167938130033759226e-05,1.661669196815196647e+00,-7.490620786319677205e-01,3.422984531030723093e-04,-1.412649414293588590e+00,1.598963919703427468e-03,2.192317812990849518e-02,1.425433698097739343e+00,-2.401824622137381515e-02,7.092653351237777903e-02,1.768179080510791738e-18,2.026812362448883995e-17,2.363173917401289019e-17,1.999999999999997058e-01,1.999999999999999001e-01,-1.042914343736009702e-16,6.000000000000003109e-01,2.480461586358924128e-16,1.875389689010242399e-16,3.293667192890954284e-16,1.999999999999987066e-01,-2.000000000000001776e-01,-1.322372694843094271e-16,6.000000000000035305e-01,-1.953043876986228374e-16,-2.038762561942808563e-15,-5.201117182361490556e-17
4.660000,3.482450888882850926e-01,0.000000000000000000e+00,5.733274811577303565e-01,1.000000000000000000e+00,0.000000000000000000e+00,0.000000000000000000e+00,0.000000000000000000e+00,-9.230976106333213527e-02,-1.997089628214403798e-04,-8.032792324159370866e-05,1.656879957264298708e+00,-7.401783278946210132e-01,3.311616908622846533e-04,-1.410744496551207483e+00,1.533785071587131371e-03,2.120883682620985922e-02,1.428875144439589517e+00,-2.927900433328338436e-02,6.891958237587325620e-02,2.115316332895601475e-17,1.295424405572365377e-16,-8.954408930433776579e-18,2.000000000000007050e-01,1.999999999999999833e-01,-1.900139523695192838e-16,5.999999999999980904e-01,1.383286853504382552e-16,1.408453507885204329e-15,2.059555997418623785e-16,1.999999999999990119e-01,-2.000000000000002331e-01,-8.103094969812246458e-17,6.000000000000026423e-01,-2.520239201496568093e-16,-1.466185584066665997e-15,-1.501511615122161789e-16
4.670000,3.427666891211838540e-01,0.000000000000000000e+00,5.777424503869496020e-01,1.000000000000000000e+00,0.000000000000000000e+00,0.000000000000000000e+00,0.000000000000000000e+00,-1.042735608618149401e-01,-1.951235776008129990e-04,-7.895987264060006698e-05,1.651681636885478976e+00,-7.311133633000324039e-01,3.201347349911808408e-04,-1.408809316594369809e+00,1.470477764770310213e-03,2.049476464061783867e-02,1.432285290698812164e+00,-3.453869660557319643e-02,6.691301847829739247e-02,7.285774648930385641e-18,6.666820947732046942e-17,1.793402275440792163e-17,2.000000000000000944e-01,2.000000000000000111e-01,-1.242234106173809371e-16,5.999999999999989786e-01,1.677690742491925927e-16,1.097633628528824097e-15,2.502514944374857719e-16,1.999999999999989286e-01,-2.000000000000003164e-01,-1.239901160904260587e-16,6.000000000000027534e-01,-2.003178427370590257e-16,-1.471574286254135589e-15,-3.677730978074096214e-17
4.680000,3.372803445084858187e-01,0.000000000000000000e+00,5.821634893956997292e-01,1.000000000000000000e+00,0.000000000000000000e+00,0.000000000000000000e+00,0.000000000000000000e+00,-1.160007019648750110e-01,-1.904788195164005432e-04,-7.757167427940256941e-05,1.646073195600775696e+00,-7.218748506291676748e-01,3.092211866367923240e-04,-1.406842998000249700e+00,1.409087727198909002e-03,1.978109436071887398e-02,1.435663670645781487e+00,-3.979773517717882791e-02,6.490697240828802173e-02,5.719714243906448616e-19,1.798997481284922951e-17,1.836807859101012982e-18,2.000000000000002609e-01,2.000000000000000389e-01,-1.399602891293596177e-16,5.999999999999988676e-01,1.976295137585716714e-16,1.082202983635024478e-15,2.695735264845521770e-16,1.999999999999996225e-01,-2.000000000000003442e-01,-7.977164750543817211e-17,6.000000000000013101e-01,-1.187934147085627637e-16,-7.062673839628216700e-16,9.762724206923545157e-18
4.690000,3.317867660738447744e-01,0.000000000000000000e+00,5.865898671067186765e-01,1.000000000000000000e+00,0.000000000000000000e+00,0.000000000000000000e+00,0.000000000000000000e+00,-1.274827278867108615e-01,-1.857756631347293956e-04,-7.615964855678862371e-05,1.640053782802265658e+00,-7.124703963213837588e-01,2.984244569062113124e-04,-1.404844655671209308e+00,1.349661961322223477e-03,1.906796017061175921e-02,1.439009797046481243e+00,-4.505651991323417899e-02,6.290157594501438743e-02,-1.689364036721568634e-18,-1.071309984068599227e-17,2.829154962294082331e-17,1.999999999999994005e-01,1.999999999999999833e-01,-3.975055969149430139e-17,6.000000000000004219e-01,1.981030330745144804e-16,1.676958484605161524e-16,2.700444566438641809e-16,1.999999999999993172e-01,-2.000000000000002887e-01,-7.835930846116291236e-17,6.000000000000014211e-01,-8.885271488523534053e-17,-5.563315476541678037e-16,2.410190758640309813e-17
4.700000,3.262866648409158965e-01,0.000000000000000000e+00,5.910208524427437160e-01,1.000000000000000000e+00,0.000000000000000000e+00,0.000000000000000000e+00,0.000000000000000000e+00,-1.387114464206503361e-01,-1.810151085773703756e-04,-7.471999998475026565e-05,1.633622723945222122e+00,-7.029075188936462215e-01,2.877477600636653616e-04,-1.402813396038589566e+00,1.292248723787721995e-03,1.835549766469230307e-02,1.442323161641228646e+00,-5.031543818564942344e-02,6.089696205494734421e-02,1.769893705489160371e-17,1.021997722388647483e-16,5.363709875005359289e-18,2.000000000000001776e-01,2.000000000000000389e-01,-9.150508481846770258e-17,5.999999999999990896e-01,9.704771386454341616e-17,8.841714333563932821e-16,1.178970725491892614e-16,1.999999999999994005e-01,-2.000000000000002887e-01,-4.453749753907677283e-17,6.000000000000011990e-01,-1.688546901994642847e-16,-4.093889608965621343e-16,-1.056069303708316070e-16
4.710000,3.207807518333529728e-01,0.000000000000000000e+00,5.954557143265132302e-01,1.000000000000000000e+00,0.000000000000000000e+00,0.000000000000000000e+00,0.000000000000000000e+00,-1.496789429265139582e-01,-1.761981917334391799e-04,-7.324882588749110073e-05,1.626779505966670092e+00,-6.931936210609490612e-01,2.771941075888052991e-04,-1.400748317258143416e+00,1.236897499094057572e-03,1.764384385220698487e-02,1.445603235080611393e+00,-5.557486461628594054e-02,5.889326487704096141e-02,2.819882260984977192e-18,4.321288239588293520e-17,3.239209084994626377e-17,1.999999999999993450e-01,2.000000000000000666e-01,1.816038319430138201e-17,6.000000000000006439e-01,1.284997582685646105e-16,-1.866582660858888054e-18,1.329417995125489115e-16,1.999999999999992617e-01,-2.000000000000003164e-01,-9.925256630536041384e-17,6.000000000000019762e-01,-1.476022263615387599e-16,-9.926017752536961612e-16,-2.698310215518527956e-17
4.720000,3.152697380748102907e-01,0.000000000000000000e+00,5.998937216807651573e-01,1.000000000000000000e+00,0.000000000000000000e+00,0.000000000000000000e+00,0.000000000000000000e+00,-1.603775916275415048e-01,-1.713259948013358478e-04,-7.174212527849639013e-05,1.619523761556207475e+00,-6.833359626972362877e-01,2.667663030943574873e-04,-1.398648509403729978e+00,1.183658968728362694e-03,1.693313715826112731e-02,1.448849466838049160e+00,-6.083516079740552973e-02,5.689061970310572286e-02,1.005954858533799407e-17,6.440417523491346798e-17,2.119070120634995549e-17,1.999999999999994560e-01,2.000000000000000666e-01,3.352850183481410471e-18,6.000000000000005329e-01,1.221756655592552098e-16,6.536616432407570356e-19,1.026243873114422169e-16,1.999999999999991507e-01,-2.000000000000002887e-01,-8.229194549221406053e-17,6.000000000000019762e-01,-1.716055449118209854e-16,-9.022853832028190158e-16,-8.660880580105932953e-17
4.730000,3.097543345889415267e-01,0.000000000000000000e+00,6.043341434282375468e-01,1.000000000000000000e+00,0.000000000000000000e+00,0.000000000000000000e+00,0.000000000000000000e+00,-1.708000648305492697e-01,-1.663996570741096037e-04,-7.019580787775860206e-05,1.611855252311958031e+00,-6.733416347563111470e-01,2.564669381066432639e-04,-1.396513054661732145e+00,1.132584976259541588e-03,1.622351742309483327e-02,1.452061285105707311e+00,-6.609667499429247584e-02,5.488916295555439778e-02,-2.550065676087165358e-19,1.684195979214125099e-17,5.840336312687464369e-18,1.999999999999994837e-01,2.000000000000000389e-01,-3.856185458138251439e-17,6.000000000000003109e-01,1.724694299648279208e-16,3.435979370840590644e-16,1.868358852592220563e-16,1.999999999999996780e-01,-2.000000000000003719e-01,-5.399031260737611878e-17,6.000000000000006439e-01,-7.864473945022633459e-17,-6.773725090448631332e-17,2.870073359359270261e-17
4.740000,3.042352523994020785e-01,0.000000000000000000e+00,6.087762484916675598e-01,1.000000000000000000e+00,0.000000000000000000e+00,0.000000000000000000e+00,0.000000000000000000e+00,-1.809393400040769095e-01,-1.614203858840858167e-04,-6.860570322618564159e-05,1.603773850814898871e+00,-6.632175342514841088e-01,2.462983887115459620e-04,-1.394341027527202348e+00,1.083728488510711215e-03,1.551512590019561363e-02,1.455238096676131798e+00,-7.135974183160781470e-02,5.288903216322383971e-02,8.142145188658392343e-18,4.702958772141169536e-17,1.245037747309881452e-17,1.999999999999996225e-01,2.000000000000000111e-01,-3.840844197569847807e-17,6.000000000000003109e-01,1.530913767653892192e-16,2.436755361193881151e-16,1.656433126356125958e-16,1.999999999999995948e-01,-2.000000000000002887e-01,-2.668021628313038091e-17,6.000000000000006439e-01,-9.874418691558108920e-17,2.346122057506082042e-17,-6.199090640875581127e-17
4.750000,2.987132025298456228e-01,0.000000000000000000e+00,6.132193057937935787e-01,1.000000000000000000e+00,0.000000000000000000e+00,0.000000000000000000e+00,0.000000000000000000e+00,-1.907887046684949572e-01,-1.563894676252144532e-04,-6.696756985305429529e-05,1.595279521652264831e+00,-6.529703403709581355e-01,2.362628130644357067e-04,-1.392131495002307151e+00,1.037143552821005472e-03,1.480810525341517969e-02,1.458379286810566944e+00,-7.662468196392863140e-02,5.089036593549655513e-02,1.941707808100234822e-17,1.519885799639732055e-16,-1.032989837189642537e-18,2.000000000000003442e-01,2.000000000000000944e-01,-6.027045490763545237e-17,5.999999999999984235e-01,-2.008673197771875561e-18,1.359013294044484110e-15,6.387290083805561333e-18,1.999999999999999278e-01,-2.000000000000001776e-01,5.240895589302539112e-17,6.000000000000008660e-01,-2.459431847447245887e-16,-4.504204408565247099e-16,-2.550584856526763699e-16
4.760000,2.931888960039263914e-01,0.000000000000000000e+00,6.176625842573535419e-01,1.000000000000000000e+00,0.000000000000000000e+00,0.000000000000000000e+00,0.000000000000000000e+00,-2.003417590698521600e-01,-1.513082787754900331e-04,-6.527710445330450458e-05,1.586372301416067998e+00,-6.426064917834627410e-01,2.263621497569272896e-04,-1.389883516797427498e+00,9.928852503697761182e-04,1.410259955312857805e-02,1.461484219094380643e+00,-8.189180173055755907e-02,4.889330393479637826e-02,7.894907635928771712e-18,5.764877270203126811e-17,1.366213212436723322e-17,2.000000000000001776e-01,2.000000000000000944e-01,-4.231189558501328917e-17,5.999999999999988676e-01,4.586441355930715094e-17,1.117150221396992179e-15,8.152842397978205782e-17,1.999999999999997891e-01,-2.000000000000002331e-01,1.581481045288321657e-17,6.000000000000006439e-01,-1.680829259224291847e-16,-2.815609301289851813e-16,-1.531191263830200636e-16
4.770000,2.876630438452986160e-01,0.000000000000000000e+00,6.221053528050852766e-01,1.000000000000000000e+00,0.000000000000000000e+00,0.000000000000000000e+00,0.000000000000000000e+00,-2.095924166256744603e-01,-1.461782968478634107e-04,-6.352995103120954816e-05,1.577052277696172400e+00,-6.321321651656349738e-01,2.165981170295923450e-04,-1.387596145535257675e+00,9.510096455266030388e-04,1.339875427142874116e-02,1.464552235279908299e+00,-8.716139279455964450e-02,4.689798684748105323e-02,6.911246471154302873e-20,2.483845614994655365e-17,2.414621235397787699e-17,1.999999999999996780e-01,2.000000000000000944e-01,1.424659481142337403e-17,5.999999999999996447e-01,5.902228106693868030e-17,8.333571115859738126e-16,9.578126092016835132e-17,1.999999999999997613e-01,-2.000000000000002609e-01,-1.867556977068522712e-17,6.000000000000007550e-01,-1.099001182756321511e-16,-3.407215615019139122e-16,-5.256226047104985978e-17
4.780000,2.821363570776161955e-01,0.000000000000000000e+00,6.265468803597270542e-01,1.000000000000000000e+00,0.000000000000000000e+00,0.000000000000000000e+00,0.000000000000000000e+00,-2.185349021456586549e-01,-1.410011112039788873e-04,-6.172170996967220520e-05,1.567319567078855336e+00,-6.215532549593907330e-01,2.069722128132969697e-04,-1.385268426958156773e+00,9.115737311872777662e-04,1.269671627633699867e-02,1.467582655116906665e+00,-9.243373176595548468e-02,4.490455635314283267e-02,1.065688656118285035e-17,7.193361776376261455e-17,2.170166758389153808e-17,1.999999999999999278e-01,2.000000000000000666e-01,-9.269148419756151649e-18,5.999999999999995337e-01,5.151374838943222844e-17,9.187228556473569551e-16,7.945701216788723805e-17,1.999999999999995948e-01,-2.000000000000001499e-01,2.664380430850642657e-17,6.000000000000011990e-01,-1.990443761972405162e-16,-5.829417548339485677e-16,-1.985726392222496170e-16
4.790000,2.766095467245342499e-01,0.000000000000000000e+00,6.309864358440160359e-01,1.000000000000000000e+00,0.000000000000000000e+00,0.000000000000000000e+00,0.000000000000000000e+00,-2.271637478430112156e-01,-1.357784336736612995e-04,-5.984794698404770851e-05,1.557174292151357387e+00,-6.108753543442888567e-01,1.974857155793292547e-04,-1.382899400139070201e+00,8.746353700581105828e-04,1.199663382500124054e-02,1.470574776170848974e+00,-9.770907980897586276e-02,4.291315509232318526e-02,1.395451032169307573e-17,1.054831008222964287e-16,6.391509152294228150e-18,2.000000000000003719e-01,2.000000000000000944e-01,-5.750132964602881036e-17,5.999999999999983125e-01,-2.031841927492881957e-18,1.612989879522260933e-15,2.594886025009878212e-17,1.999999999999997335e-01,-2.000000000000002054e-01,8.724921653632956986e-18,6.000000000000010880e-01,-1.841998098127507741e-16,-5.448475170007540148e-16,-1.537342024725958773e-16
4.800000,2.710833238097066222e-01,0.000000000000000000e+00,6.354232881806903821e-01,1.000000000000000000e+00,0.000000000000000000e+00,0.000000000000000000e+00,0.000000000000000000e+00,-2.354737871627737289e-01,-1.305121089314284662e-04,-5.790420192153561028e-05,1.546616557500448019e+00,-6.001037373868169933e-01,1.881396859737710138e-04,-1.380488097696256800e+00,8.402532318519376122e-04,1.129865655585092846e-02,1.473527873629248752e+00,-1.029876822333142261e-01,4.092392663264772523e-02,4.850669124188003839e-18,4.848915670792140893e-17,2.223268263709443923e-17,2.000000000000000389e-01,2.000000000000001221e-01,-1.603008034162727414e-17,5.999999999999989786e-01,3.427058447973115804e-17,1.280349073945656001e-15,5.330122623123916148e-17,1.999999999999995393e-01,-2.000000000000002609e-01,-5.190531424845536593e-17,6.000000000000014211e-01,-1.484323770562363497e-16,-7.644224349102545096e-16,-8.568820430144167479e-17
4.810000,2.655583993567875445e-01,0.000000000000000000e+00,6.398567062924881421e-01,1.000000000000000000e+00,0.000000000000000000e+00,0.000000000000000000e+00,0.000000000000000000e+00,-2.434601464615912536e-01,-1.252041245910376170e-04,-5.588599736836467955e-05,1.535646424678440036e+00,-5.892433423057830133e-01,1.789349692085086209e-04,-1.378033546012083388e+00,8.084867263623896939e-04,1.060293547967478683e-02,1.476441200096184181e+00,-1.082697680692779330e-01,3.893701543338960736e-02,3.028396232373636759e-18,4.032446070680276122e-17,2.251745245468540742e-17,1.999999999999997335e-01,2.000000000000001776e-01,3.001091850246099539e-17,5.999999999999992006e-01,1.024268214353137869e-17,1.251415641887714688e-15,1.408426442325054333e-17,1.999999999999994005e-01,-2.000000000000002609e-01,-7.198148545593119954e-17,6.000000000000015321e-01,-1.247792997534179135e-16,-8.519802801944013994e-16,-6.405024827768420586e-17
4.820000,2.600354843894308043e-01,0.000000000000000000e+00,6.442859591021475874e-01,1.000000000000000000e+00,0.000000000000000000e+00,0.000000000000000000e+00,0.000000000000000000e+00,-2.511182345788786074e-01,-1.198566209894177373e-04,-5.378884702843356549e-05,1.524263886093244036e+00,-5.782987557706643633e-01,1.698721981784369881e-04,-1.375534765456134512e+00,7.793959323859700819e-04,9.909622969585115196e-03,1.479313985375244167e+00,-1.135555496267951908e-01,3.695256680847110176e-02,3.832934406446335889e-18,3.893174973435924156e-17,2.963350703959220771e-17,1.999999999999995115e-01,2.000000000000001221e-01,3.740591627788394885e-17,5.999999999999998668e-01,4.664101864505913398e-17,8.229325946494463549e-16,4.574610471813056558e-17,1.999999999999991784e-01,-2.000000000000002054e-01,-8.567600549571427473e-17,6.000000000000021982e-01,-1.535811335486748486e-16,-1.282370557279668455e-15,-9.816970948484857664e-17
4.830000,2.545152899312916328e-01,0.000000000000000000e+00,6.487103155324056569e-01,1.000000000000000000e+00,0.000000000000000000e+00,0.000000000000000000e+00,0.000000000000000000e+00,-2.584437303419169774e-01,-1.144719006428744434e-04,-5.160826383744825173e-05,1.512468837759730622e+00,-5.672741981278106582e-01,1.609517972733174045e-04,-1.372990770612857014e+00,7.530415224645686540e-04,9.218872749828407182e-03,1.482145436241042447e+00,-1.188452220382009844e-01,3.497072688791420803e-02,9.445346942053529154e-18,6.505354220386924116e-17,1.707289848777928987e-17,1.999999999999997058e-01,2.000000000000001499e-01,3.907805689044882100e-17,5.999999999999992006e-01,-1.520726431675618476e-17,1.296235526790443630e-15,1.914953434824490537e-19,1.999999999999990397e-01,-2.000000000000002054e-01,-8.669776962723614549e-17,6.000000000000021982e-01,-1.717344664212770276e-16,-1.123096587118339894e-15,-1.312174405521437972e-16
4.840000,2.489985270060238176e-01,0.000000000000000000e+00,6.531290445060008443e-01,1.000000000000000000e+00,0.000000000000000000e+00,0.000000000000000000e+00,0.000000000000000000e+00,-2.654325680470479010e-01,-1.090524373697378648e-04,-4.933976777863750455e-05,1.500261050827703890e+00,-5.561735094278061897e-01,1.521739868503045666e-04,-1.370400570513964356e+00,7.294846834251411021e-04,8.530839883399369411e-03,1.484934736199517102e+00,-1.241389627847746813e-01,3.299164257775216019e-02,3.936693118469954738e-18,4.118970988794234560e-17,1.607182912148723022e-17,1.999999999999997335e-01,2.000000000000001776e-01,2.729948113613072222e-17,5.999999999999992006e-01,1.728627612817092707e-17,1.315843920204453404e-15,3.198190574600388559e-17,1.999999999999991507e-01,-2.000000000000002054e-01,-8.066190793757453978e-17,6.000000000000020872e-01,-1.535068121062771415e-16,-1.126166392536613179e-15,-1.001631899338736381e-16
4.850000,2.434859066372815628e-01,0.000000000000000000e+00,6.575414149456709767e-01,1.000000000000000000e+00,0.000000000000000000e+00,0.000000000000000000e+00,0.000000000000000000e+00,-2.720809209555015151e-01,-1.036008850860042137e-04,-4.697889336697382527e-05,1.487640141776841451e+00,-5.450001361059089167e-01,1.435387883325604384e-04,-1.367763168875792523e+00,7.087870326968571597e-04,7.845680758413693667e-03,1.487681045237163824e+00,-1.294369312069792999e-01,3.101546151841910737e-02,2.438076738907151522e-18,4.517056421678800982e-17,8.048280676182712420e-18,1.999999999999999556e-01,2.000000000000002331e-01,1.793504063818393119e-17,5.999999999999985345e-01,-3.305087048106620743e-17,1.737231840399075161e-15,-4.211454223257228627e-17,1.999999999999995670e-01,-2.000000000000002054e-01,-5.281982150080959414e-17,6.000000000000017542e-01,-1.572641895171088553e-16,-9.959363493111331648e-16,-1.004930795408999700e-16
4.860000,2.379781398487186561e-01,0.000000000000000000e+00,6.619466957741543256e-01,1.000000000000000000e+00,0.000000000000000000e+00,0.000000000000000000e+00,0.000000000000000000e+00,-2.783851828354761970e-01,-9.812008629394684421e-05,-4.452119676848228873e-05,1.474605541140587395e+00,-5.337571181460460945e-01,1.350460299005342183e-04,-1.365077564341802274e+00,6.910105303907094739e-04,7.163553073189775008e-03,1.490383499559409408e+00,-1.347392679984030228e-01,2.904233204163302051e-02,-5.440289629554611032e-18,-3.495542827533536358e-17,1.128415480954949249e-17,1.999999999999997891e-01,2.000000000000001776e-01,3.543704683867162825e-18,5.999999999999989786e-01,4.665684698492144749e-17,1.507359108577391186e-15,9.371425642216516629e-17,1.999999999999996503e-01,-2.000000000000002609e-01,-5.050239797626026456e-17,6.000000000000007550e-01,-5.669256803370147529e-17,-1.782527677036430445e-16,4.945888360926960362e-18
4.870000,2.324759376639903563e-01,0.000000000000000000e+00,6.663441559141879411e-01,1.000000000000000000e+00,0.000000000000000000e+00,0.000000000000000000e+00,0.000000000000000000e+00,-2.843419475716198463e-01,-9.261308029618440401e-05,-4.196226252368735478e-05,1.461156460588854067e+00,-5.224470765371249659e-01,1.266953527410220664e-04,-1.362342750730387575e+00,6.762173871310577953e-04,6.484615819987164971e-03,1.493041211318265393e+00,-1.400460946833757825e-01,2.707240312579191344e-02,-9.075829993281251518e-18,-4.989863507811361107e-17,1.739065437356057841e-17,1.999999999999994560e-01,2.000000000000000944e-01,-2.535680362290295707e-18,5.999999999999996447e-01,1.059279942123829127e-16,1.188365335480520098e-15,2.011634310919431855e-16,1.999999999999997335e-01,-2.000000000000002609e-01,-3.147252754985203789e-17,6.000000000000001998e-01,-1.821149589709400796e-17,1.743208303314853566e-16,2.620175176689027807e-17
4.880000,2.269800111067504234e-01,0.000000000000000000e+00,6.707330642885103167e-01,1.000000000000000000e+00,0.000000000000000000e+00,0.000000000000000000e+00,0.000000000000000000e+00,-2.899479868488325507e-01,-8.708311118277478515e-05,-3.929770984247300244e-05,1.447291858162629508e+00,-5.110722008078677492e-01,1.184862178227349640e-04,-1.359557717288138567e+00,6.644699676337360470e-04,5.809029267345887024e-03,1.495653268329461438e+00,-1.453575130782970015e-01,2.510582434990306019e-02,-3.201084832521347991e-19,3.079501605893570706e-18,1.943812315034396878e-17,1.999999999999995670e-01,2.000000000000001221e-01,2.290564350932993689e-17,5.999999999999996447e-01,5.229633502114780879e-17,1.040982158053712920e-15,1.023823703095953933e-16,1.999999999999998446e-01,-2.000000000000002054e-01,1.441480702393889262e-17,6.000000000000004219e-01,-1.018410750788145610e-16,4.100725499438572722e-17,-8.206046234203828211e-17
4.890000,2.214910712006531723e-01,0.000000000000000000e+00,6.751126898198591686e-01,1.000000000000000000e+00,0.000000000000000000e+00,0.000000000000000000e+00,0.000000000000000000e+00,-2.952002258990905070e-01,-8.153363565293583921e-05,-3.652319843917966875e-05,1.433010401411705104e+00,-4.996342364026784555e-01,1.104179131674958399e-04,-1.356721448948696063e+00,6.558306900308018533e-04,5.136954940966827893e-03,1.498218733779209444e+00,-1.506736047366861175e-01,2.314274584606947072e-02,1.759132905385281636e-18,1.131086264099360210e-17,1.976287171778760231e-17,1.999999999999995393e-01,2.000000000000001499e-01,5.411316858484229570e-17,5.999999999999996447e-01,2.623209690131204086e-17,1.012260947593477090e-15,6.298652154574583841e-17,1.999999999999997058e-01,-2.000000000000002054e-01,-2.134799314315884661e-18,6.000000000000005329e-01,-9.085610197885679025e-17,1.216588632260478522e-16,-9.338110922001782102e-17
4.900000,2.160098289693523077e-01,0.000000000000000000e+00,6.794823014309727682e-01,1.000000000000000000e+00,0.000000000000000000e+00,0.000000000000000000e+00,0.000000000000000000e+00,-3.000957172774174619e-01,-7.596833074925685549e-05,-3.363443387515799998e-05,1.418310428138483292e+00,-4.881344716353364643e-01,1.024895615903925034e-04,-1.353832926597289932e+00,6.503619209476886771e-04,4.468555603069980162e-03,1.500736645920758061e+00,-1.559944303780110564e-01,2.118331825055804959e-02,-6.786993136469634525e-18,-2.016239152336562571e-17,-2.620155009126843092e-18,1.999999999999999001e-01,2.000000000000002609e-01,6.327913841378595085e-17,5.999999999999988676e-01,-2.219692369268442778e-17,1.475383492650433296e-15,-1.340277671352178622e-17,2.000000000000005662e-01,-2.000000000000002331e-01,7.229682871376230903e-17,5.999999999999989786e-01,-5.691307341356611855e-17,7.701907610843716112e-16,-6.608020891457733185e-17
4.910000,2.105369954365030327e-01,0.000000000000000000e+00,6.838411680445882768e-01,1.000000000000000000e+00,0.000000000000000000e+00,0.000000000000000000e+00,0.000000000000000000e+00,-3.046316126057370677e-01,-7.039110159884992242e-05,-3.062717237557179370e-05,1.403189904395157450e+00,-4.765737239290038230e-01,9.470012888552701831e-05,-1.350891127341057096e+00,6.481258663449139317e-04,3.803995230163067544e-03,1.503206017760902125e+00,-1.613200293003586583e-01,1.922769265347707562e-02,2.677719966384475427e-18,3.061684626110542941e-17,2.790645551913072852e-17,1.999999999999997058e-01,2.000000000000000389e-01,-5.971919929675466993e-18,5.999999999999994227e-01,5.019838223294943478e-17,1.053172615343168728e-15,1.172202860763152692e-16,2.000000000000000111e-01,-2.000000000000001499e-01,2.748805607921690447e-17,6.000000000000003109e-01,-1.200662252785486452e-16,2.954964659662007957e-17,-1.732511435867317719e-16
4.920000,2.050732816257592184e-01,0.000000000000000000e+00,6.881885585834439656e-01,1.000000000000000000e+00,0.000000000000000000e+00,0.000000000000000000e+00,0.000000000000000000e+00,-3.088051321906073454e-01,-6.480608927416873501e-05,-2.749722508566908167e-05,1.387646379316856970e+00,-4.649523250190188972e-01,8.704843243890171491e-05,-1.347895024785180196e+00,6.491844581429325779e-04,3.143438989148680633e-03,1.505625836736595113e+00,-1.666504187770452283e-01,1.727602054709086524e-02,-3.352305688462359156e-18,-9.868977372193630890e-18,5.173833330656832601e-18,1.999999999999999278e-01,2.000000000000001499e-01,2.305986326803099516e-17,5.999999999999987566e-01,-2.010511418664767519e-17,1.509895536636368054e-15,2.649560934477403104e-17,2.000000000000004274e-01,-2.000000000000002331e-01,4.209504039210375852e-17,5.999999999999990896e-01,-3.522202313425454783e-17,7.649866371328569818e-16,-8.427249864587103147e-17
4.930000,1.996193985607750410e-01,0.000000000000000000e+00,6.925237419702778841e-01,1.000000000000000000e+00,0.000000000000000000e+00,0.000000000000000000e+00,0.000000000000000000e+00,-3.126135323819455580e-01,-5.921767890655859457e-05,-2.424046172906147746e-05,1.371676936297766547e+00,-4.532701047582274323e-01,7.953315025648519088e-05,-1.344843589314889787e+00,6.535992366559171271e-04,2.487053211694590163e-03,1.507995064381802752e+00,-1.719855934372594986e-01,1.532845377280436447e-02,2.717265460209575590e-18,3.070244822782447051e-17,6.823080335681225437e-18,2.000000000000002609e-01,2.000000000000001499e-01,-3.790148732100992624e-17,5.999999999999979794e-01,-1.726246159308337578e-17,1.933270305315904773e-15,3.478651069154431867e-17,2.000000000000004829e-01,-2.000000000000002054e-01,6.410548060300019345e-17,5.999999999999989786e-01,-6.147877853344231164e-17,7.401782811695407661e-16,-1.328912489064041709e-16
4.940000,1.941760572652042882e-01,0.000000000000000000e+00,6.968459871278281925e-01,1.000000000000000000e+00,0.000000000000000000e+00,0.000000000000000000e+00,0.000000000000000000e+00,-3.160540704938737400e-01,-5.363050820831630433e-05,-2.085281362697856164e-05,1.355278139928295600e+00,-4.415263731215866017e-01,7.215283040334264264e-05,-1.341735788383316752e+00,6.614312288675431662e-04,1.835005366787532434e-03,1.510312635984740970e+00,-1.773255246308897692e-01,1.338514446685037940e-02,5.264857950344900813e-18,4.166508012340838853e-17,3.527969742186014956e-17,1.999999999999998446e-01,2.000000000000001776e-01,4.549207657690248892e-17,5.999999999999987566e-01,-5.150372680646336957e-17,1.599712492135451658e-15,-1.975996439848915917e-17,1.999999999999997613e-01,-2.000000000000001776e-01,2.177206577218088976e-18,6.000000000000004219e-01,-9.959115117447927335e-17,-2.348022913526694292e-18,-1.508640259610378245e-16
4.950000,1.887439687627022744e-01,0.000000000000000000e+00,7.011545629788319411e-01,1.000000000000000000e+00,0.000000000000000000e+00,0.000000000000000000e+00,0.000000000000000000e+00,-3.191239670544765428e-01,-4.804947658423305628e-05,-1.733027603398344305e-05,1.338445978006241877e+00,-4.297198999559401766e-01,6.490590085785423165e-05,-1.338570586805171825e+00,6.727408225899115645e-04,1.187464031385757979e-03,1.512577460235631888e+00,-1.826701597776842489e-01,1.144624500471499995e-02,2.513795238001174942e-18,3.751508612031324028e-17,3.884643606410996864e-17,1.999999999999996225e-01,2.000000000000001776e-01,8.721784702442816102e-17,5.999999999999994227e-01,-4.199107617721768024e-17,1.151316391583603754e-15,-2.521141443630158463e-17,1.999999999999994837e-01,-2.000000000000000666e-01,-1.340612358934639686e-17,6.000000000000016431e-01,-1.606319206587539119e-16,-9.295181221714338204e-16,-2.050477663295098151e-16
4.960000,1.833238440769226485e-01,0.000000000000000000e+00,7.054487384460274013e-01,1.000000000000000000e+00,0.000000000000000000e+00,0.000000000000000000e+00,0.000000000000000000e+00,-3.218203650869043142e-01,-4.247975504372774691e-05,-1.366890973881702095e-05,1.321175797809635233e+00,-4.178488919598972173e-01,5.779067979731872490e-05,-1.335346947056169409e+00,6.875876365549112414e-04,5.445988590820676151e-04,1.514788418865074870e+00,-1.880194217009273361e-01,9.511907944337981077e-03,1.040889950994315683e-17,6.644852274663609963e-17,3.249642241154091107e-18,2.000000000000003997e-01,2.000000000000003164e-01,5.507420930316267815e-17,5.999999999999974243e-01,-1.610120150499805598e-16,2.260385371959463909e-15,-1.628596466230434349e-16,1.999999999999995670e-01,-2.000000000000001221e-01,-9.220520233556353998e-18,6.000000000000010880e-01,-1.349691475854020153e-16,-3.902981222458912323e-16,-1.864180928734764859e-16
4.970000,1.779163942315197533e-01,0.000000000000000000e+00,7.097277824521526224e-01,1.000000000000000000e+00,0.000000000000000000e+00,0.000000000000000000e+00,0.000000000000000000e+00,-3.241402860478406200e-01,-3.692679715948469490e-05,-9.864841871405462742e-06,1.303462235669077485e+00,-4.059109663052050676e-01,5.080538634500790507e-05,-1.332063829578109093e+00,7.060303864962863248e-04,-9.341945331615443809e-05,1.516944366273166978e+00,-1.933732079458507780e-01,7.582285968128309531e-03,-4.215415810244105107e-18,-2.665458375337358806e-17,1.563188890993249021e-18,2.000000000000005940e-01,2.000000000000003442e-01,4.879764714945659490e-17,5.999999999999972022e-01,-1.282606377233995128e-16,2.377423651103697283e-15,-1.097316877595629240e-16,1.999999999999999278e-01,-2.000000000000001776e-01,-1.055347076058082045e-17,5.999999999999999778e-01,-6.787036584779378444e-18,3.760457061029758031e-16,-7.255346966143656031e-17
4.980000,1.725223302501473766e-01,0.000000000000000000e+00,7.139909639199457647e-01,1.000000000000000000e+00,0.000000000000000000e+00,0.000000000000000000e+00,0.000000000000000000e+00,-3.260805819581034104e-01,-3.139635135932088578e-05,-5.914265848228152618e-06,1.285299138696642807e+00,-3.939031202214203775e-01,4.394815182446641042e-05,-1.328720193089455881e+00,7.281267472897750377e-04,-7.264192013869348640e-04,1.519044129149450528e+00,-1.987313900830079971e-01,5.657531823836019734e-03,-6.402530039238551958e-18,-1.510736205629279707e-17,1.130428134860410595e-17,2.000000000000005940e-01,2.000000000000002887e-01,1.864476685545192600e-17,5.999999999999972022e-01,-1.127335966909623775e-16,2.471674308602387954e-15,-7.672342756681869193e-17,2.000000000000001221e-01,-2.000000000000001499e-01,2.513045636986403015e-17,5.999999999999998668e-01,-3.942344156179314165e-17,1.862482591837087611e-16,-1.090098609872002296e-16
4.990000,1.671423631564607215e-01,0.000000000000000000e+00,7.182375517721439895e-01,1.000000000000000000e+00,0.000000000000000000e+00,0.000000000000000000e+00,0.000000000000000000e+00,-3.276378831506614464e-01,-2.589447488890892773e-05,-1.813440373563572625e-06,1.266679477309434754e+00,-3.818216957560632285e-01,3.721703159004729583e-05,-1.325314994901245713e+00,7.539332112284450335e-04,-1.354227710975999593e-03,1.521086506083774603e+00,-2.040938129968849768e-01,3.737798264323898348e-03,-3.784261733078843211e-18,-9.410119251409172845e-18,1.478072915288792405e-17,2.000000000000007327e-01,2.000000000000002331e-01,-2.703753496187391898e-17,5.999999999999970912e-01,-7.457591646665440242e-17,2.506729657459384384e-15,-2.368217871943607052e-17,2.000000000000001221e-01,-2.000000000000001499e-01,7.627858528194824278e-18,5.999999999999998668e-01,-1.035994634261306607e-17,1.942430440460310209e-16,-9.238639419094535675e-17
5.000000,1.617772039741134926e-01,0.000000000000000000e+00,7.224668149314856791e-01,1.000000000000000000e+00,0.000000000000000000e+00,0.000000000000000000e+00,0.000000000000000000e+00,-3.288085409290464334e-01,-2.042754984255397717e-05,2.441312599962371193e-06,1.247595246918739686e+00,-3.696623387874427014e-01,3.061001752637116248e-05,-1.321847191238076036e+00,7.835049425205765309e-04,-1.976671378468027908e-03,1.523070267168130876e+00,-2.094602941600437196e-01,1.823237986283172659e-03,-6.254738733340746311e-18,-2.070397722849406099e-17,4.022975204271433456e-17,2.000000000000001499e-01,2.000000000000001776e-01,3.257890233720452332e-17,5.999999999999985345e-01,-3.199837513055289816e-17,1.698968474352754964e-15,1.267908492404152811e-17,1.999999999999997058e-01,-2.000000000000000111e-01,2.371472806513300712e-17,6.000000000000010880e-01,-1.108865496654051827e-16,-6.635663167666147767e-16,-2.075810649014678396e-16
5.010000,1.584534035232209315e-01,0.000000000000000000e+00,7.233484479631988595e-01,1.000000000000000000e+00,0.000000000000000000e+00,0.000000000000000000e+00,0.000000000000000000e+00,-3.305864398250073499e-01,-1.807701009599388875e-05,3.119837677771364060e-06,1.236401803790472709e+00,-3.667877582593401797e-01,2.748928712370051440e-05,-1.309938255842269195e+00,8.001604608555642779e-04,-2.152822046706908288e-03,1.522028998143918344e+00,-2.202231344761375054e-01,1.196881695485082619e-03,-1.746160218819008609e-17,-8.746557964443949893e-17,-5.675605324029661145e-18,2.000000000000003442e-01,2.000000000000003442e-01,5.670537264032569226e-17,5.999999999999974243e-01,-8.851941662660250508e-17,2.454251296791950949e-15,-5.102991839716079919e-17,2.000000000000006772e-01,-2.000000000000001776e-01,7.939720369500704342e-17,5.999999999999985345e-01,3.196987908828138142e-17,9.245172939084089664e-16,-3.910640495371983798e-17
5.020000,1.551316629376235656e-01,0.000000000000000000e+00,7.242198363512668546e-01,1.000000000000000000e+00,0.000000000000000000e+00,0.000000000000000000e+00,0.000000000000000000e+00,-3.327484977523591514e-01,-1.700314609404756812e-05,2.984625180141301240e-06,1.228031456862243243e+00,-3.669905429648862016e-01,2.586410017333135584e-05,-1.295193088002654536e+00,8.190577061515940012e-04,-2.175906045352427563e-03,1.519595875276893437e+00,-2.324584993558591606e-01,9.818764422209705790e-04,-6.794865439376549266e-18,-1.992359890109487204e-17,1.849129286629668155e-17,2.000000000000001221e-01,2.000000000000003997e-01,1.127348538700862726e-16,5.999999999999976463e-01,-1.395381115181222997e-16,2.458477028167567040e-15,-1.394991760176202134e-16,2.000000000000003997e-01,-2.000000000000000944e-01,7.357739329625246347e-17,5.999999999999990896e-01,-1.714589261745891627e-17,5.000035729632932638e-16,-1.214918640636593915e-16
5.030000,1.518120786195447380e-01,0.000000000000000000e+00,7.250812602980980515e-01,1.000000000000000000e+00,0.000000000000000000e+00,0.000000000000000000e+00,0.000000000000000000e+00,-3.350481681553756363e-01,-1.643954772485106293e-05,2.720685584967319951e-06,1.220597316343960070e+00,-3.681958376724886461e-01,2.487470464210387477e-05,-1.279388130643344335e+00,8.380020972711062265e-04,-2.147527088910534520e-03,1.516328746093999147e+00,-2.449387493242043690e-01,8.975180475708841163e-04,4.791889695504225155e-19,8.679312667356804619e-18,4.366241059529228182e-17,1.999999999999998446e-01,2.000000000000002609e-01,9.539737299298187108e-17,5.999999999999988676e-01,-6.276423500427282562e-17,1.517800636984627719e-15,-6.651956101403119215e-17,1.999999999999997613e-01,-2.000000000000000111e-01,2.376736492683775681e-17,6.000000000000009770e-01,-1.123889738439290521e-16,-6.080247896648566775e-16,-2.023544416034443349e-16
5.040000,1.484947469712087076e-01,0.000000000000000000e+00,7.259330000061009480e-01,1.000000000000000000e+00,0.000000000000000000e+00,0.000000000000000000e+00,0.000000000000000000e+00,-3.373574725222458492e-01,-1.607335673413181452e-05,2.465849148507076434e-06,1.213415187848127852e+00,-3.697087251615958636e-01,2.414882953491206445e-05,-1.263096868115265670e+00,8.558854020257341232e-04,-2.101453381053504810e-03,1.512441034995516631e+00,-2.572936848947920407e-01,8.550604405140292685e-04,-1.157109412484404819e-17,-6.043646184155720136e-17,1.298962113982926662e-17,1.999999999999999278e-01,2.000000000000002054e-01,4.006384259838687638e-17,5.999999999999987566e-01,1.061172270984247286e-17,1.557115336704782255e-15,6.218169171617776891e-17,2.000000000000002887e-01,-2.000000000000000666e-01,5.172372075204240125e-17,5.999999999999997558e-01,-2.236006373197385860e-17,1.204916411054095978e-16,-9.229928872725759208e-17
5.050000,1.451797643948388727e-01,0.000000000000000000e+00,7.267753356776838203e-01,1.000000000000000000e+00,0.000000000000000000e+00,0.000000000000000000e+00,0.000000000000000000e+00,-3.396192178932846417e-01,-1.578018954385506281e-05,2.234430473893314880e-06,1.206238408658516947e+00,-3.712954043960058903e-01,2.353050214056880379e-05,-1.246508217015457332e+00,8.724109427471164876e-04,-2.048776265174707695e-03,1.508012958556015137e+00,-2.694093179207834865e-01,8.265521746596208967e-04,-1.831368084325680469e-18,-3.014038109387270543e-18,3.354408382546793460e-17,1.999999999999996780e-01,2.000000000000001499e-01,4.705847497089712574e-17,5.999999999999995337e-01,2.729268455540856255e-17,1.062463131591550286e-15,6.327424752405762241e-17,1.999999999999997335e-01,-2.000000000000000944e-01,-3.343488957659640217e-17,6.000000000000010880e-01,-5.841305569713717704e-17,-6.614261788125696655e-16,-9.860944139130829994e-17
5.060000,1.418672272926588818e-01,0.000000000000000000e+00,7.276085475152553883e-01,1.000000000000000000e+00,0.000000000000000000e+00,0.000000000000000000e+00,0.000000000000000000e+00,-3.418089755668659580e-01,-1.551175485011096702e-05,2.020523883527540054e-06,1.198977388274717448e+00,-3.728765247732861443e-01,2.295641498977414764e-05,-1.229687608231319063e+00,8.874940633274045832e-04,-1.993167765984191122e-03,1.503072501618525125e+00,-2.812459504224085749e-01,8.031684954919943772e-04,7.732867946028391078e-18,4.211496410751526442e-17,1.132731024537854756e-17,2.000000000000002331e-01,2.000000000000002609e-01,5.844701435329948500e-17,5.999999999999983125e-01,-1.000606307065935994e-16,1.700332739406306498e-15,-1.111898253972224485e-16,1.999999999999996225e-01,-2.000000000000001221e-01,-2.946340768273443805e-17,6.000000000000010880e-01,-8.352468660602795795e-17,-5.441641962663512968e-16,-1.167157272850259927e-16
5.070000,1.385572320668921054e-01,0.000000000000000000e+00,7.284329157212243722e-01,1.000000000000000000e+00,0.000000000000000000e+00,0.000000000000000000e+00,0.000000000000000000e+00,-3.439161458413508288e-01,-1.524967759007431285e-05,1.818628163349463804e-06,1.191598608434718320e+00,-3.744246193402140932e-01,2.240151809097956981e-05,-1.212660764565733018e+00,9.010806613990605864e-04,-1.935897500007241565e-03,1.497627680837467112e+00,-2.927850051670307097e-01,7.820861981405768416e-04,-5.149131459243660647e-18,-1.946674903577363157e-17,3.166287940147844168e-17,1.999999999999997058e-01,2.000000000000001499e-01,6.122347171739711879e-17,5.999999999999995337e-01,6.971615216146641122e-18,9.927473173888280997e-16,4.244761844384962954e-17,1.999999999999993727e-01,-2.000000000000000389e-01,-4.236741210469766740e-17,6.000000000000018652e-01,-9.746889515804614844e-17,-1.039142420356722229e-15,-1.344943023119489774e-16
5.080000,1.352498751197628024e-01,0.000000000000000000e+00,7.292487204979988258e-01,1.000000000000000000e+00,0.000000000000000000e+00,0.000000000000000000e+00,0.000000000000000000e+00,-3.459356817068857670e-01,-1.498710309350608878e-05,1.625776297667419880e-06,1.184088486960995334e+00,-3.759296922799315044e-01,2.185609772067376562e-05,-1.195440592672552205e+00,9.131141167588291939e-04,-1.877462058605464980e-03,1.491679117009947708e+00,-3.040138767650045759e-01,7.623638088983591618e-04,3.057716969731172579e-18,3.271535085750618585e-17,-8.356707590629372658e-19,2.000000000000003164e-01,2.000000000000002887e-01,3.434912031632029107e-17,5.999999999999977573e-01,-1.214491453271193551e-16,2.142843605725604584e-15,-1.090682796136701918e-16,1.999999999999996225e-01,-2.000000000000000944e-01,-2.972083780723978529e-17,6.000000000000011990e-01,-9.276313261781371934e-17,-5.449549437949781938e-16,-1.475981899230658992e-16
5.090000,1.319452528534943714e-01,0.000000000000000000e+00,7.300562420479874692e-01,1.000000000000000000e+00,0.000000000000000000e+00,0.000000000000000000e+00,0.000000000000000000e+00,-3.478646850031210103e-01,-1.472154546046792445e-05,1.440647987991480576e-06,1.176440482422505873e+00,-3.773876302227939794e-01,2.131645131489512765e-05,-1.178035796477012731e+00,9.235357956476904868e-04,-1.818110278475117483e-03,1.485224797490373838e+00,-3.149217339631542045e-01,7.436506336099125807e-04,-9.959847999722798229e-18,-5.245450080594281686e-17,2.740793585511857471e-18,2.000000000000000944e-01,2.000000000000002609e-01,3.268016483380862985e-17,5.999999999999977573e-01,-7.347788470567168122e-17,2.245336146577800125e-15,1.166699776173746483e-17,1.999999999999998446e-01,-2.000000000000001499e-01,-1.488473166575102056e-17,6.000000000000000888e-01,-3.811004812768632601e-18,2.892701739981382025e-16,-5.909322761248710353e-17
5.100000,1.286434616703104605e-01,0.000000000000000000e+00,7.308557605735989116e-01,1.000000000000000000e+00,0.000000000000000000e+00,0.000000000000000000e+00,0.000000000000000000e+00,-3.497010548018885112e-01,-1.445215776759104275e-05,1.262740043217240962e-06,1.168650495787460608e+00,-3.787962832811186398e-01,2.078119230091534424e-05,-1.160453618974879975e+00,9.322893036806339075e-04,-1.758011578117468256e-03,1.478261831302366103e+00,-3.254984005750926612e-01,7.257826288775815317e-04,-1.185555611470975280e-17,-6.428272865754216950e-17,2.349155896144719876e-17,1.999999999999998168e-01,2.000000000000002054e-01,8.443387587599151990e-17,5.999999999999989786e-01,-5.120098182357686998e-17,1.305404891880363345e-15,-7.907427141004858450e-19,1.999999999999999278e-01,-2.000000000000000389e-01,3.671490036842161171e-18,6.000000000000005329e-01,-1.951309551643577182e-17,-1.813947103442135544e-16,-7.751586517259785335e-17
5.110000,1.253445979724344683e-01,0.000000000000000000e+00,7.316475562772415397e-01,1.000000000000000000e+00,0.000000000000000000e+00,0.000000000000000000e+00,0.000000000000000000e+00,-3.514429620999501847e-01,-1.417870426392886923e-05,1.091911827412080151e-06,1.160715228841974422e+00,-3.801541329334047759e-01,2.024981479876701647e-05,-1.142700699211200321e+00,9.393232739309611851e-04,-1.697309566171062217e-03,1.470787073865361894e+00,-3.357340754373853708e-01,7.086559446660641070e-04,-1.350034978404847590e-17,-7.347031874719609794e-17,3.011085226647756593e-18,2.000000000000001221e-01,2.000000000000001499e-01,2.782108033950054355e-17,5.999999999999987566e-01,4.070405191709037458e-18,1.479533625165286417e-15,9.156992143159469949e-17,2.000000000000004829e-01,-2.000000000000001776e-01,-3.136865161668108508e-18,5.999999999999992006e-01,7.143987611575139806e-17,4.918007543585525327e-16,3.484924336823827375e-17
5.120000,1.220487581620906398e-01,0.000000000000000000e+00,7.324319093613237408e-01,1.000000000000000000e+00,0.000000000000000000e+00,0.000000000000000000e+00,0.000000000000000000e+00,-3.530886477374776677e-01,-1.390117740805519541e-05,9.281743582111003158e-07,1.152631595162794564e+00,-3.814598356468633655e-01,1.972214467782924165e-05,-1.124783324805414875e+00,9.445927395537261594e-04,-1.636138944087059703e-03,1.462797333873583350e+00,-3.456192701818047719e-01,6.921873307671795204e-04,-2.261437623701631714e-18,-1.593853571783721745e-17,2.784126705377450535e-17,1.999999999999998723e-01,2.000000000000001221e-01,6.634700920722213345e-17,5.999999999999996447e-01,-1.222875694510393861e-17,7.155235873225527246e-16,1.683169184066750179e-18,1.999999999999999833e-01,-2.000000000000000389e-01,-5.959230545090913764e-18,6.000000000000004219e-01,-4.835298071432082707e-17,-3.719681662976447753e-16,-1.336979840362037667e-16
5.130000,1.187560386415023456e-01,0.000000000000000000e+00,7.332091000282541238e-01,1.000000000000000000e+00,0.000000000000000000e+00,0.000000000000000000e+00,0.000000000000000000e+00,-3.546363441663432092e-01,-1.361965637669086840e-05,7.716001800704884591e-07,1.144396505381254370e+00,-3.827120639916642419e-01,1.919813220011303736e-05,-1.106707490979169428e+00,9.480597191832442188e-04,-1.574630711980884445e-03,1.454289426842976907e+00,-3.551447981812107524e-01,6.763016980934526481e-04,4.716514715007266948e-18,3.109920303016164239e-17,1.795764518212129604e-17,2.000000000000000666e-01,2.000000000000000944e-01,2.488764636993287858e-17,5.999999999999989786e-01,-2.838417617172215048e-17,1.183634276040800681e-15,1.436053991868881748e-17,1.999999999999997891e-01,-1.999999999999999833e-01,2.146011538400693680e-17,6.000000000000008660e-01,-1.079102475483563645e-16,-3.654746159132770967e-16,-2.189212808586226675e-16
5.140000,1.154665358128932617e-01,0.000000000000000000e+00,7.339794084804411867e-01,1.000000000000000000e+00,0.000000000000000000e+00,0.000000000000000000e+00,0.000000000000000000e+00,-3.560842438730815185e-01,-1.333425521171597388e-05,6.222867075490047372e-07,1.136006785258413254e+00,-3.839094490606337895e-01,1.867777452923540270e-05,-1.088478897928351063e+00,9.496934258423347453e-04,-1.512913659885576365e-03,1.445260171820172967e+00,-3.643017720683021099e-01,6.609281652953677508e-04,-1.340652902532483860e-17,-7.745076699959125295e-17,-2.335198762480925774e-18,2.000000000000001221e-01,2.000000000000001776e-01,4.998398083200574085e-17,5.999999999999988676e-01,-1.062899294740934878e-18,1.188582118348682290e-15,3.417644027057758482e-17,2.000000000000005107e-01,-2.000000000000000944e-01,6.303801556574056876e-17,5.999999999999990896e-01,1.426773468090633991e-17,6.237873301127490422e-16,-6.444399583929595162e-17
5.150000,1.121803460784867867e-01,0.000000000000000000e+00,7.347431149202936496e-01,1.000000000000000000e+00,0.000000000000000000e+00,0.000000000000000000e+00,0.000000000000000000e+00,-3.574304850489062324e-01,-1.304510403236933777e-05,4.803418178396022965e-07,1.127459140586228870e+00,-3.850505573554467986e-01,1.816108709408694502e-05,-1.070102928808203124e+00,9.494703013893733123e-04,-1.451114683201409818e-03,1.435706365929034556e+00,-3.730815997250792049e-01,6.459987573519237461e-04,-1.077833366651168645e-19,1.129792129544250329e-17,4.324520515909857739e-17,1.999999999999994837e-01,2.000000000000000944e-01,1.069214348347787611e-16,6.000000000000004219e-01,6.951539108945246833e-18,2.706043865892733951e-16,9.683146714908710947e-18,1.999999999999995670e-01,-1.999999999999999278e-01,1.486189349105419595e-17,6.000000000000016431e-01,-1.481419380634951020e-16,-9.430137813550987781e-16,-2.491665048184090535e-16
5.160000,1.088975658405071240e-01,0.000000000000000000e+00,7.355004995502195664e-01,1.000000000000000000e+00,0.000000000000000000e+00,0.000000000000000000e+00,0.000000000000000000e+00,-3.586731434259922691e-01,-1.275234239523433804e-05,3.458783489948114640e-07,1.118750138262622595e+00,-3.861338792606091030e-01,1.764809318530066346e-05,-1.051584621848293377e+00,9.473739650404154698e-04,-1.389358728058801441e-03,1.425624749005077518e+00,-3.814759766333016278e-01,6.314479346022967452e-04,-1.927880424560970794e-17,-1.213839095084743761e-16,-8.376735651439082325e-18,1.999999999999998446e-01,2.000000000000000944e-01,6.255574332413354093e-17,5.999999999999999778e-01,6.993775523068380237e-17,5.840920401164565956e-16,1.203506578652117134e-16,2.000000000000007050e-01,-2.000000000000001221e-01,1.010669562387233953e-16,5.999999999999985345e-01,2.169069210067936115e-17,8.760920151111838654e-16,-2.358010435475542464e-20
5.170000,1.056182915011777135e-01,0.000000000000000000e+00,7.362518425726277682e-01,1.000000000000000000e+00,0.000000000000000000e+00,0.000000000000000000e+00,0.000000000000000000e+00,-3.598102261266338808e-01,-1.245611711535048401e-05,2.190120731124460617e-07,1.109876192573578058e+00,-3.871578212234024208e-01,1.713882032359398974e-05,-1.032928640866898506e+00,9.433951128579379231e-04,-1.327768622603041392e-03,1.415011962507981780e+00,-3.894768742297267106e-01,6.172123836814435082e-04,-1.816989866096359396e-18,-9.845743268424777819e-18,3.017014136069223314e-17,1.999999999999994282e-01,2.000000000000000389e-01,1.210476484406856611e-16,6.000000000000009770e-01,3.115917233649309458e-17,-1.648939571575878052e-16,4.652391995050215718e-17,1.999999999999999833e-01,-2.000000000000000666e-01,3.503375726929785082e-17,6.000000000000004219e-01,-8.106890337232610337e-17,-2.653188440040031055e-16,-8.700714590912042466e-17
5.180000,1.023426194627221758e-01,0.000000000000000000e+00,7.369974241899265310e-01,1.000000000000000000e+00,0.000000000000000000e+00,0.000000000000000000e+00,0.000000000000000000e+00,-3.608396659606795120e-01,-1.215658173827641335e-05,9.986100413291487279e-08,1.100833552715479779e+00,-3.881206988916244827e-01,1.663329914536686545e-05,-1.014139245458857141e+00,9.375313836683570870e-04,-1.266464876394046875e-03,1.403864504009401992e+00,-3.970765242000472428e-01,6.032308929197480792e-04,4.811397936060909916e-18,3.913029796038860680e-17,-6.783272161711963241e-18,2.000000000000002054e-01,2.000000000000001221e-01,5.226115273804492856e-17,5.999999999999989786e-01,-6.094791556962454300e-17,1.032373338177420932e-15,-4.794411476920350204e-17,2.000000000000003719e-01,-2.000000000000000944e-01,8.168232475628302914e-17,5.999999999999995337e-01,-8.623485063943596950e-17,2.717519907396507411e-16,-1.207859005092788482e-16
5.190000,9.907064612736389553e-02,0.000000000000000000e+00,7.377375246045246859e-01,1.000000000000000000e+00,0.000000000000000000e+00,0.000000000000000000e+00,0.000000000000000000e+00,-3.617593155638816338e-01,-1.185389664145761475e-05,-1.145478420341364174e-08,1.091618290075766273e+00,-3.890207302221811436e-01,1.613156323803863201e-05,-9.952202611371800955e-01,9.297871985162743354e-04,-1.205565475250276221e-03,1.392178677495222061e+00,-4.042673986418967025e-01,5.894442567591611903e-04,7.548858911017361883e-18,5.662288634429932973e-17,2.150081430075721808e-17,1.999999999999999001e-01,2.000000000000001499e-01,1.058086094305563467e-16,5.999999999999992006e-01,-9.420443952539088030e-17,8.807283317683496738e-16,-8.781561619988354646e-17,1.999999999999996780e-01,-1.999999999999999833e-01,2.471889084353018674e-17,6.000000000000009770e-01,-1.233344301353382741e-16,-5.239215149760323990e-16,-1.904904553782565676e-16
5.200000,9.580246789732715929e-02,0.000000000000000000e+00,7.384724240188305089e-01,1.000000000000000000e+00,0.000000000000000000e+00,0.000000000000000000e+00,0.000000000000000000e+00,-3.625669411187483204e-01,-1.154822939796439322e-05,-1.148131410963158177e-07,1.082226284666438776e+00,-3.898560281768168045e-01,1.563364935437530824e-05,-9.761750493541302420e-01,9.201735776777971321e-04,-1.145185681497062078e-03,1.379950539304229284e+00,-4.110421859839467618e-01,5.757951917662999276e-04,-1.241826921381670018e-17,-7.784286502223980143e-17,2.254054470814177434e-17,1.999999999999995670e-01,2.000000000000000111e-01,9.503326924823011766e-17,6.000000000000007550e-01,7.470210859689198464e-17,-1.619068598257881306e-16,1.268070212323108074e-16,1.999999999999999001e-01,-1.999999999999999833e-01,4.121976065051981763e-17,6.000000000000005329e-01,-5.588100421824788952e-17,-3.920463709125119859e-16,-8.925654263313998812e-17
5.210000,9.253818117483532391e-02,0.000000000000000000e+00,7.392024026352523869e-01,1.000000000000000000e+00,0.000000000000000000e+00,0.000000000000000000e+00,0.000000000000000000e+00,-3.632602155228051855e-01,-1.123975527348124029e-05,-2.100897383485303406e-07,1.072653210407163327e+00,-3.906245928247403243e-01,1.513959780056455712e-05,-9.570064771745189214e-01,9.087079381880257744e-04,-1.085437843990251462e-03,1.367175839323564457e+00,-4.173937625053951161e-01,5.622282586632075096e-04,-3.227200513473875034e-18,-1.693569288341473398e-17,-1.453431385024121042e-17,2.000000000000003164e-01,2.000000000000001776e-01,7.163995698934887588e-17,5.999999999999988676e-01,-4.471909015952870911e-17,9.740657812435718089e-16,-4.502330182951047100e-17,2.000000000000005107e-01,-2.000000000000000944e-01,5.604741065085865479e-17,5.999999999999989786e-01,-8.790833473154714487e-18,6.023437266309058875e-16,-1.017041873647597116e-16
5.220000,8.927788236211206541e-02,0.000000000000000000e+00,7.399277406561989290e-01,1.000000000000000000e+00,0.000000000000000000e+00,0.000000000000000000e+00,0.000000000000000000e+00,-3.638367109086863005e-01,-1.092865781568817450e-05,-2.971579283624397303e-07,1.062894519050607389e+00,-3.913243027362751092e-01,1.464945292921478884e-05,-9.377168862818052730e-01,8.954138745050700980e-04,-1.026431220382762128e-03,1.353849956923925291e+00,-4.233151592566790078e-01,5.486897884758495979e-04,-1.589423910190763245e-18,7.388898059937537796e-18,2.179507539445410644e-17,1.999999999999997891e-01,2.000000000000001221e-01,1.076027553387169393e-16,5.999999999999996447e-01,-4.702329502521345759e-17,6.465025692418127523e-16,-3.649114833585848216e-17,2.000000000000000111e-01,-2.000000000000000111e-01,3.655007635658932838e-17,6.000000000000001998e-01,-8.571335478074335050e-17,-1.177242728862970874e-16,-1.865532258608037184e-16
5.230000,8.602166786138074062e-02,0.000000000000000000e+00,7.406487182840789663e-01,1.000000000000000000e+00,0.000000000000000000e+00,0.000000000000000000e+00,0.000000000000000000e+00,-3.642938904284340196e-01,-1.061512952813885303e-05,-3.758885739478991374e-07,1.052945422563054789e+00,-3.919529055667168027e-01,1.416326371912249090e-05,-9.183080609197451505e-01,8.803209248477556446e-04,-9.682718133496427768e-04,1.339967830988794795e+00,-4.287995241318062756e-01,5.351278120390064999e-04,-1.616235456446049415e-17,-9.733330104661920265e-17,1.126772873982234152e-17,1.999999999999996225e-01,2.000000000000000389e-01,6.662420420729512898e-17,6.000000000000005329e-01,9.786247603834611646e-17,1.791233201703385711e-16,1.339806375119447281e-16,2.000000000000004274e-01,-2.000000000000000666e-01,4.325403476483813075e-17,5.999999999999989786e-01,4.625037239840966100e-17,6.669923722406077275e-16,-5.463358609157137077e-17
5.240000,8.276963407486563618e-02,0.000000000000000000e+00,7.413656157213004416e-01,1.000000000000000000e+00,0.000000000000000000e+00,0.000000000000000000e+00,0.000000000000000000e+00,-3.646290992096943850e-01,-1.029937263259853704e-05,-4.461498543198212787e-07,1.042800873764458514e+00,-3.925080077261893230e-01,1.368108444136621212e-05,-8.987811942927493858e-01,8.634643257301597352e-04,-9.110622221027511475e-04,1.325523883249889678e+00,-4.338400787802312308e-01,5.214919924404086199e-04,3.861820094172749612e-19,6.039692670335729385e-18,1.198951702199620479e-17,1.999999999999997335e-01,2.000000000000001499e-01,1.057205119863662443e-16,6.000000000000000888e-01,-6.290336056912513781e-18,4.494336995049675090e-16,-4.078137112458868660e-17,2.000000000000001776e-01,-2.000000000000001499e-01,-2.232062433315628145e-17,5.999999999999995337e-01,2.854572946344701835e-17,4.209762451689207330e-16,-3.579932207778895632e-17
5.250000,7.952187740479010891e-02,0.000000000000000000e+00,7.420787131702720751e-01,1.000000000000000000e+00,0.000000000000000000e+00,0.000000000000000000e+00,0.000000000000000000e+00,-3.648395543809621611e-01,-9.981599931428069414e-06,-5.078070457669989945e-07,1.032455545010041664e+00,-3.929870630200337223e-01,1.320297542208885931e-05,-8.791368528596792409e-01,8.448847572075891214e-04,-8.549015102594846550e-04,1.310511933974204846e+00,-4.384300699676423885e-01,5.077335600898811706e-04,5.505709794038791125e-18,2.885110365898714658e-17,1.437743341156818723e-17,1.999999999999999001e-01,2.000000000000000666e-01,3.136734444722608531e-17,5.999999999999999778e-01,4.858248108147905492e-17,3.076579210544421541e-16,2.310640577868660987e-17,1.999999999999998723e-01,-2.000000000000000111e-01,1.421772212122441505e-17,6.000000000000001998e-01,-6.326572895236163945e-17,-1.721549269694699857e-17,-1.830222255546889583e-16
5.260000,7.627849425337782097e-02,0.000000000000000000e+00,7.427882908334025869e-01,1.000000000000000000e+00,0.000000000000000000e+00,0.000000000000000000e+00,0.000000000000000000e+00,-3.649223340488601530e-01,-9.662035784244240455e-06,-5.607222751395412681e-07,1.021903804665632132e+00,-3.933873601285187704e-01,1.272900391518876672e-05,-8.593749378540678219e-01,8.246280813304403138e-04,-7.998850909189684968e-04,1.294925108847856166e+00,-4.425627148963684476e-01,4.938052501203504764e-04,-1.182738075487970761e-17,-7.525119294611678902e-17,2.250406287736861239e-18,1.999999999999998723e-01,1.999999999999999556e-01,-1.140814676963978471e-17,6.000000000000004219e-01,1.503474240111215266e-16,-8.721701428745168466e-17,1.741511705920228197e-16,2.000000000000004552e-01,-2.000000000000000666e-01,5.036086515978250524e-17,5.999999999999989786e-01,2.446214844745005278e-17,6.936436161328923227e-16,-7.759556334276795329e-17
5.270000,7.303958102285247611e-02,0.000000000000000000e+00,7.434946289131001418e-01,1.000000000000000000e+00,0.000000000000000000e+00,0.000000000000000000e+00,0.000000000000000000e+00,-3.648743650930870719e-01,-9.340917217222922863e-06,-6.047542424521804336e-07,1.011139691092158843e+00,-3.937060087752364823e-01,1.225924510298806542e-05,-8.394946432441726669e-01,8.027450762678479393e-04,-7.461046296175945355e-04,1.278755735659445891e+00,-4.462311398728498468e-01,4.796612418263865394e-04,1.893315747877427240e-17,1.239534731714231956e-16,-1.414031063923098890e-17,2.000000000000008993e-01,2.000000000000001221e-01,-6.823542629830079272e-17,5.999999999999975353e-01,-7.783911399780414698e-17,1.694489946166365419e-15,-1.052231588029829899e-16,2.000000000000002054e-01,-2.000000000000001499e-01,3.421933496845912315e-18,5.999999999999994227e-01,-4.927063628288962642e-17,5.238723193614947479e-16,-1.685796899616150900e-16
5.280000,6.980523411543743117e-02,0.000000000000000000e+00,7.441980076117735710e-01,1.000000000000000000e+00,0.000000000000000000e+00,0.000000000000000000e+00,0.000000000000000000e+00,-3.646924096240701796e-01,-9.018495186660640208e-06,-6.397579086094163703e-07,1.000156883811084585e+00,-3.939399244104022091e-01,1.179378324613253361e-05,-8.194944092036329231e-01,7.792911685168989926e-04,-6.936479656861651829e-04,1.261995229090014270e+00,-4.494283115561423236e-01,4.652570998330396836e-04,1.431402224308511319e-17,9.646869185631867089e-17,1.548296038682413659e-17,2.000000000000007327e-01,2.000000000000002331e-01,1.263072782796782414e-18,5.999999999999976463e-01,-1.212498153506299683e-16,1.734599072267896802e-15,-1.719900250694869170e-16,1.999999999999995393e-01,-2.000000000000000389e-01,-4.034554976168331963e-17,6.000000000000008660e-01,-6.421596859326225947e-17,-2.642284306205052113e-16,-1.722173081273857939e-16
5.290000,6.657554993335694504e-02,0.000000000000000000e+00,7.448987071318311504e-01,1.000000000000000000e+00,0.000000000000000000e+00,0.000000000000000000e+00,0.000000000000000000e+00,-3.643730499238710951e-01,-8.695036023362790660e-06,-6.655841428089699320e-07,9.889486714706651194e-01,-3.940858112077849085e-01,1.133271300930769913e-05,-7.993718699912109038e-01,7.543261655603001031e-04,-6.425990524147184987e-04,1.244633961554188595e+00,-4.521469598306471771e-01,4.505497166677816640e-04,-3.664883332875587126e-18,6.105953756044625450e-18,1.689383651893128748e-17,2.000000000000003164e-01,2.000000000000001221e-01,-1.990785420382008088e-17,5.999999999999982014e-01,-2.176120111809946218e-17,1.496234801179555689e-15,1.456341831465989603e-17,1.999999999999995948e-01,-2.000000000000000944e-01,-6.229208042931767103e-17,6.000000000000009770e-01,-3.159047649651390490e-17,-4.805622616619855169e-16,-4.553637665959387094e-17
5.300000,6.335062487883437454e-02,0.000000000000000000e+00,7.455970076756812670e-01,1.000000000000000000e+00,0.000000000000000000e+00,0.000000000000000000e+00,0.000000000000000000e+00,-3.639126716618789059e-01,-8.370823088716397036e-06,-6.820793242836435540e-07,9.775079161714352871e-01,-3.941401431413882883e-01,1.087614099333833618e-05,-7.791237949274348873e-01,7.279139912821335889e-04,-5.930379163522809822e-04,1.226661117589856298e+00,-4.543794911088449573e-01,4.354972563816994209e-04,-9.938478133524277650e-18,-5.589998652384324802e-17,-1.703351015000911725e-18,2.000000000000004274e-01,2.000000000000001499e-01,-3.377030148577644166e-17,5.999999999999980904e-01,1.218527069063345695e-17,1.621908526651369303e-15,5.182780553093134755e-17,2.000000000000000666e-01,-2.000000000000001221e-01,-7.075811573062506989e-18,5.999999999999996447e-01,4.965623114609330291e-17,3.918466804125470904e-16,5.391787558390375808e-17
5.310000,6.013055535409341651e-02,0.000000000000000000e+00,7.462931894457327520e-01,1.000000000000000000e+00,0.000000000000000000e+00,0.000000000000000000e+00,0.000000000000000000e+00,-3.633074451423023987e-01,-8.046158681017494274e-06,-6.890848906616164067e-07,9.658270136361658542e-01,-3.940991428691977827e-01,1.042418751262686927e-05,-7.587460208959502239e-01,7.001224264079923196e-04,-5.450406360366794869e-04,1.208064528738647780e+00,-4.561178905736879563e-01,4.200590988265903280e-04,-1.275982306134261750e-18,-3.992969562302923620e-18,2.256287448737618833e-17,2.000000000000000666e-01,2.000000000000001776e-01,3.661023799233576279e-17,5.999999999999989786e-01,-2.523947853601272764e-17,1.118860740264007750e-15,-4.508696442427482287e-17,1.999999999999995670e-01,-2.000000000000000944e-01,-5.386780919173179203e-17,6.000000000000008660e-01,-1.441109715558198138e-17,-3.494921330224578402e-16,7.132161163215165915e-18
5.320000,5.691543776135744859e-02,0.000000000000000000e+00,7.469875326443939922e-01,1.000000000000000000e+00,0.000000000000000000e+00,0.000000000000000000e+00,0.000000000000000000e+00,-3.625533042992371557e-01,-7.721366237712749971e-06,-6.864368248756997892e-07,9.538978486221445507e-01,-3.939587581049610598e-01,9.976988663776157888e-06,-7.382333744731310876e-01,6.710228562092786751e-04,-4.986793404661961707e-04,1.188830485165692341e+00,-4.573536114993304036e-01,4.041957841439124425e-04,-9.691064889750282985e-18,-5.978268107510869180e-17,1.083375040125804359e-17,1.999999999999999001e-01,2.000000000000000944e-01,1.664547609421034137e-17,5.999999999999995337e-01,6.531302113561015810e-17,6.879510343656586816e-16,8.351832962269320731e-17,1.999999999999998168e-01,-2.000000000000001221e-01,-3.632730750780097872e-17,6.000000000000003109e-01,2.465831184777574933e-17,-9.636571358056757585e-18,5.213776475609854642e-17
5.330000,5.370536850285070885e-02,0.000000000000000000e+00,7.476803174740733748e-01,1.000000000000000000e+00,0.000000000000000000e+00,0.000000000000000000e+00,0.000000000000000000e+00,-3.616459231056716739e-01,-7.396792889356791447e-06,-6.739650707231532697e-07,9.417117448689330539e-01,-3.937146351034063185e-01,9.534698741758888097e-06,-7.175795813818266478e-01,6.406900277176684044e-04,-4.540222277057482975e-04,1.168943519394248343e+00,-4.580774493217628640e-01,3.878689569472045092e-04,6.964698980539619709e-18,4.834750597799294973e-17,-2.655759041107820012e-20,2.000000000000003997e-01,2.000000000000001499e-01,-9.607004982483316309e-18,5.999999999999983125e-01,-3.950267412063782862e-17,1.368093869869331900e-15,-4.578215806339021708e-17,1.999999999999997613e-01,-2.000000000000000111e-01,1.206234497163960201e-17,6.000000000000006439e-01,-9.377675485369683087e-17,-3.083230577073899942e-16,-1.331435318517410132e-16
5.340000,5.050044398079659574e-02,0.000000000000000000e+00,7.483718241371793978e-01,1.000000000000000000e+00,0.000000000000000000e+00,0.000000000000000000e+00,0.000000000000000000e+00,-3.605806890033412260e-01,-7.072812433877030580e-06,-6.514928649021458662e-07,9.292594087487346943e-01,-3.933620888174393926e-01,9.097493073281236433e-06,-6.967771604479965353e-01,6.092018187464373711e-04,-4.111336041716043971e-04,1.148386156424322513e+00,-4.582793975389659602e-01,3.710413095799519655e-04,-1.180713091392864044e-17,-7.902453049341574333e-17,2.705101522208088852e-18,2.000000000000001776e-01,2.000000000000000666e-01,-3.107075125951274949e-17,5.999999999999992006e-01,8.419122574336051230e-17,8.656671412619539497e-16,1.094862967508227488e-16,2.000000000000000944e-01,-2.000000000000000666e-01,3.530607480402022725e-17,5.999999999999995337e-01,8.180088813422950576e-18,4.134960387586554679e-16,-1.256049571876414079e-17
5.350000,4.730076059741875061e-02,0.000000000000000000e+00,7.490623328361206701e-01,1.000000000000000000e+00,0.000000000000000000e+00,0.000000000000000000e+00,0.000000000000000000e+00,-3.593526728884924859e-01,-6.749828815166318487e-06,-6.188359711893299135e-07,9.165308656342745497e-01,-3.928960692050318393e-01,8.665571352827145394e-06,-6.758172985778362341e-01,5.766390211316178242e-04,-3.700739453791361999e-04,1.127138623091384684e+00,-4.579484817648092898e-01,3.536765236923235895e-04,-9.204068613108364347e-18,-4.533663532667644305e-17,3.090230151581482234e-17,1.999999999999993172e-01,1.999999999999999556e-01,3.565328565703703796e-17,6.000000000000008660e-01,8.933966338022893215e-17,-1.254316030602722432e-16,1.072188864756447732e-16,1.999999999999995948e-01,-2.000000000000000666e-01,-4.917677105434149277e-17,6.000000000000008660e-01,-1.458318619730972499e-17,-4.292541214886001721e-16,-2.395145185034512944e-19
5.360000,4.410641475494059272e-02,0.000000000000000000e+00,7.497521237733058008e-01,1.000000000000000000e+00,0.000000000000000000e+00,0.000000000000000000e+00,0.000000000000000000e+00,-3.579565951014263003e-01,-6.428280209918693236e-06,-5.758017993812335637e-07,9.035153878142706541e-01,-3.923111230653781867e-01,8.239161587484854709e-06,-6.546897024206244087e-01,5.430851408155071584e-04,-3.308999792909660858e-04,1.105178507702361035e+00,-4.570725672895157854e-01,3.357392091843324996e-04,4.531758613950927204e-18,2.824127939999726562e-17,1.103117237593925571e-17,1.999999999999997058e-01,2.000000000000000111e-01,1.396034954640911006e-17,6.000000000000003109e-01,7.628081050401796788e-17,1.033396671330635978e-16,5.252844783527144603e-17,1.999999999999995115e-01,-2.000000000000000111e-01,-2.496705843478084114e-17,6.000000000000013101e-01,-9.545183424311012879e-17,-6.962814845506487304e-16,-1.123606478289863274e-16
5.370000,4.091750285558633238e-02,0.000000000000000000e+00,7.504414771511429549e-01,1.000000000000000000e+00,0.000000000000000000e+00,0.000000000000000000e+00,0.000000000000000000e+00,-3.563867867613914053e-01,-6.108643851932364938e-06,-5.221883878757381177e-07,8.902014125613326723e-01,-3.916013506642559983e-01,7.818524782928579439e-06,-6.333824212745688964e-01,5.086262177294143373e-04,-2.936647938926282447e-04,1.082480358625273142e+00,-4.556381342398913015e-01,3.171948392944968294e-04,6.656782902402093857e-18,4.000913462686351386e-17,-1.238465499812420323e-17,2.000000000000003719e-01,2.000000000000000111e-01,-6.353746952896376285e-17,5.999999999999988676e-01,3.492759927408540225e-17,9.026105064461822085e-16,4.961801016844107516e-17,1.999999999999998168e-01,-2.000000000000000666e-01,-6.391753545977411758e-18,6.000000000000006439e-01,-9.422890182369174006e-17,-2.791295360719668598e-16,-1.360303562647637030e-16
5.380000,3.773412130157936806e-02,0.000000000000000000e+00,7.511306731720409635e-01,1.000000000000000000e+00,0.000000000000000000e+00,0.000000000000000000e+00,0.000000000000000000e+00,-3.546371456582149695e-01,-5.791441755542537411e-06,-4.577832241030244146e-07,8.765764486811571388e-01,-3.907603562618778836e-01,7.403960536660491475e-06,-6.118816343404255287e-01,4.733506689475576522e-04,-2.584179712985587704e-04,1.059015207418215532e+00,-4.536300127848642005e-01,2.980096802294903151e-04,-5.944064162957075337e-18,-4.156693564986064947e-17,2.339232512522393114e-17,1.999999999999995948e-01,1.999999999999999833e-01,2.629939346680177156e-17,6.000000000000008660e-01,1.237194645854448325e-16,-2.891982759481433216e-16,1.105424774045064303e-16,1.999999999999994282e-01,-1.999999999999999556e-01,5.826806293279435412e-18,6.000000000000015321e-01,-1.178442986330244982e-16,-8.051989335427340383e-16,-1.539563133604913138e-16
5.390000,3.455636649514336883e-02,0.000000000000000000e+00,7.518199920384081025e-01,1.000000000000000000e+00,0.000000000000000000e+00,0.000000000000000000e+00,0.000000000000000000e+00,-3.527010857518663722e-01,-5.477247541870445177e-06,-3.823618710279112194e-07,8.626269695324001452e-01,-3.897811914760571650e-01,6.995813748458651723e-06,-5.901713935066078554e-01,4.373491593466030409e-04,-2.252057516052612877e-04,1.034749998000592974e+00,-4.510310686566431082e-01,2.781507131914066596e-04,-2.448006304280084479e-18,-1.692878321114040183e-17,1.216688024778891721e-18,1.999999999999997335e-01,2.000000000000000111e-01,7.567447666602633973e-18,6.000000000000003109e-01,1.186135940559783018e-16,3.553365615968517857e-17,1.067742582126891545e-16,1.999999999999995115e-01,-2.000000000000000111e-01,6.127144919107597298e-18,6.000000000000009770e-01,-7.348074124233579971e-17,-4.289767875918432370e-16,-8.376612979452231609e-17
5.400000,3.138433483850172623e-02,0.000000000000000000e+00,7.525097139526529810e-01,1.000000000000000000e+00,0.000000000000000000e+00,0.000000000000000000e+00,0.000000000000000000e+00,-3.505714791329651026e-01,-5.166694625260441773e-06,-2.956863611332687270e-07,8.483382900865087395e-01,-3.886562901900946221e-01,6.594482713872125876e-06,-5.682333102851313544e-01,4.007145051272698044e-04,-1.940712309521967717e-04,1.009646897924976194e+00,-4.478218263581301706e-01,2.575855458815330722e-04,1.160618533041911284e-18,1.241937444585686272e-17,-2.869101489132376039e-17,2.000000000000005662e-01,2.000000000000001499e-01,-3.605034620502707760e-17,5.999999999999982014e-01,-3.145536296764194040e-19,1.374630010687330772e-15,-3.055653326932118367e-17,2.000000000000002609e-01,-2.000000000000000389e-01,1.054275810246715568e-16,5.999999999999993117e-01,-7.548520599996386306e-17,5.574462200408739465e-16,-1.318703233347140884e-16
5.410000,2.821812273387867137e-02,0.000000000000000000e+00,7.532001191171839860e-01,1.000000000000000000e+00,0.000000000000000000e+00,0.000000000000000000e+00,0.000000000000000000e+00,-3.482405890509709945e-01,-4.860486090094365856e-06,-1.975033086570934824e-07,8.336944250747636564e-01,-3.873773934370314809e-01,6.200428943145691810e-06,-5.460461720614931957e-01,3.635416171906749182e-04,-1.650545999415049857e-04,9.836624604755307422e-01,-4.439800135225607236e-01,2.362823094354351324e-04,2.065852545937833777e-19,8.226402199300640376e-18,7.844975543241376500e-18,2.000000000000001221e-01,2.000000000000001221e-01,-1.226618467702824120e-17,5.999999999999989786e-01,1.643859657585969719e-17,1.037160109815995093e-15,-1.848407086821615934e-17,1.999999999999997891e-01,-1.999999999999999556e-01,9.225405998606975562e-17,6.000000000000000888e-01,-9.562967303496025203e-17,3.057379193677227523e-17,-1.655170986460272504e-16
5.420000,2.505782658349758538e-02,0.000000000000000000e+00,7.538914877344098375e-01,1.000000000000000000e+00,0.000000000000000000e+00,0.000000000000000000e+00,0.000000000000000000e+00,-3.456999923089428273e-01,-4.559406680389549191e-06,-8.754168036892904613e-08,8.186779246171752566e-01,-3.859354623444927745e-01,5.814189144212178118e-06,-5.235854681162430690e-01,3.259274937596427627e-04,-1.381934308879757139e-04,9.567465963426349251e-01,-4.394800045779945763e-01,2.142095350886155148e-04,-1.281256889101316252e-17,-9.293677383688503075e-17,7.421538621806590878e-18,1.999999999999997891e-01,1.999999999999999833e-01,1.052107347972396212e-17,6.000000000000001998e-01,1.218254490234184804e-16,2.289137435833779066e-17,1.666511897474149117e-16,2.000000000000001499e-01,-1.999999999999999278e-01,1.462638493680689264e-16,5.999999999999994227e-01,-4.628522441641781630e-17,5.140116543640731348e-16,-1.139021932034554578e-16
5.430000,2.190354278958217896e-02,0.000000000000000000e+00,7.545841000067389226e-01,1.000000000000000000e+00,0.000000000000000000e+00,0.000000000000000000e+00,0.000000000000000000e+00,-3.429404889370306075e-01,-4.264337451736548080e-06,3.448985174765263813e-08,8.032696829080532286e-01,-3.843205767876242129e-01,5.436389942319486738e-06,-5.008227994026877017e-01,2.879712751721550659e-04,-1.135230255829499605e-04,9.288412999044995955e-01,-4.342921345598213523e-01,1.913360024017288935e-04,3.315465450675613408e-18,1.554871551277920970e-17,2.501644416566198775e-17,1.999999999999996503e-01,1.999999999999999278e-01,3.178004590681096867e-17,6.000000000000009770e-01,1.192981469541400784e-16,-6.165214620171887669e-16,1.166187829308481740e-16,1.999999999999995670e-01,-1.999999999999998723e-01,8.304401827835032552e-17,6.000000000000011990e-01,-1.484187777009713648e-16,-6.861379278681688009e-16,-2.077480748994137264e-16
5.440000,1.875536775435576384e-02,0.000000000000000000e+00,7.552782361365796282e-01,1.000000000000000000e+00,0.000000000000000000e+00,0.000000000000000000e+00,0.000000000000000000e+00,-3.399519965683199252e-01,-3.976273802062472059e-06,1.689060714623318478e-07,7.874487144972609487e-01,-3.825218168454929124e-01,5.067766084218189968e-06,-4.777251370635796079e-01,2.497743790521609946e-04,-9.107683975368762797e-05,8.998790560756391166e-01,-4.283818437466819229e-01,1.676305471266245975e-04,1.875908822874535294e-18,2.773217349695125683e-17,-1.651048611799332985e-17,2.000000000000000944e-01,2.000000000000000111e-01,-1.201440897585547913e-18,5.999999999999992006e-01,3.391511810748587861e-17,5.321501529967280133e-16,7.757324154547988658e-17,2.000000000000000389e-01,-1.999999999999999001e-01,1.041019683226541866e-16,5.999999999999999778e-01,-9.670088896589031137e-17,-3.462870860871014896e-17,-2.265505883872162762e-16
5.450000,1.561339788004265962e-02,0.000000000000000000e+00,7.559741763263405634e-01,1.000000000000000000e+00,0.000000000000000000e+00,0.000000000000000000e+00,0.000000000000000000e+00,-3.367234263201197009e-01,-3.696347827986180595e-06,3.160490160129316041e-07,7.711918913904962647e-01,-3.805271234544477243e-01,4.709183117865395996e-06,-4.542538820156748480e-01,2.114407420638354232e-04,-7.088700678196127808e-05,8.697808268785939267e-01,-4.217085994914132052e-01,1.430618109974895601e-04,-4.860500159548284869e-18,-2.734313169156133055e-17,6.169011918820458548e-18,1.999999999999998446e-01,1.999999999999999001e-01,-2.096170749146872212e-17,6.000000000000001998e-01,1.465857675472062298e-16,-1.393175731690579870e-16,2.255865945126274397e-16,1.999999999999999278e-01,-1.999999999999999278e-01,6.295218419765291945e-17,6.000000000000001998e-01,-5.178576679551680078e-17,-2.656448772315616513e-16,-1.575326291729380249e-16
5.460000,1.247772956886619017e-02,0.000000000000000000e+00,7.566722007784302262e-01,1.000000000000000000e+00,0.000000000000000000e+00,0.000000000000000000e+00,0.000000000000000000e+00,-3.332425361913686768e-01,-3.425856264187241980e-06,4.762925664642588934e-07,7.544736325116274678e-01,-3.783231337547411366e-01,4.361665866220211360e-06,-4.303636599527737028e-01,1.730772067948369475e-04,-5.298499241668570164e-05,8.384534788188284793e-01,-4.142245212731624493e-01,1.175979065949061273e-04,-5.784819025985746318e-18,-3.867892545052855490e-17,-1.501057283126122427e-17,2.000000000000001499e-01,1.999999999999999001e-01,-4.937641602275950003e-17,5.999999999999994227e-01,1.112121374384402496e-16,3.027972864074730107e-16,2.135857961201835489e-16,2.000000000000004274e-01,-1.999999999999999556e-01,1.116976978055807442e-16,5.999999999999988676e-01,-1.003321682201409264e-17,5.778076541398186179e-16,-1.527389882362460304e-16
5.470000,9.348459223050040179e-03,0.000000000000000000e+00,7.573725896952572256e-01,1.000000000000000000e+00,0.000000000000000000e+00,0.000000000000000000e+00,0.000000000000000000e+00,-3.294957569695259880e-01,-3.166295699288796557e-06,6.500480341554547817e-07,7.372655349127659186e-01,-3.758949854736042262e-01,4.026434475277785213e-06,-4.060007603230668671e-01,1.347941117561589710e-04,-3.740242558715073135e-05,8.057864575148948605e-01,-4.058726057583040836e-01,9.120595569515196834e-05,-4.757581453092964507e-18,-3.104504672303935579e-17,4.162062878918379012e-17,1.999999999999990397e-01,1.999999999999998446e-01,9.572500667883801756e-17,6.000000000000023093e-01,1.687247331661131073e-16,-1.670932116119028314e-15,2.048576722166100421e-16,1.999999999999995670e-01,-1.999999999999997613e-01,6.952255992245384021e-17,6.000000000000014211e-01,-1.421943608239640106e-16,-1.146109617733785112e-15,-2.837937542967620445e-16
5.480000,6.225683244817621989e-03,0.000000000000000000e+00,7.580756232792298377e-01,1.000000000000000000e+00,0.000000000000000000e+00,0.000000000000000000e+00,0.000000000000000000e+00,-3.254679843280007812e-01,-2.919407365741029617e-06,8.377710056363743806e-07,7.195359333344670816e-01,-3.732260831984881566e-01,3.704950455805700336e-06,-3.811010905310578400e-01,9.670617383078119577e-05,-2.417217017800048749e-05,7.716474370317795151e-01,-3.965844062770410572e-01,6.385143518799633921e-05,3.590968026572321048e-18,2.599618208155996222e-17,8.678219921850181745e-18,1.999999999999993172e-01,1.999999999999999278e-01,9.364736254895878821e-17,6.000000000000016431e-01,9.798764351216907040e-17,-1.112375698125208287e-15,9.208183255176931717e-17,1.999999999999995115e-01,-1.999999999999998723e-01,4.188655655094977474e-18,6.000000000000014211e-01,-9.970555275448698077e-17,-1.145450093147173686e-15,-1.979112762678936454e-16
5.490000,3.109498036393142876e-03,0.000000000000000000e+00,7.587815817327567824e-01,1.000000000000000000e+00,0.000000000000000000e+00,0.000000000000000000e+00,0.000000000000000000e+00,-3.211423290948984821e-01,-2.687234662868584886e-06,1.039969791591484798e-06,7.012493711119179851e-01,-3.702978174613268392e-01,3.398976052544373185e-06,-3.555874624384018357e-01,5.893380436958972027e-05,-1.332973218180653820e-05,7.358765566297267302e-01,-3.862769593828905279e-01,3.549722339839823926e-05,1.228631941093371455e-19,-1.164105741881866048e-17,-1.428933124510964832e-17,1.999999999999997058e-01,1.999999999999999278e-01,4.101836843147286539e-17,6.000000000000008660e-01,1.239035965947798875e-16,-6.487160406190693842e-16,1.549151433579881432e-16,1.999999999999998446e-01,-1.999999999999999001e-01,4.755759909733737070e-17,6.000000000000001998e-01,-4.767997608790031001e-17,-2.599303097092310065e-16,-1.800306995476995849e-16
5.500000,0.000000000000000000e+00,0.000000000000000000e+00,7.594907452582463359e-01,1.000000000000000000e+00,0.000000000000000000e+00,0.000000000000000000e+00,0.000000000000000000e+00,-3.164998154638350991e-01,-2.472197802977574796e-06,1.257215934003890209e-06,6.823659607344477740e-01,-3.670892250375114574e-01,3.110651581708461893e-06,-3.293659498462748747e-01,2.160508842508850042e-05,-4.915141281023241624e-06,6.982786916061856086e-01,-3.748486614145193352e-01,6.102167683615568886e-06,2.376949557436649495e-18,1.347070430927499314e-17,-1.165657474493693476e-17,1.999999999999999278e-01,1.999999999999999278e-01,6.292422219524604605e-18,6.000000000000001998e-01,9.470075277416698369e-17,-2.873475772834610021e-16,1.316728104680748727e-16,2.000000000000000111e-01,-1.999999999999998723e-01,8.790772123308576089e-17,5.999999999999999778e-01,-8.258441978599196699e-17,-9.970120241120054433e-17,-2.436682898109022368e-16
5.510000,-1.242966613573883458e-04,0.000000000000000000e+00,7.595191914843949510e-01,1.000000000000000000e+00,0.000000000000000000e+00,0.000000000000000000e+00,0.000000000000000000e+00,-3.164998154638350991e-01,-2.472197802977574796e-06,1.257215934003890209e-06,6.823659607344477740e-01,-3.670892250375114574e-01,3.110651581708461893e-06,-3.293659498462748747e-01,2.160508842508850042e-05,-4.915141281023241624e-06,6.982786916061856086e-01,-3.748486614145193352e-01,6.102167683615568886e-06,2.376949557436649495e-18,1.347070430927499314e-17,-1.165657474493693476e-17,1.999999999999999278e-01,1.999999999999999278e-01,6.292422219524604605e-18,6.000000000000001998e-01,9.470075277416698369e-17,-2.873475772834610021e-16,1.316728104680748727e-16,2.000000000000000111e-01,-1.999999999999998723e-01,8.790772123308576089e-17,5.999999999999999778e-01,-8.258441978599196699e-17,-9.970120241120054433e-17,-2.436682898109022368e-16
5.520000,-2.385501938920641318e-04,0.000000000000000000e+00,7.595453392649489377e-01,1.000000000000000000e+00,0.000000000000000000e+00,0.000000000000000000e+00,0.000000000000000000e+00,-3.164998154638350991e-01,-2.472197802977574796e-06,1.257215934003890209e-06,6.823659607344477740e-01,-3.670892250375114574e-01,3.110651581708461893e-06,-3.293659498462748747e-01,2.160508842508850042e-05,-4.915141281023241624e-06,6.982786916061856086e-01,-3.748486614145193352e-01,6.102167683615568886e-06,2.376949557436649495e-18,1.347070430927499314e-17,-1.165657474493693476e-17,1.999999999999999278e-01,1.999999999999999278e-01,6.292422219524604605e-18,6.000000000000001998e-01,9.470075277416698369e-17,-2.873475772834610021e-16,1.316728104680748727e-16,2.000000000000000111e-01,-1.999999999999998723e-01,8.790772123308576089e-17,5.999999999999999778e-01,-8.258441978599196699e-17,-9.970120241120054433e-17,-2.436682898109022368e-16
5.530000,-3.430712098356664976e-04,0.000000000000000000e+00,7.595692596858544254e-01,1.000000000000000000e+00,0.000000000000000000e+00,0.000000000000000000e+00,0.000000000000000000e+00,-3.164998154638350991e-01,-2.472197802977574796e-06,1.257215934003890209e-06,6.823659607344477740e-01,-3.670892250375114574e-01,3.110651581708461893e-06,-3.293659498462748747e-01,2.160508842508850042e-05,-4.915141281023241624e-06,6.982786916061856086e-01,-3.748486614145193352e-01,6.102167683615568886e-06,2.376949557436649495e-18,1.347070430927499314e-17,-1.165657474493693476e-17,1.999999999999999278e-01,1.999999999999999278e-01,6.292422219524604605e-18,6.000000000000001998e-01,9.470075277416698369e-17,-2.873475772834610021e-16,1.316728104680748727e-16,2.000000000000000111e-01,-1.999999999999998723e-01,8.790772123308576089e-17,5.999999999999999778e-01,-8.258441978599196699e-17,-9.970120241120054433e-17,-2.436682898109022368e-16
5.540000,-4.381703214198072612e-04,0.000000000000000000e+00,7.595910238330577657e-01,1.000000000000000000e+00,0.000000000000000000e+00,0.000000000000000000e+00,0.000000000000000000e+00,-3.164998154638350991e-01,-2.472197802977574796e-06,1.257215934003890209e-06,6.823659607344477740e-01,-3.670892250375114574e-01,3.110651581708461893e-06,-3.293659498462748747e-01,2.160508842508850042e-05,-4.915141281023241624e-06,6.982786916061856086e-01,-3.748486614145193352e-01,6.102167683615568886e-06,2.376949557436649495e-18,1.347070430927499314e-17,-1.165657474493693476e-17,1.999999999999999278e-01,1.999999999999999278e-01,6.292422219524604605e-18,6.000000000000001998e-01,9.470075277416698369e-17,-2.873475772834610021e-16,1.316728104680748727e-16,2.000000000000000111e-01,-1.999999999999998723e-01,8.790772123308576089e-17,5.999999999999999778e-01,-8.258441978599196699e-17,-9.970120241120054433e-17,-2.436682898109022368e-16
5.550000,-5.241581408761263484e-04,0.000000000000000000e+00,7.596107027925050881e-01,1.000000000000000000e+00,0.000000000000000000e+00,0.000000000000000000e+00,0.000000000000000000e+00,-3.164998154638350991e-01,-2.472197802977574796e-06,1.257215934003890209e-06,6.823659607344477740e-01,-3.670892250375114574e-01,3.110651581708461893e-06,-3.293659498462748747e-01,2.160508842508850042e-05,-4.915141281023241624e-06,6.982786916061856086e-01,-3.748486614145193352e-01,6.102167683615568886e-06,2.376949557436649495e-18,1.347070430927499314e-17,-1.165657474493693476e-17,1.999999999999999278e-01,1.999999999999999278e-01,6.292422219524604605e-18,6.000000000000001998e-01,9.470075277416698369e-17,-2.873475772834610021e-16,1.316728104680748727e-16,2.000000000000000111e-01,-1.999999999999998723e-01,8.790772123308576089e-17,5.999999999999999778e-01,-8.258441978599196699e-17,-9.970120241120054433e-17,-2.436682898109022368e-16
5.560000,-6.013452804362539542e-04,0.000000000000000000e+00,7.596283676501425219e-01,1.000000000000000000e+00,0.000000000000000000e+00,0.000000000000000000e+00,0.000000000000000000e+00,-3.141580025388850950e-01,-1.876237529529261345e-06,8.482370736769998718e-07,6.731926900333023989e-01,-3.633810229865581110e-01,2.348085087840258613e-06,-3.160131175532558956e-01,3.200322804540703284e-06,4.549774299191688731e-07,6.776731535582360966e-01,-3.676063720560586168e-01,2.075532833310576679e-05,5.296906874367147337e-18,3.189168243996872474e-17,-1.383260433164370916e-18,2.000000000000000111e-01,1.999999999999998723e-01,-2.727949247853239090e-17,6.000000000000000888e-01,1.207380277188454726e-16,-2.896804259362711793e-16,1.844304069991109901e-16,1.999999999999998168e-01,-1.999999999999997891e-01,1.104619411794149521e-16,6.000000000000005329e-01,-1.517934471750330818e-16,-4.901419437143422624e-16,-3.327931466831068784e-16
5.570000,-6.700423523318260743e-04,0.000000000000000000e+00,7.596440894919165299e-01,1.000000000000000000e+00,0.000000000000000000e+00,0.000000000000000000e+00,0.000000000000000000e+00,-3.141580025388850950e-01,-1.876237529529261345e-06,8.482370736769998718e-07,6.731926900333023989e-01,-3.633810229865581110e-01,2.348085087840258613e-06,-3.160131175532558956e-01,3.200322804540703284e-06,4.549774299191688731e-07,6.776731535582360966e-01,-3.676063720560586168e-01,2.075532833310576679e-05,5.296906874367147337e-18,3.189168243996872474e-17,-1.383260433164370916e-18,2.000000000000000111e-01,1.999999999999998723e-01,-2.727949247853239090e-17,6.000000000000000888e-01,1.207380277188454726e-16,-2.896804259362711793e-16,1.844304069991109901e-16,1.999999999999998168e-01,-1.999999999999997891e-01,1.104619411794149521e-16,6.000000000000005329e-01,-1.517934471750330818e-16,-4.901419437143422624e-16,-3.327931466831068784e-16
5.580000,-7.305599687944609776e-04,0.000000000000000000e+00,7.596579394037731303e-01,1.000000000000000000e+00,0.000000000000000000e+00,0.000000000000000000e+00,0.000000000000000000e+00,-3.141580025388850950e-01,-1.876237529529261345e-06,8.482370736769998718e-07,6.731926900333023989e-01,-3.633810229865581110e-01,2.348085087840258613e-06,-3.160131175532558956e-01,3.200322804540703284e-06,4.549774299191688731e-07,6.776731535582360966e-01,-3.676063720560586168e-01,2.075532833310576679e-05,5.296906874367147337e-18,3.189168243996872474e-17,-1.383260433164370916e-18,2.000000000000000111e-01,1.999999999999998723e-01,-2.727949247853239090e-17,6.000000000000000888e-01,1.207380277188454726e-16,-2.896804259362711793e-16,1.844304069991109901e-16,1.999999999999998168e-01,-1.999999999999997891e-01,1.104619411794149521e-16,6.000000000000005329e-01,-1.517934471750330818e-16,-4.901419437143422624e-16,-3.327931466831068784e-16
5.590000,-7.832087420557955811e-04,0.000000000000000000e+00,7.596699884716586748e-01,1.000000000000000000e+00,0.000000000000000000e+00,0.000000000000000000e+00,0.000000000000000000e+00,-3.141580025388850950e-01,-1.876237529529261345e-06,8.482370736769998718e-07,6.731926900333023989e-01,-3.633810229865581110e-01,2.348085087840258613e-06,-3.160131175532558956e-01,3.200322804540703284e-06,4.549774299191688731e-07,6.776731535582360966e-01,-3.676063720560586168e-01,2.075532833310576679e-05,5.296906874367147337e-18,3.189168243996872474e-17,-1.383260433164370916e-18,2.000000000000000111e-01,1.999999999999998723e-01,-2.727949247853239090e-17,6.000000000000000888e-01,1.207380277188454726e-16,-2.896804259362711793e-16,1.844304069991109901e-16,1.999999999999998168e-01,-1.999999999999997891e-01,1.104619411794149521e-16,6.000000000000005329e-01,-1.517934471750330818e-16,-4.901419437143422624e-16,-3.327931466831068784e-16
5.600000,-8.282992843474597548e-04,0.000000000000000000e+00,7.596803077815194039e-01,1.000000000000000000e+00,0.000000000000000000e+00,0.000000000000000000e+00,0.000000000000000000e+00,-3.141580025388850950e-01,-1.876237529529261345e-06,8.482370736769998718e-07,6.731926900333023989e-01,-3.633810229865581110e-01,2.348085087840258613e-06,-3.160131175532558956e-01,3.200322804540703284e-06,4.549774299191688731e-07,6.776731535582360966e-01,-3.676063720560586168e-01,2.075532833310576679e-05,5.296906874367147337e-18,3.189168243996872474e-17,-1.383260433164370916e-18,2.000000000000000111e-01,1.999999999999998723e-01,-2.727949247853239090e-17,6.000000000000000888e-01,1.207380277188454726e-16,-2.896804259362711793e-16,1.844304069991109901e-16,1.999999999999998168e-01,-1.999999999999997891e-01,1.104619411794149521e-16,6.000000000000005329e-01,-1.517934471750330818e-16,-4.901419437143422624e-16,-3.327931466831068784e-16
5.610000,-8.661422079010868379e-04,0.000000000000000000e+00,7.596889684193013359e-01,1.000000000000000000e+00,0.000000000000000000e+00,0.000000000000000000e+00,0.000000000000000000e+00,-3.141580025388850950e-01,-1.876237529529261345e-06,8.482370736769998718e-07,6.731926900333023989e-01,-3.633810229865581110e-01,2.348085087840258613e-06,-3.160131175532558956e-01,3.200322804540703284e-06,4.549774299191688731e-07,6.776731535582360966e-01,-3.676063720560586168e-01,2.075532833310576679e-05,5.296906874367147337e-18,3.189168243996872474e-17,-1.383260433164370916e-18,2.000000000000000111e-01,1.999999999999998723e-01,-2.727949247853239090e-17,6.000000000000000888e-01,1.207380277188454726e-16,-2.896804259362711793e-16,1.844304069991109901e-16,1.999999999999998168e-01,-1.999999999999997891e-01,1.104619411794149521e-16,6.000000000000005329e-01,-1.517934471750330818e-16,-4.901419437143422624e-16,-3.327931466831068784e-16
5.620000,-8.970481249483007371e-04,0.000000000000000000e+00,7.596960414709510445e-01,1.000000000000000000e+00,0.000000000000000000e+00,0.000000000000000000e+00,0.000000000000000000e+00,-3.141580025388850950e-01,-1.876237529529261345e-06,8.482370736769998718e-07,6.731926900333023989e-01,-3.633810229865581110e-01,2.348085087840258613e-06,-3.160131175532558956e-01,3.200322804540703284e-06,4.549774299191688731e-07,6.776731535582360966e-01,-3.676063720560586168e-01,2.075532833310576679e-05,5.296906874367147337e-18,3.189168243996872474e-17,-1.383260433164370916e-18,2.000000000000000111e-01,1.999999999999998723e-01,-2.727949247853239090e-17,6.000000000000000888e-01,1.207380277188454726e-16,-2.896804259362711793e-16,1.844304069991109901e-16,1.999999999999998168e-01,-1.999999999999997891e-01,1.104619411794149521e-16,6.000000000000005329e-01,-1.517934471750330818e-16,-4.901419437143422624e-16,-3.327931466831068784e-16
5.630000,-9.213276477207351170e-04,0.000000000000000000e+00,7.597015980224144371e-01,1.000000000000000000e+00,0.000000000000000000e+00,0.000000000000000000e+00,0.000000000000000000e+00,-3.141580025388850950e-01,-1.876237529529261345e-06,8.482370736769998718e-07,6.731926900333023989e-01,-3.633810229865581110e-01,2.348085087840258613e-06,-3.160131175532558956e-01,3.200322804540703284e-06,4.549774299191688731e-07,6.776731535582360966e-01,-3.676063720560586168e-01,2.075532833310576679e-05,5.296906874367147337e-18,3.189168243996872474e-17,-1.383260433164370916e-18,2.000000000000000111e-01,1.999999999999998723e-01,-2.727949247853239090e-17,6.000000000000000888e-01,1.207380277188454726e-16,-2.896804259362711793e-16,1.844304069991109901e-16,1.999999999999998168e-01,-1.999999999999997891e-01,1.104619411794149521e-16,6.000000000000005329e-01,-1.517934471750330818e-16,-4.901419437143422624e-16,-3.327931466831068784e-16
5.640000,-9.392913884500204980e-04,0.000000000000000000e+00,7.597057091596379763e-01,1.000000000000000000e+00,0.000000000000000000e+00,0.000000000000000000e+00,0.000000000000000000e+00,-3.141580025388850950e-01,-1.876237529529261345e-06,8.482370736769998718e-07,6.731926900333023989e-01,-3.633810229865581110e-01,2.348085087840258613e-06,-3.160131175532558956e-01,3.200322804540703284e-06,4.549774299191688731e-07,6.776731535582360966e-01,-3.676063720560586168e-01,2.075532833310576679e-05,5.296906874367147337e-18,3.189168243996872474e-17,-1.383260433164370916e-18,2.000000000000000111e-01,1.999999999999998723e-01,-2.727949247853239090e-17,6.000000000000000888e-01,1.207380277188454726e-16,-2.896804259362711793e-16,1.844304069991109901e-16,1.999999999999998168e-01,-1.999999999999997891e-01,1.104619411794149521e-16,6.000000000000005329e-01,-1.517934471750330818e-16,-4.901419437143422624e-16,-3.327931466831068784e-16
5.650000,-9.512499593677877256e-04,0.000000000000000000e+00,7.597084459685676805e-01,1.000000000000000000e+00,0.000000000000000000e+00,0.000000000000000000e+00,0.000000000000000000e+00,-3.141580025388850950e-01,-1.876237529529261345e-06,8.482370736769998718e-07,6.731926900333023989e-01,-3.633810229865581110e-01,2.348085087840258613e-06,-3.160131175532558956e-01,3.200322804540703284e-06,4.549774299191688731e-07,6.776731535582360966e-01,-3.676063720560586168e-01,2.075532833310576679e-05,5.296906874367147337e-18,3.189168243996872474e-17,-1.383260433164370916e-18,2.000000000000000111e-01,1.999999999999998723e-01,-2.727949247853239090e-17,6.000000000000000888e-01,1.207380277188454726e-16,-2.896804259362711793e-16,1.844304069991109901e-16,1.999999999999998168e-01,-1.999999999999997891e-01,1.104619411794149521e-16,6.000000000000005329e-01,-1.517934471750330818e-16,-4.901419437143422624e-16,-3.327931466831068784e-16
5.660000,-9.575139727056649350e-04,0.000000000000000000e+00,7.597098795351499012e-01,1.000000000000000000e+00,0.000000000000000000e+00,0.000000000000000000e+00,0.000000000000000000e+00,-3.141580025388850950e-01,-1.876237529529261345e-06,8.482370736769998718e-07,6.731926900333023989e-01,-3.633810229865581110e-01,2.348085087840258613e-06,-3.160131175532558956e-01,3.200322804540703284e-06,4.549774299191688731e-07,6.776731535582360966e-01,-3.676063720560586168e-01,2.075532833310576679e-05,5.296906874367147337e-18,3.189168243996872474e-17,-1.383260433164370916e-18,2.000000000000000111e-01,1.999999999999998723e-01,-2.727949247853239090e-17,6.000000000000000888e-01,1.207380277188454726e-16,-2.896804259362711793e-16,1.844304069991109901e-16,1.999999999999998168e-01,-1.999999999999997891e-01,1.104619411794149521e-16,6.000000000000005329e-01,-1.517934471750330818e-16,-4.901419437143422624e-16,-3.327931466831068784e-16
5.670000,-9.583940406952842729e-04,0.000000000000000000e+00,7.597100809453308790e-01,1.000000000000000000e+00,0.000000000000000000e+00,0.000000000000000000e+00,0.000000000000000000e+00,-3.141580025388850950e-01,-1.876237529529261345e-06,8.482370736769998718e-07,6.731926900333023989e-01,-3.633810229865581110e-01,2.348085087840258613e-06,-3.160131175532558956e-01,3.200322804540703284e-06,4.549774299191688731e-07,6.776731535582360966e-01,-3.676063720560586168e-01,2.075532833310576679e-05,5.296906874367147337e-18,3.189168243996872474e-17,-1.383260433164370916e-18,2.000000000000000111e-01,1.999999999999998723e-01,-2.727949247853239090e-17,6.000000000000000888e-01,1.207380277188454726e-16,-2.896804259362711793e-16,1.844304069991109901e-16,1.999999999999998168e-01,-1.999999999999997891e-01,1.104619411794149521e-16,6.000000000000005329e-01,-1.517934471750330818e-16,-4.901419437143422624e-16,-3.327931466831068784e-16
5.680000,-9.542007755682751753e-04,0.000000000000000000e+00,7.597091212850568542e-01,1.000000000000000000e+00,0.000000000000000000e+00,0.000000000000000000e+00,0.000000000000000000e+00,-3.141580025388850950e-01,-1.876237529529261345e-06,8.482370736769998718e-07,6.731926900333023989e-01,-3.633810229865581110e-01,2.348085087840258613e-06,-3.160131175532558956e-01,3.200322804540703284e-06,4.549774299191688731e-07,6.776731535582360966e-01,-3.676063720560586168e-01,2.075532833310576679e-05,5.296906874367147337e-18,3.189168243996872474e-17,-1.383260433164370916e-18,2.000000000000000111e-01,1.999999999999998723e-01,-2.727949247853239090e-17,6.000000000000000888e-01,1.207380277188454726e-16,-2.896804259362711793e-16,1.844304069991109901e-16,1.999999999999998168e-01,-1.999999999999997891e-01,1.104619411794149521e-16,6.000000000000005329e-01,-1.517934471750330818e-16,-4.901419437143422624e-16,-3.327931466831068784e-16
5.690000,-9.452447895562679460e-04,0.000000000000000000e+00,7.597070716402739565e-01,1.000000000000000000e+00,0.000000000000000000e+00,0.000000000000000000e+00,0.000000000000000000e+00,-3.141580025388850950e-01,-1.876237529529261345e-06,8.482370736769998718e-07,6.731926900333023989e-01,-3.633810229865581110e-01,2.348085087840258613e-06,-3.160131175532558956e-01,3.200322804540703284e-06,4.549774299191688731e-07,6.776731535582360966e-01,-3.676063720560586168e-01,2.075532833310576679e-05,5.296906874367147337e-18,3.189168243996872474e-17,-1.383260433164370916e-18,2.000000000000000111e-01,1.999999999999998723e-01,-2.727949247853239090e-17,6.000000000000000888e-01,1.207380277188454726e-16,-2.896804259362711793e-16,1.844304069991109901e-16,1.999999999999998168e-01,-1.999999999999997891e-01,1.104619411794149521e-16,6.000000000000005329e-01,-1.517934471750330818e-16,-4.901419437143422624e-16,-3.327931466831068784e-16
5.700000,-9.318366948908935387e-04,0.000000000000000000e+00,7.597040030969284263e-01,1.000000000000000000e+00,0.000000000000000000e+00,0.000000000000000000e+00,0.000000000000000000e+00,-3.141580025388850950e-01,-1.876237529529261345e-06,8.482370736769998718e-07,6.731926900333023989e-01,-3.633810229865581110e-01,2.348085087840258613e-06,-3.160131175532558956e-01,3.200322804540703284e-06,4.549774299191688731e-07,6.776731535582360966e-01,-3.676063720560586168e-01,2.075532833310576679e-05,5.296906874367147337e-18,3.189168243996872474e-17,-1.383260433164370916e-18,2.000000000000000111e-01,1.999999999999998723e-01,-2.727949247853239090e-17,6.000000000000000888e-01,1.207380277188454726e-16,-2.896804259362711793e-16,1.844304069991109901e-16,1.999999999999998168e-01,-1.999999999999997891e-01,1.104619411794149521e-16,6.000000000000005329e-01,-1.517934471750330818e-16,-4.901419437143422624e-16,-3.327931466831068784e-16
5.710000,-9.142871038037817151e-04,0.000000000000000000e+00,7.596999867409666152e-01,1.000000000000000000e+00,0.000000000000000000e+00,0.000000000000000000e+00,0.000000000000000000e+00,-3.141580025388850950e-01,-1.876237529529261345e-06,8.482370736769998718e-07,6.731926900333023989e-01,-3.633810229865581110e-01,2.348085087840258613e-06,-3.160131175532558956e-01,3.200322804540703284e-06,4.549774299191688731e-07,6.776731535582360966e-01,-3.676063720560586168e-01,2.075532833310576679e-05,5.296906874367147337e-18,3.189168243996872474e-17,-1.383260433164370916e-18,2.000000000000000111e-01,1.999999999999998723e-01,-2.727949247853239090e-17,6.000000000000000888e-01,1.207380277188454726e-16,-2.896804259362711793e-16,1.844304069991109901e-16,1.999999999999998168e-01,-1.999999999999997891e-01,1.104619411794149521e-16,6.000000000000005329e-01,-1.517934471750330818e-16,-4.901419437143422624e-16,-3.327931466831068784e-16
5.720000,-8.929066285265637544e-04,0.000000000000000000e+00,7.596950936583346525e-01,1.000000000000000000e+00,0.000000000000000000e+00,0.000000000000000000e+00,0.000000000000000000e+00,-3.141580025388850950e-01,-1.876237529529261345e-06,8.482370736769998718e-07,6.731926900333023989e-01,-3.633810229865581110e-01,2.348085087840258613e-06,-3.160131175532558956e-01,3.200322804540703284e-06,4.549774299191688731e-07,6.776731535582360966e-01,-3.676063720560586168e-01,2.075532833310576679e-05,5.296906874367147337e-18,3.189168243996872474e-17,-1.383260433164370916e-18,2.000000000000000111e-01,1.999999999999998723e-01,-2.727949247853239090e-17,6.000000000000000888e-01,1.207380277188454726e-16,-2.896804259362711793e-16,1.844304069991109901e-16,1.999999999999998168e-01,-1.999999999999997891e-01,1.104619411794149521e-16,6.000000000000005329e-01,-1.517934471750330818e-16,-4.901419437143422624e-16,-3.327931466831068784e-16
5.730000,-8.680058812908662737e-04,0.000000000000000000e+00,7.596893949349787789e-01,1.000000000000000000e+00,0.000000000000000000e+00,0.000000000000000000e+00,0.000000000000000000e+00,-3.141580025388850950e-01,-1.876237529529261345e-06,8.482370736769998718e-07,6.731926900333023989e-01,-3.633810229865581110e-01,2.348085087840258613e-06,-3.160131175532558956e-01,3.200322804540703284e-06,4.549774299191688731e-07,6.776731535582360966e-01,-3.676063720560586168e-01,2.075532833310576679e-05,5.296906874367147337e-18,3.189168243996872474e-17,-1.383260433164370916e-18,2.000000000000000111e-01,1.999999999999998723e-01,-2.727949247853239090e-17,6.000000000000000888e-01,1.207380277188454726e-16,-2.896804259362711793e-16,1.844304069991109901e-16,1.999999999999998168e-01,-1.999999999999997891e-01,1.104619411794149521e-16,6.000000000000005329e-01,-1.517934471750330818e-16,-4.901419437143422624e-16,-3.327931466831068784e-16
5.740000,-8.398954743283248894e-04,0.000000000000000000e+00,7.596829616568451238e-01,1.000000000000000000e+00,0.000000000000000000e+00,0.000000000000000000e+00,0.000000000000000000e+00,-3.141580025388850950e-01,-1.876237529529261345e-06,8.482370736769998718e-07,6.731926900333023989e-01,-3.633810229865581110e-01,2.348085087840258613e-06,-3.160131175532558956e-01,3.200322804540703284e-06,4.549774299191688731e-07,6.776731535582360966e-01,-3.676063720560586168e-01,2.075532833310576679e-05,5.296906874367147337e-18,3.189168243996872474e-17,-1.383260433164370916e-18,2.000000000000000111e-01,1.999999999999998723e-01,-2.727949247853239090e-17,6.000000000000000888e-01,1.207380277188454726e-16,-2.896804259362711793e-16,1.844304069991109901e-16,1.999999999999998168e-01,-1.999999999999997891e-01,1.104619411794149521e-16,6.000000000000005329e-01,-1.517934471750330818e-16,-4.901419437143422624e-16,-3.327931466831068784e-16
5.750000,-8.088860198705675195e-04,0.000000000000000000e+00,7.596758649098801497e-01,1.000000000000000000e+00,0.000000000000000000e+00,0.000000000000000000e+00,0.000000000000000000e+00,-3.141580025388850950e-01,-1.876237529529261345e-06,8.482370736769998718e-07,6.731926900333023989e-01,-3.633810229865581110e-01,2.348085087840258613e-06,-3.160131175532558956e-01,3.200322804540703284e-06,4.549774299191688731e-07,6.776731535582360966e-01,-3.676063720560586168e-01,2.075532833310576679e-05,5.296906874367147337e-18,3.189168243996872474e-17,-1.383260433164370916e-18,2.000000000000000111e-01,1.999999999999998723e-01,-2.727949247853239090e-17,6.000000000000000888e-01,1.207380277188454726e-16,-2.896804259362711793e-16,1.844304069991109901e-16,1.999999999999998168e-01,-1.999999999999997891e-01,1.104619411794149521e-16,6.000000000000005329e-01,-1.517934471750330818e-16,-4.901419437143422624e-16,-3.327931466831068784e-16
5.760000,-7.752881301492244677e-04,0.000000000000000000e+00,7.596681757800298751e-01,1.000000000000000000e+00,0.000000000000000000e+00,0.000000000000000000e+00,0.000000000000000000e+00,-3.141580025388850950e-01,-1.876237529529261345e-06,8.482370736769998718e-07,6.731926900333023989e-01,-3.633810229865581110e-01,2.348085087840258613e-06,-3.160131175532558956e-01,3.200322804540703284e-06,4.549774299191688731e-07,6.776731535582360966e-01,-3.676063720560586168e-01,2.075532833310576679e-05,5.296906874367147337e-18,3.189168243996872474e-17,-1.383260433164370916e-18,2.000000000000000111e-01,1.999999999999998723e-01,-2.727949247853239090e-17,6.000000000000000888e-01,1.207380277188454726e-16,-2.896804259362711793e-16,1.844304069991109901e-16,1.999999999999998168e-01,-1.999999999999997891e-01,1.104619411794149521e-16,6.000000000000005329e-01,-1.517934471750330818e-16,-4.901419437143422624e-16,-3.327931466831068784e-16
5.770000,-7.394124173959259290e-04,0.000000000000000000e+00,7.596599653532406515e-01,1.000000000000000000e+00,0.000000000000000000e+00,0.000000000000000000e+00,0.000000000000000000e+00,-3.141580025388850950e-01,-1.876237529529261345e-06,8.482370736769998718e-07,6.731926900333023989e-01,-3.633810229865581110e-01,2.348085087840258613e-06,-3.160131175532558956e-01,3.200322804540703284e-06,4.549774299191688731e-07,6.776731535582360966e-01,-3.676063720560586168e-01,2.075532833310576679e-05,5.296906874367147337e-18,3.189168243996872474e-17,-1.383260433164370916e-18,2.000000000000000111e-01,1.999999999999998723e-01,-2.727949247853239090e-17,6.000000000000000888e-01,1.207380277188454726e-16,-2.896804259362711793e-16,1.844304069991109901e-16,1.999999999999998168e-01,-1.999999999999997891e-01,1.104619411794149521e-16,6.000000000000005329e-01,-1.517934471750330818e-16,-4.901419437143422624e-16,-3.327931466831068784e-16
5.780000,-7.015694938422985206e-04,0.000000000000000000e+00,7.596513047154586085e-01,1.000000000000000000e+00,0.000000000000000000e+00,0.000000000000000000e+00,0.000000000000000000e+00,-3.141580025388850950e-01,-1.876237529529261345e-06,8.482370736769998718e-07,6.731926900333023989e-01,-3.633810229865581110e-01,2.348085087840258613e-06,-3.160131175532558956e-01,3.200322804540703284e-06,4.549774299191688731e-07,6.776731535582360966e-01,-3.676063720560586168e-01,2.075532833310576679e-05,5.296906874367147337e-18,3.189168243996872474e-17,-1.383260433164370916e-18,2.000000000000000111e-01,1.999999999999998723e-01,-2.727949247853239090e-17,6.000000000000000888e-01,1.207380277188454726e-16,-2.896804259362711793e-16,1.844304069991109901e-16,1.999999999999998168e-01,-1.999999999999997891e-01,1.104619411794149521e-16,6.000000000000005329e-01,-1.517934471750330818e-16,-4.901419437143422624e-16,-3.327931466831068784e-16
5.790000,-6.620699717199798103e-04,0.000000000000000000e+00,7.596422649526299864e-01,1.000000000000000000e+00,0.000000000000000000e+00,0.000000000000000000e+00,0.000000000000000000e+00,-3.141580025388850950e-01,-1.876237529529261345e-06,8.482370736769998718e-07,6.731926900333023989e-01,-3.633810229865581110e-01,2.348085087840258613e-06,-3.160131175532558956e-01,3.200322804540703284e-06,4.549774299191688731e-07,6.776731535582360966e-01,-3.676063720560586168e-01,2.075532833310576679e-05,5.296906874367147337e-18,3.189168243996872474e-17,-1.383260433164370916e-18,2.000000000000000111e-01,1.999999999999998723e-01,-2.727949247853239090e-17,6.000000000000000888e-01,1.207380277188454726e-16,-2.896804259362711793e-16,1.844304069991109901e-16,1.999999999999998168e-01,-1.999999999999997891e-01,1.104619411794149521e-16,6.000000000000005329e-01,-1.517934471750330818e-16,-4.901419437143422624e-16,-3.327931466831068784e-16
5.800000,-6.212244632605964153e-04,0.000000000000000000e+00,7.596329171507011369e-01,1.000000000000000000e+00,0.000000000000000000e+00,0.000000000000000000e+00,0.000000000000000000e+00,-3.141580025388850950e-01,-1.876237529529261345e-06,8.482370736769998718e-07,6.731926900333023989e-01,-3.633810229865581110e-01,2.348085087840258613e-06,-3.160131175532558956e-01,3.200322804540703284e-06,4.549774299191688731e-07,6.776731535582360966e-01,-3.676063720560586168e-01,2.075532833310576679e-05,5.296906874367147337e-18,3.189168243996872474e-17,-1.383260433164370916e-18,2.000000000000000111e-01,1.999999999999998723e-01,-2.727949247853239090e-17,6.000000000000000888e-01,1.207380277188454726e-16,-2.896804259362711793e-16,1.844304069991109901e-16,1.999999999999998168e-01,-1.999999999999997891e-01,1.104619411794149521e-16,6.000000000000005329e-01,-1.517934471750330818e-16,-4.901419437143422624e-16,-3.327931466831068784e-16
5.810000,-5.793435806957790727e-04,0.000000000000000000e+00,7.596233323956180783e-01,1.000000000000000000e+00,0.000000000000000000e+00,0.000000000000000000e+00,0.000000000000000000e+00,-3.141580025388850950e-01,-1.876237529529261345e-06,8.482370736769998718e-07,6.731926900333023989e-01,-3.633810229865581110e-01,2.348085087840258613e-06,-3.160131175532558956e-01,3.200322804540703284e-06,4.549774299191688731e-07,6.776731535582360966e-01,-3.676063720560586168e-01,2.075532833310576679e-05,5.296906874367147337e-18,3.189168243996872474e-17,-1.383260433164370916e-18,2.000000000000000111e-01,1.999999999999998723e-01,-2.727949247853239090e-17,6.000000000000000888e-01,1.207380277188454726e-16,-2.896804259362711793e-16,1.844304069991109901e-16,1.999999999999998168e-01,-1.999999999999997891e-01,1.104619411794149521e-16,6.000000000000005329e-01,-1.517934471750330818e-16,-4.901419437143422624e-16,-3.327931466831068784e-16
5.820000,-5.367379362571534241e-04,0.000000000000000000e+00,7.596135817733272733e-01,1.000000000000000000e+00,0.000000000000000000e+00,0.000000000000000000e+00,0.000000000000000000e+00,-3.141580025388850950e-01,-1.876237529529261345e-06,8.482370736769998718e-07,6.731926900333023989e-01,-3.633810229865581110e-01,2.348085087840258613e-06,-3.160131175532558956e-01,3.200322804540703284e-06,4.549774299191688731e-07,6.776731535582360966e-01,-3.676063720560586168e-01,2.075532833310576679e-05,5.296906874367147337e-18,3.189168243996872474e-17,-1.383260433164370916e-18,2.000000000000000111e-01,1.999999999999998723e-01,-2.727949247853239090e-17,6.000000000000000888e-01,1.207380277188454726e-16,-2.896804259362711793e-16,1.844304069991109901e-16,1.999999999999998168e-01,-1.999999999999997891e-01,1.104619411794149521e-16,6.000000000000005329e-01,-1.517934471750330818e-16,-4.901419437143422624e-16,-3.327931466831068784e-16
5.830000,-4.937181421763580129e-04,0.000000000000000000e+00,7.596037363697747402e-01,1.000000000000000000e+00,0.000000000000000000e+00,0.000000000000000000e+00,0.000000000000000000e+00,-3.141580025388850950e-01,-1.876237529529261345e-06,8.482370736769998718e-07,6.731926900333023989e-01,-3.633810229865581110e-01,2.348085087840258613e-06,-3.160131175532558956e-01,3.200322804540703284e-06,4.549774299191688731e-07,6.776731535582360966e-01,-3.676063720560586168e-01,2.075532833310576679e-05,5.296906874367147337e-18,3.189168243996872474e-17,-1.383260433164370916e-18,2.000000000000000111e-01,1.999999999999998723e-01,-2.727949247853239090e-17,6.000000000000000888e-01,1.207380277188454726e-16,-2.896804259362711793e-16,1.844304069991109901e-16,1.999999999999998168e-01,-1.999999999999997891e-01,1.104619411794149521e-16,6.000000000000005329e-01,-1.517934471750330818e-16,-4.901419437143422624e-16,-3.327931466831068784e-16
5.840000,-4.505948106850197273e-04,0.000000000000000000e+00,7.595938672709068307e-01,1.000000000000000000e+00,0.000000000000000000e+00,0.000000000000000000e+00,0.000000000000000000e+00,-3.141580025388850950e-01,-1.876237529529261345e-06,8.482370736769998718e-07,6.731926900333023989e-01,-3.633810229865581110e-01,2.348085087840258613e-06,-3.160131175532558956e-01,3.200322804540703284e-06,4.549774299191688731e-07,6.776731535582360966e-01,-3.676063720560586168e-01,2.075532833310576679e-05,5.296906874367147337e-18,3.189168243996872474e-17,-1.383260433164370916e-18,2.000000000000000111e-01,1.999999999999998723e-01,-2.727949247853239090e-17,6.000000000000000888e-01,1.207380277188454726e-16,-2.896804259362711793e-16,1.844304069991109901e-16,1.999999999999998168e-01,-1.999999999999997891e-01,1.104619411794149521e-16,6.000000000000005329e-01,-1.517934471750330818e-16,-4.901419437143422624e-16,-3.327931466831068784e-16
5.850000,-4.076785540147678409e-04,0.000000000000000000e+00,7.595840455626697851e-01,1.000000000000000000e+00,0.000000000000000000e+00,0.000000000000000000e+00,0.000000000000000000e+00,-3.141580025388850950e-01,-1.876237529529261345e-06,8.482370736769998718e-07,6.731926900333023989e-01,-3.633810229865581110e-01,2.348085087840258613e-06,-3.160131175532558956e-01,3.200322804540703284e-06,4.549774299191688731e-07,6.776731535582360966e-01,-3.676063720560586168e-01,2.075532833310576679e-05,5.296906874367147337e-18,3.189168243996872474e-17,-1.383260433164370916e-18,2.000000000000000111e-01,1.999999999999998723e-01,-2.727949247853239090e-17,6.000000000000000888e-01,1.207380277188454726e-16,-2.896804259362711793e-16,1.844304069991109901e-16,1.999999999999998168e-01,-1.999999999999997891e-01,1.104619411794149521e-16,6.000000000000005329e-01,-1.517934471750330818e-16,-4.901419437143422624e-16,-3.327931466831068784e-16
5.860000,-3.652799843972277783e-04,0.000000000000000000e+00,7.595743423310097331e-01,1.000000000000000000e+00,0.000000000000000000e+00,0.000000000000000000e+00,0.000000000000000000e+00,-3.141580025388850950e-01,-1.876237529529261345e-06,8.482370736769998718e-07,6.731926900333023989e-01,-3.633810229865581110e-01,2.348085087840258613e-06,-3.160131175532558956e-01,3.200322804540703284e-06,4.549774299191688731e-07,6.776731535582360966e-01,-3.676063720560586168e-01,2.075532833310576679e-05,5.296906874367147337e-18,3.189168243996872474e-17,-1.383260433164370916e-18,2.000000000000000111e-01,1.999999999999998723e-01,-2.727949247853239090e-17,6.000000000000000888e-01,1.207380277188454726e-16,-2.896804259362711793e-16,1.844304069991109901e-16,1.999999999999998168e-01,-1.999999999999997891e-01,1.104619411794149521e-16,6.000000000000005329e-01,-1.517934471750330818e-16,-4.901419437143422624e-16,-3.327931466831068784e-16
5.870000,-3.237097140640418777e-04,0.000000000000000000e+00,7.595648286618729150e-01,1.000000000000000000e+00,0.000000000000000000e+00,0.000000000000000000e+00,0.000000000000000000e+00,-3.141580025388850950e-01,-1.876237529529261345e-06,8.482370736769998718e-07,6.731926900333023989e-01,-3.633810229865581110e-01,2.348085087840258613e-06,-3.160131175532558956e-01,3.200322804540703284e-06,4.549774299191688731e-07,6.776731535582360966e-01,-3.676063720560586168e-01,2.075532833310576679e-05,5.296906874367147337e-18,3.189168243996872474e-17,-1.383260433164370916e-18,2.000000000000000111e-01,1.999999999999998723e-01,-2.727949247853239090e-17,6.000000000000000888e-01,1.207380277188454726e-16,-2.896804259362711793e-16,1.844304069991109901e-16,1.999999999999998168e-01,-1.999999999999997891e-01,1.104619411794149521e-16,6.000000000000005329e-01,-1.517934471750330818e-16,-4.901419437143422624e-16,-3.327931466831068784e-16
5.880000,-2.832783552468319315e-04,0.000000000000000000e+00,7.595555756412056825e-01,1.000000000000000000e+00,0.000000000000000000e+00,0.000000000000000000e+00,0.000000000000000000e+00,-3.141580025388850950e-01,-1.876237529529261345e-06,8.482370736769998718e-07,6.731926900333023989e-01,-3.633810229865581110e-01,2.348085087840258613e-06,-3.160131175532558956e-01,3.200322804540703284e-06,4.549774299191688731e-07,6.776731535582360966e-01,-3.676063720560586168e-01,2.075532833310576679e-05,5.296906874367147337e-18,3.189168243996872474e-17,-1.383260433164370916e-18,2.000000000000000111e-01,1.999999999999998723e-01,-2.727949247853239090e-17,6.000000000000000888e-01,1.207380277188454726e-16,-2.896804259362711793e-16,1.844304069991109901e-16,1.999999999999998168e-01,-1.999999999999997891e-01,1.104619411794149521e-16,6.000000000000005329e-01,-1.517934471750330818e-16,-4.901419437143422624e-16,-3.327931466831068784e-16
5.890000,-2.442965201772293276e-04,0.000000000000000000e+00,7.595466543549541649e-01,1.000000000000000000e+00,0.000000000000000000e+00,0.000000000000000000e+00,0.000000000000000000e+00,-3.141580025388850950e-01,-1.876237529529261345e-06,8.482370736769998718e-07,6.731926900333023989e-01,-3.633810229865581110e-01,2.348085087840258613e-06,-3.160131175532558956e-01,3.200322804540703284e-06,4.549774299191688731e-07,6.776731535582360966e-01,-3.676063720560586168e-01,2.075532833310576679e-05,5.296906874367147337e-18,3.189168243996872474e-17,-1.383260433164370916e-18,2.000000000000000111e-01,1.999999999999998723e-01,-2.727949247853239090e-17,6.000000000000000888e-01,1.207380277188454726e-16,-2.896804259362711793e-16,1.844304069991109901e-16,1.999999999999998168e-01,-1.999999999999997891e-01,1.104619411794149521e-16,6.000000000000005329e-01,-1.517934471750330818e-16,-4.901419437143422624e-16,-3.327931466831068784e-16
5.900000,-2.070748210868640442e-04,0.000000000000000000e+00,7.595381358890646029e-01,1.000000000000000000e+00,0.000000000000000000e+00,0.000000000000000000e+00,0.000000000000000000e+00,-3.141580025388850950e-01,-1.876237529529261345e-06,8.482370736769998718e-07,6.731926900333023989e-01,-3.633810229865581110e-01,2.348085087840258613e-06,-3.160131175532558956e-01,3.200322804540703284e-06,4.549774299191688731e-07,6.776731535582360966e-01,-3.676063720560586168e-01,2.075532833310576679e-05,5.296906874367147337e-18,3.189168243996872474e-17,-1.383260433164370916e-18,2.000000000000000111e-01,1.999999999999998723e-01,-2.727949247853239090e-17,6.000000000000000888e-01,1.207380277188454726e-16,-2.896804259362711793e-16,1.844304069991109901e-16,1.999999999999998168e-01,-1.999999999999997891e-01,1.104619411794149521e-16,6.000000000000005329e-01,-1.517934471750330818e-16,-4.901419437143422624e-16,-3.327931466831068784e-16
5.910000,-1.719238702073693935e-04,0.000000000000000000e+00,7.595300913294832368e-01,1.000000000000000000e+00,0.000000000000000000e+00,0.000000000000000000e+00,0.000000000000000000e+00,-3.141580025388850950e-01,-1.876237529529261345e-06,8.482370736769998718e-07,6.731926900333023989e-01,-3.633810229865581110e-01,2.348085087840258613e-06,-3.160131175532558956e-01,3.200322804540703284e-06,4.549774299191688731e-07,6.776731535582360966e-01,-3.676063720560586168e-01,2.075532833310576679e-05,5.296906874367147337e-18,3.189168243996872474e-17,-1.383260433164370916e-18,2.000000000000000111e-01,1.999999999999998723e-01,-2.727949247853239090e-17,6.000000000000000888e-01,1.207380277188454726e-16,-2.896804259362711793e-16,1.844304069991109901e-16,1.999999999999998168e-01,-1.999999999999997891e-01,1.104619411794149521e-16,6.000000000000005329e-01,-1.517934471750330818e-16,-4.901419437143422624e-16,-3.327931466831068784e-16
5.920000,-1.391542797703732666e-04,0.000000000000000000e+00,7.595225917621561962e-01,1.000000000000000000e+00,0.000000000000000000e+00,0.000000000000000000e+00,0.000000000000000000e+00,-3.141580025388850950e-01,-1.876237529529261345e-06,8.482370736769998718e-07,6.731926900333023989e-01,-3.633810229865581110e-01,2.348085087840258613e-06,-3.160131175532558956e-01,3.200322804540703284e-06,4.549774299191688731e-07,6.776731535582360966e-01,-3.676063720560586168e-01,2.075532833310576679e-05,5.296906874367147337e-18,3.189168243996872474e-17,-1.383260433164370916e-18,2.000000000000000111e-01,1.999999999999998723e-01,-2.727949247853239090e-17,6.000000000000000888e-01,1.207380277188454726e-16,-2.896804259362711793e-16,1.844304069991109901e-16,1.999999999999998168e-01,-1.999999999999997891e-01,1.104619411794149521e-16,6.000000000000005329e-01,-1.517934471750330818e-16,-4.901419437143422624e-16,-3.327931466831068784e-16
5.930000,-1.090766620075068886e-04,0.000000000000000000e+00,7.595157082730298326e-01,1.000000000000000000e+00,0.000000000000000000e+00,0.000000000000000000e+00,0.000000000000000000e+00,-3.141580025388850950e-01,-1.876237529529261345e-06,8.482370736769998718e-07,6.731926900333023989e-01,-3.633810229865581110e-01,2.348085087840258613e-06,-3.160131175532558956e-01,3.200322804540703284e-06,4.549774299191688731e-07,6.776731535582360966e-01,-3.676063720560586168e-01,2.075532833310576679e-05,5.296906874367147337e-18,3.189168243996872474e-17,-1.383260433164370916e-18,2.000000000000000111e-01,1.999999999999998723e-01,-2.727949247853239090e-17,6.000000000000000888e-01,1.207380277188454726e-16,-2.896804259362711793e-16,1.844304069991109901e-16,1.999999999999998168e-01,-1.999999999999997891e-01,1.104619411794149521e-16,6.000000000000005329e-01,-1.517934471750330818e-16,-4.901419437143422624e-16,-3.327931466831068784e-16
5.940000,-8.200162915039732397e-05,0.000000000000000000e+00,7.595095119480503865e-01,1.000000000000000000e+00,0.000000000000000000e+00,0.000000000000000000e+00,0.000000000000000000e+00,-3.141580025388850950e-01,-1.876237529529261345e-06,8.482370736769998718e-07,6.731926900333023989e-01,-3.633810229865581110e-01,2.348085087840258613e-06,-3.160131175532558956e-01,3.200322804540703284e-06,4.549774299191688731e-07,6.776731535582360966e-01,-3.676063720560586168e-01,2.075532833310576679e-05,5.296906874367147337e-18,3.189168243996872474e-17,-1.383260433164370916e-18,2.000000000000000111e-01,1.999999999999998723e-01,-2.727949247853239090e-17,6.000000000000000888e-01,1.207380277188454726e-16,-2.896804259362711793e-16,1.844304069991109901e-16,1.999999999999998168e-01,-1.999999999999997891e-01,1.104619411794149521e-16,6.000000000000005329e-01,-1.517934471750330818e-16,-4.901419437143422624e-16,-3.327931466831068784e-16
5.950000,-5.823979343068091393e-05,0.000000000000000000e+00,7.595040738731639873e-01,1.000000000000000000e+00,0.000000000000000000e+00,0.000000000000000000e+00,0.000000000000000000e+00,-3.141580025388850950e-01,-1.876237529529261345e-06,8.482370736769998718e-07,6.731926900333023989e-01,-3.633810229865581110e-01,2.348085087840258613e-06,-3.160131175532558956e-01,3.200322804540703284e-06,4.549774299191688731e-07,6.776731535582360966e-01,-3.676063720560586168e-01,2.075532833310576679e-05,5.296906874367147337e-18,3.189168243996872474e-17,-1.383260433164370916e-18,2.000000000000000111e-01,1.999999999999998723e-01,-2.727949247853239090e-17,6.000000000000000888e-01,1.207380277188454726e-16,-2.896804259362711793e-16,1.844304069991109901e-16,1.999999999999998168e-01,-1.999999999999997891e-01,1.104619411794149521e-16,6.000000000000005329e-01,-1.517934471750330818e-16,-4.901419437143422624e-16,-3.327931466831068784e-16
5.960000,-3.810176707998395721e-05,0.000000000000000000e+00,7.594994651343168757e-01,1.000000000000000000e+00,0.000000000000000000e+00,0.000000000000000000e+00,0.000000000000000000e+00,-3.141580025388850950e-01,-1.876237529529261345e-06,8.482370736769998718e-07,6.731926900333023989e-01,-3.633810229865581110e-01,2.348085087840258613e-06,-3.160131175532558956e-01,3.200322804540703284e-06,4.549774299191688731e-07,6.776731535582360966e-01,-3.676063720560586168e-01,2.075532833310576679e-05,5.296906874367147337e-18,3.189168243996872474e-17,-1.383260433164370916e-18,2.000000000000000111e-01,1.999999999999998723e-01,-2.727949247853239090e-17,6.000000000000000888e-01,1.207380277188454726e-16,-2.896804259362711793e-16,1.844304069991109901e-16,1.999999999999998168e-01,-1.999999999999997891e-01,1.104619411794149521e-16,6.000000000000005329e-01,-1.517934471750330818e-16,-4.901419437143422624e-16,-3.327931466831068784e-16
5.970000,-2.189816232993635074e-05,0.000000000000000000e+00,7.594957568174554030e-01,1.000000000000000000e+00,0.000000000000000000e+00,0.000000000000000000e+00,0.000000000000000000e+00,-3.141580025388850950e-01,-1.876237529529261345e-06,8.482370736769998718e-07,6.731926900333023989e-01,-3.633810229865581110e-01,2.348085087840258613e-06,-3.160131175532558956e-01,3.200322804540703284e-06,4.549774299191688731e-07,6.776731535582360966e-01,-3.676063720560586168e-01,2.075532833310576679e-05,5.296906874367147337e-18,3.189168243996872474e-17,-1.383260433164370916e-18,2.000000000000000111e-01,1.999999999999998723e-01,-2.727949247853239090e-17,6.000000000000000888e-01,1.207380277188454726e-16,-2.896804259362711793e-16,1.844304069991109901e-16,1.999999999999998168e-01,-1.999999999999997891e-01,1.104619411794149521e-16,6.000000000000005329e-01,-1.517934471750330818e-16,-4.901419437143422624e-16,-3.327931466831068784e-16
5.980000,-9.939591412169416186e-06,0.000000000000000000e+00,7.594930200085255878e-01,1.000000000000000000e+00,0.000000000000000000e+00,0.000000000000000000e+00,0.000000000000000000e+00,-3.141580025388850950e-01,-1.876237529529261345e-06,8.482370736769998718e-07,6.731926900333023989e-01,-3.633810229865581110e-01,2.348085087840258613e-06,-3.160131175532558956e-01,3.200322804540703284e-06,4.549774299191688731e-07,6.776731535582360966e-01,-3.676063720560586168e-01,2.075532833310576679e-05,5.296906874367147337e-18,3.189168243996872474e-17,-1.383260433164370916e-18,2.000000000000000111e-01,1.999999999999998723e-01,-2.727949247853239090e-17,6.000000000000000888e-01,1.207380277188454726e-16,-2.896804259362711793e-16,1.844304069991109901e-16,1.999999999999998168e-01,-1.999999999999997891e-01,1.104619411794149521e-16,6.000000000000005329e-01,-1.517934471750330818e-16,-4.901419437143422624e-16,-3.327931466831068784e-16
5.990000,-2.536666558314481123e-06,0.000000000000000000e+00,7.594913257934738926e-01,1.000000000000000000e+00,0.000000000000000000e+00,0.000000000000000000e+00,0.000000000000000000e+00,-3.141580025388850950e-01,-1.876237529529261345e-06,8.482370736769998718e-07,6.731926900333023989e-01,-3.633810229865581110e-01,2.348085087840258613e-06,-3.160131175532558956e-01,3.200322804540703284e-06,4.549774299191688731e-07,6.776731535582360966e-01,-3.676063720560586168e-01,2.075532833310576679e-05,5.296906874367147337e-18,3.189168243996872474e-17,-1.383260433164370916e-18,2.000000000000000111e-01,1.999999999999998723e-01,-2.727949247853239090e-17,6.000000000000000888e-01,1.207380277188454726e-16,-2.896804259362711793e-16,1.844304069991109901e-16,1.999999999999998168e-01,-1.999999999999997891e-01,1.104619411794149521e-16,6.000000000000005329e-01,-1.517934471750330818e-16,-4.901419437143422624e-16,-3.327931466831068784e-16
6.000000,0.000000000000000000e+00,0.000000000000000000e+00,7.594907452582463359e-01,1.000000000000000000e+00,0.000000000000000000e+00,0.000000000000000000e+00,0.000000000000000000e+00,-3.141580025388850950e-01,-1.876237529529261345e-06,8.482370736769998718e-07,6.731926900333023989e-01,-3.633810229865581110e-01,2.348085087840258613e-06,-3.160131175532558956e-01,3.200322804540703284e-06,4.549774299191688731e-07,6.776731535582360966e-01,-3.676063720560586168e-01,2.075532833310576679e-05,5.296906874367147337e-18,3.189168243996872474e-17,-1.383260433164370916e-18,2.000000000000000111e-01,1.999999999999998723e-01,-2.727949247853239090e-17,6.000000000000000888e-01,1.207380277188454726e-16,-2.896804259362711793e-16,1.844304069991109901e-16,1.999999999999998168e-01,-1.999999999999997891e-01,1.104619411794149521e-16,6.000000000000005329e-01,-1.517934471750330818e-16,-4.901419437143422624e-16,-3.327931466831068784e-16
