0.000000,0.000000000000000000e+00,0.000000000000000000e+00,1.598119733302663381e-01,6.637130160529015610e-01,0.000000000000000000e+00,7.479873209633709497e-01,0.000000000000000000e+00,-2.941297420986618283e-01,4.737286330882503095e-03,-1.326690936689396347e-03,2.641296120774659917e-01,4.300042254408407982e-02,-4.824476482933573625e-03,-2.651934179746755493e-01,6.154305126327436030e-03,-3.144276505901493542e-03,1.809080933502985045e-01,7.750472236411277971e-02,-6.836346140805756900e-03,1.849534514881427108e-03,3.894717071273974367e-03,-3.242895019816425806e-01,3.870620555221654935e-01,1.693457734285187255e-01,-1.565786096964217888e-01,-5.902451051907594559e-01,1.299651891550602789e+00,1.513832238262359797e-01,1.248698695255016533e+00,3.491489997152485980e-01,-1.073087094500915217e-01,6.960361737615258781e-02,-5.908880536715338527e-01,-1.656898832415713452e+00,1.004484344845384541e-01,-1.229791480961182515e+00
0.010000,0.000000000000000000e+00,0.000000000000000000e+00,1.663132757359136182e-01,6.668764264008225640e-01,4.793996123304676125e-18,7.451683245488018859e-01,4.793996123304676125e-18,-2.984263922855903695e-01,4.733743144987077357e-03,-1.348377244664076104e-03,2.733187855936190513e-01,3.810675384554362832e-02,-4.827419912889401553e-03,-2.704120172515021014e-01,6.139755702928503811e-03,-3.177323656218160233e-03,1.920486985142666192e-01,7.157866806430847328e-02,-6.839260877849273092e-03,1.835708046504329815e-03,3.891312767575158451e-03,-3.240851192992521002e-01,3.519510179257439031e-01,1.682599906325096817e-01,-1.534400189787285262e-01,-5.507731586767897758e-01,1.295577547091863124e+00,1.538323436084629015e-01,1.242582919010551290e+00,3.160722359933083037e-01,-1.072347956436484062e-01,6.577722522352814905e-02,-5.516646480923167450e-01,-1.656343208250489418e+00,1.010639584166261318e-01,-1.222737716384851847e+00
0.020000,0.000000000000000000e+00,0.000000000000000000e+00,1.728145781415609261e-01,6.700278637121922509e-01,4.427593287705946643e-18,7.423359494523191771e-01,4.427593287705946643e-18,-3.027230424725189661e-01,4.730199959091651619e-03,-1.370063552638755861e-03,2.825079591097720555e-01,3.321308514700317682e-02,-4.830363342845229481e-03,-2.756306165283286536e-01,6.125206279529572459e-03,-3.210370806534826923e-03,2.031893036782347339e-01,6.565261376450416686e-02,-6.842175614892789283e-03,1.821881578127232740e-03,3.887908463876342535e-03,-3.238807366168615642e-01,3.168399803293222572e-01,1.671742078365006379e-01,-1.503014282610352637e-01,-5.113012121628199846e-01,1.291503202633123459e+00,1.562814633906898509e-01,1.236467142766086047e+00,2.829954722713680093e-01,-1.071608818372052907e-01,6.195083307090370334e-02,-5.124412425130996374e-01,-1.655787584085265163e+00,1.016794823487137955e-01,-1.215683951808520957e+00
0.030000,0.000000000000000000e+00,0.000000000000000000e+00,1.793158805472082062e-01,6.731672714064029783e-01,4.061110959514404108e-18,7.394902465261176117e-01,4.061110959514404108e-18,-3.070196926594475073e-01,4.726656773196225882e-03,-1.391749860613435835e-03,2.916971326259251152e-01,2.831941644846273226e-02,-4.833306772801057409e-03,-2.808492158051552057e-01,6.110656856130640240e-03,-3.243417956851493613e-03,2.143299088422028764e-01,5.972655946469986044e-02,-6.845090351936306342e-03,1.808055109750135447e-03,3.884504160177526619e-03,-3.236763539344710838e-01,2.817289427329006668e-01,1.660884250404915941e-01,-1.471628375433420288e-01,-4.718292656488503045e-01,1.287428858174384017e+00,1.587305831729167727e-01,1.230351366521621026e+00,2.499187085494276594e-01,-1.070869680307621613e-01,5.812444091827926457e-02,-4.732178369338825297e-01,-1.655231959920041129e+00,1.022950062808014732e-01,-1.208630187232190289e+00
0.040000,0.000000000000000000e+00,0.000000000000000000e+00,1.858171829528555141e-01,6.762945931188265591e-01,3.694555718519069606e-18,7.366312668616781245e-01,3.694555718519069606e-18,-3.113163428463761040e-01,4.723113587300800144e-03,-1.413436168588115592e-03,3.008863061420781193e-01,2.342574774992228076e-02,-4.836250202756885337e-03,-2.860678150819817578e-01,6.096107432731708020e-03,-3.276465107168160303e-03,2.254705140061709912e-01,5.380050516489555401e-02,-6.848005088979822533e-03,1.794228641373038372e-03,3.881099856478710704e-03,-3.234719712520806034e-01,2.466179051364790764e-01,1.650026422444825502e-01,-1.440242468256487662e-01,-4.323573191348806244e-01,1.283354513715644352e+00,1.611797029551437221e-01,1.224235590277155783e+00,2.168419448274873651e-01,-1.070130542243190458e-01,5.429804876565482580e-02,-4.339944313546654220e-01,-1.654676335754817096e+00,1.029105302128891508e-01,-1.201576422655859400e+00
0.050000,0.000000000000000000e+00,0.000000000000000000e+00,1.923184853585027942e-01,6.794097727018222344e-01,3.327934145818341589e-18,7.337590617888533062e-01,3.327934145818341589e-18,-3.156129930333047007e-01,4.719570401405374406e-03,-1.435122476562795350e-03,3.100754796582311790e-01,1.853207905138183273e-02,-4.839193632712713265e-03,-2.912864143588083099e-01,6.081558009332775801e-03,-3.309512257484827427e-03,2.366111191701391059e-01,4.787445086509124759e-02,-6.850919826023338724e-03,1.780402172995941079e-03,3.877695552779894788e-03,-3.232675885696901230e-01,2.115068675400574583e-01,1.639168594484735064e-01,-1.408856561079555036e-01,-3.928853726209109443e-01,1.279280169256904687e+00,1.636288227373706439e-01,1.218119814032690540e+00,1.837651811055470708e-01,-1.069391404178759303e-01,5.047165661303038703e-02,-3.947710257754483143e-01,-1.654120711589592840e+00,1.035260541449768146e-01,-1.194522658079528510e+00
0.060000,0.000000000000000000e+00,0.000000000000000000e+00,1.988197877641501021e-01,6.825127542257500846e-01,2.961252823701306212e-18,7.308736828749416992e-01,2.961252823701306212e-18,-3.199096432202332418e-01,4.716027215509948668e-03,-1.456808784537475107e-03,3.192646531743841831e-01,1.363841035284138817e-02,-4.842137062668541193e-03,-2.965050136356348620e-01,6.067008585933843581e-03,-3.342559407801494117e-03,2.477517243341072206e-01,4.194839656528694810e-02,-6.853834563066854915e-03,1.766575704618844004e-03,3.874291249081078872e-03,-3.230632058872996426e-01,1.763958299436358956e-01,1.628310766524644626e-01,-1.377470653902622411e-01,-3.534134261069412641e-01,1.275205824798165022e+00,1.660779425195975934e-01,1.212004037788225519e+00,1.506884173836067764e-01,-1.068652266114328148e-01,4.664526446040594826e-02,-3.555476201962312066e-01,-1.653565087424368807e+00,1.041415780770644922e-01,-1.187468893503197842e+00
0.070000,0.000000000000000000e+00,0.000000000000000000e+00,2.053210901697973823e-01,6.856034819799708968e-01,2.594518335530023717e-18,7.279751819237657573e-01,2.594518335530023717e-18,-3.242062934071618385e-01,4.712484029614523798e-03,-1.478495092512155081e-03,3.284538266905372428e-01,8.744741654300936667e-03,-4.845080492624369121e-03,-3.017236129124613586e-01,6.052459162534911362e-03,-3.375606558118160808e-03,2.588923294980753353e-01,3.602234226548263474e-02,-6.856749300110371106e-03,1.752749236241746712e-03,3.870886945382262957e-03,-3.228588232049091067e-01,1.412847923472142497e-01,1.617452938564554188e-01,-1.346084746725690062e-01,-3.139414795929715285e-01,1.271131480339425357e+00,1.685270623018245151e-01,1.205888261543760276e+00,1.176116536616664404e-01,-1.067913128049896992e-01,4.281887230778150255e-02,-3.163242146170140434e-01,-1.653009463259144773e+00,1.047571020091521699e-01,-1.180415128926866952e+00
0.080000,0.000000000000000000e+00,0.000000000000000000e+00,2.118223925754446624e-01,6.886819004738476968e-01,2.227737265621180814e-18,7.250636109747401470e-01,2.227737265621180814e-18,-3.285029435940903797e-01,4.708940843719098060e-03,-1.500181400486834838e-03,3.376430002066902469e-01,3.851072955760488636e-03,-4.848023922580197050e-03,-3.069422121892879107e-01,6.037909739135979142e-03,-3.408653708434827498e-03,2.700329346620434778e-01,3.009628796567833525e-02,-6.859664037153887298e-03,1.738922767864649636e-03,3.867482641683447041e-03,-3.226544405225186263e-01,1.061737547507926593e-01,1.606595110604463750e-01,-1.314698839548757436e-01,-2.744695330790018484e-01,1.267057135880685692e+00,1.709761820840514368e-01,1.199772485299295255e+00,8.453488993972613219e-02,-1.067173989985465837e-01,3.899248015515706378e-02,-2.771008090377969357e-01,-1.652453839093920740e+00,1.053726259412398475e-01,-1.173361364350536062e+00
0.090000,0.000000000000000000e+00,0.000000000000000000e+00,2.183236949810919703e-01,6.917479544377499456e-01,1.860916199126960357e-18,7.221390223019308330e-01,1.860916199126960357e-18,-3.304277602825366755e-01,4.708845807707935822e-03,-1.510691436834219175e-03,3.417425015648159481e-01,1.670392173818196525e-03,-4.851126620691151130e-03,-3.099750203422680928e-01,6.029763464446474819e-03,-3.427991866060730100e-03,2.764831229420758318e-01,2.667344831564546007e-02,-6.861735107361932595e-03,1.772598494482359368e-03,3.855798180785066295e-03,-3.228783722252511201e-01,7.121681366590260076e-02,1.598554442616785254e-01,-1.284685914389014638e-01,-2.274987406883963448e-01,1.262089225155921701e+00,1.712338711496665111e-01,1.199059029508286800e+00,5.236520036412486978e-02,-1.065662397068461720e-01,3.511261648664518870e-02,-2.316123350014314963e-01,-1.651384429665694764e+00,1.058231668945119330e-01,-1.171118159117743085e+00
0.100000,0.000000000000000000e+00,0.000000000000000000e+00,2.248249973867392781e-01,6.948015888240289817e-01,1.494061721918789319e-18,7.192014684131319280e-01,1.494061721918789319e-18,-3.342771660978347548e-01,4.702573865315719942e-03,-1.528606127051015603e-03,3.498687444518630563e-01,-2.596109133564281253e-03,-4.850391336235093491e-03,-3.152870228856327062e-01,6.013128183354908909e-03,-3.460953307991604562e-03,2.877093773971660662e-01,2.077779272453300283e-02,-6.863518668995498631e-03,1.751676840516342261e-03,3.856888301340632725e-03,-3.227030347163618029e-01,3.463275873279535871e-02,1.593884059671777931e-01,-1.250915265129400877e-01,-1.782830674032298834e-01,1.255613581203159246e+00,1.698177580995394453e-01,1.202199885594146478e+00,1.784842728145264248e-02,-1.069707477791727729e-01,3.124513298126768354e-02,-1.835925182284876556e-01,-1.649487239088055723e+00,1.068864066253547990e-01,-1.172601684678360900e+00
0.110000,0.000000000000000000e+00,0.000000000000000000e+00,2.313262997923865583e-01,6.978427488080218843e-01,1.127180420467221439e-18,7.162510020489074591e-01,1.127180420467221439e-18,-3.346837909489650542e-01,4.702999109565326671e-03,-1.531110155377145418e-03,3.506603938937731813e-01,-2.984069126293826743e-03,-4.851677212863292517e-03,-3.149226987809639056e-01,6.014992270994899519e-03,-3.459019312389263572e-03,2.868631525885595446e-01,2.125033002167858384e-02,-6.864229578920625317e-03,1.799503753919948863e-03,3.882341560578394558e-03,-3.226887366500070242e-01,1.228449715914039370e-03,1.568028254413330602e-01,-1.197659702846132768e-01,-1.253869579680007007e-01,1.251116919976063446e+00,1.649132544231513287e-01,1.207057266147276486e+00,-1.356270252022730854e-02,-1.071839625953992930e-01,2.751690852911944582e-02,-1.342443761733227714e-01,-1.647681243466847523e+00,1.077486616166578037e-01,-1.175917787945768289e+00
0.120000,0.000000000000000000e+00,0.000000000000000000e+00,2.378276021980338384e-01,7.008713797890334662e-01,3.517250508854389783e-18,7.132876761816486777e-01,3.517250508854389783e-18,-3.342215440618819811e-01,4.704734744746641439e-03,-1.529509253837227139e-03,3.495967537168381822e-01,-2.387700146813032630e-03,-4.852984279762348994e-03,-3.132204289557638521e-01,6.021039140717528507e-03,-3.448779799999704843e-03,2.831669877203881192e-01,2.322975295901817325e-02,-6.864452685104163558e-03,1.848534981129303654e-03,3.910163847641512022e-03,-3.226289337442460048e-01,-3.117074910145715277e-02,1.545195316403767949e-01,-1.146468397855373439e-01,-7.121920996303451878e-02,1.246410635649103593e+00,1.595122583864815591e-01,1.213683733647709762e+00,-4.400663122232580798e-02,-1.073579248176818185e-01,2.374430843141753927e-02,-8.377465860284076526e-02,-1.645787098631425138e+00,1.085466525260238707e-01,-1.180748403068038854e+00
0.130000,0.000000000000000000e+00,0.000000000000000000e+00,2.443289046036811463e-01,7.038874273913018342e-01,1.819804130626061071e-18,7.103115440146350323e-01,1.819804130626061071e-18,-3.326583479639503849e-01,4.708265747467760970e-03,-1.522778351844142819e-03,3.461877632232084889e-01,-5.504511692716105957e-04,-4.854482900590729837e-03,-3.098914154354909800e-01,6.032194363738372159e-03,-3.428456326613048104e-03,2.760112363888545528e-01,2.703470875107891885e-02,-6.864159117477137279e-03,1.923909328320748749e-03,3.936630415191449787e-03,-3.225402510119613209e-01,-6.359796943267205516e-02,1.525394150156852147e-01,-1.097581900840940011e-01,-1.541899261586913983e-02,1.241427243600921937e+00,1.534596762628506750e-01,1.222471265902965953e+00,-7.368883026602453257e-02,-1.074950928887010021e-01,1.991425021052670857e-02,-3.219968591326250601e-02,-1.643813024408639079e+00,1.092811803427109901e-01,-1.187319782021406533e+00
0.140000,0.000000000000000000e+00,0.000000000000000000e+00,2.508302070093284541e-01,7.068908374650840765e-01,2.231765113411097721e-18,7.073226589809719078e-01,2.231765113411097721e-18,-3.296510056343281425e-01,4.714200197947968768e-03,-1.509338344873717951e-03,3.397075779109944849e-01,2.908315491467962539e-03,-4.856304203691856440e-03,-3.046319657738498221e-01,6.049349704438218567e-03,-3.396145160461063860e-03,2.647552347099453307e-01,3.300041750283594366e-02,-6.863301496143735074e-03,2.000839191149184071e-03,3.979109652085073209e-03,-3.224504314594837107e-01,-9.393012264632520647e-02,1.508933305874528841e-01,-1.051678593030179326e-01,4.194240892129527665e-02,1.236150696288339512e+00,1.464932779513236638e-01,1.234238077787535026e+00,-1.014552148969878054e-01,-1.075951165639391777e-01,1.606315515365729779e-02,2.059255936547618737e-02,-1.641755583393735174e+00,1.099314940084951675e-01,-1.196483382630187497e+00
0.150000,0.000000000000000000e+00,0.000000000000000000e+00,2.573315094149757343e-01,7.098815560871633012e-01,2.067371790634858660e-18,7.043210747430945773e-01,2.067371790634858660e-18,-3.247435939032597418e-01,4.723015010402208287e-03,-1.486899412807436965e-03,3.291921725320643421e-01,8.495029435457959049e-03,-4.858245598739404161e-03,-2.972448201828892800e-01,6.072842180178930106e-03,-3.350503051193836398e-03,2.489854689883764238e-01,4.134469906080212587e-02,-6.861726686268614268e-03,2.130512084649354571e-03,4.046947006445836444e-03,-3.224310917974337887e-01,-1.225915612269966593e-01,1.496775707363494079e-01,-1.010432325524366209e-01,1.017269171553782936e-01,1.230402647715419073e+00,1.376491746388339432e-01,1.252002834365092854e+00,-1.258490650105330566e-01,-1.077026351295396756e-01,1.226155318508051657e-02,7.336368709550976364e-02,-1.639628265590421741e+00,1.104667412894543010e-01,-1.210444394431428039e+00
0.160000,0.000000000000000000e+00,0.000000000000000000e+00,2.638328118206230144e-01,7.128595295627382367e-01,1.860740410783647189e-18,7.013068451908847090e-01,1.860740410783647189e-18,-3.236150978183252036e-01,4.723540783789345957e-03,-1.480938732343660110e-03,3.267170077954437146e-01,9.843320918164855798e-03,-4.856904710812987025e-03,-2.960364026251611769e-01,6.075957446049476754e-03,-3.342725050217823339e-03,2.463424359995931290e-01,4.278340110378633931e-02,-6.860700529349898942e-03,2.127057135372719017e-03,4.040628415674982384e-03,-3.231915999681455043e-01,-1.715194314958469746e-01,1.489483107282928154e-01,-9.608681821774192611e-02,1.765349201886684538e-01,1.222820766006810000e+00,1.278529919262567649e-01,1.271176312871477254e+00,-1.711710563387414674e-01,-1.079552674246494343e-01,6.886360006259648406e-03,1.460457886846344144e-01,-1.636258404192677318e+00,1.110553671363169598e-01,-1.227186793650290264e+00
0.170000,0.000000000000000000e+00,0.000000000000000000e+00,2.703341142262702945e-01,7.158247044254663072e-01,1.654075623375383414e-18,6.982800244416231816e-01,1.654075623375383414e-18,-3.220815094524190902e-01,4.724279386572540970e-03,-1.472858461707612964e-03,3.233893014723018822e-01,1.163965846623932210e-02,-4.855122702235817149e-03,-2.943949969208530804e-01,6.080186874500486359e-03,-3.332161920704250838e-03,2.427881771622083518e-01,4.470180523282032969e-02,-6.859319256768798070e-03,2.153263654583608550e-03,4.072759108319795422e-03,-3.238066262781162941e-01,-2.146203731381942648e-01,1.483666704007353121e-01,-9.152017173565095420e-02,2.521242086218396516e-01,1.215316870861662180e+00,1.176386982619740396e-01,1.291385734013953623e+00,-2.122979451567206244e-01,-1.081575339496860799e-01,1.419842847969809323e-03,2.170535667786709644e-01,-1.633160295197946255e+00,1.115817481078151679e-01,-1.244504291044989275e+00
0.180000,0.000000000000000000e+00,0.000000000000000000e+00,2.768354166319175746e-01,7.187770274388667335e-01,1.447381138847866040e-18,6.952406668385751054e-01,1.447381138847866040e-18,-3.146974219274736306e-01,4.734443502831604117e-03,-1.437467460846979283e-03,3.076519533496633318e-01,1.997265654382239866e-02,-4.854590027386003828e-03,-2.851551115941984849e-01,6.107775044126653903e-03,-3.274330145239535885e-03,2.231248574875534241e-01,5.510084010256283832e-02,-6.856062745514320857e-03,2.471103248077262393e-03,4.247020860748623207e-03,-3.243918982326819966e-01,-2.529610406036668646e-01,1.485297782178838510e-01,-8.814610400155295511e-02,3.341541476909603015e-01,1.207122863749284569e+00,1.008433136074425168e-01,1.331338145355752012e+00,-2.437940298186654087e-01,-1.085783536556151063e-01,-3.876340292765693453e-03,2.842074293524117778e-01,-1.630394912338507751e+00,1.117904880930422756e-01,-1.275307662866533187e+00
0.190000,0.000000000000000000e+00,0.000000000000000000e+00,2.833367190375649103e-01,7.217164455972180370e-01,1.240660668175997497e-18,6.921888269500727775e-01,1.240660668175997497e-18,-3.128387722018168282e-01,4.734660094068006767e-03,-1.427380803171913320e-03,3.036629782375134257e-01,2.210924556228999194e-02,-4.851736218090941730e-03,-2.833377121184810776e-01,6.112017644792443367e-03,-3.262472512598952202e-03,2.192255354161100622e-01,5.719582901188322022e-02,-6.854189762882522893e-03,2.598168053917013307e-03,4.338897304333504991e-03,-3.252336870490317167e-01,-3.008930822616777689e-01,1.483580417737450086e-01,-8.385944736115856502e-02,4.239845497564899701e-01,1.198696855951664642e+00,8.787875099177848426e-02,1.356685001254254397e+00,-2.881669656703060300e-01,-1.088766097233438146e-01,-1.041515407140194104e-02,3.643298771370802047e-01,-1.627198419791923589e+00,1.122636055404372113e-01,-1.295889784432009417e+00
0.200000,0.000000000000000000e+00,0.000000000000000000e+00,2.898380214432121904e-01,7.246429061264776372e-01,1.033917922799060641e-18,6.891245595685682179e-01,1.033917922799060641e-18,-3.106504482274927703e-01,4.734919884597025598e-03,-1.415521793027379755e-03,2.989901834902368716e-01,2.460123521955035614e-02,-4.848402742514511601e-03,-2.812031435489674713e-01,6.116991455874599797e-03,-3.248546876891727359e-03,2.146691926895797908e-01,5.963315675937509025e-02,-6.852000646581762541e-03,2.755183152309651461e-03,4.419925218273424404e-03,-3.260619599505575894e-01,-3.518373769494336223e-01,1.483154175008668807e-01,-7.981137819606459738e-02,5.207127966466902347e-01,1.189986515990880678e+00,7.327598671129659236e-02,1.384757452628740726e+00,-3.328811592137901898e-01,-1.092521574826561814e-01,-1.743543656941490272e-02,4.486302747340073505e-01,-1.623967321419774290e+00,1.127014812943125943e-01,-1.318343368177598895e+00
0.210000,0.000000000000000000e+00,0.000000000000000000e+00,2.963393238488594705e-01,7.275563564852508547e-01,8.271566145571082618e-19,6.860479197096269743e-01,8.271566145571082618e-19,-3.081302841922340385e-01,4.735213549285466339e-03,-1.401880611297092252e-03,2.936319406100071361e-01,2.744819657018046991e-02,-4.844585341734686766e-03,-2.787531991153326949e-01,6.122684438296960990e-03,-3.232564099321885188e-03,2.094625669889527420e-01,6.240803964186961150e-02,-6.849498616612347858e-03,2.908276828645481229e-03,4.493674980841294055e-03,-3.268183725249817484e-01,-4.066350098618742304e-01,1.483841093310564463e-01,-7.596262029628658707e-02,6.261067859778683964e-01,1.181002348975608962e+00,5.651652852183682019e-02,1.416216224494511566e+00,-3.800362318159693498e-01,-1.097778424463475844e-01,-2.507035812670132396e-02,5.384799623442626526e-01,-1.620631304606878986e+00,1.131180998470910498e-01,-1.343283610737961320e+00
0.220000,0.000000000000000000e+00,0.000000000000000000e+00,3.028406262545068062e-01,7.304567443657257186e-01,6.203804556232534639e-19,6.829589626109499045e-01,6.203804556232534639e-19,-3.052762655511879197e-01,4.735529363760557740e-03,-1.386448096963222151e-03,2.875869322134510520e-01,3.064956125133648859e-02,-4.840278821500692066e-03,-2.759906102884172596e-01,6.129080793904369620e-03,-3.214540803531932504e-03,2.036143723261545357e-01,6.551468405872974687e-02,-6.846687509706811219e-03,2.998222454646314126e-03,4.505234045281822017e-03,-3.273974786917619451e-01,-4.663648000594976528e-01,1.485480639758698096e-01,-7.227774917671829502e-02,7.423866078019202286e-01,1.171860966001281090e+00,3.696028703229013723e-02,1.452312104330498510e+00,-4.304851421567053582e-01,-1.105402944400822318e-01,-3.350886023485730170e-02,6.357454084820074458e-01,-1.617067693469098399e+00,1.135004080265194643e-01,-1.374270685005809955e+00
0.230000,0.000000000000000000e+00,0.000000000000000000e+00,3.093419286601540863e-01,7.333440176946113276e-01,4.135931584371355683e-19,6.798577437313823024e-01,4.135931584371355683e-19,-2.992300162046087619e-01,4.738817709898968805e-03,-1.355156371143364895e-03,2.748197919053423921e-01,3.737974458199155164e-02,-4.834409755689589479e-03,-2.698258410430515730e-01,6.144812667767005250e-03,-3.174941069083963511e-03,1.906021765608592322e-01,7.238776154757649295e-02,-6.842213458320191462e-03,2.978622655201376875e-03,4.473109719874229090e-03,-3.277664330998451003e-01,-5.399996991540992886e-01,1.495234986539831223e-01,-6.919047983494673593e-02,8.997225318687794848e-01,1.162652427658963594e+00,3.471949476215360764e-03,1.519145102010849291e+00,-4.861369299057520244e-01,-1.123599987455303484e-01,-4.411902958634297822e-02,7.531766683336996726e-01,-1.612730773030890186e+00,1.136456204045669105e-01,-1.425122250256390499e+00
0.240000,0.000000000000000000e+00,0.000000000000000000e+00,3.158432310658013664e-01,7.362181246340726570e-01,2.067984356383863382e-19,6.767443187499170287e-01,2.067984356383863382e-19,-2.952081008274289875e-01,4.737820248794097529e-03,-1.332811675876339856e-03,2.663833849055897152e-01,4.181736084912619777e-02,-4.826823336804253808e-03,-2.661486111663725618e-01,6.152472629003509844e-03,-3.150648455492195861e-03,1.828999042421453891e-01,7.645478314705513034e-02,-6.837694749579390809e-03,2.178328974223968633e-03,4.060170074892613043e-03,-3.254118087605168963e-01,-6.129999609113108150e-01,1.504646081477755970e-01,-6.670658577074346784e-02,1.049162715542540258e+00,1.155932206261086170e+00,-2.738885285490547106e-02,1.580101716970653936e+00,-5.457030223400993751e-01,-1.145781528805010496e-01,-5.519529989828651784e-02,8.726996083842898377e-01,-1.608269665680266636e+00,1.135868743983804025e-01,-1.475528149435515912e+00
0.250000,0.000000000000000000e+00,0.000000000000000000e+00,3.223445334714486465e-01,7.390790135826659224e-01,0.000000000000000000e+00,6.736187435646915356e-01,0.000000000000000000e+00,-2.941297420986618283e-01,4.737286330882503095e-03,-1.326690936689396347e-03,2.641296120774659917e-01,4.300042254408407982e-02,-4.824476482933573625e-03,-2.651934179746755493e-01,6.154305126327436030e-03,-3.144276505901493542e-03,1.809080933502985045e-01,7.750472236411277971e-02,-6.836346140805756900e-03,1.849534514881427108e-03,3.894717071273974367e-03,-3.242895019816425806e-01,-6.846054324653636503e-01,1.498511409329825739e-01,-6.158204219533942175e-02,1.174842507092935806e+00,1.147030502132957652e+00,-4.547913507664461119e-02,1.614430000000000032e+00,-6.087800126484126384e-01,-1.157204530351810257e-01,-6.484503437443522866e-02,9.821342922686735477e-01,-1.604481427746294209e+00,1.141838233483172121e-01,-1.503250935448519066e+00
0.260000,0.000000000000000000e+00,0.000000000000000000e+00,3.223445334714486465e-01,7.353197542896493522e-01,3.219812533705197350e-19,6.777203397799196338e-01,3.219812533705197350e-19,-3.028465104755279080e-01,4.732011182361281834e-03,-1.371501900736204821e-03,2.824491192163476327e-01,3.338484562209986795e-02,-4.832369309206126402e-03,-2.756028348838029940e-01,6.126418153373115218e-03,-3.210594708025450109e-03,2.028112661826866614e-01,6.598561145109681225e-02,-6.842799587755973335e-03,2.601429292369574885e-03,4.244513418657760474e-03,-3.282676205948352743e-01,-6.042609831176344315e-01,1.485444156909405400e-01,-6.410539843830014017e-02,1.015398384738839477e+00,1.156702500239811915e+00,-1.290275026327599751e-02,1.538940731770638060e+00,-5.354826990243064522e-01,-1.147560845713009731e-01,-5.077264066544553284e-02,8.396874160185989755e-01,-1.609574639728404311e+00,1.112582246073965941e-01,-1.429891887479992629e+00
0.270000,0.000000000000000000e+00,0.000000000000000000e+00,3.223445334714486465e-01,7.315377330839691883e-01,6.439525397720494490e-19,6.818009570793864826e-01,6.439525397720494490e-19,-3.133667198636784779e-01,4.723959703534314804e-03,-1.424751546421281628e-03,3.045643006382791618e-01,2.178413156654514238e-02,-4.839912926393297177e-03,-2.884916598169046664e-01,6.090948317937452949e-03,-3.292315560189819964e-03,2.299417082870575113e-01,5.172861560262906333e-02,-6.849715173038979123e-03,3.071511513718937474e-03,4.491374431412644558e-03,-3.298095943420409348e-01,-5.053192735129309332e-01,1.469213846207074459e-01,-6.720193291723487727e-02,8.128493710816899753e-01,1.168904367323978732e+00,2.969043827908802655e-02,1.442513820914236966e+00,-4.518223029756953668e-01,-1.134932994832138498e-01,-3.429132358642979217e-02,6.714973754270525674e-01,-1.615708056188022157e+00,1.080169166876604608e-01,-1.342948455236220084e+00
0.280000,0.000000000000000000e+00,0.000000000000000000e+00,3.223445334714486465e-01,7.277330670385555589e-01,9.659038925441995427e-19,6.858604691470834291e-01,9.659038925441995427e-19,-3.235894088353746811e-01,4.714159522271900091e-03,-1.475739091376278723e-03,3.261360755069781514e-01,1.043878558728458458e-02,-4.845517254697118137e-03,-3.015987009150972176e-01,6.053470030448920326e-03,-3.374979954123298771e-03,2.576231330781205697e-01,3.715915993316099009e-02,-6.856446287239679506e-03,2.898378290877611126e-03,4.438901876914868282e-03,-3.282846193676482449e-01,-4.155519483045692075e-01,1.453207767590204702e-01,-7.099529027245472801e-02,6.306395403546027900e-01,1.183848658631719619e+00,6.651995145750734528e-02,1.354832137018759264e+00,-3.756649341139839948e-01,-1.136750148445366954e-01,-1.966082043135543300e-02,5.166706537852154835e-01,-1.620914397849322341e+00,1.045951690210644158e-01,-1.264420388484894131e+00
0.290000,0.000000000000000000e+00,0.000000000000000000e+00,3.223445334714486465e-01,7.239058739273088738e-01,1.287825345643610815e-18,6.898987503203201088e-01,1.287825345643610815e-18,-3.313515090860830181e-01,4.707221402269542478e-03,-1.514942134213844490e-03,3.425732750957912742e-01,1.764145334331996932e-03,-4.850896978225572101e-03,-3.113387583048830010e-01,6.025780335398515063e-03,-3.436606191225387991e-03,2.782495159680423713e-01,2.627454557784117406e-02,-6.862608691521149447e-03,2.753256283498840221e-03,4.365996656627149815e-03,-3.277838939339259849e-01,-3.483844386320354980e-01,1.440783611129032582e-01,-7.469449465287446299e-02,4.984094592018387115e-01,1.196970447841042562e+00,9.068120425149124586e-02,1.291841813568122221e+00,-3.146737228546227505e-01,-1.150317553366947548e-01,-8.599754098634840999e-03,3.964889364196337862e-01,-1.624519142975630492e+00,1.014227038015216853e-01,-1.204704594909028925e+00
0.300000,0.000000000000000000e+00,0.000000000000000000e+00,3.223445334714486465e-01,7.200562722214551847e-01,1.609706933952105760e-18,6.939156755936138898e-01,1.609706933952105760e-18,-3.381792829736168793e-01,4.700808369815470678e-03,-1.549389439124243886e-03,3.570830680566682847e-01,-5.916279764219784659e-03,-4.855549362767471247e-03,-3.198998102187560755e-01,6.001207281608985852e-03,-3.490759316308418223e-03,2.964305197264872072e-01,1.665883780179060886e-02,-6.868326977606867972e-03,2.511180301645809035e-03,4.237227386943472583e-03,-3.269636348555682304e-01,-2.874247976561007389e-01,1.430764953020632613e-01,-7.889541006197256512e-02,3.758080208962051860e-01,1.209725889637559115e+00,1.113083715815454400e-01,1.235715958129088188e+00,-2.582720823261113186e-01,-1.168610920460031871e-01,1.219134311591800945e-03,2.860723425141960541e-01,-1.627552908056863590e+00,9.831226371425999533e-02,-1.151233296750617585e+00
0.310000,0.000000000000000000e+00,0.000000000000000000e+00,3.223445334714486465e-01,7.161843810858921078e-01,1.931538693586715519e-18,6.979111206225457886e-01,1.931538693586715519e-18,-3.424508610778027595e-01,4.698008122660657718e-03,-1.571749704209847442e-03,3.662399994373203849e-01,-1.080493502967069461e-02,-4.860243640837898574e-03,-3.248725457304684205e-01,5.987587554042972035e-03,-3.522585769556168308e-03,3.070706322963411838e-01,1.098682840272353911e-02,-6.872927899811318367e-03,2.543935794464130540e-03,4.215034093482755706e-03,-3.273584182210176330e-01,-2.388814168851036424e-01,1.428577609843377505e-01,-8.353480899919520086e-02,2.866696164262003133e-01,1.219793888478348132e+00,1.246949111352007172e-01,1.195419707428040601e+00,-2.102074922009074254e-01,-1.192899447764473597e-01,8.748423501096429938e-03,1.963345372673453437e-01,-1.629636982620913166e+00,9.541164007055139007e-02,-1.109872498042783651e+00
0.320000,0.000000000000000000e+00,0.000000000000000000e+00,3.223445334714486465e-01,7.122903203754691326e-01,2.253310662202589188e-18,7.018849617276405883e-01,2.253310662202589188e-18,-3.479089712924736677e-01,4.692180090025881503e-03,-1.599039197428887057e-03,3.779245866422173417e-01,-1.702759851663975324e-02,-4.863409451024527583e-03,-3.317674181050045967e-01,5.967351534495395071e-03,-3.566109335894101628e-03,3.217989919910391183e-01,3.161390122198431962e-03,-6.877600359534581133e-03,2.231147164399523673e-03,4.064678926594255705e-03,-3.262689161540205385e-01,-1.840626210266231577e-01,1.425806699090492180e-01,-8.889013916687132921e-02,1.759062698943231196e-01,1.231616540397102222e+00,1.416029121596821538e-01,1.147785361856397568e+00,-1.584956480005785262e-01,-1.215574468780080547e-01,1.706474601945498493e-02,9.840817090152885471e-02,-1.632028974670847843e+00,9.241090542210729508e-02,-1.064469209238318337e+00
0.330000,0.000000000000000000e+00,0.000000000000000000e+00,3.223445334714486465e-01,7.083742106313304365e-01,2.575012879316316619e-18,7.058370758981420412e-01,2.575012879316316619e-18,-3.511130177331509006e-01,4.689150445393507234e-03,-1.615408572553784800e-03,3.848925678610992662e-01,-2.079058615047169739e-02,-4.866030994741710365e-03,-3.356324001738293372e-01,5.956175386557869232e-03,-3.590669479107137536e-03,3.301662983385205696e-01,-1.338227593822327675e-03,-6.880937971688318514e-03,2.180146483598820271e-03,4.027250677055890966e-03,-3.260583187189526888e-01,-1.385798958247812795e-01,1.432711417016229449e-01,-9.489313678522737217e-02,9.436007302998364321e-02,1.241066284932404340e+00,1.526442354652830791e-01,1.113818137370759631e+00,-1.129408212972490277e-01,-1.243077372907326755e-01,2.347657848677303649e-02,1.770249582175845160e-02,-1.633656765067245331e+00,8.959353372097186852e-02,-1.029589369488205453e+00
0.340000,0.000000000000000000e+00,0.000000000000000000e+00,3.223445334714486465e-01,7.044361730771080410e-01,2.693953933941683541e-18,7.097673407958967617e-01,2.693953933941683541e-18,-3.546990803289583050e-01,4.685608081314934781e-03,-1.633511718282504473e-03,3.926475065874012182e-01,-2.495825491943910041e-02,-4.868496812405422383e-03,-3.399581698675795960e-01,5.943683232651433661e-03,-3.618085916096354208e-03,3.394871313292019410e-01,-6.331177960969107572e-03,-6.884165161575273376e-03,2.151120478225033647e-03,4.029324901413846270e-03,-3.258178089454752957e-01,-8.834181919551124806e-02,1.440496240641452319e-01,-1.008923885014556682e-01,4.516590043846550537e-03,1.250713638751050905e+00,1.660248828849204272e-01,1.075736819771912378e+00,-6.393413593013320961e-02,-1.267221763033323789e-01,3.064052276283671383e-02,-6.954024403587255598e-02,-1.635637262184868046e+00,8.676040889108384280e-02,-9.915093121609126481e-01
0.350000,0.000000000000000000e+00,0.000000000000000000e+00,3.223445334714486465e-01,7.004763296152600738e-01,3.739058835703485124e-18,7.136756347590504923e-01,3.739058835703485124e-18,-3.577109879028970707e-01,4.681629917160019458e-03,-1.648206080105559055e-03,3.992189372739828879e-01,-2.851393431054249569e-02,-4.869462026417694170e-03,-3.436529336801895096e-01,5.932480209207590012e-03,-3.641311190335356791e-03,3.475045336271121443e-01,-1.064721952297196378e-02,-6.886563367246352312e-03,2.095141615841417376e-03,4.035604103615158915e-03,-3.253269793330333393e-01,-4.025418863009368187e-02,1.453231179083640245e-01,-1.074680903920159358e-01,-7.787686595976908710e-02,1.260113102907529425e+00,1.773579137479890933e-01,1.042732210233572765e+00,-1.647651819081807217e-02,-1.293213180303908472e-01,3.711706143866110724e-02,-1.506500062263349260e-01,-1.637324658528719779e+00,8.399959009954437172e-02,-9.582760830992399503e-01
0.360000,0.000000000000000000e+00,0.000000000000000000e+00,3.223445334714486465e-01,6.964948028231989774e-01,1.289983786722850936e-18,7.175618368059112351e-01,1.289983786722850936e-18,-3.607228954768358364e-01,4.677651753005104135e-03,-1.662900441928613637e-03,4.057903679605645575e-01,-3.206961370164591180e-02,-4.870427240429965957e-03,-3.473476974927994787e-01,5.921277185763746363e-03,-3.664536464574359373e-03,3.555219359250224032e-01,-1.496326108497484514e-02,-6.888961572917432115e-03,2.039162753457801104e-03,4.041883305816470692e-03,-3.248361497205913273e-01,7.833441935324158417e-03,1.465966117525828172e-01,-1.140437922825762590e-01,-1.602703219633851983e-01,1.269512567064007946e+00,1.886909446110578426e-01,1.009727600695232930e+00,3.098109954849733588e-02,-1.319204597574493709e-01,4.359360011448553535e-02,-2.317597684167977679e-01,-1.639012054872571733e+00,8.123877130800488677e-02,-9.250428540375671416e-01
0.370000,0.000000000000000000e+00,0.000000000000000000e+00,3.223445334714486465e-01,6.924917159495836971e-01,1.771703302074532528e-18,7.214258266386095464e-01,1.771703302074532528e-18,-3.603154010245588901e-01,4.678280820627173792e-03,-1.660962322628850921e-03,4.051110730446778052e-01,-3.179823436617518206e-02,-4.870387586425963672e-03,-3.467372698829104261e-01,5.923168565404941105e-03,-3.660711428410459971e-03,3.544114381205462072e-01,-1.446472092883162135e-02,-6.888574153197176038e-03,2.022878006374034636e-03,4.024371206596876437e-03,-3.248003197060096436e-01,5.264523174009644313e-02,1.476316480653955820e-01,-1.197505749041296724e-01,-2.263094067299340484e-01,1.278010963416051471e+00,1.934752821009331214e-01,9.888211065626028029e-01,7.668084306131567329e-02,-1.344097039059514997e-01,4.833815303141748843e-02,-2.983955653514873130e-01,-1.639812721113628635e+00,7.819185906518041906e-02,-9.046216823943619145e-01
0.380000,0.000000000000000000e+00,0.000000000000000000e+00,3.223445334714486465e-01,6.884671929104562160e-01,2.253367974134348801e-18,7.252674846468691872e-01,2.253367974134348801e-18,-3.599079065722819992e-01,4.678909888249244316e-03,-1.659024203329087987e-03,4.044317781287911084e-01,-3.152685503070445233e-02,-4.870347932421960520e-03,-3.461268422730213734e-01,5.925059945046136714e-03,-3.656886392246561004e-03,3.533009403160699557e-01,-1.396618077268839755e-02,-6.888186733476919961e-03,2.006593259290268168e-03,4.006859107377282181e-03,-3.247644896914279600e-01,9.745702154486873825e-02,1.486666843782083192e-01,-1.254573575256830720e-01,-2.923484914964828985e-01,1.286509359768094996e+00,1.982596195908083725e-01,9.679146124299726761e-01,1.223805865741340038e-01,-1.368989480544536286e-01,5.308270594834943457e-02,-3.650313622861768859e-01,-1.640613387354685537e+00,7.514494682235595135e-02,-8.842005107511565765e-01
0.390000,0.000000000000000000e+00,0.000000000000000000e+00,3.223445334714486465e-01,6.844213582854159483e-01,2.734962892913889763e-18,7.290866919117002798e-01,2.734962892913889763e-18,-3.595004121200050529e-01,4.679538955871313972e-03,-1.657086084029325270e-03,4.037524832129043562e-01,-3.125547569523372954e-02,-4.870308278417958235e-03,-3.455164146631323763e-01,5.926951324687331456e-03,-3.653061356082661602e-03,3.521904425115937598e-01,-1.346764061654517376e-02,-6.887799313756664751e-03,1.990308512206501266e-03,3.989347008157688793e-03,-3.247286596768462208e-01,1.422688113496410334e-01,1.497017206910210840e-01,-1.311641401472364854e-01,-3.583875762630317485e-01,1.295007756120138298e+00,2.030439570806836513e-01,9.470081182973425493e-01,1.680803300869523620e-01,-1.393881922029557852e-01,5.782725886528138765e-02,-4.316671592208664032e-01,-1.641414053595742661e+00,7.209803457953148365e-02,-8.637793391079513494e-01
0.400000,0.000000000000000000e+00,0.000000000000000000e+00,3.223445334714486465e-01,6.803543373137681538e-01,3.216473150583554191e-18,7.328833302090745905e-01,3.216473150583554191e-18,-3.562764068892584346e-01,4.682545312111831802e-03,-1.640862242603919902e-03,3.969613848225050923e-01,-2.768848012034889547e-02,-4.868193167799579613e-03,-3.415042659686172155e-01,5.938399184204647650e-03,-3.627670627575203983e-03,3.437298310040096672e-01,-9.019429227936871449e-03,-6.885231017000889749e-03,1.975500834336649074e-03,3.975768908053386140e-03,-3.246892170195013194e-01,1.913932567507280191e-01,1.528339443572165612e-01,-1.374088507141873472e-01,-4.158003168690014850e-01,1.300707147814668563e+00,2.041695616770849986e-01,9.390624539311747121e-01,2.198769248033913548e-01,-1.421923696171882856e-01,6.218241900942517164e-02,-4.896762392055531987e-01,-1.641094093923936015e+00,6.914097212471444209e-02,-8.580286728835458954e-01
0.410000,0.000000000000000000e+00,0.000000000000000000e+00,3.223445334714486465e-01,6.762662558906433752e-01,3.697883841934592553e-18,7.366572820135908195e-01,3.697883841934592553e-18,-3.510427495264821784e-01,4.688315316465660292e-03,-1.614842358645076541e-03,3.858596745091779079e-01,-2.182413528803671746e-02,-4.865505190797429075e-03,-3.349908221395547780e-01,5.957451240796707986e-03,-3.586566573916193882e-03,3.299176728453325769e-01,-1.727659339133253910e-03,-6.881034587789278470e-03,1.977290885359812411e-03,3.953786642792912580e-03,-3.245510858333958693e-01,2.422758468559807754e-01,1.572637869772270658e-01,-1.443580150915365901e-01,-4.684175688014380334e-01,1.304663782018596230e+00,2.034860485813571596e-01,9.379822649232226750e-01,2.743781842240198277e-01,-1.451232236470093029e-01,6.632798666945802224e-02,-5.430578378188565258e-01,-1.640148178821536407e+00,6.633080283711258185e-02,-8.596648224616268985e-01
0.420000,0.000000000000000000e+00,0.000000000000000000e+00,3.223445334714486465e-01,6.721572405631006664e-01,4.179180064840299437e-18,7.404084305021101375e-01,4.179180064840299437e-18,-3.492747246793070359e-01,4.692371962930895479e-03,-1.606909451372581137e-03,3.823406352274243414e-01,-2.007896774972800849e-02,-4.866420118004409837e-03,-3.329739193641166328e-01,5.964327106720374028e-03,-3.574034515562120578e-03,3.258714028862286227e-01,2.908488771371136108e-04,-6.879468278594643577e-03,1.945563808626470451e-03,3.901842142379152722e-03,-3.243792307616323867e-01,2.852324307677797655e-01,1.593851061211192521e-01,-1.516978346515822362e-01,-5.343397898027848480e-01,1.312454237539838031e+00,2.093860930505446194e-01,9.169259466258157243e-01,3.181812041232879307e-01,-1.476804425311616098e-01,7.101084739816219960e-02,-6.087519044632592191e-01,-1.640777267577497867e+00,6.360178357811642480e-02,-8.380936676949454212e-01
0.430000,0.000000000000000000e+00,0.000000000000000000e+00,3.223445334714486465e-01,6.680274185262095044e-01,4.660346920717556112e-18,7.441366595573749576e-01,4.660346920717556112e-18,-3.445620983962405792e-01,4.697656365758745046e-03,-1.583451398504596118e-03,3.723782543074599105e-01,-1.483297088298824590e-02,-4.863928010293021645e-03,-3.270604844154818003e-01,5.981724633030397094e-03,-3.536705191559363221e-03,3.133651434884311415e-01,6.875829913989223684e-03,-6.875419096671306178e-03,1.954164651287717321e-03,3.889435863017806205e-03,-3.242555901299158383e-01,3.348701714062881085e-01,1.633973350960031823e-01,-1.587450523328281793e-01,-5.878395232550359673e-01,1.317034042149620499e+00,2.093738341653974822e-01,9.135004025269637395e-01,3.709604985841248870e-01,-1.505071579477969823e-01,7.520041073992103642e-02,-6.633595948498568484e-01,-1.640090017088192020e+00,6.080701220316706707e-02,-8.367988142890775416e-01
0.440000,0.000000000000000000e+00,0.000000000000000000e+00,3.223445334714486465e-01,6.638769176191159360e-01,5.141369514987517983e-18,7.478418537715990633e-01,5.141369514987517983e-18,-3.394766011303865794e-01,4.702890284482961862e-03,-1.557922619426651894e-03,3.615921613046033101e-01,-9.135284801949312972e-03,-4.860771373428524056e-03,-3.207209155966949110e-01,6.000126261768093903e-03,-3.496612581207845377e-03,2.999228961619260225e-01,1.397229795896895790e-02,-6.870992912050770222e-03,1.958447740539220536e-03,3.880265175697401002e-03,-3.241234831685994577e-01,3.855203647960783742e-01,1.676773133138350635e-01,-1.658093546303665844e-01,-6.397614617138807080e-01,1.321210015490923206e+00,2.085250959976951979e-01,9.125890539975993754e-01,4.250775445506387862e-01,-1.533713444035440243e-01,7.933036466814163967e-02,-7.163553668922912898e-01,-1.639211581402063134e+00,5.800434430319383050e-02,-8.384442004107446333e-01
0.450000,0.000000000000000000e+00,0.000000000000000000e+00,3.223445334714486465e-01,6.597058663210814133e-01,5.622232957537122867e-18,7.515238984500436370e-01,5.622232957537122867e-18,-3.340157249865055578e-01,4.708029895561465124e-03,-1.530305480667104243e-03,3.499722105250834270e-01,-2.977907601051242754e-03,-4.856930006177755110e-03,-3.139588083420511433e-01,6.019494145396838899e-03,-3.453777250385728533e-03,2.855474469494929113e-01,2.158177302408213066e-02,-6.866220254640260402e-03,1.956557434716155695e-03,3.875329157022495974e-03,-3.240102181011847993e-01,4.372851390047409748e-01,1.722813871672038699e-01,-1.728853866165951381e-01,-6.900368547187381019e-01,1.324924161481186191e+00,2.068359572209653441e-01,9.143534083854096828e-01,4.806669914421395351e-01,-1.562926654827392348e-01,8.340572058284224932e-02,-7.676389946665923558e-01,-1.638124917510225487e+00,5.519131580925350222e-02,-8.432380286393528213e-01
0.460000,0.000000000000000000e+00,0.000000000000000000e+00,3.223445334714486465e-01,6.555143937475068627e-01,6.102922363179959097e-18,7.551826796145675313e-01,6.102922363179959097e-18,-3.239081133908640053e-01,4.716875448438810105e-03,-1.479426788137410201e-03,3.282023436786274395e-01,8.684036327054792115e-03,-4.850407909413516870e-03,-3.013220482641673637e-01,6.055215024369293118e-03,-3.373915462463162717e-03,2.584225593772394580e-01,3.607208520860694101e-02,-6.859370230820022001e-03,1.972161124528013822e-03,3.857561117646130053e-03,-3.239568961341721121e-01,4.995434936045580199e-01,1.803259639849676133e-01,-1.789477828249834979e-01,-7.270876829792182194e-01,1.323224249173497569e+00,1.979581378453038887e-01,9.395234064178958899e-01,5.506892033567717393e-01,-1.599827040673492129e-01,8.685116216778455966e-02,-8.054164957712558470e-01,-1.634856461116108051e+00,5.222409627199305765e-02,-8.760947307048143617e-01
0.470000,0.000000000000000000e+00,0.000000000000000000e+00,3.223445334714486465e-01,6.513026296459371034e-01,6.583422852116847817e-18,7.588180840071534483e-01,6.583422852116847817e-18,-3.198268260304250599e-01,4.720077503013467290e-03,-1.458319999517305099e-03,3.195626220054328392e-01,1.324309370812065331e-02,-4.846451743905363409e-03,-2.964046052381404395e-01,6.068997700192754925e-03,-3.342559793517398212e-03,2.480128420111590293e-01,4.156341452273701331e-02,-6.854958431011945290e-03,1.948982687665257564e-03,3.866990293517562089e-03,-3.238740942264617395e-01,5.487682571041937463e-01,1.840387181336182731e-01,-1.864431967435107029e-01,-7.800345600853008099e-01,1.328473956605292772e+00,1.978857310478968345e-01,9.360399509692456377e-01,6.026777328046472038e-01,-1.626878858915201120e-01,9.108573257237295717e-02,-8.592889829010247338e-01,-1.634335055290017769e+00,4.944169062675886350e-02,-8.745503415056816721e-01
0.480000,0.000000000000000000e+00,0.000000000000000000e+00,3.223445334714486465e-01,6.470707043920438384e-01,7.063719550396492300e-18,7.624299990934145788e-01,7.063719550396492300e-18,-3.090189277447629723e-01,4.727080889660656600e-03,-1.403058862413403491e-03,2.961659778780467711e-01,2.584222943556941515e-02,-4.837442196173545247e-03,-2.832577331194214842e-01,6.104760075348364574e-03,-3.259095984182328130e-03,2.196653263637690368e-01,5.678840378635983260e-02,-6.847858185812889451e-03,1.910847819704720573e-03,3.876139094460051993e-03,-3.241231990579073186e-01,6.143792882620340290e-01,1.933676063955937774e-01,-1.921315666015648294e-01,-8.121153602494096679e-01,1.325540420798374308e+00,1.869341472973934937e-01,9.691406507184321395e-01,6.771120654549570572e-01,-1.667851734291074528e-01,9.420536038734275697e-02,-8.913526590428916263e-01,-1.630390534195220065e+00,4.634774129074732685e-02,-9.171316117776215915e-01
0.490000,0.000000000000000000e+00,0.000000000000000000e+00,3.223445334714486465e-01,6.428187489855888836e-01,7.543797590376124181e-18,7.660183130660798145e-01,7.543797590376124181e-18,-3.015743349217123725e-01,4.732183610271579847e-03,-1.364874899551399810e-03,2.801477949777563814e-01,3.442132598982674402e-02,-4.830959339553559002e-03,-2.742255755470485168e-01,6.129532600837900302e-03,-3.201686245041910836e-03,2.002867098570337845e-01,6.714656307523630963e-02,-6.842102163309323609e-03,1.880191167293073732e-03,3.885428082867013397e-03,-3.242063505197749773e-01,6.717971855907721723e-01,1.998884276009068872e-01,-1.987234584898555090e-01,-8.546291988845055032e-01,1.326698506610812789e+00,1.814221520234382545e-01,9.839492728687002643e-01,7.403234965040499382e-01,-1.701864081099865589e-01,9.788245949712186256e-02,-9.343207406787095159e-01,-1.628157570734776183e+00,4.340956380012446492e-02,-9.376500523140252064e-01
0.500000,0.000000000000000000e+00,0.000000000000000000e+00,3.223445334714486465e-01,6.385468950463700777e-01,0.000000000000000000e+00,7.695829148484523152e-01,0.000000000000000000e+00,-2.941297420986618283e-01,4.737286330882503095e-03,-1.326690936689396347e-03,2.641296120774659917e-01,4.300042254408407982e-02,-4.824476482933573625e-03,-2.651934179746755493e-01,6.154305126327436030e-03,-3.144276505901493542e-03,1.809080933502985045e-01,7.750472236411277971e-02,-6.836346140805756900e-03,1.849534514881427108e-03,3.894717071273974367e-03,-3.242895019816425806e-01,7.292150829195103157e-01,2.064092488062199970e-01,-2.053153503781462164e-01,-8.971430375196013385e-01,1.327856592423251048e+00,1.759101567494830431e-01,9.987578950189685001e-01,8.035349275531427082e-01,-1.735876427908656927e-01,1.015595586069009681e-01,-9.772888223145275166e-01,-1.625924607274332079e+00,4.047138630950158911e-02,-9.581684928504289323e-01
0.510000,0.000000000000000000e+00,0.000000000000000000e+00,3.172585880580533479e-01,6.332747376713098175e-01,8.612471308233118823e-18,7.739270680285925685e-01,8.612471308233118823e-18,-3.054355802626793071e-01,4.061067585759577797e-03,-1.003909388824989011e-03,2.938090172211272888e-01,2.456173132499489542e-02,-4.071222720131343654e-03,-2.815278093780674840e-01,7.186559736367814297e-03,-3.831513976441159632e-03,2.248982923586063665e-01,4.930058154606929005e-02,-8.063220870545879590e-03,1.866362521598425358e-03,3.870877854445352144e-03,-3.302595451608635879e-01,7.207859441235860976e-01,2.052802300666897173e-01,-2.036129332121389413e-01,-8.897745522679779695e-01,1.325903246915834499e+00,1.726456649550323352e-01,1.017126286324999018e+00,7.928588192479191221e-01,-1.700677747024890996e-01,1.014244941170028280e-01,-9.694688750995987814e-01,-1.627682248369639595e+00,4.293469699298261416e-02,-9.771550979666584480e-01
0.520000,0.000000000000000000e+00,0.000000000000000000e+00,3.121726426446579938e-01,6.279730270675988324e-01,9.200898584414396984e-18,7.782351041141467585e-01,9.200898584414396984e-18,-3.167414184266967858e-01,3.384848840636653367e-03,-6.811278409605815666e-04,3.234884223647885859e-01,6.123040105905711017e-03,-3.317968957329112817e-03,-2.978622007814594186e-01,8.218814346408191696e-03,-4.518751446980825287e-03,2.688884913669142285e-01,2.109644072802580039e-02,-9.290095600286003147e-03,1.883190528315423825e-03,3.847038637616729921e-03,-3.362295883400845398e-01,7.123568053276619905e-01,2.041512113271594375e-01,-2.019105160461316661e-01,-8.824060670163546005e-01,1.323949901408417951e+00,1.693811731605816273e-01,1.035494677631029647e+00,7.821827109426954250e-01,-1.665479066141125342e-01,1.012894296271046740e-01,-9.616489278846700461e-01,-1.629439889464947111e+00,4.539800767646363922e-02,-9.961417030828879637e-01
0.530000,0.000000000000000000e+00,0.000000000000000000e+00,3.070866972312626952e-01,6.226420106518107955e-01,9.788896479407003064e-18,7.825068220606580249e-01,9.788896479407003064e-18,-3.280472565907143201e-01,2.708630095513728069e-03,-3.583462930961741223e-04,3.531678275084498830e-01,-1.231565111318347339e-02,-2.564715194526882413e-03,-3.141965921848514087e-01,9.251068956448570829e-03,-5.205988917520491810e-03,3.128786903752220905e-01,-7.107700090017696204e-03,-1.051697033002612670e-02,1.900018535032422075e-03,3.823199420788108132e-03,-3.421996315193055471e-01,7.039276665317377724e-01,2.030221925876291578e-01,-2.002080988801243910e-01,-8.750375817647312315e-01,1.321996555901001402e+00,1.661166813661309194e-01,1.053863068937060277e+00,7.715066026374718389e-01,-1.630280385257359410e-01,1.011543651372065339e-01,-9.538289806697413109e-01,-1.631197530560254849e+00,4.786131835994466427e-02,-1.015128308199117368e+00
0.540000,0.000000000000000000e+00,0.000000000000000000e+00,3.020007518178673966e-01,6.172819372081439493e-01,1.037643755293062763e-17,7.867420225185388638e-01,1.037643755293062763e-17,-3.348406763327250180e-01,2.021739336256127804e-03,-3.299049300445469146e-05,3.737660933265784524e-01,-2.602648271837103289e-02,-1.803776271884375030e-03,-3.261047538827325787e-01,1.029230997660344170e-02,-5.839682405020312980e-03,3.493990152925348647e-01,-3.099043871418521306e-02,-1.173135663354452421e-02,1.923665930001579620e-03,3.813340908237573823e-03,-3.481437452613028727e-01,6.950939241276068437e-01,2.020005711567738060e-01,-1.983494935344005394e-01,-8.683747182000741693e-01,1.320339788790701130e+00,1.630607312578172263e-01,1.071153534886366776e+00,7.604258727556105768e-01,-1.597871706600843822e-01,1.006515077136663078e-01,-9.468649262053440152e-01,-1.632517408035904172e+00,5.033494419666328934e-02,-1.032977430819244091e+00
0.550000,0.000000000000000000e+00,0.000000000000000000e+00,2.969148064044720980e-01,6.118930568768083944e-01,1.096349438602373769e-17,7.909405078423756841e-01,1.096349438602373769e-17,-3.467115158120823160e-01,1.357700038094553866e-03,3.370058753866776182e-04,4.051435114352938682e-01,-4.544969769907926394e-02,-1.039034309706618952e-03,-3.447465086963082959e-01,1.127572723455779607e-02,-6.651301826220966731e-03,4.000388816231935651e-01,-6.225700837453844450e-02,-1.297563341157696032e-02,1.942092265634416887e-03,3.792829301708587099e-03,-3.541080589201025530e-01,6.865886578836376541e-01,2.008787607024264121e-01,-1.966330080319216300e-01,-8.610440064581980080e-01,1.318421558678696037e+00,1.598077685501536616e-01,1.089409036423696575e+00,7.496819656636377616e-01,-1.562803266375518418e-01,1.004678376322355737e-01,-9.391059241137862390e-01,-1.634202478607449605e+00,5.283146966921798554e-02,-1.051841862011755335e+00
0.560000,0.000000000000000000e+00,0.000000000000000000e+00,2.918288609910767439e-01,6.064756211423527610e-01,1.155003958232311989e-17,7.951020821001523187e-01,1.155003958232311989e-17,-3.599149321691946790e-01,7.052408579613548374e-04,7.389767104694496772e-04,4.395646978921756709e-01,-6.661024646797049364e-02,-2.660606134434697788e-04,-3.630572890407653963e-01,1.222723461794585596e-02,-7.528924912172039498e-03,4.470465164546258974e-01,-9.345404409051882855e-02,-1.423244358245158436e-02,1.966446493950212062e-03,3.784754116135693059e-03,-3.600475545695572821e-01,6.781428933786214364e-01,1.997892773944592304e-01,-1.948923928256093285e-01,-8.536168264282764095e-01,1.316452620363356640e+00,1.564860844794100647e-01,1.107849090505683698e+00,7.390307986911066607e-01,-1.527123250755965389e-01,1.003576351228243208e-01,-9.312736586655451232e-01,-1.635957743057010028e+00,5.535837209482822457e-02,-1.070898719504844498e+00
0.570000,0.000000000000000000e+00,0.000000000000000000e+00,2.867429155776815008e-01,6.010298828219333700e-01,1.213604576934194301e-17,7.992265510823906016e-01,1.213604576934194301e-17,-3.622888230622691719e-01,4.167205297540357449e-05,1.137212787253208228e-03,4.502274535687301182e-01,-7.582924138801278025e-02,5.034438146003384750e-04,-3.663622088131753829e-01,1.328108387943723913e-02,-8.206375742429371581e-03,4.612709414471622416e-01,-1.082749531881342375e-01,-1.547367362999053572e-02,1.984624606713001390e-03,3.763973722921407083e-03,-3.660088911861539285e-01,6.691916365396856081e-01,1.987083066676912368e-01,-1.930777859576307820e-01,-8.469455783133359450e-01,1.314891102782348442e+00,1.534591294413315821e-01,1.124995362477525962e+00,7.278154721460435850e-01,-1.495057762363941056e-01,9.977493051384213330e-02,-9.242761867932469677e-01,-1.637149700899531046e+00,5.788086222535386571e-02,-1.088618932559554553e+00
0.580000,0.000000000000000000e+00,0.000000000000000000e+00,2.816569701642862023e-01,5.955560960535083437e-01,1.272148559974780202e-17,8.033137223112177816e-01,1.272148559974780202e-17,-3.723231841662013597e-01,-6.046178044954401021e-04,1.564624616765782463e-03,4.780461310831559674e-01,-9.376653602168671942e-02,1.283011422273151042e-03,-3.792095631688708335e-01,1.423611418361437134e-02,-9.062187617943029405e-03,5.001356557348691778e-01,-1.339593867127807925e-01,-1.673064440670375685e-02,2.015334147563116809e-03,3.768156410615910133e-03,-3.719283921476034260e-01,6.605446112557633587e-01,1.976808632761980211e-01,-1.912414669799809563e-01,-8.398467223037853202e-01,1.313063095351589826e+00,1.502151492581491055e-01,1.142926630704011126e+00,7.169752569560130517e-01,-1.460700815841693978e-01,9.949923104673782936e-02,-9.168651874103080912e-01,-1.638690158660605301e+00,6.043789762678691141e-02,-1.107136791147913524e+00
0.590000,0.000000000000000000e+00,0.000000000000000000e+00,2.765710247508908481e-01,5.900545162839836433e-01,1.330633175263846329e-17,8.073634050493460057e-01,1.330633175263846329e-17,-3.732826099632823857e-01,-1.265152108048611364e-03,1.978171771368888391e-03,4.861254244091008370e-01,-1.016033426375039100e-01,2.057014157137405756e-03,-3.805889443756148016e-01,1.528973540021318425e-02,-9.741108979728428652e-03,5.105460767572332914e-01,-1.469647675738111614e-01,-1.797398064169229009e-02,2.036136967514182074e-03,3.752566807921055726e-03,-3.778806071386952570e-01,6.514782182553944256e-01,1.966272798290430168e-01,-1.893809172292238441e-01,-8.333524143196484602e-01,1.311586656933869888e+00,1.472335389647062565e-01,1.159789296422257587e+00,7.056493282993914207e-01,-1.429371161385714073e-01,9.881982119637044981e-02,-9.100902137146593684e-01,-1.639755577635029660e+00,6.297715666310244043e-02,-1.124560101953739677e+00
0.600000,0.000000000000000000e+00,0.000000000000000000e+00,2.714850793374955495e-01,5.845254002572886076e-01,1.389055693481709831e-17,8.113754103089744207e-01,1.389055693481709831e-17,-3.785144889732392492e-01,-1.914270577649880437e-03,2.410460522641878246e-03,5.048635359848069326e-01,-1.143831882223926705e-01,2.837328314625186653e-03,-3.868160339839330497e-01,1.628317301848738324e-02,-1.051549086276283226e-02,5.418872008414489239e-01,-1.657708574313227212e-01,-1.922110320403153799e-02,2.066720270317493405e-03,3.756233142397221933e-03,-3.838044633337657219e-01,6.425261295907429560e-01,1.956299862355503072e-01,-1.874702619623595801e-01,-8.267315597259072835e-01,1.309993035840939957e+00,1.441567753924607731e-01,1.176929453155534766e+00,6.944798494930850552e-01,-1.397185790552053219e-01,9.826528011798650597e-02,-9.032332181841189467e-01,-1.640959716698471516e+00,6.553685569625247731e-02,-1.142248923360662971e+00
0.610000,0.000000000000000000e+00,0.000000000000000000e+00,2.663991339241002509e-01,5.789690060023972018e-01,1.447413388206579180e-17,8.153495508606085629e-01,1.447413388206579180e-17,-3.773396816704801537e-01,-2.577565504821226466e-03,2.825112617141399465e-03,5.085943651163546964e-01,-1.199529509106557340e-01,3.612484790540140735e-03,-3.853494692384968889e-01,1.735511039980928635e-02,-1.115475350264601324e-02,5.479219958889459674e-01,-1.757838903033930034e-01,-2.045904937034828328e-02,2.088689983606445335e-03,3.742947465391839590e-03,-3.897534244599489273e-01,6.333015815626866774e-01,1.946041163690221398e-01,-1.855600810181613769e-01,-8.205030357746367908e-01,1.308640074646556961e+00,1.412603169882508114e-01,1.193371800516703995e+00,6.829890241121868710e-01,-1.366992492705383366e-01,9.743942319241778727e-02,-8.967728170139162014e-01,-1.641848316792189122e+00,6.807652952649398403e-02,-1.159232056663000776e+00
0.620000,0.000000000000000000e+00,0.000000000000000000e+00,2.613131885107048968e-01,5.733855928212828745e-01,1.505703536041822389e-17,8.192856412417991452e-01,1.505703536041822389e-17,-3.750709894633041941e-01,-3.244905307063721423e-03,3.234393742495229266e-03,5.102114815274708670e-01,-1.243169084888921389e-01,4.387170025618058154e-03,-3.826064448769603832e-01,1.843962271758116042e-02,-1.176484150065649353e-02,5.521543807821918115e-01,-1.844696216601271754e-01,-2.169185317432987398e-02,2.110803996262829250e-03,3.729959413207227688e-03,-3.957017697291819180e-01,6.239945306288199323e-01,1.935922235813457570e-01,-1.836256416945185599e-01,-8.144238883963300646e-01,1.307353532418103370e+00,1.384144381080752717e-01,1.209583824429227628e+00,6.714099985205076448e-01,-1.337430109923605503e-01,9.653294687798096019e-02,-8.904849832395596021e-01,-1.642643471384476417e+00,7.061045046097866318e-02,-1.175974339663853341e+00
0.630000,0.000000000000000000e+00,0.000000000000000000e+00,2.562272430973095982e-01,5.677754212768216791e-01,1.563923416743014455e-17,8.231834977657944696e-01,1.563923416743014455e-17,-3.717012003021976096e-01,-3.917116255796087437e-03,3.635758291898889827e-03,5.096820292969190813e-01,-1.274450493763422676e-01,5.160768434750853846e-03,-3.785599126131541370e-01,1.953830655126602422e-02,-1.234049175312342851e-02,5.545182198944937912e-01,-1.917742384567598379e-01,-2.291832329172541899e-02,2.133047293283168479e-03,3.717240307948047398e-03,-4.016495874771802144e-01,6.146080794842254669e-01,1.925951429813302085e-01,-1.816668696112549997e-01,-8.084948537415228564e-01,1.306131228160403168e+00,1.356195461759728826e-01,1.225568318271720303e+00,6.597455095911326506e-01,-1.308495099681234730e-01,9.554742982388880757e-02,-8.843700198942525681e-01,-1.643348714238802577e+00,7.313631770330901449e-02,-1.192478224290699496e+00
0.640000,0.000000000000000000e+00,0.000000000000000000e+00,2.511412976839142996e-01,5.621387531806288917e-01,1.622070313344928396e-17,8.270429385301152347e-01,1.622070313344928396e-17,-3.672234951117330226e-01,-4.595002049014345474e-03,4.026635028466058266e-03,5.069720268766708671e-01,-1.293069055643015774e-01,5.932674615674475571e-03,-3.732029728512185063e-01,2.065238274346064412e-02,-1.287670136784109173e-02,5.549783285405408551e-01,-1.976593821489505132e-01,-2.413726328413016639e-02,2.155406016222712745e-03,3.704764016742168563e-03,-4.075969602959455540e-01,6.051451330704551435e-01,1.916136642431094383e-01,-1.796836722425993738e-01,-8.027165838465074588e-01,1.304971033039188821e+00,1.328759929456222455e-01,1.241327925067735594e+00,6.479980732685082234e-01,-1.280184691202614911e-01,9.448445152200614372e-02,-8.784281364235208001e-01,-1.643967518180112775e+00,7.565206296605349323e-02,-1.208746014342801267e+00
0.650000,0.000000000000000000e+00,0.000000000000000000e+00,2.460553522705189733e-01,5.564758515808436723e-01,1.680141512288297192e-17,8.308637834250418575e-01,1.680141512288297192e-17,-3.616313420374734355e-01,-5.279329221035996070e-03,4.404427041717759277e-03,5.020462315610789705e-01,-1.298716228018627072e-01,6.702294913681816103e-03,-3.665509409287667775e-01,2.178257290704520982e-02,-1.336887999101166700e-02,5.535330516679050072e-01,-2.021079032604395920e-01,-2.534746791902123611e-02,2.177867373347693904e-03,3.692506784578661067e-03,-4.135439655696694361e-01,5.956084053804510114e-01,1.906485343778036023e-01,-1.776759405978071138e-01,-7.970896472208426342e-01,1.303870869567429702e+00,1.301840780616382032e-01,1.256865145153941432e+00,6.361699928690346395e-01,-1.252496820063625227e-01,9.334558763871517173e-02,-8.726594480405124310e-01,-1.644503292494943203e+00,7.815583532256573096e-02,-1.224779873325734902e+00
0.660000,0.000000000000000000e+00,0.000000000000000000e+00,2.409694068571236469e-01,5.507869807498516623e-01,1.738134303546465400e-17,8.346458541420203048e-01,1.738134303546465400e-17,-3.549184149385748999e-01,-5.970812484162592651e-03,4.766511569837880193e-03,4.948680364564521095e-01,-1.291079947328041821e-01,7.469048980657633056e-03,-3.586411653478051575e-01,2.292901446828737866e-02,-1.381297228674228245e-02,5.502141519590955099e-01,-2.051239562580426112e-01,-2.654772240834168615e-02,2.200419558179683797e-03,3.680447077274392499e-03,-4.194906759568560184e-01,5.860004259078722688e-01,1.897004604437494968e-01,-1.756435507296189857e-01,-7.916145293506784419e-01,1.302828710683362701e+00,1.275440524022241340e-01,1.272182343584747910e+00,6.242633669597837942e-01,-1.225430068137341316e-01,9.213240579379870787e-02,-8.670639751103038639e-01,-1.644959380916215519e+00,8.064598692228243382e-02,-1.240581832124706629e+00
0.670000,0.000000000000000000e+00,0.000000000000000000e+00,2.358834614437283483e-01,5.450724061719526281e-01,1.796045980751854036e-17,8.383889741819831043e-01,1.796045980751854036e-17,-3.470785645496502481e-01,-6.670099821909450735e-03,5.110240069923310466e-03,4.853994556250354475e-01,-1.269844829905809047e-01,8.232371285036390804e-03,-3.495320364553536896e-01,2.409120598243328845e-02,-1.420556691677959775e-02,5.450851963312892678e-01,-2.067319654127618700e-01,-2.773680304368981650e-02,2.223051675649380821e-03,3.668565434311054935e-03,-4.254371598237883245e-01,5.763235457574888976e-01,1.887701121934580450e-01,-1.735863650902502997e-01,-7.862916331249376611e-01,1.301842578742077983e+00,1.249561212166504925e-01,1.287281757273471161e+00,6.122800968325839976e-01,-1.198983608609395790e-01,9.084646174837730792e-02,-8.616416425613480090e-01,-1.645339060118937935e+00,8.312105952470313919e-02,-1.256153796499287489e+00
0.680000,0.000000000000000000e+00,0.000000000000000000e+00,2.307975160303330220e-01,5.393323945309719258e-01,1.853873841322249193e-17,8.420929688635857557e-01,1.853873841322249193e-17,-3.381058940143436553e-01,-7.377756969301900100e-03,5.432939278823958190e-03,4.736013066575895381e-01,-1.234692782913641013e-01,8.991712501406425723e-03,-3.390627951031727760e-01,2.527154718835289415e-02,-1.453801497495013813e-02,5.361879695757961750e-01,-2.066654629776771834e-01,-2.891384645666535136e-02,2.245753674991850246e-03,3.656844331253501865e-03,-4.313834816342106970e-01,5.665799434335647700e-01,1.878581246566203289e-01,-1.715042337528709659e-01,-7.811212791912233167e-01,1.300910544439749961e+00,1.224204470709075177e-01,1.302165501871851205e+00,6.002218935917028597e-01,-1.173157155790106043e-01,8.948929596747091930e-02,-8.563922793224033603e-01,-1.645645538660636342e+00,8.557977180734822886e-02,-1.271497554386165296e+00
0.690000,0.000000000000000000e+00,0.000000000000000000e+00,2.257115706169377511e-01,5.335672136978132363e-01,1.911615186586946756e-17,8.457576653313597648e-01,1.911615186586946756e-17,-3.216198279414205219e-01,-8.131869404777456248e-03,5.672007351228316140e-03,4.444576150690424110e-01,-1.112602064162696719e-01,9.742319449521212940e-03,-3.213856038048901742e-01,2.656112195232964920e-02,-1.463630985727221168e-02,5.055341457960157436e-01,-1.980534785747683213e-01,-3.007355021859896282e-02,2.261081570291003078e-03,3.630524581264101946e-03,-4.373437139892580872e-01,5.566209178113510347e-01,1.869403263289121653e-01,-1.694093214221906174e-01,-7.763630175488877017e-01,1.300171962852076479e+00,1.200600208625486609e-01,1.316408327424284597e+00,5.879055482722770343e-01,-1.149208608290779587e-01,8.789433909897931274e-02,-8.515612274203724352e-01,-1.645699865157805197e+00,8.799448352940705820e-02,-1.286187983582876670e+00
0.700000,0.000000000000000000e+00,0.000000000000000000e+00,2.206256252035424525e-01,5.277771327179588967e-01,1.969267321912672164e-17,8.493828925637777472e-01,1.969267321912672164e-17,-3.101936312203297241e-01,-8.860039304192853307e-03,5.939371931981341640e-03,4.272563466454606940e-01,-1.046934532356919856e-01,1.049291253639093348e-02,-3.086781920602905682e-01,2.777034697479753567e-02,-1.484150549335356770e-02,4.943947046879603735e-01,-1.950755671459629970e-01,-3.122433232426054250e-02,2.284820948875212251e-03,3.620878451549383939e-03,-4.432873834591218309e-01,5.467685352111470998e-01,1.860706670942632035e-01,-1.672744381915450274e-01,-7.714702543041292992e-01,1.299324624947647111e+00,1.176146544954356082e-01,1.330916658892634441e+00,5.757249697874677885e-01,-1.124480763220642165e-01,8.641946522669761988e-02,-8.466305720537388169e-01,-1.645891931508105754e+00,9.042034801221349172e-02,-1.301130093498348295e+00
0.710000,0.000000000000000000e+00,0.000000000000000000e+00,2.155396797901471539e-01,5.219624217989142778e-01,2.026827556829343332e-17,8.529684813812362654e-01,2.026827556829343332e-17,-2.880906725549425285e-01,-9.658202908027680236e-03,6.067449537871623909e-03,3.870228425042844811e-01,-8.573022521744602664e-02,1.123002453541700925e-02,-2.852428125324853458e-01,2.913500305014022143e-02,-1.466756835643092012e-02,4.546269952845726769e-01,-1.795057895633108691e-01,-3.234237494225073589e-02,2.300528408827600714e-03,3.595061920577894386e-03,-4.492451457309360463e-01,5.365903965863590974e-01,1.852171792185991206e-01,-1.650910886261874322e-01,-7.672391423744480132e-01,1.298753572091592590e+00,1.154329451633619164e-01,1.344427592454441101e+00,5.631590363665709420e-01,-1.102669650970986293e-01,8.458997725221993613e-02,-8.423971052890500966e-01,-1.645714218528756767e+00,9.277834634547692250e-02,-1.315038085607451501e+00
0.720000,0.000000000000000000e+00,0.000000000000000000e+00,2.104537343767518276e-01,5.161233522975979815e-01,2.084293205155617242e-17,8.565142644539491812e-01,2.084293205155617242e-17,-2.615467456708787108e-01,-1.048606841189371995e-02,6.090959231985439495e-03,3.359289640124866749e-01,-6.118474594788299303e-02,1.195059561988078174e-02,-2.567647436783771497e-01,3.053709963237645833e-02,-1.423648010587255826e-02,4.084350166080932820e-01,-1.576622534068595483e-01,-3.340445802629786465e-02,2.321214527410477100e-03,3.578954587260940907e-03,-4.551936045515621587e-01,5.261591312547111432e-01,1.844705456894659423e-01,-1.627736337615277584e-01,-7.636184783714625723e-01,1.298365957741959953e+00,1.134406229220809165e-01,1.357102065049920370e+00,5.503170553582659164e-01,-1.083258858045449691e-01,8.250440884314606815e-02,-8.388857870632978608e-01,-1.645280427929131761e+00,9.507757183932143141e-02,-1.328041788025202008e+00
0.730000,0.000000000000000000e+00,0.000000000000000000e+00,2.053677889633565012e-01,5.102601967076780820e-01,2.141661585124254121e-17,8.600200763097579637e-01,2.141661585124254121e-17,-2.505900634182848252e-01,-1.121894680032727368e-02,6.310008967349917813e-03,3.185686565275399618e-01,-5.472552465714825704e-02,1.269262198132079834e-02,-2.443129173164455270e-01,3.173314542408053190e-02,-1.435241170283693517e-02,3.927691364739455682e-01,-1.543444420786599380e-01,-3.453321048879306326e-02,2.348831801758211480e-03,3.577195630628784463e-03,-4.611307633376039439e-01,5.163399743401579922e-01,1.836440289001622372e-01,-1.606040735923884577e-01,-7.587496273933553859e-01,1.297481323195514014e+00,1.109866406355838053e-01,1.371636239218512854e+00,5.381728197924403601e-01,-1.058518798709778136e-01,8.106071810391711485e-02,-8.339990346152501566e-01,-1.645529766479298273e+00,9.748471076755506337e-02,-1.342996062840738691e+00
0.740000,0.000000000000000000e+00,0.000000000000000000e+00,2.002818435499612026e-01,5.043732286468554094e-01,2.198930019507267139e-17,8.634857533418527353e-01,2.198930019507267139e-17,-2.313339804471667982e-01,-1.199459264107075734e-02,6.373072026521867627e-03,2.825973684696851951e-01,-3.788471136943699635e-02,1.340118066028634161e-02,-2.211656331636641659e-01,3.300548201280957550e-02,-1.402020478470172686e-02,3.533198699494168871e-01,-1.378670204127755428e-01,-3.555368283711917571e-02,2.383948886468385993e-03,3.591462557472176621e-03,-4.670588705796652751e-01,5.059612563117004136e-01,1.830198312011380724e-01,-1.581849969678645329e-01,-7.551222020142998037e-01,1.297026674660289869e+00,1.089372795339872968e-01,1.384412360503985306e+00,5.254164275875508050e-01,-1.038736284026220424e-01,7.905626214142649766e-02,-8.305643504041485548e-01,-1.645199690175278340e+00,9.977628735369153956e-02,-1.356072881030530475e+00
0.750000,0.000000000000000000e+00,0.000000000000000000e+00,1.951958981365658763e-01,4.984627228440944857e-01,0.000000000000000000e+00,8.669111338164088298e-01,0.000000000000000000e+00,-2.287174903783544822e-01,-1.269175426490214316e-02,6.693895483322337935e-03,2.833668583193609813e-01,-4.125492528250038204e-02,1.416058304125383631e-02,-2.193311421298720088e-01,3.412428104974633142e-02,-1.447336846298507076e-02,3.605036939743802016e-01,-1.468408430284792732e-01,-3.675023853279889979e-02,2.406216151951176118e-03,3.578826952730435138e-03,-4.730075942712495540e-01,4.966590135363749825e-01,1.820452721342596669e-01,-1.562212322424361144e-01,-7.492046672015788555e-01,1.295742094753499885e+00,1.061467429833416326e-01,1.400481296565861067e+00,5.138281567556511886e-01,-1.009688778031118811e-01,7.811862478869839588e-02,-8.244508307412160564e-01,-1.646002818629484388e+00,1.022473248971994542e-01,-1.372652230538034646e+00
0.760000,0.000000000000000000e+00,0.000000000000000000e+00,1.957582136171450438e-01,5.076435188989131264e-01,2.167157578571379335e-17,8.615672102163179913e-01,2.167157578571379335e-17,-2.388862450993576581e-01,-1.266115536956701274e-02,6.792191143201044279e-03,3.064006922395430266e-01,-5.212422907815961182e-02,1.419449747643551987e-02,-2.309232314506701189e-01,3.400657912601617178e-02,-1.498034238848770100e-02,3.832403186630167768e-01,-1.564602827972878529e-01,-3.713352929548850712e-02,2.420182567110912373e-03,3.566842074592879372e-03,-4.748877761047651802e-01,4.738428096329601602e-01,1.807457513186999098e-01,-1.552988674067665165e-01,-7.231010016190364542e-01,1.294303792004560583e+00,1.113704827761855531e-01,1.382895935491224249e+00,4.877970886294439312e-01,-1.013007740832318343e-01,7.570019933608983231e-02,-7.937167817314944029e-01,-1.646861634749126280e+00,1.018846479876865524e-01,-1.355835595855349851e+00
0.770000,0.000000000000000000e+00,0.000000000000000000e+00,1.963205290977241835e-01,5.167670301565687740e-01,2.077974769511271284e-17,8.561260634644642931e-01,2.077974769511271284e-17,-2.625163514578374713e-01,-1.257331371150350804e-02,7.072775112158252199e-03,3.618374305956881254e-01,-8.056281954721022931e-02,1.427886088615822058e-02,-2.565416897633461812e-01,3.382882759639031789e-02,-1.604030610985075420e-02,4.395116586428214900e-01,-1.848798388878537535e-01,-3.764600090940254523e-02,2.440203798017662531e-03,3.507225623224794354e-03,-4.767205843218195738e-01,4.481628063903301817e-01,1.787499759457568949e-01,-1.542783566570670173e-01,-7.038427375128791796e-01,1.294167139631377195e+00,1.192947879175854237e-01,1.355994564966333638e+00,4.567997373430314756e-01,-1.019142156047992687e-01,7.266592718710916665e-02,-7.706353084445032309e-01,-1.649482550475712017e+00,1.018069436329862160e-01,-1.326543377966921566e+00
0.780000,0.000000000000000000e+00,0.000000000000000000e+00,1.968828445783033509e-01,5.258322270786708330e-01,1.988557472353216466e-17,8.505883075645264135e-01,1.988557472353216466e-17,-2.775718580974702032e-01,-1.252110670684602675e-02,7.237676165331567192e-03,3.966944401146512700e-01,-9.765356193904628501e-02,1.433211386276166989e-02,-2.730426626626678566e-01,3.368302849059885001e-02,-1.674261726805423289e-02,4.739714751345197596e-01,-2.009348908717345505e-01,-3.807805103080806608e-02,2.454624352880436979e-03,3.482842843034286793e-03,-4.786083016225374243e-01,4.243255171279866067e-01,1.772357416226590376e-01,-1.532985574100067250e-01,-6.801532352273589321e-01,1.293217072443983096e+00,1.255180209578984352e-01,1.335103903342855114e+00,4.290557915185573279e-01,-1.023873288630470363e-01,7.005064790861821600e-02,-7.425746821832225342e-01,-1.650915458900710897e+00,1.015437157062952234e-01,-1.305370654425358046e+00
0.790000,0.000000000000000000e+00,0.000000000000000000e+00,1.974451600588825184e-01,5.348380867072811684e-01,1.898915777350595731e-17,8.449545674219974822e-01,1.898915777350595731e-17,-2.913050203833461027e-01,-1.247443654768696543e-02,7.384978053381472361e-03,4.284730638717022533e-01,-1.129761009574012792e-01,1.438118160100634174e-02,-2.881445743435109286e-01,3.354115638444821884e-02,-1.739086147126785165e-02,5.051214944431833276e-01,-2.150686589743665833e-01,-3.849913451294514899e-02,2.468062895687445253e-03,3.464435161469102496e-03,-4.805086102666597525e-01,4.007576703653187300e-01,1.758014328011737737e-01,-1.523216654493147193e-01,-6.558061495811906561e-01,1.292152976123297936e+00,1.315003660050194922e-01,1.315100326226367633e+00,4.018006389151735358e-01,-1.028489959114165658e-01,6.750222596429393540e-02,-7.137691056111703514e-01,-1.652160468265873261e+00,1.012518175759278272e-01,-1.285410942486252317e+00
0.800000,0.000000000000000000e+00,0.000000000000000000e+00,1.980074755394616859e-01,5.437835927803528202e-01,1.809059800078851508e-17,8.392254787736675992e-01,1.809059800078851508e-17,-3.037061857258422926e-01,-1.243354931413920977e-02,7.514492071143196589e-03,4.545360279202713127e-01,-1.265519633258618271e-01,1.442584697984426907e-02,-3.018796522054271736e-01,3.340465717996107808e-02,-1.798600787367710119e-02,5.301868174175630166e-01,-2.273545216755983034e-01,-3.890886489294207579e-02,2.480925990807023376e-03,3.450939469991361891e-03,-4.824161195593094087e-01,3.774558832425765065e-01,1.744397027936543110e-01,-1.513528948000520680e-01,-6.308134239674714205e-01,1.290970946329494717e+00,1.372370063118585615e-01,1.295971245757830737e+00,3.750161509396565118e-01,-1.032907801197314734e-01,6.501534572491986241e-02,-6.842371526542025961e-01,-1.653230551628570799e+00,1.009315982754596108e-01,-1.266632177298172568e+00
0.810000,0.000000000000000000e+00,0.000000000000000000e+00,1.985697910200408256e-01,5.526677358464059386e-01,1.718999680294018404e-17,8.334016881158852197e-01,1.718999680294018404e-17,-3.273169608314338008e-01,-1.232366087566971226e-02,7.793532256598539008e-03,5.104673169428813884e-01,-1.537548278744317598e-01,1.449843529087702608e-02,-3.256939840227625060e-01,3.314307427931415667e-02,-1.896670083709102450e-02,5.829234636716401630e-01,-2.522634472406093953e-01,-3.938265791633487750e-02,2.494532064230001352e-03,3.462371175896186183e-03,-4.843105611816736489e-01,3.523554348292194938e-01,1.725862238965283901e-01,-1.504277468370266713e-01,-6.098955581171087159e-01,1.290874247071240211e+00,1.447756099199472568e-01,1.271103591621556950e+00,3.450647991674505310e-01,-1.039679474137730486e-01,6.226649545660435658e-02,-6.591024571486893135e-01,-1.655316101991826327e+00,1.006792278023517506e-01,-1.240251108718493089e+00
0.820000,0.000000000000000000e+00,0.000000000000000000e+00,1.991321065006199931e-01,5.614895133784426617e-01,1.628745580788486933e-17,8.274838526316025122e-01,1.628745580788486933e-17,-3.365501154675823448e-01,-1.229814288586274749e-02,7.881366555431992826e-03,5.322818639912559879e-01,-1.633211761160546782e-01,1.453430536286772976e-02,-3.363788886715917692e-01,3.302418109828637177e-02,-1.944490681775420601e-02,6.041727795892773978e-01,-2.605451570928287164e-01,-3.976976262277800295e-02,2.507436013408866939e-03,3.454884049853160308e-03,-4.862111586866968982e-01,3.296325795614905574e-01,1.713764791031986701e-01,-1.494785661815383193e-01,-5.836262507101572794e-01,1.289443821107614907e+00,1.500019804816138946e-01,1.253770592702855513e+00,3.192985441506079880e-01,-1.043637870785995847e-01,5.990305442870619973e-02,-6.281337667975062100e-01,-1.656025842474395882e+00,1.003026544637800055e-01,-1.223911140234525519e+00
0.830000,0.000000000000000000e+00,0.000000000000000000e+00,1.996944219811991605e-01,5.702479298870729574e-01,1.538307686244213302e-17,8.214726401162171232e-01,1.538307686244213302e-17,-3.332264082697716234e-01,-1.234522083928651058e-02,7.799308488677578026e-03,5.236375296808172264e-01,-1.574578850970331789e-01,1.453119948362327322e-02,-3.353840519782175789e-01,3.303745921152875797e-02,-1.946779861439308645e-02,5.983966914834724093e-01,-2.540526463268814594e-01,-4.006539601886173474e-02,2.518852863144668830e-03,3.430943018606516168e-03,-4.881354809991408361e-01,3.091158649080552046e-01,1.707113028263363141e-01,-1.485345749390203363e-01,-5.520922581177996058e-01,1.286683374251813561e+00,1.529292267669080940e-01,1.243690815994264343e+00,2.973176224777135945e-01,-1.044182685386845083e-01,5.787174429728639963e-02,-5.914802635914090390e-01,-1.655522647789879676e+00,9.980963808041880270e-02,-1.217056494565297298e+00
0.840000,0.000000000000000000e+00,0.000000000000000000e+00,2.002567374617783003e-01,5.789419970328536502e-01,1.447696202083404853e-17,8.153687289022134577e-01,1.447696202083404853e-17,-3.406816361543495431e-01,-1.232656027685922508e-02,7.861528462690009142e-03,5.433395172811926743e-01,-1.647852580193169270e-01,1.455604029943960431e-02,-3.441788685049178564e-01,3.293149670706839449e-02,-1.986613715120855161e-02,6.156247228955834538e-01,-2.599043400039110496e-01,-4.042499613157558153e-02,2.531877594257009572e-03,3.428583264151426231e-03,-4.900275174201902395e-01,2.868489551283441297e-01,1.695599180231502356e-01,-1.476335324931259130e-01,-5.246519562807734349e-01,1.284997803339231748e+00,1.576410939429598868e-01,1.227915645147419132e+00,2.722521028601206927e-01,-1.047041443628251717e-01,5.557913786747121360e-02,-5.592442729779307786e-01,-1.656024255121144817e+00,9.938664302234186121e-02,-1.202676118508193781e+00
0.850000,0.000000000000000000e+00,0.000000000000000000e+00,2.008190529423574677e-01,5.875707337378140993e-01,1.356921353316923347e-17,8.091728077826186860e-01,1.356921353316923347e-17,-3.470486568011003636e-01,-1.231282835804896683e-02,7.908489990084656071e-03,5.584486402205863786e-01,-1.707923785111416515e-01,1.457539543304606916e-02,-3.518868195788253384e-01,3.283458389155499008e-02,-2.021946360571171344e-02,6.297600981374200657e-01,-2.644050359327012045e-01,-4.077072501150276473e-02,2.545269694658452465e-03,3.427314253951167268e-03,-4.919065414622196264e-01,2.648353384620300011e-01,1.684400421500752143e-01,-1.467543484528965603e-01,-4.966378067070095215e-01,1.283180630892483354e+00,1.620878323580822733e-01,1.212939320286398281e+00,2.475811586640960515e-01,-1.049342233927190310e-01,5.332245222769414761e-02,-5.263871002311655278e-01,-1.656416092459495282e+00,9.894249905293922565e-02,-1.189313941884166725e+00
0.860000,0.000000000000000000e+00,0.000000000000000000e+00,2.013813684229366352e-01,5.961331662961685263e-01,1.265993383390416881e-17,8.028855759332738096e-01,1.265993383390416881e-17,-3.523918202751693540e-01,-1.230372421513994778e-02,7.940861570909663741e-03,5.713127356880367547e-01,-1.755814101284273732e-01,1.458906986770116578e-02,-3.585656899550015431e-01,3.274709470236696063e-02,-2.052930433506665320e-02,6.416146590922811033e-01,-2.676563702010327783e-01,-4.110199765367102132e-02,2.559076979027244663e-03,3.426601206665636033e-03,-4.937695147645637106e-01,2.430738278947506825e-01,1.673430018527425345e-01,-1.458975766369362548e-01,-4.680669172152032154e-01,1.281230613884803748e+00,1.662665515821651063e-01,1.198744781051188646e+00,2.232933194644282637e-01,-1.051027519091532747e-01,5.109677260584584435e-02,-4.929326884607961312e-01,-1.656710670350762360e+00,9.847980060269945213e-02,-1.176937547385084049e+00
0.870000,0.000000000000000000e+00,0.000000000000000000e+00,2.019436839035158027e-01,6.046283284841905692e-01,1.174922553028431749e-17,7.965077428339375487e-01,1.174922553028431749e-17,-3.567735689542741451e-01,-1.229895497341079377e-02,7.959279699040632330e-03,5.820937980453785299e-01,-1.792524552645896885e-01,1.459687844380878896e-02,-3.642703788464889958e-01,3.266935844458905558e-02,-2.079704293018247788e-02,6.513414771080582311e-01,-2.697570438164552664e-01,-4.141820889791231891e-02,2.573317436567433992e-03,3.425967798011975325e-03,-4.956136509138804880e-01,2.215638024932377326e-01,1.662600890616103277e-01,-1.450631310905882709e-01,-4.389574261285373868e-01,1.279147093265790458e+00,1.701747573278233061e-01,1.185314431920323264e+00,1.993784835930589305e-01,-1.052044783286633228e-01,4.889727066409850498e-02,-4.589061078869097199e-01,-1.656920194267219371e+00,9.800151445401422690e-02,-1.165514573907175500e+00
0.880000,0.000000000000000000e+00,0.000000000000000000e+00,2.025059993840949424e-01,6.130552616692472867e-01,1.083719139076535801e-17,7.900400281882246079e-01,1.083719139076535801e-17,-3.556575455644659378e-01,-1.231685580150317094e-02,7.898719491376956711e-03,5.720120837828924776e-01,-1.766723557558645408e-01,1.458648609126794206e-02,-3.650840968866513325e-01,3.265085291812784563e-02,-2.087163454900003642e-02,6.457905230268510266e-01,-2.663618029595978265e-01,-4.169481895294416263e-02,2.588002757064463474e-03,3.423327117631672512e-03,-4.974497984671982787e-01,2.004981263212632370e-01,1.652328190252945195e-01,-1.443085773362895452e-01,-4.078283985118296706e-01,1.276578224760438252e+00,1.732274368879076487e-01,1.174255837227420551e+00,1.761340582787436770e-01,-1.051424416413104385e-01,4.670319842768849011e-02,-4.226922932232661800e-01,-1.656893605903813516e+00,9.753358130690481520e-02,-1.156966824729315002e+00
0.890000,0.000000000000000000e+00,0.000000000000000000e+00,2.030683148646741099e-01,6.214130149179769580e-01,9.923934333416255865e-18,7.834831618423910848e-01,9.923934333416255865e-18,-3.458966873032675027e-01,-1.239443325416330136e-02,7.724296605683431648e-03,5.625474328904784826e-01,-1.644004820372200470e-01,1.455943889299554997e-02,-3.577086680022828480e-01,3.276796096360851812e-02,-2.064093992610822881e-02,6.329270622053375650e-01,-2.536654342987562094e-01,-4.192521466297122884e-02,2.603835496065507772e-03,3.414705718889831862e-03,-4.994257351236110476e-01,1.800930852557781348e-01,1.644617663407688668e-01,-1.435115352838866321e-01,-3.731884126449782624e-01,1.273114040942998404e+00,1.749056735978368193e-01,1.167183078000302299e+00,1.540644110747026729e-01,-1.048642134019562022e-01,4.452626900171598179e-02,-3.827521053351561342e-01,-1.656362665632422626e+00,9.704999928544123800e-02,-1.153285783662965081e+00
0.900000,0.000000000000000000e+00,0.000000000000000000e+00,2.036306303452532773e-01,6.297006451035953578e-01,9.009557414305502286e-18,7.768378837029744632e-01,9.009557414305502286e-18,-3.326645338251241757e-01,-1.248383951430184248e-02,7.498091274001451000e-03,5.365238984138781531e-01,-1.482653910249883411e-01,1.451886639538686220e-02,-3.473296582112196385e-01,3.292032085394579199e-02,-2.028892903712778764e-02,6.088523270431833723e-01,-2.377131975692891308e-01,-4.212704787903773229e-02,2.618722962991925328e-03,3.405814607913440571e-03,-5.013855294496036841e-01,1.599018669762094225e-01,1.637191063158602577e-01,-1.428393030845857004e-01,-3.372700612650479934e-01,1.269347417181023951e+00,1.760933639567611453e-01,1.161557936520770218e+00,1.322869307799999505e-01,-1.044969689116228145e-01,4.235632339375373923e-02,-3.414016210201420987e-01,-1.655710965580583505e+00,9.660517005078132768e-02,-1.151316770843497483e+00
0.910000,0.000000000000000000e+00,0.000000000000000000e+00,2.041929458258324448e-01,6.379172170123220686e-01,8.094163815872013372e-18,7.701049436533010661e-01,8.094163815872013372e-18,-3.317945141700753831e-01,-1.251723247785757956e-02,7.443602556292324389e-03,5.343664610865733744e-01,-1.454035205860242097e-01,1.449546513631928303e-02,-3.476382216932835112e-01,3.291783470191268768e-02,-2.033318607610152748e-02,6.062709322959082270e-01,-2.329734051627708746e-01,-4.236828299368726458e-02,2.633412991900268858e-03,3.397474947175480129e-03,-5.032658259610103268e-01,1.397735141776373646e-01,1.629718565185879764e-01,-1.420755294234348487e-01,-3.045497924813821422e-01,1.266275542197834447e+00,1.784404961904536291e-01,1.152972214347006474e+00,1.106196345242179691e-01,-1.042992905550390037e-01,4.033564667645102991e-02,-3.036095628568346583e-01,-1.655273099032974038e+00,9.606822404017774375e-02,-1.145906860820966156e+00
0.920000,0.000000000000000000e+00,0.000000000000000000e+00,2.047552613064115845e-01,6.460618034489162831e-01,7.177856835281265779e-18,7.632851014688640801e-01,7.177856835281265779e-18,-3.184653284609185175e-01,-1.260676008370689889e-02,7.214661347420616398e-03,5.043630717540924513e-01,-1.291282142152849199e-01,1.444679230155384610e-02,-3.369148421101172963e-01,3.307197000611251936e-02,-1.996006746805647700e-02,5.778105122303480723e-01,-2.166108927457922051e-01,-4.255030753620539508e-02,2.647616971132483229e-03,3.388215811146109025e-03,-5.051900473992814167e-01,1.198341184874704146e-01,1.622695188819122114e-01,-1.415119218121287936e-01,-2.681042356117764869e-01,1.262358282444548507e+00,1.794107151738969508e-01,1.148128707710829088e+00,8.919332572017353578e-02,-1.038795918103077170e-01,3.821332976102134737e-02,-2.617038475277928544e-01,-1.654547539231472797e+00,9.563940936030483619e-02,-1.144855406682915966e+00
0.930000,0.000000000000000000e+00,0.000000000000000000e+00,2.053175767869907520e-01,6.541334853413024453e-01,6.260739872769078748e-18,7.563791267315882472e-01,6.260739872769078748e-18,-3.129188921979502158e-01,-1.264742230082263261e-02,7.091017139445293660e-03,4.967655841790819538e-01,-1.215862604873220038e-01,1.440072622999164116e-02,-3.320234086526374084e-01,3.311208168972538252e-02,-1.978942268276139352e-02,5.682783369227999426e-01,-2.067382645809851816e-01,-4.272869097862033727e-02,2.662670229376874059e-03,3.376261029307846273e-03,-5.069865389276507761e-01,1.001389482770705663e-01,1.615410332748455635e-01,-1.410076512310250441e-01,-2.328642529033843056e-01,1.258702678574808331e+00,1.807341737657352787e-01,1.142430049188448482e+00,6.807607774277879553e-02,-1.034974434665402315e-01,3.617733608063585654e-02,-2.211253037978805347e-01,-1.653888185896966734e+00,9.517904838274005019e-02,-1.142837231467912940e+00
0.940000,0.000000000000000000e+00,0.000000000000000000e+00,2.058798922675699195e-01,6.621313518442876189e-01,5.342916419973020865e-18,7.493877987429847787e-01,5.342916419973020865e-18,-2.956406224977921604e-01,-1.275052096406456906e-02,6.806608039908774652e-03,4.604144502120672833e-01,-1.013184101412592381e-01,1.433866377659082439e-02,-3.176253284140406752e-01,3.330594523267955964e-02,-1.927065852692105494e-02,5.350482062782400128e-01,-1.867962905219801295e-01,-4.287385182794208743e-02,2.677100647821517750e-03,3.366081120309626779e-03,-5.088794348168237391e-01,8.037717368014285491e-02,1.608406903258766396e-01,-1.405869633024293408e-01,-1.947367382484609943e-01,1.254403055513753085e+00,1.810413101970713978e-01,1.139387280255369062e+00,4.686422491621567571e-02,-1.029629717062277156e-01,3.402010927211125690e-02,-1.773624461496230709e-01,-1.653032669511196318e+00,9.480020053109966538e-02,-1.143881928907157564e+00
0.950000,0.000000000000000000e+00,0.000000000000000000e+00,2.064422077481490592e-01,6.700545004423377193e-01,4.424490048254681759e-18,7.423119064362158070e-01,4.424490048254681759e-18,-2.746810628335632498e-01,-1.286794377436673888e-02,6.471691522445167759e-03,4.189931027311846190e-01,-7.727130679204774477e-02,1.427037087177662582e-02,-3.000582792030452306e-01,3.353904729435660398e-02,-1.863257423345546573e-02,4.962681112127927396e-01,-1.636899133077230895e-01,-4.300130876538200975e-02,2.691562577092613488e-03,3.355646371606128570e-03,-5.107644639709438827e-01,6.062448507168208267e-02,1.601199590407300921e-01,-1.402295625577483495e-01,-1.555652056918647164e-01,1.249889583954258310e+00,1.809463275298187068e-01,1.137348534779782039e+00,2.564117205063987798e-02,-1.023661189686929790e-01,3.181431548511311908e-02,-1.324259645211755265e-01,-1.652112211819433574e+00,9.445254405071706882e-02,-1.146100289449272447e+00
0.960000,0.000000000000000000e+00,0.000000000000000000e+00,2.070045232287282266e-01,6.779020370514300398e-01,3.505564397011306495e-18,7.351522482870617159e-01,3.505564397011306495e-18,-2.494568961701667531e-01,-1.300011220303623656e-02,6.078163015588600865e-03,3.715842714427664562e-01,-4.883427680742970928e-02,1.419655036292769880e-02,-2.789288039140885855e-01,3.381280474557268184e-02,-1.786101679390947328e-02,4.522409320817489808e-01,-1.370385771514532613e-01,-4.311173332211706150e-02,2.706209376859896373e-03,3.344997241329020297e-03,-5.126399596206411280e-01,4.083947633027449481e-02,1.593653353803502759e-01,-1.399282014569919186e-01,-1.153081751545686762e-01,1.245168398915724506e+00,1.804324593956213307e-01,1.136308087973572745e+00,4.344260199543900462e-03,-1.017087643472521924e-01,2.954472785020526709e-02,-8.625449700465182001e-02,-1.651131003409588960e+00,9.413779839981492592e-02,-1.149493446266533825e+00
0.970000,0.000000000000000000e+00,0.000000000000000000e+00,2.075668387093073941e-01,6.856730761199383295e-01,2.586243161981498112e-18,7.279096322238229888e-01,2.586243161981498112e-18,-2.186643424036660011e-01,-1.314961450774260361e-02,5.607884133613675291e-03,3.130893923777443022e-01,-1.453794866413687936e-02,1.411800857487124916e-02,-2.531393069024621689e-01,3.413856082493348792e-02,-1.691741106726461774e-02,3.983124659197032069e-01,-1.056325038818838741e-01,-4.320744209234336081e-02,2.721254072538639365e-03,3.334204771306914939e-03,-5.145039454310396110e-01,2.097840460233194385e-02,1.585634204374984091e-01,-1.396745849469836764e-01,-7.391741680620789179e-02,1.240246259824636210e+00,1.794809643572928826e-01,1.136264172389710669e+00,-1.709250962651223324e-02,-1.009934474440197100e-01,2.719528931435200719e-02,-3.877603276203858002e-02,-1.650092334085381918e+00,9.385815965528711280e-02,-1.154070162385106846e+00
0.980000,0.000000000000000000e+00,0.000000000000000000e+00,2.081291541898865338e-01,6.933667407285709627e-01,1.666630083542718964e-18,7.205848755361431435e-01,1.666630083542718964e-18,-1.611082806698517500e-01,-1.340988536672907405e-02,4.775757863277566018e-03,1.946778666374044398e-01,4.909197959256203503e-02,1.403918885516840069e-02,-2.099574805698409541e-01,3.470074167646986646e-02,-1.535386015781227062e-02,3.076316303621984827e-01,-5.557501158040119293e-02,-4.329607951278285211e-02,2.734373195001102517e-03,3.324505990268928225e-03,-5.164397499452806350e-01,7.723560843598301865e-04,1.576911974170399910e-01,-1.394547185998360750e-01,-2.996531077831090725e-02,1.234878278149580400e+00,1.776336256507461686e-01,1.138257964608986539e+00,-3.904276767483762928e-02,-1.001688091316610268e-01,2.465330088326127267e-02,1.165651971596876925e-02,-1.648923804045295594e+00,9.365311162029356373e-02,-1.161071619212939554e+00
0.990000,0.000000000000000000e+00,0.000000000000000000e+00,2.086914696704657013e-01,7.009821626893129043e-01,7.468289350063380470e-19,7.131788047827933852e-01,7.468289350063380470e-19,-1.060922211276043026e-01,-1.355474534828188596e-02,3.956736765339073994e-03,8.279032014951748231e-02,1.085101903734483064e-01,1.392870885058978062e-02,-1.524703092493683576e-01,3.525647975965970349e-02,-1.321292308468006646e-02,1.880621819824283003e-01,8.370499028929834218e-03,-4.328315966263317216e-02,2.756988473314079483e-03,3.312377683159577549e-03,-5.181208165389331599e-01,-1.953953611544537172e-02,1.565321640155309113e-01,-1.395344686663727296e-01,1.886650253137289734e-02,1.228703881230286399e+00,1.737332436119876922e-01,1.144835507996817769e+00,-6.137930585842060749e-02,-9.908744808366999612e-02,2.175874078742617845e-02,6.782067182023571172e-02,-1.647503528240773951e+00,9.361679676007723938e-02,-1.173605455027178390e+00
1.000000,0.000000000000000000e+00,0.000000000000000000e+00,2.092537851510448688e-01,7.085184826434104410e-01,0.000000000000000000e+00,7.056922556983882266e-01,0.000000000000000000e+00,-8.340446436061683955e-02,-1.366728076162540551e-02,3.598374699335629007e-03,3.831561436466510845e-02,1.344358763852040728e-01,1.386891091961903882e-02,-1.331417831005244079e-01,3.549335492707168804e-02,-1.251667658792370366e-02,1.464505146147534187e-01,3.334616284606874148e-02,-4.342755427260490408e-02,2.772350811154953784e-03,3.302291370934841604e-03,-5.200000000000000178e-01,-3.954295997332802487e-02,1.557411953782796843e-01,-1.391004587872893827e-01,5.765694808075499944e-02,1.224351668182090735e+00,1.737792260414495193e-01,1.142160932612217517e+00,-8.297142987089012323e-02,-9.853699412388450263e-02,1.949106282012959962e-02,1.124127595514632649e-01,-1.646649884816861142e+00,9.326072543763837264e-02,-1.175118057781529668e+00
1.010000,0.000000000000000000e+00,0.000000000000000000e+00,2.146760040641304268e-01,7.118776415977130512e-01,0.000000000000000000e+00,7.023035123031053928e-01,0.000000000000000000e+00,-1.150253388227616691e-01,-1.353754124395624078e-02,4.025104214173552859e-03,1.054674988945059483e-01,9.894587098400083047e-02,1.385839272869861943e-02,-1.417866297622383254e-01,3.538855762229742991e-02,-1.282487087116076195e-02,1.648544842505533237e-01,2.359473378722594036e-02,-4.343181517882633430e-02,3.413143023090059805e-03,3.461205565597098854e-03,-5.187899865632535912e-01,-7.296718804490810728e-02,1.512851172177740455e-01,-1.318981767721476572e-01,1.149546710611460271e-01,1.220215987608449293e+00,1.622596913906288463e-01,1.164447411025228529e+00,-1.096895215694449893e-01,-1.018241813068477275e-01,2.114857815559903140e-02,1.526144127456076915e-01,-1.640530882602878160e+00,1.011397307174084492e-01,-1.194616047476129150e+00
1.020000,0.000000000000000000e+00,0.000000000000000000e+00,2.200982229772159848e-01,7.152205928559827175e-01,0.000000000000000000e+00,6.988987791910477032e-01,0.000000000000000000e+00,-8.430684539600603877e-02,-1.367230335325797692e-02,3.613702921766787351e-03,4.032857213978300465e-02,1.332659562310346268e-01,1.387848516084893083e-02,-1.359179596279767310e-01,3.548185586858806917e-02,-1.262353408880878720e-02,1.524389817889575949e-01,3.009333259492591103e-02,-4.345453929779997948e-02,2.716170198590620900e-03,3.243144541923758360e-03,-5.177697415719789698e-01,-9.601221655798186649e-02,1.526847898955512595e-01,-1.329186224207421219e-01,1.500695582851888643e-01,1.213051881963368439e+00,1.609885229685260877e-01,1.179737098693706354e+00,-1.376291214241438521e-01,-9.643304095450792868e-02,1.083209662642304304e-02,2.034878703309801751e-01,-1.643860620171251119e+00,9.769662870621050044e-02,-1.214406447689689639e+00
1.030000,0.000000000000000000e+00,0.000000000000000000e+00,2.255204418903015706e-01,7.185472603074588571e-01,0.000000000000000000e+00,6.954781338795957835e-01,0.000000000000000000e+00,-8.524887105266604204e-02,-1.367198390393213961e-02,3.627705971611823281e-03,4.235163148920916693e-02,1.321617942664859158e-01,1.388210008010038778e-02,-1.383308358558087703e-01,3.545904521227073725e-02,-1.271193093298974945e-02,1.575816328553659162e-01,2.735363135586491717e-02,-4.346331842596238421e-02,2.702957353899166672e-03,3.245327412420584336e-03,-5.170966255301132630e-01,-1.330820605303005832e-01,1.509646646400560621e-01,-1.286654847400475199e-01,2.119359880282634112e-01,1.205171484045591379e+00,1.503755258594158262e-01,1.208235498252084650e+00,-1.741390184456918511e-01,-9.530002150052495347e-02,4.695587186428094514e-03,2.646834776693953728e-01,-1.641565946343708227e+00,1.005892929572283073e-01,-1.244263270219514439e+00
1.040000,0.000000000000000000e+00,0.000000000000000000e+00,2.309426608033871287e-01,7.218575682121396442e-01,0.000000000000000000e+00,6.920416542483959210e-01,0.000000000000000000e+00,-8.630113016039636653e-02,-1.366969071562986610e-02,3.642647653781446674e-03,4.458615506013269281e-02,1.309672967733176152e-01,1.388390778696255677e-02,-1.406210615615789972e-01,3.543305225350937976e-02,-1.279429713871808698e-02,1.624414954934177147e-01,2.478316221059581603e-02,-4.346676201994836841e-02,2.702817303601489588e-03,3.251368686797479271e-03,-5.164764312195465612e-01,-1.695474361471612235e-01,1.493274787166444240e-01,-1.244616527570604758e-01,2.753365593504378817e-01,1.197618349750268374e+00,1.388129543375858366e-01,1.237934259697033967e+00,-2.098874110570350671e-01,-9.437907876452854283e-02,-1.516332584354829075e-03,3.273373554883162173e-01,-1.639077229412082559e+00,1.034414876087979968e-01,-1.275392192849038375e+00
1.050000,0.000000000000000000e+00,0.000000000000000000e+00,2.363648797164726867e-01,7.251514412024901990e-01,0.000000000000000000e+00,6.885894185376010279e-01,0.000000000000000000e+00,-8.810904058433996489e-02,-1.366291524493393715e-02,3.667286385719380551e-03,4.840848027443424295e-02,1.289516201106717941e-01,1.388375697670240008e-02,-1.434990558255803128e-01,3.539431667330449061e-02,-1.289560539731063327e-02,1.685325406057320008e-01,2.158071816056884168e-02,-4.346422847542691370e-02,2.704436046437431757e-03,3.263319079730139793e-03,-5.173686776731449832e-01,-2.141295607341026364e-01,1.470016010922925442e-01,-1.190646014187209667e-01,3.673908746317839369e-01,1.189520467988690156e+00,1.233852311835602483e-01,1.274659640377199921e+00,-2.541990105424309920e-01,-9.365564120454936137e-02,-9.237516518307292354e-03,4.185161704238447578e-01,-1.635675804328349692e+00,1.065992785171828855e-01,-1.314436518975895751e+00
1.060000,0.000000000000000000e+00,0.000000000000000000e+00,2.417870986295582447e-01,7.284288042851554401e-01,0.000000000000000000e+00,6.851215053460946169e-01,0.000000000000000000e+00,-8.956972921714834168e-02,-1.365624249083980529e-02,3.686753042386244333e-03,5.148420975410867434e-02,1.273438140390819318e-01,1.388227473236790591e-02,-1.448666573373739719e-01,3.537290979178030897e-02,-1.294264636476315060e-02,1.714100788140584253e-01,2.008138022305924059e-02,-4.345959452430525616e-02,2.716060314285894794e-03,3.267064104612462435e-03,-5.178698126701266613e-01,-2.582944409843093703e-01,1.446281432624892949e-01,-1.134603479805193493e-01,4.560897412261326056e-01,1.182285901368030023e+00,1.070657550124584495e-01,1.312403513659315513e+00,-2.980351459355861654e-01,-9.320511725264760128e-02,-1.713238838191967484e-02,5.051764805351189880e-01,-1.632121382451018787e+00,1.096619769469909939e-01,-1.354632333543862810e+00
1.070000,0.000000000000000000e+00,0.000000000000000000e+00,2.472093175426438028e-01,7.316895828426728254e-01,0.000000000000000000e+00,6.816379936296945719e-01,0.000000000000000000e+00,-9.017503317156141951e-02,-1.365190886681214195e-02,3.694242142901833954e-03,5.274094079299713328e-02,1.267060857868696488e-01,1.387985054362043079e-02,-1.445341130766334414e-01,3.537204655897764616e-02,-1.292898904322911137e-02,1.706770386513181137e-01,2.049073822270374226e-02,-4.345357495258973107e-02,2.735514028366270358e-03,3.271976631289642314e-03,-5.181699217458604068e-01,-3.045727788913603074e-01,1.421725040286111186e-01,-1.073225640628366478e-01,5.492993781970362255e-01,1.175642269342425106e+00,8.888234708355462199e-02,1.353182873226290939e+00,-3.440605923321862769e-01,-9.307159724039973381e-02,-2.569013114968431155e-02,5.965208337725756982e-01,-1.628214088096745726e+00,1.127194150534150396e-01,-1.398194080684713070e+00
1.080000,0.000000000000000000e+00,0.000000000000000000e+00,2.526315364557293885e-01,7.349337026351637769e-01,0.000000000000000000e+00,6.781389626993634678e-01,0.000000000000000000e+00,-8.946819999402118306e-02,-1.365184659182101107e-02,3.683613569214928309e-03,5.121443361847519832e-02,1.275448286862430336e-01,1.387674375925824696e-02,-1.424850379220803098e-01,3.539191460830032332e-02,-1.285407056597065098e-02,1.663033412527138155e-01,2.282271566876543575e-02,-4.344622372647031355e-02,2.729558997562814456e-03,3.267915588181371806e-03,-5.181153967425641271e-01,-3.534250590723035379e-01,1.397324772413630067e-01,-1.006392402979434386e-01,6.473226105136941078e-01,1.169718976763241214e+00,6.874741087388946958e-02,1.397304838033011531e+00,-3.931699399948377360e-01,-9.334151886158631450e-02,-3.512813763422556468e-02,6.937433770274328282e-01,-1.623898010813190629e+00,1.157378043613524754e-01,-1.445921105631874148e+00
1.090000,0.000000000000000000e+00,0.000000000000000000e+00,2.580537553688149188e-01,7.381610898020327660e-01,0.000000000000000000e+00,6.746244922193942450e-01,0.000000000000000000e+00,-8.447068507144886440e-02,-1.366829218322115382e-02,3.614707241094146806e-03,4.059017565395334898e-02,1.331916910468937676e-01,1.387455847510517780e-02,-1.359400233176920603e-01,3.547111578746584698e-02,-1.262059638306913152e-02,1.523989703581175303e-01,3.017585084799601428e-02,-4.344235049723854658e-02,2.679272518807147320e-03,3.217282480957414648e-03,-5.147812957292451364e-01,-3.883712838598717965e-01,1.394829061048475649e-01,-9.914790456562899701e-02,7.062761480092899502e-01,1.162993140253879121e+00,5.651642084720179260e-02,1.428994157524816178e+00,-4.280960142971323434e-01,-9.356368898219505348e-02,-4.237498317757499439e-02,7.537195338755038332e-01,-1.621254509895353468e+00,1.178701014802303881e-01,-1.479491100217962929e+00
1.100000,0.000000000000000000e+00,0.000000000000000000e+00,2.634759742819005046e-01,7.413716708636435282e-01,0.000000000000000000e+00,6.710946622056007671e-01,0.000000000000000000e+00,-8.340446436061683955e-02,-1.366728076162540551e-02,3.598374699335629007e-03,3.831561436466510845e-02,1.344358763852040728e-01,1.386891091961903882e-02,-1.331417831005244079e-01,3.549335492707168804e-02,-1.251667658792370366e-02,1.464505146147534187e-01,3.334616284606874148e-02,-4.342755427260490408e-02,2.772350811154953784e-03,3.302291370934841604e-03,-5.200000000000000178e-01,-4.878395059213137541e-01,1.383535984796937512e-01,-9.452065237022172495e-02,9.245293887543760691e-01,1.146672667756386987e+00,1.252580282533725768e-02,1.525961414478872236e+00,-5.307041354517125775e-01,-9.670256074573610472e-02,-6.411514444157552506e-02,9.729141305313480093e-01,-1.612242473446188207e+00,1.220776568248759519e-01,-1.586270308949261576e+00
1.110000,0.000000000000000000e+00,0.000000000000000000e+00,2.634759742819005046e-01,7.381576509795426677e-01,2.418136136007829540e-19,6.746282548932883705e-01,2.418136136007829540e-19,-8.620420697610889360e-02,-1.366882431345629520e-02,3.640870479405689669e-03,4.416021234902382797e-02,1.313051472230169769e-01,1.388247109232544629e-02,-1.399173901207537707e-01,3.543909758521029268e-02,-1.276827282670871255e-02,1.607287945354214653e-01,2.579621207817800119e-02,-4.346341403184905694e-02,2.656815322936640841e-03,3.192267177254457574e-03,-5.156076935259555905e-01,-3.686091036339602667e-01,1.397377327459737584e-01,-1.017463137378010890e-01,6.806396133834404782e-01,1.166212246703657973e+00,6.251209659924149287e-02,1.415688916834037414e+00,-4.072602460109811529e-01,-9.327275723492575721e-02,-3.875053673505317320e-02,7.248964156578086016e-01,-1.622909249468586390e+00,1.166218381450427055e-01,-1.464208160829000960e+00
1.120000,0.000000000000000000e+00,0.000000000000000000e+00,2.634759742819005046e-01,7.349267891420365739e-01,4.836217099335320299e-19,6.781464551270445229e-01,4.836217099335320299e-19,-1.028180007915719119e-01,-1.361337781002884377e-02,3.869990074628130300e-03,7.933053079889380854e-02,1.126934166476220578e-01,1.389069466604646828e-02,-1.584990864998123417e-01,3.521621648519014658e-02,-1.343270426765422014e-02,2.000720704381374337e-01,5.049855556344415644e-03,-4.348401117856875303e-02,2.666155380561893110e-03,3.248316782590568094e-03,-5.178584771910648143e-01,-3.314941609532777722e-01,1.395288560631189889e-01,-1.037859473002100269e-01,6.128269962805681370e-01,1.171908924974321087e+00,7.532852484881558119e-02,1.385966367783918907e+00,-3.687284237306686641e-01,-9.199606202776075548e-02,-3.079118023589778874e-02,6.550877074296717062e-01,-1.626012904459562813e+00,1.150176498711335260e-01,-1.430902867002351142e+00
1.130000,0.000000000000000000e+00,0.000000000000000000e+00,2.634759742819005046e-01,7.316791590671178902e-01,7.254187718561098493e-19,6.816491826349058147e-01,7.254187718561098493e-19,-1.076254174457659668e-01,-1.360461093045648058e-02,3.939188336817782583e-03,8.950491066193214107e-02,1.072645301556969244e-01,1.390226150601430594e-02,-1.665490736768727997e-01,3.513368912346372802e-02,-1.372637669726707588e-02,2.171285225963238419e-01,-3.974838952489896486e-03,-4.351367790385665679e-02,2.632320639271487368e-03,3.242777035575134924e-03,-5.180503878450660737e-01,-2.752177249338907394e-01,1.417317773235178824e-01,-1.113619127296840705e-01,5.060118396315611555e-01,1.179164420964749160e+00,9.648073884934221800e-02,1.340241933753591352e+00,-3.117034984426224065e-01,-9.136912945219105575e-02,-2.012130634005131549e-02,5.485760264252574903e-01,-1.630946632726921086e+00,1.116826168230790894e-01,-1.380908338146401793e+00
1.140000,0.000000000000000000e+00,0.000000000000000000e+00,2.634759742819005046e-01,7.284148348533654449e-01,9.671992824780749663e-19,6.851363574979395521e-01,9.671992824780749663e-19,-1.075207221371756727e-01,-1.361600579017721059e-02,3.941987156609864928e-03,8.929510286639157080e-02,1.072973861425367825e-01,1.391499929984244335e-02,-1.711456043904518443e-01,3.509801569208213096e-02,-1.389876651967765671e-02,2.268941392928016387e-01,-9.173418032230651331e-03,-4.354524366256759538e-02,2.633165828779865728e-03,3.244216342535292518e-03,-5.179164246437834018e-01,-2.224017125850388521e-01,1.438701543274037709e-01,-1.182629235387418903e-01,4.071796709099758660e-01,1.187112362965556223e+00,1.149407070521998586e-01,1.299093393309349365e+00,-2.581391211889437765e-01,-9.125598777816212870e-02,-1.039068905471976501e-02,4.491972380260897957e-01,-1.635386864845894239e+00,1.083390555318521492e-01,-1.335918911637848705e+00
1.150000,0.000000000000000000e+00,0.000000000000000000e+00,2.634759742819005046e-01,7.251338909802597099e-01,1.208957725286781938e-18,6.886079001520597487e-01,1.208957725286781938e-18,-1.028718906173882869e-01,-1.364584375127214123e-02,3.883145000364382309e-03,7.947839491554990754e-02,1.123818552885579580e-01,1.392856504556968036e-02,-1.708058338763496220e-01,3.513342377094601926e-02,-1.389881314225091709e-02,2.262179937068679314e-01,-8.892509574152565599e-03,-4.358117823512101113e-02,2.599629084564728486e-03,3.229950623175968389e-03,-5.175779106861226886e-01,-1.716311747041057434e-01,1.459506521711356475e-01,-1.247114136354738334e-01,3.127308959881491823e-01,1.195694704504518535e+00,1.313845900733340566e-01,1.261176491124612609e+00,-2.072734509562585703e-01,-9.152999856760271613e-02,-1.370767653587811425e-03,3.564229093529580616e-01,-1.639344618318510527e+00,1.049905729373069169e-01,-1.295127686551294177e+00
1.160000,0.000000000000000000e+00,0.000000000000000000e+00,2.634759742819005046e-01,7.218364023064725021e-01,1.450688584272782283e-18,6.920637313898543308e-01,1.450688584272782283e-18,-9.530368120826135381e-02,-1.368498674559641588e-02,3.783609361586856654e-03,6.349714035194288508e-02,1.207192883528427768e-01,1.394026930844318238e-02,-1.628113103528250061e-01,3.527625708103634961e-02,-1.362964269496146769e-02,2.093316282467777012e-01,-9.904898987267429789e-05,-4.362065301256510402e-02,2.557887460202433461e-03,3.191892487908694776e-03,-5.170423396268151173e-01,-1.208119222632865891e-01,1.480225891226064072e-01,-1.310328185488333630e-01,2.176422885804437934e-01,1.205308489131737604e+00,1.468373287272644323e-01,1.224034749370233932e+00,-1.566963944575223977e-01,-9.227077185732096565e-02,7.481496188600767622e-03,2.631859055644111267e-01,-1.643000446467753672e+00,1.014773767039197361e-01,-1.255689165090001502e+00
1.170000,0.000000000000000000e+00,0.000000000000000000e+00,2.634759742819005046e-01,7.185224440681705627e-01,1.692386344056204389e-18,6.955037723623810342e-01,1.692386344056204389e-18,-9.152336791601115018e-02,-1.370300948431529657e-02,3.733204536373764364e-03,5.556486569282732130e-02,1.248428141857875207e-01,1.394450463311363610e-02,-1.561570024422549996e-01,3.538257226567265157e-02,-1.340000837888577663e-02,1.953049634087672404e-01,7.210316079244572310e-03,-4.364012859942801442e-02,2.546392953766825687e-03,3.177012957960056224e-03,-5.179765930358239956e-01,-7.788853067096795924e-02,1.497703134502373079e-01,-1.361039290403594781e-01,1.509414406053667390e-01,1.214017146234348976e+00,1.582174469592469157e-01,1.193913452150884513e+00,-1.142105391969306244e-01,-9.342149579037603568e-02,1.467102472962167510e-02,1.964618091877714245e-01,-1.645627159935852069e+00,9.826390493406536586e-02,-1.224196531886879491e+00
1.180000,0.000000000000000000e+00,0.000000000000000000e+00,2.634759742819005046e-01,7.151920918772920466e-01,1.934045490012426989e-18,6.989279445809725155e-01,1.934045490012426989e-18,-8.735340207562679316e-02,-1.370822291768840698e-02,3.672200318344598976e-03,4.678639961972482636e-02,1.295217757479757426e-01,1.393240274688831680e-02,-1.458557510085954079e-01,3.549501564280457822e-02,-1.302489672499156266e-02,1.735230872120490930e-01,1.869379159076267269e-02,-4.361349382353400111e-02,2.578449709203826760e-03,3.199562450936931871e-03,-5.190923194650347572e-01,-4.099053149929914042e-02,1.522534571751569532e-01,-1.401085492579637048e-01,8.673057507237592889e-02,1.221852253569343238e+00,1.679030569382161386e-01,1.165247956215314185e+00,-7.923800092280255947e-02,-9.533562956408797584e-02,2.030791398559428362e-02,1.324728889592785008e-01,-1.647379199614547929e+00,9.506986413834739302e-02,-1.195178185603471777e+00
1.190000,0.000000000000000000e+00,0.000000000000000000e+00,2.634759742819005046e-01,7.118454217198243450e-01,2.175660508398652242e-18,7.023361699190249219e-01,2.175660508398652242e-18,-9.891503316333746798e-02,-1.368731935417128592e-02,3.838979081598452997e-03,7.146725481277201031e-02,1.162529723458309155e-01,1.395881207418787212e-02,-1.707608551220688997e-01,3.521195192500318344e-02,-1.392730820180630713e-02,2.265067007791394804e-01,-9.370001260094736745e-03,-4.367059433514015182e-02,2.694299079882575641e-03,3.268442149946543772e-03,-5.200000000000000178e-01,-5.597370237966576081e-03,1.523490828583333734e-01,-1.446852768558377633e-01,4.538778447312288161e-02,1.227182557700705612e+00,1.713095781358373038e-01,1.157293672482309299e+00,-4.094714480546058494e-02,-9.496471706834171134e-02,2.646987909755973631e-02,8.488265278792803126e-02,-1.649664308455507378e+00,9.340393287245034315e-02,-1.183380918394758785e+00
1.200000,0.000000000000000000e+00,0.000000000000000000e+00,2.634759742819005046e-01,7.084825099540617011e-01,2.417225886476875397e-18,7.057283706137885693e-01,2.417225886476875397e-18,-1.073922912291435106e-01,-1.365597535484482615e-02,3.955401941015024465e-03,8.957873924610774974e-02,1.066212335061715449e-01,1.396062751136730937e-02,-1.818127429370346992e-01,3.505678423651056863e-02,-1.431657493457006922e-02,2.500851934982159519e-01,-2.183636481310839705e-02,-4.366924575909976458e-02,2.738765995355636664e-03,3.293936640271134201e-03,-5.200000000000000178e-01,3.607023573582979203e-02,1.539604835817572348e-01,-1.497301736033826991e-01,-1.697938385876654119e-02,1.235092607491260708e+00,1.782721821302197807e-01,1.137137346625106016e+00,7.586045874040390005e-04,-9.616529087087263838e-02,3.316638049582534831e-02,2.141034037840130674e-02,-1.651760483317854966e+00,9.074500640599357515e-02,-1.161339053714273595e+00
1.210000,0.000000000000000000e+00,0.000000000000000000e+00,2.634759742819005046e-01,7.051034333088955774e-01,2.910218140600061764e-18,7.091044692681098827e-01,2.910218140600061764e-18,-1.174080808245932112e-01,-1.361454944830485340e-02,4.091332846080720717e-03,1.109532594853843979e-01,9.529541541184875786e-02,1.395890897663401749e-02,-1.903611551427215609e-01,3.492989223949506672e-02,-1.461488861345991083e-02,2.683569420925025484e-01,-3.150472302562955240e-02,-4.366343249801987736e-02,2.736900867966041932e-03,3.296763949559595314e-03,-5.200000000000000178e-01,7.769606201394385625e-02,1.556704164632009002e-01,-1.547780983671075972e-01,-7.788276507379320035e-02,1.243101671055589330e+00,1.844073406658901793e-01,1.118283756709684829e+00,4.188983715343196079e-02,-9.761634762444908187e-02,3.971840113838823877e-02,-3.975663888166328791e-02,-1.653566545071253779e+00,8.815374378457510596e-02,-1.141097652303537657e+00
1.220000,0.000000000000000000e+00,0.000000000000000000e+00,2.634759742819005046e-01,7.017082688819634706e-01,3.046960803984848198e-18,7.124643888522976809e-01,3.046960803984848198e-18,-1.179474044531311216e-01,-1.361329888425431150e-02,4.099040273802084279e-03,1.122250145326402354e-01,9.455830365591383346e-02,1.395998475619450278e-02,-1.910075154518140195e-01,3.492313931584853370e-02,-1.463861094594592904e-02,2.698565177443744689e-01,-3.235858834392952438e-02,-4.366637552567298464e-02,2.687170966378393550e-03,3.284745311840238033e-03,-5.200000000000000178e-01,1.173492617032629165e-01,1.574592842895200795e-01,-1.596099299450898235e-01,-1.325960525328195028e-01,1.250484027494163763e+00,1.891476737019561760e-01,1.102576276731625171e+00,8.054830530043703696e-02,-9.913221186610540747e-02,4.580655611016284240e-02,-9.362186058372334863e-02,-1.655018364137898379e+00,8.573531031460811247e-02,-1.124495151539725901e+00
1.230000,0.000000000000000000e+00,0.000000000000000000e+00,2.634759742819005046e-01,6.982970941380759466e-01,4.960450844997409399e-18,7.158080527056950304e-01,4.960450844997409399e-18,-1.178791119763243217e-01,-1.361354793221496856e-02,4.098098276098722549e-03,1.122014322296981670e-01,9.451360913106161832e-02,1.395995115739416363e-02,-1.909378282624838163e-01,3.492401542812943044e-02,-1.463611551604407368e-02,2.698298200835255178e-01,-3.240154634839152725e-02,-4.366622005241450888e-02,2.610363869097344965e-03,3.258992317411315166e-03,-5.200000000000000178e-01,1.558544352709429759e-01,1.594342717474262761e-01,-1.644430668242895244e-01,-1.804565826254326544e-01,1.257285127169504246e+00,1.927601935788685328e-01,1.089876608270957226e+00,1.179138238732636706e-01,-1.007074721223574637e-01,5.173056088252516588e-02,-1.389324081920499665e-01,-1.656269367374148871e+00,8.351916552997136478e-02,-1.111156259111350186e+00
1.240000,0.000000000000000000e+00,0.000000000000000000e+00,2.634759742819005046e-01,6.948699869072635371e-01,1.485827076963521840e-18,7.191353845386134758e-01,1.485827076963521840e-18,-1.273435839873671149e-01,-1.356944423732167615e-02,4.224659054406955036e-03,1.323863521389513631e-01,8.385625284942187230e-02,1.395395556919234829e-02,-1.954096822316254423e-01,3.484810132518108283e-02,-1.478826366075933728e-02,2.794325234203746122e-01,-3.749006032517579468e-02,-4.365328232735705277e-02,2.624473828723401531e-03,3.248001880912424096e-03,-5.200000000000000178e-01,1.979314360872222733e-01,1.615098617208437504e-01,-1.695433715690547183e-01,-2.341189796308939530e-01,1.264465921144867666e+00,1.956253234158708831e-01,1.078019149397021037e+00,1.596837992902018499e-01,-1.027039345519363822e-01,5.800629047547167100e-02,-1.935526397261677911e-01,-1.657408207030053093e+00,8.135224782564683121e-02,-1.098074920144225253e+00
1.250000,0.000000000000000000e+00,0.000000000000000000e+00,2.634759742819005046e-01,6.914270253830933077e-01,1.899383285005789117e-18,7.224463084339813879e-01,1.899383285005789117e-18,-1.358462775914336673e-01,-1.352750963933669996e-02,4.337455446802258863e-03,1.505156857787570412e-01,7.429911041411885186e-02,1.394702248735444489e-02,-1.974926088297919435e-01,3.480645294085716462e-02,-1.485651619824252326e-02,2.839487307734325228e-01,-3.989482754006492410e-02,-4.364008074458938097e-02,2.640695647155766670e-03,3.246897625677453315e-03,-5.200000000000000178e-01,2.402478864504424272e-01,1.637222784750292370e-01,-1.745868162590360484e-01,-2.856094431406732692e-01,1.271191173024003529e+00,1.973480523877909343e-01,1.068714469760437380e+00,2.012259005743917417e-01,-1.048629507042252718e-01,6.413434271565293665e-02,-2.466152563337044301e-01,-1.658326315645293647e+00,7.933328184839065489e-02,-1.087434592871130201e+00
1.260000,0.000000000000000000e+00,0.000000000000000000e+00,2.634759742819005046e-01,6.879682881208635248e-01,2.312896156337531045e-18,7.257407488490973391e-01,2.312896156337531045e-18,-1.232697592444472329e-01,-1.358183111710751026e-02,4.167536368569320360e-03,1.239134750090755410e-01,8.827126263431742115e-02,1.394876184054924702e-02,-1.915259917601363771e-01,3.489113314209937172e-02,-1.464674045234397835e-02,2.713569242762068345e-01,-3.329642560394933254e-02,-4.363790929791409173e-02,2.601752068445135121e-03,3.226472423010249418e-03,-5.200000000000000178e-01,2.807519261538087840e-01,1.664003252394440913e-01,-1.795646923264260786e-01,-3.259528312884101275e-01,1.276725050133958206e+00,1.979329457055408192e-01,1.063404234526935666e+00,2.409295177303938107e-01,-1.069545089658115733e-01,6.993401152824973988e-02,-2.850894296720515864e-01,-1.659012886237869910e+00,7.747955098044047306e-02,-1.081246396651966979e+00
1.270000,0.000000000000000000e+00,0.000000000000000000e+00,2.634759742819005046e-01,6.844938540358252999e-01,2.726356256165181946e-18,7.290186306173405129e-01,2.726356256165181946e-18,-1.201588863600210055e-01,-1.359098746886999200e-02,4.123837284084447795e-03,1.173633754506995808e-01,9.172485703185691286e-02,1.394460418103611599e-02,-1.884261162642207055e-01,3.492522739239917878e-02,-1.453377358398620818e-02,2.648258174853858060e-01,-2.986350444045305502e-02,-4.362579415421777990e-02,2.681126651470300271e-03,3.267431773632306115e-03,-5.200000000000000178e-01,3.248832036938383849e-01,1.688690714254461600e-01,-1.845309550901502726e-01,-3.792620441425642586e-01,1.282718609769028850e+00,1.975378909278594497e-01,1.058540263965150219e+00,2.838817648932904225e-01,-1.092689952612262289e-01,7.566783487951778131e-02,-3.428510950372990473e-01,-1.659735870936726032e+00,7.537110336583106862e-02,-1.074258039997646241e+00
1.280000,0.000000000000000000e+00,0.000000000000000000e+00,2.634759742819005046e-01,6.810038024013624902e-01,3.139754150900296759e-18,7.322798789499039840e-01,3.139754150900296759e-18,-1.089661672311462437e-01,-1.363454926752798342e-02,3.970999435269755365e-03,9.363974828709702158e-02,1.042390802203762429e-01,1.394304628058848881e-02,-1.797937741418653423e-01,3.504192539494790232e-02,-1.422831497914954502e-02,2.465229932621797182e-01,-2.022574560873964186e-02,-4.361942224007397950e-02,2.661835115456594354e-03,3.259120296223152677e-03,-5.200000000000000178e-01,3.665027474469297331e-01,1.719816250422539494e-01,-1.893006945079175329e-01,-4.158028030033213418e-01,1.287163656667961398e+00,1.959535169653369713e-01,1.058553899517316044e+00,3.244591475102002742e-01,-1.112952997971028146e-01,8.090097421505464126e-02,-3.786962850126731617e-01,-1.660242109606570482e+00,7.328304148761179138e-02,-1.073082218786588937e+00
1.290000,0.000000000000000000e+00,0.000000000000000000e+00,2.634759742819005046e-01,6.774982128471961351e-01,3.553080408373258390e-18,7.355244194374890299e-01,3.553080408373258390e-18,-1.057596359762470323e-01,-1.364124390358044392e-02,3.925032829820596959e-03,8.682158641704310065e-02,1.078848665211010471e-01,1.393623669089029057e-02,-1.753456210889644262e-01,3.508803017123557355e-02,-1.406547685859540868e-02,2.370674741025001475e-01,-1.521139632372837253e-02,-4.360102743865966468e-02,2.725851951917065193e-03,3.296942167186780667e-03,-5.200000000000000178e-01,4.117938203402810027e-01,1.749994262384355903e-01,-1.942292616682416151e-01,-4.649739930376505792e-01,1.292068682151306103e+00,1.935167152351868758e-01,1.059178505020918148e+00,3.684418113390590666e-01,-1.135279128262670079e-01,8.620630868831320737e-02,-4.320317260241839374e-01,-1.660820304460172148e+00,7.096553482518017097e-02,-1.071478319729773698e+00
1.300000,0.000000000000000000e+00,0.000000000000000000e+00,2.634759742819005046e-01,6.739771653575620247e-01,3.966325598049111291e-18,7.387521780520078796e-01,3.966325598049111291e-18,-9.742490349406698891e-02,-1.366829483464859427e-02,3.809392894745737123e-03,6.908028858325034050e-02,1.173172206161562925e-01,1.393035390047753751e-02,-1.649237004576371568e-01,3.521946287186129149e-02,-1.369361755440025134e-02,2.148938580946739840e-01,-3.485266198043901476e-03,-4.358814735632246529e-02,2.720901907333182941e-03,3.308371540998597538e-03,-5.200000000000000178e-01,4.548287080777048130e-01,1.787580935387632908e-01,-1.987065378565227303e-01,-4.997698243695905540e-01,1.295191568250708025e+00,1.898036263171967719e-01,1.064925359816750960e+00,4.102006084030201949e-01,-1.155587661033469354e-01,9.092159568753323262e-02,-4.668115072089411566e-01,-1.661034267159691602e+00,6.867992564799577093e-02,-1.075548650302894815e+00
1.310000,0.000000000000000000e+00,0.000000000000000000e+00,2.634759742819005046e-01,6.704407402693878248e-01,4.379480291242489075e-18,7.419630811482706978e-01,4.379480291242489075e-18,-9.131552310240431680e-02,-1.368349675484160574e-02,3.723009064641069187e-03,5.600238847356765054e-02,1.243380197289717382e-01,1.392128201701828619e-02,-1.542497054665449008e-01,3.534507307692773964e-02,-1.330974026027174559e-02,1.921325505271986034e-01,8.591671831123921799e-03,-4.356888297622978773e-02,2.749259460866663399e-03,3.346232749498296091e-03,-5.200000000000000178e-01,4.974883512822034781e-01,1.830315284984398994e-01,-2.027625303399442358e-01,-5.293100856503702989e-01,1.297092316442922000e+00,1.847620434777433873e-01,1.074745556259032009e+00,4.513925589103424119e-01,-1.176063562809632063e-01,9.515650087124079282e-02,-4.985831960239384131e-01,-1.660974036795461073e+00,6.636529401942897755e-02,-1.083237957054135725e+00
1.320000,0.000000000000000000e+00,0.000000000000000000e+00,2.634759742819005046e-01,6.668890182704593217e-01,4.792535061332850287e-18,7.451570554656669065e-01,4.792535061332850287e-18,-8.942327734763613756e-02,-1.368083613361272162e-02,3.693583060331187811e-03,5.184363572047034907e-02,1.266721126204505832e-01,1.391008140280276112e-02,-1.495760408351612669e-01,3.538003746982927578e-02,-1.313447448562429787e-02,1.820730858864219315e-01,1.401167116717887129e-02,-4.353870900270410266e-02,2.781626445655675708e-03,3.355494091630143241e-03,-5.200000000000000178e-01,5.464183214281120859e-01,1.873564873434431233e-01,-2.077776942568066165e-01,-5.745756396263816956e-01,1.300376962826728988e+00,1.795363283200926696e-01,1.084132843669908475e+00,4.991641061420184489e-01,-1.198921302618915913e-01,1.002097769240415381e-01,-5.471196268883165015e-01,-1.661203394250317267e+00,6.380559170411147230e-02,-1.090351984427476495e+00
1.330000,0.000000000000000000e+00,0.000000000000000000e+00,2.634759742819005046e-01,6.633220803975805602e-01,5.205480483979412184e-18,7.483340281298356267e-01,5.205480483979412184e-18,-8.593854064005686244e-02,-1.368180707890147632e-02,3.641608945654401311e-03,4.421674206667691731e-02,1.308996970070420984e-01,1.389632219735638038e-02,-1.410653059322055647e-01,3.546001398547703187e-02,-1.282176315017102483e-02,1.637857694105604167e-01,2.382111962344197337e-02,-4.350458848815004498e-02,2.791491726063460334e-03,3.370298454435317805e-03,-5.200000000000000178e-01,5.907370121486180681e-01,1.926527523336377945e-01,-2.116489964218756514e-01,-6.041129684052602977e-01,1.301013395578987097e+00,1.724248971425141330e-01,1.100697153476993817e+00,5.420942446725136588e-01,-1.220712204854840638e-01,1.040885465485547334e-01,-5.782480043821629501e-01,-1.660754190057669888e+00,6.141851467535267006e-02,-1.104721830782167125e+00
1.340000,0.000000000000000000e+00,0.000000000000000000e+00,2.634759742819005046e-01,6.597400080347222140e-01,5.618307137336522857e-18,7.514939266543309015e-01,5.618307137336522857e-18,-8.399886630150325828e-02,-1.367478976976804241e-02,3.609986249461986582e-03,3.979865784615720797e-02,1.334791299807458198e-01,1.388002562123286272e-02,-1.352738486701268728e-01,3.549469862164957717e-02,-1.260230914788175449e-02,1.511966646282134341e-01,3.068131458157246499e-02,-4.345999632004790558e-02,2.791828495024779953e-03,3.350367214089802672e-03,-5.200000000000000178e-01,6.365039314512394020e-01,1.984737068569606688e-01,-2.156821355915953808e-01,-6.290386848168479927e-01,1.301394318338162437e+00,1.642975631333208342e-01,1.120954745736919334e+00,5.866611417611115042e-01,-1.243339060558660697e-01,1.079783406632176951e-01,-6.057718930059570184e-01,-1.660203862505202022e+00,5.902043367703040805e-02,-1.122769642391161726e+00
1.350000,0.000000000000000000e+00,0.000000000000000000e+00,2.634759742819005046e-01,6.561428829111678462e-01,0.000000000000000000e+00,7.546366789422718213e-01,0.000000000000000000e+00,-8.340446436061683955e-02,-1.366728076162540551e-02,3.598374699335629007e-03,3.831561436466510845e-02,1.344358763852040728e-01,1.386891091961903882e-02,-1.331417831005244079e-01,3.549335492707168804e-02,-1.251667658792370366e-02,1.464505146147534187e-01,3.334616284606874148e-02,-4.342755427260490408e-02,2.772350811154953784e-03,3.302291370934841604e-03,-5.200000000000000178e-01,6.943589293954977038e-01,2.040498545939597452e-01,-2.217505478860521129e-01,-6.733486517172260211e-01,1.305262142070445552e+00,1.586079074944302669e-01,1.133681734257768747e+00,6.436232476124134072e-01,-1.268682715271872430e-01,1.142338176448803588e-01,-6.527144567790368335e-01,-1.660515973421723190e+00,5.604298392952217212e-02,-1.132961372113948206e+00
1.360000,0.000000000000000000e+00,0.000000000000000000e+00,2.599699025220795767e-01,6.514191329298140154e-01,6.570165133320324144e-18,7.587180723120869885e-01,6.570165133320324144e-18,-1.196127439803008341e-01,-1.352806727737048721e-02,4.092008728791827511e-03,1.148867876890313222e-01,9.406655039508587945e-02,1.387860483891945051e-02,-1.552197347662091498e-01,3.524354811114296243e-02,-1.331211458477220104e-02,1.930451532967496220e-01,8.817015467295423806e-03,-4.347462560600268144e-02,2.767261629174613477e-03,3.293472129010312829e-03,-5.199988711634317973e-01,7.010096468556096250e-01,1.890280561042166629e-01,-2.014245205267930772e-01,-6.626579308283461200e-01,1.322928037515718414e+00,1.295732202206271999e-01,1.151538406162355699e+00,6.527745049238847797e-01,-1.364463152452042860e-01,1.250826333117509848e-01,-6.422303923042991247e-01,-1.657875694527227939e+00,7.142218294719544780e-02,-1.155959520333451396e+00
1.370000,0.000000000000000000e+00,0.000000000000000000e+00,2.564638307622586488e-01,6.466699961118788087e-01,7.109068614618644690e-18,7.627698972355049234e-01,7.109068614618644690e-18,-1.563380402443107775e-01,-1.338619353911083519e-02,4.592480621987950207e-03,1.925568730938900242e-01,5.311945037334227931e-02,1.388804917664661354e-02,-1.772017691107160009e-01,3.499471800565350649e-02,-1.410410322860816516e-02,2.394383873293563225e-01,-1.560637631201166990e-02,-4.352171318166748321e-02,2.765449054909901398e-03,3.290230694362964153e-03,-5.199972675888643314e-01,6.996964438172511569e-01,1.699843216956352099e-01,-1.766614471086332405e-01,-6.774499074970343759e-01,1.343848788182295806e+00,1.038493737285535179e-01,1.135444476245683232e+00,6.519034191970984882e-01,-1.471269280656707368e-01,1.320050501787417563e-01,-6.560296304652486477e-01,-1.654569218095145899e+00,8.334656390030432960e-02,-1.145429446467848056e+00
1.380000,0.000000000000000000e+00,0.000000000000000000e+00,2.529577590024377765e-01,6.418956575387529950e-01,7.647695044240127573e-18,7.667919958064846053e-01,7.647695044240127573e-18,-1.741975080337136994e-01,-1.331720491974114524e-02,4.837913220263570513e-03,2.303527701488262969e-01,3.318344597777685145e-02,1.390475511129930786e-02,-1.917165545069457744e-01,3.483096641624366246e-02,-1.462996351300410378e-02,2.701439181853257376e-01,-3.180510010440713853e-02,-4.357033256033587126e-02,2.758579295168490930e-03,3.278936055329836723e-03,-5.199969407352492690e-01,6.996396110128656476e-01,1.707124693466634535e-01,-1.679806395751327064e-01,-6.812511834176298020e-01,1.357073144932147368e+00,9.860058785916735180e-02,1.141616981290562327e+00,6.564709452066983530e-01,-1.504747815938944633e-01,1.353640061611676715e-01,-6.576537607397335838e-01,-1.653572694024164180e+00,8.842584281603207974e-02,-1.151958678113526036e+00
1.390000,0.000000000000000000e+00,0.000000000000000000e+00,2.494516872426168208e-01,6.370963032739835885e-01,8.186023431058486776e-18,7.707842112774653254e-01,8.186023431058486776e-18,-1.879001196060233192e-01,-1.326447208871961263e-02,5.027120967754724820e-03,2.594157405998254728e-01,1.782245277082902118e-02,1.392120182410693831e-02,-2.034771074613693775e-01,3.469845947983485335e-02,-1.505743545010653807e-02,2.950927316447403692e-01,-4.499978922899194878e-02,-4.361627582002646636e-02,2.764781319704142943e-03,3.286269850663428669e-03,-5.199965939432935613e-01,6.995555850991379554e-01,1.711602727268270452e-01,-1.591035558610637834e-01,-6.855923836469095534e-01,1.370310727631995240e+00,9.343959102074254897e-02,1.147454388759399313e+00,6.608432324191119145e-01,-1.535815260041449859e-01,1.385238515538751713e-01,-6.598837472405675308e-01,-1.652709557021917686e+00,9.319593536191167482e-02,-1.158002153533775003e+00
1.400000,0.000000000000000000e+00,0.000000000000000000e+00,2.459456154827958652e-01,6.322721203560149883e-01,8.724032795563031005e-18,7.747463880654810175e-01,8.724032795563031005e-18,-1.988408996225645708e-01,-1.322243911609648735e-02,5.178805855304202330e-03,2.826943410815546120e-01,5.483871739879567740e-03,1.393657458982968181e-02,-2.131278682671723379e-01,3.458986885748798618e-02,-1.540928999111461709e-02,3.156404238467167001e-01,-5.590197459207254388e-02,-4.365845447343744828e-02,2.764506431560026338e-03,3.286495780193336106e-03,-5.199973626475826727e-01,6.994907061919949376e-01,1.718035596501480688e-01,-1.503519980127352995e-01,-6.902302053237104884e-01,1.383408956554064595e+00,8.884107317005138227e-02,1.153279975938542146e+00,6.651235748383906854e-01,-1.566163003613735283e-01,1.416035456532584169e-01,-6.619565102292096492e-01,-1.651846621414252647e+00,9.787098112960514185e-02,-1.164057487986133843e+00
1.410000,0.000000000000000000e+00,0.000000000000000000e+00,2.424395437229749373e-01,6.274232967909061376e-01,9.261702170675609278e-18,7.786783717582186348e-01,9.261702170675609278e-18,-2.076798036924338842e-01,-1.318853071531532820e-02,5.301788272411986185e-03,3.015777032313717854e-01,-4.561292083989567682e-03,1.395047223929620980e-02,-2.210541792011836426e-01,3.450082349115143887e-02,-1.569908449764109357e-02,3.325932001786610637e-01,-6.493274309788667209e-02,-4.369620203093865785e-02,2.752430938045774458e-03,3.268118833983704990e-03,-5.199974754388505538e-01,6.994871935415800657e-01,1.730093219424416739e-01,-1.419649742004329140e-01,-6.948869636873400424e-01,1.396240617816252305e+00,8.516431205106178570e-02,1.159377977268633453e+00,6.694213406423217272e-01,-1.596568581201308901e-01,1.446524351823263999e-01,-6.633948193271099747e-01,-1.650905398144094427e+00,1.025462467138260475e-01,-1.170487131711336337e+00
1.420000,0.000000000000000000e+00,0.000000000000000000e+00,2.389334719631540094e-01,6.225500215450004982e-01,9.799010602568049548e-18,7.825800091200384445e-01,9.799010602568049548e-18,-2.148073532873680802e-01,-1.316122041825808220e-02,5.401266861713245084e-03,3.168833996087410121e-01,-1.273999182692593136e-02,1.396265304853055306e-02,-2.275066141876773418e-01,3.442847928661625645e-02,-1.593559602926657853e-02,3.464714938059462179e-01,-7.236209572417136304e-02,-4.372907518106469021e-02,2.758636038924138292e-03,3.276967059080870392e-03,-5.199979523278357441e-01,6.994601595972446129e-01,1.739999794688293633e-01,-1.334066118208406815e-01,-7.000594044971152341e-01,1.409027044484174596e+00,8.160754561857605505e-02,1.165146695621390727e+00,6.735071796265678090e-01,-1.625030309678850426e-01,1.475546818788271708e-01,-6.655665098689464987e-01,-1.650113504006597509e+00,1.069793316277620615e-01,-1.176340417548030315e+00
1.430000,0.000000000000000000e+00,0.000000000000000000e+00,2.354274002033330537e-01,6.176524845375616080e-01,1.033593715147877765e-17,7.864511480979459179e-01,1.033593715147877765e-17,-2.204478412388917175e-01,-1.313967286698141529e-02,5.480218329197253033e-03,3.290762605611278757e-01,-1.929285709087495693e-02,1.397296673420700755e-02,-2.326552934633105418e-01,3.437090655917566379e-02,-1.612475914311594163e-02,3.576251272308291762e-01,-7.836983719400802961e-02,-4.375676809654845817e-02,2.754323838082263238e-03,3.264905260487857650e-03,-5.199976948206325167e-01,6.995398765594816881e-01,1.756302644013524594e-01,-1.252512400686454641e-01,-7.050145574750096289e-01,1.421516501847587488e+00,7.902616456817448953e-02,1.171296847319169832e+00,6.776925005570704208e-01,-1.653650935159287072e-01,1.504276737634755168e-01,-6.668793108237901501e-01,-1.649215386416850171e+00,1.114188175101937378e-01,-1.182734919248271011e+00
1.440000,0.000000000000000000e+00,0.000000000000000000e+00,2.319213284435120981e-01,6.127308766333730006e-01,1.087246089252875832e-17,7.902916378275163245e-01,1.087246089252875832e-17,-2.247762506662107640e-01,-1.312319034599604591e-02,5.540954640025460426e-03,3.385166152569897835e-01,-2.440516335629897698e-02,1.398130333768206682e-02,-2.366208956579209377e-01,3.432672218029174382e-02,-1.627076630871399435e-02,3.662990888897827979e-01,-8.308034178233672518e-02,-4.377906224450877487e-02,2.752068321871436931e-03,3.265129277337977531e-03,-5.199985801953351805e-01,6.995993142596462766e-01,1.768375135044640278e-01,-1.167993771662458047e-01,-7.108652179932588577e-01,1.434060666117619842e+00,7.636220426634944547e-02,1.176859470648921269e+00,6.815708291759657866e-01,-1.680492942207511275e-01,1.531594664430078745e-01,-6.690119590573255781e-01,-1.648446562620503375e+00,1.156338287422034594e-01,-1.188445636150776252e+00
1.450000,0.000000000000000000e+00,0.000000000000000000e+00,2.284152566836911702e-01,6.077853896352988228e-01,1.140856091653704181e-17,7.941013286387751391e-01,1.140856091653704181e-17,-2.278943276366990900e-01,-1.311139288608690126e-02,5.584816017654708684e-03,3.454093546227632316e-01,-2.818010992311073201e-02,1.398759247744303658e-02,-2.394879899196782347e-01,3.429495286859866182e-02,-1.637654601033195975e-02,3.726618046681299257e-01,-8.657751719759987363e-02,-4.379580651066838914e-02,2.753554538970462082e-03,3.269722478038639135e-03,-5.199989284699988445e-01,6.997239567900883639e-01,1.782573711969641095e-01,-1.084505111690817758e-01,-7.169050583045172287e-01,1.446418783480310166e+00,7.422192849468206566e-02,1.182419696656429542e+00,6.853919903493909116e-01,-1.706660858303997719e-01,1.558263391629880479e-01,-6.711532037356974234e-01,-1.647703027870682346e+00,1.197594521137065326e-01,-1.194097885096313094e+00
1.460000,0.000000000000000000e+00,0.000000000000000000e+00,2.249091849238702423e-01,6.028162162768103682e-01,1.194421633083549691e-17,7.978800720620298215e-01,1.194421633083549691e-17,-2.298477748706602430e-01,-1.310415285213648376e-02,5.612402183396975400e-03,3.498404044288140891e-01,-3.065808146871943501e-02,1.399179316270270784e-02,-2.413136293653444231e-01,3.427494280327595538e-02,-1.644406949371908164e-02,3.768233718948482136e-01,-8.891445373132275676e-02,-4.380690406161574790e-02,2.745642761901311967e-03,3.255216474508878816e-03,-5.200000000000000178e-01,6.999774994409544426e-01,1.803163154734929996e-01,-1.004883936622964491e-01,-7.224929142777108959e-01,1.458474580111282615e+00,7.304083477863342055e-02,1.188408381692535931e+00,6.893095207989498041e-01,-1.732864532107376287e-01,1.584480040260448364e-01,-6.721789669304240045e-01,-1.646838073087005361e+00,1.238749591083608409e-01,-1.200367495545706875e+00
1.470000,0.000000000000000000e+00,0.000000000000000000e+00,2.214031131640492867e-01,5.978235502144720881e-01,1.247940626008333454e-17,8.016277208336576310e-01,1.247940626008333454e-17,-2.307190775411822603e-01,-1.310107882577252886e-02,5.624795828858027494e-03,3.519740626187283783e-01,-3.192070896159668325e-02,1.399386701899725180e-02,-2.421389568952745097e-01,3.426618346780405111e-02,-1.647475362659327203e-02,3.788602226057988798e-01,-9.012644801725695765e-02,-4.381229111000791571e-02,2.754855736618674108e-03,3.267785823009738532e-03,-5.200000000000000178e-01,7.002150795592233523e-01,1.820049340554340533e-01,-9.223758091371106471e-02,-7.290601619906513786e-01,1.470516451169471939e+00,7.178781276184688365e-02,1.193787362435765109e+00,6.929587331997688615e-01,-1.757528270301715878e-01,1.609693677697485725e-01,-6.745990959142947885e-01,-1.646159420143067820e+00,1.277997035300565409e-01,-1.205759018724374965e+00
1.480000,0.000000000000000000e+00,0.000000000000000000e+00,2.178970414042283588e-01,5.928075860203977365e-01,1.301410984708032472e-17,8.053441289018432592e-01,1.301410984708032472e-17,-2.305001793818186040e-01,-1.310225209788771182e-02,5.621889122336285773e-03,3.517823140590967679e-01,-3.194822031135491347e-02,1.399381056796905262e-02,-2.419829439372271629e-01,3.426844498389671617e-02,-1.646925315364691778e-02,3.788018180436383830e-01,-9.022401647819618120e-02,-4.381195135437627314e-02,2.753654885620413287e-03,3.269393583621847676e-03,-5.200000000000000178e-01,7.005506116330720845e-01,1.838592890396642254e-01,-8.405766843286219259e-02,-7.358765565410761988e-01,1.482410462989962596e+00,7.100534629514243523e-02,1.199088324398268401e+00,6.965393644915524041e-01,-1.781688710657723385e-01,1.634269315937135203e-01,-6.767456502422724007e-01,-1.645459031475699385e+00,1.316504017889874867e-01,-1.211190470702783184e+00
1.490000,0.000000000000000000e+00,0.000000000000000000e+00,2.143909696444074031e-01,5.877685191746663262e-01,1.354830625357973003e-17,8.090291514322706101e-01,1.354830625357973003e-17,-2.289695681115565262e-01,-1.310893420478613340e-02,5.600767740987698702e-03,3.487835335024536687e-01,-3.048176565247475572e-02,1.399168690395197201e-02,-2.408316209479674785e-01,3.428197695200217027e-02,-1.642709724781644259e-02,3.766077689526540762e-01,-8.918085920653767706e-02,-4.380593889577661521e-02,2.737507282014000395e-03,3.247650788024919553e-03,-5.200000000000000178e-01,7.010256163719760236e-01,1.862801156835210137e-01,-7.620763186909781939e-02,-7.420992185099303251e-01,1.494036353952761242e+00,7.110280505926402927e-02,1.204801814061553733e+00,7.001691190941359277e-01,-1.805769734618344891e-01,1.658186425727390390e-01,-6.774671559815433897e-01,-1.644608654479489784e+00,1.354750668995086116e-01,-1.217309135458908509e+00
1.500000,0.000000000000000000e+00,0.000000000000000000e+00,2.108848978845864752e-01,5.827065460577030009e-01,1.408197466110057355e-17,8.126826448137686176e-01,1.408197466110057355e-17,-2.262856976343927684e-01,-1.312015734163079518e-02,5.563515356939378008e-03,3.433042236933399050e-01,-2.768852002251681252e-02,1.398747298048791735e-02,-2.386893583275034592e-01,3.430659847777004640e-02,-1.634843108552270358e-02,3.722768875803442179e-01,-8.699132588499818020e-02,-4.379427219647559488e-02,2.753186613749747554e-03,3.267648265127219825e-03,-5.200000000000000178e-01,7.015137034688730955e-01,1.884335599239912451e-01,-6.810323420744580913e-02,-7.493323421699359388e-01,1.505561874118809929e+00,7.119137620976025149e-02,1.209932499934082140e+00,7.035919908814618484e-01,-1.828581130708371028e-01,1.681542731956933157e-01,-6.800763932293599767e-01,-1.644000053184119015e+00,1.391475545182766504e-01,-1.222397920012314065e+00
1.510000,0.000000000000000000e+00,0.000000000000000000e+00,2.073788261247655196e-01,5.776218639426274892e-01,1.461509427173868028e-17,8.163044666639064362e-01,1.461509427173868028e-17,-2.210523974632550848e-01,-1.314371331808448368e-02,5.491765892863897415e-03,3.323668227358074767e-01,-2.199550131589369031e-02,1.398158790654586633e-02,-2.354037248211287570e-01,3.434477297772059456e-02,-1.622806036551384043e-02,3.654749247801288847e-01,-8.347435778058262534e-02,-4.377729356281419293e-02,2.743981196538498087e-03,3.251391850657491239e-03,-5.200000000000000178e-01,7.020945168555458027e-01,1.912149097145031673e-01,-6.037756460784986928e-02,-7.553157368354204149e-01,1.516834355719984817e+00,7.223728775485765974e-02,1.215611789035197399e+00,7.070169863217740103e-01,-1.851377431915205152e-01,1.704067277075885234e-01,-6.802587735761040921e-01,-1.643159523223139074e+00,1.428067398555021572e-01,-1.228499931075174079e+00
1.520000,0.000000000000000000e+00,0.000000000000000000e+00,2.038727543649445917e-01,5.725146709875642559e-01,1.514764430897751519e-17,8.198944758345436679e-01,1.514764430897751519e-17,-2.140319481008145230e-01,-1.317492704607813210e-02,5.395527402167384252e-03,3.175831540449286505e-01,-1.424835734785590002e-02,1.397390767297032425e-02,-2.310060609125671183e-01,3.439557489332398937e-02,-1.606701929389325531e-02,3.562586135284870337e-01,-7.865486666145608818e-02,-4.375496560629789367e-02,2.744354155931369877e-03,3.255513979388281656e-03,-5.200000000000000178e-01,7.027683991236998162e-01,1.935710398591974635e-01,-5.228775655720073468e-02,-7.633458476993342234e-01,1.528077504172123291e+00,7.309950656800907887e-02,1.220362089194599431e+00,7.102367880649753662e-01,-1.873062556998977835e-01,1.726145395113859449e-01,-6.828762615050792961e-01,-1.642552043740451939e+00,1.463175972650617718e-01,-1.233397242099801616e+00
1.530000,0.000000000000000000e+00,0.000000000000000000e+00,2.003666826051236360e-01,5.673851662279213448e-01,1.567960401849762854e-17,8.234525324173300742e-01,1.567960401849762854e-17,-2.035442209197642627e-01,-1.322257000095853827e-02,5.252626739044241426e-03,2.953760722161586361e-01,-2.561774202021888970e-03,1.396506850463999534e-02,-2.252749389404078983e-01,3.446230581060715642e-02,-1.585771513128523408e-02,3.441478473123336657e-01,-7.227511548744305903e-02,-4.372776420211512555e-02,2.748352182875032738e-03,3.262864070884228911e-03,-5.200000000000000178e-01,7.035942565544873739e-01,1.961338285164679895e-01,-4.425204855567305834e-02,-7.714978951027552379e-01,1.539113226213999042e+00,7.443341351585615329e-02,1.225083064476345074e+00,7.134504065400739670e-01,-1.894306653190512002e-01,1.747710937583968616e-01,-6.855323915651342359e-01,-1.641959057313317816e+00,1.497567565473240381e-01,-1.238251971293406362e+00
1.540000,0.000000000000000000e+00,0.000000000000000000e+00,1.968606108453027081e-01,5.622335495686338058e-01,1.621095266898556489e-17,8.269784977491583255e-01,1.621095266898556489e-17,-1.802224425657006357e-01,-1.333470441957543273e-02,4.939088230987426567e-03,2.458573336344244964e-01,2.351179965229561672e-02,1.395876576131240866e-02,-2.169590099113955783e-01,3.456536621876136334e-02,-1.555733257848565879e-02,3.264754235082011902e-01,-6.292717441558581815e-02,-4.369822330873687072e-02,2.758600098430975551e-03,3.266439676137671347e-03,-5.200000000000000178e-01,7.041562454169184582e-01,1.992998279045539167e-01,-3.654114947746114200e-02,-7.775182432430219892e-01,1.549858487637770121e+00,7.669179038103658697e-02,1.230349280322678096e+00,7.162826557007300199e-01,-1.914986305038716419e-01,1.768187893441077463e-01,-6.856194277787840408e-01,-1.641219071707306743e+00,1.531730176410455169e-01,-1.243819189425244609e+00
1.550000,0.000000000000000000e+00,0.000000000000000000e+00,1.933545390854817803e-01,5.570600217763710393e-01,1.674166955294190935e-17,8.304722344175686777e-01,1.674166955294190935e-17,-1.566479877677915411e-01,-1.343950691994108722e-02,4.619895697736719695e-03,1.957437107791414332e-01,4.994761623156970809e-02,1.395143057153267786e-02,-2.069551387054365532e-01,3.468766354317694839e-02,-1.519612133388886441e-02,3.051393704337699297e-01,-5.160527055664724388e-02,-4.366447553752533794e-02,2.763185162932362514e-03,3.275102736566139032e-03,-5.200000000000000178e-01,7.051780318085673072e-01,2.021702807482209929e-01,-2.851233096477866213e-02,-7.861040761646527208e-01,1.560509054418761199e+00,7.885469866763523961e-02,1.234785977970958237e+00,7.193028503263959594e-01,-1.935213844626611224e-01,1.788556316674517199e-01,-6.884529621498867158e-01,-1.640652369345183770e+00,1.564629029524173820e-01,-1.248429567271945428e+00
1.560000,0.000000000000000000e+00,0.000000000000000000e+00,1.898484673256608246e-01,5.518647844717157191e-01,1.727173398748805504e-17,8.339336062661025784e-01,1.727173398748805504e-17,-1.223859709788126110e-01,-1.358483691226850323e-02,4.155268673294617264e-03,1.228801408860613481e-01,8.842251003717838120e-02,1.394802079334660563e-02,-1.906539857503508073e-01,3.490151550119523910e-02,-1.461528909724411907e-02,2.703468869407818498e-01,-3.315802413653891334e-02,-4.363532723128712293e-02,2.760820709725898478e-03,3.269781749982230649e-03,-5.200000000000000178e-01,7.050938385811356124e-01,2.056151793022459040e-01,-2.070696435838373720e-02,-7.910636764358948136e-01,1.570866838053697645e+00,8.189157649870378031e-02,1.239562820372965612e+00,7.209050237632342872e-01,-1.954116038685535794e-01,1.806445826799018273e-01,-6.864089117797634865e-01,-1.639838576065364872e+00,1.597155259112006120e-01,-1.253736484382910188e+00
1.570000,0.000000000000000000e+00,0.000000000000000000e+00,1.863423955658398690e-01,5.466480401213029694e-01,1.780112531517251442e-17,8.373624783996106435e-01,1.780112531517251442e-17,-9.935730606688344957e-02,-1.366724788031700548e-02,3.838153295286762020e-03,7.373299124060007925e-02,1.145549847251812470e-01,1.393767343145553908e-02,-1.687005784796776486e-01,3.518475532278794726e-02,-1.383333843347435595e-02,2.234602215217140475e-01,-8.288334960846731672e-03,-4.360724159789011040e-02,2.785033757532623128e-03,3.285722286316150511e-03,-5.200000000000000178e-01,7.026485372203671309e-01,2.092835387552549054e-01,-1.259099041839340308e-02,-7.929202169242658416e-01,1.580646445388542265e+00,8.527978398651804570e-02,1.244140934284717392e+00,7.197796386922364897e-01,-1.970979918730558222e-01,1.819421710662496305e-01,-6.802837139311868064e-01,-1.638862872388285874e+00,1.628680874380611654e-01,-1.258881101232073751e+00
1.580000,0.000000000000000000e+00,0.000000000000000000e+00,1.828363238060189411e-01,5.414099920299333402e-01,1.832982290477570539e-17,8.407587171895082312e-01,1.832982290477570539e-17,-9.055724699217208851e-02,-1.368317287197979779e-02,3.711488351014378354e-03,5.464131476154952816e-02,1.249625208834881790e-01,1.391765284981357105e-02,-1.526037385538503988e-01,3.535805904430206620e-02,-1.324824297392440155e-02,1.888879276355431847e-01,1.020127824822782137e-02,-4.355895227906116801e-02,2.833272976122233784e-03,3.324452967449355745e-03,-5.200000000000000178e-01,7.035732076045271288e-01,2.126424671915065623e-01,-4.218938037418226705e-03,-8.036078042362890805e-01,1.590142662763505133e+00,8.852685613288761857e-02,1.248741436313153930e+00,7.223879850150870530e-01,-1.989936611055686810e-01,1.835770465468006540e-01,-6.870299653794519346e-01,-1.638316906377594639e+00,1.659596367962312691e-01,-1.263536755003403567e+00
1.590000,0.000000000000000000e+00,0.000000000000000000e+00,1.793302520461980132e-01,5.361508443326465922e-01,1.885780615211425037e-17,8.441221902789844966e-01,1.885780615211425037e-17,-8.437869738321089608e-02,-1.368018267580177125e-02,3.617626630163778018e-03,4.083819990157103869e-02,1.327718971177739293e-01,1.388781600366176608e-02,-1.367326865897644794e-01,3.549604025910694377e-02,-1.266106332122763495e-02,1.545258992798087538e-01,2.877558850780922994e-02,-4.348269419501060024e-02,2.873224645137833957e-03,3.359136101874831467e-03,-5.200000000000000178e-01,6.928521212680192054e-01,2.164438991182140448e-01,4.688579060139055205e-03,-7.980045001465716492e-01,1.597192477659618248e+00,9.267324132519091928e-02,1.256881149184216895e+00,7.127675146215439739e-01,-2.001770433481482592e-01,1.830829721756719874e-01,-6.746584703323840193e-01,-1.637246384798670906e+00,1.692666453377456304e-01,-1.272602019487388825e+00
1.600000,0.000000000000000000e+00,0.000000000000000000e+00,1.758241802863770575e-01,5.308708019867681704e-01,0.000000000000000000e+00,8.474527665881594896e-01,0.000000000000000000e+00,-8.340446436061683955e-02,-1.366728076162540551e-02,3.598374699335629007e-03,3.831561436466510845e-02,1.344358763852040728e-01,1.386891091961903882e-02,-1.331417831005244079e-01,3.549335492707168804e-02,-1.251667658792370366e-02,1.464505146147534187e-01,3.334616284606874148e-02,-4.342755427260490408e-02,2.772350811154953784e-03,3.302291370934841604e-03,-5.200000000000000178e-01,7.141367251461595567e-01,2.195948062313173854e-01,1.102523517175153615e-02,-8.316534854797937859e-01,1.610750579435262786e+00,9.681462549043297339e-02,1.256418548212317354e+00,7.353555965614684276e-01,-2.032258784130019091e-01,1.885007698827934619e-01,-7.027459450265451935e-01,-1.637895730205300326e+00,1.720316081149590448e-01,-1.271483544240809671e+00
1.610000,0.000000000000000000e+00,0.000000000000000000e+00,1.758241802863770575e-01,5.384212509598920171e-01,1.863021989179944759e-17,8.426758312155303576e-01,1.863021989179944759e-17,-1.161640917043359478e-01,-1.356834771027961260e-02,4.055901960067347448e-03,1.093139642284721297e-01,9.598652357150834480e-02,1.390686512528759543e-02,-1.622984313789891664e-01,3.520538278228591694e-02,-1.358501069475126326e-02,2.098561996941242513e-01,-9.957309864646575817e-04,-4.354548876077657393e-02,2.721505372673475344e-03,3.320516179243096413e-03,-5.197425010830154513e-01,6.927200925878049809e-01,2.122511305351687527e-01,3.088970957181001471e-03,-7.818200881447207040e-01,1.620440026769859321e+00,9.879873801067121097e-02,1.272239634565328403e+00,7.093712338836254405e-01,-1.959948678954569756e-01,1.875376649345318059e-01,-6.500989202965206104e-01,-1.635727404972614485e+00,1.734143637254279835e-01,-1.293839667845366970e+00
1.620000,0.000000000000000000e+00,0.000000000000000000e+00,1.758241802863770575e-01,5.459287186307368867e-01,1.787389808227257747e-17,8.378316263869499680e-01,1.787389808227257747e-17,-1.678295099118825295e-01,-1.337517488546424889e-02,4.764896895016035479e-03,2.205275016070575300e-01,3.647256347456596937e-02,1.393798732637878228e-02,-1.992942570126110258e-01,3.478726310427202734e-02,-1.492295962726040287e-02,2.899389496608330563e-01,-4.408204924875756131e-02,-4.365031232387561744e-02,2.707628641350610758e-03,3.310808044626654956e-03,-5.197560496283856191e-01,6.670920082726502498e-01,2.119547057827808056e-01,-3.252150514107257293e-04,-7.654274093453969918e-01,1.625945695576086036e+00,9.802926998873517928e-02,1.249962442035712940e+00,6.848950508935951476e-01,-1.929113738783834464e-01,1.857460884854646166e-01,-6.342943020137300492e-01,-1.636435669890466071e+00,1.733480519460962321e-01,-1.279682235642603638e+00
1.630000,0.000000000000000000e+00,0.000000000000000000e+00,1.758241802863770575e-01,5.533926056902361834e-01,1.711614942821644702e-17,8.329205388074969463e-01,1.711614942821644702e-17,-2.068684664646328886e-01,-1.321160030539446709e-02,5.299892098026694892e-03,3.044657272767060108e-01,-8.330954819713274478e-03,1.397270768800849654e-02,-2.260451213459422903e-01,3.447035300008743919e-02,-1.589348818338113395e-02,3.478185979804218064e-01,-7.519275848116932504e-02,-4.375198960770201873e-02,2.705452838673487979e-03,3.311166427185744179e-03,-5.197763520131368775e-01,6.441293072643438089e-01,2.087462835623311308e-01,-4.412659412331976921e-03,-7.350951698977788995e-01,1.632092479237130522e+00,9.802238107455599203e-02,1.244330200460036728e+00,6.611123059441976757e-01,-1.885947162358946050e-01,1.843376398983032627e-01,-6.030009223505532479e-01,-1.635750741522241647e+00,1.740801547921634052e-01,-1.281650989297845378e+00
1.640000,0.000000000000000000e+00,0.000000000000000000e+00,1.758241802863770575e-01,5.608123163082933127e-01,1.635703441948707126e-17,8.279429605213917132e-01,1.635703441948707126e-17,-2.329350426778631356e-01,-1.310187371248608575e-02,5.660656392417672163e-03,3.605731007361545060e-01,-3.832449649333127123e-02,1.400937239311773885e-02,-2.460895387116837363e-01,3.423524879466732090e-02,-1.662702535954919264e-02,3.911536755428050571e-01,-9.847785785283282023e-02,-4.385148190018992725e-02,2.700265538189477229e-03,3.306993167390475004e-03,-5.198216571084790516e-01,6.219867273253614215e-01,2.051548494648477994e-01,-8.042993490205733662e-03,-7.042657894008943487e-01,1.637917234566539371e+00,9.801031495800623106e-02,1.239970372220637884e+00,6.379742450449057412e-01,-1.843963842877828219e-01,1.829745327971434021e-01,-5.709828315113461006e-01,-1.634757398030445952e+00,1.750492667454265627e-01,-1.284904906072372510e+00
1.650000,0.000000000000000000e+00,0.000000000000000000e+00,1.758241802863770575e-01,5.681872581813471879e-01,1.559661365501429967e-17,8.228992888807009631e-01,1.559661365501429967e-17,-2.509659879856667164e-01,-1.302861010225596188e-02,5.913712705287020414e-03,3.993347866841661653e-01,-5.904075882789690949e-02,1.404462085372488143e-02,-2.614947474342457223e-01,3.405889890691157079e-02,-1.719648044552427729e-02,4.243527769435899710e-01,-1.162745642694504866e-01,-4.394540745163984241e-02,2.670273956137174127e-03,3.282077706670271777e-03,-5.198993293538812788e-01,6.006273514205698882e-01,2.011968592806241130e-01,-1.131658028949515497e-02,-6.729849050400193988e-01,1.643609749088454475e+00,9.799914733369986808e-02,1.236777876141513799e+00,6.153979405966020222e-01,-1.803281333904941663e-01,1.817028737453203202e-01,-5.370394314534013835e-01,-1.633466065478480722e+00,1.762835252753838511e-01,-1.289527997646314317e+00
1.660000,0.000000000000000000e+00,0.000000000000000000e+00,1.758241802863770575e-01,5.755168425796507448e-01,1.483494783796457965e-17,8.177899265136184814e-01,1.483494783796457965e-17,-2.638991653664576331e-01,-1.297888598661828437e-02,6.097960050052214469e-03,4.270054647563466532e-01,-7.377854461642094352e-02,1.407683731940656373e-02,-2.734929906411991962e-01,3.392587921452104582e-02,-1.764459906516803109e-02,4.500543997827154419e-01,-1.299846506153273240e-01,-4.403141178409830658e-02,2.683421978105081807e-03,3.281367118905760116e-03,-5.199285966235350775e-01,5.793708723669713789e-01,1.971648296772581521e-01,-1.455315578355703167e-02,-6.430277304330395127e-01,1.649309538252532237e+00,9.833706258003456491e-02,1.232867988917842217e+00,5.923697803178710197e-01,-1.760255584548965635e-01,1.804125677119051141e-01,-5.078786986646007806e-01,-1.632510434941363497e+00,1.776515040765989650e-01,-1.293040928892033481e+00
1.670000,0.000000000000000000e+00,0.000000000000000000e+00,1.758241802863770575e-01,5.828004843942743429e-01,1.407209777089464196e-17,8.126152812923217450e-01,1.407209777089464196e-17,-2.739837553085838207e-01,-1.294098056220059460e-02,6.242923942039090880e-03,4.483878880670562062e-01,-8.508242591946106603e-02,1.410511553234082907e-02,-2.832516109115151837e-01,3.381817474976937105e-02,-1.801112783605436987e-02,4.707644303238325834e-01,-1.409424976914005478e-01,-4.410694803444411422e-02,2.605250439471812601e-03,3.251758781090923704e-03,-5.199567656982967412e-01,5.611494954522862066e-01,1.925740755710695917e-01,-1.777073111927536531e-02,-6.053241954178862905e-01,1.654611831654241083e+00,9.880157294501963616e-02,1.241765004332480382e+00,5.719168958578053630e-01,-1.721949315981280426e-01,1.794759120114642614e-01,-4.630524553896659956e-01,-1.630195672699428666e+00,1.792443922417642499e-01,-1.308779792663156361e+00
1.680000,0.000000000000000000e+00,0.000000000000000000e+00,1.758241802863770575e-01,5.900376021838090734e-01,1.330812435089812953e-17,8.073757663004141882e-01,1.330812435089812953e-17,-2.827078259236335267e-01,-1.290648475835699631e-02,6.368069236439912427e-03,4.666840363037200734e-01,-9.465519647201450781e-02,1.412904401113504113e-02,-2.913873747495976385e-01,3.372619334229834398e-02,-1.831693175200844667e-02,4.878244467332690792e-01,-1.498708223245406590e-01,-4.417072473390391829e-02,2.651195510860505661e-03,3.250621395920873756e-03,-5.200000000000000178e-01,5.409894680955772417e-01,1.886658456174497012e-01,-2.054980573427200516e-02,-5.747857715003230616e-01,1.659674451600678502e+00,9.965603413341776740e-02,1.236922140972353645e+00,5.497650773850984995e-01,-1.678682816092911811e-01,1.779987281002534394e-01,-4.352553581152096007e-01,-1.629059350680218676e+00,1.806397338242338169e-01,-1.312638656406182047e+00
1.690000,0.000000000000000000e+00,0.000000000000000000e+00,1.758241802863770575e-01,5.972276182207844064e-01,1.254308856474414038e-17,8.020717997999486926e-01,1.254308856474414038e-17,-2.896453247481747262e-01,-1.287855500225151481e-02,6.467732893985026106e-03,4.810103189054936723e-01,-1.020448316265570310e-01,1.414848677475969915e-02,-2.978819812529550637e-01,3.365160044657226207e-02,-1.856131675085306854e-02,5.012212315983881616e-01,-1.567760975523013189e-01,-4.422252433499656438e-02,2.683294680363882551e-03,3.263942467163565356e-03,-5.199927845918551617e-01,5.218288102228316738e-01,1.847480676266880506e-01,-2.311001578734384748e-02,-5.435975640118123620e-01,1.664371917193192774e+00,1.007302710169005605e-01,1.235972552426030768e+00,5.285178623813635568e-01,-1.636316901319540273e-01,1.764971220505834881e-01,-4.056073283780808336e-01,-1.627684744453082644e+00,1.820291198760226881e-01,-1.319229523435492935e+00
1.700000,0.000000000000000000e+00,0.000000000000000000e+00,1.758241802863770575e-01,6.043699585377868555e-01,1.177705148400873876e-17,7.967038051980382951e-01,1.177705148400873876e-17,-2.945439500519238529e-01,-1.285922764640635464e-02,6.538534968462100805e-03,4.908331322404868580e-01,-1.069931378970632174e-01,1.416326570732164870e-02,-3.027075784109179990e-01,3.359592149361547569e-02,-1.874324737203640623e-02,5.109198360909298353e-01,-1.616541014252655672e-01,-4.426209047859740175e-02,2.608413559020149580e-03,3.223157482941354807e-03,-5.200000000000000178e-01,5.052325705827840352e-01,1.801074899172377120e-01,-2.583936227091316803e-02,-5.032027962493427209e-01,1.668960162998325059e+00,1.021238421417652725e-01,1.249860193854404500e+00,5.090533004873518674e-01,-1.595059132280732539e-01,1.753067411490094873e-01,-3.585595900490120558e-01,-1.624979222439775883e+00,1.835512089773887745e-01,-1.340776323075025145e+00
1.710000,0.000000000000000000e+00,0.000000000000000000e+00,1.758241802863770575e-01,6.114640529732795482e-01,1.101007426019968986e-17,7.912722110130561148e-01,1.101007426019968986e-17,-2.978028963027299914e-01,-1.284619697673275093e-02,6.585628218762750591e-03,4.970823980421394395e-01,-1.099856366094946053e-01,1.417319452651107960e-02,-3.058222220311627715e-01,3.356065650401611478e-02,-1.886120279652817380e-02,5.168702902043034175e-01,-1.644924471335214022e-01,-4.428921750465966700e-02,2.630934999346841961e-03,3.228728846116846879e-03,-5.200000000000000178e-01,4.870270329444338908e-01,1.763137567278413032e-01,-2.794302408251916198e-02,-4.722990926302634285e-01,1.673071046899363035e+00,1.036547579653675499e-01,1.248204957360517842e+00,4.885556038218726305e-01,-1.552519140235364137e-01,1.735744835522607943e-01,-3.282570716481672535e-01,-1.623348058401025140e+00,1.848834606000681335e-01,-1.347069524136897511e+00
1.720000,0.000000000000000000e+00,0.000000000000000000e+00,1.758241802863770575e-01,6.185093352171164849e-01,1.024221811987486536e-17,7.857774508404276048e-01,1.024221811987486536e-17,-2.987699956312486749e-01,-1.284385676730294065e-02,6.600389202279667751e-03,4.983765145490328119e-01,-1.103133289942145323e-01,1.417810973677900016e-02,-3.069592699655634971e-01,3.355143779190310205e-02,-1.890607059365223899e-02,5.185292247395315579e-01,-1.650174932672440753e-01,-4.430393721272443686e-02,2.659715566249874243e-03,3.238436064690142051e-03,-5.200000000000000178e-01,4.695376729086630507e-01,1.724968811452370354e-01,-2.986595028507189886e-02,-4.391363779433596903e-01,1.676867350550595104e+00,1.053575452571542809e-01,1.248809570797154933e+00,4.687609245044842554e-01,-1.510403971525934030e-01,1.717680559831965548e-01,-2.959352366850435678e-01,-1.621480857545909648e+00,1.861519519362096198e-01,-1.355803260360702645e+00
1.730000,0.000000000000000000e+00,0.000000000000000000e+00,1.758241802863770575e-01,6.255052428557493771e-01,9.473544359754763224e-18,7.802199633180184613e-01,9.473544359754763224e-18,-2.982654109886325178e-01,-1.284717782816753757e-02,6.593675908831603955e-03,4.964921731076247235e-01,-1.089348458583675600e-01,1.417815019543733346e-02,-3.067083462117564663e-01,3.355735773087662605e-02,-1.889790844886048496e-02,5.171849163258517290e-01,-1.639268088387438316e-01,-4.430565946666445432e-02,2.665282136116336239e-03,3.233174243197196440e-03,-5.200000000000000178e-01,4.526218336973827916e-01,1.686799938272989796e-01,-3.158328315529056879e-02,-4.055130569805094343e-01,1.680409484318489799e+00,1.072426012626886555e-01,1.252090907236627526e+00,4.493857552558220836e-01,-1.468498162334603008e-01,1.698829992612991280e-01,-2.613461669776769858e-01,-1.619379449424610096e+00,1.873872017936674406e-01,-1.367468647644900726e+00
1.740000,0.000000000000000000e+00,0.000000000000000000e+00,1.758241802863770575e-01,6.324512174171267320e-01,8.704114341828975443e-18,7.746001920911163019e-01,8.704114341828975443e-18,-2.920613892723221694e-01,-1.288181745260428418e-02,6.509114490913263905e-03,4.819006731839071689e-01,-1.011484617630014210e-01,1.417169569478911491e-02,-3.023131814596138334e-01,3.362793503409401696e-02,-1.874157703512543613e-02,5.070274577967482932e-01,-1.581846731842876108e-01,-4.429371850470651545e-02,2.577911920658754533e-03,3.175995304167615607e-03,-5.200000000000000178e-01,4.377230609879674827e-01,1.638536432930846887e-01,-3.358021366356593596e-02,-3.604396246941481974e-01,1.684045856539072794e+00,1.098691392007893480e-01,1.272018740547195437e+00,4.307743345005844438e-01,-1.422348696492294340e-01,1.681270917181959257e-01,-2.091592136687860926e-01,-1.615983484852247187e+00,1.887090988691611515e-01,-1.396406564010742812e+00
1.750000,0.000000000000000000e+00,0.000000000000000000e+00,1.758241802863770575e-01,6.393467044152735257e-01,7.933989488458027455e-18,7.689185857770176602e-01,7.933989488458027455e-18,-2.869467577178082540e-01,-1.290654398656058445e-02,6.437414686843718863e-03,4.693644224703015233e-01,-9.457778510197509259e-02,1.416183228090840164e-02,-2.984643071150459570e-01,3.367895753969875339e-02,-1.859929271039334822e-02,4.980134075733517740e-01,-1.530488557580888809e-01,-4.426990294055267033e-02,2.572798005269986543e-03,3.166897142518089025e-03,-5.200000000000000178e-01,4.212540892221926514e-01,1.601870158672635547e-01,-3.478834133365980158e-02,-3.288396356039332558e-01,1.687066166979392490e+00,1.120784882759876394e-01,1.273890146314009986e+00,4.116343201331968404e-01,-1.380361693622467745e-01,1.659446589641579151e-01,-1.755631281679310707e-01,-1.613738728340907924e+00,1.898613040690236287e-01,-1.406859204874107094e+00
1.760000,0.000000000000000000e+00,0.000000000000000000e+00,1.758241802863770575e-01,6.461911533945562391e-01,7.163231277469986675e-18,7.631755979292139669e-01,7.163231277469986675e-18,-2.799853478752626357e-01,-1.293873796671387612e-02,6.339460470486183753e-03,4.529650991813608529e-01,-8.598114992370088638e-02,1.414742214097827223e-02,-2.927383349630700016e-01,3.375357220968181610e-02,-1.838763449263733710e-02,4.845041319561099180e-01,-1.458388242015009328e-01,-4.423443775383475302e-02,2.611069506891194533e-03,3.190518241584959763e-03,-5.200000000000000178e-01,4.051392292954266172e-01,1.565062071923614406e-01,-3.583162799782631247e-02,-2.946889159596942642e-01,1.689810842470665264e+00,1.143965926449920234e-01,1.276515080454246664e+00,3.928872491155527835e-01,-1.338672040069007196e-01,1.636772130358332411e-01,-1.417221054763901644e-01,-1.611434872889288661e+00,1.909888961936733187e-01,-1.417836137377661121e+00
1.770000,0.000000000000000000e+00,0.000000000000000000e+00,1.758241802863770575e-01,6.529840179736229322e-01,6.391901237252951114e-18,7.573716870011865110e-01,6.391901237252951114e-18,-2.706285159413935881e-01,-1.298120058660699044e-02,6.208079656327532281e-03,4.303897376983062961e-01,-7.477012345258088333e-02,1.412867439144395963e-02,-2.853570710400576971e-01,3.384622232656726154e-02,-1.811401507638722361e-02,4.677924776576296573e-01,-1.368462497904018305e-01,-4.418671778515743942e-02,2.644110857274530307e-03,3.216440226200226616e-03,-5.200000000000000178e-01,3.893839453345890322e-01,1.528159725519825374e-01,-3.668001266274120709e-02,-2.595638784961872836e-01,1.692327752293208531e+00,1.168433542134235531e-01,1.281131490263871520e+00,3.744309821269862226e-01,-1.297121376274801841e-01,1.613112978634969330e-01,-1.062275156134784571e-01,-1.608979348391682329e+00,1.920542513196256962e-01,-1.430540470340604386e+00
1.780000,0.000000000000000000e+00,0.000000000000000000e+00,1.758241802863770575e-01,6.597247558890237951e-01,5.620060941843025134e-18,7.515073163098068276e-01,5.620060941843025134e-18,-2.590300824311129180e-01,-1.303245072885474663e-02,6.045429632914873889e-03,4.046653341282441807e-01,-6.118096728655442185e-02,1.410589727099025026e-02,-2.761338095322126707e-01,3.395901864727778746e-02,-1.777210382822629053e-02,4.475345122886086879e-01,-1.258971184617719286e-01,-4.412713122093524232e-02,2.647335784518276523e-03,3.216520890975693020e-03,-5.200000000000000178e-01,3.739682217939884756e-01,1.491230561342977157e-01,-3.733104591518425497e-02,-2.239925621403612566e-01,1.694662025803125749e+00,1.194237128231941947e-01,1.287927578300537501e+00,3.561010143621128887e-01,-1.255380392811310530e-01,1.588096773519579175e-01,-6.803795115867145027e-02,-1.606307961214165303e+00,1.930367696549571965e-01,-1.446140939590614183e+00
1.790000,0.000000000000000000e+00,0.000000000000000000e+00,1.758241802863770575e-01,6.664128290384931930e-01,4.847772006009491069e-18,7.455829539983542809e-01,4.847772006009491069e-18,-2.449056651061858880e-01,-1.309330569087857436e-02,5.847771357884512695e-03,3.753468175977212606e-01,-4.493374654258563278e-02,1.407942276653760191e-02,-2.648621327831331973e-01,3.409385838432824750e-02,-1.735478608827421138e-02,4.233381935905585203e-01,-1.127928017305842162e-01,-4.405610481245154919e-02,2.653035244311555997e-03,3.218575656126052356e-03,-5.200000000000000178e-01,3.588252938531391045e-01,1.454310082865083731e-01,-3.779637765968933000e-02,-1.880895307857674281e-01,1.696805304428437022e+00,1.221125397762513193e-01,1.295311178001036456e+00,3.379450657012710302e-01,-1.213631253804640514e-01,1.561777956815176283e-01,-2.933266444602564485e-02,-1.603548578361002175e+00,1.939567517564372845e-01,-1.462451097570369063e+00
1.800000,0.000000000000000000e+00,0.000000000000000000e+00,1.758241802863770575e-01,6.730477035239134098e-01,4.075096080335418686e-18,7.395990729991394064e-01,4.075096080335418686e-18,-2.280991431709723238e-01,-1.316336856860679701e-02,5.612892875588864836e-03,3.421596098656219942e-01,-2.588019833670096581e-02,1.404951422189899130e-02,-2.513195238401133569e-01,3.425218275196650897e-02,-1.685424412913946041e-02,3.947677355034879265e-01,-9.731348028270273010e-02,-4.397408410897863523e-02,2.688473849768399562e-03,3.243828259265355961e-03,-5.200000000000000178e-01,3.438205812762019642e-01,1.417265432306333006e-01,-3.806692201913317725e-02,-1.510131901845749025e-01,1.698723434183657677e+00,1.249016820007343570e-01,1.303438582652834077e+00,3.199489149017285539e-01,-1.171942104273018398e-01,1.534091251518799326e-01,9.878459268186865969e-03,-1.600732326325385202e+00,1.948268376045504124e-01,-1.479419758333153867e+00
1.810000,0.000000000000000000e+00,0.000000000000000000e+00,1.758241802863770575e-01,6.796288496939255630e-01,3.302094846297211546e-18,7.335561509957582160e-01,3.302094846297211546e-18,-2.064099679430235756e-01,-1.325240831119946054e-02,5.311395385490461606e-03,2.969831075254904529e-01,-1.538273970164264620e-03,1.401703328836797179e-02,-2.348546542632071465e-01,3.444192156389910137e-02,-1.624788775486441655e-02,3.600720506152889078e-01,-7.875115712089317266e-02,-4.388243254478449429e-02,2.704546059452253830e-03,3.257973736238317652e-03,-5.200000000000000178e-01,3.289193756568500882e-01,1.380063135677976061e-01,-3.810616732062228895e-02,-1.128082445485619201e-01,1.700450444422884066e+00,1.278179014796808066e-01,1.313321037332489061e+00,3.018015660054633731e-01,-1.129787125286698113e-01,1.504426678760660829e-01,5.130302319211918483e-02,-1.597717781330767695e+00,1.956053842241231022e-01,-1.498377993615390480e+00
1.820000,0.000000000000000000e+00,0.000000000000000000e+00,1.758241802863770575e-01,6.861557421862187756e-01,2.528830011339760698e-18,7.274546703849521512e-01,2.528830011339760698e-18,-1.780815378298954144e-01,-1.336578173590108505e-02,4.919536689534902661e-03,2.370414047964478632e-01,3.002726070828892410e-02,1.398339247112708426e-02,-2.146729546465047933e-01,3.467113157620951153e-02,-1.550778529065038013e-02,3.173768156287993247e-01,-5.624210300302792676e-02,-4.378262269495428183e-02,2.716282382933096675e-03,3.265050612262520007e-03,-5.200000000000000178e-01,3.141195710841170885e-01,1.342842724347179661e-01,-3.793184461388803691e-02,-7.409715249908171986e-02,1.702011208628827710e+00,1.308374997250831284e-01,1.323933270450529776e+00,2.835816795955853342e-01,-1.087385766079973781e-01,1.472801972325807063e-01,9.375284208345688319e-02,-1.594589445846148479e+00,1.962990931687849661e-01,-1.518454374528105166e+00
1.830000,0.000000000000000000e+00,0.000000000000000000e+00,1.758241802863770575e-01,6.926278599694684068e-01,1.755363303950501362e-18,7.212951182380998860e-01,1.755363303950501362e-18,-1.226329704151427058e-01,-1.356997324743284238e-02,4.155055881383942773e-03,1.203330156766850151e-01,9.113274324362784229e-02,1.394326921718320490e-02,-1.708114763509305800e-01,3.518165693828814722e-02,-1.392030248110564736e-02,2.253413954966342059e-01,-8.119906339989277702e-03,-4.365578589489788053e-02,2.693375314209176061e-03,3.259897082517970203e-03,-5.200000000000000178e-01,3.002196503581394671e-01,1.290315519059391791e-01,-3.732153234786213941e-02,-2.326421759171631506e-02,1.703256035050500827e+00,1.354473517152067485e-01,1.347503102496552918e+00,2.640443571316599680e-01,-1.032156364575119861e-01,1.431182541579185674e-01,1.515865879575512276e-01,-1.590032666327840571e+00,1.968305657567712419e-01,-1.552755065391101752e+00
1.840000,0.000000000000000000e+00,0.000000000000000000e+00,1.758241802863770575e-01,6.990446863849217873e-01,9.817564687326191233e-19,7.150779862623420913e-01,9.817564687326191233e-19,-9.770321720573035829e-02,-1.361360078940291457e-02,3.797891464963719724e-03,6.864868504903925972e-02,1.181129399829151244e-01,1.388962248276711525e-02,-1.448936546642763390e-01,3.536261125199234578e-02,-1.294865316313623810e-02,1.716536357092224852e-01,1.985762246986058632e-02,-4.348647312481632859e-02,2.772312956868743829e-03,3.302257597855656323e-03,-5.200000000000000178e-01,2.870702169666654591e-01,1.245216465242854897e-01,-3.657566624361226204e-02,2.111896863326717666e-02,1.704288885366567197e+00,1.393837433083378041e-01,1.365408682062812851e+00,2.467193789390435543e-01,-9.847650216353170949e-02,1.393001691463475467e-01,2.007127713704241201e-01,-1.586438619227757529e+00,1.973779210963403641e-01,-1.580460688343073627e+00
1.850000,0.000000000000000000e+00,0.000000000000000000e+00,1.758241802863770575e-01,7.054057091876244634e-01,0.000000000000000000e+00,7.088037707613474847e-01,0.000000000000000000e+00,-8.340446436061683955e-02,-1.366728076162540551e-02,3.598374699335629007e-03,3.831561436466510845e-02,1.344358763852040728e-01,1.386891091961903882e-02,-1.331417831005244079e-01,3.549335492707168804e-02,-1.251667658792370366e-02,1.464505146147534187e-01,3.334616284606874148e-02,-4.342755427260490408e-02,2.772350811154953784e-03,3.302291370934841604e-03,-5.200000000000000178e-01,2.700126028643825560e-01,1.231128121781552981e-01,-3.608318218182306886e-02,4.516663982497965552e-02,1.705695422228579616e+00,1.404422554557437086e-01,1.359302368396767768e+00,2.282832460751113290e-01,-9.595367361959324104e-02,1.365508722509151951e-01,2.261937693604091359e-01,-1.584711655774722061e+00,1.978804739411322566e-01,-1.583407546726845805e+00
1.860000,0.000000000000000000e+00,0.000000000000000000e+00,1.858287998558948162e-01,7.099667187520809497e-01,1.872888562966352540e-19,7.042352293547969877e-01,1.872888562966352540e-19,-8.383929356921528131e-02,-1.367236123608392244e-02,3.606716015285522676e-03,3.933676383958865236e-02,1.338025123596629784e-01,1.387656428534974479e-02,-1.346345523607131445e-01,3.549400264836253399e-02,-1.257652046793907540e-02,1.497168016361100362e-01,3.153751560208467586e-02,-4.344992169772414481e-02,2.874800033043260674e-03,3.412337659526273534e-03,-5.200000000000000178e-01,1.991309966161761980e-01,1.050936915597622118e-01,-1.653067287781483791e-03,1.318957198287025179e-01,1.720342039794657385e+00,1.364142252140876643e-01,1.358890305754645977e+00,1.651002653530685149e-01,-7.425195470441477152e-02,8.716106658783916161e-02,2.960039554052531496e-01,-1.611734061861129774e+00,1.777697780298675700e-01,-1.563860361121305331e+00
1.870000,0.000000000000000000e+00,0.000000000000000000e+00,1.958334194254125749e-01,7.144981408945331181e-01,1.664986459717862397e-19,6.996373393825233711e-01,1.664986459717862397e-19,-8.506274708737160406e-02,-1.367642934675751890e-02,3.626522862631846242e-03,4.203572326706286888e-02,1.322657037964427851e-01,1.388642112578153051e-02,-1.382333122966836192e-01,3.547196026217588199e-02,-1.271262520279010932e-02,1.574546774372013735e-01,2.736010963601254870e-02,-4.347686718201703576e-02,2.994781032341042783e-03,3.479317315501636535e-03,-5.200000000000000178e-01,1.395772982717024269e-01,8.077143577069706426e-02,2.634123943168316731e-02,1.978179958148943152e-01,1.734894093609244070e+00,1.257659713295956883e-01,1.343172984019287641e+00,1.128688386763539581e-01,-4.611783666158078554e-02,4.320321834760164348e-02,3.439806810124494962e-01,-1.637621456432132083e+00,1.510101654851891129e-01,-1.530322014133656872e+00
1.880000,0.000000000000000000e+00,0.000000000000000000e+00,2.058380389949301115e-01,7.189997867707853541e-01,1.457014969189403796e-19,6.950102924587270303e-01,1.457014969189403796e-19,-8.817257675605977285e-02,-1.367053648954468827e-02,3.671030763342022878e-03,4.868182591773927148e-02,1.286874911779258557e-01,1.389284463617045280e-02,-1.451791535145804390e-01,3.539491287037602185e-02,-1.296324690138063451e-02,1.722360904814971283e-01,1.951920704937126425e-02,-4.349007065735581434e-02,2.988388792241253745e-03,3.400069878577153658e-03,-5.200000000000000178e-01,8.359740192752551646e-02,5.671641206759672066e-02,5.502519578013573276e-02,2.489826179734663247e-01,1.751902661840319508e+00,1.168610035705142519e-01,1.326118754180950710e+00,6.364976021739776613e-02,-1.868385510919278250e-02,-1.312656467348326857e-03,3.815493045185728849e-01,-1.665966593148856756e+00,1.259732920317884475e-01,-1.495092282157072905e+00
1.890000,0.000000000000000000e+00,0.000000000000000000e+00,2.158426585644478701e-01,7.234714687775456454e-01,1.248982758466886855e-19,6.903542814127111571e-01,1.248982758466886855e-19,-9.223734531767191491e-02,-1.365704824139892144e-02,3.727111859730899718e-03,5.729681810981062523e-02,1.241233956004689359e-01,1.389470412477334521e-02,-1.513923636138384821e-01,3.531599428982663130e-02,-1.318385606241969168e-02,1.854072076559245552e-01,1.257570094911337165e-02,-4.349164381990258677e-02,2.936273778774141190e-03,3.303712485572932005e-03,-5.200000000000000178e-01,2.074059901149319374e-02,3.607081800758816376e-02,9.061081255751127217e-02,3.182329866156830001e-01,1.771492039627436288e+00,1.121250846920638644e-01,1.320924803215895782e+00,5.860348226751459222e-03,4.921077337420867552e-03,-5.237457542936469618e-02,4.367559094223962823e-01,-1.697600842760491835e+00,1.049905386982424166e-01,-1.471997853638296494e+00
1.900000,0.000000000000000000e+00,0.000000000000000000e+00,2.258472781339656010e-01,7.279130005602416631e-01,1.040898497163497258e-19,6.856695002808463890e-01,1.040898497163497258e-19,-9.453892416839945745e-02,-1.364848140026920544e-02,3.758532394574336504e-03,6.214150042706535759e-02,1.215790076216519827e-01,1.389477898297285068e-02,-1.539229414299881915e-01,3.528257789472320771e-02,-1.327325253610715620e-02,1.907374962620156100e-01,9.783977883753625093e-03,-4.349119931285081592e-02,2.942681657758707686e-03,3.272370875209087634e-03,-5.200000000000000178e-01,-4.842148765020935774e-02,1.737474197555928870e-02,1.321916618155020429e-01,4.049929032613475699e-01,1.793429354590096336e+00,1.102463417518273897e-01,1.326460426164130624e+00,-5.933458518772927182e-02,2.593239212376867789e-02,-1.091597575695576888e-01,5.079651240590730144e-01,-1.732218063409995068e+00,8.704283378504903967e-02,-1.458845484375787649e+00
1.910000,0.000000000000000000e+00,0.000000000000000000e+00,2.358518977034833597e-01,7.323241970207967633e-01,8.327708570618076817e-20,6.809561442984748414e-01,8.327708570618076817e-20,-9.403654060020405492e-02,-1.364952249964801120e-02,3.751365434974170826e-03,6.102167168858309287e-02,1.222024214494462357e-01,1.389379470762665443e-02,-1.531228551494192014e-01,3.529093249971514829e-02,-1.324416066909684525e-02,1.889861261456060315e-01,1.073681055194489545e-02,-4.348871786923438204e-02,3.037227215754365311e-03,3.299631451358135247e-03,-5.200000000000000178e-01,-1.247961095856258140e-01,1.711664856399251538e-03,1.799396869401831689e-01,5.095625687472352672e-01,1.817514438399650878e+00,1.123542850880165922e-01,1.342847545564767042e+00,-1.319297536041432739e-01,4.307885573899088855e-02,-1.714316308435166747e-01,5.947257657088844685e-01,-1.769689728977369647e+00,7.348574926807988072e-02,-1.455473375067656727e+00
1.920000,0.000000000000000000e+00,0.000000000000000000e+00,2.458565172730011184e-01,7.367048743253377108e-01,6.246085117519118041e-20,6.762144098917802770e-01,6.246085117519118041e-20,-9.251475887211928206e-02,-1.365263843812940595e-02,3.729647744372552743e-03,5.773448644795933088e-02,1.239861516533845159e-01,1.389079379646955201e-02,-1.506546609284714067e-01,3.531664387541749717e-02,-1.315441836854540879e-02,1.836912273620830427e-01,1.356850574194503299e-02,-4.348114724337379111e-02,3.109197755539548635e-03,3.308480261108217441e-03,-5.200000000000000178e-01,-2.088139414037688268e-01,-8.847064310940630852e-03,2.334012259682520518e-01,6.315009098325286008e-01,1.842796604799143978e+00,1.201959681534427865e-01,1.369942174185933670e+00,-2.123474570541440676e-01,5.438101649873482157e-02,-2.387303713599529809e-01,6.982414507816633309e-01,-1.809304271141409126e+00,6.616314077204014932e-02,-1.462357598390022329e+00
1.930000,0.000000000000000000e+00,0.000000000000000000e+00,2.558611368425188770e-01,7.410548499118611021e-01,4.164201362703075068e-20,6.714444946695959926e-01,4.164201362703075068e-20,-9.009404702842846446e-02,-1.365727097347779230e-02,3.695001572615167797e-03,5.254687680481847506e-02,1.267847352683793005e-01,1.388571597374817397e-02,-1.464992472902922338e-01,3.535953577694549849e-02,-1.300327264350020426e-02,1.748239236692237797e-01,1.828979326712584785e-02,-4.346847630973388332e-02,3.064004991668461703e-03,3.255480425651167790e-03,-5.200000000000000178e-01,-3.047141153866815277e-01,-1.126354719992255990e-02,2.936790886804319101e-01,7.812705193465082631e-01,1.868053504667860798e+00,1.365862459451573363e-01,1.412442368967686379e+00,-3.054304844193727053e-01,5.644078191490916468e-02,-3.122162483389843146e-01,8.306923678187637661e-01,-1.850163826720144566e+00,6.840198906386708855e-02,-1.485010763134215761e+00
1.940000,0.000000000000000000e+00,0.000000000000000000e+00,2.658657564120366357e-01,7.453739424978358397e-01,2.082144067381901682e-20,6.666465974151770668e-01,2.082144067381901682e-20,-8.591678408303231318e-02,-1.366687292880128246e-02,3.635859483037696179e-03,4.365068920962290183e-02,1.315483292438503482e-01,1.387902072899515130e-02,-1.391999236580434562e-01,3.543942840574194897e-02,-1.273967297352584724e-02,1.593064415364853492e-01,2.651648684547531706e-02,-4.345319539017175603e-02,3.587714374287214163e-03,3.492530809832753141e-03,-5.200000000000000178e-01,-4.522977077153982339e-01,1.014096228490822538e-02,3.742165536138838955e-01,1.049633867681845079e+00,1.888019948654340752e+00,1.774952990293498234e-01,1.514843949848797999e+00,-4.371393777289829807e-01,3.565899988278123378e-02,-3.996268219603107963e-01,1.054029384061072605e+00,-1.889514787350256242e+00,9.373696816585670721e-02,-1.552358182146617027e+00
1.950000,0.000000000000000000e+00,0.000000000000000000e+00,2.758703759815543943e-01,7.496619720877608639e-01,0.000000000000000000e+00,6.618209180779113243e-01,0.000000000000000000e+00,-8.340446436061683955e-02,-1.366728076162540551e-02,3.598374699335629007e-03,3.831561436466510845e-02,1.344358763852040728e-01,1.386891091961903882e-02,-1.331417831005244079e-01,3.549335492707168804e-02,-1.251667658792370366e-02,1.464505146147534187e-01,3.334616284606874148e-02,-4.342755427260490408e-02,2.959927657672392024e-03,3.134185306480667069e-03,-5.200000000000000178e-01,-5.929113938239923831e-01,4.586622205895431875e-02,4.517508152737814142e-01,1.308423659624646795e+00,1.902556177505289270e+00,2.257991512099740417e-01,1.614430000000000032e+00,-5.599320355817228867e-01,4.206652578079455793e-03,-4.818070352827706904e-01,1.263641012889459514e+00,-1.925540913380283659e+00,1.263902121053638306e-01,-1.614430000000000032e+00
1.960000,0.000000000000000000e+00,0.000000000000000000e+00,2.718685281537472909e-01,7.446723288170533639e-01,4.362334251058398001e-19,6.674302380730037232e-01,4.362334251058398001e-19,-9.630941719615462859e-02,-1.364339397164493310e-02,3.783463192303569700e-03,6.491984691888869063e-02,1.206553512786384397e-01,1.389520408969459504e-02,-1.578040373665101082e-01,3.524430424596518285e-02,-1.341531806914918190e-02,1.981487560082955124e-01,6.242509407271101644e-03,-4.350608870041113019e-02,3.414082388301132275e-03,3.390439840874886080e-03,-5.200000000000000178e-01,-4.579360954088776414e-01,3.460800031458762666e-03,3.832525119643806488e-01,1.027111592853382049e+00,1.895746880448976546e+00,1.767950572478393101e-01,1.485337964778742137e+00,-4.302963217422051123e-01,4.829313856877424926e-02,-4.080181627026758795e-01,9.953276191343268797e-01,-1.903625967644842598e+00,8.227619740065131304e-02,-1.487451211204657842e+00
1.970000,0.000000000000000000e+00,0.000000000000000000e+00,2.678666803259401874e-01,7.396407150611979953e-01,8.724422636549094191e-19,6.730019410252542356e-01,8.724422636549094191e-19,-1.262552167466804709e-01,-1.353839192668984497e-02,4.195874140869353987e-03,1.278394577111631736e-01,8.773070034425664576e-02,1.390989024070348953e-02,-1.855742091426250684e-01,3.491557146742513273e-02,-1.441329346153656307e-02,2.566281844983636096e-01,-2.444833735724227103e-02,-4.356654804594834590e-02,3.057607344534185416e-03,3.217054579654393936e-03,-5.200000000000000178e-01,-3.247290738544644229e-01,-2.431455805586966654e-02,3.141463329709484609e-01,7.527686505414448170e-01,1.883152579286105466e+00,1.353779104373790954e-01,1.361535542240718488e+00,-3.057327330177260771e-01,7.668377084063564275e-02,-3.321097697125246495e-01,7.433541617033874171e-01,-1.875567782820657836e+00,4.913551612705873567e-02,-1.369523999955834181e+00
1.980000,0.000000000000000000e+00,0.000000000000000000e+00,2.638648324981331394e-01,7.345674144070309941e-01,1.308601930476186100e-18,6.785357129078536387e-01,1.308601930476186100e-18,-1.628701295749520328e-01,-1.338754640429998428e-02,4.693682140750933714e-03,2.050717447501014257e-01,4.730431539354958137e-02,1.391988964678275709e-02,-2.065654758129098767e-01,3.466274554447985878e-02,-1.516926481487971233e-02,3.009034915639823282e-01,-4.771357357533066723e-02,-4.362771279700767418e-02,2.963749785833245595e-03,3.177251425059765457e-03,-5.200000000000000178e-01,-2.397673462203611383e-01,-2.982762396938985067e-02,2.630052438938181858e-01,5.889401672689490441e-01,1.864898362184541192e+00,1.166313479417494803e-01,1.292800964498326488e+00,-2.208052772190592650e-01,8.218201914414201281e-02,-2.696695965654449800e-01,5.849430991363152588e-01,-1.844993275432151414e+00,3.909192965231350625e-02,-1.296754520092133767e+00
1.990000,0.000000000000000000e+00,0.000000000000000000e+00,2.598629846703260360e-01,7.294527127909035125e-01,1.744687843169903122e-18,6.840312418318271748e-01,1.744687843169903122e-18,-1.955301252364797793e-01,-1.323957331798348430e-02,5.134685941077402581e-03,2.740869186854232309e-01,1.119175009464289453e-02,1.393053390365075507e-02,-2.229052928502806008e-01,3.446467904871410026e-02,-1.575969890780068439e-02,3.354640586461435370e-01,-6.591947729657324229e-02,-4.368634295073997587e-02,2.923529729729718724e-03,3.161850966024376281e-03,-5.200000000000000178e-01,-1.677544365941170956e-01,-2.755468587952062884e-02,2.181613132538176569e-01,4.549623192692947016e-01,1.845863435221495541e+00,1.058509254261536386e-01,1.239543427435116696e+00,-1.475745963477323730e-01,7.829497865484956465e-02,-2.122687793933354661e-01,4.540036059175857619e-01,-1.814841663144432848e+00,3.859664162228507861e-02,-1.237938848999338370e+00
2.000000,0.000000000000000000e+00,0.000000000000000000e+00,2.558611368425189325e-01,7.242968984825685075e-01,2.180675423493088063e-18,6.894882180636099367e-01,2.180675423493088063e-18,-2.137967518943763578e-01,-1.315779640143733067e-02,5.383215494612429361e-03,3.127003956741097324e-01,-8.987729107291834996e-03,1.394428008894710129e-02,-2.352043068931700953e-01,3.431879657931354022e-02,-1.620722795084805420e-02,3.615812952230678112e-01,-7.973029335927600547e-02,-4.374165224767828652e-02,2.888199928157755662e-03,3.152299469176879539e-03,-5.200000000000000178e-01,-1.044023298910205233e-01,-2.053810408494675596e-02,1.788637271218800340e-01,3.413880275004397835e-01,1.827469739364051993e+00,1.002649790426159565e-01,1.197738074550944276e+00,-8.299728800954260521e-02,6.827901244746002740e-02,-1.601492208821642116e-01,3.430535011016701552e-01,-1.786643398399758276e+00,4.456170509607570995e-02,-1.190355621713893974e+00
2.010000,0.000000000000000000e+00,0.000000000000000000e+00,2.518592890147119401e-01,7.191002620689352920e-01,2.616540098745430026e-18,6.949063340425014612e-01,2.616540098745430026e-18,-2.275399277939091358e-01,-1.309524130799935744e-02,5.570508936356722250e-03,3.418320206335329625e-01,-2.422252468269571815e-02,1.395658524322567796e-02,-2.451749256680805789e-01,3.419983212016908247e-02,-1.657095133238763521e-02,3.828706836500719302e-01,-9.104133546229027651e-02,-4.379035620043096599e-02,2.863218674636479333e-03,3.139309894875460475e-03,-5.200000000000000178e-01,-4.566582439516559538e-02,-1.050714090229052863e-02,1.436301361554803702e-01,2.390495310534561935e-01,1.810062870678469382e+00,9.798551837243167639e-02,1.163327282414952313e+00,-2.315968574528901036e-02,5.408583938042813011e-02,-1.119793436816429594e-01,2.428665844596193391e-01,-1.760612117256808995e+00,5.488453269714812371e-02,-1.150331988486378076e+00
2.020000,0.000000000000000000e+00,0.000000000000000000e+00,2.478574411869047256e-01,7.138630964376816435e-01,3.052257303152834576e-18,7.002852843980125197e-01,3.052257303152834576e-18,-2.380302081802610770e-01,-1.304666416454249196e-02,5.713536579221589057e-03,3.641566711224111796e-01,-3.591191077153258610e-02,1.396670603256516471e-02,-2.531394622759926549e-01,3.410444705104953567e-02,-1.686216835317165194e-02,3.999958514785612596e-01,-1.001947568238325953e-01,-4.383186842932285804e-02,2.829915632215796329e-03,3.097308304740185782e-03,-5.200000000000000178e-01,9.862808865359583288e-03,1.568687205857316252e-03,1.120548365150622200e-01,1.449443484886123457e-01,1.793939056980554669e+00,9.805092686172404981e-02,1.134787208220588317e+00,3.312591986394519683e-02,3.691611135191737864e-02,-6.767004414320722250e-02,1.509278977260214150e-01,-1.737082350711962375e+00,6.832583983246814929e-02,-1.117601113957291670e+00
2.030000,0.000000000000000000e+00,0.000000000000000000e+00,2.438555933590977332e-01,7.085856967607474521e-01,3.487802479228784278e-18,7.056247659670726868e-01,3.487802479228784278e-18,-2.459261535385898201e-01,-1.300935041607637933e-02,5.821060168524287703e-03,3.810431995911749414e-01,-4.477156956609890798e-02,1.397424366066803321e-02,-2.594056588215741810e-01,3.402872261612108901e-02,-1.709150443919450757e-02,4.135901901217657883e-01,-1.075163107078236924e-01,-4.386559000904479561e-02,2.821272994299143123e-03,3.081220356491344656e-03,-5.200000000000000178e-01,6.297575213749129208e-02,1.496317196338279622e-02,8.396466072283979842e-02,5.792583751602892878e-02,1.779151499332093600e+00,9.976702296911600654e-02,1.112693089836059190e+00,8.673900377542005657e-02,1.772324516547929552e-02,-2.711893992879945911e-02,6.544550346387377482e-02,-1.716343825208652030e+00,8.385766263215013727e-02,-1.090346929806391252e+00
2.040000,0.000000000000000000e+00,0.000000000000000000e+00,2.398537455312905464e-01,7.032683604777472119e-01,3.868801076381793095e-18,7.109244778110691554e-01,3.868801076381793095e-18,-2.516426776452646008e-01,-1.298152908224001721e-02,5.898573362835430808e-03,3.933524477005748698e-01,-5.124559707399611863e-02,1.397895262244238691e-02,-2.641766189426220657e-01,3.397005861710561403e-02,-1.726593833013892118e-02,4.240666226424404384e-01,-1.132146211692033888e-01,-4.389111894989917995e-02,2.780940961924441984e-03,2.985196994608631423e-03,-5.200000000000000178e-01,1.145385518475559167e-01,2.919539602308842199e-02,5.893134227700948247e-02,-2.396401922242642757e-02,1.765827748308382406e+00,1.026005157498708492e-01,1.094508164955935614e+00,1.384248342287132671e-01,-2.754186798240450783e-03,9.781313005214951548e-03,-1.421141862677554463e-02,-1.698272028411342838e+00,1.006845161528434340e-01,-1.073181008432914973e+00
2.050000,0.000000000000000000e+00,0.000000000000000000e+00,2.358518977034835540e-01,6.979113872790856377e-01,5.176244249093537780e-18,7.161841212329286277e-01,5.176244249093537780e-18,-2.556625552540199298e-01,-1.296070832436930706e-02,5.952410126727050721e-03,4.020820076812616217e-01,-5.585542189293741383e-02,1.398063831020014344e-02,-2.675744176989144352e-01,3.392696739633717373e-02,-1.738965938626848770e-02,4.316656287700385564e-01,-1.174075312398705634e-01,-4.390821822871189550e-02,2.767030854350150271e-03,2.929420003403250192e-03,-5.199952005552958001e-01,1.650694943974912177e-01,4.384444048537649435e-02,3.680576648439992660e-02,-1.009959216820738165e-01,1.753764202433387931e+00,1.061595922197159508e-01,1.082750333681604893e+00,1.888151838159234652e-01,-2.397207105274271055e-02,4.334107477568940880e-02,-8.968232487185683055e-02,-1.682989215679113970e+00,1.181407989269544351e-01,-1.058995550584010958e+00
2.060000,0.000000000000000000e+00,0.000000000000000000e+00,2.318500498756763673e-01,6.925150790892053987e-01,1.768899474181980927e-18,7.214033997938127385e-01,1.768899474181980927e-18,-2.602046146949302252e-01,-1.293358238603191379e-02,6.011465541546155700e-03,4.120199400994782879e-01,-6.107277434126830856e-02,1.397883625846652565e-02,-2.700231913030774478e-01,3.389200309123235194e-02,-1.747697379520157107e-02,4.372747742097468082e-01,-1.205521752676082248e-01,-4.391600720631776839e-02,2.776481529817685298e-03,2.969417313615344868e-03,-5.199421749784483016e-01,2.148969985543024153e-01,5.874166085157769834e-02,1.704811554602116141e-02,-1.769014133335296557e-01,1.743175409797871112e+00,1.098804003216210662e-01,1.062257828523337277e+00,2.378644196568639180e-01,-4.568639682810295838e-02,7.411840954950368876e-02,-1.656372648631592448e-01,-1.670983188757174664e+00,1.356853004921689809e-01,-1.027302323358394220e+00
2.070000,0.000000000000000000e+00,0.000000000000000000e+00,2.278482020478693748e-01,6.870797400494922380e-01,2.418816993989105590e-18,7.265820193299048491e-01,2.418816993989105590e-18,-2.613532364883054959e-01,-1.292419954824771539e-02,6.024797487822103163e-03,4.147080905971353149e-01,-6.248379502661337986e-02,1.397424816746244136e-02,-2.708650070588129455e-01,3.387784997150895816e-02,-1.750581208606705880e-02,4.394655497706068115e-01,-1.218907724027142037e-01,-4.391592324112157664e-02,2.750558686838890619e-03,2.890633024840927583e-03,-5.198114086582666937e-01,2.645049741235723784e-01,7.347202195505955769e-02,-7.985511909492168251e-05,-2.465737050800870245e-01,1.733547394108632567e+00,1.140599663791408425e-01,1.055153726967756889e+00,2.866542306715089694e-01,-6.711870645809474289e-02,1.015417921317964267e-01,-2.338783263909498533e-01,-1.660882078351964664e+00,1.529570925628415956e-01,-1.018515460566941311e+00
2.080000,0.000000000000000000e+00,0.000000000000000000e+00,2.238463542200621603e-01,6.816056765011453411e-01,3.068598186825660674e-18,7.317196879689764621e-01,3.068598186825660674e-18,-2.611765615995611522e-01,-1.292002009134917209e-02,6.019349740788393528e-03,4.145697088858058543e-01,-6.239025742660629648e-02,1.396647011813537294e-02,-2.704928840373773680e-01,3.387728238022545690e-02,-1.748941944621220865e-02,4.390598156175756772e-01,-1.218456587267705837e-01,-4.390716910507979492e-02,2.731475298143197766e-03,2.819463508196284017e-03,-5.196730041976538317e-01,3.143209653064207298e-01,8.797538164336560218e-02,-1.507397795367086159e-02,-3.128925191740177802e-01,1.724856373497255069e+00,1.183248793162806761e-01,1.051762042492500271e+00,3.354430589967682952e-01,-8.826399995733316683e-02,1.263631356533703731e-01,-2.989805819801526487e-01,-1.652997626319688607e+00,1.696664573054947611e-01,-1.012498399331142718e+00
2.090000,0.000000000000000000e+00,0.000000000000000000e+00,2.198445063922551679e-01,6.760931969679198072e-01,3.718206430366746275e-18,7.368161161468292919e-01,3.718206430366746275e-18,-2.596834147570770135e-01,-1.292097754183159884e-02,5.995258702663565191e-03,4.116050393287076781e-01,-6.078358404284682492e-02,1.395551229227050272e-02,-2.689107725608327892e-01,3.389020272750365576e-02,-1.742795798064078472e-02,4.360471274859544777e-01,-1.204026267413675494e-01,-4.388978708411436086e-02,2.717978895487302600e-03,2.757648466591631348e-03,-5.195387772782387170e-01,3.646797210248741150e-01,1.021452001754702132e-01,-2.815483556699242135e-02,-3.760096197370051962e-01,1.716942871802481507e+00,1.225915328076591787e-01,1.052178334900643719e+00,3.845740923655694976e-01,-1.089540877929042750e-01,1.488486323661880606e-01,-3.610744236711713184e-01,-1.647080224305256246e+00,1.856072157567029979e-01,-1.009278755254332527e+00
2.100000,0.000000000000000000e+00,0.000000000000000000e+00,2.158426585644480089e-01,6.705426121387345617e-01,4.367605112035095455e-18,7.418710166236194281e-01,4.367605112035095455e-18,-2.568562892247256424e-01,-1.292710271387646076e-02,5.952322952431649515e-03,4.057588126415156982e-01,-5.762593545927269939e-02,1.394140824886089952e-02,-2.660965073653849267e-01,3.391684275350459465e-02,-1.732071051958967295e-02,4.303615922190177079e-01,-1.175184326076178370e-01,-4.386388489456283929e-02,2.710058652361729738e-03,2.707962256607757568e-03,-5.194221815059303360e-01,4.158878922261292077e-01,1.159168485874798454e-01,-3.953317920524364315e-02,-4.359985646474395793e-01,1.709641735606379775e+00,1.268215660308594228e-01,1.056545187021086463e+00,4.343645401550383367e-01,-1.290825938256537353e-01,1.692615866895442744e-01,-4.202302980896174822e-01,-1.642868714036473721e+00,2.006437971866865955e-01,-1.008922472678837945e+00
2.110000,0.000000000000000000e+00,0.000000000000000000e+00,2.118408107366409887e-01,6.649542348501606970e-01,5.016757631064671190e-18,7.468841045000472745e-01,5.016757631064671190e-18,-2.498208833772409543e-01,-1.295552336932543312e-02,5.853213075816122817e-03,3.908644490648567893e-01,-4.967711709586374036e-02,1.392478869223609528e-02,-2.616354649869677140e-01,3.396452269994495315e-02,-1.715374851205974868e-02,4.211007905207883040e-01,-1.127098719343394284e-01,-4.383040801493628263e-02,2.725873702241130882e-03,2.684937402242674586e-03,-5.191291800030791714e-01,4.688543181168106089e-01,1.228983838844815574e-01,-4.373222451269686423e-02,-4.922077611397020491e-01,1.705355221978030578e+00,1.231639370113939841e-01,1.070202098876466223e+00,4.881316338450562564e-01,-1.325601367582594226e-01,1.735844038522502131e-01,-4.756736882781196774e-01,-1.647357367155358965e+00,1.943331340454284017e-01,-1.020813984931884910e+00
2.120000,0.000000000000000000e+00,0.000000000000000000e+00,2.078389629088338020e-01,6.593283800687903540e-01,5.665627400563380872e-18,7.518550972334130389e-01,5.665627400563380872e-18,-2.427748136335854956e-01,-1.298049194438626736e-02,5.752515001001122508e-03,3.759176977941980358e-01,-4.162998696720832115e-02,1.390494318228924220e-02,-2.561960901546346814e-01,3.402025170421681122e-02,-1.694956394803670552e-02,4.096764843735301032e-01,-1.067094998709277043e-01,-4.378801168053917531e-02,2.765396275483229371e-03,2.880476589879850131e-03,-5.193582843719585229e-01,5.223451560414295036e-01,1.299626025843556854e-01,-4.735366391044750628e-02,-5.465096262537987304e-01,1.700669888130619256e+00,1.198927033840765238e-01,1.080714846883174207e+00,5.413336452597838910e-01,-1.362751651911432993e-01,1.780830455773365073e-01,-5.313665635373937546e-01,-1.652132432845743848e+00,1.880665577441096581e-01,-1.013525056642387900e+00
2.130000,0.000000000000000000e+00,0.000000000000000000e+00,2.038371150810268095e-01,6.536653648734864763e-01,6.314177849575037382e-18,7.567837146535408843e-01,6.314177849575037382e-18,-2.257930629508597964e-01,-1.305945672424576112e-02,5.521186352230655209e-03,3.397397263255266808e-01,-2.237411608449452888e-02,1.388443465932766123e-02,-2.485847037641846502e-01,3.410502999234746313e-02,-1.666792893012412902e-02,3.935278783277506576e-01,-9.816212902930449014e-02,-4.373927395596486495e-02,2.779524763070890560e-03,2.897675643132728227e-03,-5.191326288008463186e-01,5.785008632757570046e-01,1.371607187523425364e-01,-5.057574742396413192e-02,-5.962627702653807704e-01,1.695154762685434191e+00,1.175748049087956965e-01,1.103163240301277215e+00,5.978828317249272883e-01,-1.406373885885662811e-01,1.826713968305787028e-01,-5.807331842141284506e-01,-1.654623241606406392e+00,1.823388131821216951e-01,-1.031035928916643085e+00
2.140000,0.000000000000000000e+00,0.000000000000000000e+00,1.998352672532196228e-01,6.479655084375087748e-01,6.962372425140888365e-18,7.616696789785718513e-01,6.962372425140888365e-18,-1.941617187882401785e-01,-1.321149031162766052e-02,5.096486449167231085e-03,2.723483186749983131e-01,1.330357949878050242e-02,1.386623627138664459e-02,-2.385205682779122094e-01,3.422209081309433160e-02,-1.629918549824541443e-02,3.720458304548719397e-01,-8.673926814092543236e-02,-4.368479847299977514e-02,2.790154204218050875e-03,2.937343567017862596e-03,-5.189372692707715506e-01,6.366219419616717667e-01,1.443686478233311976e-01,-5.328292124697280030e-02,-6.426285870669591338e-01,1.689037139464093062e+00,1.158250039989087016e-01,1.130486651410570920e+00,6.561320142848879877e-01,-1.455394025580996342e-01,1.873135094659757194e-01,-6.268614223612311021e-01,-1.656100760315560638e+00,1.769653906950786615e-01,-1.052054840604309760e+00
2.150000,0.000000000000000000e+00,0.000000000000000000e+00,1.958334194254126026e-01,6.422291320105271151e-01,7.610174594359489984e-18,7.665127148306184468e-01,7.610174594359489984e-18,-1.824515087781565237e-01,-1.324662814048900919e-02,4.930129733292295917e-03,2.471326748527140627e-01,2.694893337288566809e-02,1.383911599151634204e-02,-2.291591746674790098e-01,3.431413774965074576e-02,-1.594988777338515740e-02,3.519208159530550772e-01,-7.595290355755925094e-02,-4.361816972816792010e-02,2.798524568593219967e-03,3.180285521674010990e-03,-5.197478602884566534e-01,6.945169836682033582e-01,1.514884779230315226e-01,-5.534176098241725544e-02,-6.866658960929254985e-01,1.682769358019438721e+00,1.142049632226807276e-01,1.153415765285345174e+00,7.130629337256122469e-01,-1.505222945396206546e-01,1.918585100595906201e-01,-6.722919665305301384e-01,-1.658018171522097406e+00,1.715571082540054693e-01,-1.059206927887393457e+00
2.160000,0.000000000000000000e+00,0.000000000000000000e+00,1.918315715976054436e-01,6.364565589005154456e-01,8.257547846445772548e-18,7.713125492512843406e-01,8.257547846445772548e-18,-1.613399559515604487e-01,-1.332419558243653351e-02,4.638772173804701741e-03,2.018176180159957367e-01,5.124219266829931757e-02,1.381291292002484461e-02,-2.171777030257925345e-01,3.443843984813117765e-02,-1.550764722330682036e-02,3.260756516111191772e-01,-6.206859606241297428e-02,-4.354626254994145573e-02,2.796454352016668286e-03,3.258053668819791988e-03,-5.199533136695405622e-01,7.558981514469585994e-01,1.584975331103391505e-01,-5.693077790651990266e-02,-7.257406155205758935e-01,1.675621130748805809e+00,1.132513337320867064e-01,1.189839806921378251e+00,7.740462153874153595e-01,-1.563814496352718131e-01,1.962790272662731095e-01,-7.113627451137763957e-01,-1.657654430128867817e+00,1.667931679976839832e-01,-1.088389985198034760e+00
2.170000,0.000000000000000000e+00,0.000000000000000000e+00,1.878297237697984234e-01,6.306481144555288187e-01,8.904455694788902818e-18,7.760689117170499474e-01,8.904455694788902818e-18,-1.187049843202044458e-01,-1.349207819469737564e-02,4.060042698884669572e-03,1.106870296748100474e-01,9.974359295101739575e-02,1.379483098358491241e-02,-2.010835947648872690e-01,3.461595479653217095e-02,-1.492098696918677490e-02,2.913292300974762994e-01,-4.340338936870558051e-02,-4.347196543989221423e-02,2.790823116511878706e-03,3.275543511214677479e-03,-5.199813089489463414e-01,8.198401519445200902e-01,1.653011042195388636e-01,-5.796830530542559229e-02,-7.604964704050034552e-01,1.667793003093387405e+00,1.126330123025984786e-01,1.233821332740939747e+00,8.376103606908191779e-01,-1.630287169867650487e-01,2.004366847810334640e-01,-7.457637477865360909e-01,-1.655758828657459381e+00,1.625046718406047142e-01,-1.126151948719114060e+00
2.180000,0.000000000000000000e+00,0.000000000000000000e+00,1.838278759419912367e-01,6.248041260453678358e-01,9.550861679008620215e-18,7.807815341545190080e-01,9.550861679008620215e-18,-7.295772989838844591e-02,-1.364853451032410278e-02,3.434077065598264023e-03,1.272861093862516849e-02,1.521180659602631158e-01,1.377700888360870388e-02,-1.499987469711820121e-01,3.529939868866090180e-02,-1.311954199251524206e-02,1.821201361666927032e-01,1.452914750147997827e-02,-4.344651037747490618e-02,2.743933860643179602e-03,3.169408227089158536e-03,-5.180704807872351658e-01,8.938079929162605630e-01,1.721539991048069707e-01,-5.824868554645777630e-02,-7.886371064697024202e-01,1.657459568555328611e+00,1.126959506162599489e-01,1.304521686929624336e+00,9.109699565554258971e-01,-1.716481463321406775e-01,2.042891209813289533e-01,-7.715365967944236569e-01,-1.650004849618425418e+00,1.588977469010327825e-01,-1.195428175942107263e+00
2.190000,0.000000000000000000e+00,0.000000000000000000e+00,1.798260281141842443e-01,6.189249230431254079e-01,1.019672936701035043e-17,7.854501509555277261e-01,1.019672936701035043e-17,-6.953924538425333701e-02,-1.361800327490220695e-02,3.372102179650918359e-03,4.183737641659746043e-03,1.576240333048028464e-01,1.372768861029374093e-02,-1.269869702454369254e-01,3.549045947309538429e-02,-1.226838153530124091e-02,1.320803634232390056e-01,4.169667893419276572e-02,-4.333253044410562138e-02,2.693915209007704658e-03,3.242551280426586666e-03,-5.183016998139213793e-01,9.708346133133349820e-01,1.787392702691235347e-01,-5.713905327491147074e-02,-8.099529042144348878e-01,1.646260176691257460e+00,1.119917029524253455e-01,1.376178417137474019e+00,9.853861254814380022e-01,-1.805113901975382573e-01,2.074380291920461528e-01,-7.889993933469320320e-01,-1.643821154918631011e+00,1.546659245574482089e-01,-1.258576332192150371e+00
2.200000,0.000000000000000000e+00,0.000000000000000000e+00,1.758241802863770575e-01,6.130108368066252700e-01,0.000000000000000000e+00,7.900744989921147932e-01,0.000000000000000000e+00,-6.808384708136405727e-02,-1.359192194772222348e-02,3.340914047188103635e-03,3.032963166615072570e-06,1.607185441872170384e-01,1.369039433700318560e-02,-1.213835741562005743e-01,3.548085914688247494e-02,-1.204247664557503081e-02,1.192912664121487387e-01,4.903432598108474483e-02,-4.324261842638268960e-02,2.772350811154953784e-03,3.302291370934841604e-03,-5.200000000000000178e-01,1.022909465869927370e+00,1.834966983466188584e-01,-5.709779441179572979e-02,-8.370086867607848813e-01,1.640330310326524321e+00,1.107413749105913003e-01,1.405224499546945838e+00,1.038362293192126362e+00,-1.862389888556388318e-01,2.094435699787637328e-01,-8.212892986018384134e-01,-1.642744731125030055e+00,1.507228780078134767e-01,-1.278269849318846241e+00
2.210000,0.000000000000000000e+00,0.000000000000000000e+00,1.758241802863770575e-01,6.085718990929981365e-01,1.132350292932542760e-17,7.934987357484205583e-01,1.132350292932542760e-17,-7.758219216886472203e-02,-1.357125671856149532e-02,3.475334498756888282e-03,2.037370412129723210e-02,1.496504676796843181e-01,1.371004761330416565e-02,-1.333254075632772651e-01,3.535337209236734390e-02,-1.247517688428168708e-02,1.447014467373902158e-01,3.554616584544482288e-02,-4.328227436854359400e-02,2.772352609201792373e-03,3.302300873938267874e-03,-5.200000000000000178e-01,1.007179364049675119e+00,1.796419580557679918e-01,-5.752757084104281188e-02,-8.260038350752035852e-01,1.641472045808307412e+00,1.132567085550284514e-01,1.411015336318681701e+00,1.024496147240560484e+00,-1.788390265589333283e-01,2.066086806563808831e-01,-8.089402374206358104e-01,-1.641908815673659205e+00,1.492046134883080188e-01,-1.293597660714975728e+00
2.220000,0.000000000000000000e+00,0.000000000000000000e+00,1.758241802863770575e-01,6.041138342290743868e-01,1.180462760883675635e-17,7.968980331843257270e-01,1.180462760883675635e-17,-8.708053725636578923e-02,-1.355059148940076716e-02,3.609754950325678568e-03,4.074437527942874337e-02,1.385823911721510981e-01,1.372970088960514742e-02,-1.452672409703545109e-01,3.522588503785221287e-02,-1.290787712298836071e-02,1.701116270626328031e-01,2.205800570980430766e-02,-4.332193031070450534e-02,2.772354407248630963e-03,3.302310376941694145e-03,-5.200000000000000178e-01,9.914492622294219792e-01,1.757872177649169865e-01,-5.795734727028991479e-02,-8.149989833896218450e-01,1.642613781290090502e+00,1.157720421994657134e-01,1.416806173090418008e+00,1.010630001288993940e+00,-1.714390642622274641e-01,2.037737913339979223e-01,-7.965911762394325413e-01,-1.641072900222288355e+00,1.476863489688025055e-01,-1.308925472111105659e+00
2.230000,0.000000000000000000e+00,0.000000000000000000e+00,1.758241802863770575e-01,5.996367823298957012e-01,1.228538127403272571e-17,8.002722844613884279e-01,1.228538127403272571e-17,-9.657888234386645399e-02,-1.352992626024003900e-02,3.744175401894462782e-03,6.111504643755935606e-02,1.275143146646183778e-01,1.374935416590612747e-02,-1.572090743774312016e-01,3.509839798333708183e-02,-1.334057736169501698e-02,1.955218073878742802e-01,8.569845574164382251e-03,-4.336158625286540974e-02,2.772356205295469552e-03,3.302319879945120849e-03,-5.200000000000000178e-01,9.757191604091696169e-01,1.719324774740661199e-01,-5.838712369953699688e-02,-8.039941317040406599e-01,1.643755516771873593e+00,1.182873758439028644e-01,1.422597009862154094e+00,9.967638553374280619e-01,-1.640391019655219607e-01,2.009389020116151003e-01,-7.842421150582299383e-01,-1.640236984770917505e+00,1.461680844492970477e-01,-1.324253283507235146e+00
2.240000,0.000000000000000000e+00,0.000000000000000000e+00,1.758241802863770575e-01,5.951408841072574063e-01,1.276574881503462852e-17,8.036213835283579909e-01,1.276574881503462852e-17,-1.060772274313675212e-01,-1.350926103107931084e-02,3.878595853463253501e-03,8.148571759569087081e-02,1.164462381570851718e-01,1.376900744220710925e-02,-1.691509077845084474e-01,3.497091092882195079e-02,-1.377327760040169061e-02,2.209319877131168397e-01,-4.918314561476129498e-03,-4.340124219502632108e-02,2.772358003342307708e-03,3.302329382948547120e-03,-5.200000000000000178e-01,9.599890585889165884e-01,1.680777371832151146e-01,-5.881690012878409285e-02,-7.929892800184588086e-01,1.644897252253656683e+00,1.208027094883401265e-01,1.428387846633890179e+00,9.828977093858615177e-01,-1.566391396688161242e-01,1.981040126892321118e-01,-7.718930538770267802e-01,-1.639401069319546433e+00,1.446498199297915066e-01,-1.339581094903365077e+00
2.250000,0.000000000000000000e+00,0.000000000000000000e+00,1.758241802863770575e-01,5.906262808652860130e-01,1.324571513409945976e-17,8.069452251245065044e-01,1.324571513409945976e-17,-1.155755725188681859e-01,-1.348859580191858268e-02,4.013016305032038149e-03,1.018563887538214835e-01,1.053781616495524515e-01,1.378866071850808929e-02,-1.810927411915851382e-01,3.484342387430682669e-02,-1.420597783910834688e-02,2.463421680383583168e-01,-1.840647469711605144e-02,-4.344089813718722548e-02,2.772359801389146297e-03,3.302338885951973391e-03,-5.200000000000000178e-01,9.442589567686642260e-01,1.642229968923642480e-01,-5.924667655803117494e-02,-7.819844283328776235e-01,1.646038987735439774e+00,1.233180431327772775e-01,1.434178683405626265e+00,9.690315634342956397e-01,-1.492391773721106207e-01,1.952691233668492898e-01,-7.595439926958240662e-01,-1.638565153868175583e+00,1.431315554102860765e-01,-1.354908906299494564e+00
2.260000,0.000000000000000000e+00,0.000000000000000000e+00,1.758241802863770575e-01,5.860931144960003225e-01,1.372526514609431466e-17,8.102437047829365024e-01,1.372526514609431466e-17,-1.250739176063688507e-01,-1.346793057275785625e-02,4.147436756600822796e-03,1.222270599119520962e-01,9.431008514201973114e-02,1.380831399480906933e-02,-1.930345745986618566e-01,3.471593681979169566e-02,-1.463867807781500316e-02,2.717523483635997938e-01,-3.189463483275598032e-02,-4.348055407934812988e-02,2.772361599435984886e-03,3.302348388955399661e-03,-5.200000000000000178e-01,9.285288549484118636e-01,1.603682566015134092e-01,-5.967645298727825703e-02,-7.709795766472963274e-01,1.647180723217222864e+00,1.258333767772144285e-01,1.439969520177362128e+00,9.551654174827296506e-01,-1.418392150754050896e-01,1.924342340444664401e-01,-7.471949315146214632e-01,-1.637729238416804733e+00,1.416132908907806187e-01,-1.370236717695623829e+00
2.270000,0.000000000000000000e+00,0.000000000000000000e+00,1.758241802863770575e-01,5.815415274748484409e-01,1.420438377897081614e-17,8.135167188338665589e-01,1.420438377897081614e-17,-1.345722626938699040e-01,-1.344726534359712809e-02,4.281857208169612648e-03,1.425977310700836387e-01,8.324200863448651122e-02,1.382796727111004938e-02,-2.049764080057390747e-01,3.458844976527656462e-02,-1.507137831652167678e-02,2.971625286888424089e-01,-4.538279496839650595e-02,-4.352021002150904122e-02,2.772363397482823476e-03,3.302357891958826366e-03,-5.200000000000000178e-01,9.127987531281588351e-01,1.565135163106623761e-01,-6.010622941652535994e-02,-7.599747249617145872e-01,1.648322458699006177e+00,1.283487104216516905e-01,1.445760356949098435e+00,9.412992715311631065e-01,-1.344392527786992531e-01,1.895993447220834793e-01,-7.348458703334183051e-01,-1.636893322965433883e+00,1.400950263712750776e-01,-1.385564529091753982e+00
2.280000,0.000000000000000000e+00,0.000000000000000000e+00,1.758241802863770575e-01,5.769716628562329142e-01,1.468305597423848219e-17,8.167641644078867946e-01,1.468305597423848219e-17,-1.522641135358322184e-01,-1.338094940800234160e-02,4.522836857632242698e-03,1.803987616687162121e-01,6.304381146199002084e-02,1.383875228374310644e-02,-2.120735900589493239e-01,3.451852463187555370e-02,-1.533122147618226801e-02,3.123476356689661171e-01,-5.349121941207763548e-02,-4.355193884652838049e-02,2.771553186865702116e-03,3.305207538665237092e-03,-5.200000000000000178e-01,8.970336460699671610e-01,1.529223586973097182e-01,-6.016527564761745689e-02,-7.494961567672565605e-01,1.649170262143237364e+00,1.308448736048189454e-01,1.451029335206321047e+00,9.272556582308549844e-01,-1.273029877603610027e-01,1.864659393400202314e-01,-7.230872677639768042e-01,-1.636025087205458473e+00,1.385301942286127075e-01,-1.400219848752903173e+00
2.290000,0.000000000000000000e+00,0.000000000000000000e+00,1.758241802863770575e-01,5.723836642690117715e-01,1.516126668743835673e-17,8.199859394391950662e-01,1.516126668743835673e-17,-1.500346158876529057e-01,-1.339959404797935218e-02,4.496676904936528288e-03,1.760292602783501692e-01,6.502286846295442235e-02,1.385034128828353459e-02,-2.104500087692328936e-01,3.455916800648165671e-02,-1.528180304879448934e-02,3.091153160242448572e-01,-5.191485674085668384e-02,-4.357293538063305299e-02,2.769897488655789341e-03,3.311013379043510358e-03,-5.200000000000000178e-01,8.812209409346030142e-01,1.497410286992274797e-01,-5.964715426003240617e-02,-7.398473333436865751e-01,1.649565304283602929e+00,1.333144385317584779e-01,1.455491375364809326e+00,9.129424790083882080e-01,-1.205813537325477330e-01,1.828622881633590880e-01,-7.122559885537689262e-01,-1.635112888354452565e+00,1.368919620607292331e-01,-1.413837857979546975e+00
2.300000,0.000000000000000000e+00,0.000000000000000000e+00,1.758241802863770575e-01,5.677776759119873562e-01,1.563900088861546796e-17,8.231819426688016250e-01,1.563900088861546796e-17,-1.626225802930893749e-01,-1.335182273335636279e-02,4.669288038233821228e-03,2.031993263174674824e-01,5.035596610922344479e-02,1.386185362780362543e-02,-2.135065640131038611e-01,3.454121258437001935e-02,-1.540008050863264991e-02,3.159197943191776603e-01,-5.568929050501481015e-02,-4.360478777409109580e-02,2.770007502026716317e-03,3.311992441274661057e-03,-5.200000000000000178e-01,8.654452988977437977e-01,1.462486860313879922e-01,-5.949536938938750075e-02,-7.295391274362356127e-01,1.650221874793905474e+00,1.358443336632265963e-01,1.460608022303387932e+00,8.987977255608059490e-01,-1.135473819360049708e-01,1.795637351215487731e-01,-7.006758742999019685e-01,-1.634211685928583346e+00,1.353199602892800890e-01,-1.428263132941255398e+00
2.310000,0.000000000000000000e+00,0.000000000000000000e+00,1.758241802863770575e-01,5.631538425493716193e-01,1.611624356279154401e-17,8.263520736477143469e-01,1.611624356279154401e-17,-1.603405219286510586e-01,-1.337087871941833837e-02,4.642596999470227637e-03,1.987789534721864371e-01,5.233131361745780447e-02,1.387313908052299760e-02,-2.125901463092360055e-01,3.457065817407736774e-02,-1.537489980929201278e-02,3.142477342768513759e-01,-5.496308563404284780e-02,-4.362349094696825469e-02,2.769285251270793037e-03,3.314796038921030089e-03,-5.200000000000000178e-01,8.496428838250202897e-01,1.430603116560491272e-01,-5.896482828538237436e-02,-7.198789708444748303e-01,1.650605019848047306e+00,1.383323073414306492e-01,1.465107044329783559e+00,8.844864673640723263e-01,-1.068250519574200086e-01,1.759416852686109811e-01,-6.898224612263457178e-01,-1.633300466378735827e+00,1.336830144019583166e-01,-1.441921798412942213e+00
2.320000,0.000000000000000000e+00,0.000000000000000000e+00,1.758241802863770575e-01,5.585123095062375365e-01,1.659297971043673636e-17,8.294962327400943192e-01,1.659297971043673636e-17,-1.725496439620668732e-01,-1.331924956778535694e-02,4.808470750505755217e-03,2.251616441807483271e-01,3.810130114886055297e-02,1.388048883796465238e-02,-2.162900918829447627e-01,3.452842857976889945e-02,-1.550995470601897880e-02,3.224336440226827638e-01,-5.945194524447926232e-02,-4.363934845154094494e-02,2.770742189169712530e-03,3.310215033820237008e-03,-5.200000000000000178e-01,8.338669160763109156e-01,1.397311247555694802e-01,-5.858789330158810371e-02,-7.099336028467948534e-01,1.651111957825623255e+00,1.408614154967926246e-01,1.469925414370390371e+00,8.702537964135591553e-01,-9.998000453752552141e-02,1.724309697716670253e-01,-6.786325795275858219e-01,-1.632403731669300084e+00,1.320762554518665755e-01,-1.455981005093120340e+00
2.330000,0.000000000000000000e+00,0.000000000000000000e+00,1.758241802863770575e-01,5.538532226639509837e-01,1.706919434794118608e-17,8.326143211263880017e-01,1.706919434794118608e-17,-1.692911752909353473e-01,-1.334082130956078943e-02,4.767905757560474654e-03,2.186763660156947064e-01,4.117150502629907116e-02,1.388904776615085615e-02,-2.148840115407467666e-01,3.455809872784484232e-02,-1.546476372850731813e-02,3.197297163557693001e-01,-5.817623142692236737e-02,-4.364931530407156063e-02,2.770536661836396110e-03,3.311050168786130316e-03,-5.200000000000000178e-01,8.180588377637851849e-01,1.366630142771460554e-01,-5.789521481736392694e-02,-7.005338899842908917e-01,1.651381532405333141e+00,1.433424888578166689e-01,1.474195546065593554e+00,8.558750548948467207e-01,-9.338953063817290179e-02,1.686620809668371579e-01,-6.680640190634938858e-01,-1.631492252463804693e+00,1.304129450258831868e-01,-1.469355731703352763e+00
2.340000,0.000000000000000000e+00,0.000000000000000000e+00,1.758241802863770575e-01,5.491767284555877371e-01,1.754487250808565951e-17,8.357062408064317438e-01,1.754487250808565951e-17,-1.650747328869193731e-01,-1.336539039861592976e-02,4.713875072223757540e-03,2.101443940009538880e-01,4.533246102399715594e-02,1.389610191087131512e-02,-2.126996077096852678e-01,3.459565705877804681e-02,-1.539080292043518670e-02,3.153594466250302375e-01,-5.601159701642818844e-02,-4.365478279598530159e-02,2.770387699562530323e-03,3.311582950202084964e-03,-5.200000000000000178e-01,8.022452516855255178e-01,1.336750522437414324e-01,-5.710177498266289647e-02,-6.913099317984063852e-01,1.651582287354789846e+00,1.458125415609573816e-01,1.478304281093815842e+00,8.414537939290474000e-01,-8.688501303477658144e-02,1.648045009542518646e-01,-6.576910248263887482e-01,-1.630581461672658827e+00,1.287321267428375438e-01,-1.482532070388034917e+00
2.350000,0.000000000000000000e+00,0.000000000000000000e+00,1.758241802863770575e-01,5.444829738613268244e-01,1.801999924051247351e-17,8.387718946025347622e-01,1.801999924051247351e-17,-1.599161561879207105e-01,-1.339274561352236069e-02,4.646552606793385477e-03,1.995918684782049812e-01,5.057484632415737424e-02,1.390166877279255982e-02,-2.097170329722962689e-01,3.464124672608880767e-02,-1.528734359775112649e-02,3.092734196572260452e-01,-5.292838545330356276e-02,-4.365579704308549663e-02,2.770294813822264321e-03,3.311832263847163966e-03,-5.200000000000000178e-01,7.864259574568261968e-01,1.307667174248355602e-01,-5.621035462686016504e-02,-6.822620405415026346e-01,1.651718000164848821e+00,1.482701488395239686e-01,1.482250927961347164e+00,8.269912541269547335e-01,-8.046646775562996123e-02,1.608606260015870426e-01,-6.475144772897996059e-01,-1.629672481487483671e+00,1.270340430012004140e-01,-1.495510358697783593e+00
2.360000,0.000000000000000000e+00,0.000000000000000000e+00,1.758241802863770575e-01,5.397721064038366601e-01,1.849455961219479076e-17,8.418111861625298120e-01,1.849455961219479076e-17,-1.538528350249666610e-01,-1.342255090771760778e-02,4.566400624462751447e-03,1.870906345841336083e-01,5.686558848447581527e-02,1.390576105428129212e-02,-2.059129965277776420e-01,3.469499665031837432e-02,-1.515353131944299249e-02,3.014150055182259202e-01,-4.889305388794991380e-02,-4.365241088027242006e-02,2.770257529627906563e-03,3.311815975980117541e-03,-5.200000000000000178e-01,7.706007175495818151e-01,1.279375551173828063e-01,-5.522366259590278520e-02,-6.733904598847739731e-01,1.651792343666957485e+00,1.507140426176037662e-01,1.486034787629521903e+00,8.124885938604727853e-01,-7.413388975724259644e-02,1.568328405795399449e-01,-6.375352198618330357e-01,-1.628766376339624733e+00,1.253190033069614684e-01,-1.508290862196340676e+00
2.370000,0.000000000000000000e+00,0.000000000000000000e+00,1.758241802863770575e-01,5.350442741436326477e-01,1.896853870790648184e-17,8.448240199628046510e-01,1.896853870790648184e-17,-1.469526796252213774e-01,-1.345431361699873062e-02,4.474292279799130419e-03,1.727772434881464647e-01,6.413786779482957834e-02,1.390838073438975878e-02,-2.012617770013681306e-01,3.475699743685487647e-02,-1.498841877015629626e-02,2.917225159628901721e-01,-4.386928040506098136e-02,-4.364468105747074805e-02,2.770275380149835650e-03,3.311551047456254455e-03,-5.200000000000000178e-01,7.547692556038809730e-01,1.251871716536559487e-01,-5.414433736771051553e-02,-6.646953635878570799e-01,1.651808888424591171e+00,1.531431002245056128e-01,1.489655154394257774e+00,7.979468927656004906e-01,-6.788725068036986776e-02,1.527235159497503381e-01,-6.277540572752214887e-01,-1.627864154984121958e+00,1.235873784995796532e-01,-1.520873780029134981e+00
2.380000,0.000000000000000000e+00,0.000000000000000000e+00,1.758241802863770575e-01,5.302996256744288983e-01,1.944192163069050532e-17,8.478103013113019726e-01,1.944192163069050532e-17,-1.393233643697376067e-01,-1.348735767912997811e-02,4.371639227251352365e-03,1.568725345685697548e-01,7.228076913242914570e-02,1.390951205892768626e-02,-1.957371855456172538e-01,3.482726216322599988e-02,-1.479103151522241297e-02,2.801333709946834949e-01,-3.782011582487974227e-02,-4.363266351222943457e-02,2.770347904974543047e-03,3.311053637421045633e-03,-5.200000000000000178e-01,7.389312548945052850e-01,1.225152293748489468e-01,-5.297494862415649819e-02,-6.561768541359077611e-01,1.651771105188223565e+00,1.555563338169099197e-01,1.493111316993730897e+00,7.833671548081340141e-01,-6.172649687472295948e-02,1.485350087770446470e-01,-6.181717539210001000e-01,-1.626966772671889494e+00,1.218395953835796353e-01,-1.533259250231658655e+00
2.390000,0.000000000000000000e+00,0.000000000000000000e+00,1.758241802863770575e-01,5.255383101184644135e-01,1.991469350232736475e-17,8.507699363504971357e-01,1.991469350232736475e-17,-1.205325898151069081e-01,-1.356507365700409737e-02,4.117186710778686885e-03,1.171315167133229335e-01,9.307453732282107428e-02,1.390975754786563483e-02,-1.818140147824379715e-01,3.501158439981134213e-02,-1.429651986823889803e-02,2.505670188580264024e-01,-2.222591494167285714e-02,-4.361673843512012261e-02,2.768222513451097048e-03,3.317489144932035845e-03,-5.200000000000000178e-01,7.230645426329110892e-01,1.201641881464825534e-01,-5.145026691147745745e-02,-6.483735298209476472e-01,1.651491597385132293e+00,1.578905767681441363e-01,1.495862879909851673e+00,7.686369175708495094e-01,-5.588662497034399546e-02,1.440589338619604198e-01,-6.094100115164556852e-01,-1.626067182183553728e+00,1.200246214399143668e-01,-1.544782619226730436e+00
2.400000,0.000000000000000000e+00,0.000000000000000000e+00,1.758241802863770575e-01,5.207604771218176110e-01,2.038683946380260429e-17,8.537028320603470277e-01,2.038683946380260429e-17,-9.965355243588105982e-02,-1.360074000769206232e-02,3.816669236078855647e-03,7.159898592472156709e-02,1.179203599936487212e-01,1.386040451794457069e-02,-1.557241455922585283e-01,3.521266859831722468e-02,-1.332110844077689579e-02,1.938879258040925313e-01,8.530436945946275051e-03,-4.346068290602807943e-02,2.772354719317603189e-03,3.302312026282774957e-03,-5.200000000000000178e-01,7.070164857531641145e-01,1.198510495910047602e-01,-4.760114568464086232e-02,-6.451468183116199073e-01,1.649890366298046862e+00,1.598516748235454810e-01,1.494409300241472449e+00,7.529139473295155538e-01,-5.232660357678209362e-02,1.375015184016966652e-01,-6.057937381561342427e-01,-1.625344604006563554e+00,1.178133022642121330e-01,-1.551287317278921885e+00
2.410000,0.000000000000000000e+00,0.000000000000000000e+00,1.758241802863770575e-01,5.159662768497033092e-01,2.085834467577383284e-17,8.566088962612140589e-01,2.085834467577383284e-17,-9.640373482082814638e-02,-1.361404815847873026e-02,3.773010328730209539e-03,6.494231161271016295e-02,1.212234632719598609e-01,1.386210579827946467e-02,-1.512076730939116154e-01,3.526880586406812290e-02,-1.316022207020625494e-02,1.844004435662245367e-01,1.349358212597085577e-02,-4.345405717934344714e-02,2.772353937685073655e-03,3.302307895213188287e-03,-5.200000000000000178e-01,6.911824858788342407e-01,1.170787277162151641e-01,-4.657482298292747736e-02,-6.364143962453141512e-01,1.649963727789750090e+00,1.622707216794828655e-01,1.498056738993056136e+00,7.383938487472830881e-01,-4.606038351597430136e-02,1.334397363275926229e-01,-5.959787139789273214e-01,-1.624453814301379806e+00,1.160902679357318917e-01,-1.563915853823137692e+00
2.420000,0.000000000000000000e+00,0.000000000000000000e+00,1.758241802863770575e-01,5.111558599817522808e-01,2.132919431903719970e-17,8.594880376167636227e-01,2.132919431903719970e-17,-9.315391720577539947e-02,-1.362735630926539994e-02,3.729351421381565165e-03,5.828563730069903637e-02,1.245265665502708341e-01,1.386380707861435864e-02,-1.466912005955648968e-01,3.532494312981900725e-02,-1.299933569963562102e-02,1.749129613283569584e-01,1.845672730599521444e-02,-4.344743145265880790e-02,2.772353156052543687e-03,3.302303764143601616e-03,-5.200000000000000178e-01,6.753484860045050331e-01,1.143064058414256789e-01,-4.554850028121414096e-02,-6.276819741790087281e-01,1.650037089281453540e+00,1.646897685354201391e-01,1.501704177744639823e+00,7.238737501650512884e-01,-3.979416345516678666e-02,1.293779542534887472e-01,-5.861636898017208441e-01,-1.623563024596196280e+00,1.143672336072517337e-01,-1.576544390367353055e+00
2.430000,0.000000000000000000e+00,0.000000000000000000e+00,1.758241802863770575e-01,5.063293777072763735e-01,2.179937359499299813e-17,8.623401656368340218e-01,2.179937359499299813e-17,-8.990409959072249990e-02,-1.364066446005206788e-02,3.685692514032919056e-03,5.162896298868763223e-02,1.278296698285819599e-01,1.386550835894925088e-02,-1.421747280972180116e-01,3.538108039556990547e-02,-1.283844932906497843e-02,1.654254790904889638e-01,2.341987248601979515e-02,-4.344080572597417561e-02,2.772352374420013719e-03,3.302299633074014945e-03,-5.200000000000000178e-01,6.595144861301751593e-01,1.115340839666360828e-01,-4.452217757950076293e-02,-6.189495521127028610e-01,1.650110450773156989e+00,1.671088153913575236e-01,1.505351616496223732e+00,7.093536515828188227e-01,-3.352794339435899440e-02,1.253161721793847327e-01,-5.763486656245140338e-01,-1.622672234891012533e+00,1.126441992787715063e-01,-1.589172926911568862e+00
2.440000,0.000000000000000000e+00,0.000000000000000000e+00,1.758241802863770575e-01,5.014869817205155345e-01,2.226886772611096387e-17,8.651651906802811931e-01,2.226886772611096387e-17,-8.665428197566973911e-02,-1.365397261083873583e-02,3.642033606684275115e-03,4.497228867667651953e-02,1.311327731068929470e-01,1.386720963928414485e-02,-1.376582555988712930e-01,3.543721766132079676e-02,-1.267756295849434452e-02,1.559379968526214133e-01,2.838301766604415383e-02,-4.343417999928953638e-02,2.772351592787483752e-03,3.302295502004428274e-03,-5.200000000000000178e-01,6.436804862558459517e-01,1.087617620918465977e-01,-4.349585487778742654e-02,-6.102171300463974379e-01,1.650183812264860217e+00,1.695278622472947971e-01,1.508999055247807197e+00,6.948335530005870231e-01,-2.726172333355146582e-02,1.212543901052808709e-01,-5.665336414473075566e-01,-1.621781445185829007e+00,1.109211649502913344e-01,-1.601801463455784225e+00
2.450000,0.000000000000000000e+00,0.000000000000000000e+00,1.758241802863770575e-01,4.966288242158708455e-01,0.000000000000000000e+00,8.679630239577962314e-01,0.000000000000000000e+00,-8.340446436061683955e-02,-1.366728076162540551e-02,3.598374699335629007e-03,3.831561436466510845e-02,1.344358763852040728e-01,1.386891091961903882e-02,-1.331417831005244079e-01,3.549335492707168804e-02,-1.251667658792370366e-02,1.464505146147534187e-01,3.334616284606874148e-02,-4.342755427260490408e-02,2.772350811154953784e-03,3.302291370934841604e-03,-5.200000000000000178e-01,6.278464863815160779e-01,1.059894402170570016e-01,-4.246953217607404851e-02,-6.014847079800915708e-01,1.650257173756563667e+00,1.719469091032321817e-01,1.512646493999391106e+00,6.803134544183545573e-01,-2.099550327274367356e-02,1.171926080311768287e-01,-5.567186172701006353e-01,-1.620890655480645259e+00,1.091981306218111070e-01,-1.614430000000000032e+00
2.460000,0.000000000000000000e+00,0.000000000000000000e+00,1.758241802863770575e-01,5.062764489483421171e-01,2.180451736169647904e-17,8.623712409631113518e-01,2.180451736169647904e-17,-8.340446436061683955e-02,-1.366728076162540551e-02,3.598374699335629007e-03,3.831561436466510845e-02,1.344358763852040728e-01,1.386891091961903882e-02,-1.331417831005244079e-01,3.549335492707168804e-02,-1.251667658792370366e-02,1.464505146147534187e-01,3.334616284606874148e-02,-4.342755427260490408e-02,2.772350811154953784e-03,3.302291370934841604e-03,-5.200000000000000178e-01,6.141590295036569724e-01,1.065143949891008968e-01,-4.234333704344650506e-02,-5.767232401862845137e-01,1.652820003562371021e+00,1.705750854349264989e-01,1.501810999691826964e+00,6.677182769350709091e-01,-2.184789351360158852e-02,1.146051403612262098e-01,-5.376515682254408013e-01,-1.621071594217072365e+00,1.097546703195019929e-01,-1.600004268193938817e+00
2.470000,0.000000000000000000e+00,0.000000000000000000e+00,1.758241802863770575e-01,5.158611208876326959e-01,2.086866149082748906e-17,8.566722266751474191e-01,2.086866149082748906e-17,-1.768523610038435501e-01,-1.337674637462734663e-02,4.905458208179119470e-03,2.419288354365357052e-01,2.391453461782069856e-02,1.398777592356603011e-02,-2.250803002898986993e-01,3.449926843658544795e-02,-1.586596588389432849e-02,3.469528380444021343e-01,-7.531258878449913208e-02,-4.376758930306759443e-02,2.772625454195579934e-03,3.303407680788607737e-03,-5.199988988444580462e-01,5.945200355151424310e-01,1.077987250712975076e-01,-4.194915061929423844e-02,-5.601278225913337572e-01,1.659516065997103551e+00,1.698410556182040343e-01,1.476689996907742053e+00,6.513848439954682545e-01,-2.242108079900913264e-02,1.112748397337205430e-01,-5.261465001205191117e-01,-1.622707088428459343e+00,1.114171823915589554e-01,-1.574465424140175207e+00
2.480000,0.000000000000000000e+00,0.000000000000000000e+00,1.758241802863770575e-01,5.253816482305849744e-01,1.993021071250524341e-17,8.508666897361265580e-01,1.993021071250524341e-17,-2.217376406816712053e-01,-1.319543706260894143e-02,5.527812649098388757e-03,3.384634994875923009e-01,-2.809190442554210937e-02,1.404453680191169833e-02,-2.535806922309858380e-01,3.418460480156447490e-02,-1.692004495668523317e-02,4.091504659079976958e-01,-1.091244656133051605e-01,-4.393732308965386107e-02,2.772738132520908162e-03,3.303792642641635927e-03,-5.199985989048430124e-01,5.784262078818271924e-01,1.086915128153057575e-01,-4.172916315164854756e-02,-5.388146516634326755e-01,1.663728116814877644e+00,1.687013864211428515e-01,1.459926909952106167e+00,6.372274860627296089e-01,-2.319200912498582332e-02,1.083698842381214666e-01,-5.102982353357351508e-01,-1.623471362233536164e+00,1.124421742924076317e-01,-1.555336266433249737e+00
2.490000,0.000000000000000000e+00,0.000000000000000000e+00,1.758241802863770575e-01,5.348368471500826171e-01,1.898928171811023512e-17,8.449553520337977908e-01,1.898928171811023512e-17,-2.478745568566604884e-01,-1.309564157693675346e-02,5.898671518266554101e-03,3.863512097270780932e-01,-5.842214940218827535e-02,1.410214366497259189e-02,-2.749771232960473988e-01,3.395718696855136443e-02,-1.772427819297286294e-02,4.549614989072643945e-01,-1.343943228547593571e-01,-4.410007317693228485e-02,2.772836317544330551e-03,3.304084552911372603e-03,-5.199984329456476262e-01,5.626911339071957174e-01,1.095694348087540154e-01,-4.153569245931153231e-02,-5.170954383722937697e-01,1.667682233899317801e+00,1.675137323839579750e-01,1.443936190266645658e+00,6.232710469190039237e-01,-2.399565368115152281e-02,1.055024653002676754e-01,-4.940839186415414974e-01,-1.624145464401674843e+00,1.134124026255508566e-01,-1.536763634737045914e+00
2.500000,0.000000000000000000e+00,0.000000000000000000e+00,1.758241802863770575e-01,5.442255419422512563e-01,1.804599150717610552e-17,8.389389486116751726e-01,1.804599150717610552e-17,-2.779299752613840768e-01,-1.295675414866663544e-02,6.316963430576725408e-03,4.490846130901143818e-01,-9.276545493941282250e-02,1.415428151663281585e-02,-2.950270172013000902e-01,3.372001981063247472e-02,-1.847302738238318712e-02,4.980582887201529529e-01,-1.576595460716836150e-01,-4.424304033383456153e-02,2.772618763599999769e-03,3.303146776595987464e-03,-5.199993788182518673e-01,5.472940002518476010e-01,1.104266961283389969e-01,-4.136973397194143587e-02,-4.949953385486552948e-01,1.671400591765387356e+00,1.662841662646321050e-01,1.428669747579704108e+00,6.095092616638182470e-01,-2.482746133368934904e-02,1.026729064010282466e-01,-4.775191303821017530e-01,-1.624734427617924304e+00,1.143292121720257404e-01,-1.518724179493454507e+00
2.510000,0.000000000000000000e+00,0.000000000000000000e+00,1.758241802863770575e-01,5.535465651726544367e-01,1.710045737284108938e-17,8.328182275776366827e-01,1.710045737284108938e-17,-2.990456816072398216e-01,-1.286171861076844739e-02,6.615632536539273710e-03,4.962380281332775533e-01,-1.167595175682130532e-01,1.420279653602102288e-02,-3.111087684932224984e-01,3.353007243753879790e-02,-1.907889771272995236e-02,5.326934462654280278e-01,-1.760140098351087312e-01,-4.437143897496778622e-02,2.772492576355139061e-03,3.302676886930371210e-03,-5.199997793563307935e-01,5.322271430526218650e-01,1.112600938753283975e-01,-4.122698532730229015e-02,-4.725054211093387413e-01,1.674886132867780208e+00,1.650176460301806813e-01,1.414132255234650248e+00,5.959426107584997467e-01,-2.568348107643707648e-02,9.988225129970572380e-02,-4.605962491936222980e-01,-1.625241689446824012e+00,1.151930035820945969e-01,-1.501228899750549184e+00
2.520000,0.000000000000000000e+00,0.000000000000000000e+00,1.758241802863770575e-01,5.627987578214542763e-01,1.615279688726350822e-17,8.265939500109036331e-01,1.615279688726350822e-17,-3.147981114189831731e-01,-1.279236602148438491e-02,6.841636627574551252e-03,5.331618267234141673e-01,-1.343694931222224886e-01,1.424577885366934242e-02,-3.240102210772152214e-01,3.337758059623617546e-02,-1.956855554652622842e-02,5.603789660922459115e-01,-1.903762179908158325e-01,-4.448329082417015051e-02,2.772425098833475928e-03,3.302458410589816790e-03,-5.199999311176861649e-01,5.174727953628103228e-01,1.120652850895942632e-01,-4.110606095869794030e-02,-4.496374791758852574e-01,1.678154286000324680e+00,1.637187730897427251e-01,1.400293679868381380e+00,5.825655560775448993e-01,-2.655957906101392985e-02,9.713039185115716900e-02,-4.433225083961894186e-01,-1.625671862594406214e+00,1.160048282196795566e-01,-1.484264901231321154e+00
2.530000,0.000000000000000000e+00,0.000000000000000000e+00,1.758241802863770575e-01,5.719809694275306278e-01,1.520312788700221176e-17,8.202668898674031484e-01,1.520312788700221176e-17,-3.255370395552694696e-01,-1.274668533679865906e-02,6.997578099248408061e-03,5.516975597490716421e-01,-1.458365445224428236e-01,1.428039537804420660e-02,-3.336842749119415807e-01,3.326751874439644319e-02,-1.994058893664438920e-02,5.798786623558386255e-01,-2.007214897487545613e-01,-4.457864468107785444e-02,2.772429697166644592e-03,3.302460653362086773e-03,-5.199999460311690580e-01,5.030143119066977642e-01,1.128383272221378936e-01,-4.100486670268024825e-02,-4.263998633925754622e-01,1.681218634569033421e+00,1.623914034423027675e-01,1.387128912758706312e+00,5.693727044982612728e-01,-2.745183237827031331e-02,9.441698938554263232e-02,-4.257030460605617517e-01,-1.626029391093153809e+00,1.167655745730878658e-01,-1.467821850567964770e+00
2.540000,0.000000000000000000e+00,0.000000000000000000e+00,1.758241802863770575e-01,5.810920582315360905e-01,1.425156845836414915e-17,8.138378338835305925e-01,1.425156845836414915e-17,-3.345636155525215094e-01,-1.270783721315264098e-02,7.129689657220795833e-03,5.747412008482439827e-01,-1.552393527856410493e-01,1.430978755449135997e-02,-3.416984795717309953e-01,3.317006504305431563e-02,-2.024662351391382994e-02,5.966596420608125673e-01,-2.089066226835419038e-01,-4.465282499779846259e-02,2.772392144050848332e-03,3.302361572641169044e-03,-5.199999899329235120e-01,4.888353220699795942e-01,1.135751933793391205e-01,-4.092144149171047379e-02,-4.028034465101483774e-01,1.684093768653289969e+00,1.610386768566765825e-01,1.374610196631591785e+00,5.563583502970429473e-01,-2.835649435994308520e-02,9.174142492791816095e-02,-4.077446117322379715e-01,-1.626318643800294339e+00,1.174759633385901586e-01,-1.451887250016326680e+00
2.550000,0.000000000000000000e+00,0.000000000000000000e+00,1.758241802863770575e-01,5.901308913178658910e-01,1.329823692272109136e-17,8.073075814783242654e-01,1.329823692272109136e-17,-3.405961444955720729e-01,-1.268103218683909461e-02,7.217518375686446386e-03,5.851700474296707144e-01,-1.608955743159014851e-01,1.432983268890937988e-02,-3.473019567002431085e-01,3.310233791562435662e-02,-2.046169664271256516e-02,6.073410010983387730e-01,-2.141093551539952622e-01,-4.470772173447508380e-02,2.772393022431987424e-03,3.302360595141812412e-03,-5.199999978776513876e-01,4.749202265109193632e-01,1.142727163891891912e-01,-4.085268142712034090e-02,-3.788517950465759565e-01,1.686790855029825620e+00,1.596633966699519958e-01,1.362718646286543267e+00,5.435167903604617434e-01,-2.927002795557656981e-02,8.910287155388545155e-02,-3.894497053972078571e-01,-1.626543911405565979e+00,1.181367463530868384e-01,-1.436453461030974932e+00
2.560000,0.000000000000000000e+00,0.000000000000000000e+00,1.758241802863770575e-01,5.990963447555317511e-01,1.234325182179681143e-17,8.006769446540602519e-01,1.234325182179681143e-17,-3.445725679768117389e-01,-1.266224204191930894e-02,7.274816616743305653e-03,5.915182139863073285e-01,-1.640556239331406041e-01,1.434205647591766004e-02,-3.509706903588165616e-01,3.305554491972651637e-02,-2.060134763492008428e-02,6.137633405263273056e-01,-2.169410171115595809e-01,-4.474162006247521528e-02,2.772393501446007279e-03,3.302359033207101936e-03,-5.200000000000000178e-01,4.612534111695054118e-01,1.149276639290191110e-01,-4.079571866315726686e-02,-3.545511377356257987e-01,1.689322237744919519e+00,1.582678684831294591e-01,1.351432250784631250e+00,5.308419009700462432e-01,-3.018906851129964444e-02,8.650024108594889238e-02,-3.708225875849013309e-01,-1.626709447735085856e+00,1.187485770638357918e-01,-1.421510369090568382e+00
2.570000,0.000000000000000000e+00,0.000000000000000000e+00,1.758241802863770575e-01,6.079873037379148748e-01,1.138673190292726156e-17,7.939467478952857427e-01,1.138673190292726156e-17,-3.464234799288569699e-01,-1.265231519840407000e-02,7.300714051414481862e-03,5.937365044201361464e-01,-1.647022807738411643e-01,1.434640537446532985e-02,-3.527085884711914643e-01,3.303027896014201076e-02,-2.066560157705425727e-02,6.160005876697204341e-01,-2.174681708814827086e-01,-4.475422168562313840e-02,2.772393633752199757e-03,3.302357027353416095e-03,-5.200000000000000178e-01,4.478195046780683031e-01,1.155371808290449193e-01,-4.074730832292704913e-02,-3.299054653576063978e-01,1.691699260985278119e+00,1.568541109559220548e-01,1.340731617928038855e+00,5.183273156240069124e-01,-3.111044423892085284e-02,8.393222505290118263e-02,-3.518663282209043563e-01,-1.626819448451786387e+00,1.193121065939087566e-01,-1.407048926296130098e+00
2.580000,0.000000000000000000e+00,0.000000000000000000e+00,1.758241802863770575e-01,6.168026627213875068e-01,1.042879610429484417e-17,7.871178280662980420e-01,1.042879610429484417e-17,-3.460993301784102139e-01,-1.265177234488271824e-02,7.294595654874888764e-03,5.917994234800280084e-01,-1.628428825299129135e-01,1.434285276231029270e-02,-3.524946477481997187e-01,3.302727354468449478e-02,-2.065372864922730353e-02,6.140732900059712174e-01,-2.157310577772377225e-01,-4.474537365867368305e-02,2.772393455582065729e-03,3.302354675445866739e-03,-5.200000000000000178e-01,4.346033032877387736e-01,1.160986665709694693e-01,-4.070401627924939009e-02,-3.049177260199498751e-01,1.693932832111641362e+00,1.554238930306847677e-01,1.330598557060218567e+00,5.059664078220291739e-01,-3.203117390371077594e-02,8.139730426595864765e-02,-3.325835063563830629e-01,-1.626878045435573128e+00,1.198279742127319331e-01,-1.393060326454863329e+00
2.590000,0.000000000000000000e+00,0.000000000000000000e+00,1.758241802863770575e-01,6.255413255627816360e-01,9.469563540139052617e-18,7.801910343070844744e-01,9.469563540139052617e-18,-3.435804627611800943e-01,-1.266071514942312785e-02,7.256219270719645870e-03,5.857182665518251286e-01,-1.585216972417562986e-01,1.433139302921321474e-02,-3.502845789942903298e-01,3.304735864849182164e-02,-2.056429504325030244e-02,6.079515643639569200e-01,-2.117451222850239012e-01,-4.471506731610015717e-02,2.772392984396151658e-03,3.302352036025156101e-03,-5.200000000000000178e-01,4.215897612013471130e-01,1.166097658524334890e-01,-4.066224101798680823e-02,-2.795898161436700113e-01,1.696033438451181707e+00,1.539787960448092685e-01,1.321016078373009606e+00,4.937523129542771838e-01,-3.294846740709757305e-02,7.889376479419436816e-02,-3.129761944399454543e-01,-1.626889300762023316e+00,1.202968173432538146e-01,-1.379536040297759447e+00
2.600000,0.000000000000000000e+00,0.000000000000000000e+00,1.758241802863770575e-01,6.342022056556870790e-01,8.509153485945361104e-18,7.731672279277373994e-01,8.509153485945361104e-18,-3.388705476086956159e-01,-1.267886762480514504e-02,7.185632782029553051e-03,5.755314318218293090e-01,-1.518106034449979713e-01,1.431204577915823686e-02,-3.460095782129475328e-01,3.309145126438538254e-02,-2.039511393543850387e-02,5.975520015824824505e-01,-2.054989756422574698e-01,-4.466343997743543043e-02,2.772392216012670683e-03,3.302349130168599420e-03,-5.200000000000000178e-01,4.087639731210226945e-01,1.170683591711151050e-01,-4.061823141003145787e-02,-2.539225647126216456e-01,1.698011164070257761e+00,1.525202701325297505e-01,1.311968390780726468e+00,4.816779460310411376e-01,-3.385972547785381231e-02,7.641971265413383119e-02,-2.930459412010344433e-01,-1.626857201534295028e+00,1.207192809903053637e-01,-1.366467848035756161e+00
2.610000,0.000000000000000000e+00,0.000000000000000000e+00,1.758241802863770575e-01,6.427842260655662887e-01,7.547685363613907866e-18,7.660472823013544375e-01,7.547685363613907866e-18,-3.310003333471440712e-01,-1.271056904080563980e-02,7.068672771451503176e-03,5.525287908039727691e-01,-1.415458658774596257e-01,1.428320153521099242e-02,-3.391296438601384411e-01,3.316981469815186157e-02,-2.012853987130500469e-02,5.809967766723689309e-01,-1.964360822193976230e-01,-4.459205659821408041e-02,2.772438657197029768e-03,3.302420889690884254e-03,-5.200000000000000178e-01,3.961107960718336929e-01,1.174725788075739602e-01,-4.056795669235387786e-02,-2.279140978096013959e-01,1.699875325781806890e+00,1.510497372288779894e-01,1.303442242783087845e+00,4.697358154742936054e-01,-3.476254464055712062e-02,7.397302767440443183e-02,-2.727927433964567050e-01,-1.626785618004888967e+00,1.210960661041421832e-01,-1.353848720095713221e+00
2.620000,0.000000000000000000e+00,0.000000000000000000e+00,1.758241802863770575e-01,6.512863196636664576e-01,6.585278726609897349e-18,7.588320827554383419e-01,6.585278726609897349e-18,-3.211336965389335885e-01,-1.275148992429266277e-02,6.924360322930924252e-03,5.344093977272632578e-01,-1.294114546207979222e-01,1.424906777916301256e-02,-3.303487357345415987e-01,3.326613175339129813e-02,-1.978782872018702843e-02,5.617706045131822812e-01,-1.854472224644670708e-01,-4.449880962700779319e-02,2.772436226843664597e-03,3.302411831959238802e-03,-5.200000000000000178e-01,3.836162004504811707e-01,1.178206853637888823e-01,-4.050769613734717806e-02,-2.015662875367437989e-01,1.701636047405122643e+00,1.495684268624756230e-01,1.295421477497584517e+00,4.579188161722155814e-01,-3.565469026105378553e-02,7.155160934123522276e-02,-2.522190893637518139e-01,-1.626678450888712435e+00,1.214277791085168756e-01,-1.341669393284621536e+00
2.630000,0.000000000000000000e+00,0.000000000000000000e+00,1.758241802863770575e-01,6.597074292597082668e-01,5.622053245098057257e-18,7.515225264618133894e-01,5.622053245098057257e-18,-3.059439948913540430e-01,-1.281870510810857733e-02,6.706095142576568198e-03,4.973541416858742736e-01,-1.114058046937283913e-01,1.420632997895325197e-02,-3.180097779598684005e-01,3.341211402995961088e-02,-1.931846303692951600e-02,5.342173329699603235e-01,-1.706964557182294451e-01,-4.438832199964496544e-02,2.772530312918838891e-03,3.302550336245350156e-03,-5.200000000000000178e-01,3.712643730764723649e-01,1.181112359790946476e-01,-4.043284960632265168e-02,-1.748712934531738705e-01,1.703301129625386157e+00,1.480778448035813821e-01,1.287898299034290650e+00,4.462186072862924791e-01,-3.653414210692385727e-02,6.915289149600592489e-02,-2.313214361670460073e-01,-1.626539288568914499e+00,1.217152461340785113e-01,-1.329925618414603772e+00
2.640000,0.000000000000000000e+00,0.000000000000000000e+00,1.758241802863770575e-01,6.680465077333468393e-01,4.658128691061739767e-18,7.441195223250627322e-01,4.658128691061739767e-18,-2.850241516582600609e-01,-1.291462373060138676e-02,6.410601452487561455e-03,4.503154399578084277e-01,-8.734883375110648329e-02,1.415788350716943277e-02,-3.021196632691081629e-01,3.360312429744882062e-02,-1.872032298000635836e-02,4.997132521761507018e-01,-1.522776083403631908e-01,-4.426031464317541769e-02,2.772714014061390415e-03,3.302828154489016906e-03,-5.200000000000000178e-01,3.590405988916560154e-01,1.183428439207701022e-01,-4.033911751318633443e-02,-1.478247336953097679e-01,1.704879204782342672e+00,1.465793788281258003e-01,1.280862288217859746e+00,4.346272757069922221e-01,-3.739903543485353921e-02,6.677434232309135964e-02,-2.100984394270838385e-01,-1.626371709852231895e+00,1.219591809175708391e-01,-1.318611254337952232e+00
2.650000,0.000000000000000000e+00,0.000000000000000000e+00,1.758241802863770575e-01,6.763025181643697037e-01,3.693624923410571943e-18,7.366239908695156879e-01,3.693624923410571943e-18,-2.548168556946024954e-01,-1.305731801899934728e-02,5.991188682085799889e-03,3.879272380731962344e-01,-5.340935370673807747e-02,1.410560035826871617e-02,-2.818148186492458462e-01,3.384975160545512091e-02,-1.796401615777305089e-02,4.566570350158021818e-01,-1.292994834280751515e-01,-4.411665887445944539e-02,2.773042049138022512e-03,3.303347208365505286e-03,-5.200000000000000178e-01,3.469296553467535738e-01,1.185142027776517337e-01,-4.022178738536926618e-02,-1.204176113988213309e-01,1.706377915675410417e+00,1.450745662771387168e-01,1.274307283642280408e+00,4.231364585913014453e-01,-3.824767275465663918e-02,6.441318775024090781e-02,-1.885457186504874427e-01,-1.626179050528594683e+00,1.221603232908028691e-01,-1.307722827261993848e+00
2.660000,0.000000000000000000e+00,0.000000000000000000e+00,1.758241802863770575e-01,6.844744339616348761e-01,2.728661873076434229e-18,7.290368641247845227e-01,2.728661873076434229e-18,-2.280680132919284397e-01,-1.316284264884791562e-02,5.612705793774126241e-03,3.405480201546733920e-01,-2.392783702812581806e-02,1.404756513064377328e-02,-2.596860384851215064e-01,3.409363103712537840e-02,-1.713514704790360457e-02,4.108530129196587000e-01,-1.047347678690172118e-01,-4.395189727635766958e-02,2.772931602440104060e-03,3.303133521805093689e-03,-5.200000000000000178e-01,3.349217728514287673e-01,1.186253117657962569e-01,-4.007893644957015444e-02,-9.267281891878208222e-02,1.707810772106448605e+00,1.435643681353140355e-01,1.268199143347922497e+00,4.117408836624731894e-01,-3.907860305581931093e-02,6.206785706098045391e-02,-1.666819285122750904e-01,-1.625966113193209051e+00,1.223194978822035456e-01,-1.297236150298652024e+00
2.670000,0.000000000000000000e+00,0.000000000000000000e+00,1.758241802863770575e-01,6.925612389907261912e-01,1.763359528100068158e-18,7.213590855098660493e-01,1.763359528100068158e-18,-1.821566067068969841e-01,-1.335257366502278116e-02,4.977330234531127454e-03,2.445068207597469179e-01,2.664761795492795460e-02,1.398996405482228096e-02,-2.299569056000151657e-01,3.443150681602565044e-02,-1.603883452124814021e-02,3.486362125564567704e-01,-7.212079353548121741e-02,-4.377865100891614736e-02,2.772785785940116640e-03,3.302891501443394259e-03,-5.200000000000000178e-01,3.229989169527596182e-01,1.186750297525995534e-01,-3.990430617116742101e-02,-6.456287837210804292e-02,1.709181382967149831e+00,1.420510551490411499e-01,1.262548194993497575e+00,4.004302686987901150e-01,-3.989051245860935485e-02,5.973476442011148996e-02,-1.444903611619203498e-01,-1.625735336910737461e+00,1.224376846710445998e-01,-1.287158617349785983e+00
2.680000,0.000000000000000000e+00,0.000000000000000000e+00,1.758241802863770575e-01,7.005619277002983480e-01,7.978379187119701926e-19,7.135916097158387927e-01,7.978379187119701926e-19,-8.340446436061683955e-02,-1.366728076162540551e-02,3.598374699335629007e-03,3.831561436466510845e-02,1.344358763852040728e-01,1.386891091961903882e-02,-1.331417831005244079e-01,3.549335492707168804e-02,-1.251667658792370366e-02,1.464505146147534187e-01,3.334616284606874148e-02,-4.342755427260490408e-02,2.772350811154953784e-03,3.302291370934841604e-03,-5.200000000000000178e-01,3.130349781907490470e-01,1.180633999740667989e-01,-3.956704412564056306e-02,-3.197094872251660114e-02,1.709202259290131920e+00,1.403949647322007832e-01,1.263430124925411846e+00,3.906243723028249848e-01,-4.060047881247613732e-02,5.768085162231129798e-02,-1.181764892429146840e-01,-1.625052246418470236e+00,1.219985436687017893e-01,-1.282638168460582762e+00
2.690000,0.000000000000000000e+00,0.000000000000000000e+00,1.758241802863770575e-01,7.084755052471223280e-01,0.000000000000000000e+00,7.057354025871416248e-01,0.000000000000000000e+00,-8.340446436061683955e-02,-1.366728076162540551e-02,3.598374699335629007e-03,3.831561436466510845e-02,1.344358763852040728e-01,1.386891091961903882e-02,-1.331417831005244079e-01,3.549335492707168804e-02,-1.251667658792370366e-02,1.464505146147534187e-01,3.334616284606874148e-02,-4.342755427260490408e-02,2.772350811154953784e-03,3.302291370934841604e-03,-5.200000000000000178e-01,2.993475213128898860e-01,1.185883547461106940e-01,-3.944084899301301961e-02,-7.209480928709557923e-03,1.711765089095939274e+00,1.390231410638951004e-01,1.252594630617847704e+00,3.780291948195413365e-01,-4.145286905333405575e-02,5.509338395236067221e-02,-9.910944019825478069e-02,-1.625233185154897342e+00,1.225550833663926753e-01,-1.268212436654521547e+00
2.700000,0.000000000000000000e+00,0.000000000000000000e+00,1.825365343077990365e-01,7.113169110611236023e-01,0.000000000000000000e+00,7.028714335057739682e-01,0.000000000000000000e+00,-8.359626618984375424e-02,-1.366947749849199874e-02,3.602037623585021935e-03,3.875920448357358244e-02,1.341636350532922906e-01,1.387223560117264651e-02,-1.337930637833353587e-01,3.549360469126617429e-02,-1.254277335439708992e-02,1.478692079027342787e-01,3.256346984285648366e-02,-4.343727409844171106e-02,2.711407075477684312e-03,3.194261554539794181e-03,-5.193555261316815663e-01,2.767090079443967898e-01,1.182565708502395091e-01,-3.581528187181957923e-02,2.147735042934076702e-02,1.710402781735832489e+00,1.399907131526031134e-01,1.258848483762770920e+00,3.512623412399901168e-01,-4.043180844290322068e-02,5.105583837735188507e-02,-7.207562205351408791e-02,-1.624667870122209035e+00,1.249045130400172204e-01,-1.269219020690350863e+00
2.710000,0.000000000000000000e+00,0.000000000000000000e+00,1.892488883292207380e-01,7.141467395480380898e-01,0.000000000000000000e+00,6.999960245550733706e-01,0.000000000000000000e+00,-8.412853972105321931e-02,-1.367132741064680350e-02,3.610679215121938377e-03,3.993063561156182106e-02,1.334971830059616116e-01,1.387661144130201800e-02,-1.353722945288237389e-01,3.548415412448691769e-02,-1.260253638064939841e-02,1.512616452276022705e-01,3.073286509088743457e-02,-4.344926140151892519e-02,2.653274984510461173e-03,3.134136702151363568e-03,-5.190056523364258156e-01,2.366903578638631378e-01,1.176371796271485359e-01,-2.921031173200366524e-02,7.578958675104244258e-02,1.707631492405515594e+00,1.418808024924441136e-01,1.273641665168058212e+00,3.047002912861322410e-01,-3.906267538703777492e-02,4.362375266995616174e-02,-2.049391093985042725e-02,-1.623049898221877729e+00,1.288875699410553244e-01,-1.275121845422230837e+00
2.720000,0.000000000000000000e+00,0.000000000000000000e+00,1.959612423506427170e-01,7.169649446498230771e-01,0.000000000000000000e+00,6.971092225349456717e-01,0.000000000000000000e+00,-8.490150417160903518e-02,-1.367116477525791643e-02,3.622203081899337193e-03,4.159363001918973263e-02,1.325874408301503937e-01,1.387968907431340153e-02,-1.373718709515728553e-01,3.546551588363994895e-02,-1.267586981486296289e-02,1.555262260036314736e-01,2.845904408750184536e-02,-4.345678787730163778e-02,2.650613021117337927e-03,3.120508551835875742e-03,-5.187942334267963140e-01,1.969759292486897573e-01,1.171124565250697414e-01,-2.236544799022627608e-02,1.317896004098622065e-01,1.704516470304919817e+00,1.440039261472260967e-01,1.291833883809404337e+00,2.601159967232877235e-01,-3.812300040400834478e-02,3.593299715012308188e-02,3.240837044143974471e-02,-1.620798492871353691e+00,1.329078695912249419e-01,-1.284526695637266513e+00
2.730000,0.000000000000000000e+00,0.000000000000000000e+00,2.026735963720644185e-01,7.197714804976288461e-01,0.000000000000000000e+00,6.942110744307177228e-01,0.000000000000000000e+00,-8.579609943155706853e-02,-1.366939395698003532e-02,3.634968279962653460e-03,4.349806882236739031e-02,1.315658957029875453e-01,1.388142648729988153e-02,-1.393633038916545219e-01,3.544341384974825093e-02,-1.274765310881096660e-02,1.597567321539388741e-01,2.621820054171238382e-02,-4.346027880205486499e-02,2.485795074937983615e-03,3.035264666927756268e-03,-5.185907173451946850e-01,1.578886668379518854e-01,1.167714382606450108e-01,-1.569622917410063226e-02,1.859014613267300498e-01,1.701439817558620948e+00,1.462671257065173980e-01,1.311378670718147399e+00,2.137193520434687577e-01,-3.729805565727170591e-02,2.777023787822968312e-02,8.960576436596384697e-02,-1.617990129781630593e+00,1.363375495205545740e-01,-1.297694707280557136e+00
2.740000,0.000000000000000000e+00,0.000000000000000000e+00,2.093859503934863975e-01,7.225663014125510708e-01,0.000000000000000000e+00,6.913016274123666705e-01,0.000000000000000000e+00,-8.667688791395034009e-02,-1.366668979214993168e-02,3.647187666792842814e-03,4.536114516223533483e-02,1.305788159095340184e-01,1.388203219208868078e-02,-1.410000963067010449e-01,3.542314567003870124e-02,-1.280589953716242298e-02,1.632228801420743114e-01,2.439147744445389204e-02,-4.346078677507837079e-02,2.283932299500022241e-03,2.939591324933041490e-03,-5.183536338245746666e-01,1.197224190477836347e-01,1.164998788511203004e-01,-9.035666053602578462e-03,2.414323037198115307e-01,1.698293903955336637e+00,1.486868749934961986e-01,1.332779839015062251e+00,1.676562318766467996e-01,-3.678368514956488478e-02,1.947093705295613666e-02,1.493308378019644889e-01,-1.614680781906644658e+00,1.394449991670196898e-01,-1.313616825064327420e+00
2.750000,0.000000000000000000e+00,0.000000000000000000e+00,2.160983044149080989e-01,7.253493619063462461e-01,0.000000000000000000e+00,6.883809288337792154e-01,0.000000000000000000e+00,-8.810970312650359682e-02,-1.366077852227402627e-02,3.666513219064606883e-03,4.838698915808080370e-02,1.289884671055606391e-01,1.388128488386743478e-02,-1.428831127638961473e-01,3.539644593051835542e-02,-1.287167887773466544e-02,1.672028156550217637e-01,2.230399052156872494e-02,-4.345751274367719297e-02,2.302403514452996437e-03,2.978636277682736831e-03,-5.189243161494304646e-01,7.439867981467362945e-02,1.161296604024918966e-01,-1.198620000652313774e-03,3.214230234227464789e-01,1.694319519563629584e+00,1.515537947514095374e-01,1.360978501621651127e+00,1.182276508164440548e-01,-3.666458638075970056e-02,1.024567884876125684e-02,2.208093434126003340e-01,-1.610583559717151170e+00,1.425781227379444571e-01,-1.334721563860170601e+00
2.760000,0.000000000000000000e+00,0.000000000000000000e+00,2.228106584363298004e-01,7.281206166821830861e-01,0.000000000000000000e+00,6.854490262319711258e-01,0.000000000000000000e+00,-8.844715764113442180e-02,-1.365851905888062871e-02,3.670746638620090308e-03,4.908385730097793859e-02,1.286356540093959444e-01,1.388010753342261254e-02,-1.429261729315159379e-01,3.539316329815948153e-02,-1.287220930024741625e-02,1.672749586339218886e-01,2.228019312963939319e-02,-4.345429693725053749e-02,2.086019558171937644e-03,2.852403038389891409e-03,-5.186187503122349218e-01,3.470929383402069496e-02,1.160958923530473891e-01,5.950349248156291265e-03,3.835107347513979636e-01,1.690839476742483471e+00,1.542452202391473293e-01,1.386728180252767784e+00,7.176119966009493478e-02,-3.663144620685419850e-02,1.235062982025634300e-03,2.872255549574342370e-01,-1.606418962096745950e+00,1.452346027151443786e-01,-1.356246433659128225e+00
2.770000,0.000000000000000000e+00,0.000000000000000000e+00,2.295230124577517794e-01,7.308800206353801565e-01,0.000000000000000000e+00,6.825059673263131899e-01,0.000000000000000000e+00,-8.823647019745120557e-02,-1.365767407569915340e-02,3.667276712175793294e-03,4.861567175793465867e-02,1.289045521901798774e-01,1.387822848013289118e-02,-1.420411887099420067e-01,3.540040464034278217e-02,-1.283936733722493111e-02,1.653763700374521750e-01,2.329951708422244375e-02,-4.344958186160636365e-02,1.798108248810373648e-03,2.685867292256071542e-03,-5.181580808619142831e-01,-5.167409620841697040e-03,1.162451096530408151e-01,1.330441557390438755e-02,4.451685653226313821e-01,1.687226272920796299e+00,1.570608206835238663e-01,1.414397292633249315e+00,2.411880375354212222e-02,-3.687701016458453523e-02,-8.288365646753214147e-03,3.577974279304449445e-01,-1.601753716267553918e+00,1.476199917313255616e-01,-1.380955738200464022e+00
2.780000,0.000000000000000000e+00,0.000000000000000000e+00,2.362353664791734809e-01,7.336275288541372896e-01,0.000000000000000000e+00,6.795518000177558360e-01,0.000000000000000000e+00,-8.776069249418161355e-02,-1.365706417440526628e-02,3.659918694049815735e-03,4.758570279871872366e-02,1.294755748248385130e-01,1.387549241275043768e-02,-1.404398048777763530e-01,3.541508027613966131e-02,-1.278052840342472178e-02,1.619587499370011563e-01,2.512318770286879957e-02,-4.344297724055375121e-02,1.810107302516068438e-03,2.693411419837100571e-03,-5.184658603657529286e-01,-5.444128613922451232e-02,1.164405631887437120e-01,2.249719819820093086e-02,5.366098948510170663e-01,1.682587600157446017e+00,1.603788770954362175e-01,1.450912927527271634e+00,-2.755777373032519684e-02,-3.765244763934719185e-02,-1.900621575055425408e-02,4.394547646381518624e-01,-1.596401207944210476e+00,1.499786202237249344e-01,-1.411235145668279900e+00
2.790000,0.000000000000000000e+00,0.000000000000000000e+00,2.429477205005954876e-01,7.363630966202695527e-01,0.000000000000000000e+00,6.765865723880482019e-01,0.000000000000000000e+00,-8.615235115101604890e-02,-1.366027759340015559e-02,3.636985383334369153e-03,4.415641003207435022e-02,1.313173565194594439e-01,1.387238211019723583e-02,-1.374756557725749784e-01,3.544617405863646070e-02,-1.267308203636438591e-02,1.556540750618407021e-01,2.847014654868506439e-02,-4.343564162116698296e-02,1.782530802304829612e-03,2.671925353160387994e-03,-5.185607631332712630e-01,-1.056813633260441226e-01,1.169657071150165678e-01,3.241834142754598108e-02,6.308918054474363935e-01,1.677670560536230759e+00,1.638650182329753624e-01,1.491312897493803469e+00,-8.128340592785002205e-02,-3.887135660493994810e-02,-3.051249149993234822e-02,5.264281104716485027e-01,-1.590516242190668006e+00,1.519482723262152724e-01,-1.445569083484856021e+00
2.800000,0.000000000000000000e+00,0.000000000000000000e+00,2.496600745220171613e-01,7.390866794099348880e-01,0.000000000000000000e+00,6.736103326989546503e-01,0.000000000000000000e+00,-8.340446436061683955e-02,-1.366728076162540551e-02,3.598374699335629007e-03,3.831561436466510845e-02,1.344358763852040728e-01,1.386891091961903882e-02,-1.331417831005244079e-01,3.549335492707168804e-02,-1.251667658792370366e-02,1.464505146147534187e-01,3.334616284606874148e-02,-4.342755427260490408e-02,2.772350811154953784e-03,3.302291370934841604e-03,-5.200000000000000178e-01,-1.784200110104822434e-01,1.171773243678382731e-01,4.876611732870902299e-02,7.723878919175317659e-01,1.671540749108451518e+00,1.675902562604643653e-01,1.555941867884280683e+00,-1.407084259296003947e-01,-3.920761532126147003e-02,-4.812889180813774426e-02,6.272580858787728531e-01,-1.588307915654672664e+00,1.518097127214441677e-01,-1.487178519640823371e+00
2.810000,0.000000000000000000e+00,0.000000000000000000e+00,2.496600745220171613e-01,7.359575832994944555e-01,2.411567445599191336e-19,6.770276475772372127e-01,2.411567445599191336e-19,-8.409815722532064386e-02,-1.367394511489223967e-02,3.611147643518889099e-03,3.972209940786823601e-02,1.336577313192698624e-01,1.387945357556560205e-02,-1.352896002775106910e-01,3.549321790007786692e-02,-1.260237263802601801e-02,1.509431408315026479e-01,3.095231504981758863e-02,-4.345847140252644125e-02,3.093028257076472359e-03,3.572479828794358596e-03,-5.200000000000000178e-01,-1.239502779118029224e-01,1.151604917450387289e-01,3.581457837357928525e-02,6.842168198426162862e-01,1.675874144479087668e+00,1.662879855720504618e-01,1.520290746517818370e+00,-9.223216749278845272e-02,-3.780381356385268538e-02,-3.492553689720028637e-02,5.438015075762511197e-01,-1.594535312715072983e+00,1.521906977123077265e-01,-1.449693280491695102e+00
2.820000,0.000000000000000000e+00,0.000000000000000000e+00,2.496600745220171613e-01,7.328126867070964279e-01,4.823083116573317059e-19,6.804304271570510432e-01,4.823083116573317059e-19,-8.609605720657202699e-02,-1.368002131404321906e-02,3.643302136143913156e-03,4.389252129751651521e-02,1.313897011951799809e-01,1.389490179674232780e-02,-1.409268232567056633e-01,3.545866353824549122e-02,-1.281568594784818216e-02,1.628342394663621628e-01,2.463902100001787859e-02,-4.350093546560961782e-02,3.295431260139086629e-03,3.742618665128879564e-03,-5.200000000000000178e-01,-6.168156686570492458e-02,1.130461848686530463e-01,2.090494752977220885e-02,5.670921714448188267e-01,1.680538252638203778e+00,1.641357262584675625e-01,1.463561950622945140e+00,-3.954974218670880698e-02,-3.531676539133424969e-02,-1.997806047781703481e-02,4.400062750501851916e-01,-1.601972640105940870e+00,1.535480706755850966e-01,-1.396285318742333859e+00
2.830000,0.000000000000000000e+00,0.000000000000000000e+00,2.496600745220171613e-01,7.296520571514139020e-01,7.234495239408900543e-19,6.838185983831602810e-01,7.234495239408900543e-19,-8.947910225992845856e-02,-1.367879414080240899e-02,3.693664293939048163e-03,5.104291412864386812e-02,1.275419987039649317e-01,1.390793597412780767e-02,-1.490662308938506542e-01,3.538209213954483789e-02,-1.311470200247089567e-02,1.800733581498980274e-01,1.550803268165864071e-02,-4.353340009777049296e-02,3.351925240400059191e-03,3.809282099905784372e-03,-5.200000000000000178e-01,-1.515694029539237965e-03,1.118076208961465978e-01,6.612905208141723126e-03,4.575396780240451600e-01,1.685417231681855199e+00,1.625020168351462291e-01,1.412155615320382029e+00,1.148047995335431740e-02,-3.344622968788117656e-02,-5.496936607714875828e-03,3.409296445668914544e-01,-1.609569414642936236e+00,1.544380117321700885e-01,-1.346113855185760988e+00
2.840000,0.000000000000000000e+00,0.000000000000000000e+00,2.496600745220171613e-01,7.264757624889007781e-01,9.645752042815868466e-19,6.871920885139543023e-01,9.645752042815868466e-19,-9.448910655122214064e-02,-1.366869839410535768e-02,3.765307691930383505e-03,6.168125534851057884e-02,1.218534495911541837e-01,1.391794855875558290e-02,-1.586672227279717351e-01,3.527555969398388225e-02,-1.346195280583368202e-02,2.004501249188185563e-01,4.727988995294328534e-03,-4.355607358786098976e-02,3.271765598335134740e-03,3.740285850689427198e-03,-5.200000000000000178e-01,5.449840359204242979e-02,1.112079143254099817e-01,-6.631257009021423142e-03,3.577798045386941794e-01,1.690435786019408138e+00,1.614929996152469349e-01,1.366320472300599498e+00,5.914988160246033300e-02,-3.221043652345210312e-02,7.882583738460367806e-03,2.504058246941548438e-01,-1.616757382368671614e+00,1.546955707455382190e-01,-1.302025113131974221e+00
2.850000,0.000000000000000000e+00,0.000000000000000000e+00,2.496600745220171613e-01,7.232838709123240450e-01,1.205680175883706750e-18,6.905508251230207950e-01,1.205680175883706750e-18,-9.699521300567832960e-02,-1.366714416785193634e-02,3.802486951555683527e-03,6.703865853944349085e-02,1.189487143307855765e-01,1.392711888531770852e-02,-1.636209292630421697e-01,3.523013996368602047e-02,-1.364495455898377500e-02,2.110008086698115792e-01,-8.886620069404821756e-04,-4.358020333417997327e-02,3.416538493115890349e-03,3.920778330519666087e-03,-5.200000000000000178e-01,1.040327062141133962e-01,1.106468180826169628e-01,-1.810810780365873854e-02,2.799220240696823070e-01,1.694651571720857897e+00,1.608524996630550652e-01,1.335031129549854922e+00,1.027999030656903540e-01,-3.161284612636359320e-02,1.994934128533127835e-02,1.729865349015634046e-01,-1.623416184068440904e+00,1.546156786532766059e-01,-1.266023345554721846e+00
2.860000,0.000000000000000000e+00,0.000000000000000000e+00,2.496600745220171613e-01,7.200764509493123855e-01,1.446759262396399982e-18,6.938947361006873038e-01,1.446759262396399982e-18,-9.929164271084890692e-02,-1.366528353159878091e-02,3.836430289651030640e-03,7.197447128775545655e-02,1.162637980262214571e-01,1.393509466585044106e-02,-1.679478574889317066e-01,3.518979072866293412e-02,-1.380474032315483386e-02,2.202453722915488077e-01,-5.821721554223541380e-03,-4.360125818945682907e-02,3.526730925229761351e-03,4.051230080551604731e-03,-5.200000000000000178e-01,1.522951140578797657e-01,1.102363121503497911e-01,-2.917659157666693120e-02,2.088330825607518926e-01,1.698958764812145139e+00,1.604148955219512340e-01,1.307103817751755104e+00,1.450588195324180596e-01,-3.124236732552766738e-02,3.147888150835700949e-02,1.004902035957419004e-01,-1.629864324022554323e+00,1.541891456731953047e-01,-1.234379470849450211e+00
2.870000,0.000000000000000000e+00,0.000000000000000000e+00,2.496600745220171613e-01,7.168535714608731402e-01,1.687807288024468155e-18,6.972237496555829805e-01,1.687807288024468155e-18,-1.075487440534859535e-01,-1.363675599101078426e-02,3.950395255723299082e-03,8.957193169154398227e-02,1.069099117327336895e-01,1.393914863345751404e-02,-1.776617157622791265e-01,3.506303925002773186e-02,-1.414984470935022089e-02,2.409382748275195607e-01,-1.676928732547672274e-02,-4.360941583459016641e-02,3.252617513868114908e-03,3.808893154303432272e-03,-5.200000000000000178e-01,2.012791374731387750e-01,1.103141949920991988e-01,-4.064324716285608319e-02,1.197801987136710017e-01,1.704616146291871637e+00,1.603220459851268931e-01,1.271477470742445659e+00,1.874162143907286693e-01,-3.082401254682333794e-02,4.302442376390190615e-02,2.315210297334923534e-02,-1.636575678923359201e+00,1.532850869410119499e-01,-1.198725794145008905e+00
2.880000,0.000000000000000000e+00,0.000000000000000000e+00,2.496600745220171613e-01,7.136153016399169324e-01,1.928819077638750497e-18,7.005377943161742449e-01,1.928819077638750497e-18,-1.100531563437359833e-01,-1.363146844781680696e-02,3.986289530986287556e-03,9.498311321789622286e-02,1.039768602941305714e-01,1.394445202749696085e-02,-1.810914127652377414e-01,3.502740349328072739e-02,-1.427541690328430410e-02,2.483150663343324516e-01,-2.072155496311429285e-02,-4.362374528212764613e-02,3.298294329019040537e-03,3.895132126683529487e-03,-5.200000000000000178e-01,2.471481554320352769e-01,1.100571726723670735e-01,-5.106454922267275598e-02,5.285172649238265713e-02,1.709369790204791739e+00,1.602172711919609693e-01,1.248880154305723966e+00,2.279462593444736840e-01,-3.074976336176931876e-02,5.385832156611805588e-02,-4.434470696331044293e-02,-1.642959991458144309e+00,1.522175464311580073e-01,-1.170485929868461783e+00
2.890000,0.000000000000000000e+00,0.000000000000000000e+00,2.496600745220171613e-01,7.103617110097834031e-01,2.169789456891041389e-18,7.038367989322901197e-01,2.169789456891041389e-18,-1.121084872138006644e-01,-1.362695175037515090e-02,4.015700842859637638e-03,9.945255318708098868e-02,1.015425920255236258e-01,1.394866288216751495e-02,-1.837983538529766037e-01,3.499911892359559851e-02,-1.437454103897768849e-02,2.541692742393451554e-01,-2.387247767145954033e-02,-4.363519995925384254e-02,3.329763735881493235e-03,3.956003582542859040e-03,-5.200000000000000178e-01,2.924636070220947848e-01,1.097855963016345360e-01,-6.131349154803921592e-02,-1.026474020393446790e-02,1.714323612381941420e+00,1.602077007799830310e-01,1.228964739724899502e+00,2.680138790473224342e-01,-3.077755650154811312e-02,6.442638529951638660e-02,-1.090489279414376261e-01,-1.649235652607293545e+00,1.508399924692551963e-01,-1.144967017417252597e+00
2.900000,0.000000000000000000e+00,0.000000000000000000e+00,2.496600745220171613e-01,7.070928694220526278e-01,2.411125137372798430e-18,7.071206926773448975e-01,2.411125137372798430e-18,-1.136707017916757240e-01,-1.362342979537330828e-02,4.038034126973734719e-03,1.028826291515967800e-01,9.966013307692637990e-02,1.395179851261881161e-02,-1.857969412108688989e-01,3.497817045953147130e-02,-1.444774505842578299e-02,2.585270438195219067e-01,-2.623413543395603301e-02,-4.364376698036783603e-02,3.319115546676907821e-03,3.972509244841593117e-03,-5.200000000000000178e-01,3.374850548381563287e-01,1.094883952350536455e-01,-7.146859357675773572e-02,-7.136222840163862491e-02,1.719542087388419072e+00,1.602753533835178379e-01,1.211467247865756880e+00,3.078143493324010938e-01,-3.088729383301594411e-02,7.479397007009844223e-02,-1.710292478173816300e-01,-1.655359507905862504e+00,1.491547326561687425e-01,-1.122048501735900983e+00
2.910000,0.000000000000000000e+00,0.000000000000000000e+00,2.496600745220171613e-01,7.038088470584229484e-01,3.325297761123220217e-18,7.103894050464811816e-01,3.325297761123220217e-18,-1.147078431324402570e-01,-1.362106879732264374e-02,4.052857925982198892e-03,1.052013090244615923e-01,9.836911980380207143e-02,1.395387151551304161e-02,-1.870996702942340773e-01,3.496451658360347214e-02,-1.449548290735369095e-02,2.614104920077252037e-01,-2.781637810663840221e-02,-4.364943556868933205e-02,3.291840633490613569e-03,3.978629409773106092e-03,-5.200000000000000178e-01,3.823382395068499751e-01,1.091278961229565636e-01,-8.156676294622892953e-02,-1.304471068940667722e-01,1.724982129938282815e+00,1.603883910660963141e-01,1.197112084883056982e+00,3.475948963098680067e-01,-3.107798891982937323e-02,8.504357024607586690e-02,-2.309832190241516703e-01,-1.661390416908241852e+00,1.471837140893834384e-01,-1.101176812174244457e+00
2.920000,0.000000000000000000e+00,0.000000000000000000e+00,2.496600745220171613e-01,7.005097144225055361e-01,3.720319017246113435e-18,7.136428658647825385e-01,3.720319017246113435e-18,-1.151997503982446214e-01,-1.361997601223188803e-02,4.059900345554840785e-03,1.063615592741291721e-01,9.769612533935739807e-02,1.395489029086667207e-02,-1.877161267965220814e-01,3.495810851481247900e-02,-1.451810069297127838e-02,2.628355891770298713e-01,-2.862573146655287767e-02,-4.365219928877529798e-02,3.249028032366796902e-03,3.964703316246646903e-03,-5.200000000000000178e-01,4.271878118290073356e-01,1.086936422658179441e-01,-9.167729542253619246e-02,-1.877008968982619153e-01,1.730669866965892423e+00,1.605367552837625167e-01,1.185142120167768987e+00,3.875301329957948626e-01,-3.134950547481250849e-02,9.522311992759381616e-02,-2.890755264397439350e-01,-1.667304499719383326e+00,1.449396235250925979e-01,-1.082366974123712966e+00
2.930000,0.000000000000000000e+00,0.000000000000000000e+00,2.496600745220171613e-01,6.971955423449655020e-01,1.205386958786282429e-18,7.168810052821245060e-01,1.205386958786282429e-18,-1.151377427325371849e-01,-1.362019949897812741e-02,4.059044631864810841e-03,1.063406806500219182e-01,9.765501785130968615e-02,1.395485946544707152e-02,-1.876524272947773242e-01,3.495890178437719570e-02,-1.451581803303327381e-02,2.628109802407736506e-01,-2.866479104062590044e-02,-4.365205735130380654e-02,3.186703497601258740e-03,3.919672870721560738e-03,-5.200000000000000178e-01,4.721931374499609424e-01,1.081838766858729262e-01,-1.018635338524534750e-01,-2.432619229502975267e-01,1.736625547640907596e+00,1.607135661053200049e-01,1.175001130129543991e+00,4.277684245912600769e-01,-3.171249903055517461e-02,1.053771456177198529e-01,-3.452160313331255614e-01,-1.673061033584854362e+00,1.424432835772764805e-01,-1.065696262378649894e+00
2.940000,0.000000000000000000e+00,0.000000000000000000e+00,2.496600745220171613e-01,6.938664019787117443e-01,1.606574444952959121e-18,7.201037537779655384e-01,1.606574444952959121e-18,-1.145244132054313024e-01,-1.362172832860152928e-02,4.050326330990007030e-03,1.051398770030744223e-01,9.824719013602464801e-02,1.395378013072294532e-02,-1.869109749599186243e-01,3.496686183143636606e-02,-1.448872004128564164e-02,2.613374726856058650e-01,-2.793196090938764031e-02,-4.364901520778589894e-02,3.105866973984778776e-03,3.843000973277332921e-03,-5.199800829158826021e-01,5.175138007944756202e-01,1.076019628913427173e-01,-1.121764835969309149e-01,-2.971931399158996845e-01,1.742835402508203124e+00,1.609104228187438479e-01,1.166726964700524505e+00,4.684639231963881878e-01,-3.218783840374617872e-02,1.155520492210150713e-01,-3.993705741158902200e-01,-1.678631696138286333e+00,1.397217595462579842e-01,-1.051239516767510151e+00
2.950000,0.000000000000000000e+00,0.000000000000000000e+00,2.496600745220171613e-01,6.905223647979993329e-01,2.007727439117641431e-18,7.233110421622075403e-01,2.007727439117641431e-18,-1.133736055301862722e-01,-1.362449292791088548e-02,4.033933014662763154e-03,1.027842112278994358e-01,9.946157979503994495e-02,1.395164985287422089e-02,-1.854904694965131828e-01,3.498196441715616806e-02,-1.443675780543402822e-02,2.584080628616778341e-01,-2.642147010083081143e-02,-4.364308454071259141e-02,3.044212200181793584e-03,3.771662795749817446e-03,-5.198793455923442774e-01,5.632595852596553598e-01,1.069386106777657497e-01,-1.226466082203049868e-01,-3.475371830741062484e-01,1.749177036157987697e+00,1.611331785841815800e-01,1.161155199724777098e+00,5.098022425058321705e-01,-3.280304622357554933e-02,1.258023078640588543e-01,-4.517656106356215950e-01,-1.684055817877238903e+00,1.368141525802493430e-01,-1.039008472241662817e+00
2.960000,0.000000000000000000e+00,0.000000000000000000e+00,2.496600745220171613e-01,6.871635025969106136e-01,2.408837328812966965e-18,7.265028015766669123e-01,2.408837328812966965e-18,-1.117105712741444934e-01,-1.362836555205693481e-02,4.010206536408811133e-03,9.932294345974526650e-02,1.012744825650872676e-01,1.394846245622158483e-02,-1.833861711861378418e-01,3.500419087942108903e-02,-1.435975735628974674e-02,2.540085002140173853e-01,-2.412366642547514317e-02,-4.363428265069806133e-02,2.987963130050978397e-03,3.707410819441629528e-03,-5.197877871378525638e-01,6.096152335982382153e-01,1.062231005755087804e-01,-1.333063686481078258e-01,-3.952529212506387113e-01,1.755614749960612286e+00,1.613959082274712964e-01,1.159096369720983510e+00,5.519373817934649651e-01,-3.359312685147338579e-02,1.361725474429941463e-01,-5.024478802612035722e-01,-1.689303907837589103e+00,1.337423362920185932e-01,-1.029117252219064804e+00
2.970000,0.000000000000000000e+00,0.000000000000000000e+00,2.496600745220171613e-01,6.837898874878119981e-01,2.809895502496776206e-18,7.296789634965540339e-01,2.809895502496776206e-18,-1.026247870504059800e-01,-1.366299104964354555e-02,3.885910785697481266e-03,8.008850565574937574e-02,1.114144012053886745e-01,1.394727700690545288e-02,-1.742088286392048935e-01,3.513154242359806112e-02,-1.403634661293475146e-02,2.345723755402076560e-01,-1.390834898369150766e-02,-4.363310794724980374e-02,3.068833612997920197e-03,3.887494768656750248e-03,-5.194737961183774066e-01,6.584767294784162894e-01,1.054672399140391126e-01,-1.441251062701541519e-01,-4.286045277617143157e-01,1.760632991595157293e+00,1.620223148325919127e-01,1.175683417580615009e+00,5.965738749962762322e-01,-3.491830596119559899e-02,1.468448216525323757e-01,-5.470455414583459408e-01,-1.693796424267567824e+00,1.307293834762103812e-01,-1.030230157736974572e+00
2.980000,0.000000000000000000e+00,0.000000000000000000e+00,2.496600745220171613e-01,6.804015918998013168e-01,3.210893349737640429e-18,7.328394597319499715e-01,3.210893349737640429e-18,-1.008163888449610524e-01,-1.366505744015925408e-02,3.859363347442634328e-03,7.626738789009623876e-02,1.134582557648995960e-01,1.394160604159864689e-02,-1.710863794880898292e-01,3.516142634451872862e-02,-1.392111928336066916e-02,2.279620692767116708e-01,-1.041126554132450373e-02,-4.361798671562953922e-02,2.972068747630837032e-03,3.726183400596523067e-03,-5.193905628932582452e-01,7.061517958885710211e-01,1.048183106356659067e-01,-1.553298162298711593e-01,-4.761340164617986481e-01,1.767519530101084646e+00,1.624847695795555713e-01,1.175432107746676946e+00,6.408405365468373693e-01,-3.617882009157621231e-02,1.575288036323622409e-01,-5.953027186523104364e-01,-1.698549348674600168e+00,1.274063153553742500e-01,-1.024696465081076369e+00
2.990000,0.000000000000000000e+00,0.000000000000000000e+00,2.496600745220171613e-01,6.769986885771572815e-01,3.611822261399063802e-18,7.359842224292647561e-01,3.611822261399063802e-18,-9.874085545161603861e-02,-1.366711270133748844e-02,3.828801141786843717e-03,7.184787193870691147e-02,1.158404160592198251e-01,1.393478641461304637e-02,-1.673552976006176529e-01,3.519668656492771358e-02,-1.378338486384647274e-02,2.200289840637026650e-01,-6.197212863095569527e-03,-4.359989063965175049e-02,2.917609521386012750e-03,3.591772037641591687e-03,-5.194090768147959780e-01,7.547157061382795407e-01,1.042311175958821473e-01,-1.667976454870600256e-01,-5.178876487182909605e-01,1.774244681352056707e+00,1.630602605141701633e-01,1.178960388504197043e+00,6.863847905312315811e-01,-3.776811292347311000e-02,1.684129054050968466e-01,-6.413197035335813645e-01,-1.703044976654228604e+00,1.240562707464540892e-01,-1.022666870187355359e+00
3.000000,0.000000000000000000e+00,0.000000000000000000e+00,2.496600745220171613e-01,6.735812505777759585e-01,4.012673629824574887e-18,7.391131840726964386e-01,4.012673629824574887e-18,-9.245220746394955391e-02,-1.368471158118637551e-02,3.740560779400263491e-03,5.843614623988563350e-02,1.230032577305845420e-01,1.392758996540167243e-02,-1.569328208299707872e-01,3.532443713079334857e-02,-1.341026270059470470e-02,1.978472008862725839e-01,5.541868508565580415e-03,-4.358590154701613012e-02,2.928028843514965830e-03,3.636953099534627129e-03,-5.189994962756954155e-01,8.066506021910655466e-01,1.038599791911427456e-01,-1.785951504349461982e-01,-5.459008514211974861e-01,1.779461864915250047e+00,1.643793853239229885e-01,1.203834017579711535e+00,7.361699184508941896e-01,-4.039139694060567970e-02,1.797219761088322543e-01,-6.800243997278981878e-01,-1.706243363702522498e+00,1.208480417723842293e-01,-1.034475152944975163e+00
3.010000,0.000000000000000000e+00,0.000000000000000000e+00,2.496600745220171613e-01,6.701493512716012457e-01,4.413438849022668682e-18,7.422262774856815959e-01,4.413438849022668682e-18,-9.080169530061957262e-02,-1.368276228161735553e-02,3.715010398145404593e-03,5.484385668628016797e-02,1.250011279670530662e-01,1.391822096235503792e-02,-1.529785926167134824e-01,3.535462920388510177e-02,-1.326206405346931107e-02,1.893674629040241197e-01,1.009474989457278399e-02,-4.356065376834554470e-02,2.866072307674205882e-03,3.473222125193279990e-03,-5.191639132858026917e-01,8.567357830391075790e-01,1.036162107059311194e-01,-1.905508920021752317e-01,-5.859311855253549473e-01,1.786121421658062536e+00,1.653088754988497333e-01,1.210715791774868100e+00,7.843332039239943043e-01,-4.277611373498770714e-02,1.909901936442842119e-01,-7.232620715751957308e-01,-1.710229650324096351e+00,1.175320098266382784e-01,-1.036350735699345771e+00
3.020000,0.000000000000000000e+00,0.000000000000000000e+00,2.496600745220171613e-01,6.667030643390543521e-01,4.814109314851017968e-18,7.453234358323336251e-01,4.814109314851017968e-18,-8.690126468754098832e-02,-1.368662977726933794e-02,3.657802595427298541e-03,4.638756978583708640e-02,1.296325632259200666e-01,1.390595345779071547e-02,-1.439310796896777211e-01,3.544685284436308037e-02,-1.293191384988555924e-02,1.699941125971825284e-01,2.044041914128052334e-02,-4.353161889476936386e-02,2.866695623321879188e-03,3.464315972763282181e-03,-5.188459698665961461e-01,9.106269811241425316e-01,1.038803810166736147e-01,-2.029077923021211927e-01,-6.088003056309237992e-01,1.791081130698041646e+00,1.673467327458810217e-01,1.241585535792051331e+00,8.384730810486804575e-01,-4.682204955383301170e-02,2.027002949425796285e-01,-7.580241499121784798e-01,-1.712431776654378845e+00,1.143487740212662251e-01,-1.056168798562356015e+00
3.030000,0.000000000000000000e+00,0.000000000000000000e+00,2.496600745220171613e-01,6.632424637694450675e-01,5.214676425201931891e-18,7.484045926188830355e-01,5.214676425201931891e-18,-8.578890799651985033e-02,-1.368096014233059245e-02,3.639057178736052663e-03,4.385881207851795305e-02,1.311178641789698673e-01,1.389471329046325018e-02,-1.405977086330008341e-01,3.546205851798157893e-02,-1.280376234136890515e-02,1.627532652325065221e-01,2.439245941685518060e-02,-4.350007991947028169e-02,2.813464731274448443e-03,3.343848158565337469e-03,-5.191785270089425142e-01,9.622675740202790706e-01,1.041548516714112527e-01,-2.151140341939198619e-01,-6.440639468467743711e-01,1.797038360823766778e+00,1.687176583218931436e-01,1.255571315956692580e+00,8.892744112192665362e-01,-5.012071884341285505e-02,2.142864143574744751e-01,-7.973795083036886444e-01,-1.715930897658650256e+00,1.113273164666598314e-01,-1.064092552145365023e+00
3.040000,0.000000000000000000e+00,0.000000000000000000e+00,2.496600745220171613e-01,6.597676238593870313e-01,5.615131580186705976e-18,7.514696816951023095e-01,5.615131580186705976e-18,-8.396596381468088288e-02,-1.367434209187663556e-02,3.609331630680211091e-03,3.971161776330630472e-02,1.335372530102170718e-01,1.387937332373093309e-02,-1.351506369452009360e-01,3.549459822655938457e-02,-1.259735177226460438e-02,1.509179823245242746e-01,3.083975083515497900e-02,-4.345809457645685020e-02,2.798413946430555483e-03,3.329279016170067548e-03,-5.193464315445842638e-01,1.016654005336809830e+00,1.051549151036544061e-01,-2.275799830254955358e-01,-6.640749705077864107e-01,1.801625101422857478e+00,1.711299682254792398e-01,1.288610699065870779e+00,9.453191862514490618e-01,-5.522370466770330777e-02,2.261481813934805851e-01,-8.283489257609502054e-01,-1.717943120567203552e+00,1.084063877392181657e-01,-1.088266440483663944e+00
3.050000,0.000000000000000000e+00,0.000000000000000000e+00,2.496600745220171613e-01,6.562786192112040062e-01,0.000000000000000000e+00,7.545186372557246557e-01,0.000000000000000000e+00,-8.340446436061683955e-02,-1.366728076162540551e-02,3.598374699335629007e-03,3.831561436466510845e-02,1.344358763852040728e-01,1.386891091961903882e-02,-1.331417831005244079e-01,3.549335492707168804e-02,-1.251667658792370366e-02,1.464505146147534187e-01,3.334616284606874148e-02,-4.342755427260490408e-02,2.772350811154953784e-03,3.302291370934841604e-03,-5.200000000000000178e-01,1.068933988863399964e+00,1.059570693071989478e-01,-2.396780850647127481e-01,-6.989757962029843341e-01,1.806754466765933431e+00,1.724801577890281989e-01,1.304054729812154312e+00,9.967769127587601252e-01,-5.892531180711414046e-02,2.378017428530591060e-01,-8.701364043470994902e-01,-1.721497239730158446e+00,1.058404927745458385e-01,-1.096278731551400876e+00
3.060000,0.000000000000000000e+00,0.000000000000000000e+00,2.460541649694939770e-01,6.502412151699308307e-01,6.704121072709822868e-18,7.597278210611558835e-01,6.704121072709822868e-18,-8.340446436061683955e-02,-1.366728076162540551e-02,3.598374699335629007e-03,3.831561436466510845e-02,1.344358763852040728e-01,1.386891091961903882e-02,-1.331417831005244079e-01,3.549335492707168804e-02,-1.251667658792370366e-02,1.464505146147534187e-01,3.334616284606874148e-02,-4.342755427260490408e-02,2.772350811154953784e-03,3.302291370934841604e-03,-5.200000000000000178e-01,1.051894340278423101e+00,1.033336759548919570e-01,-2.359691681598920232e-01,-6.968509927698242068e-01,1.803087439097729172e+00,1.748024211510343096e-01,1.315611256665002227e+00,9.842451957454583233e-01,-5.702832440931093760e-02,2.350004065289466593e-01,-8.674503998059248655e-01,-1.718711395662131158e+00,1.070791580318180142e-01,-1.109055490407027111e+00
3.070000,0.000000000000000000e+00,0.000000000000000000e+00,2.424482554169709314e-01,6.441624649925263846e-01,7.392349675906651167e-18,7.648886969322741258e-01,7.392349675906651167e-18,-8.340446436061683955e-02,-1.366728076162540551e-02,3.598374699335629007e-03,3.831561436466510845e-02,1.344358763852040728e-01,1.386891091961903882e-02,-1.331417831005244079e-01,3.549335492707168804e-02,-1.251667658792370366e-02,1.464505146147534187e-01,3.334616284606874148e-02,-4.342755427260490408e-02,2.772350811154953784e-03,3.302291370934841604e-03,-5.200000000000000178e-01,1.034854691693446904e+00,1.007102826025850772e-01,-2.322602512550714648e-01,-6.947261893366640795e-01,1.799420411429524913e+00,1.771246845130403369e-01,1.327167783517849697e+00,9.717134787321569656e-01,-5.513133701150781107e-02,2.321990702048343236e-01,-8.647643952647504628e-01,-1.715925551594104093e+00,1.083178232890901205e-01,-1.121832249262652681e+00
3.080000,0.000000000000000000e+00,0.000000000000000000e+00,2.388423458644477471e-01,6.380427552014500403e-01,8.080108230314010077e-18,7.700009367104320157e-01,8.080108230314010077e-18,-1.406581889926034334e-01,-1.352586183551563598e-02,4.410533461111092353e-03,1.583088476210146589e-01,7.121603517141618378e-02,1.396904770549149515e-02,-2.071541720591900948e-01,3.471465540108714665e-02,-1.521566529940945010e-02,3.020467933900512492e-01,-4.836308566031868872e-02,-4.369985376193361720e-02,2.771067523423390890e-03,3.303111489198506858e-03,-5.200000000000000178e-01,1.016042883406645503e+00,9.410511145772801345e-02,-2.300089114260640555e-01,-6.763550768189182660e-01,1.795419961111135887e+00,1.822489522396515127e-01,1.351915454525578486e+00,9.619145532737310988e-01,-5.171165415907936352e-02,2.300807849050319209e-01,-8.488859273549205220e-01,-1.711969193080411511e+00,1.112468554687460337e-01,-1.149873459227063632e+00
3.090000,0.000000000000000000e+00,0.000000000000000000e+00,2.352364363119247015e-01,6.318824749236100491e-01,8.767353004224183629e-18,7.750642153295516090e-01,8.767353004224183629e-18,-1.795119690124611367e-01,-1.336372669441667459e-02,4.941095331765391584e-03,2.406297413188225875e-01,2.787558038119977016e-02,1.398789739348504924e-02,-2.279676291820673939e-01,3.445671964648049090e-02,-1.596713425591172672e-02,3.461446893284261805e-01,-7.161825896189422114e-02,-4.377134919872204682e-02,2.771590733216265472e-03,3.302775322599159173e-03,-5.200000000000000178e-01,9.985467812688928468e-01,9.039748947784619071e-02,-2.266881352438201991e-01,-6.697637465634983522e-01,1.791602070215147169e+00,1.853066776924652825e-01,1.367165917775156503e+00,9.500684927715361550e-01,-4.938017793801083299e-02,2.274604588451937526e-01,-8.425507687541308188e-01,-1.708834259044517356e+00,1.129040602340359856e-01,-1.166820671869262416e+00
3.100000,0.000000000000000000e+00,0.000000000000000000e+00,2.316305267594015171e-01,6.256820158656242192e-01,9.454040298598493971e-18,7.800782108367908529e-01,9.454040298598493971e-18,-2.011569377066301512e-01,-1.327591019246343942e-02,5.239983650630637181e-03,2.866206055000690145e-01,3.579655043062412306e-03,1.401149855644927104e-02,-2.417910261547447093e-01,3.429797395103163782e-02,-1.647434196154212369e-02,3.755715101646033838e-01,-8.722178574152958386e-02,-4.384376695821586706e-02,2.771463517844518186e-03,3.302821686670218571e-03,-5.200000000000000178e-01,9.811174946927143647e-01,8.681958822033591927e-02,-2.233179092793499410e-01,-6.636957591878488438e-01,1.787774822095021365e+00,1.882594977063148101e-01,1.382004134008804730e+00,9.380950056907662038e-01,-4.708926807313140034e-02,2.248142658190150633e-01,-8.366293470901948748e-01,-1.705730275857263889e+00,1.144898647390692609e-01,-1.183244654125757522e+00
3.110000,0.000000000000000000e+00,0.000000000000000000e+00,2.280246172068784716e-01,6.194417722889115074e-01,1.014012644984618101e-17,7.850426044130167647e-01,1.014012644984618101e-17,-2.183426795125721909e-01,-1.320425427436210802e-02,5.477848510034957416e-03,3.232698314487608138e-01,-1.586761990575035267e-02,1.403354621417565555e-02,-2.524852250399737263e-01,3.417872198801946704e-02,-1.687016531584023885e-02,3.984558910254586972e-01,-9.945677918795735317e-02,-4.390980487151070755e-02,2.771356082257602198e-03,3.302849190802784225e-03,-5.200000000000000178e-01,9.637554808558682629e-01,8.336577345595062860e-02,-2.199018533704013290e-01,-6.581247646377393901e-01,1.783940895585865549e+00,1.911149814012514103e-01,1.396460047469195276e+00,9.260221832683140919e-01,-4.484061951655757966e-02,2.221460147940503560e-01,-8.311036075091210451e-01,-1.702654958311736744e+00,1.160108882047114764e-01,-1.199196184959274492e+00
3.120000,0.000000000000000000e+00,0.000000000000000000e+00,2.244187076543552872e-01,6.131621409846234050e-01,1.082556783260059343e-17,7.899570803930761054e-01,1.082556783260059343e-17,-2.301115698250411068e-01,-1.315678905504462717e-02,5.642519256146075191e-03,3.476995098739390500e-01,-2.935754284911721440e-02,1.405374371053895108e-02,-2.608933959652695034e-01,3.408697766044761768e-02,-1.718361051505052847e-02,4.165309377076062414e-01,-1.092426336699010986e-01,-4.396780343025850912e-02,2.771266789592165616e-03,3.302861981573117309e-03,-5.200000000000000178e-01,9.464601270592933879e-01,8.003555875518242324e-02,-2.164413709066851377e-01,-6.530517218497509102e-01,1.780104633789163726e+00,1.938754836906765866e-01,1.410530126165619125e+00,9.138579404841464804e-01,-4.263593546246506605e-02,2.194566756190483581e-01,-8.259759618107974655e-01,-1.699610139595330471e+00,1.174706214526099329e-01,-1.214680082799605820e+00
3.130000,0.000000000000000000e+00,0.000000000000000000e+00,2.208127981018322417e-01,6.068435212484130092e-01,1.151032086249324892e-17,7.948213262858684347e-01,1.151032086249324892e-17,-2.385267833738093368e-01,-1.312374135787929691e-02,5.761337241192690008e-03,3.634583066174101873e-01,-3.917101821576502579e-02,1.407106981067346614e-02,-2.675541297253410389e-01,3.401476353555615839e-02,-1.743301138527751301e-02,4.309479561446269424e-01,-1.171605127656916989e-01,-4.401663202256548418e-02,2.771194436038707572e-03,3.302863563785155780e-03,-5.200000000000000178e-01,9.292303812151108122e-01,7.682838684230348936e-02,-2.129377098907606902e-01,-6.484772670154714813e-01,1.776270292572471377e+00,1.965434880712701171e-01,1.424210688968797989e+00,9.016093005253507098e-01,-4.047673337709024877e-02,2.167471085000508557e-01,-8.212485751571733106e-01,-1.696597584710561435e+00,1.188724778034519480e-01,-1.229700526965230800e+00
3.140000,0.000000000000000000e+00,0.000000000000000000e+00,2.172068885493090573e-01,6.004863148550453333e-01,1.219434199892524269e-17,7.996350327942163272e-01,1.219434199892524269e-17,-2.444544810050309214e-01,-1.310131984607164693e-02,5.845770338979450545e-03,3.741073774161481347e-01,-4.627096303283376177e-02,1.408512263258792155e-02,-2.725018069485373173e-01,3.396271174457187597e-02,-1.761964055451631719e-02,4.416774133717869533e-01,-1.232253007386914234e-01,-4.405624939551627817e-02,2.771138173389293188e-03,3.302856861055514064e-03,-5.200000000000000178e-01,9.120647415119044199e-01,7.374363337579251110e-02,-2.093919484736143644e-01,-6.444017027193080782e-01,1.772442039435080829e+00,1.991215940986999222e-01,1.437497915005080840e+00,8.892824330745170425e-01,-3.836435486303838016e-02,2.140180580809132038e-01,-8.169233650884419884e-01,-1.693618999275130710e+00,1.202197938921927417e-01,-1.244261098744793514e+00
3.150000,0.000000000000000000e+00,0.000000000000000000e+00,2.136009789967860117e-01,5.940909260328520736e-01,1.287758774783553916e-17,8.043978938345303087e-01,1.287758774783553916e-17,-2.485759354585372616e-01,-1.308604089185370217e-02,5.904786522524422578e-03,3.814016426442941032e-01,-5.140327913907608709e-02,1.409567457487651172e-02,-2.760902193535804683e-01,3.392509298407099527e-02,-1.775537043194645725e-02,4.496389035758925901e-01,-1.278130312716225236e-01,-4.408585058386728373e-02,2.771097442475459628e-03,3.302844266347426845e-03,-5.200000000000000178e-01,8.949612448190253922e-01,7.078061157324685992e-02,-2.058049809595568769e-01,-6.408249875849668653e-01,1.768623952806147370e+00,2.016125050987253309e-01,1.450387850843326998e+00,8.768826872088147928e-01,-3.629997549401507706e-02,2.112701474718851891e-01,-8.130020000152484716e-01,-1.690676037659906816e+00,1.215158307663330023e-01,-1.258364817610368780e+00
3.160000,0.000000000000000000e+00,0.000000000000000000e+00,2.099950694442628274e-01,5.876577614380255055e-01,1.356001466446693397e-17,8.091096065562741746e-01,1.356001466446693397e-17,-2.512301495447027966e-01,-1.307621814664185547e-02,5.942864850502578913e-03,3.862745796477293769e-01,-5.493219654456256429e-02,1.410265292557289635e-02,-2.783552805506750993e-01,3.390179631140528144e-02,-1.784142386322215557e-02,4.548892259841960661e-01,-1.309421159675740742e-01,-4.410536411692134173e-02,2.771071915769288477e-03,3.302827684112106740e-03,-5.200000000000000178e-01,8.779174539219662954e-01,6.793857767408226223e-02,-2.021775042660239330e-01,-6.377467264558395188e-01,1.764820021749067047e+00,2.040190161217300957e-01,1.462876415495959037e+00,8.644146193682438195e-01,-3.428461462549493854e-02,2.085038722291390756e-01,-8.094858972870081493e-01,-1.687770310538755147e+00,1.227637751958211704e-01,-1.272014172912590890e+00
3.170000,0.000000000000000000e+00,0.000000000000000000e+00,2.063891598917397818e-01,5.811872301287622777e-01,1.424157935612836447e-17,8.137698713612204759e-01,1.424157935612836447e-17,-2.626201673149718419e-01,-1.301006484622566767e-02,6.093412660522915317e-03,4.173019181782112175e-01,-6.836611495146741047e-02,1.410471706512039444e-02,-2.818292309809157792e-01,3.384429899950908843e-02,-1.796235637555986669e-02,4.635290180610232569e-01,-1.354506411711615121e-01,-4.410915665967315991e-02,2.771774749304414375e-03,3.302545901529951866e-03,-5.200000000000000178e-01,8.609296189780905051e-01,6.521287675847543819e-02,-1.985102794275143134e-01,-6.351417701415984496e-01,1.761030692689901311e+00,2.063469663252104902e-01,1.474987151212047376e+00,8.518958104100795570e-01,-3.231872941255217735e-02,2.057208070563635027e-01,-8.063581506855713732e-01,-1.684899072539665088e+00,1.239679841381217534e-01,-1.285246923392939555e+00
3.180000,0.000000000000000000e+00,0.000000000000000000e+00,2.027832503392165975e-01,5.746797435392534403e-01,1.492223848495399078e-17,8.183783919225005032e-01,1.492223848495399078e-17,-2.623108565721358199e-01,-1.301181472737328142e-02,6.089308596444055477e-03,4.172242867523071053e-01,-6.859307709967214783e-02,1.410456037507269202e-02,-2.815220822754619379e-01,3.384916296779043321e-02,-1.795160455803002444e-02,4.634507284126094806e-01,-1.356787775172223764e-01,-4.410841518934753569e-02,2.771778975297612118e-03,3.302535554728297258e-03,-5.200000000000000178e-01,8.439958590743494860e-01,6.261044379864758036e-02,-1.948029404590945202e-01,-6.330578071198481593e-01,1.757266580985171078e+00,2.085932219643316377e-01,1.486659961363496540e+00,8.393013007912784040e-01,-3.040385339636918552e-02,2.029186586141094040e-01,-8.036558175204964183e-01,-1.682072504656360046e+00,1.251289017683724636e-01,-1.297992450852886392e+00
3.190000,0.000000000000000000e+00,0.000000000000000000e+00,1.991773407866935519e-01,5.681357154535231491e-01,1.560194877065898892e-17,8.229348752034473247e-01,1.560194877065898892e-17,-2.503082725889057003e-01,-1.308129927296284960e-02,5.930577469860087714e-03,3.860654418011698619e-01,-5.559801603246060375e-02,1.410219367735391152e-02,-2.774470921741414298e-01,3.391604846762408948e-02,-1.780957787596069639e-02,4.546638189874718794e-01,-1.316186169158697072e-01,-4.410316117138204928e-02,2.771085762432032827e-03,3.302766425271809470e-03,-5.200000000000000178e-01,8.271125342970440109e-01,6.013024933208451633e-02,-1.910557554176469386e-01,-6.314932180641893433e-01,1.753531716366006021e+00,2.107612300934839922e-01,1.497891203487585310e+00,8.266346220861625627e-01,-2.854069913729798819e-02,2.000977731154789108e-01,-8.013795212968468640e-01,-1.679292131912373032e+00,1.262498388882631606e-01,-1.310253548913793198e+00
3.200000,0.000000000000000000e+00,0.000000000000000000e+00,1.955714312341703676e-01,5.615555619791166020e-01,1.628066699329153524e-17,8.274390314762282150e-01,1.628066699329153524e-17,-2.470813589208958050e-01,-1.309421318736050943e-02,5.884850008759196123e-03,3.810638231000533227e-01,-5.248414727043235195e-02,1.409492802565747924e-02,-2.746161175452673242e-01,3.394808008916585379e-02,-1.770364828947162614e-02,4.492713298430362490e-01,-1.289094028686681714e-01,-4.408227460240509571e-02,2.771120803455641608e-03,3.302744276393627422e-03,-5.200000000000000178e-01,8.102732060625676969e-01,5.776382818639129446e-02,-1.872688139505411797e-01,-6.303974330049278985e-01,1.749822521068660208e+00,2.128595195566699017e-01,1.508730976258067846e+00,8.139237126185074889e-01,-2.672882470123782300e-02,1.972602302358113791e-01,-7.994935356430380446e-01,-1.676550812421267356e+00,1.273358491423273731e-01,-1.322100621756685079e+00
3.210000,0.000000000000000000e+00,0.000000000000000000e+00,1.919655216816473220e-01,5.549397015206426476e-01,1.695834999598096051e-17,8.318905743402674746e-01,1.695834999598096051e-17,-2.424498126912964513e-01,-1.311215056336931944e-02,5.818998647994955142e-03,3.736568374525633951e-01,-4.772369575322889246e-02,1.408411723056463873e-02,-2.705210614709131489e-01,3.399330408625794026e-02,-1.755007714946036843e-02,4.411800351851928315e-01,-1.246950915290848533e-01,-4.405144364857496719e-02,2.771171358510857077e-03,3.302721371465133608e-03,-5.200000000000000178e-01,7.934737654643506666e-01,5.551407183104049153e-02,-1.834414434317375997e-01,-6.297925143520241020e-01,1.746146100854141681e+00,2.148883577239466547e-01,1.519147083347416105e+00,8.011560538508875062e-01,-2.496906595559368613e-02,1.944046727666214336e-01,-7.980160456671857583e-01,-1.673854356580925629e+00,1.283886412890872519e-01,-1.333498654535008709e+00
3.220000,0.000000000000000000e+00,0.000000000000000000e+00,1.883596121291241376e-01,5.482885547531691772e-01,1.763495468768190430e-17,8.362892207404570843e-01,1.763495468768190430e-17,-2.360339081460501309e-01,-1.313701294272093083e-02,5.728007706691879732e-03,3.627428824379018146e-01,-4.086173770268723693e-02,1.406985964998410527e-02,-2.651496323457588344e-01,3.405141968631979904e-02,-1.734846214585914620e-02,4.303385124976373821e-01,-1.189391891491622666e-01,-4.401079686006927061e-02,2.771237646690666041e-03,3.302697239141356295e-03,-5.200000000000000178e-01,7.767086042971429460e-01,5.338005712407573738e-02,-1.795728959815224013e-01,-6.296757687068438303e-01,1.742505921665308266e+00,2.168508529792881334e-01,1.529134662695114111e+00,7.883318019033486168e-01,-2.326171186571481322e-02,1.915307013498838695e-01,-7.969469073235871948e-01,-1.671204246454125020e+00,1.294109902533323586e-01,-1.344447402478992304e+00
3.230000,0.000000000000000000e+00,0.000000000000000000e+00,1.847537025766011198e-01,5.416025445954731898e-01,1.831043804591438016e-17,8.406346909851558635e-01,1.831043804591438016e-17,-2.272662676456532471e-01,-1.317159091074155026e-02,5.604398895351355575e-03,3.467696278682355082e-01,-3.123661359061071993e-02,1.405237982461948407e-02,-2.581488861341182384e-01,3.412817050978510236e-02,-1.708698246788248679e-02,4.157723515151052207e-01,-1.112226925244591408e-01,-4.396124555196653100e-02,2.771319880699916593e-03,3.302671064591546600e-03,-5.200000000000000178e-01,7.599715221615384042e-01,5.136086656855071153e-02,-1.756621431929706045e-01,-6.300440951393490030e-01,1.738905367006563729e+00,2.187501296605099954e-01,1.538688699501238988e+00,7.754504055793431938e-01,-2.160696492295325483e-02,1.886377451422412976e-01,-7.962857058006554967e-01,-1.668601961893781516e+00,1.304056085237360052e-01,-1.354946207327527796e+00
3.240000,0.000000000000000000e+00,0.000000000000000000e+00,1.811477930240779077e-01,5.348820961831498577e-01,1.898475711949931723e-17,8.449267087639730223e-01,1.898475711949931723e-17,-2.152126577624675352e-01,-1.322005641765947558e-02,5.435807304873105893e-03,3.220609598588163314e-01,-1.776632516364106545e-02,1.403211694530314725e-02,-2.495455816810212279e-01,3.422190495630338114e-02,-1.676646069333341885e-02,3.976220182898988487e-01,-1.015561835733282126e-01,-4.390280094290865270e-02,2.771418247899397943e-03,3.302641695432354321e-03,-5.200000000000000178e-01,7.432557055548199010e-01,4.945560115509732568e-02,-1.717078657345929849e-01,-6.308939793077393832e-01,1.735347739823878799e+00,2.205893188367196722e-01,1.547804014134690487e+00,7.625106054183345972e-01,-2.000495169224380393e-02,1.857250551238597003e-01,-7.960317522899804654e-01,-1.666048985439843921e+00,1.313751480474552591e-01,-1.364994001050884975e+00
3.250000,0.000000000000000000e+00,0.000000000000000000e+00,1.775418834715548622e-01,5.281276368415805944e-01,1.965786903128957819e-17,8.491650011653374408e-01,1.965786903128957819e-17,-1.978843940493884013e-01,-1.329169710849705151e-02,5.195853362162832986e-03,2.851342675689677031e-01,1.789073910382150273e-03,1.401009422712580846e-02,-2.387597947571910573e-01,3.434146024287969973e-02,-1.636720573176028357e-02,3.745893240060927387e-01,-8.926991104529538590e-02,-4.383678885341227294e-02,2.771532893799074412e-03,3.302607644595921283e-03,-5.200000000000000178e-01,7.265537058592683728e-01,4.766339437333869111e-02,-1.677084432673237868e-01,-6.322214878442233843e-01,1.731836264490224542e+00,2.223715496127542934e-01,1.556475247949403506e+00,7.495104298506275464e-01,-1.845573366539725660e-02,1.827916972379031169e-01,-7.961840806878169863e-01,-1.663546807078163159e+00,1.323222021848788343e-01,-1.374589306670759514e+00
3.260000,0.000000000000000000e+00,0.000000000000000000e+00,1.739359739190318443e-01,5.213395960587599021e-01,2.032973098089651834e-17,8.533492986938521208e-01,2.032973098089651834e-17,-1.763414793063931840e-01,-1.337810829973106949e-02,4.898119422880726354e-03,2.390829691768717458e-01,2.624782086085163460e-02,1.398659268865717377e-02,-2.250531867343023851e-01,3.449711335014432612e-02,-1.586379764463757142e-02,3.451335741135444501e-01,-7.352072951500086828e-02,-4.376474646693231940e-02,2.771663907712908909e-03,3.302567090070119508e-03,-5.200000000000000178e-01,7.098574161652241310e-01,4.598342749599737544e-02,-1.636619446554746227e-01,-6.340222629101406326e-01,1.728374088850255230e+00,2.240999410133548975e-01,1.564696847025820681e+00,7.364471885046428579e-01,-1.695931849462955013e-02,1.798365453304499872e-01,-7.967414442150262399e-01,-1.661096928893056157e+00,1.332493077421967598e-01,-1.383730236236356603e+00
3.270000,0.000000000000000000e+00,0.000000000000000000e+00,1.703300643665086600e-01,5.145184054579856614e-01,2.100030024741141702e-17,8.574793352874294783e-01,2.100030024741141702e-17,-1.379553737286153825e-01,-1.353664019725861478e-02,4.373493355259073026e-03,1.571054810418595626e-01,6.971495359370084854e-02,1.396787420241024646e-02,-2.045589836415977747e-01,3.474873708774550707e-02,-1.512315023835988925e-02,3.010652830828059456e-01,-4.997602788644830291e-02,-4.369409208592096860e-02,2.771132366340139149e-03,3.302749310026335122e-03,-5.200000000000000178e-01,6.931589537719939909e-01,4.441909406087272277e-02,-1.595653858751765186e-01,-6.363183527542247697e-01,1.724968281773448187e+00,2.257750443918876693e-01,1.572434381300804818e+00,7.233057735597441251e-01,-1.551654543113185902e-02,1.768571544834975917e-01,-7.977229577187032739e-01,-1.658705370299101478e+00,1.341581586984304797e-01,-1.392379830595855239e+00
3.280000,0.000000000000000000e+00,0.000000000000000000e+00,1.667241548139856144e-01,5.076644987704164169e-01,2.166953419212182772e-17,8.615548483342090336e-01,2.166953419212182772e-17,-8.340446436061683955e-02,-1.366728076162540551e-02,3.598374699335629007e-03,3.831561436466510845e-02,1.344358763852040728e-01,1.386891091961903882e-02,-1.331417831005244079e-01,3.549335492707168804e-02,-1.251667658792370366e-02,1.464505146147534187e-01,3.334616284606874148e-02,-4.342755427260490408e-02,2.772350811154953784e-03,3.302291370934841604e-03,-5.200000000000000178e-01,6.770220714089407732e-01,4.561902220413954073e-02,-1.543729962538381018e-01,-6.501053172403017388e-01,1.722412830397236583e+00,2.258922151151676605e-01,1.569854847427651912e+00,7.085474214528246772e-01,-1.529460165764141150e-02,1.733710073984742750e-01,-8.083582999000856750e-01,-1.657422826165534380e+00,1.343297936918050883e-01,-1.390144185230796747e+00
3.290000,0.000000000000000000e+00,0.000000000000000000e+00,1.631182452614624023e-01,5.007783118074897732e-01,2.233739026122288683e-17,8.655755786892560533e-01,2.233739026122288683e-17,-8.340446436061683955e-02,-1.366728076162540551e-02,3.598374699335629007e-03,3.831561436466510845e-02,1.344358763852040728e-01,1.386891091961903882e-02,-1.331417831005244079e-01,3.549335492707168804e-02,-1.251667658792370366e-02,1.464505146147534187e-01,3.334616284606874148e-02,-4.342755427260490408e-02,2.772350811154953784e-03,3.302291370934841604e-03,-5.200000000000000178e-01,6.599824228239639101e-01,4.299562885183255689e-02,-1.506640793490173769e-01,-6.479805138071415005e-01,1.718745802729032102e+00,2.282144784771737989e-01,1.581411374280500048e+00,6.960157044395227643e-01,-1.339761425983820170e-02,1.705696710743618283e-01,-8.056722953589110503e-01,-1.654636982097507092e+00,1.355684589490772640e-01,-1.402920944086422983e+00
3.300000,0.000000000000000000e+00,0.000000000000000000e+00,1.595123357089393845e-01,4.938602824332122831e-01,0.000000000000000000e+00,8.695412706910397027e-01,0.000000000000000000e+00,-8.340446436061683955e-02,-1.366728076162540551e-02,3.598374699335629007e-03,3.831561436466510845e-02,1.344358763852040728e-01,1.386891091961903882e-02,-1.331417831005244079e-01,3.549335492707168804e-02,-1.251667658792370366e-02,1.464505146147534187e-01,3.334616284606874148e-02,-4.342755427260490408e-02,2.772350811154953784e-03,3.302291370934841604e-03,-5.200000000000000178e-01,6.429427742389878242e-01,4.037223549952568408e-02,-1.469551624441968185e-01,-6.458557103739814842e-01,1.715078775060828065e+00,2.305367418391797985e-01,1.592967901133347519e+00,6.834839874262215176e-01,-1.150062686203508384e-02,1.677683347502494926e-01,-8.029862908177366476e-01,-1.651851138029480026e+00,1.368071242063493842e-01,-1.415697702942048553e+00
