0.000000,0.000000000000000000e+00,0.000000000000000000e+00,7.594907452582463359e-01,1.000000000000000000e+00,0.000000000000000000e+00,0.000000000000000000e+00,0.000000000000000000e+00,-3.119999999999999996e-01,0.000000000000000000e+00,0.000000000000000000e+00,6.690000000000000391e-01,-3.629999999999999893e-01,0.000000000000000000e+00,-3.119999999999999996e-01,0.000000000000000000e+00,0.000000000000000000e+00,6.690000000000000391e-01,-3.629999999999999893e-01,0.000000000000000000e+00,0.000000000000000000e+00,0.000000000000000000e+00,0.000000000000000000e+00,2.000000000000000111e-01,2.000000000000000111e-01,0.000000000000000000e+00,5.999999999999999778e-01,0.000000000000000000e+00,0.000000000000000000e+00,0.000000000000000000e+00,2.000000000000000111e-01,-2.000000000000000111e-01,0.000000000000000000e+00,5.999999999999999778e-01,0.000000000000000000e+00,0.000000000000000000e+00,0.000000000000000000e+00
0.010000,0.000000000000000000e+00,0.000000000000000000e+00,7.594907452582464469e-01,9.999999989026846503e-01,0.000000000000000000e+00,4.684688587109806060e-05,0.000000000000000000e+00,-3.119999999999999996e-01,0.000000000000000000e+00,0.000000000000000000e+00,6.690000000000000391e-01,-3.629999999999999893e-01,0.000000000000000000e+00,-3.119999999999999996e-01,0.000000000000000000e+00,0.000000000000000000e+00,6.690000000000000391e-01,-3.629999999999999893e-01,0.000000000000000000e+00,0.000000000000000000e+00,0.000000000000000000e+00,0.000000000000000000e+00,2.000000000000000111e-01,2.000000000000000111e-01,0.000000000000000000e+00,5.999999999999999778e-01,0.000000000000000000e+00,0.000000000000000000e+00,0.000000000000000000e+00,2.000000000000000111e-01,-2.000000000000000111e-01,0.000000000000000000e+00,5.999999999999999778e-01,0.000000000000000000e+00,0.000000000000000000e+00,0.000000000000000000e+00
0.020000,0.000000000000000000e+00,0.000000000000000000e+00,7.594907452582463359e-01,9.999999956107381571e-01,0.000000000000000000e+00,9.369377626591297154e-05,0.000000000000000000e+00,-3.223342050561142091e-01,-7.024179145595127114e-07,-1.608311800579506218e-06,6.685879922720644464e-01,-3.525574196903979995e-01,-9.668195791247783087e-08,-3.119162760490472031e-01,2.050798487919015168e-08,-1.288638036898098432e-08,6.688351993042149779e-01,-3.629185430369639143e-01,-3.094743939044026395e-08,-6.624203081358731983e-04,-1.314531959670705175e-03,7.228723532066726014e-03,1.952658587348575225e-01,2.100094235423479172e-01,6.692919644197855081e-03,6.013072454605735695e-01,-4.954001568758336846e-03,-7.077645308142124043e-04,-7.687070108249650403e-03,2.005431646596147477e-01,-1.997723679439430133e-01,7.023861592323767892e-05,6.001884915667170528e-01,2.547329839439230019e-04,-2.620196912109437875e-04,4.270435451723521379e-04
0.030000,0.000000000000000000e+00,0.000000000000000000e+00,7.594907452582462248e-01,9.999999901241598543e-01,0.000000000000000000e+00,1.405406708760103499e-04,0.000000000000000000e+00,-3.306612569287188386e-01,-7.633381722978478509e-07,-1.886263407218423514e-06,6.676115578248587035e-01,-3.432990497767057225e-01,-1.754497992317916098e-07,-3.117802605984489328e-01,4.108486730019495590e-08,-2.556136461902578289e-08,6.685657301790368656e-01,-3.627847525091528746e-01,-6.197210741095139996e-08,-1.225065230692520867e-03,-2.266157899251006538e-03,1.335509853356861912e-02,1.908620345301730581e-01,2.185184382771609701e-01,1.243663356532976466e-02,6.035526588112399837e-01,-9.393440686146743018e-03,-2.005872446390750442e-03,-1.472254164164644996e-02,2.010066050895036593e-01,-1.996125423517788600e-01,1.157576472203438573e-04,6.002944218923507158e-01,4.220307950224530319e-04,-7.988137019505529108e-04,7.219343784114812170e-04
0.040000,0.000000000000000000e+00,0.000000000000000000e+00,7.594907452582462248e-01,9.999999824429492978e-01,0.000000000000000000e+00,1.873875693929558670e-04,0.000000000000000000e+00,-3.384326099536554833e-01,-6.960834819719543172e-07,-1.947847910322056065e-06,6.662321049840812526e-01,-3.341517973395297658e-01,-2.662122628039829205e-07,-3.115865711204959809e-01,6.375239216050265183e-08,-3.938517645137391304e-08,6.681810837688204607e-01,-3.625934451984795248e-01,-9.583155157216861835e-08,-1.746784016690291434e-03,-3.065145883041831085e-03,1.910860191353569784e-02,1.863307495702065941e-01,2.266369134760977677e-01,1.793928832718515859e-02,6.066041880493037164e-01,-1.369483643153408467e-02,-3.713118465144308114e-03,-2.164221263985812924e-02,2.014782916234261201e-01,-1.994758680770817305e-01,1.550831007501523944e-04,6.004932659952543217e-01,5.329161820799967284e-04,-1.524965165064964389e-03,9.431530280778380832e-04
0.050000,0.000000000000000000e+00,0.000000000000000000e+00,7.594907452582463359e-01,9.999999725671058215e-01,0.000000000000000000e+00,2.342344715083147266e-04,0.000000000000000000e+00,-3.460531279785356018e-01,-6.176419357835202945e-07,-2.001329367516182005e-06,6.644422381001739986e-01,-3.247437562065944028e-01,-3.608829574298123826e-07,-3.113357282923980285e-01,8.779331226097841239e-08,-5.391239928097081242e-08,6.676821975182127833e-01,-3.623450479977413652e-01,-1.313642847631601771e-07,-2.248082930804711291e-03,-3.789772305555393767e-03,2.473724242301349185e-02,1.815380217908292571e-01,2.347277452141449394e-01,2.342435618927930785e-02,6.103969568021826442e-01,-1.798866277787813245e-02,-5.755250142454645251e-03,-2.864641457252354792e-02,2.019567277129214466e-01,-1.993436415290678332e-01,1.908880574147206347e-04,6.008684605260075084e-01,6.039368382954096639e-04,-2.443648278012762205e-03,1.117301471467804265e-03
0.060000,0.000000000000000000e+00,0.000000000000000000e+00,7.594907452582463359e-01,9.999999604966289812e-01,0.000000000000000000e+00,2.810813769136521730e-04,0.000000000000000000e+00,-3.536171640101912206e-01,-5.465681138747361531e-07,-2.068572612429607222e-06,6.622067210156550310e-01,-3.149494661923081806e-01,-4.535371046892719492e-07,-3.110306985170898653e-01,1.123758769609754223e-07,-6.862369084659515699e-08,6.670748802442746372e-01,-3.620424162264458956e-01,-1.672753793621727783e-07,-2.736964340438746354e-03,-4.472739686665692938e-03,3.032551523821798434e-02,1.764540628196017424e-01,2.429059980425875842e-01,2.895621852159523113e-02,6.148885764309230950e-01,-2.231356521939096421e-02,-8.096723601065169973e-03,-3.580271572066546365e-02,2.024229165837758970e-01,-1.992073989115604182e-01,2.222586287449839458e-04,6.014689526150809318e-01,6.442175198916183509e-04,-3.571702845243355726e-03,1.258292377189716357e-03
0.070000,0.000000000000000000e+00,0.000000000000000000e+00,7.594907452582463359e-01,9.999999462315184440e-01,0.000000000000000000e+00,3.279282853005332610e-04,0.000000000000000000e+00,-3.611273049368295962e-01,-4.818617250228003920e-07,-2.142958953652171039e-06,6.594897948681509581e-01,-3.047292468002769650e-01,-5.420228508594435094e-07,-3.106754664608881722e-01,1.369445431973668257e-07,-8.317776758442103002e-08,6.663670098258653862e-01,-3.616894505391559655e-01,-2.027115984407002772e-07,-3.217036716249482842e-03,-5.130511430169596918e-03,3.590225878773945639e-02,1.710817744569988197e-01,2.512039112976981459e-01,3.454704296773662697e-02,6.200467389117011452e-01,-2.667441386646247567e-02,-1.071709890350091773e-02,-4.312744490635717076e-02,2.028570671855668139e-01,-1.990627710175345289e-01,2.478239279758074048e-04,6.023269785187197467e-01,6.594013163928537542e-04,-4.922215173235979999e-03,1.374677891906166908e-03
0.080000,0.000000000000000000e+00,0.000000000000000000e+00,7.594907452582463359e-01,9.999999297717736546e-01,0.000000000000000000e+00,3.747751963605229367e-04,0.000000000000000000e+00,-3.685598171522188049e-01,-4.207204373545405376e-07,-2.218198460233252250e-06,6.562597512400628608e-01,-2.940738911340931017e-01,-6.258057531499156363e-07,-3.102744432572213107e-01,1.611608094033055975e-07,-9.737181350351024195e-08,6.655673441134892787e-01,-3.612905012098280855e-01,-2.371679964499850442e-07,-3.690215588909992114e-03,-5.773249923023617870e-03,4.147729581126790438e-02,1.654335800777918530e-01,2.596256881627377333e-01,4.019196925623930161e-02,6.258448515080257124e-01,-3.106396811690805004e-02,-1.360272595616823441e-02,-5.061767987301851041e-02,2.032419952708060806e-01,-1.989072037052582453e-01,2.664230368223782699e-04,6.034639943341979507e-01,6.535088811501105774e-04,-6.501857900221860373e-03,1.472494392116100196e-03
0.090000,0.000000000000000000e+00,0.000000000000000000e+00,7.594907452582463359e-01,9.999999111173942801e-01,0.000000000000000000e+00,4.216221097851858483e-04,0.000000000000000000e+00,-3.758840840434314878e-01,-3.614092506385464653e-07,-2.290936359405317361e-06,6.524888403201171139e-01,-2.829856246237335560e-01,-7.047417498728904688e-07,-3.098322216074567703e-01,1.848080100501251130e-07,-1.110802813457090988e-07,6.646850205391064970e-01,-3.608501146216256950e-01,-2.703379588986232640e-07,-4.157664058300885104e-03,-6.408243881249569077e-03,4.705393934566249464e-02,1.595240553684626750e-01,2.681658111518771537e-01,4.588074079288066709e-02,6.322600596914291771e-01,-3.547090241225232116e-02,-1.674364285897149418e-02,-5.826355120420476791e-02,2.035634224937802883e-01,-1.987391066472165846e-01,2.771710956882207947e-04,6.048932430017721629e-01,6.297558376529901200e-04,-8.311545367409012980e-03,1.556404975778215988e-03
0.100000,0.000000000000000000e+00,0.000000000000000000e+00,7.594907452582463359e-01,9.999998902683802093e-01,0.000000000000000000e+00,4.684690252660870234e-04,0.000000000000000000e+00,-3.830682941359648819e-01,-3.031532718187725055e-07,-2.359578805920608680e-06,6.481525776255757654e-01,-2.714714888197690135e-01,-7.786411960396339292e-07,-3.093534756993259194e-01,2.077290846526074204e-07,-1.242155256127061821e-07,6.637293491878689666e-01,-3.603729275790035214e-01,-3.020135957823065080e-07,-4.620141742737936610e-03,-7.041161540627953637e-03,5.263328114497371063e-02,1.533677150535269484e-01,2.768152282031309253e-01,5.160157141609657966e-02,6.392720772070965563e-01,-3.988275872123139137e-02,-2.013224191438844207e-02,-6.605287555153738221e-02,2.038096549070246843e-01,-1.985575106901260045e-01,2.794106578333813108e-04,6.066212915312304554e-01,5.909085513996058941e-04,-1.034753219207358924e-02,1.630196681627708692e-03
0.110000,0.000000000000000000e+00,0.000000000000000000e+00,7.594907452582463359e-01,9.999998672247308873e-01,0.000000000000000000e+00,5.153159424947906762e-04,0.000000000000000000e+00,-3.900810770814425177e-01,-2.457287511826358011e-07,-2.423314269670259011e-06,6.432292378608458483e-01,-2.595410059944229797e-01,-8.471722506215096220e-07,-3.088429217238421454e-01,2.297934293121650123e-07,-1.367071079908882044e-07,6.627097305081963707e-01,-3.598636250573813977e-01,-3.320318580335040765e-07,-5.078149228623012566e-03,-7.676571775685718871e-03,5.821566483280581766e-02,1.469784694501059530e-01,2.855634799385224909e-01,5.734244276722224448e-02,6.468623360524520249e-01,-4.428702621886833335e-02,-2.376254426503686054e-02,-7.397284486274309512e-02,2.039712102257100479e-01,-1.983619060455178440e-01,2.726598133077350896e-04,6.086491556270837711e-01,5.394466385294071492e-04,-1.260234950025685037e-02,1.697028958412715675e-03
0.120000,0.000000000000000000e+00,0.000000000000000000e+00,7.594907452582464469e-01,9.999998419864463139e-01,0.000000000000000000e+00,5.621628611628614550e-04,0.000000000000000000e+00,-3.968919735470213817e-01,-1.891945492181219155e-07,-2.481622934491301197e-06,6.376995751643422805e-01,-2.472053319740439015e-01,-9.098688256572024413e-07,-3.083053036733884311e-01,2.508808284187335629e-07,-1.484918811872147911e-07,6.616356255772377626e-01,-3.593269249097009732e-01,-3.602480466964442724e-07,-5.531998502486492296e-03,-8.318208958134763048e-03,6.380118844615977058e-02,1.403696096273321092e-01,2.943994571698916318e-01,6.309154834269260770e-02,6.550132964238407629e-01,-4.867153643753226178e-02,-2.762970046975314967e-02,-8.201060125975707937e-02,2.040405040364037248e-01,-1.981521481846859611e-01,2.565749107119846936e-04,6.109731818657203606e-01,4.776457468829865133e-04,-1.506551958160101505e-02,1.759580759094030861e-03
0.130000,0.000000000000000000e+00,0.000000000000000000e+00,7.594907452582463359e-01,9.999998145535261562e-01,0.000000000000000000e+00,6.090097809618639536e-04,0.000000000000000000e+00,-4.034715824410147200e-01,-1.337558220810697744e-07,-2.534069031372768624e-06,6.315466879204474360e-01,-2.344769317397002728e-01,-9.661562062135165899e-07,-3.077453895380676818e-01,2.708741318448213371e-07,-1.595095114131982656e-07,6.605165481439886355e-01,-3.587675738035789874e-01,-3.865235741287088705e-07,-5.981854149491572757e-03,-8.969138484495218014e-03,6.938987058824180876e-02,1.335539490227757309e-01,3.033116896142104557e-01,6.883745330156287867e-02,6.637078596563515953e-01,-5.302461238672859234e-02,-3.172959256678219153e-02,-9.015339701068725287e-02,2.040116032978622762e-01,-1.979283928733056863e-01,2.309260875795316847e-04,6.135857478278052834e-01,4.076264062878064750e-04,-1.772409276423695182e-02,1.820151206916712601e-03
0.140000,0.000000000000000000e+00,0.000000000000000000e+00,7.594907452582463359e-01,9.999997849259704141e-01,0.000000000000000000e+00,6.558567015833626033e-04,0.000000000000000000e+00,-4.097916248354607216e-01,-7.970269264748543500e-08,-2.580220531376296848e-06,6.247559607716292041e-01,-2.213694408037490402e-01,-1.015370593447507199e-06,-3.071679716021512574e-01,2.896561233576884935e-07,-1.697005697011794492e-07,6.593620653005519694e-01,-3.581903476202542014e-01,-4.107206436566686097e-07,-6.427761191232277127e-03,-9.631875650802462080e-03,7.498169973662881238e-02,1.265440016635197840e-01,3.122884695453394532e-01,7.456915934483747399e-02,6.729288603623195808e-01,-5.733513218873444173e-02,-3.605849667843200740e-02,-9.838860420324260780e-02,2.038800370594578415e-01,-1.976910469073065446e-01,1.955816799643493489e-04,6.164758140948319864e-01,3.313870396672834455e-04,-2.056305298778506735e-02,1.880734907813336665e-03
0.150000,0.000000000000000000e+00,0.000000000000000000e+00,7.594907452582464469e-01,9.999997531037788656e-01,0.000000000000000000e+00,7.027036227189210763e-04,0.000000000000000000e+00,-4.158249893550039489e-01,-2.738542844745566371e-08,-2.619619838061517934e-06,6.173150450406628131e-01,-2.078975938560899406e-01,-1.056769848576505537e-06,-3.065778681630115243e-01,3.071083277904912956e-07,-1.790057911672658108e-07,6.581818011522931888e-01,-3.576000534009116660e-01,-4.327001599947190157e-07,-6.869665585105989326e-03,-1.030847665436722405e-02,8.057664312652992877e-02,1.193521598017543012e-01,3.213179135316394097e-01,8.027613764784707895e-02,6.826586249090959013e-01,-6.159256519681052811e-02,-4.061279120416851074e-02,-1.067036732250356834e-01,2.036426534124513299e-01,-1.974407294218701592e-01,1.504985991960447727e-04,6.196293540896897767e-01,2.508283340799170825e-04,-2.356562579659764178e-02,1.943080618528823019e-03
0.160000,0.000000000000000000e+00,0.000000000000000000e+00,7.594907452582464469e-01,9.999997190869515107e-01,0.000000000000000000e+00,7.495505440601044544e-04,0.000000000000000000e+00,-4.215457752344380360e-01,2.279372835403135480e-08,-2.651773429166414689e-06,6.092138586105473319e-01,-1.940771791483623387e-01,-1.089537732547665437e-06,-3.059799255257346084e-01,3.231106989825085386e-07,-1.873658514862639602e-07,6.569854410638937825e-01,-3.570015315802132494e-01,-4.523211155452939615e-07,-7.307429991181434506e-03,-1.100060941978115922e-02,8.617464184802561822e-02,1.119908606891209385e-01,3.303879976401279395e-01,8.594835059909314290e-02,6.928785872591591843e-01,-6.578700088780677080e-02,-4.538870339873582460e-02,-1.150860767375106591e-01,2.032975135792513821e-01,-1.971782414061219457e-01,9.571682799098743533e-05,6.230296834182311727e-01,1.677719785770466693e-04,-2.671351173585066047e-02,2.008737405915925894e-03
0.170000,0.000000000000000000e+00,0.000000000000000000e+00,7.594907452582463359e-01,9.999996828754883493e-01,0.000000000000000000e+00,7.963974652984760847e-04,0.000000000000000000e+00,-4.269293366689914659e-01,7.038129056025254554e-08,-2.676148122776577126e-06,6.004445974628189742e-01,-1.799250046657537294e-01,-1.112784098456882033e-06,-3.053790197745548940e-01,3.375417087229724706e-07,-1.947213680189451875e-07,6.557827354236165363e-01,-3.563996579548735499e-01,-4.694406474084162763e-07,-7.740846179635358683e-03,-1.170960819214583552e-02,9.177560136151052816e-02,1.044727407691538323e-01,3.394865784231371197e-01,9.157626893846292082e-02,7.035689549476681348e-01,-6.990917708659623309e-02,-5.038208944813445805e-02,-1.235232525036327467e-01,2.028438159012646569e-01,-1.969045420307143357e-01,3.135687640043050147e-05,6.266577067763797748e-01,8.397516595646751646e-05,-2.998706108118569594e-02,2.079090655141761605e-03
0.180000,0.000000000000000000e+00,0.000000000000000000e+00,7.594907452582464469e-01,9.999996444693893816e-01,0.000000000000000000e+00,8.432443861256009405e-04,0.000000000000000000e+00,-4.319523293454384238e-01,1.148698548057417805e-07,-2.692169517080073089e-06,5.910017568986918324e-01,-1.654588722624005248e-01,-1.125542679647922377e-06,-3.047800580961965156e-01,3.502786241181566711e-07,-2.010129967462504395e-07,6.545835024478831032e-01,-3.557993451369725890e-01,-4.839144046790912858e-07,-8.169644967809612177e-03,-1.243651442978664298e-02,9.737938050414639279e-02,9.681077805388942081e-02,3.486014040726884144e-01,9.715088615137570938e-02,7.147084191650907581e-01,-7.395050914644900331e-02,-5.558824404367567612e-02,-1.320025498170406264e-01,2.022818439533340951e-01,-1.966207308027684841e-01,-4.238055954955891990e-05,6.304920972973147020e-01,1.141619771877341524e-06,-3.336540138349127632e-02,2.155389510570455882e-03
0.190000,0.000000000000000000e+00,0.000000000000000000e+00,7.594907452582463359e-01,9.999996038686548294e-01,0.000000000000000000e+00,8.900913062330428026e-04,0.000000000000000000e+00,-4.365927598162236412e-01,1.556937537155380389e-07,-2.699221095196832141e-06,5.808821635263747840e-01,-1.506975598237407787e-01,-1.126767420756336612e-06,-3.041879795456963742e-01,3.611978800351502966e-07,-2.061815686621779666e-07,6.533976297934773747e-01,-3.552055433697511866e-01,-4.955970668502709576e-07,-8.593504355962204230e-03,-1.318210587814286176e-02,1.029857799126414342e-01,8.901842392097417123e-02,3.577201173582061910e-01,1.026637304247377952e-01,7.262739040131266366e-01,-7.790311999555463163e-02,-6.100173607144283167e-02,-1.405111811688083412e-01,2.016129341498152372e-01,-1.963280347848805896e-01,-1.252132581027465004e-04,6.345094204686620998e-01,-7.907036405390895377e-05,-3.682652642381568225e-02,2.238766928254028871e-03
0.200000,0.000000000000000000e+00,0.000000000000000000e+00,7.594907452582462248e-01,9.999995610732846929e-01,0.000000000000000000e+00,9.369382253123662106e-04,0.000000000000000000e+00,-4.408300387311965274e-01,1.922237695522453882e-07,-2.696643537529763209e-06,5.700850208775662953e-01,-1.356608131702115028e-01,-1.115327881108869315e-06,-3.036077551936446350e-01,3.701755075331120588e-07,-2.101682419076542023e-07,6.522350748476146709e-01,-3.546232406375370849e-01,-5.043429455553553692e-07,-9.012056410539094967e-03,-1.394691532103654180e-02,1.085945300567917188e-01,8.110972536563122726e-02,3.668302509763106123e-01,1.081068740037269271e-01,7.382403511204936875e-01,-8.175987041091346830e-02,-6.661626766288950008e-02,-1.490361797165491442e-01,2.008394590936476154e-01,-1.960278002679492482e-01,-2.167748283856372213e-04,6.386842124695185641e-01,-1.550425065117784940e-04,-4.034735320602653164e-02,2.330253261451576113e-03
0.210000,0.000000000000000000e+00,0.000000000000000000e+00,7.594907452582463359e-01,9.999995160832790830e-01,0.000000000000000000e+00,9.837851430551344031e-04,0.000000000000000000e+00,-4.446450394279781171e-01,2.237612605139828527e-07,-2.683734160586495843e-06,5.586119727960815462e-01,-1.203693502918259245e-01,-1.090004052373572474e-06,-3.030443876139291004e-01,3.770876013935125847e-07,-2.129146593650361591e-07,6.511058636090812923e-01,-3.540574620240190540e-01,-5.100066404204054670e-07,-9.424893366783008639e-03,-1.473124023320813297e-02,1.142052788566443183e-01,7.309943831952674109e-02,3.759192155888987363e-01,1.134729396915422767e-01,7.505805369423108608e-01,-8.551438874153723113e-02,-7.242455452617935219e-02,-1.575643627952768577e-01,1.999648236091787767e-01,-1.957214884052567161e-01,-3.166110482558234991e-04,6.429890209345566765e-01,-2.251934912889169346e-04,-4.390375221372236347e-02,2.430784113696491961e-03
0.220000,0.000000000000000000e+00,0.000000000000000000e+00,7.594907452582463359e-01,9.999994688986383329e-01,0.000000000000000000e+00,1.030632059152912462e-03,0.000000000000000000e+00,-4.480201639391299118e-01,2.495319344586866707e-07,-2.659746558049546172e-06,5.464671899201445360e-01,-1.048448811548198800e-01,-1.049480904065429320e-06,-3.025029096797051675e-01,3.818108195215773807e-07,-2.143631073034331582e-07,6.500200880920894431e-01,-3.535132682828237005e-01,-5.124437364965431027e-07,-9.831573368235979604e-03,-1.553514435315274736e-02,1.198175788216447324e-01,6.500313216303116315e-02,3.849742807166279812e-01,1.187551042623591624e-01,7.632649211944966261e-01,-8.916109929651955257e-02,-7.841822617362555203e-02,-1.660823016473803315e-01,1.989934709267998647e-01,-1.954106744071282264e-01,-4.241754072597520150e-04,6.473944147002413940e-01,-2.879780472507235023e-04,-4.747055513474132682e-02,2.541203051229114392e-03
0.230000,0.000000000000000000e+00,0.000000000000000000e+00,7.594907452582463359e-01,9.999994195193625535e-01,0.000000000000000000e+00,1.077478973297264168e-03,0.000000000000000000e+00,-4.509394191244346928e-01,2.686795224628006517e-07,-2.623890621475620595e-06,5.336574858706740754e-01,-8.911014697498599590e-02,-9.923430579812510640e-07,-3.019883826394325621e-01,3.842229107621111742e-07,-2.144566730535117077e-07,6.489879021932764003e-01,-3.529957535890371756e-01,-5.115115374043982213e-07,-1.023162622055255253e-02,-1.635845204422335664e-02,1.254308736886248221e-01,5.683728506821006388e-02,3.939825486566617685e-01,1.239470986254998658e-01,7.762615259584094707e-01,-9.269524863977265938e-02,-8.458774534791206612e-02,-1.745762975695097641e-01,1.979308968761710197e-01,-1.950970499643764067e-01,-5.388240396807984995e-04,6.518689679779996471e-01,-3.418879869109085474e-04,-5.102154350954109241e-02,2.662259658892181420e-03
0.240000,0.000000000000000000e+00,0.000000000000000000e+00,7.594907452582463359e-01,9.999993679454521889e-01,0.000000000000000000e+00,1.124325885179753735e-03,0.000000000000000000e+00,-4.533885064148775457e-01,2.802597105706534053e-07,-2.575333227910322904e-06,5.201924712893563063e-01,-7.318898361367057182e-02,-9.170701865590517296e-07,-3.015058934477179986e-01,3.842032691367019714e-07,-2.131394007094692731e-07,6.480195159684328798e-01,-3.525100424436323765e-01,-5.070698308306260439e-07,-1.062455950617574932e-02,-1.720073621021114482e-02,1.310444846073191560e-01,4.861936934570072061e-02,4.029309216613534139e-01,1.290432046556361789e-01,7.895358459938633944e-01,-9.611292905736169845e-02,-9.092234660076645159e-02,-1.830323647078998806e-01,1.967836702119335479e-01,-1.947824286156705498e-01,-6.598102114705800200e-04,6.563792235888017412e-01,-3.854550469683598536e-04,-5.452942123099095706e-02,2.794603347365329747e-03
0.250000,0.000000000000000000e+00,0.000000000000000000e+00,7.594907452582463359e-01,9.999993141769075722e-01,0.000000000000000000e+00,1.171172794491945812e-03,0.000000000000000000e+00,-4.553549295951751508e-01,2.832348777612705820e-07,-2.513200030350296651e-06,5.060847557335169666e-01,-5.710641468444353774e-02,-8.220340457415007603e-07,-3.010605513284341228e-01,3.816335113751079460e-07,-2.103564434872086132e-07,6.471251882713588977e-01,-3.520612857059116640e-01,-4.989816819978315416e-07,-1.100986538108411107e-02,-1.806130047688443013e-02,1.366575960141666046e-01,4.036792554971481428e-02,4.118060627331114887e-01,1.340382486779683469e-01,8.030507916796479906e-01,-9.941109847577592196e-02,-9.740999456591517558e-02,-1.914362197523997999e-01,1.955594573538860237e-01,-1.944687537996570847e-01,-7.862785196225808128e-04,6.608896393493663979e-01,-4.172553924097199005e-04,-5.796577347828042043e-02,2.938773273257315206e-03
0.260000,0.000000000000000000e+00,0.000000000000000000e+00,7.594907452582463359e-01,9.999992582137289254e-01,0.000000000000000000e+00,1.218019700925404613e-03,0.000000000000000000e+00,-4.568281261829832962e-01,2.764704819425936538e-07,-2.436578999060661369e-06,4.913502097002086511e-01,-4.088878110598073712e-02,-7.054985293249635767e-07,-3.006574835511577337e-01,3.763980746818344278e-07,-2.060542115876191259e-07,6.463152177147833966e-01,-3.516546557331464706e-01,-4.871142506329148605e-07,-1.138702835147068979e-02,-1.893915634097415382e-02,1.422692414433744945e-01,3.210262374204025243e-02,4.205943505533208948e-01,1.389275916634777619e-01,8.167666667123939517e-01,-1.025875961106513107e-01,-1.040373629653921911e-01,-1.997732787695276069e-01,1.942670498822808012e-01,-1.941581093379800838e-01,-9.172589729347204249e-04,6.653625213959264428e-01,-4.359156500589470907e-04,-6.130101448460942987e-02,3.095184715885036970e-03
0.270000,0.000000000000000000e+00,0.000000000000000000e+00,7.594907452582463359e-01,9.999992000559169147e-01,0.000000000000000000e+00,1.264866604171693918e-03,0.000000000000000000e+00,-4.577996293040011433e-01,2.587343681270873452e-07,-2.344526662448299499e-06,4.760083017650009740e-01,-2.456391522978473158e-02,-5.656248262717939088e-07,-3.003018304063146404e-01,3.683848310989503048e-07,-2.001805143060945940e-07,6.455999319225010913e-01,-3.512953406115573718e-01,-4.713396260516378852e-07,-1.175553430332511480e-02,-1.983299601968379136e-02,1.478782896468503194e-01,2.384431005112702326e-02,4.292818292644755562e-01,1.437071162444631955e-01,8.306411831822713143e-01,-1.056411531206739168e-01,-1.107898357630088676e-01,-2.080286613678520580e-01,1.929163930960995366e-01,-1.938527320814452393e-01,-1.051661149507803015e-03,6.697579481470736784e-01,-4.401203311928944604e-04,-6.450432650193356487e-02,3.264112264148063235e-03
0.280000,0.000000000000000000e+00,0.000000000000000000e+00,7.594907452582463359e-01,9.999991397034717622e-01,0.000000000000000000e+00,1.311713503922379027e-03,0.000000000000000000e+00,-4.582632685107412285e-01,2.287009091588933671e-07,-2.236078427394139525e-06,4.600825289813628149e-01,-8.161369316560324744e-03,-4.004847736256477041e-07,-2.999987393699758420e-01,3.574857121593737653e-07,-1.926846939620549452e-07,6.449896750536217027e-01,-3.509885374690772109e-01,-4.515356716995326400e-07,-1.211488102789003672e-02,-2.074116180246986935e-02,1.534834315296088325e-01,1.561503651248166355e-02,4.378541540571887491e-01,1.483732107022923130e-01,8.446295168465044467e-01,-1.085713975384863111e-01,-1.176515320956242755e-01,-2.161872022986461028e-01,1.915186138247337022e-01,-1.935550264201454373e-01,-1.188268669530041788e-03,6.740336887270410582e-01,-4.286204866160120788e-04,-6.754359242482886605e-02,3.445670201943177528e-03
0.290000,0.000000000000000000e+00,0.000000000000000000e+00,7.594907452582463359e-01,9.999990771563941339e-01,0.000000000000000000e+00,1.358560399869023936e-03,0.000000000000000000e+00,-4.582154197031921838e-01,1.849627997587146205e-07,-2.110264962225717020e-06,4.436009622021049870e-01,8.287290007896675609e-03,-2.080869369053031844e-07,-2.997533584559015640e-01,3.435973383095629191e-07,-1.835177498181933865e-07,6.444947935939201455e-01,-3.507394448678836651e-01,-4.275868709076840077e-07,-1.246459044736825984e-02,-2.166161280628479610e-02,1.590831685508705406e-01,7.438072170414424325e-03,4.462965337666888188e-01,1.529227501056334704e-01,8.586844052744279088e-01,-1.113788527588548127e-01,-1.246053566334552748e-01,-2.242334704563800074e-01,1.900860454883696316e-01,-1.932675803117561986e-01,-1.325734282671450336e-03,6.781451199817831732e-01,-4.002434126015274847e-04,-7.038532475969398738e-02,3.639790538415664002e-03
0.300000,0.000000000000000000e+00,0.000000000000000000e+00,7.594907452582464469e-01,9.999990124146845849e-01,0.000000000000000000e+00,1.405407291703193512e-03,0.000000000000000000e+00,-4.576553160546124044e-01,1.260546261299121358e-07,-1.966137470004627642e-06,4.265969315895119518e-01,2.474810774670590033e-02,1.357800936208665034e-08,-2.995708287603365827e-01,3.266216447559972115e-07,-1.726324489181027346e-07,6.441256204259954155e-01,-3.505532542836153342e-01,-3.993851621441723178e-07,-1.280422269488034476e-02,-2.259189015750355869e-02,1.646758033871537075e-01,-6.621064123878486751e-04,4.545936719418636751e-01,1.573530747866899171e-01,8.727562909786122924e-01,-1.140649288942345713e-01,-1.316330768066375223e-01,-2.321517950543247055e-01,1.886322481370796833e-01,-1.929931824235276150e-01,-1.462575948155092880e-03,6.820451467104415855e-01,-3.539031941177461045e-04,-7.299459396527747945e-02,3.846199206522825549e-03
0.310000,0.000000000000000000e+00,0.000000000000000000e+00,7.594907452582463359e-01,9.999989454783435594e-01,0.000000000000000000e+00,1.452254179116452184e-03,0.000000000000000000e+00,-4.565854333540163568e-01,5.049414909384558592e-08,-1.802805833014763155e-06,4.091098807049987629e-01,4.118427166956081797e-02,2.664631984326593725e-07,-2.994562762141373957e-01,3.064664952886882656e-07,-1.599834209113711335e-07,6.438924572091644372e-01,-3.504351406884271269e-01,-3.668307514842040361e-07,-1.313339213788478760e-02,-2.352908175826023962e-02,1.702594337932313295e-01,-8.659846726057233990e-03,4.627297080949931418e-01,1.616619663340001234e-01,8.867935106236041198e-01,-1.166319063690137714e-01,-1.387154278523500261e-01,-2.399262985101026369e-01,1.871720208720682732e-01,-1.927348399165950132e-01,-1.597174381924544974e-03,6.856841303920010455e-01,-2.886118350938448565e-04,-7.533495963513789362e-02,4.064391045408096217e-03
0.320000,0.000000000000000000e+00,0.000000000000000000e+00,7.594907452582464469e-01,9.999988763473719455e-01,0.000000000000000000e+00,1.499101061800365686e-03,0.000000000000000000e+00,-4.550119639357213530e-01,-4.315027722189281220e-08,-1.619495152134869145e-06,3.911864191298553006e-01,5.755553230955753885e-02,5.523495396428399998e-07,-2.994148025670230195e-01,2.830462739814189230e-07,-1.455272332747159739e-07,6.438055551216232963e-01,-3.503902522665330865e-01,-3.298328878328061024e-07,-1.345178535335320343e-02,-2.446978793027581450e-02,1.758319507179085528e-01,-1.652837487205067318e-02,4.706881610496937984e-01,1.658476212526931726e-01,9.007425298853245499e-01,-1.190829112243440568e-01,-1.458322458603283078e-01,-2.475409352875680424e-01,1.857214036754211428e-01,-1.924957963305782283e-01,-1.727772657671719850e-03,6.890098324973396027e-01,-2.034906869852752987e-04,-7.736840852951543113e-02,4.293604283619616852e-03
0.330000,0.000000000000000000e+00,0.000000000000000000e+00,7.594907452582463359e-01,9.999988050217702984e-01,0.000000000000000000e+00,1.545947939446497580e-03,0.000000000000000000e+00,-4.529453924819600297e-01,-1.561544470221337816e-07,-1.415628192269691304e-06,3.728816016757029450e-01,7.381749629070392948e-02,8.726694532585250098e-07,-2.994514756400493138e-01,2.562824436896458451e-07,-1.292224430004198732e-07,6.438750940413355828e-01,-3.504236993035897418e-01,-2.883105849903394007e-07,-1.375918096545021042e-02,-2.541008935322685777e-02,1.813910418194642216e-01,-2.423987320980147686e-02,4.784518764542930458e-01,1.699086223971147946e-01,9.145482215197898723e-01,-1.214218817506654280e-01,-1.529626279158725899e-01,-2.549795356120662104e-01,1.842976652596849396e-01,-1.922795489567091509e-01,-1.852478573515616142e-03,6.919673794244051157e-01,-9.778184968653718528e-05,-7.905530407827164596e-02,4.532795345413861629e-03
0.340000,0.000000000000000000e+00,0.000000000000000000e+00,7.594907452582463359e-01,9.999987315015392841e-01,0.000000000000000000e+00,1.592794811746413818e-03,0.000000000000000000e+00,-4.504011830038275876e-01,-2.894793780332803371e-07,-1.190943664213785715e-06,3.542604538193220298e-01,8.992078155236880865e-02,1.228245815845132433e-06,-2.995713188945622329e-01,2.261040600039715027e-07,-1.110296208203605219e-07,6.441111602678324388e-01,-3.505405423049008928e-01,-2.421932740594085532e-07,-1.405547114336401851e-02,-2.634551881592448602e-02,1.869342015634560261e-01,-3.176558017332982431e-02,4.860029805946077253e-01,1.738439082177167805e-01,9.281541817305234421e-01,-1.236535262551040903e-01,-1.600851170719689298e-01,-2.622258526172350779e-01,1.829192731108556236e-01,-1.920898650232090721e-01,-1.969270628242587255e-03,6.944992571586067198e-01,2.914081408150227814e-05,-8.035435265015933304e-02,4.780614905542122060e-03
0.350000,0.000000000000000000e+00,0.000000000000000000e+00,7.594907452582463359e-01,9.999986557866797909e-01,0.000000000000000000e+00,1.639641678391679045e-03,0.000000000000000000e+00,-4.474005770339878341e-01,-4.435381222319899133e-07,-9.456629493904115302e-07,3.353997433885144153e-01,1.058100329175487714e-01,1.618914396557767802e-06,-2.997793003788745692e-01,1.924482282411820806e-07,-9.091134358142440494e-08,6.445237229145881486e-01,-3.507457794119576699e-01,-1.914213682896061387e-07,-1.434068443102397630e-02,-2.727103836812613466e-02,1.924587490556065039e-01,-3.907591013824231185e-02,4.933228426047208681e-01,1.776527397860296342e-01,9.415030770899572854e-01,-1.257832719999741611e-01,-1.671779082666590144e-01,-2.692636111083214767e-01,1.816058414555404843e-01,-1.919307959605441039e-01,-2.076008581995473362e-03,6.965453449160458055e-01,1.777614359722846623e-04,-8.122259259549170773e-02,5.035386214165789472e-03
0.360000,0.000000000000000000e+00,0.000000000000000000e+00,7.594907452582463359e-01,9.999985778771925959e-01,0.000000000000000000e+00,1.686488539073860080e-03,0.000000000000000000e+00,-4.439714854897225393e-01,-6.178629898723101491e-07,-6.807203047920254244e-07,3.163899613405294908e-01,1.214228155155232247e-01,2.042991134290609370e-06,-3.000803211272481952e-01,1.552604907771249418e-07,-6.883215029701578759e-08,6.451226091298500886e-01,-3.510443332017155749e-01,-1.359467220245011067e-07,-1.461500944620537472e-02,-2.818102349467943232e-02,1.979618546476642205e-01,-4.614058988977557535e-02,5.003920470254342723e-01,1.813346654707641004e-01,9.545370112138555907e-01,-1.278172056032549908e-01,-1.742190695094029962e-01,-2.760765557574449969e-01,1.803780524561602594e-01,-1.918066889676063036e-01,-2.170449694770267002e-03,6.980429982396023636e-01,3.484130741462507707e-04,-8.161541279390725767e-02,5.295086799899420202e-03
0.370000,0.000000000000000000e+00,0.000000000000000000e+00,7.594907452582463359e-01,9.999984977730784763e-01,0.000000000000000000e+00,1.733335393484522003e-03,0.000000000000000000e+00,-4.401494272360415017e-01,-8.106447816815693394e-07,-3.980727124071801806e-07,2.973374121600279030e-01,1.366884358943478428e-01,2.496541420993911904e-06,-3.004792030994531959e-01,1.144951326395166874e-07,-4.475845770161579954e-08,6.459174783327549241e-01,-3.514410369682480217e-01,-7.573296605137871870e-08,-1.487881884983816710e-02,-2.906925593435965779e-02,2.034405761400933932e-01,-5.292880686007899599e-02,5.071903783977356195e-01,1.848894830366828168e-01,9.671978972995651791e-01,-1.297620054511879617e-01,-1.811867707908162428e-01,-2.826484961993727674e-01,1.792575455531346951e-01,-1.917221950612212900e-01,-2.250271827309446946e-03,6.989271932385632269e-01,5.412702347101932838e-04,-8.148660814425587318e-02,5.557334735140307715e-03
0.380000,0.000000000000000000e+00,0.000000000000000000e+00,7.594907452582463359e-01,9.999984154743385423e-01,0.000000000000000000e+00,1.780182241315229246e-03,0.000000000000000000e+00,-4.359784230844682695e-01,-1.018117182252175799e-06,-1.011034695956813293e-07,2.783662205234769260e-01,1.515267898604077679e-01,2.972411770183552715e-06,-3.009806767626088675e-01,7.011539346801526916e-08,-1.865843116702374925e-08,6.469177956799724294e-01,-3.519406206013258043e-01,-1.075570199701702604e-08,-1.513269285398391971e-02,-2.992892674383830498e-02,2.088919050831371527e-01,-5.940936296147485141e-02,5.136968192173556602e-01,1.883171988270934127e-01,9.794278197452651602e-01,-1.316248669091170387e-01,-1.880595113478379377e-01,-2.889633461898847844e-01,1.782667695633593785e-01,-1.916822727557202233e-01,-2.313104634739658258e-03,6.991307448212646936e-01,7.563434037326091175e-04,-8.078848007781531948e-02,5.819380716746601172e-03
0.390000,0.000000000000000000e+00,0.000000000000000000e+00,7.594907452582463359e-01,9.999983309809734600e-01,0.000000000000000000e+00,1.827029082257548842e-03,0.000000000000000000e+00,-4.359784230844682695e-01,-1.018117182252175799e-06,-1.011034695956813293e-07,2.783662205234769260e-01,1.515267898604077679e-01,2.972411770183552715e-06,-3.009806767626088675e-01,7.011539346801526916e-08,-1.865843116702374925e-08,6.469177956799724294e-01,-3.519406206013258043e-01,-1.075570199701702604e-08,-1.513269285398391971e-02,-2.992892674383830498e-02,2.088919050831371527e-01,-5.940936296147485141e-02,5.136968192173556602e-01,1.883171988270934127e-01,9.794278197452651602e-01,-1.316248669091170387e-01,-1.880595113478379377e-01,-2.889633461898847844e-01,1.782667695633593785e-01,-1.916822727557202233e-01,-2.313104634739658258e-03,6.991307448212646936e-01,7.563434037326091175e-04,-8.078848007781531948e-02,5.819380716746601172e-03
0.400000,0.000000000000000000e+00,0.000000000000000000e+00,7.594907452582464469e-01,9.999982442929844506e-01,0.000000000000000000e+00,1.873875916003047174e-03,0.000000000000000000e+00,-4.316559579461212715e-01,-2.587614919173557075e-06,6.441087197602733482e-07,2.543522204123733199e-01,1.712116055177791141e-01,5.313834248854987845e-06,-3.020516152933021559e-01,-9.472488831316944193e-08,8.104000772617738834e-08,6.490460200979929484e-01,-3.530011731596606195e-01,2.344212806813997193e-07,-1.541703473727251868e-02,-3.171592699064545995e-02,2.179793768130576792e-01,-6.659986719783488052e-02,5.237020488303181232e-01,1.935917191474253729e-01,9.916602691458974439e-01,-1.349348724461238436e-01,-1.950791734037188030e-01,-2.975724272937737558e-01,1.767663693983164974e-01,-1.915654731035894009e-01,-2.404795665136163097e-03,6.983401483309460422e-01,1.330993718962151032e-03,-7.847198698713009346e-02,6.456717816552139111e-03
0.410000,0.000000000000000000e+00,0.000000000000000000e+00,7.594907452582463359e-01,9.999981554103725134e-01,0.000000000000000000e+00,1.920722742243289758e-03,0.000000000000000000e+00,-4.259522631761770706e-01,-2.778085037843929802e-06,1.207790607138368783e-06,2.328201191673230364e-01,1.871288365282859356e-01,5.972162798093155957e-06,-3.030364117171934768e-01,-1.396688779255532012e-07,1.062085342769150538e-07,6.510157562603337000e-01,-3.539864398290591962e-01,2.990673051063950757e-07,-1.571592526791053268e-02,-3.275554650419085917e-02,2.245937873529247619e-01,-7.260742494614003117e-02,5.305945838330254904e-01,1.974073810647479221e-01,1.003186141564688105e+00,-1.371834679524114309e-01,-2.020974600884914985e-01,-3.042137972481383512e-01,1.759135752657759455e-01,-1.916436011319033184e-01,-2.420936473047017624e-03,6.963538880512538665e-01,1.701515274717482719e-03,-7.578176470964123612e-02,6.841080129684276590e-03
0.420000,0.000000000000000000e+00,0.000000000000000000e+00,7.594907452582463359e-01,9.999980643331385366e-01,0.000000000000000000e+00,1.967569560669844061e-03,0.000000000000000000e+00,-4.259522631761770706e-01,-2.778085037843929802e-06,1.207790607138368783e-06,2.328201191673230364e-01,1.871288365282859356e-01,5.972162798093155957e-06,-3.030364117171934768e-01,-1.396688779255532012e-07,1.062085342769150538e-07,6.510157562603337000e-01,-3.539864398290591962e-01,2.990673051063950757e-07,-1.571592526791053268e-02,-3.275554650419085917e-02,2.245937873529247619e-01,-7.260742494614003117e-02,5.305945838330254904e-01,1.974073810647479221e-01,1.003186141564688105e+00,-1.371834679524114309e-01,-2.020974600884914985e-01,-3.042137972481383512e-01,1.759135752657759455e-01,-1.916436011319033184e-01,-2.420936473047017624e-03,6.963538880512538665e-01,1.701515274717482719e-03,-7.578176470964123612e-02,6.841080129684276590e-03
0.430000,0.000000000000000000e+00,0.000000000000000000e+00,7.594907452582463359e-01,9.999979710612838524e-01,0.000000000000000000e+00,2.014416370974275380e-03,0.000000000000000000e+00,-4.202252255151531224e-01,-3.695988671693373065e-06,1.900007993386054857e-06,2.099788728403494953e-01,2.042992145134332194e-01,7.522443513387006757e-06,-3.047339088504593119e-01,-3.461674655592309493e-07,2.311673146109547754e-07,6.543955466134850907e-01,-3.556724580031256355e-01,6.040548664966165107e-07,-1.597208100889292021e-02,-3.435797334882893100e-02,2.338214191371966733e-01,-7.837318575133828125e-02,5.392154734052526655e-01,2.022923233001625853e-01,1.013770527169365998e+00,-1.403327951757086800e-01,-2.091739230992273602e-01,-3.118520492153143420e-01,1.749369637915241804e-01,-1.918257320330756799e-01,-2.451988001392622993e-03,6.921266584470885386e-01,2.389338503546088472e-03,-7.049472071970952491e-02,7.486842428572065486e-03
0.440000,0.000000000000000000e+00,0.000000000000000000e+00,7.594907452582463359e-01,9.999978755948095710e-01,0.000000000000000000e+00,2.061263172848153136e-03,0.000000000000000000e+00,-4.202252255151531224e-01,-3.695988671693373065e-06,1.900007993386054857e-06,2.099788728403494953e-01,2.042992145134332194e-01,7.522443513387006757e-06,-3.047339088504593119e-01,-3.461674655592309493e-07,2.311673146109547754e-07,6.543955466134850907e-01,-3.556724580031256355e-01,6.040548664966165107e-07,-1.597208100889292021e-02,-3.435797334882893100e-02,2.338214191371966733e-01,-7.837318575133828125e-02,5.392154734052526655e-01,2.022923233001625853e-01,1.013770527169365998e+00,-1.403327951757086800e-01,-2.091739230992273602e-01,-3.118520492153143420e-01,1.749369637915241804e-01,-1.918257320330756799e-01,-2.451988001392622993e-03,6.921266584470885386e-01,2.389338503546088472e-03,-7.049472071970952491e-02,7.486842428572065486e-03
0.450000,0.000000000000000000e+00,0.000000000000000000e+00,7.594907452582463359e-01,9.999977779337169137e-01,0.000000000000000000e+00,2.108109965983041758e-03,0.000000000000000000e+00,-4.140221717150664449e-01,-4.126675047240030109e-06,2.480062336857131636e-06,1.885979081885355291e-01,2.195600131712477643e-01,8.432362166929966915e-06,-3.070374059931122446e-01,-5.853291533488834599e-07,3.759537711339343278e-07,6.589860240650562417e-01,-3.579632747615840160e-01,9.577454059389059699e-07,-1.623191095894450237e-02,-3.592267994679009674e-02,2.437616591299038571e-01,-8.303235042677539757e-02,5.472539788552569506e-01,2.072256423922111679e-01,1.022880907225271807e+00,-1.436758189663770169e-01,-2.162805976269332187e-01,-3.190850173769056441e-01,1.743907889160175861e-01,-1.922618637737107117e-01,-2.429597418370946747e-03,6.847399387485517686e-01,3.218396566312675677e-03,-6.239863413060083713e-02,8.183193992636192057e-03
0.460000,0.000000000000000000e+00,0.000000000000000000e+00,7.594907452582463359e-01,9.999976780780069907e-01,0.000000000000000000e+00,2.154956750070510449e-03,0.000000000000000000e+00,-4.140221717150664449e-01,-4.126675047240030109e-06,2.480062336857131636e-06,1.885979081885355291e-01,2.195600131712477643e-01,8.432362166929966915e-06,-3.070374059931122446e-01,-5.853291533488834599e-07,3.759537711339343278e-07,6.589860240650562417e-01,-3.579632747615840160e-01,9.577454059389059699e-07,-1.623191095894450237e-02,-3.592267994679009674e-02,2.437616591299038571e-01,-8.303235042677539757e-02,5.472539788552569506e-01,2.072256423922111679e-01,1.022880907225271807e+00,-1.436758189663770169e-01,-2.162805976269332187e-01,-3.190850173769056441e-01,1.743907889160175861e-01,-1.922618637737107117e-01,-2.429597418370946747e-03,6.847399387485517686e-01,3.218396566312675677e-03,-6.239863413060083713e-02,8.183193992636192057e-03
0.470000,0.000000000000000000e+00,0.000000000000000000e+00,7.594907452582463359e-01,9.999975760276812453e-01,0.000000000000000000e+00,2.201803524802126242e-03,0.000000000000000000e+00,-4.140221717150664449e-01,-4.126675047240030109e-06,2.480062336857131636e-06,1.885979081885355291e-01,2.195600131712477643e-01,8.432362166929966915e-06,-3.070374059931122446e-01,-5.853291533488834599e-07,3.759537711339343278e-07,6.589860240650562417e-01,-3.579632747615840160e-01,9.577454059389059699e-07,-1.623191095894450237e-02,-3.592267994679009674e-02,2.437616591299038571e-01,-8.303235042677539757e-02,5.472539788552569506e-01,2.072256423922111679e-01,1.022880907225271807e+00,-1.436758189663770169e-01,-2.162805976269332187e-01,-3.190850173769056441e-01,1.743907889160175861e-01,-1.922618637737107117e-01,-2.429597418370946747e-03,6.847399387485517686e-01,3.218396566312675677e-03,-6.239863413060083713e-02,8.183193992636192057e-03
0.480000,0.000000000000000000e+00,0.000000000000000000e+00,7.594907452582463359e-01,9.999976987401463235e-01,0.000000000000000000e+00,2.145347154087256548e-03,0.000000000000000000e+00,-4.076248950095742729e-01,5.617384866997395425e-06,-3.209622088809217817e-06,1.714628733195338872e-01,2.303845789025108781e-01,-2.748578220128007445e-06,-3.108454249253220780e-01,-4.024167782960141751e-05,2.081557110247771707e-05,6.669869443916067731e-01,-3.621585561174052725e-01,4.451657332965475319e-05,-1.658696857524811358e-02,-3.839538095839742371e-02,2.502877676576812371e-01,-8.565595950521462387e-02,5.544920342483512510e-01,2.119657608868349974e-01,1.033335634716296303e+00,-1.462776834073887255e-01,-2.259645179438105056e-01,-3.251312434245978711e-01,1.746752389423532892e-01,-1.924396326362939891e-01,-2.413385129751214209e-03,6.778944617555827667e-01,4.158691790174065019e-03,-5.615859643892227859e-02,9.039332954200798853e-03
0.490000,0.000000000000000000e+00,0.000000000000000000e+00,7.594907452582463359e-01,9.999978182652957681e-01,0.000000000000000000e+00,2.088890769876451149e-03,0.000000000000000000e+00,-4.076248950095742729e-01,5.617384866997395425e-06,-3.209622088809217817e-06,1.714628733195338872e-01,2.303845789025108781e-01,-2.748578220128007445e-06,-3.108454249253220780e-01,-4.024167782960141751e-05,2.081557110247771707e-05,6.669869443916067731e-01,-3.621585561174052725e-01,4.451657332965475319e-05,-1.658696857524811358e-02,-3.839538095839742371e-02,2.502877676576812371e-01,-8.565595950521462387e-02,5.544920342483512510e-01,2.119657608868349974e-01,1.033335634716296303e+00,-1.462776834073887255e-01,-2.259645179438105056e-01,-3.251312434245978711e-01,1.746752389423532892e-01,-1.924396326362939891e-01,-2.413385129751214209e-03,6.778944617555827667e-01,4.158691790174065019e-03,-5.615859643892227859e-02,9.039332954200798853e-03
0.500000,0.000000000000000000e+00,0.000000000000000000e+00,7.594907452582463359e-01,9.999979346031273586e-01,0.000000000000000000e+00,2.032434372709542979e-03,0.000000000000000000e+00,-4.076248950095742729e-01,5.617384866997395425e-06,-3.209622088809217817e-06,1.714628733195338872e-01,2.303845789025108781e-01,-2.748578220128007445e-06,-3.108454249253220780e-01,-4.024167782960141751e-05,2.081557110247771707e-05,6.669869443916067731e-01,-3.621585561174052725e-01,4.451657332965475319e-05,-1.658696857524811358e-02,-3.839538095839742371e-02,2.502877676576812371e-01,-8.565595950521462387e-02,5.544920342483512510e-01,2.119657608868349974e-01,1.033335634716296303e+00,-1.462776834073887255e-01,-2.259645179438105056e-01,-3.251312434245978711e-01,1.746752389423532892e-01,-1.924396326362939891e-01,-2.413385129751214209e-03,6.778944617555827667e-01,4.158691790174065019e-03,-5.615859643892227859e-02,9.039332954200798853e-03
0.510000,0.000000000000000000e+00,0.000000000000000000e+00,7.594907452582463359e-01,9.999980477536389856e-01,0.000000000000000000e+00,1.975977963126364541e-03,0.000000000000000000e+00,-4.076248950095742729e-01,5.617384866997395425e-06,-3.209622088809217817e-06,1.714628733195338872e-01,2.303845789025108781e-01,-2.748578220128007445e-06,-3.108454249253220780e-01,-4.024167782960141751e-05,2.081557110247771707e-05,6.669869443916067731e-01,-3.621585561174052725e-01,4.451657332965475319e-05,-1.658696857524811358e-02,-3.839538095839742371e-02,2.502877676576812371e-01,-8.565595950521462387e-02,5.544920342483512510e-01,2.119657608868349974e-01,1.033335634716296303e+00,-1.462776834073887255e-01,-2.259645179438105056e-01,-3.251312434245978711e-01,1.746752389423532892e-01,-1.924396326362939891e-01,-2.413385129751214209e-03,6.778944617555827667e-01,4.158691790174065019e-03,-5.615859643892227859e-02,9.039332954200798853e-03
0.520000,0.000000000000000000e+00,0.000000000000000000e+00,7.594907452582463359e-01,9.999981577168285396e-01,0.000000000000000000e+00,1.919521541666752455e-03,0.000000000000000000e+00,-4.006833212562169733e-01,2.086036540600969577e-04,-1.289791545041473907e-04,1.713501469977858904e-01,2.236122420946225486e-01,-2.376256922507293846e-04,-3.176601173804661227e-01,-8.885572633914983875e-04,4.622022578525634561e-04,6.836144683192607596e-01,-3.719497769836621059e-01,9.753615281369950761e-04,-1.751606575831875581e-02,-4.346765059398079861e-02,2.380078346236308984e-01,-8.607485208119203257e-02,5.543292202328630180e-01,2.122197592420050904e-01,1.054123630634619113e+00,-1.423140101761731224e-01,-2.440972838349471652e-01,-3.225921174536098279e-01,1.771679368081127692e-01,-1.930436258279734640e-01,-3.489043909008269963e-03,6.843651270690082056e-01,5.715909950770334778e-03,-6.779378646726537394e-02,1.246237160660871451e-02
0.530000,0.000000000000000000e+00,0.000000000000000000e+00,7.594907452582464469e-01,9.999982644926940223e-01,0.000000000000000000e+00,1.863065108870539657e-03,0.000000000000000000e+00,-4.006833212562169733e-01,2.086036540600969577e-04,-1.289791545041473907e-04,1.713501469977858904e-01,2.236122420946225486e-01,-2.376256922507293846e-04,-3.176601173804661227e-01,-8.885572633914983875e-04,4.622022578525634561e-04,6.836144683192607596e-01,-3.719497769836621059e-01,9.753615281369950761e-04,-1.751606575831875581e-02,-4.346765059398079861e-02,2.380078346236308984e-01,-8.607485208119203257e-02,5.543292202328630180e-01,2.122197592420050904e-01,1.054123630634619113e+00,-1.423140101761731224e-01,-2.440972838349471652e-01,-3.225921174536098279e-01,1.771679368081127692e-01,-1.930436258279734640e-01,-3.489043909008269963e-03,6.843651270690082056e-01,5.715909950770334778e-03,-6.779378646726537394e-02,1.246237160660871451e-02
0.540000,0.000000000000000000e+00,0.000000000000000000e+00,7.594907452582463359e-01,9.999983680812336573e-01,0.000000000000000000e+00,1.806608665277562552e-03,0.000000000000000000e+00,-3.974536338813023928e-01,4.474886224426138448e-04,-2.769797717873258942e-04,1.834010093585634049e-01,2.082126137705703761e-01,-5.183776408726873709e-04,-3.239198653700935404e-01,-1.885421401625591480e-03,1.001385932979764444e-03,6.991667096638607415e-01,-3.812274161979646858e-01,2.095667251728979084e-03,-1.824790341559978657e-02,-4.723519322982308588e-02,2.256776104709131980e-01,-8.841101474389030657e-02,5.505978559806061767e-01,2.103082548847818867e-01,1.075871807406869829e+00,-1.364988663009459036e-01,-2.618384962831905027e-01,-3.172303031489677183e-01,1.781227347819004936e-01,-1.947808356051738132e-01,-5.061172140697204822e-03,6.930486403444587884e-01,7.445416295887262448e-03,-7.894087364705509868e-02,1.665980808106139188e-02
0.550000,0.000000000000000000e+00,0.000000000000000000e+00,7.594907452582463359e-01,9.999984684824456682e-01,0.000000000000000000e+00,1.750152211427656677e-03,0.000000000000000000e+00,-3.989288591426817243e-01,6.207067265414995460e-04,-3.881329662331990454e-04,2.010515296560566600e-01,1.918710830593537975e-01,-7.272151538626487732e-04,-3.283889736747325205e-01,-2.616479580902809476e-03,1.411901344031284058e-03,7.102511636895705305e-01,-3.878400739411794196e-01,2.937949029001115774e-03,-1.864501080477674183e-02,-4.942396306722606630e-02,2.169933471621832144e-01,-9.258871967262005676e-02,5.471744829540599042e-01,2.083716500637007030e-01,1.096294418030276718e+00,-1.313233240000546143e-01,-2.770418026709283166e-01,-3.129923602637992297e-01,1.778455896801213187e-01,-1.963884735432977757e-01,-6.397320597391283753e-03,7.009701263177361419e-01,8.722492929982492149e-03,-8.702089810662393121e-02,1.993340165573225659e-02
0.560000,0.000000000000000000e+00,0.000000000000000000e+00,7.594907452582462248e-01,9.999985656963282787e-01,0.000000000000000000e+00,1.693695747860657569e-03,0.000000000000000000e+00,-4.032449019860511741e-01,7.791601290635119265e-04,-4.937329036423439852e-04,2.242917337474625850e-01,1.728514244588186533e-01,-9.197895499643453984e-04,-3.321671909357105101e-01,-3.297045410574945320e-03,1.799259378246684726e-03,7.196994262517234509e-01,-3.935090815496896655e-01,3.723684979128060422e-03,-1.888929216848357628e-02,-5.109766904139616955e-02,2.095302600954009054e-01,-9.706453312826628099e-02,5.434796420141464468e-01,2.063319794758005088e-01,1.115515848954140132e+00,-1.263451022804901180e-01,-2.910558452966188203e-01,-3.087046808875083537e-01,1.774347238331848708e-01,-1.980963757457819552e-01,-7.701954073812120050e-03,7.075885877335422736e-01,9.942000090809784488e-03,-9.337951751141905510e-02,2.295433897098642095e-02
0.570000,0.000000000000000000e+00,0.000000000000000000e+00,7.594907452582463359e-01,9.999986597228798235e-01,0.000000000000000000e+00,1.637239275116402935e-03,0.000000000000000000e+00,-4.095291415109900135e-01,9.365520420357277640e-04,-6.029108799956543752e-04,2.524400742662358810e-01,1.509681903590082697e-01,-1.112408292034636767e-03,-3.357170764985327183e-01,-3.986635896119441330e-03,2.196063118716330871e-03,7.286426177243801039e-01,-3.989013057029093812e-01,4.519709879642593367e-03,-1.906975083065446872e-02,-5.258764861936950086e-02,2.024826510131106094e-01,-1.012840275054542744e-01,5.393571557212163414e-01,2.041759689094838071e-01,1.133629572353850978e+00,-1.214152458859232703e-01,-3.043909181708260858e-01,-3.039854469801712700e-01,1.772159689969226293e-01,-1.999626018644579950e-01,-9.023048190903925139e-03,7.128327294113889767e-01,1.122649564609001435e-02,-9.847755372645285166e-02,2.596356345146889205e-02
0.580000,0.000000000000000000e+00,0.000000000000000000e+00,7.594907452582463359e-01,9.999987505620989703e-01,0.000000000000000000e+00,1.580782793734728311e-03,0.000000000000000000e+00,-4.169665540432733186e-01,1.095538143558297045e-03,-7.177482631427540465e-04,2.840852510736966985e-01,1.268031857599932755e-01,-1.308733862119683877e-03,-3.392254863581919966e-01,-4.697167790914962351e-03,2.610145458504922744e-03,7.375153261334334021e-01,-4.042645799652403449e-01,5.341400941103175912e-03,-1.922681646141333536e-02,-5.399670875547112753e-02,1.955794711896308991e-01,-1.050490678776285214e-01,5.347833348786492635e-01,2.019112150736181166e-01,1.150710238196715585e+00,-1.164898134256055484e-01,-3.172517446826749743e-01,-2.987341467382767513e-01,1.772679649660034995e-01,-2.019863511554400026e-01,-1.036227554364914545e-02,7.167586437504332997e-01,1.260251470057530132e-02,-1.024987848567120163e-01,2.903085590472409203e-02
0.590000,0.000000000000000000e+00,0.000000000000000000e+00,7.594907452582463359e-01,9.999988382139841647e-01,0.000000000000000000e+00,1.524326304255472055e-03,0.000000000000000000e+00,-4.246357768929368559e-01,1.255941870401063292e-03,-8.376433694574445671e-04,3.173268600495622316e-01,1.013133651916118816e-01,-1.508560635405380374e-03,-3.427612441096954954e-01,-5.426047855873600972e-03,3.041089898438831870e-03,7.464659593187968900e-01,-4.096787458993014219e-01,6.187130139219136106e-03,-1.937836493670771001e-02,-5.535446998647154671e-02,1.887276517688918909e-01,-1.082897514612801149e-01,5.297767559246128188e-01,1.995510746291465076e-01,1.166820046595267613e+00,-1.115616480506989583e-01,-3.297300263997964276e-01,-2.929514111629850093e-01,1.775903940868678865e-01,-2.041471255527789186e-01,-1.170994083076131939e-02,7.194530811240522628e-01,1.406465352193967365e-02,-1.055383843759308410e-01,3.215892262562710519e-02
0.600000,0.000000000000000000e+00,0.000000000000000000e+00,7.594907452582463359e-01,9.999989226785341856e-01,0.000000000000000000e+00,1.467869807218470570e-03,0.000000000000000000e+00,-4.316795877464834619e-01,1.417135549430710920e-03,-9.608182499203346463e-04,3.503157220196240207e-01,7.546621969054496948e-02,-1.710619048531483765e-03,-3.463436729817609416e-01,-6.166278383659692421e-03,3.485645449997822314e-03,7.555263137451095901e-01,-4.151564439124403871e-01,7.049632739585915200e-03,-1.953206739039337406e-02,-5.666660045852714434e-02,1.818939490846241680e-01,-1.109823438516960303e-01,5.243695852162009174e-01,1.971098829337327996e-01,1.182012533615082406e+00,-1.066361504821121270e-01,-3.418743785488204123e-01,-2.866742689104898600e-01,1.781589803550457929e-01,-2.064178170393215217e-01,-1.305423201427236696e-02,7.210072532791842459e-01,1.559705562540597557e-02,-1.076627571820271689e-01,3.532428914396943537e-02
0.610000,0.000000000000000000e+00,0.000000000000000000e+00,7.594907452582463359e-01,9.999990039557478116e-01,0.000000000000000000e+00,1.411413303163562864e-03,0.000000000000000000e+00,-4.375062334519347895e-01,1.578441354094414686e-03,-1.085044609582452293e-03,3.817349505114042141e-01,4.996747799491577102e-02,-1.913299651773739613e-03,-3.499720094101209655e-01,-6.909537226793537393e-03,3.939483320566595538e-03,7.646817116313463503e-01,-4.206838486973064617e-01,7.919737934896791537e-03,-1.969097094503599599e-02,-5.793070470265234556e-02,1.750654707481804628e-01,-1.131196721065229338e-01,5.185983649933041395e-01,1.946016151056502996e-01,1.196334864274598564e+00,-1.017228201311844715e-01,-3.537160899373077982e-01,-2.799527738320776171e-01,1.789430583012621701e-01,-2.087690615421872731e-01,-1.438323213243084681e-02,7.215108157467404748e-01,1.718035289847058902e-02,-1.089288540329746147e-01,3.849322639158669901e-02
0.620000,0.000000000000000000e+00,0.000000000000000000e+00,7.594907452582463359e-01,9.999990820456237106e-01,0.000000000000000000e+00,1.354956792630586859e-03,0.000000000000000000e+00,-4.463523725495312511e-01,1.780201285757490289e-03,-1.253107856088625169e-03,4.267829593297841062e-01,1.372312046892056395e-02,-2.176482992098676631e-03,-3.551381529606936760e-01,-7.870969819031453998e-03,4.546044471405210827e-03,7.775437701259744205e-01,-4.283963726502572622e-01,9.071739583861837888e-03,-1.988637301751217806e-02,-5.930784332683903398e-02,1.657410764286712246e-01,-1.184845049817668250e-01,5.107351425422635982e-01,1.913193800029033276e-01,1.222266995674997858e+00,-9.424323466672245020e-02,-3.737227097888405347e-01,-2.707945940212665992e-01,1.803480432282479062e-01,-2.120708454263073861e-01,-1.609734786503050699e-02,7.208328457367438880e-01,1.929543137005411760e-02,-1.091823895599497857e-01,4.269700079196202258e-02
0.630000,0.000000000000000000e+00,0.000000000000000000e+00,7.594907452582464469e-01,9.999991569481609943e-01,0.000000000000000000e+00,1.298500276159380261e-03,0.000000000000000000e+00,-4.498797751722448668e-01,1.939636557817081596e-03,-1.377748016814133239e-03,4.560180063754327162e-01,-1.198761358795247603e-02,-2.378451142515619274e-03,-3.590752125184448196e-01,-8.609763948388518204e-03,5.019452927834076698e-03,7.873445229954851854e-01,-4.342674221526761635e-01,9.953324557623492025e-03,-2.005950531439993148e-02,-6.019207090298780288e-02,1.585294131644295335e-01,-1.233909626527319447e-01,5.043250266953730465e-01,1.889309580933079824e-01,1.244882171216213251e+00,-8.819098064795230507e-02,-3.910291671718497120e-01,-2.636256245878731419e-01,1.819145473561483706e-01,-2.147152445632057038e-01,-1.736020753504322056e-02,7.183413609858201321e-01,2.091276121194907134e-02,-1.079712880659968316e-01,4.572315257686849349e-02
0.640000,0.000000000000000000e+00,0.000000000000000000e+00,7.594907452582464469e-01,9.999992286633587746e-01,0.000000000000000000e+00,1.242043754289782944e-03,0.000000000000000000e+00,-4.504942774969416530e-01,2.094409428825499617e-03,-1.490416745766958871e-03,4.792772340355432314e-01,-3.462263552127652078e-02,-2.569586598630903967e-03,-3.628151426178538030e-01,-9.303489532814769591e-03,5.470956513462930070e-03,7.966312956039481863e-01,-4.398181273529622737e-01,1.078128807763924571e-02,-2.024767526748333726e-02,-6.100090081548968646e-02,1.516433073337868920e-01,-1.270453530625831329e-01,4.978229422045731822e-01,1.866753860114292174e-01,1.264770889866362102e+00,-8.254591082346436626e-02,-4.068719603719067046e-01,-2.563516989624970988e-01,1.837055279577946565e-01,-2.172457934059494888e-01,-1.850807115251259724e-02,7.145964018733892420e-01,2.246764813781860701e-02,-1.058371014018770345e-01,4.847432561675336232e-02
0.650000,0.000000000000000000e+00,0.000000000000000000e+00,7.594907452582463359e-01,9.999992971912159412e-01,0.000000000000000000e+00,1.185587227561632180e-03,0.000000000000000000e+00,-4.503254805200977429e-01,2.252416760327695475e-03,-1.604002643516394457e-03,5.031398974407642610e-01,-5.873476366934642090e-02,-2.765011398485209618e-03,-3.669495055631652458e-01,-1.000643377030134389e-02,5.941166135630609503e-03,8.067821388615795675e-01,-4.458455813692613345e-01,1.163243048596063721e-02,-2.047182167812052617e-02,-6.162503853163141948e-02,1.442032863689101663e-01,-1.323575625851899917e-01,4.907431733704243348e-01,1.845631920506894119e-01,1.290278552213549146e+00,-7.591497801377240784e-02,-4.265906013456520207e-01,-2.484527203606464729e-01,1.862110593903738287e-01,-2.199964844920572482e-01,-1.960277623047505802e-02,7.085144204449466132e-01,2.408249186441982839e-02,-1.018929288636924863e-01,5.117853552454749988e-02
0.660000,0.000000000000000000e+00,0.000000000000000000e+00,7.594907452582464469e-01,9.999993625317319390e-01,0.000000000000000000e+00,1.129130696514768712e-03,0.000000000000000000e+00,-4.478608854852950127e-01,2.386575492058247601e-03,-1.690052223881850172e-03,5.195348702959357023e-01,-7.751762078768650865e-02,-2.923405444354652046e-03,-3.702791289972543476e-01,-1.057724660455144211e-02,6.327245525824535394e-03,8.149527057173694411e-01,-4.506842243010569793e-01,1.231630821930352650e-02,-2.065067072798358605e-02,-6.232351829541005889e-02,1.379519802406269924e-01,-1.336522146740947992e-01,4.843454464602418574e-01,1.825952206918904086e-01,1.304817638733912988e+00,-7.107465383402809811e-02,-4.393924060377014107e-01,-2.412833612354297608e-01,1.879469693414304310e-01,-2.221477114769168648e-01,-2.053689655523045082e-02,7.038424577315240960e-01,2.543634510869329304e-02,-9.893212939129918115e-02,5.334159484026219228e-02
0.670000,0.000000000000000000e+00,0.000000000000000000e+00,7.594907452582463359e-01,9.999994246849058799e-01,0.000000000000000000e+00,1.072674161689030027e-03,0.000000000000000000e+00,-4.447952216165549921e-01,2.519007128965726310e-03,-1.772349418292563017e-03,5.364889686694382931e-01,-9.751696399965059658e-02,-3.079035371958554167e-03,-3.738935935904710295e-01,-1.113342351916014189e-02,6.714584399951388852e-03,8.237077167434929681e-01,-4.558269061255423860e-01,1.299234081939283809e-02,-2.085322315275751903e-02,-6.304684562446448426e-02,1.312132794830341287e-01,-1.336311010138201694e-01,4.773229065334254617e-01,1.804156877796223302e-01,1.317696338214961571e+00,-6.611758304503136119e-02,-4.516965595938829403e-01,-2.332485625836077936e-01,1.897152089979182721e-01,-2.243168109711390079e-01,-2.144130313466390339e-02,6.986677028120573674e-01,2.681472991686051008e-02,-9.538847909012000692e-02,5.550123821611720187e-02
0.680000,0.000000000000000000e+00,0.000000000000000000e+00,7.594907452582463359e-01,9.999994836507374307e-01,0.000000000000000000e+00,1.016217623624256217e-03,0.000000000000000000e+00,-4.413411203077776679e-01,2.647113159910295058e-03,-1.849997100168679267e-03,5.549121141785547939e-01,-1.194858938256594116e-01,-3.229361710946112782e-03,-3.779351108427982942e-01,-1.166588468811897809e-02,7.101015394656962944e-03,8.333398203701800622e-01,-4.614279366299579022e-01,1.365348619238855414e-02,-2.111588176372871523e-02,-6.359576904911815043e-02,1.238062768128543462e-01,-1.342861378646429960e-01,4.696561894404029380e-01,1.783724122137059498e-01,1.334264806215517796e+00,-6.028240507846908264e-02,-4.668256948941494899e-01,-2.244513706012249143e-01,1.920454082253399697e-01,-2.265914183482844457e-01,-2.222683508538356167e-02,6.914262042766896599e-01,2.817332567523478035e-02,-9.008781724586183148e-02,5.749902995683659618e-02
0.690000,0.000000000000000000e+00,0.000000000000000000e+00,7.594907452582463359e-01,9.999995394292258144e-01,0.000000000000000000e+00,9.597610828602870471e-04,0.000000000000000000e+00,-4.368378440903916138e-01,2.747906434138104852e-03,-1.901618183889485555e-03,5.680709126709752033e-01,-1.370687833414581946e-01,-3.341135460216927786e-03,-3.811999219205478018e-01,-1.206223259937013598e-02,7.395865922963831829e-03,8.410465373214836005e-01,-4.658678256600349843e-01,1.414288027954339368e-02,-2.127985852327591090e-02,-6.413884137862063683e-02,1.174964413659095319e-01,-1.326430664536622506e-01,4.629261522305221921e-01,1.764511149583399274e-01,1.343673924556896715e+00,-5.592713506053431649e-02,-4.771466702793664694e-01,-2.169332052179839820e-01,1.934970053269953194e-01,-2.282692374669629543e-01,-2.289257013458818185e-02,6.863091110389412108e-01,2.922954227542715402e-02,-8.634608565515196343e-02,5.894836690982273308e-02
0.700000,0.000000000000000000e+00,0.000000000000000000e+00,7.594907452582463359e-01,9.999995920203708089e-01,0.000000000000000000e+00,9.033045399369606576e-04,0.000000000000000000e+00,-4.316813240909752047e-01,2.839159226061536197e-03,-1.943256505344490839e-03,5.814887881180571538e-01,-1.556247131021526453e-01,-3.440044027444474385e-03,-3.847170033311024806e-01,-1.240811146005541682e-02,7.668035319576491267e-03,8.492026916074758569e-01,-4.705086856978426546e-01,1.458062869597038722e-02,-2.147293264020396289e-02,-6.463359643256336162e-02,1.106658710258115047e-01,-1.298096118090608930e-01,4.556697382192009260e-01,1.743462379880753310e-01,1.351943946172003752e+00,-5.146189525468485015e-02,-4.873189033047889973e-01,-2.087805629528318441e-01,1.949281150596419709e-01,-2.298588525077907840e-01,-2.345880417211645974e-02,6.807774090909624043e-01,3.020032399224977307e-02,-8.203735356347027774e-02,6.021075226895167970e-02
0.710000,0.000000000000000000e+00,0.000000000000000000e+00,7.594907452582463359e-01,9.999996414241720810e-01,0.000000000000000000e+00,8.468479953941168139e-04,0.000000000000000000e+00,-4.269931277279108151e-01,2.896772067027408512e-03,-1.962226981284430523e-03,5.903243647013183271e-01,-1.690081345904464738e-01,-3.498046416920203537e-03,-3.872533458562996134e-01,-1.260915488154417188e-02,7.835649259270518335e-03,8.549865674651487835e-01,-4.737512579211218267e-01,1.483751313853230204e-02,-2.154222730947417258e-02,-6.501404695183973792e-02,1.055022120342658382e-01,-1.264575129071822679e-01,4.501355173252741815e-01,1.725954676779893060e-01,1.355655143905568183e+00,-4.852114469581699646e-02,-4.936322525961029384e-01,-2.027942927304206278e-01,1.956607011924285100e-01,-2.308317977166697010e-01,-2.386776172250680561e-02,6.773552571402531308e-01,3.083206026504949071e-02,-7.936150133270712670e-02,6.091833649881746998e-02
0.720000,0.000000000000000000e+00,0.000000000000000000e+00,7.594907452582464469e-01,9.999996876406292978e-01,0.000000000000000000e+00,7.903914497715953903e-04,0.000000000000000000e+00,-4.210886946290410826e-01,2.950240352915219424e-03,-1.972854180128644653e-03,6.006125313364366614e-01,-1.851005426854724634e-01,-3.548590648713435304e-03,-3.903660768759141808e-01,-1.277840337989617943e-02,7.995487910057871850e-03,8.619451902756090078e-01,-4.775946581468292762e-01,1.506605151151119322e-02,-2.163573090082712702e-02,-6.538618205034152364e-02,9.912006633378805942e-02,-1.216265260430496598e-01,4.434043126441605254e-01,1.703878746802258148e-01,1.359087104124188539e+00,-4.510838355628066232e-02,-5.008558992506867424e-01,-1.955041084222487457e-01,1.964364438147238601e-01,-2.318115815135566860e-01,-2.422751058559716522e-02,6.732461900777604313e-01,3.143707565373386054e-02,-7.593276769164326867e-02,6.149734214976929070e-02
0.730000,0.000000000000000000e+00,0.000000000000000000e+00,7.594907452582464469e-01,9.999997306697423483e-01,0.000000000000000000e+00,7.339349036092355019e-04,0.000000000000000000e+00,-4.145936236862386992e-01,2.985876676019730801e-03,-1.968686973062116433e-03,6.108432069102756046e-01,-2.017789750389648029e-01,-3.576665751495947208e-03,-3.936655097515095458e-01,-1.286359892493754015e-02,8.108012989386381361e-03,8.691506027882561769e-01,-4.815010490716100100e-01,1.520090188619349983e-02,-2.174935441236200764e-02,-6.563097346821369915e-02,9.228648290267482679e-02,-1.159770780814119995e-01,4.363484653653388334e-01,1.680700235576215174e-01,1.362247659676917300e+00,-4.160970204265992262e-02,-5.084217352797337774e-01,-1.879215838029619501e-01,1.972199577227817247e-01,-2.325994911760389250e-01,-2.442075936098760114e-02,6.686640317933455480e-01,3.186016901698096593e-02,-7.191736343282775779e-02,6.171015557454928580e-02
0.740000,0.000000000000000000e+00,0.000000000000000000e+00,7.594907452582463359e-01,9.999997705115112323e-01,0.000000000000000000e+00,6.774783574468764809e-04,0.000000000000000000e+00,-4.076681070753989666e-01,2.997994481543477321e-03,-1.947024502900915029e-03,6.204035803442921049e-01,-2.182477899536809374e-01,-3.575885828073523814e-03,-3.969966469745157545e-01,-1.284304884551049769e-02,8.155403756647375269e-03,8.762295548132346124e-01,-4.852507638367025700e-01,1.521324351643995286e-02,-2.186886620289308150e-02,-6.570338793644718567e-02,8.526973393532340240e-02,-1.097375297844548209e-01,4.292773372221288519e-01,1.657763189985167751e-01,1.365138141165816110e+00,-3.818206773780209728e-02,-5.161462099533035142e-01,-1.804698127682299869e-01,1.979886885010551933e-01,-2.331062431615585073e-01,-2.440915427294888806e-02,6.637348808658778410e-01,3.203684824654622065e-02,-6.745828189943221809e-02,6.144405086219369150e-02
0.750000,0.000000000000000000e+00,0.000000000000000000e+00,7.594907452582463359e-01,9.999998071659360610e-01,0.000000000000000000e+00,6.210218118243573341e-04,0.000000000000000000e+00,-4.003765747054864876e-01,2.983127888220435484e-03,-1.906541053936152948e-03,6.290624802263854454e-01,-2.341958918560828329e-01,-3.542560489284064806e-03,-4.002964796547943682e-01,-1.270426890197889902e-02,8.126884325819611760e-03,8.830224094231189369e-01,-4.887461431028490288e-01,1.508616371054978533e-02,-2.198285852756396569e-02,-6.558150414144224560e-02,7.816457559476604200e-02,-1.029838120570202714e-01,4.223166736971516455e-01,1.635651373617230953e-01,1.367759743896554969e+00,-3.489721161223184598e-02,-5.239768882320963161e-01,-1.733479371399838931e-01,1.987241817956648948e-01,-2.332797345688795432e-01,-2.417384887537534291e-02,6.585544449605138517e-01,3.193023265895756496e-02,-6.266338039914021163e-02,6.063447742392734374e-02
0.760000,0.000000000000000000e+00,0.000000000000000000e+00,7.594907452582463359e-01,9.999998406330168343e-01,0.000000000000000000e+00,5.645652672815181525e-04,0.000000000000000000e+00,-3.927736452592680005e-01,2.938370414383409575e-03,-1.846472965258551084e-03,6.367505023944017850e-01,-2.494917073419851417e-01,-3.473822006768029821e-03,-4.035375974054111192e-01,-1.243755945553306694e-02,8.013978229716892804e-03,8.894511137692185931e-01,-4.919359910595427210e-01,1.480663950382292947e-02,-2.208360438894959102e-02,-6.525052779357927435e-02,7.100502942860877076e-02,-9.573747009345845438e-02,4.155320290772647196e-01,1.614677273455962236e-01,1.370114216774429350e+00,-3.179576818840857549e-02,-5.319059817853170058e-01,-1.666705910656896827e-01,1.994094055492127981e-01,-2.330806471434868632e-01,-2.369956654029868603e-02,6.532049320273782822e-01,3.151149852674844931e-02,-5.761574144761451299e-02,5.923529968007554963e-02
0.770000,0.000000000000000000e+00,0.000000000000000000e+00,7.594907452582463359e-01,9.999998709127537744e-01,0.000000000000000000e+00,5.081087243581971840e-04,0.000000000000000000e+00,-3.849200838846964512e-01,2.860915091258783415e-03,-1.766334990891484363e-03,6.434685880246999723e-01,-2.640721554631740298e-01,-3.367044078225392336e-03,-4.067061831252902770e-01,-1.203409216963786596e-02,7.808954888372186473e-03,8.954684505042068698e-01,-4.947866552575056476e-01,1.436293384477695806e-02,-2.216586164565764391e-02,-6.469757073361430411e-02,6.380407898531174904e-02,-8.800022106246581377e-02,4.089689325289844191e-01,1.595061284045153072e-01,1.372203218306830674e+00,-2.890794593417428046e-02,-5.399411305373589265e-01,-1.605213744540284759e-01,2.000283532430267297e-01,-2.324741942693825947e-01,-2.297087434796470443e-02,6.477608187611597623e-01,3.075397563049359420e-02,-5.238373291849045266e-02,5.720739558236379030e-02
0.780000,0.000000000000000000e+00,0.000000000000000000e+00,7.594907452582463359e-01,9.999998980051473252e-01,0.000000000000000000e+00,4.516521835942338150e-04,0.000000000000000000e+00,-3.768831923712912535e-01,2.747941989970357698e-03,-1.665810617279404448e-03,6.492497350996566663e-01,-2.779016006818978979e-01,-3.219665940019248232e-03,-4.097934559652710029e-01,-1.148535081114075533e-02,7.504328520190488988e-03,9.010385426112573759e-01,-4.972709618529234099e-01,1.374376307018450316e-02,-2.222584869400326055e-02,-6.390996677936541803e-02,5.656795920230192620e-02,-7.976616577320826129e-02,4.026660712643536644e-01,1.576998502065397323e-01,1.374027579102569785e+00,-2.626150251329308419e-02,-5.480955406539155250e-01,-1.549734340468250926e-01,2.005658855803505169e-01,-2.314272983258713612e-01,-2.197166090012893369e-02,6.422919555903764399e-01,2.963148084964321513e-02,-4.702776387517823564e-02,5.451436428897682429e-02
0.790000,0.000000000000000000e+00,0.000000000000000000e+00,7.594907452582463359e-01,9.999999219101978198e-01,0.000000000000000000e+00,3.951956455294666727e-04,0.000000000000000000e+00,-3.687348983010701464e-01,2.596603901807981001e-03,-1.544698926835718364e-03,6.541427681320409748e-01,-2.909564043343630391e-01,-3.029141706409194112e-03,-4.127923170722850865e-01,-1.078297541186208977e-02,7.092709800349989401e-03,9.061292994987387717e-01,-4.993639539825734941e-01,1.293804411638978941e-02,-2.226064663484124406e-02,-6.287482385281054076e-02,4.930146026836224049e-02,-7.102608621259669242e-02,3.966597130771161162e-01,1.560684353237876409e-01,1.375586676864237301e+00,-2.388489396541507853e-02,-5.563845472891931765e-01,-1.500974641571354296e-01,2.010073094212929679e-01,-2.299075985459654858e-01,-2.068533494325370745e-02,6.368662010034892296e-01,2.811793833167654591e-02,-4.160460324297603901e-02,5.112097135161950551e-02
0.800000,0.000000000000000000e+00,0.000000000000000000e+00,7.594907452582463359e-01,9.999999426279058135e-01,0.000000000000000000e+00,3.387391107037343303e-04,0.000000000000000000e+00,-3.605502112635021184e-01,2.404038860686262546e-03,-1.402878471657829310e-03,6.582053364825716235e-01,-3.032189897342881801e-01,-2.792927629105722547e-03,-4.156959912061983231e-01,-9.918725223997547705e-03,6.566778267453623162e-03,9.107094023400755800e-01,-5.010412120853698914e-01,1.193483193296729708e-02,-2.226790539576388450e-02,-6.157904095062316507e-02,4.200998848276202291e-02,-6.176890870145420459e-02,3.909852729664959892e-01,1.546325109649620277e-01,1.376877877354457658e+00,-2.180860033121133010e-02,-5.648242309664018856e-01,-1.459649036920452059e-01,2.013376899555019417e-01,-2.278830802444277992e-01,-1.909512774622871764e-02,6.315520841218708048e-01,2.618738483684478549e-02,-3.617033468797802021e-02,4.699264174143988337e-02
0.810000,0.000000000000000000e+00,0.000000000000000000e+00,7.594907452582463359e-01,9.999999601582718611e-01,0.000000000000000000e+00,2.822825796568750900e-04,0.000000000000000000e+00,-3.524062479022117000e-01,2.167389808823989156e-03,-1.240274299800416457e-03,6.615007676440562978e-01,-3.146754813081080737e-01,-2.508480563652811923e-03,-4.184974265127370807e-01,-8.884475825686695416e-03,5.919298144243523296e-03,9.147470036099836221e-01,-5.022781493888749393e-01,1.072332002869726478e-02,-2.224572345371795060e-02,-6.000951998936233239e-02,3.470042735744559292e-02,-5.198212616857635082e-02,3.856779429988528296e-01,1.534142900435791212e-01,1.377895965274779977e+00,-2.006577460428328116e-02,-5.734306167915734775e-01,-1.426493052279700358e-01,2.015409828143011062e-01,-2.253219198340312979e-01,-1.718438475395412529e-02,6.264215843245153348e-01,2.381410102204643137e-02,-3.078264018468915286e-02,4.209534714521288856e-02
0.820000,0.000000000000000000e+00,0.000000000000000000e+00,7.594907452582463359e-01,9.999999745012966290e-01,0.000000000000000000e+00,2.258260529287276332e-04,0.000000000000000000e+00,-3.443816140086247146e-01,1.883826224279138567e-03,-1.056823088382515636e-03,6.640964952054437820e-01,-3.253146781725211878e-01,-2.173259687199205828e-03,-4.211889769501654945e-01,-7.672225220800663742e-03,5.143151937932674556e-03,9.182090651508040269e-01,-5.030496720183900150e-01,9.292862813744929770e-03,-2.219261796532865511e-02,-5.815347571657807774e-02,2.738153716463029297e-02,-4.165181366170717103e-02,3.807730104744829203e-01,1.524378758347147145e-01,1.378632504034349893e+00,-1.869265286672489035e-02,-5.822189551401727448e-01,-1.402270124791474559e-01,2.015990566648969140e-01,-2.221924110803298047e-01,-1.493685206342719625e-02,6.215530359508095737e-01,2.097280666905344815e-02,-2.550278821198258619e-02,3.639563110668624785e-02
0.830000,0.000000000000000000e+00,0.000000000000000000e+00,7.594907452582463359e-01,9.999999856569808943e-01,0.000000000000000000e+00,1.693695310591286900e-04,0.000000000000000000e+00,-3.365559572660126175e-01,1.550566405993031045e-03,-8.524345614482458635e-04,6.660630836541346911e-01,-3.351274989696179651e-01,-1.784729195903644958e-03,-4.237621847864079250e-01,-6.274101251822559143e-03,4.231383622716040210e-03,9.210609249420725897e-01,-5.033299715437037358e-01,7.633006317183731008e-03,-2.210753884788291962e-02,-5.599880919133172485e-02,2.006416120985254209e-02,-3.076245901441977681e-02,3.763060667768699519e-01,1.517294992930758035e-01,1.379075076861763227e+00,-1.772889285719837782e-02,-5.912028996605874775e-01,-1.387775765461042587e-01,2.014906475572720845e-01,-2.184629302540273543e-01,-1.233698474831754904e-02,6.170341582360292509e-01,1.763891697588854113e-02,-2.039751534721497353e-02,2.986066616203370341e-02
0.840000,0.000000000000000000e+00,0.000000000000000000e+00,7.594907452582463359e-01,9.999999936253255450e-01,0.000000000000000000e+00,1.129130145879163593e-04,0.000000000000000000e+00,-3.290095788678749633e-01,1.164900067991855599e-03,-6.269486712723868534e-04,6.674734257920384994e-01,-3.441065572053763622e-01,-1.340361376144579876e-03,-4.262075924105712121e-01,-4.682367656740486425e-03,3.177249162038881056e-03,9.232659350796577069e-01,-5.030923609581051670e-01,5.733522903184714962e-03,-2.198990130032413629e-02,-5.353453312695351934e-02,1.276133417929541276e-02,-1.929668155887238890e-02,3.723131698204625861e-01,1.513177331919465241e-01,1.379206366052465604e+00,-1.721790507972104783e-02,-6.003934971629075745e-01,-1.383840685240145252e-01,2.011902644564411979e-01,-2.141019298575845553e-01,-9.370304656646351316e-03,6.129652136790804118e-01,1.378887450202588918e-02,-1.554089133129290048e-02,2.245829291296827165e-02
0.850000,0.000000000000000000e+00,0.000000000000000000e+00,7.594907452582463359e-01,9.999999984063315805e-01,0.000000000000000000e+00,5.645650405492785205e-05,0.000000000000000000e+00,-3.218230439621547756e-01,7.242111139881282850e-04,-3.800886375397711896e-04,6.684019249481507607e-01,-3.522457285580163910e-01,-8.376399055216200836e-04,-4.285145550269008341e-01,-2.889427452551687064e-03,1.974274223691355190e-03,9.247851084595577476e-01,-5.023091189446409199e-01,3.584448512621236753e-03,-2.183962149517214638e-02,-5.075124533693313456e-02,5.488322842757814395e-03,-7.234855720207671384e-03,3.688309760432885165e-01,1.512336937684749805e-01,1.379003023678692763e+00,-1.720720104074442008e-02,-6.097979298698231743e-01,-1.391333379452679986e-01,2.006670512080799829e-01,-2.090779622224466228e-01,-6.023833939683973134e-03,6.094623002267202105e-01,9.400576740027297151e-03,-1.101620780653755557e-02,1.415701046290101725e-02
0.860000,0.000000000000000000e+00,0.000000000000000000e+00,7.594907452582463359e-01,1.000000000000000000e+00,0.000000000000000000e+00,0.000000000000000000e+00,0.000000000000000000e+00,-3.150767589741628183e-01,2.260005307211979640e-04,-1.114103086416936292e-04,6.689235754005448120e-01,-3.595396515254431491e-01,-2.740633545294380961e-04,-4.306710415292516747e-01,-8.878226139227519617e-04,6.163197461467536959e-04,9.255767468526289177e-01,-5.009513272443545384e-01,1.176121868282251678e-03,-2.165714430357122688e-02,-4.764164859095183086e-02,-1.737395561350317877e-03,5.445366845620693355e-03,3.658968413315257240e-01,1.515112254029020167e-01,1.378434278080152842e+00,-1.774876743457244610e-02,-6.194179520730952460e-01,-1.411162199230053538e-01,1.998836001744556667e-01,-2.033597387971350090e-01,-2.286630560907743862e-03,6.066607835912846136e-01,4.453921137337121285e-03,-6.917905806020523997e-03,4.925893312827738305e-03
0.870000,0.000000000000000000e+00,0.000000000000000000e+00,7.594907452582464469e-01,9.999353042823332371e-01,0.000000000000000000e+00,0.000000000000000000e+00,1.137485163848462287e-02,-3.150767589741628183e-01,2.260005307211979640e-04,-1.114103086416936292e-04,6.689235754005448120e-01,-3.595396515254431491e-01,-2.740633545294380961e-04,-4.306710415292516747e-01,-8.878226139227519617e-04,6.163197461467536959e-04,9.255767468526289177e-01,-5.009513272443545384e-01,1.176121868282251678e-03,-2.165714430357122688e-02,-4.764164859095183086e-02,-1.737395561350317877e-03,5.445366845620693355e-03,3.658968413315257240e-01,1.515112254029020167e-01,1.378434278080152842e+00,-1.774876743457244610e-02,-6.194179520730952460e-01,-1.411162199230053538e-01,1.998836001744556667e-01,-2.033597387971350090e-01,-2.286630560907743862e-03,6.066607835912846136e-01,4.453921137337121285e-03,-6.917905806020523997e-03,4.925893312827738305e-03
0.880000,0.000000000000000000e+00,0.000000000000000000e+00,7.594907452582463359e-01,9.997412255004048953e-01,0.000000000000000000e+00,0.000000000000000000e+00,2.274823146858903286e-02,-3.106295295613040741e-01,-1.289853792866003934e-02,-1.932434498476414894e-02,6.692899405686364434e-01,-3.644431534660670380e-01,2.203312581585192137e-03,-4.278512690342365365e-01,1.305856971613362453e-03,-8.927706080393467154e-04,9.252118250679122191e-01,-5.032829279314232629e-01,-1.477947157057572965e-03,-3.308062408653984765e-02,-3.458525155826246145e-02,-6.376770805487878141e-03,6.618645353649337502e-03,3.517330653714216826e-01,1.539390867840020605e-01,1.380438478026814852e+00,-2.197621080671579089e-02,-6.168059714961210416e-01,-1.383916172327282201e-01,2.151709485734697447e-01,-2.042185546833662491e-01,-7.032564733946843234e-04,5.844764658407025637e-01,4.831373385735636926e-03,4.589401863449079494e-04,6.515125256163415216e-03
0.890000,0.000000000000000000e+00,0.000000000000000000e+00,7.594907452582463359e-01,9.994177887663471260e-01,0.000000000000000000e+00,0.000000000000000000e+00,3.411866787237243653e-02,-3.079192620194673990e-01,-2.341198360055555747e-02,-3.517435770408730566e-02,6.695664796234689353e-01,-3.671621548976434224e-01,4.232714272009734449e-03,-4.253253166971356913e-01,2.977029178088728620e-03,-2.019654044535758395e-03,9.242893976146839830e-01,-5.048682666305541744e-01,-3.509782407068742349e-03,-4.186215908856220219e-02,-2.318340585024131900e-02,-8.536980812973432933e-03,5.428874938386384422e-03,3.405390434693976176e-01,1.561688239978836212e-01,1.381967149360440406e+00,-2.588866618359175753e-02,-6.127758500378941431e-01,-1.370362478588977029e-01,2.307039319120715304e-01,-2.060208697414154522e-01,3.211849035705514627e-04,5.587781353997934852e-01,5.579395244626273245e-03,1.067546215425435249e-02,8.124501362113704592e-03
0.900000,0.000000000000000000e+00,0.000000000000000000e+00,7.594907452582463359e-01,9.989650359301029958e-01,0.000000000000000000e+00,0.000000000000000000e+00,4.548468961274815953e-02,-3.057320440548603746e-01,-3.302136032738264143e-02,-4.999230491276224209e-02,6.698315806420018781e-01,-3.691430585910108197e-01,6.004452877276153164e-03,-4.229730502947019466e-01,4.597823644389887818e-03,-3.099391370681312853e-03,9.229058209268814483e-01,-5.058472567203056158e-01,-5.465107517945469798e-03,-4.954058692996452656e-02,-1.198346113846531988e-02,-9.927885338531913448e-03,3.562747552767150418e-03,3.305251883045871586e-01,1.584378948845447110e-01,1.383297649988634248e+00,-2.988480990730845235e-02,-6.082253239371974152e-01,-1.368578950343356249e-01,2.465338825088757013e-01,-2.078123735083201862e-01,1.222352672062752789e-03,5.310583355184328447e-01,6.282422075965203925e-03,2.255348203240737509e-02,9.060285089847021703e-03
0.910000,0.000000000000000000e+00,0.000000000000000000e+00,7.594907452582463359e-01,9.983830255740120396e-01,0.000000000000000000e+00,0.000000000000000000e+00,5.684482602384918759e-02,-3.036690072307360877e-01,-4.226715056795125186e-02,-6.452635019288174845e-02,6.701000558095605575e-01,-3.708369002206569065e-01,7.624881374960199194e-03,-4.207636622715781316e-01,6.298457871464855501e-03,-4.222549571239475781e-03,9.210978972716431512e-01,-5.062678382191708737e-01,-7.503796230889783932e-03,-5.672334682192557709e-02,-5.520769085381772856e-04,-1.112824719262801160e-02,1.642697863631265498e-03,3.211498164922002019e-01,1.608740344036803938e-01,1.384529957795333610e+00,-3.413469009975392265e-02,-6.034811649875698736e-01,-1.377558436546792164e-01,2.623501201515309189e-01,-2.093028106540794075e-01,2.195506649820613831e-03,5.024542516124346214e-01,6.715380237466522101e-03,3.536332118035007133e-02,9.161582526964950554e-03
0.920000,0.000000000000000000e+00,0.000000000000000000e+00,7.594907452582463359e-01,9.976718330052294359e-01,0.000000000000000000e+00,0.000000000000000000e+00,6.819760720131973208e-02,-3.016032546741273523e-01,-5.132046991074679793e-02,-7.901621010409390355e-02,6.703772919131748553e-01,-3.723877470949425450e-01,9.138382677225866113e-03,-4.186931454118493767e-01,8.103180841125413869e-03,-5.405740685943849488e-03,9.188868491463125787e-01,-5.061504338042732698e-01,-9.659288745277529176e-03,-6.366399565374733505e-02,1.120170424478811148e-02,-1.235141964845216066e-02,-1.001350818635329907e-04,3.122735897503688962e-01,1.635323884056048005e-01,1.385704206357711854e+00,-3.869939981805003981e-02,-5.986496346296624749e-01,-1.396609913473237097e-01,2.778174881516023431e-01,-2.104012937823321328e-01,3.324197659173373960e-03,4.738321960383602427e-01,6.774180576310593303e-03,4.859430485493865942e-02,8.446518158799033033e-03
0.930000,0.000000000000000000e+00,0.000000000000000000e+00,7.594907452582464469e-01,9.968315502459826893e-01,0.000000000000000000e+00,0.000000000000000000e+00,7.954156419250817123e-02,-2.994962371205534546e-01,-6.023583031244573310e-02,-9.353860899278550189e-02,6.706669180838166211e-01,-3.738432070011568631e-01,1.056177319476379189e-02,-4.167642979232334399e-01,1.000349185458021886e-02,-6.643469172966053743e-03,9.162891371941582763e-01,-5.055076741070277935e-01,-1.192387375810851496e-02,-7.047441899532931597e-02,2.325982369917671544e-02,-1.368737549080789075e-02,-1.586903696855128257e-03,3.038825560235227097e-01,1.664279858178104032e-01,1.386839473405256706e+00,-4.358996109027473559e-02,-5.937472779991399552e-01,-1.425144715002029383e-01,2.926645908978450783e-01,-2.110829882189628470e-01,4.641549040104462308e-03,4.458370819870557389e-01,6.420423459472040899e-03,6.187460979849689069e-02,6.990650877065833317e-03
0.940000,0.000000000000000000e+00,0.000000000000000000e+00,7.594907452582463359e-01,9.958622860216639339e-01,0.000000000000000000e+00,0.000000000000000000e+00,9.087522918653695436e-02,-2.973378475019848310e-01,-6.903101048301159282e-02,-1.081180214591574013e-01,6.709720948876419788e-01,-3.752203418168759130e-01,1.190094209799573421e-02,-4.149805231551670359e-01,1.198091371073215297e-02,-7.923908691981937369e-03,9.133194191512831184e-01,-5.043506497629988150e-01,-1.427672385771848115e-02,-7.720626531731243636e-02,3.557424729876483560e-02,-1.517986526257230663e-02,-2.801754178171751708e-03,2.959980436486278066e-01,1.695555906748398289e-01,1.387947034248170342e+00,-4.879540385588416324e-02,-5.887533477688433603e-01,-1.462611155940403418e-01,3.066940778855620220e-01,-2.113487386645532262e-01,6.157864873712432137e-03,4.189316844764056080e-01,5.650030644018066636e-03,7.493646054506249155e-02,4.883178669679161255e-03
0.950000,0.000000000000000000e+00,0.000000000000000000e+00,7.594907452582462248e-01,9.947641657467624077e-01,0.000000000000000000e+00,0.000000000000000000e+00,1.021971357042251866e-01,-2.951270706447524095e-01,-7.771227643653982886e-02,-1.227621378453339768e-01,6.712957405184497572e-01,-3.765264666817235151e-01,1.315765571727451483e-02,-4.133439688523648514e-01,1.401413724451460417e-02,-9.233704736140439101e-03,9.099914287769298449e-01,-5.026909077066292753e-01,-1.669314646183698778e-02,-8.388378196937919251e-02,4.809326437289339340e-02,-1.685193115660719304e-02,-3.756873964410590867e-03,2.886478601573556624e-01,1.729004010831468596e-01,1.389035425922958034e+00,-5.429576134256550862e-02,-5.836318558583897254e-01,-1.508478870433941355e-01,3.197716551251829631e-01,-2.112120117077918857e-01,7.872272695474399895e-03,3.934334983682706843e-01,4.477125088388921384e-03,8.759347470622705356e-02,2.211366607192963209e-03
0.960000,0.000000000000000000e+00,0.000000000000000000e+00,7.594907452582463359e-01,9.935373315086366564e-01,0.000000000000000000e+00,0.000000000000000000e+00,1.135058187878376784e-01,-2.928657467585961127e-01,-8.628234280038711568e-02,-1.374732227171450716e-01,6.716405609707126745e-01,-3.777657246301761029e-01,1.433217424227759343e-02,-4.118550253782930493e-01,1.608132079033660136e-02,-1.055943560497056392e-02,9.063182904295099540e-01,-5.005410858765475535e-01,-1.914767751409494206e-02,-9.051788729842100145e-02,6.076951953913413418e-02,-1.871536258457902682e-02,-4.478026144939043808e-03,2.818576808291131663e-01,1.764434402744853858e-01,1.390112827018277653e+00,-6.006780256455574590e-02,-5.783412358539392617e-01,-1.562234621437902371e-01,3.318113345739013287e-01,-2.106939895469678303e-01,9.777305187773335099e-03,3.695491946856931387e-01,2.925975574331425664e-03,9.972160505975764810e-02,-9.442577012888872003e-04
0.970000,0.000000000000000000e+00,0.000000000000000000e+00,7.594907452582463359e-01,9.921819420491296837e-01,0.000000000000000000e+00,0.000000000000000000e+00,1.247998151906384856e-01,-2.905565609526800652e-01,-9.474288356711867143e-02,-1.522517561310308409e-01,6.720090480726048643e-01,-3.789411640629251621e-01,1.542422566332586446e-02,-4.105122520799753816e-01,1.816088388661321953e-02,-1.188805477030232399e-02,9.023126809691095485e-01,-4.979151091654059336e-01,-2.161515679476766483e-02,-9.711265146110192870e-02,7.356161023824989154e-02,-2.077505615001164208e-02,-4.998123356591770150e-03,2.756490678467876099e-01,1.801641344482365348e-01,1.391188455020685888e+00,-6.608732684452373052e-02,-5.728387957007817777e-01,-1.623377839500600439e-01,3.427621250640233153e-01,-2.098211502356252256e-01,1.186060314376634339e-02,3.474048372414461627e-01,1.026948946371587616e-03,1.112424292673529075e-01,-4.510538716592685932e-03
0.980000,0.000000000000000000e+00,0.000000000000000000e+00,7.594907452582462248e-01,9.906981727440290486e-01,0.000000000000000000e+00,0.000000000000000000e+00,1.360776635662224177e-01,-2.873910192862396684e-01,-1.057346692057416632e-01,-1.718340365222405797e-01,6.725289238893749078e-01,-3.804070506034311627e-01,1.678780567188967177e-02,-4.087930451958859401e-01,2.087096598748020351e-02,-1.360415856354081979e-02,8.963272159662688532e-01,-4.936793866092337724e-01,-2.487202913339736643e-02,-1.057723083545850928e-01,9.162752739546460579e-02,-2.340774026374277395e-02,-5.342035913166884309e-03,2.679364940870886391e-01,1.854294243876384307e-01,1.391980882537454001e+00,-7.514745033248768080e-02,-5.643214324719314501e-01,-1.724448867025158150e-01,3.578532745715058416e-01,-2.086696157700913545e-01,1.515049176997589758e-02,3.139475950340875898e-01,-2.493672422374701783e-03,1.302584015890959901e-01,-1.048943930456459721e-02
0.990000,0.000000000000000000e+00,0.000000000000000000e+00,7.594907452582463359e-01,9.890862155803747946e-01,0.000000000000000000e+00,0.000000000000000000e+00,1.473379046576007434e-01,-2.848843453959615246e-01,-1.142103082107330803e-01,-1.872513323331565227e-01,6.729676910419460922e-01,-3.814795842906154588e-01,1.772755455289366788e-02,-4.076720390765322111e-01,2.296528595042813398e-02,-1.493026679834915348e-02,8.913278551876842037e-01,-4.898309752614875556e-01,-2.736642228306136043e-02,-1.125127705607232159e-01,1.056385712534781002e-01,-2.583172269566113774e-02,-5.140113347740322622e-03,2.627233633766578591e-01,1.894274227693273915e-01,1.392021195712840331e+00,-8.252406168196824154e-02,-5.570294465537085626e-01,-1.809011612527853807e-01,3.677220873423469039e-01,-2.072787686580301880e-01,1.785331252706362157e-02,2.913791160020268722e-01,-5.485212297541255250e-03,1.436033862480700363e-01,-1.535894569272860770e-02
1.000000,0.000000000000000000e+00,0.000000000000000000e+00,7.594907452582464469e-01,9.873462791316182097e-01,0.000000000000000000e+00,0.000000000000000000e+00,1.585790814860164044e-01,-2.824205984899719746e-01,-1.223404430686906019e-01,-2.023044190178786284e-01,6.734279038846939791e-01,-3.824634571027765162e-01,1.854258971125086891e-02,-4.067548029880925231e-01,2.494931341182933526e-02,-1.618650443873392158e-02,8.862256537865311756e-01,-4.856799768887206104e-01,-2.971870211229300437e-02,-1.190414811821785823e-01,1.188052670718236364e-01,-2.853941519597720175e-02,-4.669953047260705890e-03,2.584788208084277117e-01,1.932175213752398146e-01,1.391805458336629941e+00,-8.971986023094524754e-02,-5.495724299106922173e-01,-1.892753206806077892e-01,3.751400143842258950e-01,-2.054873642313843618e-01,2.049473510584424313e-02,2.744054615443676237e-01,-8.433613668112514491e-03,1.537368279797926007e-01,-1.997713170993889453e-02
1.010000,0.000000000000000000e+00,0.000000000000000000e+00,7.594907452582464469e-01,9.854785885306336368e-01,0.000000000000000000e+00,0.000000000000000000e+00,1.697997395394647002e-01,-2.797230984762187345e-01,-1.309524682405689977e-01,-2.185405965937839146e-01,6.739487831173239796e-01,-3.834636017616581682e-01,1.933185112789427562e-02,-4.058305955901796436e-01,2.699440432982509047e-02,-1.747636750835667580e-02,8.803029649940961043e-01,-4.807023110133641919e-01,-3.215783684272154747e-02,-1.260908501329188469e-01,1.331119492998055209e-01,-3.162984982195601869e-02,-3.452645718477777553e-03,2.545624803922428292e-01,1.970025995305365041e-01,1.390058077252381397e+00,-9.822064193286898781e-02,-5.400180521243759246e-01,-1.990466598694029254e-01,3.820774642336384197e-01,-2.034074402107448054e-01,2.354269796418428234e-02,2.573407112095974503e-01,-1.199997754864847409e-02,1.645640859899639707e-01,-2.525114717775808759e-02
1.020000,0.000000000000000000e+00,0.000000000000000000e+00,7.594907452582463359e-01,9.834833854405887754e-01,0.000000000000000000e+00,0.000000000000000000e+00,1.809984269608947982e-01,-2.770954336533908990e-01,-1.391227733214856210e-01,-2.342261863729750704e-01,6.744822612350981350e-01,-3.843666889311844193e-01,1.999319127204781180e-02,-4.050537159841813839e-01,2.886360648076176025e-02,-1.865361180500145488e-02,8.742832170919179191e-01,-4.754776568310372653e-01,-3.438347262008242811e-02,-1.329429283465981271e-01,1.460655685959404981e-01,-3.436710252671848487e-02,2.832227325326330120e-02,2.479254249152709755e-01,1.875067456330373750e-01,1.313888987544347131e+00,-1.158345642868127967e-01,-4.873382376939882632e-01,-2.022569869993885994e-01,3.872348734519028279e-01,-2.009689935975597919e-01,2.656569314592539810e-02,2.434116684752088700e-01,-1.525270427954349660e-02,1.737978136482837832e-01,-3.008780440680918974e-02
1.030000,0.000000000000000000e+00,0.000000000000000000e+00,7.594907452582463359e-01,9.813609280236751387e-01,0.000000000000000000e+00,0.000000000000000000e+00,1.921736947360672965e-01,-2.745379765785866955e-01,-1.469108955867241550e-01,-2.494334645005894802e-01,6.750460688011825638e-01,-3.851863620767253527e-01,2.053734800578552872e-02,-4.044841493011442912e-01,3.056243334754928792e-02,-1.972623214552474136e-02,8.683607186932036370e-01,-4.701568253175882339e-01,-3.639333512085535932e-02,-1.396169963565972449e-01,1.558351697358802412e-01,-3.698304061434871254e-02,6.701291982058033003e-02,2.419708834167463574e-01,1.816431656629288183e-01,1.220300558336534280e+00,-1.274567987760379384e-01,-4.248592057345788042e-01,-2.016074645884581851e-01,3.884889762023482906e-01,-1.976029941608948570e-01,2.921622664086674301e-02,2.403125469249657864e-01,-1.723541855145066873e-02,1.754645225925791641e-01,-3.340217172823450875e-02
1.040000,0.000000000000000000e+00,0.000000000000000000e+00,7.594907452582464469e-01,9.791114909077043293e-01,0.000000000000000000e+00,0.000000000000000000e+00,2.033240968810445526e-01,-2.719828932874874261e-01,-1.545243346359145009e-01,-2.645482506702831471e-01,6.756453868756648884e-01,-3.859499381271120355e-01,2.098937707124521115e-02,-4.040430982175804986e-01,3.212445611448646460e-02,-2.071378308696147572e-02,8.623294001772912054e-01,-4.646047420413410012e-01,-3.823748884888034799e-02,-1.461448033695377513e-01,1.651208431936827814e-01,-3.982330523298006214e-02,9.330153884818696841e-02,2.384264143240593103e-01,1.797113620617669660e-01,1.156763622588771634e+00,-1.363987574614279885e-01,-3.795105611631373055e-01,-2.028880266517283926e-01,3.884681022279570239e-01,-1.940950648096942122e-01,3.173009960142544189e-02,2.400093896586421305e-01,-1.904361663063872806e-02,1.756225539911580313e-01,-3.652023003757738639e-02
1.050000,0.000000000000000000e+00,0.000000000000000000e+00,7.594907452582464469e-01,9.767353651505735757e-01,0.000000000000000000e+00,0.000000000000000000e+00,2.144481906292885209e-01,-2.694366348989856164e-01,-1.619527007341516056e-01,-2.795389576108905372e-01,6.762734930549237911e-01,-3.866579814916536462e-01,2.135163375953887457e-02,-4.036947645744920488e-01,3.353677065718289191e-02,-2.160722110076196065e-02,8.561750994806277548e-01,-4.588393688837316131e-01,-3.990359904550003917e-02,-1.525903800381229192e-01,1.737506812029777359e-01,-4.271450219332059012e-02,1.172679032646706532e-01,2.360148345141751258e-01,1.784895597241875909e-01,1.098594380252337688e+00,-1.448265067756226987e-01,-3.369354519715865304e-01,-2.040616098133228029e-01,3.873543611588332047e-01,-1.904483725479510781e-01,3.413821582680993949e-02,2.417484857921031460e-01,-2.060359737505885330e-02,1.748255873130739879e-01,-3.936365689491781034e-02
1.060000,0.000000000000000000e+00,0.000000000000000000e+00,7.594907452582463359e-01,9.742328582026050787e-01,0.000000000000000000e+00,0.000000000000000000e+00,2.255445366183422840e-01,-2.670092550433619816e-01,-1.689205808281088184e-01,-2.938213593478133379e-01,6.769075589624509171e-01,-3.872863435685678368e-01,2.161417938028991140e-02,-4.034745674518079306e-01,3.474489109832711031e-02,-2.237392720140176858e-02,8.502379478573556248e-01,-4.531730740785144262e-01,-4.132429464790272206e-02,-1.585872416668333562e-01,1.820132135148898322e-01,-4.564665644819212997e-02,1.350316156761365571e-01,2.347435774807304365e-01,1.784141860241666155e-01,1.055325266691625297e+00,-1.523885720418803325e-01,-3.031527040828018715e-01,-2.061582178621687855e-01,3.856524487291054237e-01,-1.870309418500382126e-01,3.626703452819914075e-02,2.444401379102582317e-01,-2.204382105256057905e-02,1.736932020156742584e-01,-4.206018142730135606e-02
1.070000,0.000000000000000000e+00,0.000000000000000000e+00,7.594907452582463359e-01,9.716042938667647233e-01,0.000000000000000000e+00,0.000000000000000000e+00,2.366116990760714911e-01,-2.643796876344378655e-01,-1.762861186272162428e-01,-3.091597446743690192e-01,6.776128403734331673e-01,-3.879201588515288623e-01,2.181841449282727330e-02,-4.032151681142140953e-01,3.588691650305116804e-02,-2.309545014694940057e-02,8.435651226088367594e-01,-4.467924099058794840e-01,-4.267573208790211708e-02,-1.650829923017317902e-01,1.904349358820203175e-01,-4.891041457768011136e-02,1.538765859895601107e-01,2.341928269511584781e-01,1.785499272267650483e-01,1.009088995151692592e+00,-1.606238000860945592e-01,-2.663271626529605252e-01,-2.081985176444611507e-01,3.828266994798844025e-01,-1.833072300645363362e-01,3.850187762451360435e-02,2.490227103931573760e-01,-2.348428914991102304e-02,1.718306151578332108e-01,-4.476535721559660175e-02
1.080000,0.000000000000000000e+00,0.000000000000000000e+00,7.594907452582463359e-01,9.688500122567649253e-01,0.000000000000000000e+00,0.000000000000000000e+00,2.476482460064404756e-01,-2.617086051334626684e-01,-1.836107809048487804e-01,-3.246606802376887924e-01,6.783573588330965576e-01,-3.885156854432217921e-01,2.193882252115650702e-02,-4.029703249834009071e-01,3.687100149858658221e-02,-2.371533606011056936e-02,8.366221578060663022e-01,-4.401196413167672294e-01,-4.384200373486988461e-02,-1.716660364740245359e-01,1.982702325785760111e-01,-5.231010957942875544e-02,1.729895013900221434e-01,2.344640010896187066e-01,1.788105971570985719e-01,9.617333135436172409e-01,-1.689862219364383911e-01,-2.281835054124582707e-01,-2.096558815762730454e-01,3.788163152083501850e-01,-1.794520700395351720e-01,4.059889183909186350e-02,2.559677934565841584e-01,-2.463139331079037750e-02,1.687840289355541368e-01,-4.712667139593518240e-02
1.090000,0.000000000000000000e+00,0.000000000000000000e+00,7.594907452582463359e-01,9.659703697530563904e-01,0.000000000000000000e+00,0.000000000000000000e+00,2.586527493748008166e-01,-2.597073531319266659e-01,-1.891125647183528602e-01,-3.364617283920294244e-01,6.789589832705955619e-01,-3.889262161450067201e-01,2.195759689141395937e-02,-4.029544791833422623e-01,3.748726865519612372e-02,-2.410976381140300315e-02,8.315052627496694049e-01,-4.350750947302827187e-01,-4.456475041131732762e-02,-1.763875783892843163e-01,2.048513092220285436e-01,-5.504998609011783894e-02,1.823040868188649799e-01,2.351148364226663123e-01,1.798701381727016435e-01,9.382710030726618688e-01,-1.749204140843781397e-01,-2.065605810359329997e-01,-2.121803648604378978e-01,3.758304957989829220e-01,-1.768105981219123268e-01,4.191278673707147379e-02,2.607447111996369915e-01,-2.554620058668267621e-02,1.668546692088677952e-01,-4.907985116547632781e-02
1.100000,0.000000000000000000e+00,0.000000000000000000e+00,7.594907452582463359e-01,9.629657389567158887e-01,0.000000000000000000e+00,0.000000000000000000e+00,2.696237852926667844e-01,-2.572497645856526849e-01,-1.957420534583224625e-01,-3.508705340155058860e-01,6.797149913044850944e-01,-3.893974518892141523e-01,2.191666119164335791e-02,-4.028911842745131477e-01,3.809592200942038542e-02,-2.449704015853314959e-02,8.250661576211593129e-01,-4.287458976004625000e-01,-4.528358792036615149e-02,-1.821024141120534956e-01,2.131268633470748963e-01,-5.857980938560945761e-02,1.914206155258380282e-01,2.364207030457115000e-01,1.816388598547505895e-01,9.148970788147489097e-01,-1.821777187949575327e-01,-1.826730304837681784e-01,-2.160448775716832803e-01,3.718400670300246458e-01,-1.738103800031736978e-01,4.340699971738109370e-02,2.668108469519628878e-01,-2.678670211665189552e-02,1.646904353591724102e-01,-5.153270825054621918e-02
1.110000,0.000000000000000000e+00,0.000000000000000000e+00,7.594907452582463359e-01,9.598365086412349312e-01,0.000000000000000000e+00,0.000000000000000000e+00,2.805599342019535758e-01,-2.546200053203178659e-01,-2.026705371661481625e-01,-3.661539791165697166e-01,6.805437523308854875e-01,-3.898628176941136281e-01,2.179912637962447969e-02,-4.027610668770101876e-01,3.857215891810423375e-02,-2.479581571623366842e-02,8.180216788731725641e-01,-4.218602234557634612e-01,-4.584972075266078445e-02,-1.881517695087023823e-01,2.217820400865114228e-01,-6.248271516274904458e-02,2.001972601830895870e-01,2.383836482398914158e-01,1.837550419793712586e-01,8.918965803754836941e-01,-1.899284614438657981e-01,-1.577261077316417515e-01,-2.202933642267377867e-01,3.669740765881997491e-01,-1.707858021840417406e-01,4.483568663658808046e-02,2.742569228882029697e-01,-2.803985177485978850e-02,1.620777471032977812e-01,-5.398449500763451148e-02
1.120000,0.000000000000000000e+00,0.000000000000000000e+00,7.594907452582463359e-01,9.565830837022154531e-01,0.000000000000000000e+00,0.000000000000000000e+00,2.914597810586570525e-01,-2.519195834387511490e-01,-2.096378798796863785e-01,-3.817573419619728070e-01,6.814193246504649526e-01,-3.902996332957818781e-01,2.159777666775951344e-02,-4.025763839712069858e-01,3.887415816781036870e-02,-2.497971903964261303e-02,8.106637497598216946e-01,-4.147024905348022927e-01,-4.621080584801678243e-02,-1.942980142083875483e-01,2.303862543290540466e-01,-6.661858347116061951e-02,2.084548967691002286e-01,2.409638849776720160e-01,1.860992365605971255e-01,8.696560909796197114e-01,-1.978416817149901419e-01,-1.323680169487174985e-01,-2.245825018882056934e-01,3.613170207926033606e-01,-1.678566577910570734e-01,4.607885593517324629e-02,2.831100409207079616e-01,-2.915413461774325407e-02,1.588770849737728696e-01,-5.623794569942573013e-02
1.130000,0.000000000000000000e+00,0.000000000000000000e+00,7.594907452582463359e-01,9.532058851049801662e-01,0.000000000000000000e+00,0.000000000000000000e+00,3.023219155159470595e-01,-2.491857034697031736e-01,-2.165637170501060194e-01,-3.975024330244673609e-01,6.823332233671500768e-01,-3.907004157354309060e-01,2.130948867117428078e-02,-4.023427163989750643e-01,3.898665050969705309e-02,-2.503927018962415554e-02,8.031187422334140624e-01,-4.073972416364668447e-01,-4.634700089648081944e-02,-2.004519031444602084e-01,2.388120983642843254e-01,-7.094185823298125582e-02,2.160150072772731022e-01,2.441184955768039566e-01,1.886383600787576997e-01,8.485768388152782338e-01,-2.057744235206684091e-01,-1.070081999712760579e-01,-2.288112984167929020e-01,3.549408227286920958e-01,-1.650826963981951723e-01,4.707600001038051568e-02,2.933366478168051295e-01,-3.006361216166633654e-02,1.550255506334177746e-01,-5.821355891534001070e-02
1.140000,0.000000000000000000e+00,0.000000000000000000e+00,7.594907452582463359e-01,9.497053498301027963e-01,0.000000000000000000e+00,0.000000000000000000e+00,3.131449321066558378e-01,-2.464323859349906165e-01,-2.234243717357330405e-01,-4.133316526098392285e-01,6.832823480729968146e-01,-3.910628752867965074e-01,2.093287282947825859e-02,-4.020569915404675343e-01,3.890347205646325912e-02,-2.497049421866451291e-02,7.954481886362054777e-01,-4.000109746667033783e-01,-4.625005243936203964e-02,-2.065772020179920676e-01,2.470382255777497649e-01,-7.543897356170217727e-02,2.227162287729379520e-01,2.478063445141045207e-01,1.913656679313792963e-01,8.290308872012344121e-01,-2.136532210389325281e-01,-8.193994455938030663e-02,-2.329730209392262552e-01,3.479170423933754530e-01,-1.625070312915068982e-01,4.779546332728124708e-02,3.048576446107318927e-01,-3.074397853484227977e-02,1.505144998144299084e-01,-5.987796356751898946e-02
1.150000,0.000000000000000000e+00,0.000000000000000000e+00,7.594907452582463359e-01,9.460819308168670894e-01,0.000000000000000000e+00,0.000000000000000000e+00,3.239274304251320569e-01,-2.436652554921690250e-01,-2.302140172158745890e-01,-4.292260801055757247e-01,6.842651049034621513e-01,-3.913864158320367603e-01,2.046726191925790986e-02,-4.017110283914281932e-01,3.862213722608778821e-02,-2.477159448643571210e-02,7.876884584578522919e-01,-3.925891086846809985e-01,-4.591647663036213523e-02,-2.126569656764673577e-01,2.550799147051633908e-01,-8.010679700752977583e-02,2.284225027046911938e-01,2.519867838995387133e-01,1.942776334201910537e-01,8.113375834594734881e-01,-2.214291661525147337e-01,-5.738690052138945702e-02,-2.370948894949770902e-01,3.403201982372051626e-01,-1.601672719810393886e-01,4.822080310836975026e-02,3.175634942654497195e-01,-3.119039893280906375e-02,1.453690757256203558e-01,-6.121591043802052101e-02
1.160000,0.000000000000000000e+00,0.000000000000000000e+00,7.594907452582463359e-01,9.423360969046599145e-01,0.000000000000000000e+00,0.000000000000000000e+00,3.346680153084418130e-01,-2.408868653122057391e-01,-2.369324413368784354e-01,-4.451792256399914605e-01,6.852802008452448801e-01,-3.916709278292505592e-01,1.991228877518000026e-02,-4.012943462362600355e-01,3.814212568484726118e-02,-2.444201575909249469e-02,7.798664924010518806e-01,-3.851695237803581806e-01,-4.534533299055579919e-02,-2.186815521470785728e-01,2.629630180371390069e-01,-8.494511205656048169e-02,2.330264393638542542e-01,2.566188036607537359e-01,1.973655372664954444e-01,7.957526382420834210e-01,-2.290611004774419368e-01,-3.352123304882161092e-02,-2.412125701353541318e-01,3.322276089690351930e-01,-1.580976984046652267e-01,4.834467580763895933e-02,3.313268232332247654e-01,-3.140668245131609387e-02,1.396333441530737685e-01,-6.221882106716716820e-02
1.170000,0.000000000000000000e+00,0.000000000000000000e+00,7.594907452582463359e-01,9.384683327723077895e-01,0.000000000000000000e+00,0.000000000000000000e+00,3.453652970168903380e-01,-2.380986027971109531e-01,-2.435811951733323766e-01,-4.611886118998164141e-01,6.863262927169078154e-01,-3.919163812230713195e-01,1.926771561213370260e-02,-4.007957534686998335e-01,3.746432434629488190e-02,-2.398219936429960703e-02,7.720060740172143277e-01,-3.777875487889407191e-01,-4.453749217648404063e-02,-2.246443981057226758e-01,2.707133724119720197e-01,-8.995402636921977224e-02,2.364493849034630668e-01,2.616611401353246547e-01,2.006131367361363715e-01,7.824661053592388837e-01,-2.365096252225368512e-01,-1.047245162764174481e-02,-2.453589733532733075e-01,3.237182089692333120e-01,-1.563291876675948211e-01,4.816594597581960041e-02,3.460119103778302452e-01,-3.139994449119667269e-02,1.333603796063977942e-01,-6.287983335901110860e-02
1.180000,0.000000000000000000e+00,0.000000000000000000e+00,7.594907452582463359e-01,9.344791388753632688e-01,0.000000000000000000e+00,0.000000000000000000e+00,3.560178914138438233e-01,-2.353013678784295903e-01,-2.501623806734719069e-01,-4.772530729549999684e-01,6.874018970964685948e-01,-3.921226925177458411e-01,1.853336699687313516e-02,-4.002041591900838968e-01,3.659083239456401015e-02,-2.339353064136879060e-02,7.641303454368757464e-01,-3.704777948630498252e-01,-4.349538893225115416e-02,-2.305405770764042683e-01,2.783522830811368531e-01,-9.513316610178386423e-02,2.386392201567149318e-01,2.670727950586561095e-01,2.039969160759431965e-01,7.716065340455678934e-01,-2.437353174895453001e-01,1.166602607092429369e-02,-2.495594132274959465e-01,3.148713724144022175e-01,-1.548887745915930869e-01,4.768815535913614734e-02,3.614811474936656110e-01,-3.117795904790563594e-02,1.266060934591454468e-01,-6.319160912843607703e-02
1.190000,0.000000000000000000e+00,0.000000000000000000e+00,7.594907452582464469e-01,9.303690313813506307e-01,0.000000000000000000e+00,0.000000000000000000e+00,3.666244201448226048e-01,-2.324958137303041183e-01,-2.566782676884805103e-01,-4.933718876886695193e-01,6.885053741668676341e-01,-3.922896836880220839e-01,1.770910417577589019e-02,-3.995089811319087469e-01,3.552488258948756361e-02,-2.267833458586306777e-02,7.562628253080180274e-01,-3.632748134263083517e-01,-4.222293201035762222e-02,-2.363663400850936069e-01,2.858947643467958932e-01,-1.004815259941946870e-01,2.395668084447139523e-01,2.728135410627991475e-01,2.074874000430694254e-01,7.632488949333684491e-01,-2.506985860380666620e-01,3.283047169127961684e-02,-2.538299041160217429e-01,3.057661096216137686e-01,-1.537993316119753984e-01,4.691857298762110162e-02,3.775988802460035210e-01,-3.074790492243362205e-02,1.194257620137721132e-01,-6.314546319934555285e-02
1.200000,0.000000000000000000e+00,0.000000000000000000e+00,7.594907452582462248e-01,9.261385421029776355e-01,0.000000000000000000e+00,0.000000000000000000e+00,3.771835108158507754e-01,-2.296824323566150350e-01,-2.631311711637666084e-01,-5.095445024209049878e-01,6.896349298138860773e-01,-3.924170709683209579e-01,1.679481548481218806e-02,-3.987003595754472496e-01,3.427080146766967039e-02,-2.183987920276438816e-02,7.484278243790620788e-01,-3.562133104836230357e-01,-4.072546427556700266e-02,-2.421189850181260095e-01,2.933492095324190529e-01,-1.059975435460983467e-01,2.392218861167892119e-01,2.788442353289008468e-01,2.110508189661790823e-01,7.574242229103377300e-01,-2.573601410432085901e-01,5.298040508543967742e-02,-2.581771253912881758e-01,2.964806895330177605e-01,-1.530794493446528681e-01,4.586750798384389705e-02,3.942331809574961543e-01,-3.011587306760836122e-02,1.118724394853468085e-01,-6.273119568955987102e-02
1.210000,0.000000000000000000e+00,0.000000000000000000e+00,7.594907452582463359e-01,9.217882184293244574e-01,0.000000000000000000e+00,0.000000000000000000e+00,3.876937971710303632e-01,-2.268615854067907167e-01,-2.695234097445027843e-01,-5.257704428729498281e-01,6.907886208550894080e-01,-3.925044629839706811e-01,1.579041288931183271e-02,-3.977692794591131120e-01,3.283398406469737602e-02,-2.088237552466962535e-02,7.406506139671261701e-01,-3.493281903347285611e-01,-3.900973823899019088e-02,-2.477968221181633401e-01,3.007178360850816246e-01,-1.116792242806847468e-01,2.376090020799973557e-01,2.851269222313788099e-01,2.146507786729963674e-01,7.541293949018897935e-01,-2.636816552808105563e-01,7.209248981358946928e-02,-2.625992618460197270e-01,2.870926129355061973e-01,-1.527434855956761872e-01,4.454775590608420210e-02,4.112561322158487798e-01,-2.928678842615218755e-02,1.039966229352560223e-01,-6.193731121362620190e-02
1.220000,0.000000000000000000e+00,0.000000000000000000e+00,7.594907452582463359e-01,9.173186232550152308e-01,0.000000000000000000e+00,0.000000000000000000e+00,3.981539192693240858e-01,-2.240335157146265688e-01,-2.758572897980541283e-01,-5.420492869715104467e-01,6.919643599771032605e-01,-3.925513616346410495e-01,1.469583082635019487e-02,-3.967076469499275504e-01,3.122087549768034695e-02,-1.981097134799586143e-02,7.329574878169211605e-01,-3.426545310902204267e-01,-3.708389570536252400e-02,-2.533991588936044814e-01,3.079975153790295850e-01,-1.175242495442514745e-01,2.347438998633595286e-01,2.916247778744479602e-01,2.182497747337547034e-01,7.533359911168898693e-01,-2.696264411489263657e-01,9.015517038037237918e-02,-2.670872319573839859e-01,2.776788222561127339e-01,-1.528017264289365518e-01,4.297412418383392274e-02,4.285431515206136743e-01,-2.826453459184164255e-02,9.584668145737909595e-02,-6.075143472081617757e-02
1.230000,0.000000000000000000e+00,0.000000000000000000e+00,7.594907452582464469e-01,9.127303349073849770e-01,0.000000000000000000e+00,0.000000000000000000e+00,4.085625236605198718e-01,-2.211983520824277183e-01,-2.821350973689532582e-01,-5.583806571528654450e-01,6.931599199660546384e-01,-3.925571637085037424e-01,1.351102590614220757e-02,-3.955083403725207503e-01,2.943895702060495001e-02,-1.863173789336976249e-02,7.253757722272695663e-01,-3.362275302826844836e-01,-3.495744783869859235e-02,-2.589262841841635243e-01,3.151807354147850848e-01,-1.235300438553854629e-01,2.306505439076430020e-01,2.983019669979147803e-01,2.218104921313527045e-01,7.549976715517265902e-01,-2.751600750029942200e-01,1.071643043892321345e-01,-2.716259920799154459e-01,2.683160385187136066e-01,-1.532606077205845296e-01,4.116301100390574313e-02,4.459717945920346760e-01,-2.705214672499180184e-02,8.746968497655303876e-02,-5.916080124423824665e-02
1.240000,0.000000000000000000e+00,0.000000000000000000e+00,7.594907452582463359e-01,9.080239470716486849e-01,0.000000000000000000e+00,0.000000000000000000e+00,4.189182635603557747e-01,-2.183561117249915029e-01,-2.883590926320887537e-01,-5.747642188519247464e-01,6.943729374080435113e-01,-3.925211626482190130e-01,1.223597693677858436e-02,-3.941652435614899641e-01,2.749673578708713637e-02,-1.735164918208077431e-02,7.179338050309637120e-01,-3.300824345181104791e-01,-3.264125442580506631e-02,-2.643794498408572613e-01,3.222565393683017865e-01,-1.296937990270660979e-01,2.253588469363232705e-01,3.051234734155517936e-01,2.252968857955590931e-01,7.590558723158988830e-01,-2.802509485586488491e-01,1.231198711132010376e-01,-2.761957273971875626e-01,2.590811385638380759e-01,-1.541229590751767298e-01,3.913202343436456704e-02,4.634203664650234367e-01,-2.565199064859858408e-02,7.891237374807143212e-02,-5.715274259084566350e-02
1.250000,0.000000000000000000e+00,0.000000000000000000e+00,7.594907452582463359e-01,9.032000687140837591e-01,0.000000000000000000e+00,0.000000000000000000e+00,4.292197990247822448e-01,-2.155067019304726106e-01,-2.945315051647873217e-01,-5.911996808837357564e-01,6.956009160511184009e-01,-3.924425503212876643e-01,1.087068507651425472e-02,-3.926732645532470811e-01,2.540373799631910623e-02,-1.597855413333400948e-02,7.106608901965031366e-01,-3.242544577526300653e-01,-3.014750191677706068e-02,-2.697608529962420842e-01,3.292113536122535100e-01,-1.360124603789032438e-01,2.189030627382188010e-01,3.120549463411998459e-01,2.286750628004252384e-01,7.654438723647971621e-01,-2.848707485189269639e-01,1.380237079381308740e-01,-2.807728305402691360e-01,2.500515120965448035e-01,-1.553882461962343975e-01,3.689962590340314930e-02,4.807665655896607992e-01,-2.406588423589176712e-02,7.022209753624093775e-02,-5.471512784078527009e-02
1.260000,0.000000000000000000e+00,0.000000000000000000e+00,7.594907452582463359e-01,8.982593240032344939e-01,0.000000000000000000e+00,0.000000000000000000e+00,4.394657971233394411e-01,-2.126499214878377342e-01,-3.006545295217166180e-01,-6.076867963337693190e-01,6.968412299456723247e-01,-3.923204187652481467e-01,9.415174043174538709e-03,-3.910283403330883090e-01,2.317050515428328156e-02,-1.452114153155771060e-02,7.035872292101551517e-01,-3.187786891338338369e-01,-2.748968007956331325e-02,-2.750736213952830189e-01,3.360296699190865599e-01,-1.424826825142858078e-01,2.113207607976056723e-01,3.190625858203144372e-01,2.319139949237593035e-01,7.740894157984326007e-01,-2.889948738858228450e-01,1.518781501489651908e-01,-2.853306323228492758e-01,2.413053618388005805e-01,-1.570527996981640750e-01,3.448481342127906329e-02,4.978862986396354051e-01,-2.229514432784881692e-02,6.144762253906483479e-02,-5.183673902674831163e-02
1.270000,0.000000000000000000e+00,0.000000000000000000e+00,7.594907452582463359e-01,8.932023522291508977e-01,0.000000000000000000e+00,0.000000000000000000e+00,4.496549321116268816e-01,-2.097854620747374998e-01,-3.067303209535501285e-01,-6.242253635127527067e-01,6.980911264208734535e-01,-3.921537619047740231e-01,7.869490355864100159e-03,-3.892274274353519359e-01,2.080859311634043751e-02,-1.298889815605143092e-02,6.967438281153209845e-01,-3.136899899149526161e-01,-2.468255719243678953e-02,-2.803218022760038397e-01,3.426945806881686596e-01,-1.491007616646012335e-01,2.026522833329476303e-01,3.261130748258767587e-01,2.349860886037206942e-01,7.849161268428503924e-01,-2.926028022873327084e-01,1.646854191912635601e-01,-2.898398903790921910e-01,2.329219285675233619e-01,-1.591100270611145173e-01,3.190680636685724186e-02,5.146527368206256225e-01,-2.034056037483793211e-02,5.263975511058621021e-02,-4.850757993347627750e-02
1.280000,0.000000000000000000e+00,0.000000000000000000e+00,7.594907452582463359e-01,8.880298077206693064e-01,0.000000000000000000e+00,0.000000000000000000e+00,4.597858856028436136e-01,-2.069129096736499751e-01,-3.127609912182713892e-01,-6.408152268357539816e-01,6.993477289203184899e-01,-3.919414772406857872e-01,6.233703600538893080e-03,-3.872684778419151486e-01,1.833057347953220145e-02,-1.139206051483369203e-02,6.901623781974804972e-01,-3.090228784058415834e-01,-2.174215373522394787e-02,-2.855103531215667512e-01,3.491881865543692287e-01,-1.558625503547602098e-01,1.929405891010100016e-01,3.331735542102952641e-01,2.378676333834939260e-01,7.978439537638135626e-01,-2.956784155891934440e-01,1.764476054172604835e-01,-2.942690655481405848e-01,2.249816359879749927e-01,-1.615506102001695032e-01,2.918476552182050140e-02,5.309356372863791584e-01,-1.820230671124410324e-02,4.385176660444656260e-02,-4.471912620150229195e-02
1.290000,0.000000000000000000e+00,0.000000000000000000e+00,7.594907452582463359e-01,8.827423597607477745e-01,0.000000000000000000e+00,0.000000000000000000e+00,4.698573467383760915e-01,-2.040317460395242866e-01,-3.187486044656869244e-01,-6.574562775836667594e-01,7.006080397022814710e-01,-3.916823675091557488e-01,4.507906716781395415e-03,-3.851503995387594026e-01,1.575003679744626725e-02,-9.741560775789121981e-03,6.838751080463049137e-01,-3.048114017633485329e-01,-1.868571456722365257e-02,-2.906451306391917289e-01,3.554919063462446682e-01,-1.627633591283444148e-01,1.822314020222470798e-01,3.402116290622099748e-01,2.405391429674501036e-01,8.127888488131841394e-01,-2.982102928987540036e-01,1.871671098393397070e-01,-2.985844277238602351e-01,2.175661591564111430e-01,-1.643626946162579372e-01,2.633752735846146137e-02,5.466009223030179331e-01,-1.587981083102123908e-02,3.513962653242420214e-02,-4.046453059262295621e-02
1.300000,0.000000000000000000e+00,0.000000000000000000e+00,7.594907452582463359e-01,8.773406924998671252e-01,0.000000000000000000e+00,0.000000000000000000e+00,4.798680123574122214e-01,-2.011413502265389230e-01,-3.246951731844220923e-01,-6.741484545370289849e-01,7.018689424012244382e-01,-3.913751423075511604e-01,2.692216305097440681e-03,-3.828730011539577260e-01,1.308159701251040107e-02,-8.048967633851183967e-03,6.779146048117244971e-01,-3.010889934576831961e-01,-1.553167960964139949e-02,-2.957328726053320422e-01,3.615867234626161664e-01,-1.697978497861222513e-01,1.705735995247227021e-01,3.471953901171740409e-01,2.429855968072350270e-01,8.296618515441179786e-01,-3.001919766516550347e-01,1.968474352201552147e-01,-3.027500371061646600e-01,2.107584257466544320e-01,-1.675320780492906003e-01,2.338336040260628051e-02,5.615104898178427950e-01,-1.337159701701541928e-02,2.656206510471875032e-02,-3.573879998505612859e-02
1.310000,0.000000000000000000e+00,0.000000000000000000e+00,7.594907452582463359e-01,8.718255048675076502e-01,0.000000000000000000e+00,0.000000000000000000e+00,4.898165871655587034e-01,-1.982410001764594309e-01,-3.306026542026511694e-01,-6.908917444821688347e-01,7.031272044431661206e-01,-3.910184196822040770e-01,7.867729546866401077e-04,-3.804369202708410280e-01,1.034089644884603025e-02,-6.326422985120653403e-03,6.723136027950833427e-01,-2.978883154146292345e-01,-1.229965308669617521e-02,-3.007811656985460713e-01,3.674534029927737366e-01,-1.769599252440555159e-01,1.580197912219790946e-01,3.540934308194900182e-01,2.451965855110211645e-01,8.483677040558141869e-01,-3.016222150325668094e-01,2.054942429438763596e-01,-3.067276469131192118e-01,2.046425629436064153e-01,-1.710424075674052691e-01,2.033974386742165227e-02,5.755222182905410655e-01,-1.067512459460341970e-02,1.818049402281302421e-02,-3.053896167898525332e-02
1.320000,0.000000000000000000e+00,0.000000000000000000e+00,7.594907452582463359e-01,8.661975104817130067e-01,0.000000000000000000e+00,0.000000000000000000e+00,4.997017839024418540e-01,-1.953298743697645945e-01,-3.364729447338765111e-01,-7.076861825925758742e-01,7.043794793054994896e-01,-3.906107276726995536e-01,-1.208258408202041211e-03,-3.778435352758073296e-01,7.544610689512312035e-03,-4.586575389037426259e-03,6.671047380510608527e-01,-2.952410841060925661e-01,-9.010371422690593990e-03,-3.057983910685710960e-01,3.730727121514523237e-01,-1.842426227417900131e-01,1.446270505687284047e-01,3.608748388411618935e-01,2.471663605673613817e-01,8.688030961888988379e-01,-3.025051813803560363e-01,2.131166141263647618e-01,-3.104765721808488976e-01,1.993038049139110035e-01,-1.748753945061455872e-01,1.722316976007078060e-02,5.884901232345507438e-01,-7.786638921822950678e-03,1.005881829406542541e-02,-2.486423676871766034e-02
1.330000,0.000000000000000000e+00,0.000000000000000000e+00,7.594907452582463359e-01,8.604574375567548561e-01,0.000000000000000000e+00,0.000000000000000000e+00,5.095223235082672053e-01,-1.924070535409124483e-01,-3.423078784587021972e-01,-7.245318526888733235e-01,7.056223086109337794e-01,-3.901505058069090759e-01,-3.292688151214076195e-03,-3.750948609603358408e-01,4.710452679826809819e-03,-2.842511379084322783e-03,6.623202684165621079e-01,-2.931778802393465444e-01,-5.685669941347168584e-03,-3.107936381552971472e-01,3.784256739036097050e-01,-1.916380196457265206e-01,1.304577688703928429e-01,3.675091401235237032e-01,2.488937878415381777e-01,8.908546209840749741e-01,-3.028506681236620701e-01,2.197284685235863788e-01,-3.139535679302995486e-01,1.948283770458796860e-01,-1.790110568198916563e-01,1.404896934857672447e-02,6.002646212550558635e-01,-4.701051609409590860e-03,2.263173148183486583e-03,-1.871623815043633315e-02
1.340000,0.000000000000000000e+00,0.000000000000000000e+00,7.594907452582463359e-01,8.546060288089079027e-01,0.000000000000000000e+00,0.000000000000000000e+00,5.192769352893193968e-01,-1.894715224598848002e-01,-3.481092216330940459e-01,-7.414288873804195656e-01,7.068521240446117293e-01,-3.896361065407145108e-01,-5.466301546070628618e-03,-3.721934285520505648e-01,1.857175456792534759e-03,-1.107685721800856461e-03,6.579917593290804945e-01,-2.917279421771812320e-01,-2.348448567046970518e-03,-3.157765762452980352e-01,3.834938804418062119e-01,-1.991371642794782792e-01,1.155806012796756627e-01,3.739661739924330930e-01,2.503822048526696542e-01,9.143965190619586236e-01,-3.026742487686974181e-01,2.253501009688855250e-01,-3.171127596110260294e-01,1.913033734965787769e-01,-1.834279982372460926e-01,1.083116423841590237e-02,6.106928589188398426e-01,-1.411864694772207735e-03,-5.138380630738454205e-03,-1.209921031809915726e-02
1.350000,0.000000000000000000e+00,0.000000000000000000e+00,7.594907452582463359e-01,8.486440413603488775e-01,0.000000000000000000e+00,0.000000000000000000e+00,5.289643570823788776e-01,-1.865221717832551418e-01,-3.538786692132279144e-01,-7.583774680908196286e-01,7.080652490831058632e-01,-3.890657966361980580e-01,-7.728858357985469302e-03,-3.691421513973179303e-01,-9.954269948505003671e-04,6.041482857139361153e-04,6.541497369410070872e-01,-2.909189438017760754e-01,9.773632166649262078e-04,-3.207572726183644529e-01,3.882598893452071098e-01,-2.067300476872611370e-01,1.000714671892465879e-01,3.802158801466037907e-01,2.516391837504777240e-01,9.392883074709710289e-01,-3.019973961494923920e-01,2.300097906045054930e-01,-3.199056695935031946e-01,1.888166437321205371e-01,-1.881037329579200446e-01,7.582341287823098075e-03,6.196190689541702934e-01,2.088848356309098899e-03,-1.207617269867183180e-02,-5.020327286047342706e-03
1.360000,0.000000000000000000e+00,0.000000000000000000e+00,7.594907452582463359e-01,8.425722466411910139e-01,0.000000000000000000e+00,0.000000000000000000e+00,5.385833354180352694e-01,-1.835577999792625814e-01,-3.596178409866850889e-01,-7.753778249687383051e-01,7.092579005235705170e-01,-3.884377584718472498e-01,-1.008009241437972728e-02,-3.659441781485487377e-01,-3.826521117329889123e-03,2.279007455818534388e-03,6.508233113557423399e-01,-2.907767582019300523e-01,4.266841840050748097e-03,-3.257459462261295124e-01,3.927077202395746203e-01,-2.144056353495930600e-01,8.401455195952360622e-02,3.862279831793632434e-01,2.526762049498921803e-01,9.653724256101030576e-01,-3.008475383786503587e-01,2.337454216260334283e-01,-3.222813851802009411e-01,1.874567011076519463e-01,-1.930150631538025130e-01,4.313549079454557372e-03,6.268849262187110583e-01,5.810393998090876075e-03,-1.847922639216453139e-02,2.509936684686359630e-03
1.370000,0.000000000000000000e+00,0.000000000000000000e+00,7.594907452582463359e-01,8.413689184654251640e-01,0.000000000000000000e+00,0.000000000000000000e+00,5.404612317644261754e-01,-1.858161956279802407e-01,-3.553425523447427126e-01,-7.678626545824639438e-01,7.081842338981871876e-01,-3.887085364363178086e-01,-1.088006908395056267e-02,-3.648321285892845989e-01,-5.262218070447320650e-03,3.118927486016602902e-03,6.472669980151937175e-01,-2.883965045242927738e-01,5.976292301099449429e-03,-3.225593867512576707e-01,3.930092330799922484e-01,-2.181945363464372067e-01,7.556182680065519353e-02,3.959791239710578892e-01,2.525544812488086932e-01,9.831568400858550216e-01,-2.989214820831341268e-01,2.313585729717079487e-01,-3.324165728568396205e-01,1.819190552786189297e-01,-1.946747148715596565e-01,2.906755435395221195e-03,6.376863579369537183e-01,5.713859875456450341e-03,-2.317617183612094567e-02,2.957595351209876215e-03
1.380000,0.000000000000000000e+00,0.000000000000000000e+00,7.594907452582462248e-01,8.401614049055388111e-01,0.000000000000000000e+00,0.000000000000000000e+00,5.423364395899940016e-01,-1.899415453499414819e-01,-3.479570203425017549e-01,-7.524529225269093180e-01,7.064012435398252521e-01,-3.890608364489453463e-01,-1.122463111015261847e-02,-3.642521803320432072e-01,-6.270678156145618153e-03,3.709392387271789882e-03,6.438526645842100882e-01,-2.855987452854724662e-01,7.174141056631177377e-03,-3.171995495559410960e-01,3.916714601168940768e-01,-2.204745261256625954e-01,7.056708157065104403e-02,4.072362424621897015e-01,2.522127187368632395e-01,9.962720877826553023e-01,-2.970369950934230174e-01,2.277253180626800932e-01,-3.450931308324362012e-01,1.747305209375051016e-01,-1.952965168387880424e-01,2.035305706555882218e-03,6.504095026782769073e-01,4.481320019448896061e-03,-2.803966930728519352e-02,1.304188638593965430e-03
1.390000,0.000000000000000000e+00,0.000000000000000000e+00,7.594907452582463359e-01,8.389497119683003712e-01,0.000000000000000000e+00,0.000000000000000000e+00,5.442089495665298760e-01,-1.946436560652647363e-01,-3.395608406972539517e-01,-7.345763207883915236e-01,7.044195136900626153e-01,-3.893212054146128476e-01,-1.151255358070811530e-02,-3.637392044188758611e-01,-7.148700111837016230e-03,4.222588129506689436e-03,6.406992578285601869e-01,-2.829711615367396238e-01,8.205450619908571941e-03,-3.114384429175032221e-01,3.894397269279564200e-01,-2.220340884443234297e-01,6.737030632727776525e-02,4.193975505068450738e-01,2.519892315297359020e-01,1.006478497726575272e+00,-2.953867467249800538e-01,2.242884217631702926e-01,-3.585468441228183978e-01,1.667688152915567101e-01,-1.956677573568482709e-01,1.226194000549020793e-03,6.643641545980721874e-01,3.111010502936489321e-03,-3.346752907133675875e-02,-6.174177753237404184e-04
1.400000,0.000000000000000000e+00,0.000000000000000000e+00,7.594907452582464469e-01,8.377338456812680745e-01,0.000000000000000000e+00,0.000000000000000000e+00,5.460787523792455245e-01,-1.995078542656423815e-01,-3.308354649506186629e-01,-7.159639678620274283e-01,7.024042694940160203e-01,-3.894461041672231394e-01,-1.185191783227518628e-02,-3.631640016077091193e-01,-7.984396745998991254e-03,4.708992216791428945e-03,6.378546901804508229e-01,-2.807029570644175576e-01,9.179118588140902299e-03,-3.057654654859233712e-01,3.865752650363755150e-01,-2.231774674854354601e-01,6.523463768968591758e-02,4.322584012443586587e-01,2.519588506891167756e-01,1.014733287449696819e+00,-2.939666234014230439e-01,2.213910575707248307e-01,-3.722109444594656757e-01,1.584285478395301983e-01,-1.960658353073590210e-01,3.309118957749759274e-04,6.791578012774839301e-01,1.930490293313874691e-03,-3.948947936225491451e-02,-2.189774534439764813e-03
1.410000,0.000000000000000000e+00,0.000000000000000000e+00,7.594907452582462248e-01,8.365138120927610998e-01,0.000000000000000000e+00,0.000000000000000000e+00,5.479458387268186792e-01,-2.044060069574692995e-01,-3.220080813408781051e-01,-6.971622785399624878e-01,7.004114607327172060e-01,-3.894262355815656940e-01,-1.226188537353112458e-02,-3.624966499014113941e-01,-8.801797192508200446e-03,5.182211321123370885e-03,6.353373304039551250e-01,-2.788495524857028673e-01,1.012715978257281921e-02,-3.002937981269560019e-01,3.831908786612707174e-01,-2.240349807647527003e-01,6.376774740675260345e-02,4.457301881245847031e-01,2.521209436151214955e-01,1.021653302617371084e+00,-2.927281865696998997e-01,2.190158630649620131e-01,-3.859238659036358099e-01,1.499185228649984047e-01,-1.965847936586420375e-01,-6.903686211175260245e-04,6.945272073976067606e-01,1.032542014856356171e-03,-4.603768716519058418e-02,-3.230705485874209304e-03
1.420000,0.000000000000000000e+00,0.000000000000000000e+00,7.594907452582462248e-01,8.352896172718281553e-01,0.000000000000000000e+00,0.000000000000000000e+00,5.498101993214411509e-01,-2.092972902161965576e-01,-3.131560604803393377e-01,-6.783415247553482574e-01,6.984623133033510678e-01,-3.892626724067864141e-01,-1.273687385987261333e-02,-3.617352534803562336e-01,-9.605377711351616513e-03,5.644623677599958436e-03,6.331513522370851854e-01,-2.774202592150712965e-01,1.105667043698873274e-02,-2.950329841805831577e-01,3.793503103493534589e-01,-2.246687176520322515e-01,6.271853977873798058e-02,4.597602849098004762e-01,2.524589351753145361e-01,1.027693944580672980e+00,-2.916202993122970488e-01,2.170344570626635272e-01,-3.996565899909570452e-01,1.413647285783619090e-01,-1.972518077722789920e-01,-1.841252027132763737e-03,7.102791312404170831e-01,4.299306065609127423e-04,-5.302636201232188012e-02,-3.708763410709599046e-03
1.430000,0.000000000000000000e+00,0.000000000000000000e+00,7.594907452582463359e-01,8.340612673082185013e-01,0.000000000000000000e+00,0.000000000000000000e+00,5.516718248888632381e-01,-2.141666319595509904e-01,-3.043068088289424544e-01,-6.595530597324414934e-01,6.965665435751068335e-01,-3.889598500062658726e-01,-1.326502696618539826e-02,-3.608850719033940835e-01,-1.039372010809574975e-02,6.095236808857677421e-03,6.312935359957050352e-01,-2.764078992630304432e-01,1.196676315083053388e-02,-2.899678734574698269e-01,3.750991794452515626e-01,-2.251125940294649574e-01,6.190277465006283064e-02,4.743069012130983197e-01,2.529546646615968841e-01,1.033219568248824771e+00,-2.905972204879966880e-01,2.152937152282373978e-01,-4.134195905234528956e-01,1.328519725386546890e-01,-1.980690395747702059e-01,-3.113093173565279273e-03,7.262646104636996114e-01,1.085879397967276310e-04,-6.037520872200886901e-02,-3.642668524107327364e-03
1.440000,0.000000000000000000e+00,0.000000000000000000e+00,7.594907452582462248e-01,8.328287683123505314e-01,0.000000000000000000e+00,0.000000000000000000e+00,5.535307061684411334e-01,-2.190062936559603601e-01,-2.954708578524404827e-01,-6.408108024877695597e-01,6.947296626480899961e-01,-3.885234452922511905e-01,-1.383327415435252512e-02,-3.599526248973485831e-01,-1.116369840126074479e-02,6.532107579919777668e-03,6.297564424342013689e-01,-2.757989808336325233e-01,1.285408203429622837e-02,-2.850798789535942124e-01,3.704750028736171763e-01,-2.253884204060460916e-01,6.117384741939005388e-02,4.893309329492259163e-01,2.535902114692859532e-01,1.038532880558922233e+00,-2.896184845289341281e-01,2.136454741096938115e-01,-4.272314865335948841e-01,1.244423103904157835e-01,-1.990288604674249340e-01,-4.493255096833729222e-03,7.423654518976312566e-01,4.599536472892064526e-05,-6.801479996998016642e-02,-3.066543772257140747e-03
1.450000,0.000000000000000000e+00,0.000000000000000000e+00,7.594907452582463359e-01,8.315921264152827952e-01,0.000000000000000000e+00,0.000000000000000000e+00,5.553868339131818876e-01,-2.238104524538935269e-01,-2.866528580228278611e-01,-6.221169951998608560e-01,6.929553422121652595e-01,-3.879597524626648974e-01,-1.442866958740888703e-02,-3.589441492881902396e-01,-1.191176259552899006e-02,6.953089072832583685e-03,6.285299496679405129e-01,-2.755772789306290549e-01,1.371459753784659043e-02,-2.803518129856159002e-01,3.655106768825504560e-01,-2.255125284723848156e-01,6.041034227710975757e-02,5.047933327327742692e-01,2.543471859423830916e-01,1.043888221012740702e+00,-2.886476325441916235e-01,2.119563794854519567e-01,-4.411087997020579077e-01,1.161838901473660618e-01,-2.001195116877770297e-01,-5.968108979631411327e-03,7.584858943987617952e-01,2.176362588210218533e-04,-7.588631214839011707e-02,-2.018268275529925410e-03
1.460000,0.000000000000000000e+00,0.000000000000000000e+00,7.594907452582463359e-01,8.303513477686818023e-01,0.000000000000000000e+00,0.000000000000000000e+00,5.572401988897908165e-01,-2.285736333549854837e-01,-2.778552439858458234e-01,-6.034703275171801051e-01,6.912462244588866156e-01,-3.872755081011712841e-01,-1.503874298914265745e-02,-3.578652809074079899e-01,-1.263433253877105714e-02,7.356061147530153568e-03,6.276020468277884179e-01,-2.757251521429293639e-01,1.454418997895460391e-02,-2.757684581883512731e-01,3.602358532363297838e-01,-2.254985208901446325e-01,5.951031054703959100e-02,5.206543149445113094e-01,2.552060438976152534e-01,1.049498079938395056e+00,-2.876513516157928052e-01,2.101108114628630064e-01,-4.550628346435630078e-01,1.081155683427226094e-01,-2.013272853087037517e-01,-7.524157641882762287e-03,7.745469134029027147e-01,5.992865954892238846e-04,-8.393980677734200202e-02,-5.358075588328620534e-04
1.470000,0.000000000000000000e+00,0.000000000000000000e+00,7.594907452582464469e-01,8.291064385447932672e-01,0.000000000000000000e+00,0.000000000000000000e+00,5.590907918787152431e-01,-2.332902680419701724e-01,-2.690794705336568282e-01,-5.848684884929666872e-01,6.896042296378401826e-01,-3.864778428529104248e-01,-1.565160080557697134e-02,-3.567210628356328184e-01,-1.332791883275491820e-02,7.739001404420874086e-03,6.269592914089351376e-01,-2.762240714671185815e-01,1.533883893570906279e-02,-2.713162569597948326e-01,3.546775908048054315e-01,-2.253584003039778849e-01,5.838846747096163720e-02,5.368731821366325985e-01,2.561458635548410911e-01,1.055536580832560078e+00,-2.865991385816493708e-01,2.080114627838181574e-01,-4.690988892869127347e-01,1.002695292501036423e-01,-2.026374085470456499e-01,-9.148440355026715362e-03,7.904821319521998513e-01,1.167818838727743228e-03,-9.213240553746415706e-02,1.343782887329656762e-03
1.480000,0.000000000000000000e+00,0.000000000000000000e+00,7.594907452582463359e-01,8.278574049364095799e-01,0.000000000000000000e+00,0.000000000000000000e+00,5.609386036741932369e-01,-2.379545796420386994e-01,-2.603264439221290028e-01,-5.663089596836360373e-01,6.880306959181133886e-01,-3.855742642725352720e-01,-1.625596815102169079e-02,-3.555160311732247780e-01,-1.398916001956046484e-02,8.100006789651193265e-03,6.265871144397516801e-01,-2.770548700244981344e-01,1.609468453209937644e-02,-2.669829533025729340e-01,3.488607297001405927e-01,-2.251030275842869077e-01,5.697474113736799434e-02,5.534083632061863600e-01,2.571445192657560996e-01,1.062141553228452384e+00,-2.854633250555845825e-01,2.055791593211401536e-01,-4.832161861919705426e-01,9.267289171545925464e-02,-2.040344283441354323e-01,-1.082864736854139386e-02,8.062348183075153107e-01,1.901459235016104326e-03,-1.004267290943035573e-01,3.584504704011489372e-03
1.490000,0.000000000000000000e+00,0.000000000000000000e+00,7.594907452582463359e-01,8.266042531568400520e-01,0.000000000000000000e+00,0.000000000000000000e+00,5.627836250842971344e-01,-2.425605607013069931e-01,-2.515966862960892225e-01,-5.477892542049418445e-01,6.865264607429897303e-01,-3.845726446822751443e-01,-1.684121755544538968e-02,-3.542543136004104865e-01,-1.461483411760301429e-02,8.437299986181893627e-03,6.264700556404072529e-01,-2.781978913508080797e-01,1.680804717764875292e-02,-2.627573299990604849e-01,3.428081510366087770e-01,-2.247423188244450643e-01,5.521346969073706590e-02,5.702175171687176025e-01,2.581791159645929201e-01,1.069415989941285172e+00,-2.842193036172692699e-01,2.027524389505878655e-01,-4.974080171856197219e-01,8.534876959789759743e-02,-2.055023981491050644e-01,-1.255311412212212034e-02,8.217556443878236694e-01,2.779834438994617258e-03,-1.087896412543338520e-01,6.151320063398596320e-03
1.500000,0.000000000000000000e+00,0.000000000000000000e+00,7.594907452582463359e-01,8.253469894398798301e-01,0.000000000000000000e+00,0.000000000000000000e+00,5.646258469309802797e-01,-2.471019776612830288e-01,-2.428904109854431448e-01,-5.293069821246962903e-01,6.850919204653413974e-01,-3.834812078132074920e-01,-1.739739441445960211e-02,-3.529397256387979409e-01,-1.520186234589703325e-02,8.749231180437412950e-03,6.265919644114331666e-01,-2.796330989855871363e-01,1.747543391300541288e-02,-2.586290249069960745e-01,3.365409962252759457e-01,-2.242853588808473853e-01,5.306290282657082774e-02,5.872576437842406127e-01,2.592265711021078944e-01,1.077429318116898349e+00,-2.828458429771558702e-01,1.994870260666965489e-01,-5.116619681442236001e-01,7.831702541126912831e-02,-2.070249888644852543e-01,-1.431076490391825287e-02,8.370009689771971129e-01,3.783928312389379760e-03,-1.171912395289146092e-01,9.009997524719082912e-03
1.510000,0.000000000000000000e+00,0.000000000000000000e+00,7.594907452582463359e-01,8.240856200397795872e-01,0.000000000000000000e+00,0.000000000000000000e+00,5.664652600501217661e-01,-2.515723830476177536e-01,-2.342075673818996007e-01,-5.108598622354714180e-01,6.837270810800255560e-01,-3.823085132207020842e-01,-1.791524075340777608e-02,-3.515758617461106073e-01,-1.574731052913964230e-02,9.034278476539769204e-03,6.269361816303741231e-01,-2.813401695675890601e-01,1.809354051000872446e-02,-2.545883907809132762e-01,3.300788869697645622e-01,-2.237405068690748178e-01,5.049482625955456494e-02,6.044851730311350257e-01,2.602642614505414342e-01,1.086218733346854703e+00,-2.813254196458407352e-01,1.957552126112721003e-01,-5.259602102769510568e-01,7.159485131862614038e-02,-2.085855775884229713e-01,-1.609103375447840101e-02,8.519314646497709864e-01,4.895992279594120478e-03,-1.256040128535298450e-01,1.212694715171554888e-02
1.520000,0.000000000000000000e+00,0.000000000000000000e+00,7.594907452582463359e-01,8.228201512312123267e-01,0.000000000000000000e+00,0.000000000000000000e+00,5.683018552915737320e-01,-2.559651301791565081e-01,-2.255478747788035865e-01,-4.924457180898443309e-01,6.824316046382388201e-01,-3.810634385825534820e-01,-1.838621731511966978e-02,-3.501661808282593435e-01,-1.624838989105112375e-02,9.291047941643811731e-03,6.274857079690521200e-01,-2.832985771320629675e-01,1.865925229566683247e-02,-2.506263733597162147e-01,3.234401702091691533e-01,-2.231155224695617334e-01,4.749420609718931624e-02,6.218560184981685168e-01,2.612706751279900153e-01,1.095790747345489091e+00,-2.796445197070971944e-01,1.915451200458974379e-01,-5.402798750401116568e-01,6.519725806813714275e-02,-2.101673393942659063e-01,-1.788377217524682317e-02,8.665109494673552959e-01,6.099425300173755976e-03,-1.340020945271983566e-01,1.546904939087795361e-02
1.530000,0.000000000000000000e+00,0.000000000000000000e+00,7.594907452582463359e-01,8.215505893092447387e-01,0.000000000000000000e+00,0.000000000000000000e+00,5.701356235192049926e-01,-2.602733889686344448e-01,-2.169108515694428418e-01,-4.740624702548824065e-01,6.812048529870774471e-01,-3.797551600964971241e-01,-1.880252380727193834e-02,-3.487140859815008320e-01,-1.670245778598528422e-02,9.518273541916654618e-03,6.282233604367982727e-01,-2.854876710524491545e-01,1.916964466173625564e-02,-2.467343946931210286e-01,3.166422000913017842e-01,-2.224177200546153255e-01,4.405878866745922828e-02,6.393255876969476947e-01,2.622260250845923624e-01,1.106123042611223628e+00,-2.777938803514551358e-01,1.868598099693623005e-01,-5.545935307810029302e-01,5.913752210624130534e-02,-2.117533536787690740e-01,-1.967914551042343127e-02,8.807053202862494823e-01,7.378630818148000474e-03,-1.423605544806305079e-01,1.900347269900184294e-02
1.540000,0.000000000000000000e+00,0.000000000000000000e+00,7.594907452582463359e-01,8.202769405893040044e-01,0.000000000000000000e+00,0.000000000000000000e+00,5.719665556109477800e-01,-2.644901623883550434e-01,-2.082958419068964007e-01,-4.557081285516243474e-01,6.800459293835523500e-01,-3.783931311191856550e-01,-1.915711720082419536e-02,-3.472229981719529013e-01,-1.710701856651651240e-02,9.714816995529184512e-03,6.291319172244256297e-01,-2.878867481816441143e-01,1.962198356995940515e-02,-2.429042374917649016e-01,3.097016590310811557e-01,-2.216541470376501011e-01,4.019861011145019203e-02,6.568487488772727367e-01,2.631127917224904689e-01,1.117166693994323667e+00,-2.757686506682754946e-01,1.817162125073807089e-01,-5.688697712098298442e-01,5.342762174250762636e-02,-2.133267286927275075e-01,-2.146751719366533223e-02,8.944815158790496712e-01,8.718856205103393125e-03,-1.506546927666177482e-01,2.269747585800136608e-02
1.550000,0.000000000000000000e+00,0.000000000000000000e+00,7.594907452582463359e-01,8.189992114071472651e-01,0.000000000000000000e+00,0.000000000000000000e+00,5.737946424588424854e-01,-2.686083034246083967e-01,-1.997020405064053317e-01,-4.373807854434797471e-01,6.789537181115021802e-01,-3.769870591185532915e-01,-1.944372802670931571e-02,-3.456964235070075220e-01,-1.745972467746826837e-02,9.879667492664513315e-03,6.301942503618824798e-01,-2.904751191123557397e-01,2.001372615187205217e-02,-2.391279317303128815e-01,3.026349115677077206e-01,-2.208317774745092443e-01,3.593537909887896398e-02,6.743797600607580600e-01,2.639161711157597678e-01,1.128848796196867843e+00,-2.735684574637456956e-01,1.761438447922557826e-01,-5.830739159002003014e-01,4.807867955084750566e-02,-2.148707425998676035e-01,-2.323931986347855388e-02,9.078064655222753965e-01,1.010602069439264783e-02,-1.588593130297331346e-01,2.651819468468041147e-02
1.560000,0.000000000000000000e+00,0.000000000000000000e+00,7.594907452582463359e-01,8.177174081188302024e-01,0.000000000000000000e+00,0.000000000000000000e+00,5.756198749690828453e-01,-2.726205324004806196e-01,-1.911285157977780369e-01,-4.190786108966566004e-01,6.779269220649768446e-01,-3.755468809706187239e-01,-1.965687464996318523e-02,-3.441380137831963060e-01,-1.775837803280914950e-02,1.001194120847447369e-02,6.313934456142713536e-01,-2.932321683144729074e-01,2.034252143379542549e-02,-2.353976476907889692e-01,2.954583780949979199e-01,-2.199577091144144236e-01,3.130170152932533478e-02,6.918721716171283287e-01,2.646244124772459960e-01,1.141075519534849425e+00,-2.711973663556998537e-01,1.701832964440021523e-01,-5.971688132922269299e-01,4.310141786042327727e-02,-2.163689956821124027e-01,-2.498491342732902729e-02,9.206460022232798579e-01,1.152653882150803805e-02,-1.669479695559192844e-01,3.043241688511316018e-02
1.570000,0.000000000000000000e+00,0.000000000000000000e+00,7.594907452582463359e-01,8.164315371006741762e-01,0.000000000000000000e+00,0.000000000000000000e+00,5.774422440620623487e-01,-2.776737644743293432e-01,-1.798204459340276284e-01,-3.950056603653681608e-01,6.766851338827343243e-01,-3.735917641358678654e-01,-1.982372097974447953e-02,-3.421335157510262404e-01,-1.807475482290325439e-02,1.014213392645691228e-02,6.332708997919578309e-01,-2.971569650918287064e-01,2.069186995879855953e-02,-2.305912996676239834e-01,2.856445370414573692e-01,-2.189655025635052765e-01,2.093192709150748163e-02,7.156812199300922606e-01,2.648183981895760875e-01,1.165676745913592161e+00,-2.663445336953066955e-01,1.578340453058900417e-01,-6.173994148728768616e-01,3.462211437277862985e-02,-2.181757088437221714e-01,-2.766221041315072848e-02,9.434431842811026314e-01,1.342715590862732927e-02,-1.815375432055301441e-01,3.614596211125353092e-02
1.580000,0.000000000000000000e+00,0.000000000000000000e+00,7.594907452582464469e-01,8.151416047492365813e-01,0.000000000000000000e+00,0.000000000000000000e+00,5.792617406724177576e-01,-2.806271324830408864e-01,-1.731484538853496902e-01,-3.807094107094347035e-01,6.759845800573058838e-01,-3.724414231530970287e-01,-1.984950348342382279e-02,-3.408429425561895210e-01,-1.820787437920107915e-02,1.018587188129626078e-02,6.343742541446794059e-01,-2.995337898913226771e-01,2.083059733647804265e-02,-2.277123175832245494e-01,2.799528293963173264e-01,-2.183315044953811068e-01,1.601529312078578404e-02,7.291812563911823641e-01,2.650549144787240907e-01,1.177619411730624677e+00,-2.638586461937724170e-01,1.516503999229010247e-01,-6.282483845623311192e-01,3.103475381730436133e-02,-2.192543183484320646e-01,-2.896933051112862006e-02,9.534820765338485327e-01,1.444523284052345868e-02,-1.881006703220517440e-01,3.921028843780805656e-02
1.590000,0.000000000000000000e+00,0.000000000000000000e+00,7.594907452582463359e-01,8.138476174812770969e-01,0.000000000000000000e+00,0.000000000000000000e+00,5.810783557490752926e-01,-2.850499057837701522e-01,-1.626868759377538831e-01,-3.583415606274661380e-01,6.749792543410221279e-01,-3.706159118580090728e-01,-1.978648421352729309e-02,-3.388909015969350236e-01,-1.834980015185532637e-02,1.021785776685870881e-02,6.363319949777164197e-01,-3.034667812020164224e-01,2.097465232609817265e-02,-2.232551680217194634e-01,2.707800590904062554e-01,-2.173174625108493796e-01,5.618109505086787102e-03,7.507385818193688110e-01,2.649036824598937634e-01,1.201251275984101863e+00,-2.588365685720485643e-01,1.393048263734667225e-01,-6.462651267310854930e-01,2.476683763982828398e-02,-2.207737605329007091e-01,-3.122073164823111271e-02,9.715802126170203223e-01,1.614496546893868720e-02,-2.001354303619912456e-01,4.435879825996941195e-02
1.600000,0.000000000000000000e+00,0.000000000000000000e+00,7.594907452582463359e-01,8.125495817337270443e-01,0.000000000000000000e+00,0.000000000000000000e+00,5.828920802552949310e-01,-2.885879494476301654e-01,-1.539896519757839310e-01,-3.397139697465535457e-01,6.742048173532925182e-01,-3.691107521539814806e-01,-1.963199000445758902e-02,-3.372333072458916226e-01,-1.839578787772544813e-02,1.020328029599120931e-02,6.380299668370961186e-01,-3.068310887184544367e-01,2.101057281259649523e-02,-2.195312448273771255e-01,2.631420100816956320e-01,-2.165304456705728631e-01,-4.398416108479690119e-03,7.685125211523847755e-01,2.644682182606186149e-01,1.223385177249646016e+00,-2.539566429712873386e-01,1.274828664286369040e-01,-6.612281304768334866e-01,1.973591487018037938e-02,-2.219397159662108987e-01,-3.304515211376336803e-02,9.866561029313670739e-01,1.745897122181948660e-02,-2.102980147732857463e-01,4.855110436723842487e-02
1.610000,0.000000000000000000e+00,0.000000000000000000e+00,7.594907452582463359e-01,8.112475039636565244e-01,0.000000000000000000e+00,0.000000000000000000e+00,5.847029051687164802e-01,-2.919136314806701771e-01,-1.454866968492449231e-01,-3.214772413221138603e-01,6.735019163934234943e-01,-3.676616684002824709e-01,-1.938986570018250144e-02,-3.355821934582001176e-01,-1.837550326680703616e-02,1.015216836824149940e-02,6.397189844534874048e-01,-3.101724457908601185e-01,2.097033369092204599e-02,-2.158775161124928677e-01,2.556818840918400615e-01,-2.156932722095944999e-01,-1.385644135633348588e-02,7.854956783542443866e-01,2.640131456843619051e-01,1.243928236304918666e+00,-2.492020954854280435e-01,1.162955168500526687e-01,-6.752762962344691644e-01,1.576881341531802261e-02,-2.229670482768967288e-01,-3.466436317508408971e-02,9.993066295235679686e-01,1.871676945207807058e-02,-2.190856337980606472e-01,5.247318899498956690e-02
1.620000,0.000000000000000000e+00,0.000000000000000000e+00,7.594907452582463359e-01,8.099413906482427761e-01,0.000000000000000000e+00,0.000000000000000000e+00,5.865108214814033216e-01,-2.950793946730398964e-01,-1.370149174963025129e-01,-3.032933081182045409e-01,6.728552961456878423e-01,-3.662489542872855997e-01,-1.905888786042657726e-02,-3.339261578361671368e-01,-1.829055903874121994e-02,1.006553397534371876e-02,6.414340401404694525e-01,-3.135430678131995164e-01,2.085630250419333656e-02,-2.122226580528227546e-01,2.482500282256735746e-01,-2.147901722617286402e-01,-2.275172855355699769e-02,8.019996273515914709e-01,2.635633453294430328e-01,1.262887597672661677e+00,-2.445681418482294756e-01,1.057695467491128194e-01,-6.886923079817389715e-01,1.271800103328373475e-02,-2.238554256155491362e-01,-3.612406885896619207e-02,1.009953438422290573e+00,1.996014075647260452e-02,-2.267865739942364622e-01,5.621136873263497813e-02
1.630000,0.000000000000000000e+00,0.000000000000000000e+00,7.594907452582463359e-01,8.086312482847380911e-01,0.000000000000000000e+00,0.000000000000000000e+00,5.883158201998874848e-01,-2.983977640565938505e-01,-1.275975261661884408e-01,-2.830891815119548904e-01,6.722069373323268371e-01,-3.647140741459538593e-01,-1.858335342385401823e-02,-3.321981848661751391e-01,-1.812330672742817894e-02,9.932201653764261354e-03,6.435682289951033530e-01,-3.174408888006050589e-01,2.064474365396280070e-02,-2.077786924862890239e-01,2.399390942927200066e-01,-2.153003903368257699e-01,-9.567226885774020306e-02,8.269265425888596699e-01,2.772603530202147337e-01,1.410629230996736538e+00,-1.892934766308692618e-01,2.359206926106857324e-02,-7.225138824016081873e-01,-5.850109253547452603e-04,-2.248295073829622848e-01,-3.937929509613480317e-02,1.048707287129546417e+00,2.046222064832033116e-02,-2.518216477662144070e-01,6.105279818953520538e-02
1.640000,0.000000000000000000e+00,0.000000000000000000e+00,7.594907452582463359e-01,8.073170833904363963e-01,0.000000000000000000e+00,0.000000000000000000e+00,5.901178923452152780e-01,-3.012125741019872627e-01,-1.191508374703262318e-01,-2.649380268476831946e-01,6.716715037853165926e-01,-3.634070428825305066e-01,-1.806607766512838276e-02,-3.305531497144788555e-01,-1.789973304127686834e-02,9.771220736937733659e-03,6.453194694126512809e-01,-3.208354786528647695e-01,2.037241711937399016e-02,-2.040694074071694730e-01,2.325108610643992768e-01,-2.140644789995960473e-01,-9.747359240222659704e-02,8.386569967391439562e-01,3.068087217517392884e-01,1.410594900278722141e+00,-1.576128913645539753e-01,2.365207814268386818e-02,-7.341877186925956922e-01,-4.404346068291461959e-04,-2.253457490622515214e-01,-4.034464957152009146e-02,1.051854105220076718e+00,2.181034756714481104e-02,-2.553051059182432914e-01,6.427919113716058785e-02
1.650000,0.000000000000000000e+00,0.000000000000000000e+00,7.594907452582463359e-01,8.059989025026428333e-01,0.000000000000000000e+00,0.000000000000000000e+00,5.919170289529903650e-01,-3.038492923540805357e-01,-1.107127493316233530e-01,-2.467981977936895832e-01,6.711855362975162054e-01,-3.621656665253809582e-01,-1.746423849089906097e-02,-3.289235353075159463e-01,-1.760915108129181006e-02,9.575205701083418577e-03,6.470694215694450246e-01,-3.242127696372870682e-01,2.002454215755162734e-02,-2.003061405789927363e-01,2.252785358863541310e-01,-2.128411812212217813e-01,-9.871154903652372414e-02,8.495250318326975636e-01,3.381590228186085456e-01,1.409096114786829945e+00,-1.244251544137626592e-01,2.428633158833186367e-02,-7.455963285390022621e-01,9.281719880257602610e-04,-2.257290561599555601e-01,-4.104503842682612202e-02,1.052185343709807430e+00,2.309827221057870333e-02,-2.571713898094785677e-01,6.712030020712089762e-02
1.660000,0.000000000000000000e+00,0.000000000000000000e+00,7.594907452582463359e-01,8.046767121786395638e-01,0.000000000000000000e+00,0.000000000000000000e+00,5.937132210734192839e-01,-3.063002955088053869e-01,-1.022820009729080992e-01,-2.286686620980674378e-01,6.707475205232573678e-01,-3.610003923072983567e-01,-1.678097298507359378e-02,-3.273165622382036566e-01,-1.725109670670011558e-02,9.344467364789346697e-03,6.488076073985206138e-01,-3.275550985955624217e-01,1.960085481676437577e-02,-1.964744790284888298e-01,2.182726918643520531e-01,-2.116346236085702437e-01,-1.000528983802800587e-01,8.596356115904103534e-01,3.708682509357157375e-01,1.407555578937264240e+00,-8.981321761059712916e-02,2.463586072991901660e-02,-7.568756152893210132e-01,3.591679992784490866e-03,-2.259731804308652836e-01,-4.145857693067648425e-02,1.049498940352070475e+00,2.431763208214202804e-02,-2.572898261264388586e-01,6.952179929817732529e-02
1.670000,0.000000000000000000e+00,0.000000000000000000e+00,7.594907452582463359e-01,8.033505189956531289e-01,0.000000000000000000e+00,0.000000000000000000e+00,5.955064597713568553e-01,-3.085580178186642097e-01,-9.385735075404573469e-02,-2.105484787072029462e-01,6.703560127944069302e-01,-3.599214996831620050e-01,-1.602022571382729493e-02,-3.257398025314755530e-01,-1.682529764181062149e-02,9.079405030264759910e-03,6.505242048864068316e-01,-3.308451156325839526e-01,1.910129998417044520e-02,-1.925657526172206979e-01,2.115247902141294267e-01,-2.104501062101136466e-01,-1.014860609481604281e-01,8.689762891731548367e-01,4.045852081889388385e-01,1.406009687302257616e+00,-5.413191164907505543e-02,2.463768182540891985e-02,-7.680016216971489174e-01,7.578168425349116749e-03,-2.260726495257229240e-01,-4.156753174615409469e-02,1.043687366104847802e+00,2.545230945781624260e-02,-2.555803042701322858e-01,7.143276804846020178e-02
1.680000,0.000000000000000000e+00,0.000000000000000000e+00,7.594907452582463359e-01,8.020203295508232522e-01,0.000000000000000000e+00,0.000000000000000000e+00,5.972967361263485930e-01,-3.106149634019596539e-01,-8.543757811040150751e-02,-1.924367999249825545e-01,6.700096437706276609e-01,-3.589390565242582265e-01,-1.518673827585556059e-02,-3.242011607234309145e-01,-1.633167917179085063e-02,8.780499887584270607e-03,6.522100159075622239e-01,-3.340657705647012699e-01,1.852603343651048826e-02,-1.885715853082558513e-01,2.050660510313274953e-01,-2.092927521149940406e-01,-1.029844760801273823e-01,8.775388377847037624e-01,4.389301945118703197e-01,1.404484797699533827e+00,-1.777480511078309219e-02,2.423584747716221732e-02,-7.789433408854858909e-01,1.288090635832980432e-02,-2.260235293419755320e-01,-4.136087554456381599e-02,1.034724904619412467e+00,2.648127525397513463e-02,-2.520095047937910837e-01,7.280557789510952449e-02
1.690000,0.000000000000000000e+00,0.000000000000000000e+00,7.594907452582463359e-01,8.006861504611679781e-01,0.000000000000000000e+00,0.000000000000000000e+00,5.990840412326771114e-01,-3.124637174456726396e-01,-7.702148388811691504e-02,-1.743328727687840085e-01,6.697071192007828522e-01,-3.580628742161551248e-01,-1.428603691080183348e-02,-3.227088507113023974e-01,-1.577036993581191690e-02,8.448308118183034399e-03,6.538564259734146455e-01,-3.372002954201878677e-01,1.787542391395608929e-02,-1.844838785024995598e-01,1.989273708718861666e-01,-2.081674728584074763e-01,-1.045100507430128806e-01,8.853187962348302298e-01,4.735044379560703343e-01,1.403006147644058954e+00,1.883678057826725441e-02,2.337751978718267606e-02,-7.896642364650291457e-01,1.945934020194447014e-02,-2.258232662947980141e-01,-4.083416140886650392e-02,1.022665069218628764e+00,2.737878627788807584e-02,-2.465892165681631276e-01,7.359653677623749501e-02
1.700000,0.000000000000000000e+00,0.000000000000000000e+00,7.594907452582464469e-01,7.993479883635529193e-01,0.000000000000000000e+00,0.000000000000000000e+00,6.008683661994042025e-01,-3.140969561974262803e-01,-6.860788913845851378e-02,-1.562360393260484592e-01,6.694472178259964767e-01,-3.573024617610560116e-01,-1.332441817130934798e-02,-3.212713685785998918e-01,-1.514170774753367636e-02,8.083453792277229058e-03,6.554553562536820088e-01,-3.402321831504576122e-01,1.715005519727061389e-02,-1.802948392984773107e-01,1.931392624617125631e-01,-2.070789191284654329e-01,-1.060123160064703890e-01,8.923135111992290813e-01,5.079021593549070124e-01,1.401596501476579659e+00,5.526520247276265480e-02,2.201472597160115605e-02,-8.001233931277724754e-01,2.724365094574782500e-02,-2.254703124270866221e-01,-3.998857749313072807e-02,1.007629250340410287e+00,2.811508584001166586e-02,-2.393694620121194494e-01,7.376624332475659185e-02
1.710000,0.000000000000000000e+00,0.000000000000000000e+00,7.594907452582463359e-01,7.980058499146560624e-01,0.000000000000000000e+00,0.000000000000000000e+00,6.026497021504177987e-01,-3.155074556436661681e-01,-6.019563245020731479e-02,-1.381457359269709362e-01,6.692287864642485484e-01,-3.566669789914774236e-01,-1.230893266659410269e-02,-3.198974615680545974e-01,-1.444624536913365412e-02,7.686621666797912276e-03,6.569992081652462623e-01,-3.431451626806674704e-01,1.635072816710821803e-02,-1.759970149151671992e-01,1.877317955053043885e-01,-2.060314095565216053e-01,-1.074283822833736607e-01,8.985199576655370501e-01,5.417231905522474911e-01,1.400274907165485416e+00,9.106910023566518186e-02,2.010563538688749097e-02,-8.102771718338760421e-01,3.614153931282087368e-02,-2.249635936312701368e-01,-3.882950362917527570e-02,9.897899216236789588e-01,2.865739743154029767e-02,-2.304284253306491947e-01,7.327967931490993181e-02
1.720000,0.000000000000000000e+00,0.000000000000000000e+00,7.594907452582463359e-01,7.966597417909366818e-01,0.000000000000000000e+00,0.000000000000000000e+00,6.044280402244737171e-01,-3.166880987739739139e-01,-5.178356591699395661e-02,-1.200614909625423443e-01,6.690507323246560611e-01,-3.561651890070604010e-01,-1.124736688886359727e-02,-3.185960933419877406e-01,-1.368475616204395395e-02,7.258550001546426947e-03,6.584808007608630165e-01,-3.459231703989455453e-01,1.547846282301541289e-02,-1.715833394237672727e-01,1.827345251274906102e-01,-2.050288426610663572e-01,-1.086837734331089489e-01,9.039326397777545097e-01,5.745848410516567473e-01,1.399055799355240604e+00,1.258159325972168507e-01,1.761511146798976427e-02,-8.200811725099257377e-01,4.604554576223317958e-02,-2.243018976212870219e-01,-3.736492704468539344e-02,9.693525302586615267e-01,2.897095119495291318e-02,-2.198616157395966997e-01,7.210612725943173207e-02
1.730000,0.000000000000000000e+00,0.000000000000000000e+00,7.594907452582463359e-01,7.953096706886007006e-01,0.000000000000000000e+00,0.000000000000000000e+00,6.062033715752408458e-01,-3.176318813353219417e-01,-4.337054985561761278e-02,-1.019829211929935836e-01,6.689120126063408112e-01,-3.558054099499500800e-01,-1.014822313825692809e-02,-3.173764056358684971e-01,-1.285823953526890086e-02,6.800023521337575198e-03,6.598933010874098448e-01,-3.485503181551600216e-01,1.453450023856356181e-02,-1.670471965949671678e-01,1.781763990790202201e-01,-2.040745925235531999e-01,-1.096940428696862591e-01,9.085418640984435079e-01,6.061317356995971073e-01,1.397948567457187874e+00,1.590931039716721451e-01,1.451444302766658791e-02,-8.294922385351383154e-01,5.683957537336835342e-02,-2.234832532033284025e-01,-3.560398857074398987e-02,9.465393097375659481e-01,2.901985574716640578e-02,-2.077721744661213676e-01,7.021900567790173575e-02
1.740000,0.000000000000000000e+00,0.000000000000000000e+00,7.594907452582463359e-01,7.939556433235677169e-01,0.000000000000000000e+00,0.000000000000000000e+00,6.079756873713453302e-01,-3.183319159852669444e-01,-3.495544641139722991e-02,-8.390972640920925374e-02,6.688116214420042338e-01,-3.555954662363965957e-01,-9.020697567193475611e-03,-3.162476763762632759e-01,-1.196792611045748023e-02,6.311866660871754200e-03,6.612301476215581841e-01,-3.510108578130639034e-01,1.352030442800884399e-02,-1.623824996847856861e-01,1.740856413058312624e-01,-2.031713833168405370e-01,-1.103669450113561046e-01,9.123326075174864602e-01,6.360426029410770621e-01,1.396957619224688862e+00,1.905164965856471770e-01,1.078029958247161794e-02,-8.384702329186588532e-01,6.840392227966821115e-02,-2.225043516360374063e-01,-3.355579301253262120e-02,9.215767296342951553e-01,2.876773275188516596e-02,-1.942633373015180409e-01,6.759569089093175887e-02
1.750000,0.000000000000000000e+00,0.000000000000000000e+00,7.594907452582462248e-01,7.925976664314376974e-01,0.000000000000000000e+00,0.000000000000000000e+00,6.097449787964139833e-01,-3.187814347596822362e-01,-2.653711220738626600e-02,-6.584168232889679728e-02,6.687485742498814334e-01,-3.555426393628511317e-01,-7.874656370910235528e-03,-3.152192742990850838e-01,-1.101528252175672240e-02,5.794937236746443635e-03,6.624849668296928229e-01,-3.532891423738253045e-01,1.243756409899591728e-02,-1.575837885381755066e-01,1.704896124948503400e-01,-2.023211363042526079e-01,-1.106048602153432980e-01,9.152840906040303759e-01,6.640334163749243013e-01,1.396082880079883459e+00,2.197355915121539105e-01,6.393079255811374116e-03,-8.469793711389488333e-01,8.061863170546154644e-02,-2.213600365962743732e-01,-3.122850203210701669e-02,8.946869754139467057e-01,2.817811530114704491e-02,-1.794332869488315108e-01,6.421736519366322282e-02
1.760000,0.000000000000000000e+00,0.000000000000000000e+00,7.594907452582463359e-01,7.912357467674581146e-01,0.000000000000000000e+00,0.000000000000000000e+00,6.115112370491182503e-01,-3.189737897788356147e-01,-1.811439021555535933e-02,-4.777863162997687818e-02,6.687218895597252244e-01,-3.556536184038378567e-01,-6.720610157358500487e-03,-3.143006100679128223e-01,-1.000201576774052692e-02,5.250120697268258370e-03,6.636514828383501818e-01,-3.553695836642569161e-01,1.128819426509047701e-02,-1.526463459847073600e-01,1.674146478564538520e-01,-2.015247843208369805e-01,-1.103071645353815439e-01,9.173700477945905263e-01,6.898567608576315902e-01,1.395320599733893552e+00,2.464348282696306458e-01,1.334892493192127829e-03,-8.549889896389225585e-01,9.336537141213809010e-02,-2.200428699910923769e-01,-2.862866198163366294e-02,8.660830429500510075e-01,2.721465634166761807e-02,-1.633721549009019836e-01,6.006890858581781512e-02
1.770000,0.000000000000000000e+00,0.000000000000000000e+00,7.594907452582463359e-01,7.898698911064890860e-01,0.000000000000000000e+00,0.000000000000000000e+00,6.132744533432181733e-01,-3.189024521254122391e-01,-9.686101049566450683e-03,-2.972047304563698450e-02,6.687305683786057831e-01,-3.559344503160877249e-01,-5.569686536249110129e-03,-3.135010838545868039e-01,-8.930077032274417320e-03,4.678325105439190036e-03,6.647234201401722720e-01,-3.572366065588288842e-01,1.007433769136806614e-02,-1.475663373263517153e-01,1.648858711748181494e-01,-2.007820498923537644e-01,-1.093722860721449835e-01,9.185595883381078020e-01,7.132976871973427668e-01,1.394664300955324565e+00,2.703312848228051068e-01,-4.412561719613623638e-03,-8.624737313540078443e-01,1.065281307076364065e-01,-2.185427698498831894e-01,-2.576069617922142202e-02,8.359666803932002122e-01,2.584120706556522831e-02,-1.461607272840180494e-01,5.513883617844572010e-02
1.780000,0.000000000000000000e+00,0.000000000000000000e+00,7.594907452582463359e-01,7.885001062429708441e-01,0.000000000000000000e+00,0.000000000000000000e+00,6.150346189076056902e-01,-3.185610088394439376e-01,-1.251033900233601993e-03,-1.166714846851360683e-02,6.687735711603898237e-01,-3.563904901586831819e-01,-4.433600973575395864e-03,-3.128300293049803837e-01,-7.801664890951165963e-03,4.080477013412589504e-03,6.656943991976430608e-01,-3.588745996803971994e-01,8.798366145910377703e-03,-1.423409779885403681e-01,1.629269831077599928e-01,-2.000911828662999270e-01,-1.076992680761995752e-01,9.188184827192424908e-01,7.341665580516617551e-01,1.394105691560574734e+00,2.911690573737198418e-01,-1.087000404366697190e-02,-8.694132137249369618e-01,1.199930875441113237e-01,-2.168467127850912668e-01,-2.262649490768580546e-02,8.045283589150361570e-01,2.402182097563156787e-02,-1.278703811424419245e-01,4.941927467838087840e-02
1.790000,0.000000000000000000e+00,0.000000000000000000e+00,7.594907452582463359e-01,7.871263989908887648e-01,0.000000000000000000e+00,0.000000000000000000e+00,6.167917249863492657e-01,-3.185610088394439376e-01,-1.251033900233601993e-03,-1.166714846851360683e-02,6.687735711603898237e-01,-3.563904901586831819e-01,-4.433600973575395864e-03,-3.128300293049803837e-01,-7.801664890951165963e-03,4.080477013412589504e-03,6.656943991976430608e-01,-3.588745996803971994e-01,8.798366145910377703e-03,-1.423409779885403681e-01,1.629269831077599928e-01,-2.000911828662999270e-01,-1.076992680761995752e-01,9.188184827192424908e-01,7.341665580516617551e-01,1.394105691560574734e+00,2.911690573737198418e-01,-1.087000404366697190e-02,-8.694132137249369618e-01,1.199930875441113237e-01,-2.168467127850912668e-01,-2.262649490768580546e-02,8.045283589150361570e-01,2.402182097563156787e-02,-1.278703811424419245e-01,4.941927467838087840e-02
1.800000,0.000000000000000000e+00,0.000000000000000000e+00,7.594907452582463359e-01,7.857487761837406159e-01,0.000000000000000000e+00,0.000000000000000000e+00,6.185457628387359685e-01,-3.177092710221919303e-01,1.026589026046579624e-02,1.296677895633186091e-02,6.688543701247710027e-01,-3.573026629064330884e-01,-2.935622058761733905e-03,-3.121120405311011425e-01,-6.129307548745655324e-03,3.199451297916625254e-03,6.666380715257151923e-01,-3.604984190171336977e-01,6.962582563713337440e-03,-1.354170523505778545e-01,1.594978660599307707e-01,-2.012091638234148050e-01,-1.019625415062606344e-01,9.203610454422539444e-01,7.344047899817602865e-01,1.392497992885743718e+00,2.912219458578736986e-01,-1.833521921356037754e-02,-8.757424103783006952e-01,1.271534966804924172e-01,-2.133164815829060035e-01,-1.916230788212227101e-02,7.906855120358338151e-01,2.043615144208485099e-02,-1.201286300933677720e-01,4.245728651131021325e-02
1.810000,0.000000000000000000e+00,0.000000000000000000e+00,7.594907452582463359e-01,7.843672446745021398e-01,0.000000000000000000e+00,0.000000000000000000e+00,6.202967237393163247e-01,-3.165627090400272015e-01,1.970493998855761195e-02,3.309830097393250820e-02,6.689938873054603885e-01,-3.583018547006862065e-01,-1.766042785034142946e-03,-3.117447041817468234e-01,-4.726765589332528050e-03,2.465287387031396549e-03,6.673913988209642101e-01,-3.616184101289455777e-01,5.388880989036468581e-03,-1.295927459238704893e-01,1.576202014527021134e-01,-2.017364223921731259e-01,-9.642826711753579860e-02,9.201668548590298258e-01,7.350585747851242635e-01,1.391340236563848975e+00,2.907090872261198222e-01,-2.577479604205197561e-02,-8.808324920447813122e-01,1.356177365412195857e-01,-2.102081464238714503e-01,-1.570945989874266563e-02,7.717196683023668236e-01,1.704897120665213595e-02,-1.088879319119988170e-01,3.528683514691997869e-02
1.820000,0.000000000000000000e+00,0.000000000000000000e+00,7.594907452582463359e-01,7.829818113355926368e-01,0.000000000000000000e+00,0.000000000000000000e+00,6.220445989779466167e-01,-3.151686705764352725e-01,2.848908403039766141e-02,5.179664596388770803e-02,6.691601060391157985e-01,-3.594406773076389561e-01,-7.436256014428399043e-04,-3.115980911384148566e-01,-3.375974892001525063e-03,1.760466810092353469e-03,6.679955382549035425e-01,-3.623762406583476148e-01,3.867223933759468546e-03,-1.239222287081373775e-01,1.567943970765924566e-01,-2.020061280475303478e-01,-9.045896462088964807e-02,9.183797713280447139e-01,7.359753407179332463e-01,1.390409404364728818e+00,2.897755211176257784e-01,-3.388708093552081357e-02,-8.852758020338782341e-01,1.454330922589453789e-01,-2.071326940650902726e-01,-1.196110148106337319e-02,7.481152853001706848e-01,1.340866783898830156e-02,-9.443863660153338502e-02,2.736671227023501629e-02
1.830000,0.000000000000000000e+00,0.000000000000000000e+00,7.594907452582463359e-01,7.815924830588406591e-01,0.000000000000000000e+00,0.000000000000000000e+00,6.237893798598336259e-01,-3.135032455334288426e-01,3.707386170551737331e-02,7.003646130912168088e-02,6.693512198878862618e-01,-3.607492934261268269e-01,1.783626866832330052e-04,-3.116385536064510409e-01,-2.012219108949266262e-03,1.049904693961859056e-03,6.684582554994972226e-01,-3.628074936035924347e-01,2.331120217276795841e-03,-1.181194392293528767e-01,1.568667596343269466e-01,-2.021115958169625304e-01,-8.380996192408785017e-02,9.150266395172180767e-01,7.371202990414206235e-01,1.389607201482892407e+00,2.884495887641180256e-01,-4.294067712577545604e-02,-8.892788658766972443e-01,1.564331518115925912e-01,-2.039359277934025272e-01,-7.830019521057350607e-03,7.203761103273411681e-01,9.329766908341734916e-03,-7.702836486489653134e-02,1.851698013395165071e-02
1.840000,0.000000000000000000e+00,0.000000000000000000e+00,7.594907452582463359e-01,7.801992667554510374e-01,0.000000000000000000e+00,0.000000000000000000e+00,6.255310577055759325e-01,-3.115461929297285715e-01,4.560558546411573599e-02,8.812732503769298009e-02,6.695675866072698934e-01,-3.622407528034176649e-01,1.004118645923257180e-03,-3.118614844470902203e-01,-6.181487891312846279e-04,3.235981991637658026e-04,6.687762901747830169e-01,-3.629127610017561789e-01,7.613259698496727731e-04,-1.121031398691834796e-01,1.577939002380032429e-01,-2.020736978672006690e-01,-7.635715812693918969e-02,9.100894587887876641e-01,7.384921043771301985e-01,1.388879952852190458e+00,2.867265707842818756e-01,-5.306423170768988229e-02,-8.929183869474670576e-01,1.683625482497128900e-01,-2.005419021719392902e-01,-3.297560249082069801e-03,6.890608448853102752e-01,4.712216089558826475e-03,-5.692102934472233894e-02,8.696079083136519158e-03
1.850000,0.000000000000000000e+00,0.000000000000000000e+00,7.594907452582463359e-01,7.739741121446327421e-01,0.000000000000000000e+00,0.000000000000000000e+00,6.332172405501349521e-01,-3.117916142936502100e-01,4.673884886527221449e-02,9.323332391063982039e-02,6.696282679953440287e-01,-3.619408562006271590e-01,2.383983895473909976e-03,-3.101735938224627342e-01,2.188639328163271332e-04,-1.150992161367604704e-04,6.689514836523298147e-01,-3.647260649245417374e-01,-2.005628736952846805e-04,-1.087318806260201554e-01,1.601070062411341921e-01,-2.065292119463912057e-01,-8.027407899795710455e-02,9.000055466448177999e-01,7.338265398200917167e-01,1.388340702499281321e+00,2.901808560462396103e-01,-5.333690180546112741e-02,-8.871007810948026151e-01,1.880418683213495035e-01,-2.010145865383133612e-01,5.345622578632794851e-04,6.542609883684586958e-01,1.434603852442355425e-03,-4.253871051738204040e-02,4.697688076750057042e-03
1.860000,0.000000000000000000e+00,0.000000000000000000e+00,7.594907452582463359e-01,7.676732396799760272e-01,0.000000000000000000e+00,0.000000000000000000e+00,6.408414757795020122e-01,-3.126739144922000557e-01,4.556116000162292040e-02,9.419286844316245022e-02,6.696078273461286701e-01,-3.611599199245955627e-01,3.943158308918583849e-03,-3.080322939315349173e-01,9.409761253519654048e-04,-4.889123240896821581e-04,6.690368879025443416e-01,-3.669253670097266107e-01,-1.022761807083866822e-03,-1.046020524777431931e-01,1.628410661100724577e-01,-2.131994697326231314e-01,-8.906879288313046539e-02,8.873018862233293946e-01,7.259783611977955742e-01,1.387672563917005997e+00,2.963118077974125630e-01,-4.973926278189343825e-02,-8.776193866118794373e-01,2.113509688829100786e-01,-2.026228037933987258e-01,3.662636321324034584e-03,6.176502435678581371e-01,-1.219230826834460241e-03,-2.978367083914464780e-02,1.846425333784964574e-03
1.870000,0.000000000000000000e+00,0.000000000000000000e+00,7.594907452582463359e-01,7.612972657755615602e-01,0.000000000000000000e+00,0.000000000000000000e+00,6.484030175150745645e-01,-3.136311162927853391e-01,4.368299668635933219e-02,9.382077009522536704e-02,6.695487911239349499e-01,-3.603229582580450563e-01,5.511662852907488197e-03,-3.058898459568666350e-01,1.674488222878916729e-03,-8.639841220537032313e-04,6.690615422592800510e-01,-3.690849777660327735e-01,-1.849187121923494270e-03,-9.927840312149149860e-02,1.656875833466164294e-01,-2.210283655981059581e-01,-9.947982802861797536e-02,8.729607328656130427e-01,7.166891763984680752e-01,1.386911654233836444e+00,3.036086062956900311e-01,-4.492476384023947472e-02,-8.666978497073950516e-01,2.361971788716850373e-01,-2.043077063014210049e-01,6.344080784954355193e-03,5.802108474868045151e-01,-3.706653656297470654e-03,-1.721561474503506203e-02,-1.347210988622896816e-03
1.880000,0.000000000000000000e+00,0.000000000000000000e+00,7.594907452582463359e-01,7.548468141926393260e-01,0.000000000000000000e+00,0.000000000000000000e+00,6.559011260115529263e-01,-3.147461419707593966e-01,4.097572670330280886e-02,9.274555492820396596e-02,6.694280421169923612e-01,-3.593112397783014278e-01,7.523535932968259538e-03,-3.032624884296042378e-01,2.689689291509944971e-03,-1.375134482422538411e-03,6.690204846254870219e-01,-3.717151221205361455e-01,-3.002040829734850796e-03,-8.863401580604997332e-02,1.701356745622769340e-01,-2.323277878144219821e-01,-1.157123168866795587e-01,8.506476958955218048e-01,7.021512138474452769e-01,1.385270660646825691e+00,3.146988355416405203e-01,-3.722761008253817200e-02,-8.505345235042190977e-01,2.759487999772562983e-01,-2.065165817904438261e-01,9.163521406304886430e-03,5.171198073482201618e-01,-6.726597999262807007e-03,7.718695010333525078e-03,-7.973808505295689603e-03
1.890000,0.000000000000000000e+00,0.000000000000000000e+00,7.594907452582463359e-01,7.483225159786083269e-01,0.000000000000000000e+00,0.000000000000000000e+00,6.633350677293079478e-01,-3.154329013727690811e-01,3.882025002715865092e-02,9.169634481765163991e-02,6.693210927453370207e-01,-3.586938815431378047e-01,8.997987836063663439e-03,-3.014409931399588682e-01,3.545270342509279290e-03,-1.803370811167801001e-03,6.689634995393662908e-01,-3.734964458911383955e-01,-3.962845066027799110e-03,-7.991379511479548836e-02,1.737791925798866932e-01,-2.415779978200045808e-01,-1.261862991448508275e-01,8.321153851049226668e-01,6.912576928961892131e-01,1.383775313546918406e+00,3.226412138493960358e-01,-3.223511828433932996e-02,-8.381163036555367984e-01,3.058809016123184565e-01,-2.075460609633776043e-01,1.156533883537082079e-02,4.689680451203469547e-01,-9.781515358690493281e-03,2.772450227155328489e-02,-1.415741734283083864e-02
1.900000,0.000000000000000000e+00,0.000000000000000000e+00,7.594907452582462248e-01,7.417250094052798559e-01,0.000000000000000000e+00,0.000000000000000000e+00,6.707041154061434973e-01,-3.159852566117538064e-01,3.655279073965097408e-02,9.049696242890034603e-02,6.691897429613565818e-01,-3.581860619114761723e-01,1.049776251246888233e-02,-2.997122848045913335e-01,4.507107233816015808e-03,-2.281582087766660140e-03,6.688784065428324821e-01,-3.751712634167418958e-01,-5.051692507593866233e-03,-6.903215368332707436e-02,1.754552894084558390e-01,-2.506949780893785173e-01,-6.833236215456622853e-02,7.624321411493746314e-01,6.812880095425362104e-01,1.196328288209807633e+00,3.019563009189325520e-01,7.628513612632989438e-02,-8.475105198397010486e-01,3.414348147467380912e-01,-2.071703252715111909e-01,1.405126842747781227e-02,4.083038357866025092e-01,-1.215240647820563930e-02,5.589204882128490787e-02,-2.158162980128420713e-02
1.910000,0.000000000000000000e+00,0.000000000000000000e+00,7.594907452582462248e-01,7.350549399064363332e-01,0.000000000000000000e+00,0.000000000000000000e+00,6.780075481284447703e-01,-3.163257119629951375e-01,3.458360697806396600e-02,8.938449525255946770e-02,6.690840172400696062e-01,-3.578947884506403776e-01,1.173230671515871140e-02,-2.983807828486225722e-01,5.401938898535602052e-03,-2.725527467961776258e-03,6.688061585753064531e-01,-3.764327161368105634e-01,-6.050551713089366568e-03,-6.403427016313077702e-02,1.713511176862301255e-01,-2.581723367173154315e-01,-2.237966398005963864e-02,7.133069244708434287e-01,6.801317747920005985e-01,1.053221622494592280e+00,2.974923459444209772e-01,1.574241051099247723e-01,-8.529539265891702415e-01,3.567339445601271364e-01,-2.040077495425301202e-01,1.703741597901103216e-02,3.925196600669482172e-01,-1.370463907906633444e-02,5.650756472372244626e-02,-2.439007957586456291e-02
1.920000,0.000000000000000000e+00,0.000000000000000000e+00,7.594907452582463359e-01,7.283129600146871496e-01,0.000000000000000000e+00,0.000000000000000000e+00,6.852446514017053181e-01,-3.165295229298517588e-01,3.270285259659119065e-02,8.824612830489587945e-02,6.689834622315981028e-01,-3.577328415700961051e-01,1.286079272895001603e-02,-2.972564073785441963e-01,6.301347829835082272e-03,-3.170531792029318736e-03,6.687346847290824847e-01,-3.774855796378083217e-01,-7.051607421432118036e-03,-5.936137519915867661e-02,1.676749692122770086e-01,-2.656794864846472315e-01,6.276277257924649765e-03,6.782797917028301482e-01,6.764897574450546847e-01,9.623906554674992453e-01,2.988920746683910168e-01,2.078340448423429965e-01,-8.527265749961433494e-01,3.700236578204382232e-01,-2.006257381033728915e-01,2.039655688689999066e-02,3.793574522050680575e-01,-1.594273665843323751e-02,5.636023071449514782e-02,-2.769989357022179313e-02
1.930000,0.000000000000000000e+00,0.000000000000000000e+00,7.594907452582463359e-01,7.214997292976332854e-01,0.000000000000000000e+00,0.000000000000000000e+00,6.924147172204255796e-01,-3.166089705161188594e-01,3.091637257281979259e-02,8.708262860177398701e-02,6.688878030377182204e-01,-3.576869157760780848e-01,1.388229033222467337e-02,-2.963306544504386020e-01,7.193278767758430614e-03,-3.611096359069680510e-03,6.686658833716384587e-01,-3.783427199988449452e-01,-8.042878755826533138e-03,-5.494255787036706612e-02,1.633785731662539820e-01,-2.728232578762593286e-01,3.294359127767544637e-02,6.462753411142325710e-01,6.724562028082415877e-01,8.801844283538047264e-01,3.018084411449353244e-01,2.522811990731350096e-01,-8.518629275362228359e-01,3.819672227025818212e-01,-1.967271619675152738e-01,2.400746039611956900e-02,3.674502339641011472e-01,-1.820466130370754915e-02,5.627276577989029360e-02,-3.111951323159310376e-02
1.940000,0.000000000000000000e+00,0.000000000000000000e+00,7.594907452582463359e-01,7.146159142933402597e-01,0.000000000000000000e+00,0.000000000000000000e+00,6.995170441373772530e-01,-3.165798292427330907e-01,2.928920946685050972e-02,8.594031843142944938e-02,6.688040025467325567e-01,-3.577437883972621746e-01,1.476129606259934078e-02,-2.956200686876159778e-01,8.036258827389891959e-03,-4.027419960200339343e-03,6.686062521084937815e-01,-3.789923072630074774e-01,-8.975752997542319617e-03,-5.072485784991671159e-02,1.595903151184229485e-01,-2.796458886166287572e-01,5.437949907427219731e-02,6.196568111631735043e-01,6.679377522939222711e-01,8.170576792825414714e-01,3.056157572673980360e-01,2.849391083855397633e-01,-8.499167582926332454e-01,3.922948506791304468e-01,-1.928877959108141749e-01,2.765792128973365224e-02,3.567796554744220305e-01,-2.078367487800384522e-02,5.657635970376173606e-02,-3.482217472881090486e-02
1.950000,0.000000000000000000e+00,0.000000000000000000e+00,7.594907452582464469e-01,7.076621884451316236e-01,0.000000000000000000e+00,0.000000000000000000e+00,7.065509373322259590e-01,-3.164482318784653248e-01,2.762653390536411527e-02,8.467619991813271629e-02,6.687164737509249113e-01,-3.578963207755273546e-01,1.561168193071996863e-02,-2.950271580963220175e-01,8.921383174102579319e-03,-4.464333783411328013e-03,6.685440964280272569e-01,-3.795279622868455993e-01,-9.961447539106776591e-03,-4.627987500738112853e-02,1.546664157424057218e-01,-2.866174568644411780e-01,7.874146718154301228e-02,5.912902425725735656e-01,6.630063815177302811e-01,7.477008050735969302e-01,3.104475851155518717e-01,3.198656842219465557e-01,-8.480725157998144637e-01,4.026060796246288542e-01,-1.882120245215621601e-01,3.175860538866688565e-02,3.457392714970131675e-01,-2.342834601387160792e-02,5.733271125107523153e-02,-3.891623719824970767e-02
1.960000,0.000000000000000000e+00,0.000000000000000000e+00,7.594907452582464469e-01,7.006392320357053283e-01,0.000000000000000000e+00,0.000000000000000000e+00,7.135157086795055337e-01,-3.162195902541422576e-01,2.603493741649277535e-02,8.335877344465596195e-02,6.686345160188578163e-01,-3.581413309714747140e-01,1.636850723704609545e-02,-2.946004936139842156e-01,9.789642765645761510e-03,-4.893450888086227531e-03,6.684879817176000438e-01,-3.799049170685149246e-01,-1.093005021215781754e-02,-4.222800329441207118e-02,1.485963918531154060e-01,-2.932358894938768001e-01,1.050159869479480590e-01,5.631842390428264400e-01,6.581858644129381375e-01,6.759937727864916424e-01,3.160404285037368144e-01,3.549675336898448497e-01,-8.466717727115169456e-01,4.113758214143664049e-01,-1.829103872861738422e-01,3.611403058425381729e-02,3.366804868335143697e-01,-2.587101606863799474e-02,5.756234414720320242e-02,-4.283029806208994011e-02
1.970000,0.000000000000000000e+00,0.000000000000000000e+00,7.594907452582463359e-01,6.935477321205828494e-01,0.000000000000000000e+00,0.000000000000000000e+00,7.204106768159368457e-01,-3.159804743660933335e-01,2.488633831498414731e-02,8.232496046563797520e-02,6.685840866669211513e-01,-3.583931948879093277e-01,1.686244357969096316e-02,-2.944019427050054705e-01,1.043117757174412234e-02,-5.211801070465889481e-03,6.684562451765253543e-01,-3.800739015385876662e-01,-1.163602319754341100e-02,-3.885035575818495540e-02,1.450285334318461294e-01,-2.985895021572806951e-01,1.209426792057085309e-01,5.452679655053725982e-01,6.540506184372851806e-01,6.371768621629871898e-01,3.201784244849306127e-01,3.719441714918502728e-01,-8.446866463982823925e-01,4.172274045154444888e-01,-1.791924253901366892e-01,3.942560261090739815e-02,3.302162903786733938e-01,-2.830804259634658523e-02,5.815116626631216395e-02,-4.632819500360231546e-02
1.980000,0.000000000000000000e+00,0.000000000000000000e+00,7.594907452582464469e-01,6.863883824608930651e-01,0.000000000000000000e+00,0.000000000000000000e+00,7.272351672070862527e-01,-3.155176811400081660e-01,2.313920514733168107e-02,8.061646002463541960e-02,6.684999640219426720e-01,-3.588706361619952157e-01,1.756025385858225180e-02,-2.942397999615463666e-01,1.141161802553036439e-02,-5.698885848334125058e-03,6.684062536760965179e-01,-3.801961523983384272e-01,-1.273825507756663061e-02,-3.411512181581508735e-02,1.370901740081055808e-01,-3.062974225032839559e-01,1.521737406850406649e-01,5.142822753302073169e-01,6.478569952593354886e-01,5.605688775364618959e-01,3.280119764841090135e-01,4.058228225082156637e-01,-8.425656620166335209e-01,4.256095710482251659e-01,-1.721995579580467839e-01,4.505275397964372819e-02,3.205343675354461186e-01,-3.157135795684409829e-02,5.950537539414092053e-02,-5.157236116609459353e-02
1.990000,0.000000000000000000e+00,0.000000000000000000e+00,7.594907452582463359e-01,6.791618834555034345e-01,0.000000000000000000e+00,0.000000000000000000e+00,7.339885122133542605e-01,-3.151604407983624179e-01,2.209822252151629959e-02,7.948751426543958221e-02,6.684596921864958130e-01,-3.592357268695590133e-01,1.791154763731550234e-02,-2.942695485713005543e-01,1.200450012791942633e-02,-5.995397721653431856e-03,6.683861852119478142e-01,-3.801526629601427176e-01,-1.339428431855310339e-02,-3.089642720478142854e-02,1.325615329134813281e-01,-3.114146688730596302e-01,1.697627863496470602e-01,4.971181182676915333e-01,6.437448340498453936e-01,5.222841255530875637e-01,3.327388182096328029e-01,4.206840968343981690e-01,-8.408642145774212207e-01,4.297819451085166942e-01,-1.679414053859525358e-01,4.856028723024402582e-02,3.155671334931707817e-01,-3.392787559214002768e-02,6.030652011698053178e-02,-5.512211769724410099e-02
2.000000,0.000000000000000000e+00,0.000000000000000000e+00,7.594907452582462248e-01,6.718689420724975880e-01,0.000000000000000000e+00,0.000000000000000000e+00,7.406700511552919419e-01,-3.146853587009581510e-01,2.092174961280844625e-02,7.809768515319316651e-02,6.684175210435838732e-01,-3.597201270270531936e-01,1.825306979996730791e-02,-2.944159284871376014e-01,1.267391700815796718e-02,-6.331884265574306767e-03,6.683698633246825116e-01,-3.799982817464505613e-01,-1.413889687192634859e-02,-2.684165187044132428e-02,1.274126320843809446e-01,-3.175438845912219588e-01,1.900891361363722110e-01,4.777575136617933094e-01,6.387482542888175407e-01,4.817273413626503853e-01,3.382756801182542628e-01,4.344828869051939324e-01,-8.385184221432779861e-01,4.343613924736018372e-01,-1.628796365816511937e-01,5.274291757252140556e-02,3.092595950071403976e-01,-3.698737334583086095e-02,6.216815846228684883e-02,-5.974307171024693247e-02
2.010000,0.000000000000000000e+00,0.000000000000000000e+00,7.594907452582463359e-01,6.645102717800157599e-01,0.000000000000000000e+00,0.000000000000000000e+00,7.472791303782339023e-01,-3.141386068824472133e-01,1.976276654827144319e-02,7.659241143637290916e-02,6.683793736122837226e-01,-3.602761460645313440e-01,1.852387230282624003e-02,-2.946875488749080008e-01,1.332834485014067379e-02,-6.663087427184218384e-03,6.683608351803584924e-01,-3.797267584677753716e-01,-1.487131481079657751e-02,-2.265590454355994460e-02,1.217099193942022539e-01,-3.238021084716679598e-01,2.120911639903848567e-01,4.580915755006806367e-01,6.336753366038222479e-01,4.405870698402854502e-01,3.441334316406866600e-01,4.470311786537505827e-01,-8.361160771287815541e-01,4.383322248039117630e-01,-1.574306028581658190e-01,5.715433917469220360e-02,3.029714733595034182e-01,-4.018677807659885859e-02,6.470367516440814204e-02,-6.464795140398685303e-02
2.020000,0.000000000000000000e+00,0.000000000000000000e+00,7.594907452582463359e-01,6.570865924764526245e-01,0.000000000000000000e+00,0.000000000000000000e+00,7.538151033162471260e-01,-3.135407904659374689e-01,1.866894294122259032e-02,7.501857005612699858e-02,6.683479374507732551e-01,-3.608831826956175326e-01,1.870496687958460302e-02,-2.950808460349536588e-01,1.393633152349400134e-02,-6.973578039961209063e-03,6.683607323274731726e-01,-3.793424964638798524e-01,-1.555505207671169926e-02,-1.857249597572807956e-02,1.155310303613504980e-01,-3.299510787576528936e-01,2.351748692410682295e-01,4.389165059564194005e-01,6.288229815869996742e-01,4.001356744642713403e-01,3.500732895988850624e-01,4.579149768567263301e-01,-8.338248916211128403e-01,4.412730109240437515e-01,-1.517898638700086456e-01,6.160449666838537647e-02,2.973901417600115504e-01,-4.332406407454602454e-02,6.761229632973260462e-02,-6.952744771235218335e-02
2.030000,0.000000000000000000e+00,0.000000000000000000e+00,7.594907452582462248e-01,6.495986304200334072e-01,0.000000000000000000e+00,0.000000000000000000e+00,7.602773305553814920e-01,-3.129042210995537365e-01,1.765463957144576893e-02,7.339169689037573774e-02,6.683241859278422625e-01,-3.615292118232983354e-01,1.879142035167535862e-02,-2.955881540866530099e-01,1.448531019135708073e-02,-7.257181418779515107e-03,6.683700145905107082e-01,-3.788531996983226513e-01,-1.617505736680586656e-02,-1.464631318941739431e-02,1.089622083991221291e-01,-3.359501984947997899e-01,2.589419852366525165e-01,4.206072139806332766e-01,6.243128124195398421e-01,3.613276865601013355e-01,3.559414849447649631e-01,4.667344705497988855e-01,-8.316590323645850491e-01,4.430386721057968380e-01,-1.460731272624903321e-01,6.598583950048240998e-02,2.928178997096877456e-01,-4.632483171420057749e-02,7.072079960413997501e-02,-7.426686254423531253e-02
2.040000,0.000000000000000000e+00,0.000000000000000000e+00,7.594907452582463359e-01,6.420471181577610542e-01,0.000000000000000000e+00,0.000000000000000000e+00,7.666651798962269559e-01,-3.122383714828249057e-01,1.672346704514941079e-02,7.171747422797118687e-02,6.683082321960668315e-01,-3.622049691717250108e-01,1.878320102791767449e-02,-2.962003232239309169e-01,1.496894076512221908e-02,-7.510695599820338755e-03,6.683884655474532366e-01,-3.782675767353110841e-01,-1.672370302424097330e-02,-1.086691390070256176e-02,1.020883904804860964e-01,-3.418122775539912950e-01,2.830991204923690163e-01,4.033625659945744846e-01,6.202110692411849646e-01,3.248612498122828152e-01,3.616136913873683745e-01,4.731786511007147200e-01,-8.295847433037932817e-01,4.436112654564567936e-01,-1.403642014778893610e-01,7.022148448109580277e-02,2.893460947016670004e-01,-4.915976640342333004e-02,7.395138240070762981e-02,-7.882702556870072041e-02
2.050000,0.000000000000000000e+00,0.000000000000000000e+00,7.594907452582463359e-01,6.344327944537531128e-01,0.000000000000000000e+00,0.000000000000000000e+00,7.729780264157589675e-01,-3.115516140412763479e-01,1.587536314448372704e-02,6.999859138514100132e-02,6.682997572245145124e-01,-3.629021627029684893e-01,1.868216446301442651e-02,-2.969076054615399363e-01,1.538321550706414978e-02,-7.731974876919183066e-03,6.684154793141537931e-01,-3.775946359981592892e-01,-1.719620876865238929e-02,-7.204039448863460912e-03,9.498551047383979595e-02,-3.475584321484117001e-01,3.074205182615175058e-01,3.872996928751332169e-01,6.165697196822920167e-01,2.912254032326381248e-01,3.669794564140813065e-01,4.770398151461870406e-01,-8.275603613036813799e-01,4.430281796164903252e-01,-1.347314793781515252e-01,7.424948523168448111e-02,2.869610129304952517e-01,-5.181430417593435589e-02,7.728040254650528351e-02,-8.319412514613339082e-02
2.060000,0.000000000000000000e+00,0.000000000000000000e+00,7.594907452582462248e-01,6.267564042169672112e-01,0.000000000000000000e+00,0.000000000000000000e+00,7.792152525284766762e-01,-3.108517768596839592e-01,1.510881878349486056e-02,6.823692788618299088e-02,6.682982163709484391e-01,-3.636129421568926601e-01,1.849105529855311555e-02,-2.976999788996273488e-01,1.572525840578296169e-02,-7.919347862243178091e-03,6.684502162751750909e-01,-3.768434688316706915e-01,-1.758914803775716781e-02,-3.626074443761194421e-03,8.771618633062142067e-02,-3.532052517279005155e-01,3.317269544332624998e-01,3.724941802561040349e-01,6.134383516302333028e-01,2.607429425967363046e-01,3.719403058570678877e-01,4.782055182877906763e-01,-8.255501671480152126e-01,4.413472583668275884e-01,-1.292338466405677788e-01,7.801763954690829617e-02,2.856065163306941157e-01,-5.427711326619525517e-02,8.070616036022204565e-02,-8.735895917407200673e-02
2.070000,0.000000000000000000e+00,0.000000000000000000e+00,7.594907452582463359e-01,6.190186984283279070e-01,0.000000000000000000e+00,0.000000000000000000e+00,7.853762480468191587e-01,-3.101463186966998964e-01,1.442158291063492040e-02,6.643424152621393852e-02,6.683029411931132868e-01,-3.643297570024999210e-01,1.821317134090289988e-02,-2.985672866008485804e-01,1.599295224920572675e-02,-8.071444383146539336e-03,6.684916900482814617e-01,-3.760231783541613804e-01,-1.789996011984940419e-02,-1.069399302439624951e-04,8.032845340978242432e-02,-3.587623819798195224e-01,3.558704626835617058e-01,3.589994660803522142e-01,6.108653750699490903e-01,2.336099307377158818e-01,3.764114852625085605e-01,4.766428963809478669e-01,-8.235279892721604211e-01,4.386305634625790595e-01,-1.239231599634210146e-01,8.148133967093236507e-02,2.852186176044954613e-01,-5.653588836032025916e-02,8.422835606627891714e-02,-9.130913177684017723e-02
2.080000,0.000000000000000000e+00,0.000000000000000000e+00,7.594907452582463359e-01,6.112204340672561242e-01,0.000000000000000000e+00,0.000000000000000000e+00,7.914604102408628883e-01,-3.094423796307679830e-01,1.381089061530036549e-02,6.459237892945407511e-02,6.683131937964502667e-01,-3.650453322982369353e-01,1.785224489300188053e-02,-2.994993127011386091e-01,1.618481940239655664e-02,-8.187148080319136753e-03,6.685388210699643174e-01,-3.751428501814919048e-01,-1.812678966996814078e-02,3.372166731127855966e-03,7.285666192707440647e-02,-3.642333060406059420e-01,3.797225480323568325e-01,3.468571505094943386e-01,6.088956901034919822e-01,2.099302098022478025e-01,3.803238351858773680e-01,4.723818552476073962e-01,-8.214769469914052769e-01,4.349378371907755558e-01,-1.188456527172881555e-01,8.460238406333682459e-02,2.857421995226012146e-01,-5.857626863129990202e-02,8.783718025787871919e-02,-9.502704804141451356e-02
2.090000,0.000000000000000000e+00,0.000000000000000000e+00,7.594907452582463359e-01,6.033623740376172773e-01,0.000000000000000000e+00,0.000000000000000000e+00,7.974671438972833482e-01,-3.087467903966227833e-01,1.327354215171698895e-02,6.271333391853990691e-02,6.683281998850643113e-01,-3.657526791804590616e-01,1.741239507859488125e-02,-3.004858363346986083e-01,1.629997968015950080e-02,-8.265587870991070521e-03,6.685904742252831712e-01,-3.742115341944181051e-01,-1.826843219211568559e-02,6.823275085533372225e-03,6.532357428398470611e-02,-3.696168891782836696e-01,4.031654737416824896e-01,3.361026329564846260e-01,6.075676186052265670e-01,1.897434943835731302e-01,3.836248837441518234e-01,4.654999601186258218e-01,-8.193879047248013858e-01,4.303249209415354049e-01,-1.140429654854136082e-01,8.734822350919735356e-02,2.871369673720946536e-01,-6.038216667194247489e-02,9.150908300799806550e-02,-9.849041910387958121e-02
2.100000,0.000000000000000000e+00,0.000000000000000000e+00,7.594907452582463359e-01,5.954452870930825314e-01,0.000000000000000000e+00,0.000000000000000000e+00,8.033958613775878943e-01,-3.080660676891577854e-01,1.280593582126619660e-02,6.079925767993597796e-02,6.683471720053818510e-01,-3.664451146813127447e-01,1.689810309858561996e-02,-3.015166770147146291e-01,1.633813100670948246e-02,-8.306141478905897102e-03,6.686454885108603641e-01,-3.732382285266660493e-01,-1.832431328738808041e-02,1.025297739878842235e-02,5.774288114498971058e-02,-3.749088692703646530e-01,4.260863934403253395e-01,3.267680018984750467e-01,6.069101489684477491e-01,1.730466923263400680e-01,3.862791560190395046e-01,4.561100139927593000e-01,-8.172576663750333870e-01,4.248444926249333453e-01,-1.095529593827185011e-01,8.969150633996780808e-02,2.893774605705131120e-01,-6.193669372438127818e-02,9.520661712744196703e-02,-1.016736912449172914e-01
2.110000,0.000000000000000000e+00,0.000000000000000000e+00,7.594907452582464469e-01,5.874699477619252930e-01,0.000000000000000000e+00,0.000000000000000000e+00,8.092459826756019936e-01,-3.074064045572410531e-01,1.240408708440060570e-02,5.885245397310918947e-02,6.683693279092300932e-01,-3.671162833322976216e-01,1.631419463482604651e-02,-3.025817361232172042e-01,1.629953622315466130e-02,-8.308442620136148246e-03,6.687027022491423001e-01,-3.722318634008619509e-01,-1.829447815354431559e-02,1.366391044895775599e-02,5.012162458852244262e-02,-3.801030538710696294e-01,4.483739424409118879e-01,3.188831964043573053e-01,6.069408282659189968e-01,1.598090289689892696e-01,3.882679266366918513e-01,4.443503603102346711e-01,-8.150872988505576400e-01,4.185476613223180209e-01,-1.054103260006822168e-01,9.160985501751238436e-02,2.924502454662621931e-01,-6.322324955041749850e-02,9.888043185777999067e-02,-1.045496316290739219e-01
2.120000,0.000000000000000000e+00,0.000000000000000000e+00,7.594907452582463359e-01,5.794371362712458229e-01,0.000000000000000000e+00,0.000000000000000000e+00,8.150169354742131667e-01,-3.067736590168912425e-01,1.206364409358236418e-02,5.687537002687717558e-02,6.683939061119744673e-01,-3.677601783581299633e-01,1.566582422174394446e-02,-3.036710361106325085e-01,1.618501101390192043e-02,-8.272389076184147316e-03,6.687609753611849506e-01,-3.712012842515912681e-01,-1.817958369469617474e-02,1.705607606296548340e-02,4.246226115777518989e-02,-3.851921997250914442e-01,4.699167854567288805e-01,3.124760718976194451e-01,6.076643534951579051e-01,1.499820629259837612e-01,3.895886175046234801e-01,4.303775051318385336e-01,-8.128807014650316631e-01,4.114856515648724344e-01,-1.016469915492624332e-01,9.308580394402105052e-02,2.963501671219886946e-01,-6.422654539274680330e-02,1.024721511935875323e-01,-1.070907273807865934e-01
2.130000,0.000000000000000000e+00,0.000000000000000000e+00,7.594907452582463359e-01,5.713476384706448474e-01,0.000000000000000000e+00,0.000000000000000000e+00,8.207081552013586467e-01,-3.061733420012467954e-01,1.177990285676704281e-02,5.487058654001308877e-02,6.684201795021054160e-01,-3.683711618364576279e-01,1.495845989049104062e-02,-3.047747579488847003e-01,1.599591150377780921e-02,-8.198150624912645471e-03,6.688192093258997772e-01,-3.701552340478390102e-01,-1.798089077088412327e-02,2.042789436310132184e-02,3.476427388022118592e-02,-3.901686253089045597e-01,4.906035986939564775e-01,3.075717972407939205e-01,6.090718155478207496e-01,1.435058229134790475e-01,3.902539580327705204e-01,4.143605186329132328e-01,-8.106434240551878556e-01,4.037112197367006550e-01,-9.829232792147810094e-02,9.410682496610028869e-02,3.010766806976130083e-01,-6.493344781668376753e-02,1.059173884213537448e-01,-1.092702792050722210e-01
2.140000,0.000000000000000000e+00,0.000000000000000000e+00,7.594907452582463359e-01,5.632022457553402806e-01,0.000000000000000000e+00,0.000000000000000000e+00,8.263190850852600855e-01,-3.056106050759189174e-01,1.154782303639413643e-02,5.284080788770550291e-02,6.684474673414557699e-01,-3.689439836417739982e-01,1.419786753580608123e-02,-3.058832770098274811e-01,1.573412118123252573e-02,-8.086176343759448465e-03,6.688763650748397183e-01,-3.691023348331321507e-01,-1.770025580008285221e-02,2.377698395309364374e-02,2.702534873328808068e-02,-3.950246232682236291e-01,5.103240119301418742e-01,3.041918800616550400e-01,6.111405256408307674e-01,1.403122033905229993e-01,3.902909537615895652e-01,3.964767061763491141e-01,-8.083816949887890901e-01,3.952796773283535625e-01,-9.537319880239356062e-02,9.466537433159474824e-02,3.066307324901937914e-01,-6.533360416790952307e-02,1.091485091943445868e-01,-1.110631845737359014e-01
2.150000,0.000000000000000000e+00,0.000000000000000000e+00,7.594907452582463359e-01,5.550017549887497070e-01,0.000000000000000000e+00,0.000000000000000000e+00,8.318491762088894292e-01,-3.050902281068182953e-01,1.136204468750395824e-02,5.078885288752388316e-02,6.684751457765346627e-01,-3.694737991078654860e-01,1.339009483357317225e-02,-3.069871974086075817e-01,1.540203714091550012e-02,-7.937200978595675138e-03,6.689314789091777014e-01,-3.680510685164936624e-01,-1.734012147165112788e-02,2.710070597339073878e-02,1.924218332313541377e-02,-3.997527322032545793e-01,5.289701132619830659e-01,3.023530277757260909e-01,6.138343537279302708e-01,1.403265571168701431e-01,3.897396708207067073e-01,3.769081436349582259e-01,-8.061016122234286874e-01,3.862495169045883081e-01,-9.291387727037557498e-02,9.475890950513693456e-02,3.130123350792350378e-01,-6.541985258981049267e-02,1.120969835255616331e-01,-1.124464560218859377e-01
2.160000,0.000000000000000000e+00,0.000000000000000000e+00,7.594907452582463359e-01,5.467469684245279682e-01,0.000000000000000000e+00,0.000000000000000000e+00,8.372978875636724050e-01,-3.046166069800649301e-01,1.121690601082614945e-02,4.871764623066179856e-02,6.685026568888411402e-01,-3.699561853691440416e-01,1.254145466300559883e-02,-3.080773848055214925e-01,1.500255573909475490e-02,-7.752250140186769771e-03,6.689836764557528515e-01,-3.670097569441215235e-01,-1.690350650682461917e-02,3.039652074106577798e-02,1.141101226038631310e-02,-4.043459124247703040e-01,5.464382014050425118e-01,3.020659885891667229e-01,6.171045105544645804e-01,1.434681979146368580e-01,3.886518352266323251e-01,3.558387943145365773e-01,-8.038084572967755248e-01,3.766826913776354924e-01,-9.093587306291983641e-02,9.438984113831702660e-02,3.202188083442166211e-01,-6.518844103816995306e-02,1.146952972600663451e-01,-1.133995355669879940e-01
2.170000,0.000000000000000000e+00,0.000000000000000000e+00,7.594907452582463359e-01,5.384386936280884939e-01,0.000000000000000000e+00,0.000000000000000000e+00,8.426646861024125190e-01,-3.041937414401258977e-01,1.110646211842893603e-02,4.663021059594844864e-02,6.685295162727246110e-01,-3.703871563449011028e-01,1.165850803079826123e-02,-3.091449976454482274e-01,1.453905778089362513e-02,-7.532644126517247865e-03,6.690321846484660329e-01,-3.659865412774030435e-01,-1.639399445820534720e-02,3.366220284698738519e-02,3.527930148859294984e-03,-4.087976556838638365e-01,5.626305463617911062e-01,3.033344712843217272e-01,6.208907029194173921e-01,1.496503206771856997e-01,3.870892574770777306e-01,3.334520361015727019e-01,-8.015061038039235086e-01,3.666446149971004931e-01,-8.945770506141872969e-02,9.356540111104189039e-02,3.282435817062759331e-01,-6.463908790932555715e-02,1.168784583734132632e-01,-1.139044639758205746e-01
2.180000,0.000000000000000000e+00,0.000000000000000000e+00,7.594907452582463359e-01,5.300777433975927266e-01,0.000000000000000000e+00,0.000000000000000000e+00,8.479490467914424512e-01,-3.038252230979540669e-01,1.102450477861743015e-02,4.452965942667928834e-02,6.685553191124135042e-01,-3.707631763298381289e-01,1.074804651096101377e-02,-3.101815168111870524e-01,1.401539335950620010e-02,-7.280000197055019884e-03,6.690763417071746710e-01,-3.649893607000993523e-01,-1.581572155761940685e-02,3.689595245405133395e-02,-4.410920076235915616e-03,-4.131020475248551871e-01,5.774569855914057914e-01,3.061542086616839131e-01,6.251225858031641547e-01,1.587796752611295159e-01,3.851221133210820935e-01,3.099285145028111144e-01,-7.991965035973601639e-01,3.562039539170278046e-01,-8.849464967926701231e-02,9.229742024177058080e-02,3.370754320786706892e-01,-6.377491722049320744e-02,1.185851583932599207e-01,-1.139459538457344157e-01
2.190000,0.000000000000000000e+00,0.000000000000000000e+00,7.594907452582463359e-01,5.216649356844402785e-01,0.000000000000000000e+00,0.000000000000000000e+00,8.531504526619844153e-01,-3.035142236533190374e-01,1.096458309114215282e-02,4.241919032939817785e-02,6.685797447225579893e-01,-3.710811721536103058e-01,9.817074221531500028e-03,-3.111787736688137462e-01,1.343586646015543055e-02,-6.996233151368535033e-03,6.691156050793424237e-01,-3.640259304761553905e-01,-1.517336362671472573e-02,4.009643192432833791e-02,-1.240924184323296230e-02,-4.172537934554492733e-01,5.908362398244083602e-01,3.105122028944471979e-01,6.297214284359915482e-01,1.707561989213679798e-01,3.828271321109011360e-01,2.854442971496899961e-01,-7.968792434077719422e-01,3.454322661219018653e-01,-8.805849018844175147e-02,9.060201862429703712e-02,3.466980396084710647e-01,-6.260229760166693969e-02,1.197586524290331911e-01,-1.135114039215599779e-01
2.200000,0.000000000000000000e+00,0.000000000000000000e+00,7.594907452582463359e-01,5.132010935132446106e-01,0.000000000000000000e+00,0.000000000000000000e+00,8.582683948607277014e-01,-3.032634833701546850e-01,1.092002503321858227e-02,4.030207903824378074e-02,6.686025595133748833e-01,-3.713385438721504839e-01,8.872789363855349346e-03,-3.121289764862866245e-01,1.280521943046977751e-02,-6.683554091357220804e-03,6.691495573053171109e-01,-3.631037193786050277e-01,-1.447212206588212487e-02,4.326274981237102774e-02,-2.047052634466437274e-02,-4.212482160096841510e-01,6.026968816103385196e-01,3.163861691875076154e-01,6.346019074981444907e-01,1.854727144081566026e-01,3.802857587886736557e-01,2.601693404527685161e-01,-7.945511711561439316e-01,3.344035406324468163e-01,-8.815728648869664008e-02,8.849921791653241054e-02,3.570897626494229926e-01,-6.113060923975507932e-02,1.203474144289840703e-01,-1.125908815209408775e-01
2.210000,0.000000000000000000e+00,0.000000000000000000e+00,7.594907452582464469e-01,5.046870449013187709e-01,0.000000000000000000e+00,0.000000000000000000e+00,8.633023726996087444e-01,-3.030752998390381370e-01,1.088395980827026183e-02,3.818167387507617055e-02,6.686236183401524924e-01,-3.715331739542915845e-01,7.922565353498283933e-03,-3.130247352102135117e-01,1.212861740584479653e-02,-6.344467274019045637e-03,6.691779097653035580e-01,-3.622299265094057752e-01,-1.371770893735166884e-02,4.639440915296619283e-02,-2.859801693273085130e-02,-4.250812279783274805e-01,6.129779314800278822e-01,3.237441758122115987e-01,6.396739418327934690e-01,2.028147317475303690e-01,3.775823612567563159e-01,2.342662941394847431e-01,-7.922060950684192138e-01,3.231936768738890020e-01,-8.879517988349443225e-02,8.601248890425426674e-02,3.682235550756275955e-01,-5.937195792465434913e-02,1.203056142900694320e-01,-1.111770914508581759e-01
2.220000,0.000000000000000000e+00,0.000000000000000000e+00,7.594907452582463359e-01,4.961236227776685825e-01,0.000000000000000000e+00,0.000000000000000000e+00,8.682518937047943863e-01,-3.029515170561943305e-01,1.084934092170037126e-02,3.606139062330613460e-02,6.686428641963929609e-01,-3.716634349284459460e-01,6.973931574683178702e-03,-3.138590845891593428e-01,1.141163276386713936e-02,-5.981764990042524183e-03,6.692005042635881251e-01,-3.614114575291775266e-01,-1.291633115855683397e-02,4.949123355583286837e-02,-3.679468210453781807e-02,-4.287492865514209717e-01,6.216290915251010407e-01,3.325444635077917654e-01,6.448444902322375549e-01,2.226603452519236026e-01,3.748025510827678319e-01,2.078896698416100863e-01,-7.898345603655805292e-01,3.118799377133528172e-01,-8.997224326508823644e-02,8.316824994625297840e-02,3.800669683068233495e-01,-5.734085130953488207e-02,1.195934539567365396e-01,-1.092653435007046037e-01
2.230000,0.000000000000000000e+00,0.000000000000000000e+00,7.594907452582463359e-01,4.875116649015104886e-01,0.000000000000000000e+00,0.000000000000000000e+00,8.731164736648583391e-01,-3.028935148435214497e-01,1.080896990109158316e-02,3.394470772185830681e-02,6.686603262098813616e-01,-3.717281954557411505e-01,6.034553792560164859e-03,-3.146255056350243384e-01,1.066022966630846176e-02,-5.598520432352367508e-03,6.692173124033380383e-01,-3.606549003147466737e-01,-1.207467382236147857e-02,5.255328236333665914e-02,-4.506318874984102663e-02,-4.322493330171994774e-01,6.286106540852081093e-01,3.427354155606808783e-01,6.500192465347837123e-01,2.448801885603991979e-01,3.720316735633312222e-01,1.811853909401471008e-01,-7.874237084660946628e-01,3.005404039365513480e-01,-9.168438373692135157e-02,7.999533302735678530e-02,3.925821954124874558e-01,-5.505384970878233336e-02,1.181773922071665400e-01,-1.068535262019788684e-01
2.240000,0.000000000000000000e+00,0.000000000000000000e+00,7.594907452582463359e-01,4.788520137803087828e-01,0.000000000000000000e+00,0.000000000000000000e+00,8.778956366781549558e-01,-3.029021986290344470e-01,1.075552057200782063e-02,3.183516167509591044e-02,6.686761159013993039e-01,-3.717268247980146101e-01,5.112214259621045490e-03,-3.153179454167545637e-01,9.880748730871269717e-03,-5.198078547662320081e-03,6.692284327032699265e-01,-3.599665000610262067e-01,-1.119988266157869242e-02,5.558076452902398906e-02,-5.340587065949586876e-02,-4.355787224512865374e-01,6.338931438401497198e-01,3.542556418635102178e-01,6.551041829229371505e-01,2.693373955872602754e-01,3.693535056451415777e-01,1.542907269967010719e-01,-7.849572229627687081e-01,2.892534534975011451e-01,-9.392330202692593388e-02,7.652443448985002394e-02,4.057261251258031387e-01,-5.252920215731131381e-02,1.160302827900215328e-01,-1.039420916343274104e-01
2.250000,0.000000000000000000e+00,0.000000000000000000e+00,7.594907452582462248e-01,4.701455165873582587e-01,0.000000000000000000e+00,0.000000000000000000e+00,8.825889151993729920e-01,-3.029779896017633645e-01,1.068156379502491031e-02,2.973634256485308339e-02,6.686904216664301126e-01,-3.716591956512920181e-01,4.214791554125884784e-03,-3.159308351828521988e-01,9.079891857980184819e-03,-4.784044892876495279e-03,6.692340854055377486e-01,-3.593521338420013755e-01,-1.029954567635504512e-02,5.857395958958312027e-02,-6.182468851275974009e-02,-4.387351472729786317e-01,6.374567649008311410e-01,3.670341360666016794e-01,6.600069108923704020e-01,2.958875110991265878e-01,3.668491800382212564e-01,1.273346007448890593e-01,-7.824153656723689121e-01,2.780972853756255581e-01,-9.667651094737514383e-02,7.278756730513726014e-02,4.194503800300916629e-01,-4.978647777797011453e-02,1.131314476965128574e-01,-1.005340542459136205e-01
2.260000,0.000000000000000000e+00,0.000000000000000000e+00,7.594907452582462248e-01,4.613930250789015086e-01,0.000000000000000000e+00,0.000000000000000000e+00,8.871958500852785701e-01,-3.031208152496566721e-01,1.057959256476095206e-02,2.765188954200822544e-02,6.687035014412167078e-01,-3.715256853178607876e-01,3.350240189472483698e-03,-3.164591068108118521e-01,8.264707220743244473e-03,-4.360272546469565018e-03,6.692346049223972804e-01,-3.588172846434674601e-01,-9.381673944386508326e-03,6.153315296427452202e-02,-7.032117734687139132e-02,-4.417165576464898713e-01,6.392907308314018655e-01,3.809904644988324485e-01,6.646378477737712176e-01,3.243782988526867084e-01,3.645963338259117781e-01,1.004382410893213395e-01,-7.797751052004334715e-01,2.671495050510744318e-01,-9.992741352143298672e-02,6.881753108002629238e-02,4.337013163616942890e-01,-4.684620239475319192e-02,1.094667061635337946e-01,-9.663500565144669818e-02
2.270000,0.000000000000000000e+00,0.000000000000000000e+00,7.594907452582463359e-01,4.525953955108029114e-01,0.000000000000000000e+00,0.000000000000000000e+00,8.917159906396318059e-01,-3.033301002833515003e-01,1.044204736758126868e-02,2.558548616746929988e-02,6.687156735157118170e-01,-3.713271751926418007e-01,2.526570033980295692e-03,-3.168982075827408984e-01,7.442574409004908478e-03,-3.930847152503165812e-03,6.692304298676639007e-01,-3.583670148776919584e-01,-8.454681635495831654e-03,6.445859179841650910e-02,-7.889637646992753162e-02,-4.445210806220016853e-01,6.393925556449043812e-01,3.960349485773275724e-01,6.689111931684083023e-01,3.546494060051663677e-01,3.626684621528279417e-01,7.371614305487730889e-02,-7.770103399364712837e-01,2.564867863265464232e-01,-1.036554401421050237e-01,6.464741488218454790e-02,4.484199636149485690e-01,-4.372951043181903114e-02,1.050283800101781823e-01,-9.225314698164682747e-02
2.280000,0.000000000000000000e+00,0.000000000000000000e+00,7.594907452582463359e-01,4.437534885547825270e-01,0.000000000000000000e+00,0.000000000000000000e+00,8.961488946572776504e-01,-3.036047579429337340e-01,1.026134169130404894e-02,2.354085546600189621e-02,6.687273054574977005e-01,-3.710650485422953837e-01,1.751825580546832219e-03,-3.172441132869804337e-01,6.621189701442504322e-03,-3.500070201390603070e-03,6.692220906176400419e-01,-3.580059393873437634e-01,-7.527365253718997472e-03,6.735046672272121393e-02,-8.755073541552504945e-02,-4.471469388668440903e-01,6.377673786765895025e-01,4.120688085449503713e-01,6.727457329555049936e-01,3.865318586207373008e-01,3.611344435591605784e-01,4.727728535191137726e-02,-7.740922172322909356e-01,2.461846224439130926e-01,-1.078362432104660873e-01,6.031014640748891265e-02,4.635418811820964935e-01,-4.045782214531627036e-02,9.981529666937175027e-02,-8.739934046283302782e-02
2.290000,0.000000000000000000e+00,0.000000000000000000e+00,7.594907452582463359e-01,4.348681692142137845e-01,0.000000000000000000e+00,0.000000000000000000e+00,9.004941284674087276e-01,-3.039431816790084673e-01,1.002988757768005085e-02,2.152175455115009142e-02,6.687388011125585674e-01,-3.707411865582690425e-01,1.034065105058846849e-03,-3.174933396455361101e-01,5.808551423164181118e-03,-3.072440676668653468e-03,6.692101943451375101e-01,-3.577381979428941872e-01,-6.608882131620942395e-03,7.020892429123287704e-02,-9.628398826962215884e-02,-4.495923690499022962e-01,6.344273868915616399e-01,4.289842451486129415e-01,6.760654979489055805e-01,4.198473838540736081e-01,3.600581939045838786e-01,2.122654761195710837e-02,-7.709895505671062743e-01,2.363171781711844999e-01,-1.124419470914153202e-01,5.583809900043330138e-02,4.789969073048504500e-01,-3.705255591112990160e-02,9.383281239283278174e-02,-8.208718241233438351e-02
2.300000,0.000000000000000000e+00,0.000000000000000000e+00,7.594907452582463359e-01,4.259403067395033382e-01,0.000000000000000000e+00,0.000000000000000000e+00,9.047512669759892878e-01,-3.043432371935282932e-01,9.740121106661387210e-03,1.953196867560086369e-02,6.687505856507350854e-01,-3.703579626676739012e-01,3.813397513099150678e-04,-3.176429520666209649e-01,5.012945330517123640e-03,-2.652635220558585694e-03,6.691954074695917187e-01,-3.575674272343471460e-01,-5.708728202944367627e-03,7.303411450898153467e-02,-1.050949878857818376e-01,-4.518555395860168744e-01,6.293913855364091647e-01,4.466644469471597323e-01,6.788003095870210890e-01,4.544075795856726829e-01,3.594984007326144093e-01,-4.333738642683739734e-03,-7.676693364281095278e-01,2.269572537568531334e-01,-1.174414508915453820e-01,5.126276560952849198e-02,4.947087733687358102e-01,-3.353488446850782373e-02,8.709287918257636874e-02,-7.633310063606023321e-02
2.310000,0.000000000000000000e+00,0.000000000000000000e+00,7.594907452582463359e-01,4.169707745430493162e-01,0.000000000000000000e+00,0.000000000000000000e+00,9.089198937073440510e-01,-3.049431258731827854e-01,9.266200115791050837e-03,1.695653244781505226e-02,6.687683047367578570e-01,-3.697760499174802540e-01,-3.886273754953564925e-04,-3.177032843237450055e-01,4.006540168022655959e-03,-2.120050137666414786e-03,6.691685832735562167e-01,-3.574713302779499724e-01,-4.551904860312555416e-03,7.696026437570500922e-02,-1.154360344780407804e-01,-4.541299351118016636e-01,6.164637398300717441e-01,4.738487402772474932e-01,6.808502176283879326e-01,5.152861982517773498e-01,3.587256209082045899e-01,-4.630391773765610286e-02,-7.612863589517938623e-01,2.140645175708110470e-01,-1.249868659087702144e-01,4.500972843774327797e-02,5.186364778974655865e-01,-2.927537700248247776e-02,7.470786689618358345e-02,-6.843658457881139634e-02
2.320000,0.000000000000000000e+00,0.000000000000000000e+00,7.594907452582463359e-01,4.079604501137983896e-01,0.000000000000000000e+00,0.000000000000000000e+00,9.129996008449001721e-01,-3.053599944997941740e-01,8.916443660066991975e-03,1.545983069324368721e-02,6.687784154435599815e-01,-3.693793316492589573e-01,-7.595273432633047918e-04,-3.176373511706053754e-01,3.434683116501863719e-03,-1.817297513151660757e-03,6.691547370038181120e-01,-3.575192760156978289e-01,-3.909992355236113250e-03,7.918314069005688571e-02,-1.222848055204189682e-01,-4.554911240786430060e-01,6.092354192704534377e-01,4.887339695091846292e-01,6.816339669316089367e-01,5.449551551315828801e-01,3.594018855007697355e-01,-6.569323929659537376e-02,-7.579821743222174835e-01,2.081849869470781544e-01,-1.295451068694556118e-01,4.144030367372485840e-02,5.300522310488062772e-01,-2.655680118190137731e-02,6.879668753960455074e-02,-6.342758789464400526e-02
2.330000,0.000000000000000000e+00,0.000000000000000000e+00,7.594907452582464469e-01,3.989102149313981105e-01,0.000000000000000000e+00,0.000000000000000000e+00,9.169899892710856593e-01,-3.058968328452218999e-01,8.433247052997343979e-03,1.371468628953525712e-02,6.687923215480316985e-01,-3.688681462746416506e-01,-1.127232183206225511e-03,-3.174736509974110388e-01,2.792836735789728988e-03,-1.477219577761801177e-03,6.691382253527848878e-01,-3.576616351229641166e-01,-3.187476704984816035e-03,8.173094665348573651e-02,-1.308623594423582448e-01,-4.571043688589830900e-01,6.003001863625400114e-01,5.061083712465912487e-01,6.821312311768548131e-01,5.774282948564225526e-01,3.609039136808731008e-01,-8.598930839477834931e-02,-7.542448411419292453e-01,2.019344216148085958e-01,-1.350818326705052475e-01,3.713870891560261400e-02,5.434347129554305544e-01,-2.305047441963888749e-02,6.151465115960676883e-02,-5.697404513580119068e-02
2.340000,0.000000000000000000e+00,0.000000000000000000e+00,7.594907452582463359e-01,3.898209543799647792e-01,0.000000000000000000e+00,0.000000000000000000e+00,9.208906686063733638e-01,-3.065021505381163025e-01,7.844641842527165509e-03,1.192266097344098913e-02,6.688089341637267760e-01,-3.682908206552008568e-01,-1.426371835678518635e-03,-3.172061819368064972e-01,2.168912208025907101e-03,-1.146513567920871401e-03,6.691203413123703037e-01,-3.579062249631237980e-01,-2.481990114692314998e-03,8.435839417543838925e-02,-1.399839369623137320e-01,-4.586538267509577271e-01,5.895837568298870623e-01,5.245667852258115715e-01,6.819714262737041066e-01,6.116750078770698540e-01,3.630834945541241421e-01,-1.064008286861574393e-01,-7.500612773088057850e-01,1.959301289992201600e-01,-1.411081544881785943e-01,3.257875927971672775e-02,5.578735849825248172e-01,-1.926627961846360398e-02,5.298336295409328267e-02,-4.979223772583631080e-02
2.350000,0.000000000000000000e+00,0.000000000000000000e+00,7.594907452582463359e-01,3.806935576614635663e-01,0.000000000000000000e+00,0.000000000000000000e+00,9.247012572474733183e-01,-3.073584839215752762e-01,6.934602462161525843e-03,9.588125189954254876e-03,6.688368096586196909e-01,-3.674633696939298422e-01,-1.698431231126057341e-03,-3.167163900900279994e-01,1.420657283629496708e-03,-7.500151089923057755e-04,6.690917244556152665e-01,-3.583683396388906428e-01,-1.620740311299513799e-03,8.842153691834032936e-02,-1.511142578711833495e-01,-4.601000132734119896e-01,5.679189927237683344e-01,5.531053643145105170e-01,6.793326868807126884e-01,6.735460612678814130e-01,3.669321803208114852e-01,-1.420733390901134652e-01,-7.420176032813687872e-01,1.876862998809174510e-01,-1.499172681888732706e-01,2.615720384023958664e-02,5.806878653241558386e-01,-1.447480937535505427e-02,3.754314627834740015e-02,-3.992761490003054331e-02
2.360000,0.000000000000000000e+00,0.000000000000000000e+00,7.594907452582463359e-01,3.715289177087201522e-01,0.000000000000000000e+00,0.000000000000000000e+00,9.284213824046638752e-01,-3.079123998489530223e-01,6.291620991343033209e-03,8.242367131217103599e-03,6.688525473845102765e-01,-3.669381507593276193e-01,-1.748206297490888456e-03,-3.163183407050236817e-01,1.038699093617664101e-03,-5.478868680584802727e-04,6.690796013928475006e-01,-3.587477703269880136e-01,-1.190976694878114741e-03,9.046609254999359029e-02,-1.581918410416761345e-01,-4.608986364874875230e-01,5.561227576672563844e-01,5.681304706002276994e-01,6.776044825898879242e-01,7.033114357338876577e-01,3.698957377749817477e-01,-1.580906896580966114e-01,-7.375416979605164958e-01,1.844585193554041380e-01,-1.551103428549622520e-01,2.269864845249117483e-02,5.913117673267950236e-01,-1.165677726776822611e-02,2.993347269115114936e-02,-3.389402812937140214e-02
2.370000,0.000000000000000000e+00,0.000000000000000000e+00,7.594907452582463359e-01,3.623279310980632162e-01,0.000000000000000000e+00,0.000000000000000000e+00,9.320506801382621997e-01,-3.085949777370844971e-01,5.437466394650384595e-03,6.687511443639835955e-03,6.688737384182134038e-01,-3.662900310893078548e-01,-1.709566803923410734e-03,-3.157611548885189134e-01,6.532276822132753857e-04,-3.441143130933846253e-04,6.690662840772877429e-01,-3.592849035410101144e-01,-7.558254040779364838e-04,9.279350670775900201e-02,-1.669472443960728636e-01,-4.617949103175549852e-01,5.421382361146847018e-01,5.850199830668275647e-01,6.751277266475286254e-01,7.348119066903081587e-01,3.740157739936118553e-01,-1.739639152273312894e-01,-7.323774055775637004e-01,1.815565444983174848e-01,-1.612798662737540689e-01,1.862666180110777309e-02,6.033500479021440821e-01,-8.128451283222155876e-03,2.077337564010123608e-02,-2.635324389664581157e-02
2.380000,0.000000000000000000e+00,0.000000000000000000e+00,7.594907452582463359e-01,3.530914979616145422e-01,0.000000000000000000e+00,0.000000000000000000e+00,9.355887953942282342e-01,-3.095600983973419984e-01,4.118962027173822538e-03,4.606211225279106813e-03,6.689096889102504884e-01,-3.653587914246199109e-01,-1.505781187615015627e-03,-3.148732523050324361e-01,2.350343299667093241e-04,-1.235931713172013315e-04,6.690436755484840958e-01,-3.601562909506997867e-01,-2.736591004693361825e-04,9.687523742604180199e-02,-1.783356075192988610e-01,-4.625033893445453237e-01,5.153016026001281391e-01,6.116370595237538010e-01,6.688371284168943554e-01,7.927157386572325493e-01,3.814104320478346466e-01,-2.029067530010204568e-01,-7.226982663293265441e-01,1.779205639162388386e-01,-1.703530667297560308e-01,1.254245604675170017e-02,6.228768200963403778e-01,-3.287024827856559282e-03,4.318127797714171358e-03,-1.569265617450135361e-02
2.390000,0.000000000000000000e+00,0.000000000000000000e+00,7.594907452582463359e-01,3.438205218992272938e-01,0.000000000000000000e+00,0.000000000000000000e+00,9.390353820389000239e-01,-3.101664653188440646e-01,3.201624319810165466e-03,3.405976360056892083e-03,6.689294317735524631e-01,-3.647830686185750682e-01,-1.254323410685958661e-03,-3.142351552459211605e-01,7.720440078789071042e-05,-4.061517430505095984e-05,6.690355657869352379e-01,-3.607775821789419024e-01,-9.480913808958903221e-05,9.880452434710895737e-02,-1.854288257510116333e-01,-4.628433348826646587e-01,5.007435650301051977e-01,6.252193746558520893e-01,6.651261776552248595e-01,8.201480527960433031e-01,3.861486794516845733e-01,-2.153488132831940516e-01,-7.171673526968609380e-01,1.772855076030475374e-01,-1.756729804950001861e-01,9.372804269834065019e-03,6.316649461956110878e-01,-5.537326072297499117e-04,-3.968028907177370730e-03,-9.245370906334808569e-03
2.400000,0.000000000000000000e+00,0.000000000000000000e+00,7.594907452582463359e-01,3.345159098900880035e-01,0.000000000000000000e+00,0.000000000000000000e+00,9.423901028928554080e-01,-3.111193879669876261e-01,1.630007225759057873e-03,1.591984882057509128e-03,6.689656171709902344e-01,-3.638623946472645532e-01,-7.067364644739435910e-04,-3.131374803969692588e-01,-4.713968038059150416e-05,2.456507159311052536e-05,6.690181303658032652e-01,-3.618633438330171592e-01,5.050745288752686081e-05,1.027114851300028608e-01,-1.962704793912067036e-01,-4.629790105011695189e-01,4.722687398828498417e-01,6.481800526230249160e-01,6.568310583687194670e-01,8.715519996581018169e-01,3.954095243948064775e-01,-2.382444790168655457e-01,-7.065966285896273513e-01,1.774128390785344733e-01,-1.843123697842730946e-01,3.982224106418898353e-03,6.465023571538773828e-01,3.922173492229381539e-03,-1.936382193375547206e-02,1.069931222081418887e-03
2.410000,0.000000000000000000e+00,0.000000000000000000e+00,7.594907452582463359e-01,3.251785722039854387e-01,0.000000000000000000e+00,0.000000000000000000e+00,9.456526297638987444e-01,-3.117274344678762077e-01,5.105785449650175872e-04,5.082855057801278793e-04,6.689855124209032056e-01,-3.632818941928164791e-01,-2.294076965041559938e-04,-3.123531117139025093e-01,-1.455266940650420547e-05,7.400926191458651802e-06,6.690117303646235802e-01,-3.626305497599836003e-01,1.651377326547506444e-05,1.045605112175152784e-01,-2.032245564701204155e-01,-4.629955215159973214e-01,4.565274675700189966e-01,6.598155581217467480e-01,6.519326908424487588e-01,8.957182942975384643e-01,4.011983797631815118e-01,-2.475239555783928791e-01,-7.004159244099712467e-01,1.788923755908415625e-01,-1.895312385995014115e-01,1.133839648007928767e-03,6.530300946924421091e-01,6.506124488539012478e-03,-2.747548049971302447e-02,7.527080139352923527e-03
2.420000,0.000000000000000000e+00,0.000000000000000000e+00,7.594907452582463359e-01,3.152697835847695362e-01,0.000000000000000000e+00,0.000000000000000000e+00,9.490020882792685741e-01,-3.125810143208168634e-01,-3.614218357420774389e-04,4.337234694377093617e-04,6.690109006976034944e-01,-3.624621666390080987e-01,4.971814668436411871e-04,-3.112284590493923364e-01,7.068859517294566160e-05,-3.718051242636904378e-05,6.689999840103795226e-01,-3.637302872854616398e-01,-7.711587378704621372e-05,9.931340256820182788e-02,-2.088289064797984873e-01,-4.640837308527321348e-01,4.458425390845805469e-01,6.699752519109474225e-01,6.505595095200960021e-01,9.214391724563973929e-01,4.050973013030557124e-01,-2.581698791315203967e-01,-6.911875737830763811e-01,1.760192099133582877e-01,-1.922280889794079906e-01,-1.584371060521713725e-03,6.614036465990206226e-01,8.705519903326255915e-03,-3.274781529437700844e-02,1.082264889878112660e-02
2.430000,0.000000000000000000e+00,0.000000000000000000e+00,7.594907452582464469e-01,3.053265035166918273e-01,0.000000000000000000e+00,0.000000000000000000e+00,9.522477231531044639e-01,-3.137157525304954397e-01,-1.445033926639701901e-03,7.811154285513118196e-04,6.690391159477679928e-01,-3.613425989356760515e-01,1.625099042180673092e-03,-3.096415556535654923e-01,2.852342632679245914e-04,-1.482339421672176721e-04,6.689635029906032537e-01,-3.652962015569271026e-01,-3.179356497213330882e-04,8.856408260156760359e-02,-2.146302820090945362e-01,-4.661886252190068358e-01,4.308273760795309215e-01,6.853854827187922938e-01,6.497230603791630532e-01,9.691044991517389073e-01,4.098970693368262919e-01,-2.809884985359063503e-01,-6.747839234898025396e-01,1.681176775906973730e-01,-1.948189375084420083e-01,-4.538644668282095125e-03,6.765926654814458097e-01,1.062466694097512036e-02,-3.997065335019961418e-02,1.399735679569362456e-02
2.440000,0.000000000000000000e+00,0.000000000000000000e+00,7.594907452582463359e-01,2.953498198240666617e-01,0.000000000000000000e+00,0.000000000000000000e+00,9.553891793033304491e-01,-3.143385727508602456e-01,-2.116119798866906293e-03,1.117019301167959623e-03,6.690473327821633287e-01,-3.607336299081398967e-01,2.366299938663223197e-03,-3.086887008997709625e-01,4.981644428566790045e-04,-2.583130371466865836e-04,6.689428157579245804e-01,-3.662187448708822957e-01,-5.533235389027402369e-04,8.099807441747364223e-02,-2.180935044361859421e-01,-4.675627477987497338e-01,4.248365019975320345e-01,6.926106265155272945e-01,6.501871823028417818e-01,9.917009228680639943e-01,4.120548853344747631e-01,-2.915708351600077020e-01,-6.653094907493311005e-01,1.635307564059470253e-01,-1.959730525472679619e-01,-5.964154706046460169e-03,6.839846818409864859e-01,1.159962330344705903e-02,-4.262144526573804354e-02,1.546924978491973600e-02
2.450000,0.000000000000000000e+00,0.000000000000000000e+00,7.594907452582463359e-01,2.853408239856625728e-01,0.000000000000000000e+00,0.000000000000000000e+00,9.584261130453317623e-01,-3.152125464563038659e-01,-3.197477853901004377e-03,1.681356174204596231e-03,6.690509641896980053e-01,-3.598554075488583637e-01,3.593558668382736045e-03,-3.072405962317710792e-01,9.161262296772512475e-04,-4.728214621830339288e-04,6.688930640648556025e-01,-3.676294831115646256e-01,-1.023855629104012972e-03,6.843898715735528826e-02,-2.230493523550029222e-01,-4.699124224094024527e-01,4.140658463831758396e-01,7.051950276087413094e-01,6.506543041278541883e-01,1.033765345542341008e+00,4.158615246405337196e-01,-3.123072863671954025e-01,-6.485357872766844833e-01,1.549002440777718093e-01,-1.977118360833088340e-01,-7.863803084096676610e-03,6.978701139416967347e-01,1.274666015942435039e-02,-4.778323118218692073e-02,1.801511523503052103e-02
2.460000,0.000000000000000000e+00,0.000000000000000000e+00,7.594907452582463359e-01,2.753006110152944053e-01,0.000000000000000000e+00,0.000000000000000000e+00,9.613581921295545341e-01,-3.156881044863379948e-01,-3.922000027803002227e-03,2.063745125422061268e-03,6.690465584865260551e-01,-3.593806608064697983e-01,4.402836466743500002e-03,-3.063579909665843370e-01,1.253895731509009929e-03,-6.459151159841368438e-04,6.688641383076402436e-01,-3.684740465890180006e-01,-1.397601084283040668e-03,6.053271775581447328e-02,-2.265304721225580853e-01,-4.713178820092929211e-01,4.091979247497323779e-01,7.113508562195581808e-01,6.512147330978189652e-01,1.053737876674726515e+00,4.179329681706077104e-01,-3.215513001918032798e-01,-6.388539669147287325e-01,1.505001275794712323e-01,-1.987346958502733130e-01,-9.071778489006058696e-03,7.047170002570044556e-01,1.362546673998368124e-02,-5.004451277400014803e-02,1.951167793485135762e-02
2.470000,0.000000000000000000e+00,0.000000000000000000e+00,7.594907452582463359e-01,2.652302793420218130e-01,0.000000000000000000e+00,0.000000000000000000e+00,9.641850957778558273e-01,-3.163330254074105952e-01,-5.084219470763097840e-03,2.679999664884452799e-03,6.690287150494876878e-01,-3.587131969491284544e-01,5.726748280702196985e-03,-3.050251235498889213e-01,1.857707603140580340e-03,-9.533159912885392530e-04,6.688011162266302989e-01,-3.697556232472229976e-01,-2.077649362486576334e-03,4.767381256113771559e-02,-2.317132606207903678e-01,-4.736893930872340119e-01,4.000425711533249773e-01,7.222684515215754830e-01,6.517049412648345807e-01,1.091045323913927056e+00,4.217687751730859191e-01,-3.396334932984126365e-01,-6.218748485857319430e-01,1.424035412922750321e-01,-2.003154863348604320e-01,-1.077769608423587676e-02,7.177285607693877356e-01,1.477072420324992627e-02,-5.478020071885874448e-02,2.218069866693773637e-02
2.480000,0.000000000000000000e+00,0.000000000000000000e+00,7.594907452582463359e-01,2.551309306899821605e-01,0.000000000000000000e+00,0.000000000000000000e+00,9.669065147185965658e-01,-3.166630441597784174e-01,-5.851716171274739045e-03,3.086749203830764076e-03,6.690126222004807444e-01,-3.583715304752470021e-01,6.585063734162760474e-03,-3.042237857333785489e-01,2.306003350748728718e-03,-1.181276108023752254e-03,6.687647049497299490e-01,-3.705128074750990708e-01,-2.573573461829957963e-03,3.968917301943065273e-02,-2.352921805237222219e-01,-4.750834341320830934e-01,3.958690505664788639e-01,7.275260663778214676e-01,6.521905811608298409e-01,1.108703941687682049e+00,4.238450278537048144e-01,-3.475964075751640237e-01,-6.120517525595622343e-01,1.383745076771988047e-01,-2.012865402896834022e-01,-1.190869979938903415e-02,7.240785470060083773e-01,1.564829381638621272e-02,-5.688775512544746310e-02,2.372103440263760576e-02
2.490000,0.000000000000000000e+00,0.000000000000000000e+00,7.594907452582464469e-01,2.450036699578529986e-01,0.000000000000000000e+00,0.000000000000000000e+00,9.695221512204780234e-01,-3.170801924343173983e-01,-7.069124158033044530e-03,3.733357430781086232e-03,6.689747257785207957e-01,-3.579148567981883522e-01,7.972787610684184054e-03,-3.030261482235258597e-01,3.072261710422527405e-03,-1.568626673417212883e-03,6.686900699359094036e-01,-3.716472920831350724e-01,-3.436279442334121137e-03,2.674528850574151712e-02,-2.406765354117146594e-01,-4.774289201851947273e-01,3.880217031411571926e-01,7.368827970475718692e-01,6.526290398149926508e-01,1.141640945335861801e+00,4.276668058658422700e-01,-3.632321805223295841e-01,-5.949724705111426593e-01,1.309702332328586682e-01,-2.027735731217048809e-01,-1.351336738996627811e-02,7.361181926656935604e-01,1.682558440608494105e-02,-6.128085947547064205e-02,2.645605086083753152e-02
2.500000,0.000000000000000000e+00,0.000000000000000000e+00,7.594907452582463359e-01,2.348496050979800298e-01,0.000000000000000000e+00,0.000000000000000000e+00,9.720317191251131028e-01,-3.173211721928508866e-01,-8.104637326817255155e-03,4.283030599259463403e-03,6.689342329134987386e-01,-3.576345788413145543e-01,9.148839179499308402e-03,-3.020961646536061695e-01,3.782755758724211555e-03,-1.926706370433875232e-03,6.686244104710705738e-01,-3.725175268704785103e-01,-4.233158618253548069e-03,1.591453961356659522e-02,-2.451470190291801243e-01,-4.793477597574651861e-01,3.807301420260961744e-01,7.449072660069863128e-01,6.526387948958100038e-01,1.170898509136707677e+00,4.312589600107322174e-01,-3.772997407870853914e-01,-5.799689463657542454e-01,1.249795508008337691e-01,-2.040151834946762055e-01,-1.481413568992671209e-02,7.460192880143756700e-01,1.774360414201445191e-02,-6.504864014739047962e-02,2.869019021110582462e-02
2.510000,0.000000000000000000e+00,0.000000000000000000e+00,7.594907452582463359e-01,2.246698469951570187e-01,0.000000000000000000e+00,0.000000000000000000e+00,9.744349438783344031e-01,-3.174637070999241084e-01,-9.129021802049632622e-03,4.826165689790912205e-03,6.688882136999085848e-01,-3.574490730751543333e-01,1.030884207032691131e-02,-3.012516468372776202e-01,4.535220648951068627e-03,-2.305049006208057492e-03,6.685580609193124690e-01,-3.732989171987754484e-01,-5.074878428178456781e-03,5.372880044000712813e-03,-2.496216535246144896e-01,-4.811676795739437407e-01,3.742179166764027509e-01,7.519634480035009005e-01,6.526471365834054517e-01,1.197166249233825752e+00,4.347122830429424600e-01,-3.897204829338803966e-01,-5.654204374674933753e-01,1.197533731742365520e-01,-2.052128210129162966e-01,-1.606335563553384915e-02,7.545692790167727315e-01,1.868908738471313294e-02,-6.818600855193192312e-02,3.081294613604692798e-02
2.520000,0.000000000000000000e+00,0.000000000000000000e+00,7.594907452582463359e-01,2.144655093450954786e-01,0.000000000000000000e+00,0.000000000000000000e+00,9.767315625602300821e-01,-3.175162387708763134e-01,-1.015339499936121666e-02,5.368473334666361806e-03,6.688359141106425820e-01,-3.573480947873324820e-01,1.146795854753136085e-02,-3.004771934639848818e-01,5.334099341619184462e-03,-2.705817336833570702e-03,6.684889234001174518e-01,-3.740073580112130980e-01,-5.967893313194630976e-03,-5.116520120071514632e-03,-2.541515331982413528e-01,-4.829467507187681363e-01,3.685172644849165069e-01,7.581483255356169515e-01,6.527423995001004897e-01,1.220815012403764221e+00,4.379925961802056955e-01,-4.007138689620757255e-01,-5.511160907897677541e-01,1.150367556029578131e-01,-2.063822246010835193e-01,-1.726677756049654205e-02,7.621878359991700602e-01,1.965997375008425932e-02,-7.085719121897726680e-02,3.289806603710383054e-02
2.530000,0.000000000000000000e+00,0.000000000000000000e+00,7.594907452582464469e-01,2.042377085325836339e-01,0.000000000000000000e+00,0.000000000000000000e+00,9.789213239139085143e-01,-3.174736650035660523e-01,-1.128035554824289091e-02,5.964167368720099845e-03,6.687628041383865130e-01,-3.573227785327047212e-01,1.275994446204594887e-02,-2.996948506491668995e-01,6.262917033774296517e-03,-3.170253631382674922e-03,6.683987966420654736e-01,-3.747138730323836264e-01,-7.019579511006544988e-03,-1.706480208040848934e-02,-2.581126109258422008e-01,-4.848916884289250495e-01,3.392792108988814670e-01,7.817423964583548601e-01,6.477151910219490771e-01,1.310829229245590977e+00,4.523741164557332772e-01,-4.479953489420410162e-01,-5.207584646064052913e-01,1.077568911774492988e-01,-2.079004999454958647e-01,-1.839702293124569760e-02,7.746319610392256028e-01,2.003414723955685220e-02,-7.643159509844871247e-02,3.518840230990224333e-02
2.540000,0.000000000000000000e+00,0.000000000000000000e+00,7.594907452582463359e-01,1.939875635093467332e-01,0.000000000000000000e+00,0.000000000000000000e+00,9.810039883729867460e-01,-3.173884190230338853e-01,-1.198074362968305426e-02,6.332769646963422316e-03,6.687274626716152026e-01,-3.573747282861003405e-01,1.352923980683668967e-02,-2.992689774946133419e-01,6.872957425124652346e-03,-3.476069466201918683e-03,6.683593143104372691e-01,-3.750903243242100782e-01,-7.682873837503849911e-03,-2.377532981863627118e-02,-2.615146722339294350e-01,-4.858720922345728943e-01,3.385653304936421248e-01,7.828406924137503164e-01,6.482600472466506503e-01,1.315947172723170633e+00,4.533951219073702466e-01,-4.492371734901519087e-01,-5.131813737662603847e-01,1.066756035818671733e-01,-2.087112766332301639e-01,-1.927196598417618700e-02,7.757856760817251063e-01,2.093488829988602098e-02,-7.615652811777952336e-02,3.622420098225178492e-02
2.550000,0.000000000000000000e+00,0.000000000000000000e+00,7.594907452582463359e-01,1.837161956716354128e-01,0.000000000000000000e+00,0.000000000000000000e+00,9.829793280877993089e-01,-3.171317134968564821e-01,-1.328761331137654801e-02,7.019545381648447518e-03,6.686262735903507615e-01,-3.575411974735063780e-01,1.502770058534900859e-02,-2.985226711435164382e-01,8.055630054935824375e-03,-4.065833687727311331e-03,6.682467392788676852e-01,-3.757404446724978420e-01,-9.023514923420749428e-03,-3.774067751609562482e-02,-2.674759687943641939e-01,-4.881306347551773173e-01,3.109570974766250329e-01,8.031869249049552462e-01,6.605888551114272866e-01,1.397190752726640506e+00,4.856642389693817119e-01,-4.911571462815806366e-01,-4.819374842150035421e-01,1.010392195372989688e-01,-2.101201274966012778e-01,-2.061689292238369151e-02,7.847915945683050509e-01,2.215406040858020065e-02,-7.924494437889827159e-02,3.911641926976170552e-02
2.560000,0.000000000000000000e+00,0.000000000000000000e+00,7.594907452582462248e-01,1.734247287375370594e-01,0.000000000000000000e+00,0.000000000000000000e+00,9.848471269503260572e-01,-3.168396688409163553e-01,-1.426475800922999589e-02,7.530368756873145712e-03,6.685505280818708762e-01,-3.577645698495382498e-01,1.613027985923251931e-02,-2.980500462705130693e-01,8.992061793563658340e-03,-4.533119757997225267e-03,6.681680507425282745e-01,-3.761383856907370427e-01,-1.007004449773987211e-02,-4.828154934509187868e-02,-2.722596197265416129e-01,-4.898444443836242335e-01,3.123664681678229305e-01,8.007109535677590095e-01,6.826496259112211362e-01,1.397447139243911174e+00,5.056121211569524210e-01,-4.905277308530184288e-01,-4.732410317251284915e-01,9.773503098655243748e-02,-2.111060875732837794e-01,-2.161968516829972445e-02,7.899585325897089394e-01,2.317550807506964239e-02,-8.072818663120533145e-02,4.115391890329346547e-02
2.570000,0.000000000000000000e+00,0.000000000000000000e+00,7.594907452582463359e-01,1.631142886240418699e-01,0.000000000000000000e+00,0.000000000000000000e+00,9.866071806178347003e-01,-3.164709572223413092e-01,-1.521793389711764352e-02,8.026319179423471381e-03,6.684704462917052670e-01,-3.580605625732152797e-01,1.720471849572291836e-02,-2.976545638893853818e-01,9.947788695394766886e-03,-5.009969537491183907e-03,6.680881567854121128e-01,-3.764585122128105144e-01,-1.113810875965726838e-02,-5.876973257444095128e-02,-2.769421763016233218e-01,-4.914947581012818478e-01,3.139331701033355460e-01,7.977900261770640711e-01,7.047813779483399488e-01,1.397056867759692400e+00,5.255004532047514720e-01,-4.897199553537127104e-01,-4.645648244062671184e-01,9.491072071883277506e-02,-2.121089959516406220e-01,-2.254079340879174345e-02,7.940800278897095499e-01,2.414946375265444173e-02,-8.166194227574052888e-02,4.307585876495249877e-02
2.580000,0.000000000000000000e+00,0.000000000000000000e+00,7.594907452582463359e-01,1.527860033238595816e-01,0.000000000000000000e+00,0.000000000000000000e+00,9.882592965352370307e-01,-3.160289642086761552e-01,-1.614263291589141877e-02,8.504847778487511709e-03,6.683865486027172897e-01,-3.584262316163447371e-01,1.824584199610423951e-02,-2.973368985047468160e-01,1.091725333923511745e-02,-5.493842843730796684e-03,6.680075001006386959e-01,-3.767005908062424635e-01,-1.222160098127823488e-02,-6.920452193487933168e-02,-2.815303767802596058e-01,-4.930800934161673199e-01,3.154221293626476852e-01,7.946487962593969945e-01,7.267826129678082170e-01,1.396690202407715020e+00,5.453187962055571214e-01,-4.890824898989105107e-01,-4.557386494907145758e-01,9.255509350785459666e-02,-2.131241287480515612e-01,-2.338276206238879343e-02,7.971851640632789948e-01,2.507956183400414027e-02,-8.206454625169698480e-02,4.488204250235117848e-02
2.590000,0.000000000000000000e+00,0.000000000000000000e+00,7.594907452582463359e-01,1.424410027820187108e-01,0.000000000000000000e+00,0.000000000000000000e+00,9.898032939561541843e-01,-3.155173422384996984e-01,-1.703453801441747253e-02,8.963554469715025869e-03,6.682993793136378091e-01,-3.588583844371345255e-01,1.924871482700154721e-02,-2.970973674984292434e-01,1.189492700078500879e-02,-5.982229746508832546e-03,6.679265357593403563e-01,-3.768647478795940642e-01,-1.331445354661323598e-02,-7.958757497464405417e-02,-2.860294741503981997e-01,-4.946004975731670417e-01,3.168481600374930540e-01,7.913135955681049882e-01,7.485563977887251808e-01,1.396352467073372461e+00,5.649583916702695108e-01,-4.886164474362156840e-01,-4.467643354096162978e-01,9.065224441713158610e-02,-2.141466828741825368e-01,-2.414722897466133750e-02,7.993110443343243166e-01,2.596780473436904532e-02,-8.195735159165909445e-02,4.657294276043520698e-02
2.600000,0.000000000000000000e+00,0.000000000000000000e+00,7.594907452582463359e-01,1.320804187722428302e-01,0.000000000000000000e+00,0.000000000000000000e+00,9.912390039626916005e-01,-3.149399984407465491e-01,-1.788953119363834512e-02,9.400195367951435024e-03,6.682095049848085777e-01,-3.593535919498390130e-01,2.020865093290964351e-02,-2.969359345329292132e-01,1.287532743017340969e-02,-6.472652124087382476e-03,6.678457302925067118e-01,-3.769514652384132192e-01,-1.441065463032190422e-02,-8.992058711677895777e-02,-2.904445979149913315e-01,-4.960560952162424431e-01,3.182268620286047289e-01,7.878073743438113175e-01,7.700195182590745535e-01,1.396043632922911337e+00,5.843229800089391190e-01,-4.883193603994855914e-01,-4.376463489121221739e-01,8.918434922729685799e-02,-2.151719491690524955e-01,-2.483621137565289461e-02,8.004997653145298209e-01,2.681585216031056804e-02,-8.136473807976611627e-02,4.814931611309691828e-02
2.610000,0.000000000000000000e+00,0.000000000000000000e+00,7.594907452582463359e-01,1.217053847731349864e-01,0.000000000000000000e+00,0.000000000000000000e+00,9.925662694839186839e-01,-3.143010819716933191e-01,-1.870370153549967551e-02,9.812689184423906141e-03,6.681175124547423794e-01,-3.599082006995531491e-01,2.112122372472565596e-02,-2.968522136050369409e-01,1.385303642773778876e-02,-6.962665119661501888e-03,6.677655604208042606e-01,-3.769615748086341256e-01,-1.550426466037443593e-02,-1.002052640361544705e-01,-2.947807448510498807e-01,-4.974470650826436358e-01,3.195726869795778580e-01,7.841512070050853378e-01,7.911013122294829891e-01,1.395763094751357736e+00,6.033292101638680904e-01,-4.881878030113667166e-01,-4.283904997056148800e-01,8.813194115164056652e-02,-2.161953221879041320e-01,-2.545205281940051550e-02,8.007977587549119924e-01,2.762503917348590327e-02,-8.031374050375676699e-02,4.961217153763225474e-02
2.620000,0.000000000000000000e+00,0.000000000000000000e+00,7.594907452582463359e-01,1.113170358441675500e-01,0.000000000000000000e+00,0.000000000000000000e+00,9.937849453130532806e-01,-3.136049708799532598e-01,-1.947335320925717289e-02,1.019912259316969015e-02,6.680240065540972161e-01,-3.605183452315398052e-01,2.198227553433669199e-02,-2.968454737450780812e-01,1.482271714683506235e-02,-7.449858579952858481e-03,6.676865114549137559e-01,-3.768962525493996796e-01,-1.658943253048665925e-02,-1.104433105334460541e-01,-2.990427608381301394e-01,-4.987736279909905646e-01,3.208987600670591411e-01,7.803644185230126373e-01,8.117429543017675719e-01,1.395509810334357503e+00,6.219060660563121568e-01,-4.882176034874108339e-01,-4.190038494795355062e-01,8.747420083633705712e-02,-2.172123057532259760e-01,-2.599735514791486415e-02,8.002550751746715374e-01,2.839638992368080997e-02,-7.883362965850823634e-02,5.096273782368183208e-02
2.630000,0.000000000000000000e+00,0.000000000000000000e+00,7.594907452582464469e-01,1.009165085015080732e-01,0.000000000000000000e+00,0.000000000000000000e+00,9.948948981233469713e-01,-3.128562585102592775e-01,-2.019501344177893412e-02,1.055775456172509952e-02,6.679296075431602198e-01,-3.611799606440969090e-01,2.278792652638758978e-02,-2.969146443547190373e-01,1.577913105487832243e-02,-7.931858554708770201e-03,6.676090753890924212e-01,-3.767570115787218232e-01,-1.766041152905994602e-02,-1.206364195196320405e-01,-3.032353239552336710e-01,-5.000360357035827930e-01,3.222167553520082772e-01,7.764647253463001775e-01,8.318966043431855750e-01,1.395282406978239020e+00,6.399941265784123701e-01,-4.884040164693007613e-01,-4.094946021415767357e-01,8.718926447402405855e-02,-2.182185158956942428e-01,-2.647490806837348234e-02,7.989246244794149243e-01,2.913063525531378248e-02,-7.695546784420068120e-02,5.220242845262024201e-02
2.640000,0.000000000000000000e+00,0.000000000000000000e+00,7.594907452582462248e-01,9.050494059367690525e-02,0.000000000000000000e+00,0.000000000000000000e+00,9.958960064826724023e-01,-3.120597394574874950e-01,-2.086544043275074395e-02,1.088701965125093638e-02,6.678349482984420327e-01,-3.618887953137390201e-01,2.353458305932927541e-02,-2.970583211740821516e-01,1.671715448667940307e-02,-8.406328931817114158e-03,6.675337487111173695e-01,-3.765456945369273778e-01,-1.871157495251379518e-02,-1.307862610918177348e-01,-3.073629287172250923e-01,-5.012345604614426575e-01,3.235368137471956729e-01,7.724683887601978549e-01,8.515244634048877437e-01,1.395079278402294509e+00,6.575447095994318980e-01,-4.887418661360232730e-01,-3.998719760140999613e-01,8.725453733926188948e-02,-2.192096818517117185e-01,-2.688761910366839480e-02,7.968614039723120879e-01,2.982823295491845300e-02,-7.471165676093763364e-02,5.333280481272317797e-02
2.650000,0.000000000000000000e+00,0.000000000000000000e+00,7.594907452582463359e-01,8.008347117706604568e-02,0.000000000000000000e+00,0.000000000000000000e+00,9.967881608668072158e-01,-3.112203950832114208e-01,-2.148163119026392370e-02,1.118553030118621568e-02,6.677406712734178518e-01,-3.626404237813307119e-01,2.421894548868783539e-02,-2.972747728665352529e-01,1.763179472747352164e-02,-8.870973277837401402e-03,6.674610299516110512e-01,-3.762644652139575108e-01,-1.973743137231920991e-02,-1.408944717796108692e-01,-3.114298713002454644e-01,-5.023694850715605398e-01,3.248675001076636870e-01,7.683903714875383040e-01,8.705977799606610112e-01,1.394898669505342248e+00,6.745189430767969396e-01,-4.892256592061730025e-01,-3.901460656829667806e-01,8.764700097531341605e-02,-2.201816457557469187e-01,-2.723844634726976799e-02,7.941217418681091322e-01,3.048938937997181658e-02,-7.213549427776955181e-02,5.435553865300034315e-02
2.660000,0.000000000000000000e+00,0.000000000000000000e+00,7.594907452582463359e-01,6.965324039132106404e-02,0.000000000000000000e+00,0.000000000000000000e+00,9.975712636714175741e-01,-3.103433786081548074e-01,-2.204082925716202568e-02,1.145207812321532778e-02,6.676474252579477353e-01,-3.634302597878049657e-01,2.483801540620721518e-02,-2.975619482075813060e-01,1.851820556671617338e-02,-9.323536947993982249e-03,6.673914169962007481e-01,-3.759157994679219184e-01,-2.073263952669791160e-02,-1.509626440407538794e-01,-3.154402356472501556e-01,-5.034410934459295772e-01,3.262157944407879095e-01,7.642444901232445797e-01,8.890958432754801910e-01,1.394738747865870598e+00,6.908868014832977300e-01,-4.898496690418499000e-01,-3.803277001575716687e-01,8.834350397760626361e-02,-2.211303616013133300e-01,-2.753033604599941508e-02,7.907625803630230488e-01,3.111408132881321106e-02,-6.926075417292233694e-02,5.527237464389567895e-02
2.670000,0.000000000000000000e+00,0.000000000000000000e+00,7.594907452582462248e-01,5.921538933460810533e-02,0.000000000000000000e+00,0.000000000000000000e+00,9.982452292227350643e-01,-3.094339997950936727e-01,-2.254053229381618520e-02,1.168563423860721068e-02,6.675558619602248722e-01,-3.642535694480941166e-01,2.538910230906458315e-02,-2.979174838620954890e-01,1.937170226778991283e-02,-9.761809523210063580e-03,6.673254041836697015e-01,-3.755024754631282602e-01,-2.169202280979202341e-02,-1.609923160834718370e-01,-3.193978803834659486e-01,-5.044496615122195937e-01,3.275871114427245656e-01,7.600435578959844340e-01,9.070049938496547171e-01,1.394597661926136212e+00,7.066261397618727180e-01,-4.906079934989585611e-01,-3.704283027031184394e-01,8.932102846410633346e-02,-2.220518939509233958e-01,-2.776616654648227447e-02,7.868408172104298659e-01,3.170207719411829994e-02,-6.612129994743727590e-02,5.608509382988795949e-02
2.680000,0.000000000000000000e+00,0.000000000000000000e+00,7.594907452582463359e-01,4.877105993877249579e-02,0.000000000000000000e+00,0.000000000000000000e+00,9.988099837869306441e-01,-3.084977092381228081e-01,-2.297849947870983858e-02,1.188534870188740454e-02,6.674666324344599166e-01,-3.651054845519879910e-01,2.586982969376021985e-02,-2.983387127323497978e-01,2.018777590317061277e-02,-1.018362762459958798e-02,6.672634792133917969e-01,-3.750275632567226514e-01,-2.261058333312089899e-02,-1.709849620909882351e-01,-3.233064265051651676e-01,-5.053954484358612609e-01,3.289853423928038034e-01,7.557995140440327830e-01,9.243176739775630368e-01,1.394473586590950553e+00,7.217217506154550710e-01,-4.914945900302747916e-01,-3.604597563602243149e-01,9.055692663654361929e-02,-2.229424167662880651e-01,-2.794869962858715154e-02,7.824127192295617927e-01,3.225295665971684989e-02,-6.275074057392697469e-02,5.679547864153393355e-02
2.690000,0.000000000000000000e+00,0.000000000000000000e+00,7.594907452582463359e-01,3.832139484441057786e-02,0.000000000000000000e+00,0.000000000000000000e+00,9.992654655781809669e-01,-3.075400822756951813e-01,-2.335275868440731678e-02,1.205054906215556956e-02,6.673803833767801841e-01,-3.659810159807243002e-01,2.627814056952156030e-02,-2.988226728574053248e-01,2.096210700928293966e-02,-1.058687814810837548e-02,6.672061198850890440e-01,-3.744944137636522230e-01,-2.348351553625701096e-02,-1.809419829206692087e-01,-3.271692458329912290e-01,-5.062786881125167504e-01,3.304129137097728819e-01,7.515235376595438277e-01,9.410315350083192643e-01,1.394364757468611771e+00,7.361644646946770010e-01,-4.925032919339777937e-01,-3.504342779013970843e-01,9.202912409242991476e-02,-2.237982126177475162e-01,-2.808053975991533016e-02,7.775334157802934465e-01,3.276612842610706483e-02,-5.918213287763245123e-02,5.740527999798661352e-02
2.700000,0.000000000000000000e+00,0.000000000000000000e+00,7.594907452582463359e-01,2.786753727585840335e-02,0.000000000000000000e+00,0.000000000000000000e+00,9.996116247654278641e-01,-3.065668025463734181e-01,-2.366161338317546853e-02,1.218073812115183854e-02,6.672977533109415438e-01,-3.668750672281562708e-01,2.661230238615383895e-02,-2.993661168427351194e-01,2.169057852022956284e-02,-1.096950195377026718e-02,6.671537906936433338e-01,-3.739066471300498962e-01,-2.430621932584627748e-02,-1.908646973460702556e-01,-3.309894502429367447e-01,-5.070995809080787176e-01,3.318708570365858646e-01,7.472261451377034680e-01,9.571486122090571147e-01,1.394269495245646473e+00,7.499503075426751098e-01,-4.936278096639165058e-01,-3.403643018687230737e-01,9.371628857572728011e-02,-2.246156724264094795e-01,-2.816410137443706857e-02,7.722564753842980911e-01,3.324084566259964679e-02,-5.544773240054335500e-02,5.791618688912987534e-02
2.710000,0.000000000000000000e+00,0.000000000000000000e+00,7.594907452582463359e-01,1.741063091612222308e-02,0.000000000000000000e+00,0.000000000000000000e+00,9.998484234778302060e-01,-3.055836452079379040e-01,-2.390364923376320921e-02,1.227559095429106573e-02,6.672193686846533689e-01,-3.677824480154280873e-01,2.687091137122232798e-02,-2.999655217973591359e-01,2.236928794474189741e-02,-1.132949803543451157e-02,6.671069393013369098e-01,-3.732681405453913137e-01,-2.507431272431850586e-02,-2.007543339046751751e-01,-3.347698817044523212e-01,-5.078582856404130208e-01,3.333588864409614549e-01,7.429172713521055016e-01,9.726745733611874556e-01,1.394186221773891399e+00,7.630797222139581448e-01,-4.948617208882997720e-01,-3.302623754311234117e-01,9.559796454575314462e-02,-2.253912958006994705e-01,-2.820158392688289911e-02,7.666335646243265245e-01,3.367621906914430169e-02,-5.157879222512692236e-02,5.832979869067900919e-02
2.720000,0.000000000000000000e+00,0.000000000000000000e+00,7.594907452582463359e-01,6.951819781753972895e-03,0.000000000000000000e+00,0.000000000000000000e+00,9.999758358089069210e-01,-3.045964598421176395e-01,-2.407774029861964663e-02,1.233495126731270347e-02,6.671458398962248904e-01,-3.686978879880278281e-01,2.705289627128588253e-02,-3.006170997543331502e-01,2.299455875606845612e-02,-1.166492818787831856e-02,6.670659929094473473e-01,-3.725830155238081254e-01,-2.578364401184310428e-02,-2.106120234074740638e-01,-3.385131031666366863e-01,-5.085549118129998325e-01,3.348754790947152671e-01,7.386063353835251588e-01,9.876180433972991946e-01,1.394113469409913764e+00,7.755568623936393013e-01,-4.961984525966961490e-01,-3.201410641001996571e-01,9.765467525054760678e-02,-2.261216919549229876e-01,-2.819495421072471669e-02,7.607141853286121247e-01,3.407122758054909051e-02,-4.760540740203051541e-02,5.864760034375654518e-02
2.730000,0.000000000000000000e+00,0.000000000000000000e+00,7.594907452582463359e-01,3.507751902304765117e-03,0.000000000000000000e+00,-0.000000000000000000e+00,-9.999938478193712843e-01,-3.036111530689614146e-01,-2.418305483919756804e-02,1.235882716678271369e-02,6.670777572702371039e-01,-3.696160504840177996e-01,2.715752149163162127e-02,-3.013168085489807968e-01,2.356295097000155395e-02,-1.197392217911572021e-02,6.670313545502983832e-01,-3.718556246846659863e-01,-2.643030334723456970e-02,-2.204387921587338539e-01,-3.422213903408193869e-01,-5.091895121255141099e-01,3.364179565533171323e-01,7.343022920928541364e-01,1.001990004460398875e+00,1.394049885027614843e+00,7.873889576007060409e-01,-4.976312580880244418e-01,-3.100128678378341607e-01,9.986799491228368075e-02,-2.268035811422959847e-01,-2.814593524950829637e-02,7.545454838483720561e-01,3.442472685776791497e-02,-4.355640133674471004e-02,5.887094042733783533e-02
2.740000,0.000000000000000000e+00,0.000000000000000000e+00,7.594907452582464469e-01,1.396693982790809391e-02,0.000000000000000000e+00,-0.000000000000000000e+00,-9.999024575386559199e-01,-3.026336708965349787e-01,-2.421906063591127214e-02,1.234738642747753960e-02,6.670156869997686533e-01,-3.705315463620609817e-01,2.718438962862281330e-02,-3.020603631281711388e-01,2.407127089186653773e-02,-1.225468342646219254e-02,6.670033993203470235e-01,-3.710905380622736005e-01,-2.701063385557528687e-02,-2.302355559255510609e-01,-3.458967244317872614e-01,-5.097620753001894656e-01,3.379825644520872974e-01,7.300136710946489860e-01,1.015803268638343138e+00,1.393994229960637599e+00,7.985857495995304367e-01,-4.991531911817872480e-01,-2.998901467510187158e-01,1.022205942020869424e-01,-2.274337964980121807e-01,-2.805600096984036534e-02,7.481721248824265702e-01,3.473545578708007314e-02,-3.945924969609621025e-02,5.900101206942268833e-02
2.750000,0.000000000000000000e+00,0.000000000000000000e+00,7.594907452582463359e-01,2.442459972889212891e-02,0.000000000000000000e+00,-0.000000000000000000e+00,-9.997016749651285172e-01,-3.016699808332842792e-01,-2.418552977883103167e-02,1.230095134353163810e-02,6.669601670714364605e-01,-3.714389478775621534e-01,2.713344338838201072e-02,-3.028432472627987093e-01,2.451658001896975247e-02,-1.250549516567778241e-02,6.669824705738536252e-01,-3.702925289739723014e-01,-2.752124217225321995e-02,-2.400031146872140808e-01,-3.495407858711748195e-01,-5.102725192756430994e-01,3.395645490419230139e-01,7.257486048008144897e-01,1.029072019171722641e+00,1.393945376948456216e+00,8.091589973685068271e-01,-5.007570795202463954e-01,-2.897850553696585396e-01,1.046962624542661924e-01,-2.280092861672020910e-01,-2.792637582650349046e-02,7.416362216632826909e-01,3.500204125295915819e-02,-3.534003701948728454e-02,5.903883658048788424e-02
2.760000,0.000000000000000000e+00,0.000000000000000000e+00,7.594907452582463359e-01,3.487958750626551224e-02,0.000000000000000000e+00,-0.000000000000000000e+00,-9.993915220649977060e-01,-3.007260537919437815e-01,-2.408254287528556470e-02,1.221999325314554290e-02,6.669117031880875679e-01,-3.723328025947904574e-01,2.700496688513576507e-02,-3.036607256346763317e-01,2.489620309071519794e-02,-1.272472709334664109e-02,6.669688760955992946e-01,-3.694665594751164739e-01,-2.795900843488573206e-02,-2.497421481842062863e-01,-3.531549491056296119e-01,-5.107206848315924974e-01,3.411582294958605543e-01,7.215148472055716855e-01,1.041811415025598375e+00,1.393902304977046258e+00,8.191220467706417097e-01,-5.024354983945844566e-01,-2.797094844107683720e-01,1.072799101080876977e-01,-2.285271155853709768e-01,-2.775803856156946331e-02,7.349773142426755390e-01,3.522300147006661442e-02,-3.122344117334460017e-02,5.898524964886225908e-02
2.770000,0.000000000000000000e+00,0.000000000000000000e+00,7.594907452582463359e-01,4.533075935337445989e-02,0.000000000000000000e+00,-0.000000000000000000e+00,-9.989720327699102009e-01,-2.998078458154674331e-01,-2.391049262119296706e-02,1.210512682856300544e-02,6.668707647027698471e-01,-3.732076473224406055e-01,2.679958631216175502e-02,-3.045078562684506718e-01,2.520773528430254526e-02,-1.291084245366948789e-02,6.669628842702669536e-01,-3.686177654287784988e-01,-2.832109571619188804e-02,-2.594532122760634940e-01,-3.567402784898167645e-01,-5.111063297186072552e-01,3.427570653293990355e-01,7.173197850081969307e-01,1.054037253233861549e+00,1.393864092733406501e+00,8.284894603252758172e-01,-5.041807461461598194e-01,-2.696750089195961708e-01,1.099575547314695784e-01,-2.289844697819884978e-01,-2.755172932602394792e-02,7.282323879503109776e-01,3.539674816029300675e-02,-2.713274098151475036e-02,5.884088990949024739e-02
2.780000,0.000000000000000000e+00,0.000000000000000000e+00,7.594907452582463359e-01,5.577697188103793863e-02,0.000000000000000000e+00,-0.000000000000000000e+00,-9.984432529732383266e-01,-2.989212796566811936e-01,-2.367008668415822650e-02,1.195710422390069798e-02,6.668377805757702559e-01,-3.740580220592489291e-01,2.651826997795805885e-02,-3.053795032783747643e-01,2.544904855957729611e-02,-1.306240553211731985e-02,6.669647202644291006e-01,-3.677514412168306768e-01,-2.860495889225884297e-02,-2.691367361064661012e-01,-3.602975253305105152e-01,-5.114291233765941858e-01,3.443537185998348238e-01,7.131704425474176823e-01,1.065765683262661856e+00,1.393829911239402364e+00,8.372767020886662248e-01,-5.059848218689959598e-01,-2.596928417208900219e-01,1.127162937312774643e-01,-2.293786555885375944e-01,-2.730795946211617142e-02,7.214359247122642538e-01,3.552158784784478773e-02,-2.308984271997532173e-02,5.860618968211796925e-02
2.790000,0.000000000000000000e+00,0.000000000000000000e+00,7.594907452582463359e-01,6.621708224264161169e-02,0.000000000000000000e+00,-0.000000000000000000e+00,-9.978052405250591450e-01,-2.980722262447167425e-01,-2.336234984812166765e-02,1.177680917322589810e-02,6.668131353651717275e-01,-3.748784839356382181e-01,2.616232770001333460e-02,-3.062703498995883455e-01,2.561829716217878250e-02,-1.317808951002287163e-02,6.669745622361300530e-01,-3.668730241182381890e-01,-2.880835294181951015e-02,-2.787930200630784339e-01,-3.638271261232438603e-01,-5.116886423340194501e-01,3.459401107940548448e-01,7.090734818722799204e-01,1.077012967706041158e+00,1.393799016097094778e+00,8.454998725228562995e-01,-5.078394058707527137e-01,-2.497737911923958443e-01,1.155442665368671684e-01,-2.297071036478499084e-01,-2.702702332718448855e-02,7.146199806901901708e-01,3.559572252392501079e-02,-1.911532161402879765e-02,5.828136766920994499e-02
2.800000,0.000000000000000000e+00,0.000000000000000000e+00,7.594907452582463359e-01,7.664994825916372767e-02,0.000000000000000000e+00,-0.000000000000000000e+00,-9.970580652258259624e-01,-2.972664860723469027e-01,-2.298862537161461272e-02,1.156525113000296881e-02,6.667971652596511589e-01,-3.756636211364095534e-01,2.573340954844203707e-02,-3.071749117731811252e-01,2.571392229957933026e-02,-1.325668462623156608e-02,6.669925375851818439e-01,-3.659880783790678827e-01,-2.892934067309671509e-02,-2.884222345089705319e-01,-3.673292020175490946e-01,-5.118843663868736238e-01,3.475074744926820447e-01,7.050351991146079911e-01,1.087795283849055217e+00,1.393770739665106007e+00,8.531754882908048065e-01,-5.097358431322623895e-01,-2.399282224728510604e-01,1.184306086936561531e-01,-2.299673701398598225e-01,-2.670901162736840154e-02,7.078142845507129355e-01,3.561724990656425088e-02,-1.522847496820188377e-02,5.786642340533325324e-02
2.810000,0.000000000000000000e+00,0.000000000000000000e+00,7.594907452582463359e-01,8.707442854413739719e-02,0.000000000000000000e+00,-0.000000000000000000e+00,-9.962018088187312159e-01,-2.965097705392369942e-01,-2.255057551444936137e-02,1.132355953665823388e-02,6.667901541604451809e-01,-3.764080667884410758e-01,2.523350393178907039e-02,-3.080875504544645094e-01,2.573465600989900334e-02,-1.329710658447600183e-02,6.670187192560280698e-01,-3.651022789977323435e-01,-2.896629987548633364e-02,-2.980244192521943059e-01,-3.708035595409395202e-01,-5.120156756619147487e-01,3.490464000232752495e-01,7.010615181685485586e-01,1.098128560953560706e+00,1.393744483392171052e+00,8.603203020996323946e-01,-5.116651298341610143e-01,-2.301660213271125577e-01,1.213653999494806596e-01,-2.301571381582859510e-01,-2.635382581670671007e-02,7.010463515294544923e-01,3.558416349357784031e-02,-1.144738405466970942e-02,5.736113325592213236e-02
2.820000,0.000000000000000000e+00,0.000000000000000000e+00,7.594907452582463359e-01,9.748938262851761238e-02,0.000000000000000000e+00,-0.000000000000000000e+00,-9.952365649807639603e-01,-2.958076832869158124e-01,-2.205018119091626747e-02,1.105297830953087118e-02,6.667923298177251823e-01,-3.771065127962673347e-01,2.466493501753019846e-02,-3.090024871139606111e-01,2.567952424846083742e-02,-1.329840513825250939e-02,6.670531221031038571e-01,-3.642213952476686112e-01,-2.891792989384085744e-02,-3.075994837103733781e-01,-3.742496926057256590e-01,-5.120818486727803931e-01,3.505468773978612784e-01,6.971579825300660005e-01,1.108028348495548210e+00,1.393719710457485217e+00,8.669511579748137020e-01,-5.136179028866610929e-01,-2.204965600039113238e-01,1.243396080767147499e-01,-2.302742186918863010e-01,-2.596119319987261545e-02,6.943416092713252663e-01,3.549435257964791979e-02,-7.788982358968609028e-03,5.676504777254553352e-02
2.830000,0.000000000000000000e+00,0.000000000000000000e+00,7.594907452582462248e-01,1.078936710854563746e-01,0.000000000000000000e+00,-0.000000000000000000e+00,-9.941624393124612880e-01,-2.951657015619119084e-01,-2.148974071124551410e-02,1.075486061993083560e-02,6.668038600249132086e-01,-3.777537236072612270e-01,2.403035948022618634e-02,-3.099138164011132068e-01,2.554784922190499533e-02,-1.325977277869550865e-02,6.670956993270568125e-01,-3.633512739585836315e-01,-2.878325762339644517e-02,-3.171472077182673210e-01,-3.776667858166827818e-01,-5.120820614799885817e-01,3.519983338801083717e-01,6.933297460075532603e-01,1.117509710978083159e+00,1.393695938804833778e+00,8.730848776496978880e-01,-5.155844322983231809e-01,-2.109286645320178899e-01,1.273450298594305252e-01,-2.303165511819443012e-01,-2.553068245287835186e-02,6.877235321797738887e-01,3.534560238350703543e-02,-4.269128215962193079e-03,5.607749022254351901e-02
2.840000,0.000000000000000000e+00,0.000000000000000000e+00,7.594907452582463359e-01,1.182861556549544974e-01,0.000000000000000000e+00,-0.000000000000000000e+00,-9.929795493263553485e-01,-2.945891576437603132e-01,-2.087186757721015001e-02,1.043066404637311984e-02,6.668248488723724776e-01,-3.783445498867175072e-01,2.333276257095377032e-02,-3.108155204412249017e-01,2.533925100423840143e-02,-1.318055344535349303e-02,6.671463389881636674e-01,-3.624978225761421591e-01,-2.856164292346526773e-02,-3.266672429183128945e-01,-3.810537190918575345e-01,-5.120153880667207558e-01,3.533896675534594078e-01,6.895815628856269974e-01,1.126587145337754059e+00,1.393672734605660546e+00,8.787381740700453969e-01,-5.175546161456648919e-01,-2.014705830051963520e-01,1.303742303933444480e-01,-2.302822036438903486e-01,-2.506171934435309431e-02,6.812137816776852040e-01,3.513559440914246212e-02,-9.026802557467623065e-04,5.529755612231732065e-02
2.850000,0.000000000000000000e+00,0.000000000000000000e+00,7.594907452582463359e-01,1.286656993683948647e-01,0.000000000000000000e+00,-0.000000000000000000e+00,-9.916880244341169659e-01,-2.940832203750278206e-01,-2.019948730224865874e-02,1.008194616638584395e-02,6.668553330604627405e-01,-3.788739420820334547e-01,2.257545350254452216e-02,-3.117014829370282625e-01,2.505364847344459731e-02,-1.306025117490272093e-02,6.672048606016353078e-01,-3.616669920190095366e-01,-2.825278344792962054e-02,-3.361591146673312824e-01,-3.844090736034757039e-01,-5.118808020414741256e-01,3.547092772702143959e-01,6.859177780077795328e-01,1.135274517339559308e+00,1.393649706141889988e+00,8.839275883232212694e-01,-5.195179778519770641e-01,-1.921299545039223400e-01,1.334204815993627058e-01,-2.301693723550494730e-01,-2.455360250000971842e-02,6.748323503662077005e-01,3.486190714617842801e-02,2.296425584201521736e-03,5.442411361478765447e-02
2.860000,0.000000000000000000e+00,0.000000000000000000e+00,7.594907452582462248e-01,1.390311666729272810e-01,0.000000000000000000e+00,-0.000000000000000000e+00,-9.902880059323977413e-01,-2.936528768303959258e-01,-1.947583323135227903e-02,9.710360648614337065e-03,6.668952782697672443e-01,-3.793369638536585042e-01,2.176206014633389960e-02,-3.125655033471763655e-01,2.469125961116533721e-02,-1.289853859870433196e-02,6.672710118173625915e-01,-3.608647593510280194e-01,-2.785671889032923648e-02,-3.456222243870170074e-01,-3.877311390414547310e-01,-5.116771797763410845e-01,3.559450893585588971e-01,6.823423171388381947e-01,1.143585013705674669e+00,1.393626498058947005e+00,8.886694465935327525e-01,-5.214636654456918929e-01,-1.829137783921222504e-01,1.364777006383782743e-01,-2.299763811222222121e-01,-2.400551910495877378e-02,6.685977085670308240e-01,3.452201719947521619e-02,5.315098436578278608e-03,5.345580454236571050e-02
2.870000,0.000000000000000000e+00,0.000000000000000000e+00,7.594907452582462248e-01,1.493814235557032466e-01,0.000000000000000000e+00,-0.000000000000000000e+00,-9.887796469873717520e-01,-2.934089852907922902e-01,-1.894165262153580526e-02,9.437964778386707596e-03,6.669260656159786693e-01,-3.795991171684480747e-01,2.117927957808700759e-02,-3.131397596029995567e-01,2.438744217646421700e-02,-1.275753138164159584e-02,6.673127959681285359e-01,-3.603447751188825765e-01,-2.753152376287952563e-02,-3.519373405160767243e-01,-3.901995245844913640e-01,-5.116174071088686048e-01,3.569601562890687974e-01,6.799185791651726207e-01,1.145058255523975888e+00,1.392573475771601288e+00,8.876689253858561779e-01,-5.218306292642113098e-01,-1.772152287039703011e-01,1.380094073564570867e-01,-2.297910481151115569e-01,-2.383481848976521170e-02,6.665735959232512720e-01,3.429392353640759589e-02,5.866637929451654597e-03,5.280040321883752025e-02
2.880000,0.000000000000000000e+00,0.000000000000000000e+00,7.594907452582463359e-01,1.597153376679386338e-01,0.000000000000000000e+00,-0.000000000000000000e+00,-9.871631126179788440e-01,-2.931493269602212792e-01,-1.821291278674605496e-02,9.068680131303267708e-03,6.669736698785534434e-01,-3.798965832210595694e-01,2.037379986882566912e-02,-3.138695008157799671e-01,2.393788959097729180e-02,-1.254477395307336193e-02,6.673779841231013421e-01,-3.596841330935781622e-01,-2.704212568211764381e-02,-3.603532894468601255e-01,-3.933109824301708746e-01,-5.114361512933464082e-01,3.584447591196773808e-01,6.766654004024357238e-01,1.147108454935363619e+00,1.391237524172995288e+00,8.861956249548432751e-01,-5.225310302108847615e-01,-1.695918615220548820e-01,1.401453712516595174e-01,-2.294564534398741695e-01,-2.344693598049322689e-02,6.633073031015759291e-01,3.390357885697722895e-02,6.910025613728669643e-03,5.187601114080728215e-02
2.890000,0.000000000000000000e+00,0.000000000000000000e+00,7.594907452582463359e-01,1.700317784487979378e-01,0.000000000000000000e+00,-0.000000000000000000e+00,-9.854385796778706297e-01,-2.929467269865296819e-01,-1.739673468356393166e-02,8.657721507626585031e-03,6.670328028208510895e-01,-3.801515848551366705e-01,1.946639223148308173e-02,-3.146195592744022163e-01,2.339205078118815340e-02,-1.228137621439176139e-02,6.674563832269900798e-01,-3.590093372044114162e-01,-2.644187659047315259e-02,-3.694586535603989752e-01,-3.965458064265641736e-01,-5.111436432718419187e-01,3.600409143940433987e-01,6.731701921314415804e-01,1.149391958578912076e+00,1.389872693073145093e+00,8.845121002286050471e-01,-5.234166791699339516e-01,-1.613779426797530281e-01,1.425881566653313115e-01,-2.290193476940219353e-01,-2.290413325824611213e-02,6.592970373014328533e-01,3.339917691952153794e-02,8.286237272442353516e-03,5.078964015307266266e-02
2.900000,0.000000000000000000e+00,0.000000000000000000e+00,7.594907452582463359e-01,1.803296172490782001e-01,0.000000000000000000e+00,-0.000000000000000000e+00,-9.836062368360628527e-01,-2.928263961867735299e-01,-1.652912218936369859e-02,8.223382214421598099e-03,6.671015657633003748e-01,-3.803357455658946118e-01,1.849976906572581292e-02,-3.153434242039309110e-01,2.276610233999192337e-02,-1.197409006478587952e-02,6.675434596439202561e-01,-3.583653989099284676e-01,-2.574916587792412323e-02,-3.787696892774595758e-01,-3.997617614881993076e-01,-5.107501259222894108e-01,3.615669518256694470e-01,6.696479213718278256e-01,1.151764293461427169e+00,1.388557511817321677e+00,8.827322928309776495e-01,-5.243803300146272495e-01,-1.530427112221144637e-01,1.452292675417978796e-01,-2.284997581285911072e-01,-2.225521410872042388e-02,6.548421625894322862e-01,3.280341176080844162e-02,9.851094509816974570e-03,4.956611870682316179e-02
2.910000,0.000000000000000000e+00,0.000000000000000000e+00,7.594907452582464469e-01,1.906077274546906508e-01,0.000000000000000000e+00,-0.000000000000000000e+00,-9.816662845562937889e-01,-2.927987259705349676e-01,-1.562440088448394972e-02,7.772711761918083169e-03,6.671790598430179520e-01,-3.804369816867664844e-01,1.749132184308187579e-02,-3.160222009350013850e-01,2.206619424901317891e-02,-1.162542725519058115e-02,6.676370896015099143e-01,-3.577708788055706246e-01,-2.497120101393818584e-02,-3.881177673911418990e-01,-4.029233750426466365e-01,-5.102612937397476012e-01,3.629346078225629824e-01,6.661800477687639388e-01,1.154164543965029432e+00,1.387311632852887167e+00,8.809055167985446744e-01,-5.253566636738450368e-01,-1.447533750546755871e-01,1.480139693379194099e-01,-2.279033817846382315e-01,-2.152843663213961298e-02,6.501369456998201679e-01,3.212500762585937530e-02,1.149005120936160557e-02,4.821103712387465878e-02
2.920000,0.000000000000000000e+00,0.000000000000000000e+00,7.594907452582463359e-01,2.008649846099108127e-01,0.000000000000000000e+00,-0.000000000000000000e+00,-9.796189350750935665e-01,-2.928693533078745026e-01,-1.469040224333482449e-02,7.309380046928235473e-03,6.672646347573962800e-01,-3.804486628267783055e-01,1.645035601012368592e-02,-3.166455980552637106e-01,2.129559654541325273e-02,-1.123674296849261692e-02,6.677360318037783848e-01,-3.572357003008100884e-01,-2.411177916215287778e-02,-3.974439815579605129e-01,-4.060233614590080808e-01,-5.096801875232878087e-01,3.641000687562579441e-01,6.627988988151879424e-01,1.156566925680478253e+00,1.386135736266524088e+00,8.790530040550057489e-01,-5.263059631204919375e-01,-1.365713213517397717e-01,1.509044877316758348e-01,-2.272301213506029427e-01,-2.073850012431061041e-02,6.453173155097732261e-01,3.136577167269203464e-02,1.311506852729358089e-02,4.672648148876053925e-02
2.930000,0.000000000000000000e+00,0.000000000000000000e+00,7.594907452582463359e-01,2.111002665404017875e-01,0.000000000000000000e+00,-0.000000000000000000e+00,-9.774644123785639627e-01,-2.930422468896619059e-01,-1.373312885353873865e-02,6.836082539187990532e-03,6.673576611107169265e-01,-3.803660791112720152e-01,1.538371477024401066e-02,-3.172060164738859100e-01,2.045689342772527564e-02,-1.080918478792286010e-02,6.678393141421264945e-01,-3.567669176439923762e-01,-2.317382453611486690e-02,-4.067283987859556249e-01,-4.090605796991066967e-01,-5.090085268982542654e-01,3.650395507513632398e-01,6.595177990882238328e-01,1.158960297961341812e+00,1.385024858031719264e+00,8.771839463962836092e-01,-5.272018982993981195e-01,-1.285203497946126316e-01,1.538707488525720146e-01,-2.264779461059775179e-01,-1.989249532767916467e-02,6.404835311761313266e-01,3.052420478669428880e-02,1.465870499620915493e-02,4.511394295888984662e-02
2.940000,0.000000000000000000e+00,0.000000000000000000e+00,7.594907452582463359e-01,2.213124534759795536e-01,0.000000000000000000e+00,-0.000000000000000000e+00,-9.752029521778747823e-01,-2.933206446434643011e-01,-1.275818328980394580e-02,6.355276378332105208e-03,6.674574559251088557e-01,-3.801852943047298594e-01,1.429760781386994924e-02,-3.176967174670719540e-01,1.955265537784946217e-02,-1.034398773264202064e-02,6.679460008676915139e-01,-3.563705756104205147e-01,-2.216021579422527629e-02,-4.159649979324354097e-01,-4.120343377024983655e-01,-5.082472979181237305e-01,3.657377379597482325e-01,6.563421714205091018e-01,1.161339407340477470e+00,1.383972641938205239e+00,8.753025879451861169e-01,-5.280245015583943102e-01,-1.206104739388431518e-01,1.568880418799981635e-01,-2.256444353346405696e-01,-1.899349570265844445e-02,6.357120813485968025e-01,2.959729692628349645e-02,1.606885233070043731e-02,4.337444467548377119e-02
2.950000,0.000000000000000000e+00,0.000000000000000000e+00,7.594907452582463359e-01,2.315004281731226077e-01,0.000000000000000000e+00,-0.000000000000000000e+00,-9.728348018834754862e-01,-2.937073302358905180e-01,-1.177119961007473334e-02,5.869406620186551175e-03,6.675632541780398554e-01,-3.799027776048590210e-01,1.319820026612177240e-02,-3.181112609660005641e-01,1.858564354675316249e-02,-9.842567497544406699e-03,6.680551059717716456e-01,-3.560523005243321770e-01,-2.107405498377842162e-02,-4.251525554756523939e-01,-4.149432143459507172e-01,-5.073969860662310705e-01,3.661824729029417580e-01,6.532737844661661297e-01,1.163701124251836916e+00,1.382972578518434581e+00,8.734113680432457061e-01,-5.287565279582814304e-01,-1.128462598453131294e-01,1.599361415629273198e-01,-2.247273382144731602e-01,-1.804251175376732699e-02,6.310626449406064875e-01,2.858140245430400295e-02,1.730470111120806231e-02,4.150833639774071521e-02
2.960000,0.000000000000000000e+00,0.000000000000000000e+00,7.594907452582463359e-01,2.416630760371989706e-01,0.000000000000000000e+00,-0.000000000000000000e+00,-9.703602205780279544e-01,-2.942047069250562363e-01,-1.077796672165912996e-02,5.380976957180778203e-03,6.676741954622581465e-01,-3.795152897738158781e-01,1.209179662269872953e-02,-3.184433396783094561e-01,1.755887033007328887e-02,-9.306550656573649855e-03,6.681655605337543102e-01,-3.558174795493770359e-01,-1.991875394640964941e-02,-4.342912710639112994e-01,-4.177850108665439044e-01,-5.064576851640441024e-01,3.663623970923298168e-01,6.503124467294950639e-01,1.166042832328564760e+00,1.382018287513544053e+00,8.715123058337365114e-01,-5.293816786331164703e-01,-1.052297593788779628e-01,1.629986376077462162e-01,-2.237247425917537336e-01,-1.703951347259909099e-02,6.265826029835904754e-01,2.747265368278689959e-02,1.833378562099655801e-02,3.951519762167483851e-02
2.970000,0.000000000000000000e+00,0.000000000000000000e+00,7.594907452582463359e-01,2.517992852444081997e-01,0.000000000000000000e+00,-0.000000000000000000e+00,-9.677794789880622695e-01,-2.948148097944370827e-01,-9.784456044728480004e-03,4.892573189165547697e-03,6.677893162129278082e-01,-3.790198523654702556e-01,1.098489219609279609e-02,-3.186867366184678030e-01,1.647561570206661566e-02,-8.737784537859949463e-03,6.682761994820534124e-01,-3.556713064051554851e-01,-1.869806080847017868e-02,-4.433815232666363793e-01,-4.205569160572117382e-01,-5.054291746785573025e-01,3.662659574217983494e-01,6.474567135105802063e-01,1.168361753573680106e+00,1.381103519004923230e+00,8.696075987210776237e-01,-5.298837712876041106e-01,-9.776154404682153853e-02,1.660622768652844916e-01,-2.226350966183841817e-01,-1.598396054980297243e-02,6.223102029494426146e-01,2.626714659619571596e-02,1.912983347861086508e-02,3.739385015260768275e-02
2.980000,0.000000000000000000e+00,0.000000000000000000e+00,7.594907452582463359e-01,2.619079468634162855e-01,0.000000000000000000e+00,-0.000000000000000000e+00,-9.650928594543584094e-01,-2.955392996427115837e-01,-8.796819035822951369e-03,4.406872503336931209e-03,6.679075441772334143e-01,-3.784137439873306308e-01,9.884180992405232000e-03,-3.188353210882299282e-01,1.533942994385354731e-02,-8.138339926987736214e-03,6.683857551981896572e-01,-3.556187837689698816e-01,-1.741606652790288895e-02,-4.524234361920210223e-01,-4.232556679445295122e-01,-5.043109931463886086e-01,3.658810323727660352e-01,6.447041963517379237e-01,1.170654680893116417e+00,1.380222083536859490e+00,8.676998701796441171e-01,-5.302463691005254720e-01,-9.044106788624778348e-02,1.691163378861837152e-01,-2.214571801119396555e-01,-1.487508110875101174e-02,6.182768976583999931e-01,2.496101774559577810e-02,1.967118593638049820e-02,3.514242525329335648e-02
2.990000,0.000000000000000000e+00,0.000000000000000000e+00,7.594907452582463359e-01,2.719879549766782145e-01,0.000000000000000000e+00,-0.000000000000000000e+00,-9.623006559010569561e-01,-2.963794517562355901e-01,-7.821374855979465121e-03,3.926648614945121331e-03,6.680276938101199491e-01,-3.776945051704231338e-01,8.796549026984717273e-03,-3.188830565817886153e-01,1.415413221556738495e-02,-7.510510634690631404e-03,6.684928534754118745e-01,-3.556647116437311462e-01,-1.607720451799650105e-02,-4.614167581209173696e-01,-4.258776779178062855e-01,-5.031025120711520859e-01,3.651948313109826261e-01,6.420517042133450092e-01,1.172917886078847838e+00,1.379367770501003898e+00,8.657922630297995026e-01,-5.304526226043128068e-01,-8.326679270025919011e-02,1.721520711861528330e-01,-2.201900628738967247e-01,-1.371202372760324702e-02,6.145091312785545545e-01,2.355047206472327820e-02,1.993961974205704646e-02,3.275844703732933710e-02
3.000000,0.000000000000000000e+00,0.000000000000000000e+00,7.594907452582463359e-01,2.820382068014259391e-01,0.000000000000000000e+00,-0.000000000000000000e+00,-9.594031738035038170e-01,-2.973361435891135884e-01,-6.864594498228546865e-03,3.454775774817476445e-03,6.681484620176144640e-01,-3.768599457503565842e-01,7.729062550524580001e-03,-3.188240123229549861e-01,1.292380790637665325e-02,-6.856811144677518212e-03,6.685960102428949448e-01,-3.558136711929114071e-01,-1.468624758630763215e-02,-4.703608577305317673e-01,-4.284191236969084327e-01,-5.018030085997420287e-01,3.641939077992109031e-01,6.394953083937536809e-01,1.175147101098307889e+00,1.378534267544015757e+00,8.638884664610032571e-01,-5.304852056367110880e-01,-7.623622985508582417e-02,1.751622196297022427e-01,-2.188330635120448731e-01,-1.249394582422840190e-02,6.110297312293572203e-01,2.203179099894055776e-02,1.991945465653330652e-02,3.023891291094960715e-02
3.010000,0.000000000000000000e+00,0.000000000000000000e+00,7.594907452582463359e-01,2.920576028103186172e-01,0.000000000000000000e+00,-0.000000000000000000e+00,-9.564007301548290707e-01,-2.984098425738554994e-01,-5.933083377803965650e-03,2.994232485949674047e-03,6.682684239736237375e-01,-3.759081527177099424e-01,6.688954291237670692e-03,-3.186523758371676007e-01,1.165280568945340801e-02,-6.179972685666730581e-03,6.686936284884215098e-01,-3.560700071301791114e-01,-1.324830356774463896e-02,-4.792547605868325289e-01,-4.308760219385053269e-01,-5.004117350022776467e-01,3.628642153238006984e-01,6.370303692787414596e-01,1.177337528003923328e+00,1.377715080743817655e+00,8.619927161564621132e-01,-5.303262891040931848e-01,-6.934595434669275915e-02,1.781406179934800771e-01,-2.173857130440383367e-01,-1.122007002301473634e-02,6.078590086462072328e-01,2.040133498617908298e-02,1.959686762483707836e-02,2.758036346071435913e-02
3.020000,0.000000000000000000e+00,0.000000000000000000e+00,7.594907452582464469e-01,3.020450468517337783e-01,0.000000000000000000e+00,-0.000000000000000000e+00,-9.532936534312677068e-01,-2.996005944391831877e-01,-5.033563059571951985e-03,2.548105101923462019e-03,6.683860288711398479e-01,-3.748374978364003018e-01,5.683608746169336104e-03,-3.183624657425340732e-01,1.034573458778686485e-02,-5.482937805491023067e-03,6.687839951671346039e-01,-3.564378096728471612e-01,-1.176881010117844517e-02,-4.880971951684874854e-01,-4.332442886056500075e-01,-4.989279839900366831e-01,3.611911743146057341e-01,6.346515410838734494e-01,1.179483858413910902e+00,1.376903452324674371e+00,8.601097846025258509e-01,-5.299575263712557049e-01,-6.259161186801073806e-02,1.810818628629151661e-01,-2.158477240204020597e-01,-9.889724398967023392e-03,6.050156393354743090e-01,1.865554671482054852e-02,1.895935880782092381e-02,2.477893994853702653e-02
3.030000,0.000000000000000000e+00,0.000000000000000000e+00,7.594907452582463359e-01,3.119994462696867310e-01,0.000000000000000000e+00,-0.000000000000000000e+00,-9.500822835562238167e-01,-3.009080121584083445e-01,-4.172852390216515682e-03,2.119591268516175537e-03,6.684995955304766646e-01,-3.736466447751418118e-01,4.720546880760742928e-03,-3.179487445021981218e-01,9.007461161273367517e-03,-4.768853447895285945e-03,6.688652780051665969e-01,-3.569208963948096169e-01,-1.025352869774370443e-02,-4.968866367082220292e-01,-4.355197923642883384e-01,-4.973511498052006208e-01,3.591597378960366127e-01,6.323527614728851054e-01,1.181580294979767132e+00,1.376092272323841126e+00,8.582449685399972106e-01,-5.293600381975649416e-01,-5.596792712590102636e-02,1.839810412125894301e-01,-2.142189646308115814e-01,-8.502374689745654732e-03,6.025173784130786192e-01,1.679095790641227381e-02,1.799533042631433835e-02,2.183043007803866370e-02
3.040000,0.000000000000000000e+00,0.000000000000000000e+00,7.594907452582463359e-01,3.219197120233753817e-01,0.000000000000000000e+00,-0.000000000000000000e+00,-9.467669718630804532e-01,-3.023312655765967860e-01,-3.357848180907276221e-03,1.712003099492747944e-03,6.686073078153340621e-01,-3.723345556474389473e-01,3.807410376994354792e-03,-3.174058310553946605e-01,7.643106860545688733e-03,-4.041062514900944577e-03,6.689355221470308921e-01,-3.575227940961303585e-01,-8.708538152425303325e-03,-5.056213450069122484e-01,-4.376984043474980157e-01,-4.956807855363913884e-01,3.567544521874602692e-01,6.301272287746827461e-01,1.183620572354432188e+00,1.375273980691422038e+00,8.564040759456924556e-01,-5.285143915895250677e-01,-4.946871721417740037e-02,1.868335059245969654e-01,-2.124994368678503609e-01,-7.057652684395166603e-03,6.003816492734480592e-01,1.480420066531831953e-02,1.669374977946378250e-02,1.873030359652329280e-02
3.050000,0.000000000000000000e+00,0.000000000000000000e+00,7.594907452582463359e-01,3.318047588063184339e-01,0.000000000000000000e+00,-0.000000000000000000e+00,-9.433480810567650421e-01,-3.038690717418258136e-01,-2.595505552482885517e-03,1.328769951300206621e-03,6.687072098199629000e-01,-3.709004969070561764e-01,2.951945499495507112e-03,-3.167285132995931174e-01,6.258045567822849778e-03,-3.303093898824412903e-03,6.689926466081358436e-01,-3.582467207352484362e-01,-7.140227320618006829e-03,-5.142993956004860978e-01,-4.397760464949035386e-01,-4.939166573189515685e-01,3.539595106600094132e-01,6.279673674785974935e-01,1.185597977404792669e+00,1.374440456234476304e+00,8.545934129084539199e-01,-5.274005697671616533e-01,-4.308691232358075746e-02,1.896346875910686902e-01,-2.106892577677733913e-01,-5.555383047202730983e-03,5.986260385530405292e-01,1.269202369938493037e-02,1.504387488205422008e-02,1.547373947542662539e-02
3.060000,0.000000000000000000e+00,0.000000000000000000e+00,7.594907452582463359e-01,3.416535051650976262e-01,0.000000000000000000e+00,-0.000000000000000000e+00,-9.398259851740654591e-01,-3.055196859578477309e-01,-1.892818048646640857e-03,9.734406494457168270e-04,6.687972007960273357e-01,-3.693440445641762437e-01,2.161986625757021142e-03,-3.159117604131696511e-01,4.857901331735208286e-03,-2.558650975541944522e-03,6.690344404965012926e-01,-3.590955674459255231e-01,-5.555287273163110953e-03,-5.229187049157624223e-01,-4.417487400402345110e-01,-4.920587960859015286e-01,3.507588036135766973e-01,6.258647815296703998e-01,1.187505369354085127e+00,1.373582888501683863e+00,8.528197699006001553e-01,-5.259979315613793061e-01,-3.681458563649667171e-02,1.923799334107889059e-01,-2.087886428082038337e-01,-3.995609836840266146e-03,5.972687220611950787e-01,1.045131344031830639e-02,1.303502613335177918e-02,1.205564629664300155e-02
3.070000,0.000000000000000000e+00,0.000000000000000000e+00,7.594907452582463359e-01,3.514648736176659294e-01,0.000000000000000000e+00,-0.000000000000000000e+00,-9.362010695427120943e-01,-3.072808935712519340e-01,-1.256797624265369251e-03,6.496850128225809939e-04,6.688750297896026709e-01,-3.676650886942965379e-01,1.445439478620311538e-03,-3.149507350129649996e-01,3.448546293134485685e-03,-1.811598560269982953e-03,6.690585589671855793e-01,-3.600718806523730553e-01,-3.960702842275380491e-03,-5.314770504727783784e-01,-4.436126553740035172e-01,-4.901075474367012075e-01,3.471359644557020507e-01,6.238101941496981828e-01,1.189335200913534507e+00,1.372691628146102349e+00,8.510904066064984841e-01,-5.242851588677029939e-01,-3.064299426099894447e-02,1.950643654317764097e-01,-2.067978906306935094e-01,-2.378623455009943634e-03,5.963288415749787852e-01,8.079120029115524626e-03,1.065639099982680985e-02,8.470677259331645809e-03
3.080000,0.000000000000000000e+00,0.000000000000000000e+00,7.594907452582463359e-01,3.612377907712325809e-01,0.000000000000000000e+00,-0.000000000000000000e+00,-9.324737307392199082e-01,-3.091500025027202891e-01,-6.944546197160189008e-04,3.612945183387215138e-04,6.689382899590371467e-01,-3.658638372147107187e-01,8.102640956833087084e-04,-3.138408051419102063e-01,2.036098789686918362e-03,-1.065948337744320297e-03,6.690625188711508686e-01,-3.611778442920064447e-01,-2.363743571949410323e-03,-5.399720872701267993e-01,-4.453641643261478378e-01,-4.880636200438073780e-01,3.430744146997064536e-01,6.217933722420613263e-01,1.191079541596696156e+00,1.371756010506270496e+00,8.494130343620824863e-01,-5.222401906911823266e-01,-2.456263327480535594e-02,1.976827516438269816e-01,-2.047173683375585473e-01,-7.049884701434549084e-04,5.958268485351317922e-01,5.572688158254935319e-03,7.896851294221868961e-03,4.713240997307558203e-03
3.090000,0.000000000000000000e+00,0.000000000000000000e+00,7.594907452582463359e-01,3.709711874396905418e-01,0.000000000000000000e+00,-0.000000000000000000e+00,-9.286443765455030253e-01,-3.111238365282414930e-01,-2.127778364354548468e-04,1.121819461078846247e-04,6.689844125438142441e-01,-3.639408189046311470e-01,2.644575679695563208e-04,-3.125775560810893361e-01,6.269216178906270205e-04,-3.258427896894673702e-04,6.690436940578700087e-01,-3.624152621524754370e-01,-7.719540882881860498e-04,-5.484013614429260608e-01,-4.469998958271816369e-01,-4.859281328523903376e-01,3.385574097130701898e-01,6.198030327855510446e-01,1.192730104454231332e+00,1.370764146098932379e+00,8.477957952498247352e-01,-5.198401420124638683e-01,-1.856330529859382197e-02,2.002293844309093740e-01,-2.025474966746624028e-01,1.024427405650505871e-03,5.957848277773213352e-01,2.929492820035651916e-03,4.744824526451656491e-03,7.775091954692735924e-04
3.100000,0.000000000000000000e+00,0.000000000000000000e+00,7.594907452582462248e-01,3.756827305071406831e-01,0.000000000000000000e+00,0.000000000000000000e+00,-9.267483401650629116e-01,-3.111238365282414930e-01,-2.127778364354548468e-04,1.121819461078846247e-04,6.689844125438142441e-01,-3.639408189046311470e-01,2.644575679695563208e-04,-3.125775560810893361e-01,6.269216178906270205e-04,-3.258427896894673702e-04,6.690436940578700087e-01,-3.624152621524754370e-01,-7.719540882881860498e-04,-5.484013614429260608e-01,-4.469998958271816369e-01,-4.859281328523903376e-01,3.385574097130701898e-01,6.198030327855510446e-01,1.192730104454231332e+00,1.370764146098932379e+00,8.477957952498247352e-01,-5.198401420124638683e-01,-1.856330529859382197e-02,2.002293844309093740e-01,-2.025474966746624028e-01,1.024427405650505871e-03,5.957848277773213352e-01,2.929492820035651916e-03,4.744824526451656491e-03,7.775091954692735924e-04
3.110000,0.000000000000000000e+00,0.000000000000000000e+00,7.594907452582463359e-01,3.803845833675063015e-01,0.000000000000000000e+00,0.000000000000000000e+00,-9.248283996160199250e-01,-3.111238365282414930e-01,-2.127778364354548468e-04,1.121819461078846247e-04,6.689844125438142441e-01,-3.639408189046311470e-01,2.644575679695563208e-04,-3.125775560810893361e-01,6.269216178906270205e-04,-3.258427896894673702e-04,6.690436940578700087e-01,-3.624152621524754370e-01,-7.719540882881860498e-04,-5.484013614429260608e-01,-4.469998958271816369e-01,-4.859281328523903376e-01,3.385574097130701898e-01,6.198030327855510446e-01,1.192730104454231332e+00,1.370764146098932379e+00,8.477957952498247352e-01,-5.198401420124638683e-01,-1.856330529859382197e-02,2.002293844309093740e-01,-2.025474966746624028e-01,1.024427405650505871e-03,5.957848277773213352e-01,2.929492820035651916e-03,4.744824526451656491e-03,7.775091954692735924e-04
3.120000,0.000000000000000000e+00,0.000000000000000000e+00,7.594907452582463359e-01,3.850766247431134937e-01,0.000000000000000000e+00,0.000000000000000000e+00,-9.228846044205371024e-01,-3.117070515023721011e-01,1.961015008787227436e-03,-1.019606313987044422e-03,6.689615950170733072e-01,-3.632967750035628329e-01,-2.134025571602520856e-03,-3.135288007579922209e-01,-1.436338601650351179e-03,7.497507407454041253e-04,6.690044237790229165e-01,-3.614869867832217754e-01,1.534285771247135199e-03,-5.353518289700187616e-01,-4.501959767857533490e-01,-4.668984678938644661e-01,3.178616228372014851e-01,6.171945173698700771e-01,1.187442320991035860e+00,1.369097237224347507e+00,8.509265566130232994e-01,-5.178477297099167709e-01,-1.804771297763672205e-02,2.125144212007579470e-01,-2.042610815401451341e-01,2.111253553304374107e-03,5.807275371393629815e-01,7.091036941750182392e-03,8.517007877615572278e-03,1.081161791363232337e-02
3.130000,0.000000000000000000e+00,0.000000000000000000e+00,7.594907452582463359e-01,3.897587336093605304e-01,0.000000000000000000e+00,0.000000000000000000e+00,-9.209170047160751826e-01,-3.119186118294466903e-01,3.261315677623866614e-03,-1.699523288749725178e-03,6.689123625347757063e-01,-3.630157822761139741e-01,-3.612222990820221444e-03,-3.141896325185818961e-01,-2.604708829281622822e-03,1.364052180713927476e-03,6.689577872276175619e-01,-3.607926603732253823e-01,2.875930992973697690e-03,-5.233275713495213477e-01,-4.516320934028769107e-01,-4.527692560159804480e-01,3.017584356933681877e-01,6.152708595957205873e-01,1.182362173842604447e+00,1.368311562043688756e+00,8.543321937624989149e-01,-5.157241046524739803e-01,-1.835642093153386917e-02,2.237264675991395835e-01,-2.057247627128671041e-01,1.905454259989397200e-03,5.647827389670053710e-01,1.052650258378987763e-02,1.358677268039764838e-02,1.636314603344232038e-02
3.140000,0.000000000000000000e+00,0.000000000000000000e+00,7.594907452582463359e-01,3.944307891978416913e-01,0.000000000000000000e+00,0.000000000000000000e+00,-9.189256512540977528e-01,-3.120415598212654129e-01,4.272447829888175938e-03,-2.228294461036312013e-03,6.688609121830514370e-01,-3.628340728797275205e-01,-4.765860011084975187e-03,-3.147293407473422677e-01,-3.493735090166499250e-03,1.833281579910492863e-03,6.689138124872368030e-01,-3.602107671826536572e-01,3.896881930580941775e-03,-5.118388295945922595e-01,-4.520531304368501369e-01,-4.404085140452629332e-01,2.872404584547529893e-01,6.132985347950120625e-01,1.177412823918093654e+00,1.368060531947397962e+00,8.577756352554500863e-01,-5.135657883490829523e-01,-1.886756477099068088e-02,2.343470364763345082e-01,-2.068215489927655304e-01,1.634593332929188715e-03,5.486299699594654466e-01,1.333819862125390499e-02,1.943898928216739388e-02,2.003859185485037941e-02
3.150000,0.000000000000000000e+00,0.000000000000000000e+00,7.594907452582463359e-01,3.990926709994615518e-01,0.000000000000000000e+00,0.000000000000000000e+00,-9.169105953987638502e-01,-3.121597448639183425e-01,5.172512178981495193e-03,-2.698996607052560944e-03,6.688089548483999724e-01,-3.626631346319126314e-01,-5.789090105251625332e-03,-3.151984375428668050e-01,-4.290734038151493290e-03,2.254749962841003444e-03,6.688696091964499990e-01,-3.596972134791829312e-01,4.806356005398571690e-03,-5.005739721016240207e-01,-4.517368564671462861e-01,-4.286601892569421035e-01,2.732135430996806558e-01,6.110374238669094016e-01,1.172516554136777467e+00,1.368186091555313677e+00,8.612216065774707108e-01,-5.113919251634498897e-01,-1.937364782433013966e-02,2.444975277422170024e-01,-2.075746343130446814e-01,1.574715440332772600e-03,5.326640992211021386e-01,1.563125132671772111e-02,2.560147748752181901e-02,2.269341837211979324e-02
3.160000,0.000000000000000000e+00,0.000000000000000000e+00,7.594907452582464469e-01,4.037442587675424965e-01,0.000000000000000000e+00,0.000000000000000000e+00,-9.148718891256019115e-01,-3.122972497032203698e-01,6.015550303057109506e-03,-3.140159772282758582e-03,6.687558429455969788e-01,-3.624746239197961239e-01,-6.744770214935509253e-03,-3.156127010492101870e-01,-5.052067233633199088e-03,2.657901998839216906e-03,6.688231297901181538e-01,-3.592362034015403327e-01,5.671475439338899936e-03,-4.893790473824443099e-01,-4.508035297737833513e-01,-4.171018012330742764e-01,2.592828957171497972e-01,6.084101670819432872e-01,1.167630882653680091e+00,1.368605099444221596e+00,8.646730113106066984e-01,-5.092045097960071764e-01,-1.980735521175852956e-02,2.541982207400689253e-01,-2.080150512777551031e-01,1.754398079377282420e-03,5.171427510444213116e-01,1.748268826862267589e-02,3.175072302084445269e-02,2.463082673123836996e-02
3.170000,0.000000000000000000e+00,0.000000000000000000e+00,7.594907452582463359e-01,4.083854325209271829e-01,0.000000000000000000e+00,0.000000000000000000e+00,-9.128095850201701777e-01,-3.124600792317600573e-01,6.817638130302772909e-03,-3.560372130841915877e-03,6.687011478268105602e-01,-3.622604419916445329e-01,-7.652882687021282486e-03,-3.159776505640620736e-01,-5.793991673435348357e-03,3.051202114727090929e-03,6.687735738531316310e-01,-3.588217612511427346e-01,6.512960668443042167e-03,-4.781888169170380731e-01,-4.493123906682115476e-01,-4.055847510691495406e-01,2.453155825959852099e-01,6.053913419579708410e-01,1.162740409606147329e+00,1.369265661305325787e+00,8.681325745243873016e-01,-5.070040175803911531e-01,-2.015092258930009997e-02,2.634336035394739817e-01,-2.081665267276194276e-01,2.151525639715622974e-03,5.022448426044788805e-01,1.894103980297033585e-02,3.768562659903960249e-02,2.597564921413053271e-02
3.180000,0.000000000000000000e+00,0.000000000000000000e+00,7.594907452582463359e-01,4.130160725470736205e-01,0.000000000000000000e+00,0.000000000000000000e+00,-9.107237362766990030e-01,-3.127029617769965242e-01,7.818286189909550571e-03,-4.085811739496847395e-03,6.686187056886651048e-01,-3.619361638883837884e-01,-8.802465440347299191e-03,-3.163901220565151218e-01,-6.743393263064714413e-03,3.555571702725259485e-03,6.686964258989851473e-01,-3.583260382358162133e-01,7.605340980137259045e-03,-4.616836210661326434e-01,-4.465871374262868621e-01,-3.892509006100199898e-01,2.248154946534840493e-01,6.009746860907470012e-01,1.155299708577073536e+00,1.371020041263963485e+00,8.736078872665482553e-01,-5.034845490469848084e-01,-2.026105737536924509e-02,2.779147234090167395e-01,-2.082747455293953720e-01,2.249932589241814690e-03,4.781277301835226701e-01,2.087324274411403099e-02,4.762890406308706304e-02,2.622416343951243511e-02
3.190000,0.000000000000000000e+00,0.000000000000000000e+00,7.594907452582463359e-01,4.176360594051418129e-01,0.000000000000000000e+00,0.000000000000000000e+00,-9.086143966967202834e-01,-3.128771143604208715e-01,8.385510310173325058e-03,-4.383983380348488099e-03,6.685749386360375635e-01,-3.617230492406418030e-01,-9.438315595356964322e-03,-3.165961708017621667e-01,-7.300193939938375357e-03,3.850969000524957775e-03,6.686537056233606835e-01,-3.580804024309516276e-01,8.230256333876851543e-03,-4.531242499064159213e-01,-4.444351520941843270e-01,-3.804158512835270622e-01,2.140051060187445620e-01,5.979710834718230394e-01,1.151584568004734965e+00,1.372117410447101005e+00,8.762534168267605006e-01,-5.019153807807072987e-01,-2.028858528447607251e-02,2.840551656202147668e-01,-2.079044345982132558e-01,3.041469451409535823e-03,4.679804714187944525e-01,2.129432780509582512e-02,5.180746397916478896e-02,2.644316738039767523e-02
3.200000,0.000000000000000000e+00,0.000000000000000000e+00,7.594907452582463359e-01,4.222452739290758483e-01,0.000000000000000000e+00,0.000000000000000000e+00,-9.064816206876782356e-01,-3.131688271907456800e-01,9.227711604735800918e-03,-4.827917133970742632e-03,6.684992818859164521e-01,-3.613577899277751748e-01,-1.039915481724325470e-02,-3.168671892101113108e-01,-8.146706122802551200e-03,4.300667021090767358e-03,6.685781852289408578e-01,-3.577334934246914067e-01,9.196952102598918502e-03,-4.385857633015913803e-01,-4.405835053927334433e-01,-3.657649461173774208e-01,1.957134850268483495e-01,5.928850593114245449e-01,1.145169514666285915e+00,1.374309409313827501e+00,8.809601861997959915e-01,-4.990768904001964268e-01,-2.009216507386673775e-02,2.946223474946736420e-01,-2.072151191347448296e-01,3.889304038535556802e-03,4.505863137334615298e-01,2.194105298816384844e-02,5.866904755573703473e-02,2.579962768418479421e-02
3.210000,0.000000000000000000e+00,0.000000000000000000e+00,7.594907452582463359e-01,4.268435972306765525e-01,0.000000000000000000e+00,0.000000000000000000e+00,-9.043254632615272959e-01,-3.134380899321236313e-01,9.888963287413527620e-03,-5.177349429281582864e-03,6.684364930275542571e-01,-3.610285231170766718e-01,-1.115067304410318795e-02,-3.170446255977204530e-01,-8.833452360510763920e-03,4.665335707113580851e-03,6.685137993239476106e-01,-3.574930399593290731e-01,9.977760154101662435e-03,-4.266293206708401398e-01,-4.367915769121520353e-01,-3.536973973163240470e-01,1.805945416874422393e-01,5.882726556772897020e-01,1.139941253667961396e+00,1.376533599055590029e+00,8.848408471156610222e-01,-4.968708803552203679e-01,-1.974761377127052034e-02,3.025611289782443314e-01,-2.063651457817731183e-01,4.841947118491706989e-03,4.375091308958118375e-01,2.206584503324919913e-02,6.377789210300761902e-02,2.485189167454441780e-02
3.220000,0.000000000000000000e+00,0.000000000000000000e+00,7.594907452582464469e-01,4.314309107026687018e-01,0.000000000000000000e+00,0.000000000000000000e+00,-9.021459800333124779e-01,-3.137230355596507536e-01,1.049992146051160515e-02,-5.501036510079172423e-03,6.683764893523957973e-01,-3.606870057046154820e-01,-1.184318919833478138e-02,-3.171777079091828710e-01,-9.487650681103750039e-03,5.012498902460682353e-03,6.684508586979476252e-01,-3.572994004347415098e-01,1.071918372004048749e-02,-4.152988168388777046e-01,-4.326249701095892242e-01,-3.421526678071597494e-01,1.662123353137591741e-01,5.833432955968000933e-01,1.135083092276378602e+00,1.378729562635465200e+00,8.884366028448505981e-01,-4.948659156679985349e-01,-1.937951202785304777e-02,3.090777096918160272e-01,-2.052868520108977468e-01,6.030405832157944082e-03,4.269601701202492272e-01,2.179743121542580819e-02,6.767827302527767985e-02,2.373492439112128913e-02
3.230000,0.000000000000000000e+00,0.000000000000000000e+00,7.594907452582463359e-01,4.360070960217597991e-01,0.000000000000000000e+00,0.000000000000000000e+00,-8.999432272197351868e-01,-3.140250910053519751e-01,1.107254401113773844e-02,-5.805299348412832315e-03,6.683175192892177874e-01,-3.603294879906531190e-01,-1.249229851206559022e-02,-3.172719660318575330e-01,-1.012008614459262296e-02,5.347865083213656709e-03,6.683877253089653969e-01,-3.571446786045296973e-01,1.143544340310459657e-02,-4.041659213627868952e-01,-4.280431872573741137e-01,-3.307806808173565649e-01,1.520837977043081879e-01,5.779869076744704737e-01,1.130390585804933679e+00,1.380854628822942853e+00,8.919024025345418938e-01,-4.928974848019607724e-01,-1.902246449102226386e-02,3.146879156014052992e-01,-2.040224118092316963e-01,7.358195389085605415e-03,4.180445103332558476e-01,2.123000304187341869e-02,7.076034770683023445e-02,2.237388814855696337e-02
3.240000,0.000000000000000000e+00,0.000000000000000000e+00,7.594907452582463359e-01,4.405720351516930755e-01,0.000000000000000000e+00,0.000000000000000000e+00,-8.977172616377026015e-01,-3.143426206746556817e-01,1.160764087365880048e-02,-6.090542048355686647e-03,6.682595695843294159e-01,-3.599574529822752722e-01,-1.309928571648638108e-02,-3.173292414386795768e-01,-1.073059321725133332e-02,5.671281832530621070e-03,6.683244586248456853e-01,-3.570269347216774025e-01,1.212669298506986217e-02,-3.931237150518101520e-01,-4.230387198309722430e-01,-3.195195437430088936e-01,1.381063315479179876e-01,5.721837488414670547e-01,1.125810229901497150e+00,1.382893756945207553e+00,8.952793466673284462e-01,-4.909130771620175415e-01,-1.869214661303045255e-02,3.195944408365536948e-01,-2.026073919937366186e-01,8.780959825142094916e-03,4.103513316076645712e-01,2.040472878997541192e-02,7.326106507715382521e-02,2.074500838564525759e-02
3.250000,0.000000000000000000e+00,0.000000000000000000e+00,7.594907452582463359e-01,4.451256103462905567e-01,0.000000000000000000e+00,0.000000000000000000e+00,-8.954681407028629581e-01,-3.146737679333671545e-01,1.210501482665308354e-02,-6.356620784043565640e-03,6.682029614108707660e-01,-3.595730298106148415e-01,-1.366396374183086529e-02,-3.173511386956346381e-01,-1.131799624875737438e-02,5.982061154561899192e-03,6.682614501178258948e-01,-3.569449082407215590e-01,1.279162463116487007e-02,-3.821457472943279310e-01,-4.176115313102130577e-01,-3.083656072098069356e-01,1.242660716384528380e-01,5.659345058962405028e-01,1.121329213037376427e+00,1.384843856626968073e+00,8.985754980270422854e-01,-4.889000002853222671e-01,-1.839676494585389815e-02,3.238783072566121524e-01,-2.010703412422186753e-01,1.027493917530714063e-02,4.036934606822065730e-01,1.934614703122213702e-02,7.531052417365137475e-02,1.885412794453959068e-02
3.260000,0.000000000000000000e+00,0.000000000000000000e+00,7.594907452582463359e-01,4.496677041524916318e-01,0.000000000000000000e+00,0.000000000000000000e+00,-8.931959224281239562e-01,-3.150166573135091408e-01,1.256442095980047496e-02,-6.603356019873317731e-03,6.681480659473630901e-01,-3.591784316706906899e-01,-1.418603905481627923e-02,-3.173392843558512366e-01,-1.188105022899726623e-02,6.279488260277480728e-03,6.681991429816945827e-01,-3.568973839160393124e-01,1.342881004965346819e-02,-3.712285533400855320e-01,-4.117663190285060226e-01,-2.973289894199159789e-01,1.105724566305388151e-01,5.592485909372755248e-01,1.116946148601809963e+00,1.386707868620273176e+00,9.017893839601235362e-01,-4.868602569189957041e-01,-1.814059678580057233e-02,3.275741048901686936e-01,-1.994361028678837133e-01,1.182133559298204420e-02,3.979827623337476306e-01,1.807491316274657117e-02,7.698022899531029029e-02,1.671936008791491401e-02
3.270000,0.000000000000000000e+00,0.000000000000000000e+00,7.594907452582463359e-01,4.541981994133820200e-01,0.000000000000000000e+00,0.000000000000000000e+00,-8.909006654221567345e-01,-3.153694016207249651e-01,1.298565759862601449e-02,-6.830582151973043498e-03,6.680952484014212045e-01,-3.587758814334524593e-01,-1.466525661915313306e-02,-3.172953376938768000e-01,-1.241853071822062934e-02,6.562870717251804119e-03,6.681379763617584233e-01,-3.568831114542682093e-01,1.403684352334357704e-02,-3.603757630187695571e-01,-4.055107157384645333e-01,-2.864232484018163216e-01,9.704109844365761683e-02,5.521404203038060565e-01,1.112662693140181513e+00,1.388492716646006375e+00,9.049169784099770908e-01,-4.848018559916648096e-01,-1.792556331327390187e-02,3.306988931874383364e-01,-1.977276395810977916e-01,1.340220304933284305e-02,3.931737257379215866e-01,1.661117508468811649e-02,7.831280581839140942e-02,1.436367382589598396e-02
3.280000,0.000000000000000000e+00,0.000000000000000000e+00,7.594907452582462248e-01,4.587169792712145200e-01,0.000000000000000000e+00,0.000000000000000000e+00,-8.885824288878844124e-01,-3.156466319731623948e-01,1.327867462310776403e-02,-6.989219806313879020e-03,6.680598053151012294e-01,-3.584697641393232992e-01,-1.499401153601062631e-02,-3.172404778219671817e-01,-1.280926090436732695e-02,6.768345110183714847e-03,6.680967585642741957e-01,-3.568983697225573959e-01,1.447214650339102848e-02,-3.527790066059468543e-01,-4.004680692680928078e-01,-2.786730299604886496e-01,8.756974661316255237e-02,5.465074961472298209e-01,1.109761162935728240e+00,1.389720304704127551e+00,9.069137277609807812e-01,-4.834745058312362453e-01,-1.786461450097552583e-02,3.319933137348428653e-01,-1.963674378595891001e-01,1.493529231704779185e-02,3.910718633042685743e-01,1.523590162851904892e-02,7.897317941481707404e-02,1.276590655341293921e-02
3.290000,0.000000000000000000e+00,0.000000000000000000e+00,7.594907452582463359e-01,4.632239271704255423e-01,0.000000000000000000e+00,0.000000000000000000e+00,-8.862412726209540903e-01,-3.159870900652340109e-01,1.360460285115827617e-02,-7.166541928995814534e-03,6.680179671165730193e-01,-3.580931311373818371e-01,-1.536254233433227007e-02,-3.171512950034922618e-01,-1.326171605543388816e-02,7.005851189961316214e-03,6.680467212429945789e-01,-3.569394030523794781e-01,1.497923167985018567e-02,-3.434182649893974815e-01,-3.940540339344006382e-01,-2.692173143962915960e-01,7.599101831897972503e-02,5.393391396290233564e-01,1.106200264899971808e+00,1.391154054987617794e+00,9.093339362994622421e-01,-4.817801192401654498e-01,-1.780458660886413691e-02,3.333171960587221760e-01,-1.946955714073676791e-01,1.669689798833313282e-02,3.889613309767385174e-01,1.348381828902806695e-02,7.953490605390498014e-02,1.058341538403912221e-02
3.300000,0.000000000000000000e+00,0.000000000000000000e+00,7.594907452582462248e-01,4.677189268606393169e-01,0.000000000000000000e+00,0.000000000000000000e+00,-8.838772570081956381e-01,-3.163491554637734571e-01,1.391396548659087386e-02,-7.335886938902710583e-03,6.679750476891546107e-01,-3.576921235478570105e-01,-1.571489666453216097e-02,-3.170323162897707991e-01,-1.371291781914642932e-02,7.242125456836475197e-03,6.679940589667733297e-01,-3.570077041777902083e-01,1.548734225406747135e-02,-3.333436695068888178e-01,-3.869378005714169677e-01,-2.591911812963991757e-01,6.365018295898786094e-02,5.314224103397264809e-01,1.102389467556319058e+00,1.392673053659126525e+00,9.119203668340100100e-01,-4.799037606036956616e-01,-1.774276694505575250e-02,3.345315113705449872e-01,-1.929300487354508875e-01,1.840674471025727926e-02,3.870526985854689794e-01,1.157466714210120436e-02,7.996672421402188646e-02,8.001612644915247902e-03
3.310000,0.000000000000000000e+00,0.000000000000000000e+00,7.594907452582463359e-01,4.722018623996679931e-01,0.000000000000000000e+00,0.000000000000000000e+00,-8.814904430260630530e-01,-3.167189728833068596e-01,1.419159234668901197e-02,-7.488969227735889876e-03,6.679335292384378509e-01,-3.572836426051489989e-01,-1.603278012209839384e-02,-3.168865558876272637e-01,-1.414276951953527019e-02,7.466532511587672082e-03,6.679418005712786099e-01,-3.571031919620781259e-01,1.597253206292284858e-02,-3.229994922085497877e-01,-3.793390543250029778e-01,-2.490418805127885271e-01,5.110345460443799920e-02,5.230372573378461176e-01,1.098515598617967326e+00,1.394249309641845791e+00,9.145424619574817893e-01,-4.779611454828055495e-01,-1.768405715275981130e-02,3.354916573983897088e-01,-1.911477345218642598e-01,2.002586181177644017e-02,3.855371250475106981e-01,9.566548774846984557e-03,8.026317872571750445e-02,5.156497750747920765e-03
3.320000,0.000000000000000000e+00,0.000000000000000000e+00,7.594907452582463359e-01,4.766726181565010267e-01,0.000000000000000000e+00,0.000000000000000000e+00,-8.790808922390627167e-01,-3.170910755550919724e-01,1.443286979183314514e-02,-7.623188320915950424e-03,6.678946792902608065e-01,-3.568748430182027143e-01,-1.631024089640982153e-02,-3.167163622188163830e-01,-1.454435941283992867e-02,7.675419117273923376e-03,6.678914996317171227e-01,-3.572250151156761144e-01,1.642618066853880274e-02,-3.125827521832888478e-01,-3.713372566074204517e-01,-2.389549418575211970e-01,3.859403472461231388e-02,5.142946992682456697e-01,1.094666806703539663e+00,1.395879954106546306e+00,9.171335761557675159e-01,-4.760207026590910773e-01,-1.763259772213739487e-02,3.360992073373817446e-01,-1.893838222292786311e-01,2.155805249090655268e-02,3.845460966303175798e-01,7.478721815277706263e-03,8.041631817493190282e-02,2.135597594105022919e-03
3.330000,0.000000000000000000e+00,0.000000000000000000e+00,7.594907452582463359e-01,4.811310788142882933e-01,0.000000000000000000e+00,0.000000000000000000e+00,-8.766486667981644443e-01,-3.174624966087444267e-01,1.463645839912076745e-02,-7.737717336123427561e-03,6.678592054682388479e-01,-3.564696005114729727e-01,-1.654539463940881208e-02,-3.165237986213871868e-01,-1.491485027693479661e-02,7.867301327121028337e-03,6.678440252105858344e-01,-3.573719411527844780e-01,1.684470151686380535e-02,-3.021850939760389321e-01,-3.629677518702824623e-01,-2.290132707190928041e-01,2.623587386647834377e-02,5.052485789441042430e-01,1.090885959540840444e+00,1.397569169126359423e+00,9.196592742951195110e-01,-4.741237886979505212e-01,-1.759129505960574033e-02,3.362980666264969165e-01,-1.876612144979309393e-01,2.300592833349962563e-02,3.841585886177337761e-01,5.324695549708559003e-03,8.041734770692560152e-02,-1.003446909901004221e-03
3.340000,0.000000000000000000e+00,0.000000000000000000e+00,7.594907452582463359e-01,4.855771293733143756e-01,0.000000000000000000e+00,0.000000000000000000e+00,-8.741938294391990993e-01,-3.178309979518136319e-01,1.480205893070386108e-02,-7.832295282348310933e-03,6.678275473637153015e-01,-3.560706726671020728e-01,-1.673772173524216283e-02,-3.163108151998315631e-01,-1.525268238109056887e-02,8.041383291817208456e-03,6.677999285979037136e-01,-3.575425413377565920e-01,1.722618079039080208e-02,-2.918513257310183517e-01,-3.542519217150145172e-01,-2.192579111732901320e-01,1.408709403133433756e-02,4.959331809672479774e-01,1.087194350369037998e+00,1.399323808774323830e+00,9.221015613621497131e-01,-4.722973988242509247e-01,-1.756210006661180351e-02,3.360620454259528045e-01,-1.859989359818443322e-01,2.436563088530665014e-02,3.844148951212498222e-01,3.119286512183070022e-03,8.026042962537739689e-02,-4.219385236305709351e-03
3.350000,0.000000000000000000e+00,0.000000000000000000e+00,7.594907452582463359e-01,4.900106551539653021e-01,0.000000000000000000e+00,0.000000000000000000e+00,-8.717164434812398888e-01,-3.181945452735413515e-01,1.492972625490145318e-02,-7.906854122101392851e-03,6.678000099819834112e-01,-3.556804256810676690e-01,-1.688718517814822434e-02,-3.160793250913646601e-01,-1.555671435972986669e-02,8.197101139581395093e-03,6.677596089895914133e-01,-3.577352759764416690e-01,1.756928083514822450e-02,-2.816045516670177551e-01,-3.452066505716280820e-01,-2.097119310001492598e-01,2.180445769053292876e-03,4.863762132159916707e-01,1.083602580567992746e+00,1.401152647203296020e+00,9.244510246443856660e-01,-4.705613085839212562e-01,-1.754614372953134174e-02,3.353844423424816035e-01,-1.844144849615526327e-01,2.562902232843295228e-02,3.853283418163221952e-01,8.790056436225736174e-04,7.994435660683812950e-02,-7.479780440847665773e-03
3.360000,0.000000000000000000e+00,0.000000000000000000e+00,7.594907452582464469e-01,4.944315417996854589e-01,0.000000000000000000e+00,0.000000000000000000e+00,-8.692165728249696688e-01,-3.185511560428641586e-01,1.501965821566370908e-02,-7.961403896203780167e-03,6.677768246502830962e-01,-3.553010803445554311e-01,-1.699394281416197541e-02,-3.158312375438380171e-01,-1.582595949078590206e-02,8.333982367265671196e-03,6.677233866535304818e-01,-3.579485329839583452e-01,1.787288295420531858e-02,-2.714573706411453347e-01,-3.358473205511417481e-01,-2.003901231800379046e-01,-9.463579078914942030e-03,4.766034735530672029e-01,1.080115697252799878e+00,1.403066488754216801e+00,9.267029112438018856e-01,-4.689319210139832883e-01,-1.754372211098369910e-02,3.342710313901450236e-01,-1.829244342599562478e-01,2.678613928732119856e-02,3.868936716343893689e-01,-1.378792438857209899e-03,7.947257615474553893e-02,-1.075709819572140923e-02
3.370000,0.000000000000000000e+00,0.000000000000000000e+00,7.594907452582463359e-01,4.988396752799286737e-01,0.000000000000000000e+00,0.000000000000000000e+00,-8.666942819510321527e-01,-3.188988573540050830e-01,1.507213034382462805e-02,-7.995997692057265141e-03,6.677581764068041270e-01,-3.549347955557365375e-01,-1.705825348285288853e-02,-3.155684717502793002e-01,-1.605950509586522718e-02,8.451602357745177999e-03,6.676915345534204516e-01,-3.581806452118908024e-01,1.813597142614185517e-02,-2.614170398789753547e-01,-3.261887986988233346e-01,-1.913030857508869753e-01,-2.083090816662423739e-02,4.666406551591179563e-01,1.076735671047426068e+00,1.405078449853359945e+00,9.288551730863774392e-01,-4.674243250071660194e-01,-1.755419367878118322e-02,3.327357132102883863e-01,-1.815445203447592915e-01,2.782679774534771444e-02,3.890926787548496524e-01,-3.636694347060128677e-03,7.885248155146747095e-02,-1.402674201100105253e-02
3.380000,0.000000000000000000e+00,0.000000000000000000e+00,7.594907452582463359e-01,5.032349418930981422e-01,0.000000000000000000e+00,0.000000000000000000e+00,-8.641496359183692411e-01,-3.192356753077172371e-01,1.508747539049788006e-02,-8.010721320657719288e-03,6.677442159692518198e-01,-3.545836963836749844e-01,-1.708044636977463712e-02,-3.152929621929850268e-01,-1.625648832869018220e-02,8.549570777966657500e-03,6.676642916125999916e-01,-3.584298983112556569e-01,1.835759617056460791e-02,-2.514879346052720233e-01,-3.162458016006204353e-01,-1.824589991977162429e-01,-3.191121759489042031e-02,4.565141451662342864e-01,1.073462609422749958e+00,1.407204284801062411e+00,9.309075008040005317e-01,-4.660534241559993740e-01,-1.757582280070824413e-02,3.307979025954558838e-01,-1.802895831136364091e-01,2.874150510304551709e-02,3.918978920680830091e-01,-5.877756912441509107e-03,7.809454479784438963e-02,-1.726606968993094418e-02
3.390000,0.000000000000000000e+00,0.000000000000000000e+00,7.594907452582463359e-01,5.076172282694800808e-01,0.000000000000000000e+00,0.000000000000000000e+00,-8.615827003625424751e-01,-3.195596330649855821e-01,1.506607664740842317e-02,-8.005690630413116876e-03,6.677350646646587062e-01,-3.542498829762431023e-01,-1.706091094691533638e-02,-3.150066602590661513e-01,-1.641608935436279088e-02,8.627527143308119997e-03,6.676418679372106979e-01,-3.586945344299115601e-01,1.853686103507920860e-02,-2.416727598230005436e-01,-3.060330605069179755e-01,-1.738644285832057768e-01,-4.269669379388657537e-02,4.462514661488487522e-01,1.070295355481284183e+00,1.409462762009992209e+00,9.328608586385255252e-01,-4.648345986833893884e-01,-1.760557974308176940e-02,3.284809639542022874e-01,-1.791734657008988152e-01,2.952195280654953610e-02,3.952749590376275490e-01,-8.085833617508805110e-03,7.721155168487309206e-02,-2.045389970131028523e-02
3.400000,0.000000000000000000e+00,0.000000000000000000e+00,7.594907452582463359e-01,5.119864213741671666e-01,0.000000000000000000e+00,0.000000000000000000e+00,-8.589935414940403913e-01,-3.198687510980836035e-01,1.500836551089494708e-02,-7.981051166797360069e-03,6.677308161662279806e-01,-3.539354327483978935e-01,-1.700009360816003012e-02,-3.147115342149331974e-01,-1.653752990547534968e-02,8.685139166720165158e-03,6.676244465287363150e-01,-3.589727540879008028e-01,1.867292041939959402e-02,-2.319731718901910933e-01,-2.955654155548048667e-01,-1.655246986170396117e-01,-5.318147058462233123e-02,4.358816004025885538e-01,1.067231781127753409e+00,1.411876120267430812e+00,9.347172775928155319e-01,-4.637841443105291672e-01,-1.763889553330218879e-02,3.258112560251130718e-01,-1.782089079937376475e-01,3.016127647699451755e-02,3.991841895411125107e-01,-1.024577155418760974e-02,7.621801729602498132e-02,-2.357026473542427059e-02
3.410000,0.000000000000000000e+00,0.000000000000000000e+00,7.594907452582463359e-01,5.163424085099753702e-01,0.000000000000000000e+00,0.000000000000000000e+00,-8.563822260965705535e-01,-3.201610478970485230e-01,1.491482035281360523e-02,-7.936978535729308920e-03,6.677315367822490577e-01,-3.536424001662620276e-01,-1.689849647358566617e-02,-3.144095684481224562e-01,-1.662007350854815060e-02,8.722101927911982827e-03,6.676121834566857149e-01,-3.592627172557131265e-01,1.876497860556708766e-02,-2.223901153326227065e-01,-2.848578798849956129e-01,-1.574440753304775786e-01,-6.336140197845994970e-02,4.254352947919569639e-01,1.064268923208258277e+00,1.414470634391865822e+00,9.364797869741161573e-01,-4.629196170947845190e-01,-1.766936414828881863e-02,3.228175236588396446e-01,-1.774074438961225630e-01,3.065418834719552815e-02,4.035815668629192943e-01,-1.234352925448871721e-02,7.512977644449517212e-02,-2.659629220534192803e-02
3.420000,0.000000000000000000e+00,0.000000000000000000e+00,7.594907452582463359e-01,5.206850773203492988e-01,0.000000000000000000e+00,0.000000000000000000e+00,-8.537488215253371537e-01,-3.204345407064776996e-01,1.478596579458479540e-02,-7.873678959239122435e-03,6.677372650804865861e-01,-3.533728156465002490e-01,-1.675667688865636190e-02,-3.141027623696026616e-01,-1.666302623471415181e-02,8.738137259442078919e-03,6.676052073437980239e-01,-3.595625440805123030e-01,1.881228996061758488e-02,-2.129240202047032737e-01,-2.739256890588620541e-01,-1.496258567582173793e-01,-7.323401673413643120e-02,4.149453934382417719e-01,1.061403034094705156e+00,1.417277318198123304e+00,9.381524264679890202e-01,-4.622601546997915922e-01,-1.768838090472951013e-02,3.195304842162023373e-01,-1.767793047241378590e-01,3.099703630845898270e-02,4.084194266848177879e-01,-1.436624424798475103e-02,7.396371346596058993e-02,-2.951415077788762872e-02
3.430000,0.000000000000000000e+00,0.000000000000000000e+00,7.594907452582463359e-01,5.250143157922615433e-01,0.000000000000000000e+00,0.000000000000000000e+00,-8.510933957053029575e-01,-3.206872462106175603e-01,1.462237210698466745e-02,-7.791389862474945756e-03,6.677480111964101406e-01,-3.531286841148726929e-01,-1.657524713851237994e-02,-3.137931291459981065e-01,-1.666573761867294959e-02,8.732993166414787858e-03,6.676036185311821081e-01,-3.598703154527220227e-01,1.881415941482855389e-02,-2.035749306275305148e-01,-2.627843439850443552e-01,-1.420724184106512133e-01,-8.279858582264260081e-02,4.044472274519845256e-01,1.058629580339533804e+00,1.420332793959780959e+00,9.397403125330650031e-01,-4.618268154228484246e-01,-1.768470287769260615e-02,3.159825204922013797e-01,-1.763333286449019766e-01,3.118781689139352165e-02,4.136469348510782851e-01,-1.630226547771109966e-02,7.273759043655997347e-02,-3.230703089849306514e-02
3.440000,0.000000000000000000e+00,0.000000000000000000e+00,7.594907452582463359e-01,5.293300122591012569e-01,0.000000000000000000e+00,0.000000000000000000e+00,-8.484160171294385933e-01,-3.209171811629377702e-01,1.442465465154134548e-02,-7.690380439718025145e-03,6.677637559789212363e-01,-3.529119834221252083e-01,-1.635487422118825016e-02,-3.134826943344718453e-01,-1.662760163401108895e-02,8.706443226058306964e-03,6.676074880815046075e-01,-3.601840734959786405e-01,1.876994302129639247e-02,-1.943425995789746508e-01,-2.514496535679529576e-01,-1.347852340621243927e-01,-9.205627455920684099e-02,3.939790849945239981e-01,1.055943203932066199e+00,1.423680361336973510e+00,9.412497495568226125e-01,-4.616429623652417713e-01,-1.764391392886335841e-02,3.122074287106958446e-01,-1.760768752945133520e-01,3.122615609099226724e-02,4.192104500077787899e-01,-1.814115804357836759e-02,7.146993680167494645e-02,-3.495914153002480096e-02
3.450000,0.000000000000000000e+00,0.000000000000000000e+00,7.594907452582463359e-01,5.336320554035541841e-01,0.000000000000000000e+00,0.000000000000000000e+00,-8.457167548569545223e-01,-3.211223629684377689e-01,1.419347333909098431e-02,-7.570952180794652403e-03,6.677844500407577044e-01,-3.527246626906979099e-01,-1.609627962892111117e-02,-3.131734944513250296e-01,-1.654805768848924621e-02,8.658285953471052052e-03,6.676168566882315636e-01,-3.605018220162602982e-01,1.867904853360166650e-02,-1.852265678430279061e-01,-2.399377829286371000e-01,-1.277648806551369698e-01,-1.010103715481269065e-01,3.835827839719745946e-01,1.053337650581190665e+00,1.427371304124586793e+00,9.426883855793956046e-01,-4.617347139981615167e-01,-1.754777321368737250e-02,3.082401905455204871e-01,-1.760157444025779727e-01,3.111326561064378660e-02,4.250538296126701310e-01,-1.987368369659130510e-02,7.017996931234340985e-02,-3.745571240544768449e-02
3.460000,0.000000000000000000e+00,0.000000000000000000e+00,7.594907452582463359e-01,5.379203342604743643e-01,0.000000000000000000e+00,0.000000000000000000e+00,-8.429956785115209073e-01,-3.213008102255546783e-01,1.392953209951915301e-02,-7.433439349726875950e-03,6.678100127428506783e-01,-3.525686406200327916e-01,-1.580023912095801855e-02,-3.128675754875461790e-01,-1.642659162623210517e-02,8.588344132310007928e-03,6.676317335204318137e-01,-3.608215269258302493e-01,1.854093598090651024e-02,-1.762262367123632878e-01,-2.282653134908185222e-01,-1.210110303225945677e-01,-1.096665976246174873e-01,3.733043708342623779e-01,1.050805663579837956e+00,1.431466479231030098e+00,9.440654183889488626e-01,-4.621314801767932301e-01,-1.737342181578666392e-02,3.041167491291737468e-01,-1.761540969389521205e-01,3.085187926326993582e-02,4.311187216346040740e-01,-2.149175834685665767e-02,6.888751604434392717e-02,-3.978299448925411153e-02
3.470000,0.000000000000000000e+00,0.000000000000000000e+00,7.594907452582462248e-01,5.421947382197469523e-01,0.000000000000000000e+00,0.000000000000000000e+00,-8.402528582794706047e-01,-3.214505432317906752e-01,1.363357836241625189e-02,-7.278209410764387675e-03,6.678403311250949992e-01,-3.524458037610540551e-01,-1.546758248240515110e-02,-3.125669913767899488e-01,-1.626273673097982861e-02,8.496464113118164588e-03,6.676520950158816303e-01,-3.611411166488426305e-01,1.835511823364999878e-02,-1.673409401104748173e-01,-2.164493223953957712e-01,-1.145224292875363509e-01,-1.180335045974080649e-01,3.631949709059956177e-01,1.048338837818404645e+00,1.436038237885912006e+00,9.453918624310416741e-01,-4.628666022101606825e-01,-1.709241757561042949e-02,2.998737744462970922e-01,-1.764943767741176395e-01,3.044617309389900661e-02,4.373448759221616466e-01,-2.298838653310265878e-02,6.761292103621009686e-02,-4.192825269047389253e-02
3.480000,0.000000000000000000e+00,0.000000000000000000e+00,7.594907452582463359e-01,5.464551570291396043e-01,0.000000000000000000e+00,0.000000000000000000e+00,-8.374883649079898351e-01,-3.215695844554544713e-01,1.330640255012313471e-02,-7.105663398009541901e-03,6.678752587887946124e-01,-3.523580047638897317e-01,-1.509919326726937017e-02,-3.122738024180453098e-01,-1.605607472674603145e-02,8.382515083341974052e-03,6.676778836282273311e-01,-3.614584825118223876e-01,1.812116155746806498e-02,-1.585700201371940399e-01,-2.045074907448939661e-01,-1.082968611328061492e-01,-1.261229779486027491e-01,3.533118173272657980e-01,1.045927425211882644e+00,1.441172732459848005e+00,9.466808913087747523e-01,-4.639781154079178904e-01,-1.666956366020853203e-02,2.955484054431328778e-01,-1.770372299882083111e-01,2.990167237018030721e-02,4.436705065880388599e-01,-2.435757173117102450e-02,6.637690639600206388e-02,-4.387974492375742303e-02
3.490000,0.000000000000000000e+00,0.000000000000000000e+00,7.594907452582462248e-01,5.507014807971482018e-01,0.000000000000000000e+00,0.000000000000000000e+00,-8.347022697032926430e-01,-3.216845928415512645e-01,1.283908626499178501e-02,-6.857845179633787445e-03,6.679310086576517591e-01,-3.522922219304284730e-01,-1.456430453368198763e-02,-3.119039273201188456e-01,-1.572946322974049654e-02,8.204571432436795486e-03,6.677211182000831746e-01,-3.618751075481890234e-01,1.774638800307726250e-02,-1.468162541432249391e-01,-1.887678940411550432e-01,-1.004166187681129335e-01,-1.371961042236190531e-01,3.416193726706689970e-01,1.042322409801751393e+00,1.450963769875152520e+00,9.487207121029266332e-01,-4.664883374144989658e-01,-1.479746724754494279e-02,2.895113683281637096e-01,-1.780853908696376775e-01,2.858522409725958863e-02,4.534183084028207689e-01,-2.578773244430681774e-02,6.365677276782168159e-02,-4.631124691167067681e-02
3.500000,0.000000000000000000e+00,0.000000000000000000e+00,7.594907452582463359e-01,5.549335999958291410e-01,0.000000000000000000e+00,0.000000000000000000e+00,-8.318946445287823677e-01,-3.217291593558279095e-01,1.243257252977112738e-02,-6.641394571999434046e-03,6.679790522424325916e-01,-3.522917045902654865e-01,-1.410224557836678438e-02,-3.116278476554550925e-01,-1.541548924071555957e-02,8.035397527598291123e-03,6.677618013789562434e-01,-3.621912109627197784e-01,1.738927889854184269e-02,-1.379205107099130689e-01,-1.763887065613868599e-01,-9.463204730208463200e-02,-1.458806300958011559e-01,3.340377934883828059e-01,1.039314870213516873e+00,1.462046718277258961e+00,9.504783469442353860e-01,-4.699360814623791405e-01,-1.192957886919890353e-02,2.846887407914966972e-01,-1.790902189173340653e-01,2.756325955332773747e-02,4.610859727049856915e-01,-2.676504359596628552e-02,6.167677698148327919e-02,-4.779937178882759374e-02
3.510000,0.000000000000000000e+00,0.000000000000000000e+00,7.594907452582463359e-01,5.591514054636266273e-01,0.000000000000000000e+00,0.000000000000000000e+00,-8.290655618031972374e-01,-3.217356469366431382e-01,1.196184445840707891e-02,-6.389836506142929085e-03,6.680396905007258690e-01,-3.523422612630435213e-01,-1.356148207044551197e-02,-3.113490891363654423e-01,-1.502619095791540502e-02,7.827101190692832555e-03,6.678155060587853686e-01,-3.625252238973746821e-01,1.694241208194754642e-02,-1.287309478521822537e-01,-1.651468144692539997e-01,-8.839183091859632857e-02,-1.721117543835017916e-01,3.631503417739495032e-01,1.025924614620812747e+00,1.557115175807688434e+00,9.613017624165087760e-01,-5.014038346454260386e-01,2.992584633939859851e-02,2.772204619951502136e-01,-1.796210602554106917e-01,2.607668767675214508e-02,4.757028237683350036e-01,-2.678883426509913457e-02,5.500592932353959991e-02,-4.815133140171973247e-02
3.520000,0.000000000000000000e+00,0.000000000000000000e+00,7.594907452582463359e-01,5.633547884081875345e-01,0.000000000000000000e+00,0.000000000000000000e+00,-8.262150944987426415e-01,-3.216953256885276557e-01,1.150664523665042432e-02,-6.146102701074318900e-03,6.680929821137314706e-01,-3.524329962838603225e-01,-1.304532564243918863e-02,-3.111138262036440838e-01,-1.462593889659806641e-02,7.614262553677020144e-03,6.678648428866986730e-01,-3.628066115743151521e-01,1.648927525263837318e-02,-1.212909038732956774e-01,-1.561609522035204145e-01,-8.252769426658645990e-02,-1.959096693353517549e-01,3.898116997743996670e-01,1.014250351424239582e+00,1.642519629269307391e+00,9.729797269250033409e-01,-5.301664602910711732e-01,6.859784938877674931e-02,2.702354041776723337e-01,-1.798552439863434771e-01,2.502035958319333286e-02,4.883633413054326855e-01,-2.631309814005348621e-02,4.943661375050528717e-02,-4.743945392166976083e-02
3.530000,0.000000000000000000e+00,0.000000000000000000e+00,7.594907452582463359e-01,5.675436404091667164e-01,0.000000000000000000e+00,0.000000000000000000e+00,-8.233433161392096356e-01,-3.216192781686190161e-01,1.106995923094360179e-02,-5.911983617997084925e-03,6.681399077494701855e-01,-3.525520383725091467e-01,-1.255632782379077599e-02,-3.109155679160373609e-01,-1.422285418883363628e-02,7.400914351640234048e-03,6.679097305121721728e-01,-3.630438154082493152e-01,1.603920654900143489e-02,-1.145962994647230088e-01,-1.467879367258462797e-01,-7.766730025000910531e-02,-2.085670340594311944e-01,3.962179009089228932e-01,1.008937533356810468e+00,1.680168817507183832e+00,9.789346975752588609e-01,-5.432856745268647147e-01,8.481179280643556806e-02,2.651735450782060077e-01,-1.806241021185653606e-01,2.420627543649108218e-02,4.963117041126748896e-01,-2.629478033856333732e-02,4.695133878718916326e-02,-4.710773747078923768e-02
3.540000,0.000000000000000000e+00,0.000000000000000000e+00,7.594907452582463359e-01,5.717178534210245466e-01,0.000000000000000000e+00,0.000000000000000000e+00,-8.204503007980774587e-01,-3.214983507240032901e-01,1.056966980882959907e-02,-5.643226215702962754e-03,6.681970624052915309e-01,-3.527264111511118072e-01,-1.199005777007021781e-02,-3.107187646642390333e-01,-1.374190859825665835e-02,7.147252007108163656e-03,6.679654144667716009e-01,-3.632924505243287916e-01,1.549726892473211361e-02,-1.072356567155478141e-01,-1.369611457154123468e-01,-7.232059283216696333e-02,-2.228585000635515123e-01,4.041165835542389617e-01,1.002756966011711492e+00,1.723062399445949966e+00,9.862073551730413667e-01,-5.583063330148778647e-01,1.037732916962531837e-01,2.593064456111002225e-01,-1.814759000328374783e-01,2.305660304054421572e-02,5.061409771725395856e-01,-2.591949824060450075e-02,4.323854141144991420e-02,-4.641053025627384088e-02
3.550000,0.000000000000000000e+00,0.000000000000000000e+00,7.594907452582463359e-01,5.758773197758135787e-01,0.000000000000000000e+00,0.000000000000000000e+00,-8.175361230966038395e-01,-3.213324063157378951e-01,1.004158714784478441e-02,-5.359173313251262664e-03,6.682578597256606523e-01,-3.529495113438734233e-01,-1.139102767547911510e-02,-3.105429523877190623e-01,-1.321346478064268186e-02,6.869483772898697313e-03,6.680261002985451446e-01,-3.635254518596787165e-01,1.490118181241834212e-02,-9.998749257373287791e-02,-1.277489534769457868e-01,-6.690151438146045570e-02,-2.380896625801912636e-01,4.140538890487888146e-01,9.958343571302626929e-01,1.770118586101044000e+00,9.946909656470235284e-01,-5.748806814550986299e-01,1.253080018658483119e-01,2.529078211299174428e-01,-1.822339495727402781e-01,2.175613183519355814e-02,5.174339445680048444e-01,-2.513323793197283842e-02,3.834735818121014911e-02,-4.515483740744154900e-02
3.560000,0.000000000000000000e+00,0.000000000000000000e+00,7.594907452582463359e-01,5.800219321859557686e-01,0.000000000000000000e+00,0.000000000000000000e+00,-8.146008582018990918e-01,-3.211194285943071436e-01,9.490127311831303078e-03,-5.062291784600348246e-03,6.683207229070370348e-01,-3.532217303273715303e-01,-1.076516014979580008e-02,-3.103916112707864050e-01,-1.264042763313260806e-02,6.569170620788786739e-03,6.680903877007160485e-01,-3.637375517006538606e-01,1.425499531442115525e-02,-9.294751763991364324e-02,-1.192557642050457861e-01,-6.143137377120530540e-02,-2.538752882650902043e-01,4.254261696515520552e-01,9.883059189643381703e-01,1.819736729495517125e+00,1.004248039588717889e+00,-5.925016356486159097e-01,1.487882685880178857e-01,2.460289645750860510e-01,-1.828672599927497477e-01,2.035448402531266424e-02,5.300391262527452962e-01,-2.395347654423878037e-02,3.235405621316898156e-02,-4.331542602519325436e-02
3.570000,0.000000000000000000e+00,0.000000000000000000e+00,7.594907452582463359e-01,5.841515837470091510e-01,0.000000000000000000e+00,0.000000000000000000e+00,-8.116445818249888866e-01,-3.209176304495508503e-01,9.051477446521004680e-03,-4.826125318554086441e-03,6.683667984973139520e-01,-3.534634552242462147e-01,-1.027460057187752282e-02,-3.102945708004777314e-01,-1.216821703390329884e-02,6.322330146490479606e-03,6.681383794624432548e-01,-3.638780260106387887e-01,1.373057472398045258e-02,-8.763952496836768802e-02,-1.121025585315051087e-01,-5.763699539574129727e-02,-2.628585357283490520e-01,4.290675678292134032e-01,9.843235269508570084e-01,1.846335454146562416e+00,1.009787556759154104e+00,-6.023998387978031221e-01,1.609429004278994102e-01,2.416460113421760036e-01,-1.836290060153568660e-01,1.943347386132217303e-02,5.374487402818345361e-01,-2.329663504579587707e-02,2.936006307714669056e-02,-4.206788397941626373e-02
3.580000,0.000000000000000000e+00,0.000000000000000000e+00,7.594907452582462248e-01,5.882661679404262989e-01,0.000000000000000000e+00,0.000000000000000000e+00,-8.086673702188595936e-01,-3.205495067219270022e-01,8.335503907057915940e-03,-4.440373206388186118e-03,6.684467646846371514e-01,-3.539094601509636395e-01,-9.457042250582031392e-03,-3.101726769243761672e-01,-1.137553106242447133e-02,5.908721745741825522e-03,6.682240292085988020e-01,-3.640823746887342782e-01,1.283232353732802027e-02,-7.924397673193910030e-02,-1.020685410284264821e-01,-5.116081050455280332e-02,-2.797579593373947793e-01,4.396260248679498273e-01,9.759859746688848148e-01,1.898570453872728825e+00,1.021177368238697980e+00,-6.217309233362757759e-01,1.863535109720547700e-01,2.335755083152157852e-01,-1.846306829199885757e-01,1.753317834243144080e-02,5.522949232697554889e-01,-2.148461667077712633e-02,2.199440925106414119e-02,-3.923606900097611344e-02
3.590000,0.000000000000000000e+00,0.000000000000000000e+00,7.594907452582463359e-01,5.923655786363011266e-01,0.000000000000000000e+00,0.000000000000000000e+00,-8.056693001764930750e-01,-3.202647126848109371e-01,7.857417027999502243e-03,-4.182922102875020511e-03,6.684955177971175777e-01,-3.542363782211355727e-01,-8.920660073024812287e-03,-3.101193085440477892e-01,-1.082653143776708161e-02,5.622899825591852474e-03,6.682770085186189313e-01,-3.641851242713806114e-01,1.222130785105936951e-02,-7.397709111312389396e-02,-9.525301510071682021e-02,-4.738303574492557652e-02,-2.883919990904023067e-01,4.432416167995776313e-01,9.718184967353981074e-01,1.924783756985433358e+00,1.027339618828791323e+00,-6.318785791496548399e-01,1.989014124532834382e-01,2.290816369772538386e-01,-1.854242504141759007e-01,1.647474910281385152e-02,5.601936295445419933e-01,-2.046664179902604394e-02,1.839968782852311607e-02,-3.743587747187701598e-02
3.600000,0.000000000000000000e+00,0.000000000000000000e+00,7.594907452582463359e-01,5.964497100961068110e-01,0.000000000000000000e+00,0.000000000000000000e+00,-8.026504490288846050e-01,-3.198813212659369354e-01,7.271784463029141825e-03,-3.867611735287799363e-03,6.685540077746147114e-01,-3.546714510925205177e-01,-8.261075654665118659e-03,-3.100816529953796530e-01,-1.013596148228257214e-02,5.263841181659604032e-03,6.683421644971612174e-01,-3.642843129037523497e-01,1.144996577456440859e-02,-6.765157544015409918e-02,-8.679989487732987785e-02,-4.305162415562365646e-02,-2.972559095436571597e-01,4.455171950951062887e-01,9.675849016797850588e-01,1.951454557738254270e+00,1.034000463996866515e+00,-6.427151715859109604e-01,2.114752259492552744e-01,2.243007466139450290e-01,-1.865889219587458792e-01,1.518827204497586944e-02,5.682830896324052583e-01,-1.927773788680678044e-02,1.491435612658153359e-02,-3.530845561191871956e-02
3.610000,0.000000000000000000e+00,0.000000000000000000e+00,7.594907452582463359e-01,6.005184569754221657e-01,0.000000000000000000e+00,0.000000000000000000e+00,-7.996108946430494635e-01,-3.194285717006211667e-01,6.641569288141834122e-03,-3.528540287512010876e-03,6.686153989735063030e-01,-3.551797889331307911e-01,-7.548622441695951139e-03,-3.100733973820695710e-01,-9.371907913700339848e-03,4.867041162040789543e-03,6.684124354864453554e-01,-3.643597753913572768e-01,1.059356597195926578e-02,-6.103177023139835095e-02,-7.796504785883844046e-02,-3.860206141560571652e-02,-3.058678245702780019e-01,4.473164515552760512e-01,9.633175465140727534e-01,1.977824494325565619e+00,1.040941103073729668e+00,-6.538350160465979943e-01,2.239882722333179088e-01,2.196075096322538944e-01,-1.879135000214783580e-01,1.378379059450930352e-02,5.761510604746189479e-01,-1.790732450098695208e-02,1.148071964811278774e-02,-3.289837296841110342e-02
3.620000,0.000000000000000000e+00,0.000000000000000000e+00,7.594907452582463359e-01,6.045717143266505778e-01,0.000000000000000000e+00,0.000000000000000000e+00,-7.965507154200132112e-01,-3.189139287598104500e-01,5.987059051370143686e-03,-3.176801628603129115e-03,6.686766242980975994e-01,-3.557505589081795261e-01,-6.807375644497699191e-03,-3.100998424693434674e-01,-8.555553610846408641e-03,4.443479373866773656e-03,6.684846268911149858e-01,-3.644029345817453303e-01,9.676967637783355503e-03,-5.436944039290096675e-02,-6.912578771164681890e-02,-3.419160734921621037e-02,-3.139883610272869996e-01,4.488050334437501121e-01,9.590676234379051923e-01,2.003402131228978700e+00,1.048028052464415438e+00,-6.650226138308481527e-01,2.362669079613579082e-01,2.151737863738735490e-01,-1.893112873249530870e-01,1.233378287774415487e-02,5.835353566619897459e-01,-1.637844192181357045e-02,8.181041827784809456e-03,-3.023696100790819463e-02
3.630000,0.000000000000000000e+00,0.000000000000000000e+00,7.594907452582463359e-01,6.086093776017249546e-01,0.000000000000000000e+00,0.000000000000000000e+00,-7.934699902927904169e-01,-3.183382806357595851e-01,5.315466438465059860e-03,-2.816438802989268929e-03,6.687359715619237699e-01,-3.563808671653242444e-01,-6.046321769338071882e-03,-3.101638462936682772e-01,-7.693720363678440040e-03,3.996617024290908746e-03,6.685570035849877080e-01,-3.644091162429248243e-01,8.708592700062335601e-03,-4.774337057197644563e-02,-6.037722492751753517e-02,-2.988373225124016375e-02,-3.214674410029614848e-01,4.499399497551749283e-01,9.548912646656981806e-01,2.027811199947017418e+00,1.055159701768595859e+00,-6.761381762313543042e-01,2.481183616231874001e-01,2.111110073018968580e-01,-1.907479560705900024e-01,1.088196004770860398e-02,5.902156519952460600e-01,-1.471791413925945501e-02,5.137895796064910134e-03,-2.735790993743440064e-02
3.640000,0.000000000000000000e+00,0.000000000000000000e+00,7.594907452582463359e-01,6.126313426548067875e-01,0.000000000000000000e+00,0.000000000000000000e+00,-7.903687987243478430e-01,-3.177005455438098869e-01,4.630011627129961525e-03,-2.449348160075530152e-03,6.687922068079428239e-01,-3.570704168009359858e-01,-5.269550501725512280e-03,-3.102675584385203855e-01,-6.788858626447315942e-03,3.527613539905073963e-03,6.686283615287573756e-01,-3.643749527240220942e-01,7.691534793725182673e-03,-4.117373916697390085e-02,-5.172483218170850078e-02,-2.571019102636050435e-02,-3.281945457240080799e-01,4.506305230844242504e-01,9.508430649996348905e-01,2.050751253147012676e+00,1.062249257978247208e+00,-6.870802917737641735e-01,2.593577616116135576e-01,2.075135577656126162e-01,-1.922099632567640659e-01,9.456728201189402994e-03,5.959823832889580286e-01,-1.294986381793074813e-02,2.484494097660665431e-03,-2.429743953359020381e-02
3.650000,0.000000000000000000e+00,0.000000000000000000e+00,7.594907452582463359e-01,6.166375057449697827e-01,0.000000000000000000e+00,0.000000000000000000e+00,-7.872472207055559723e-01,-3.169990616797966343e-01,3.932712611167824349e-03,-2.076785613254354245e-03,6.688442482846614912e-01,-3.578197341336190607e-01,-4.479584480665007792e-03,-3.104129166091012526e-01,-5.842117220079377435e-03,3.036928262149560676e-03,6.686976700270216289e-01,-3.642975042957730669e-01,6.627189163528151433e-03,-3.466115907925854112e-02,-4.314797208806545742e-02,-2.169105412288283019e-02,-3.340830905891049030e-01,4.507908096243808949e-01,9.469726830409894713e-01,2.071986957585710609e+00,1.069220137126260184e+00,-6.977731620314767680e-01,2.698200826425061760e-01,2.044704024428799227e-01,-1.936906617119831253e-01,8.079504886404648839e-03,6.006302855028042842e-01,-1.109489086046016974e-02,3.547074060329387206e-04,-2.109281285442280232e-02
3.660000,0.000000000000000000e+00,0.000000000000000000e+00,7.594907452582463359e-01,6.206277635388778302e-01,0.000000000000000000e+00,0.000000000000000000e+00,-7.841053367531244378e-01,-3.162320027361252284e-01,3.225243451307647537e-03,-1.699828720839821660e-03,6.688910391245953546e-01,-3.586295760461685189e-01,-3.678466110958182340e-03,-3.106017829740367331e-01,-4.854287637956179735e-03,2.524812473748088912e-03,6.687639301094885358e-01,-3.641739594293247895e-01,5.516437963005667300e-03,-2.820020112646900307e-02,-3.462132823960201167e-02,-1.784078132750825663e-02,-3.390651711914577926e-01,4.503549627838942526e-01,9.433232072360410170e-01,2.091341573363812323e+00,1.076005037692325361e+00,-7.081610207073485430e-01,2.793645585475835191e-01,2.020668610852187908e-01,-1.951843700007874216e-01,6.768700358434703683e-03,6.039595783714700739e-01,-9.170268037273245770e-03,-1.121515238377005863e-03,-1.778120936210073055e-02
3.670000,0.000000000000000000e+00,0.000000000000000000e+00,7.594907452582463359e-01,6.246020131134488729e-01,0.000000000000000000e+00,0.000000000000000000e+00,-7.809432279075265715e-01,-3.150270207493175434e-01,2.190914991288964078e-03,-1.151570785323882511e-03,6.689508317567457452e-01,-3.599250725049206734e-01,-2.475120532586796204e-03,-3.109459987584457519e-01,-3.370305383113308094e-03,1.753952690007490409e-03,6.688650598496055366e-01,-3.639220167728118294e-01,3.799381103044502297e-03,-1.863764908816633453e-02,-2.482602558188982261e-02,-1.099518174260298749e-02,-3.432947214475942088e-01,4.591853911355550655e-01,9.678498923966839529e-01,2.094399999999999817e+00,1.124935712772357821e+00,-7.180404452643877056e-01,3.070220113216501345e-01,1.967392641539822962e-01,-1.967081607659386944e-01,4.061779258513409201e-03,6.147738671611047145e-01,-4.936486247792727655e-03,-9.121082803456640603e-03,-1.128051521665613191e-02
3.680000,0.000000000000000000e+00,0.000000000000000000e+00,7.594907452582463359e-01,6.285601519585114483e-01,0.000000000000000000e+00,0.000000000000000000e+00,-7.777609757309073002e-01,-3.140908585447683699e-01,1.464692643919138790e-03,-7.681111300476730751e-04,6.689772770456243745e-01,-3.608869810243452991e-01,-1.653879931356551369e-03,-3.112473110823235634e-01,-2.285023463405342486e-03,1.190034226505916641e-03,6.689176433769716823e-01,-3.636716919234649348e-01,2.576336783842857192e-03,-1.197347039782231844e-02,-1.395553398548277958e-02,-7.965814949505449841e-03,-3.361140413244765868e-01,4.558685276513381179e-01,1.001665306781029496e+00,2.094399999999999817e+00,1.162111999488944836e+00,-7.132096574376455278e-01,3.097705386417145546e-01,1.996933629813506528e-01,-1.991530354365097510e-01,3.284773014970316166e-03,6.049843213102130690e-01,-3.624527464913695866e-03,-2.238354313219714613e-03,-9.164332090756250465e-03
3.690000,0.000000000000000000e+00,0.000000000000000000e+00,7.594907452582463359e-01,6.325020779794463532e-01,0.000000000000000000e+00,0.000000000000000000e+00,-7.745586623049814934e-01,-3.130824768923454182e-01,7.338293779987686491e-04,-3.838904792275321274e-04,6.689941057815642633e-01,-3.619117697442826853e-01,-8.281771728332913349e-04,-3.115980847598761039e-01,-1.161292841170836077e-03,6.053167992875506994e-04,6.689630445506034029e-01,-3.633653112658102868e-01,1.309583645950564970e-03,-5.374500156145677054e-03,-3.195922487978882908e-03,-5.061481899950297063e-03,-3.284952672928192485e-01,4.520220425062219660e-01,1.033644486173257215e+00,2.094399999999999817e+00,1.196974460917492600e+00,-7.088720580973456586e-01,3.113165685110477754e-01,2.034484225980016103e-01,-2.015277304195555730e-01,2.614330496451846425e-03,5.934333216125938781e-01,-2.234470630818446209e-03,5.552954562312356970e-03,-7.022390499618261575e-03
3.700000,0.000000000000000000e+00,0.000000000000000000e+00,7.594907452582463359e-01,6.364276894998223133e-01,0.000000000000000000e+00,0.000000000000000000e+00,-7.713363702289149915e-01,-3.119999999999996110e-01,1.034153893635125992e-16,1.467637457473107224e-16,6.689999999999991509e-01,-3.629999999999996008e-01,-8.522760284309160108e-17,-3.119999999999995555e-01,-3.853535545574835606e-18,1.546474428105402973e-18,6.689999999999989289e-01,-3.629999999999994342e-01,-6.259484225923054359e-17,1.163526452340807402e-03,7.440724685072631558e-03,-2.279356012785427408e-03,-3.206003917173754769e-01,4.475616059355243537e-01,1.063125482312735182e+00,2.094399999999999817e+00,1.228890652246317661e+00,-7.052893704465906799e-01,3.115957463789233439e-01,2.079993660945001210e-01,-2.038080993377109629e-01,2.058563935096241557e-03,5.801324521036901327e-01,-7.716211368051198623e-04,1.424416099725336199e-02,-4.877907749754416440e-03
3.710000,0.000000000000000000e+00,0.000000000000000000e+00,7.594907452582463359e-01,6.468854777563324276e-01,0.000000000000000000e+00,0.000000000000000000e+00,-7.625871613579404684e-01,-3.141371153526406612e-01,-1.750290815022527598e-03,9.179869541155623574e-04,6.690454783866297550e-01,-3.609091664063175942e-01,1.976415220680008151e-03,-3.090975355980988271e-01,3.045573596497436935e-04,-1.577815000268264622e-04,6.689405116732362044e-01,-3.658430001018962430e-01,-3.430017292928611863e-04,1.584304680416505394e-03,9.766351168832509977e-03,-3.103870799604888705e-03,-3.225332069712417149e-01,4.458363306103743651e-01,1.094539004512594449e+00,2.094399999999999817e+00,1.267433878049447626e+00,-6.911447194172904984e-01,3.313258510666677314e-01,2.134515304654780732e-01,-2.054085771046930964e-01,1.039888504171194907e-03,5.914445321580223958e-01,-1.700655851805627687e-03,-1.651657404765694438e-03,-4.667331596456725414e-03
3.720000,0.000000000000000000e+00,0.000000000000000000e+00,7.594907452582463359e-01,6.572230009518977845e-01,0.000000000000000000e+00,0.000000000000000000e+00,-7.536961768642466142e-01,-3.159827983049295352e-01,-3.561527938231864258e-03,1.876323927238508684e-03,6.690442316929223754e-01,-3.590647746825491038e-01,4.025550626820134995e-03,-3.063535021687290860e-01,8.052643864034377636e-04,-4.143830921936446929e-04,6.688441949399382969e-01,-3.684908596151938998e-01,-9.056290863205642208e-04,2.003269072481399585e-03,1.198947202708419008e-02,-3.924789926920065584e-03,-3.223069644996157668e-01,4.444598507917304486e-01,1.129482661539241262e+00,2.094399999999999817e+00,1.309126314985088912e+00,-6.761641173993468978e-01,3.507991445420958754e-01,2.193665984110857725e-01,-2.063242171333126707e-01,4.758283717463803950e-04,6.007854643637341452e-01,-2.880673429091654830e-03,-1.604086429588154686e-02,-5.147780780894090948e-03
3.730000,0.000000000000000000e+00,0.000000000000000000e+00,7.594907452582463359e-01,6.674383371963226175e-01,0.000000000000000000e+00,0.000000000000000000e+00,-7.446650697062459079e-01,-3.175440736282123533e-01,-5.415329668725162027e-03,2.863762394949912349e-03,6.690025636439222989e-01,-3.574662441486896602e-01,6.125916283074181630e-03,-3.037805982074190392e-01,1.485310573125173507e-03,-7.595023748682650172e-04,6.687174540227930342e-01,-3.709374198639588394e-01,-1.668229879802865566e-03,2.414928139805392737e-03,1.412748585154419319e-02,-4.732205986071894889e-03,-3.203895264849201396e-01,4.431371172752491816e-01,1.165425380148823908e+00,2.094399999999999817e+00,1.351399878230424623e+00,-6.611517927890733226e-01,3.696104189545467156e-01,2.256821758775242603e-01,-2.065976293888389936e-01,3.472810845885313403e-04,6.081822317531095923e-01,-4.308709623747149393e-03,-2.889789373121954066e-02,-6.294623823496085617e-03
3.740000,0.000000000000000000e+00,0.000000000000000000e+00,7.594907452582462248e-01,6.775295873156753634e-01,0.000000000000000000e+00,0.000000000000000000e+00,-7.354955188931137089e-01,-3.188289528024346731e-01,-7.294027512837942054e-03,3.869241864132082990e-03,6.689263308576047784e-01,-3.561114893136435589e-01,8.256730857882550040e-03,-3.013898673990558774e-01,2.327497921209046965e-03,-1.183136777720445549e-03,6.685661661220523300e-01,-3.731776755979739346e-01,-2.610949382947946353e-03,2.814493730755148176e-03,1.619258463860386021e-02,-5.517010901792455090e-03,-3.172647270534659225e-01,4.416615977670663717e-01,1.200137956375227244e+00,2.094399999999999817e+00,1.392099560612488629e+00,-6.468925505717973978e-01,3.875092091667563521e-01,2.323287378084717691e-01,-2.062710903764877479e-01,6.340067902069567276e-04,6.136901788321562634e-01,-5.979418539831122745e-03,-4.021622517335609465e-02,-8.076621349209304676e-03
3.750000,0.000000000000000000e+00,0.000000000000000000e+00,7.594907452582463359e-01,6.874948752053713363e-01,0.000000000000000000e+00,0.000000000000000000e+00,-7.261892291726385062e-01,-3.198463921861650072e-01,-9.180679565334620013e-03,4.881984669754342934e-03,6.688209747233810898e-01,-3.549969927075760090e-01,1.039797970681453736e-02,-2.991907099343095733e-01,3.314325433577184048e-03,-1.675606474172176190e-03,6.683957185884550345e-01,-3.752077854099139520e-01,-3.713812038251493482e-03,3.197539012926355843e-03,1.819066303597409451e-02,-6.270385926480659400e-03,-3.133813354286337782e-01,4.399295216606033954e-01,1.231867904950786574e+00,2.094399999999999817e+00,1.429622445095718009e+00,-6.340627363824042906e-01,4.043914090049450238e-01,2.392280465013098545e-01,-2.053858804826736439e-01,1.314291244120617151e-03,6.173961992533905097e-01,-7.884480389300228473e-03,-5.001077995668162801e-02,-1.045541149643621458e-02
3.760000,0.000000000000000000e+00,0.000000000000000000e+00,7.594907452582463359e-01,6.973323481789667211e-01,0.000000000000000000e+00,0.000000000000000000e+00,-7.167479307142842204e-01,-3.206062492920617180e-01,-1.105908400894980471e-02,5.891583742657400570e-03,6.686915495707232981e-01,-3.541178784647058819e-01,1.253047018345133934e-02,-2.971908979720449540e-01,4.428077298240375853e-03,-2.227568006894740937e-03,6.682110427037628586e-01,-3.770250766634767325e-01,-4.956802936639541704e-03,3.559848758370727766e-03,2.012188318726811781e-02,-6.983731442565846784e-03,-3.091126689835184127e-01,4.379271662196231873e-01,1.259421818027141704e+00,2.094399999999999817e+00,1.462950845972671887e+00,-6.231702096622769860e-01,4.202597500938858310e-01,2.462939208678811276e-01,-2.039823130189832856e-01,2.364802317509853095e-03,6.194161424778202862e-01,-1.001251112919791970e-02,-5.831646480630767876e-02,-1.338601206518365457e-02
3.770000,0.000000000000000000e+00,0.000000000000000000e+00,7.594907452582462248e-01,7.070401773125991607e-01,0.000000000000000000e+00,0.000000000000000000e+00,-7.071733787875278399e-01,-3.211192372427082997e-01,-1.291379320551077313e-02,6.888082675169287898e-03,6.685427474958810512e-01,-3.534679866847372787e-01,1.463588399837444619e-02,-2.953965953601352390e-01,5.650913782978674547e-03,-2.830019859502258019e-03,6.680166442983362929e-01,-3.786280450639311068e-01,-6.319948871429080517e-03,3.897426640881136196e-03,2.198218143382717898e-02,-7.648882258325392404e-03,-3.047346293137048190e-01,4.357035500222456448e-01,1.282157620301353385e+00,2.094399999999999817e+00,1.491601485225568124e+00,-6.145310637930085917e-01,4.351746951723202694e-01,2.534346748393139226e-01,-2.021001720801621493e-01,3.760569193087894696e-03,6.198883565527008033e-01,-1.234924290548766734e-02,-6.518423665790841481e-02,-1.681795792100837864e-02
3.780000,0.000000000000000000e+00,0.000000000000000000e+00,7.594907452582462248e-01,7.166165577850088786e-01,0.000000000000000000e+00,0.000000000000000000e+00,-6.974673534355317894e-01,-3.213968774494920244e-01,-1.473012875320336285e-02,7.862047534821925074e-03,6.683789201844578809e-01,-3.530399485664641457e-01,1.669682646103608573e-02,-2.938123816726699311e-01,6.964963875216761274e-03,-3.474301253945359918e-03,6.678166314202012011e-01,-3.800163489999762723e-01,-7.783398730516835791e-03,4.206575790573442372e-03,2.376496513113628833e-02,-8.258396254790084309e-03,-3.004227233162528043e-01,4.333410630630455951e-01,1.299910225649185014e+00,2.094399999999999817e+00,1.515524299113538031e+00,-6.082783963077813549e-01,4.492122188218127254e-01,2.605562354922392743e-01,-1.997792456621698409e-01,5.475020316599910931e-03,6.189658475031927232e-01,-1.487776923592783358e-02,-7.067638273265695881e-02,-2.069663894468769597e-02
3.790000,0.000000000000000000e+00,0.000000000000000000e+00,7.594907452582463359e-01,7.260597092130830488e-01,0.000000000000000000e+00,0.000000000000000000e+00,-6.876316591442058757e-01,-3.214514505330268168e-01,-1.649419778410299645e-02,8.804630002601178743e-03,6.682040980415933085e-01,-3.528252622782609982e-01,1.869687245851230778e-02,-2.924412805741368193e-01,8.352418724701358294e-03,-4.152085477459722604e-03,6.676147392604395714e-01,-3.811907987902662387e-01,-9.327502959675524480e-03,4.483985713519744384e-03,2.546251206311202220e-02,-8.805778155864599221e-03,-2.962635231623463872e-01,4.309320450743795994e-01,1.312881544115809929e+00,2.094399999999999817e+00,1.534982496139406072e+00,-6.043919447767965858e-01,4.624359911824914571e-01,2.675651430304832878e-01,-1.970597454288133543e-01,7.480039561149342230e-03,6.168089653421380270e-01,-1.757874182543557595e-02,-7.486226087930591966e-02,-2.496453775736878419e-02
3.800000,0.000000000000000000e+00,0.000000000000000000e+00,7.594907452582463359e-01,7.353678759828501388e-01,0.000000000000000000e+00,0.000000000000000000e+00,-6.776681245067319725e-01,-3.212959454865266240e-01,-1.819291067565921224e-02,9.707621539855172330e-03,6.680220069184994447e-01,-3.528143695068806651e-01,2.062060904776820067e-02,-2.912847924797094534e-01,9.795624979207755850e-03,-4.855369044634004830e-03,6.674143525329043758e-01,-3.821533409772179812e-01,-1.093289180677983925e-02,4.726798558961109106e-03,2.706689936666699728e-02,-9.285602540512440800e-03,-2.922742262812634828e-01,4.285640099262474356e-01,1.321522292067128790e+00,2.094399999999999817e+00,1.550436732712118015e+00,-6.027368770007728305e-01,4.748840764513471147e-01,2.743710172278801540e-01,-1.939825366872517942e-01,9.746024276485104609e-03,6.135795672464937622e-01,-2.043049541335954095e-02,-7.781506703986879048e-02,-2.956224314342487808e-02
3.810000,0.000000000000000000e+00,0.000000000000000000e+00,7.594907452582462248e-01,7.445393275758773743e-01,0.000000000000000000e+00,0.000000000000000000e+00,-6.675786018835986324e-01,-3.209440070731977013e-01,-1.981400025126084374e-02,1.056349841566142471e-02,6.678360827043285930e-01,-3.529967326083400248e-01,2.245367456253949401e-02,-2.903429314454255561e-01,1.127717714409449262e-02,-5.576457979535328659e-03,6.672185255026017447e-01,-3.829070378241306583e-01,-1.258055204182384305e-02,4.932657593320285278e-03,2.857050456628065088e-02,-9.693565201063344267e-03,-2.884246382983879919e-01,4.263125516552705441e-01,1.326424533938949324e+00,2.094399999999999817e+00,1.562446619448851104e+00,-6.031028101438613565e-01,4.865664170081593909e-01,2.808884004781252997e-01,-1.905891947092092087e-01,1.224194536991759716e-02,6.094368220345472986e-01,-2.340912981209393451e-02,-7.960967070626952247e-02,-3.442924204333699251e-02
3.820000,0.000000000000000000e+00,0.000000000000000000e+00,7.594907452582463359e-01,7.535723588909941650e-01,0.000000000000000000e+00,0.000000000000000000e+00,-6.573649670582261129e-01,-3.204098814444283905e-01,-2.134604244991721023e-02,1.136545755282801842e-02,6.676494840349892490e-01,-3.533609122721925733e-01,2.418279416074849142e-02,-2.896142661915074856e-01,1.278000814425609734e-02,-6.307952460357538031e-03,6.670299998544189091e-01,-3.834560421870992775e-01,-1.425190184094360206e-02,5.099750962922080730e-03,2.996621274537152740e-02,-1.002650846800927711e-02,-2.846576206538006804e-01,4.242394584345602904e-01,1.328235027927800793e+00,2.094399999999999817e+00,1.571595080252490950e+00,-6.052376971846564757e-01,4.974685660774775253e-01,2.870380663806957333e-01,-1.869219432775269252e-01,1.493541732944176324e-02,6.045343947376422555e-01,-2.648859488813349802e-02,-8.032129590249094397e-02,-3.950454965508782418e-02
3.830000,0.000000000000000000e+00,0.000000000000000000e+00,7.594907452582462248e-01,7.624652905612978593e-01,0.000000000000000000e+00,0.000000000000000000e+00,-6.470291188882272282e-01,-3.197083599666862286e-01,-2.277847835509888563e-02,1.210744327424153471e-02,6.674651033549208190e-01,-3.538946456025217069e-01,2.579581176222844191e-02,-2.890959651360428539e-01,1.428747732092574933e-02,-7.042731005917333455e-03,6.668512205924336245e-01,-3.838055679499663420e-01,-1.592886352424341054e-02,5.226859839219488539e-03,3.124746883720345633e-02,-1.028245214211821572e-02,-2.809058238180897060e-01,4.223935839652229185e-01,1.327592526863782263e+00,2.094399999999999817e+00,1.578435950125403942e+00,-6.088742007949268231e-01,5.075579843263944291e-01,2.927479351439474242e-01,-1.830235336250005396e-01,1.779278787558390487e-02,5.990186265497833284e-01,-2.964081871793973130e-02,-8.002476804256423992e-02,-4.472724300521917912e-02
3.840000,0.000000000000000000e+00,0.000000000000000000e+00,7.594907452582462248e-01,7.712164692663683319e-01,0.000000000000000000e+00,0.000000000000000000e+00,-6.365729789523875137e-01,-3.188547212512868878e-01,-2.410163738915844719e-02,1.278416515075632247e-02,6.672855765539348338e-01,-3.545849245151614371e-01,2.728171834824501610e-02,-2.887838452936150047e-01,1.578345515506779720e-02,-7.773935300959873389e-03,6.666843501584632792e-01,-3.839618562270459279e-01,-1.759393384658592546e-02,5.313410975540182671e-03,3.240827908816380776e-02,-1.046063868844642440e-02,-2.771039264326010665e-01,4.208127345637248662e-01,1.325087676614252086e+00,2.094399999999999817e+00,1.583462209815821753e+00,-6.137482055158626215e-01,5.167905653185482784e-01,2.979537188790177815e-01,-1.789371068015421784e-01,2.077925572719673680e-02,5.930273703211870195e-01,-3.283590481226816155e-02,-7.879409685659888307e-02,-5.003694526705843026e-02
3.850000,0.000000000000000000e+00,0.000000000000000000e+00,7.594907452582463359e-01,7.798242680396466620e-01,0.000000000000000000e+00,0.000000000000000000e+00,-6.259984911934128871e-01,-3.178646713918892308e-01,-2.530676140378488453e-02,1.339110726573010737e-02,6.671132913881600013e-01,-3.554180743499934514e-01,2.863067661299886074e-02,-2.886724248737801424e-01,1.725240407296095221e-02,-8.494956657596964417e-03,6.665312809569605701e-01,-3.839321375539159753e-01,-1.923025155696154315e-02,5.359526163704446573e-03,3.344322280602445713e-02,-1.056158299593480850e-02,-2.731965353778321726e-01,4.195256155437035450e-01,1.321241709838477218e+00,2.094399999999999817e+00,1.587090813363034369e+00,-6.196103078469352710e-01,5.251162480585220838e-01,3.025993784605241488e-01,-1.747060638945611699e-01,2.385902271956340595e-02,5.866892448220279999e-01,-3.604240911751153270e-02,-7.670224584392830447e-02,-5.537428528785611620e-02
3.860000,0.000000000000000000e+00,0.000000000000000000e+00,7.594907452582463359e-01,7.882870865709077357e-01,0.000000000000000000e+00,0.000000000000000000e+00,-6.153076215565269624e-01,-3.167542824291338932e-01,-2.638602932948910101e-02,1.392452931853400792e-02,6.669503948813833016e-01,-3.563798325988652982e-01,2.983404197225081669e-02,-2.887549793965110134e-01,1.867945475726853766e-02,-9.199424995461629243e-03,6.663936464706436968e-01,-3.837245902999201763e-01,-2.082166196460864815e-02,5.366057776935660370e-03,3.434749977287160361e-02,-1.058710815332976861e-02,-2.691424320803711412e-01,4.185534576061412104e-01,1.316499199542592313e+00,2.094399999999999817e+00,1.589659666261888260e+00,-6.262316971500205831e-01,5.324833819447082339e-01,3.066374356762242570e-01,-1.703739531231451276e-01,2.699548410687875599e-02,5.801231700245432776e-01,-3.922769488860407966e-02,-7.382100898105199704e-02,-6.068133854140547734e-02
3.870000,0.000000000000000000e+00,0.000000000000000000e+00,7.594907452582464469e-01,7.966033515037831414e-01,0.000000000000000000e+00,0.000000000000000000e+00,-6.045023576239717533e-01,-3.155399290799176804e-01,-2.733258198905976974e-02,1.438146008850649769e-02,6.667987998906189651e-01,-3.574554276530899632e-01,3.088437994504323811e-02,-2.890236011256589466e-01,2.005047745768342299e-02,-9.881201095889522931e-03,6.662728311478096632e-01,-3.833482955469016407e-01,-2.235277827761068467e-02,5.334600358807194131e-03,3.511701446679517391e-02,-1.054034848777201348e-02,-2.649160711632465581e-01,4.179112625838112827e-01,1.311230205375834457e+00,2.094399999999999817e+00,1.591432586846985187e+00,-6.334059977650863260e-01,5.388419421106687146e-01,3.100291594944888929e-01,-1.659843724857313074e-01,3.015145861112777242e-02,5.734381166574008537e-01,-4.235835436448183444e-02,-7.022096230316990373e-02,-6.590204455335126055e-02
3.880000,0.000000000000000000e+00,0.000000000000000000e+00,7.594907452582462248e-01,8.047715167282678550e-01,0.000000000000000000e+00,0.000000000000000000e+00,-5.935847082454899226e-01,-3.142382237894724706e-01,-2.814054663171711851e-02,1.475968387081797416e-02,6.666601910065147463e-01,-3.586296574784330060e-01,3.177547993100685725e-02,-2.894692616063526680e-01,2.135214786845867491e-02,-1.053437274821764774e-02,6.661699792371438278e-01,-3.828131886861785849e-01,-2.380903951093560345e-02,5.267471556639086519e-03,3.574848460750374574e-02,-1.042570633103115027e-02,-2.605072418683945235e-01,4.176087311669003932e-01,1.305737804063943575e+00,2.094399999999999817e+00,1.592608751145161428e+00,-6.409485351537383968e-01,5.441458576371976941e-01,3.127446334763492874e-01,-1.615808809176617344e-01,3.328945770995244552e-02,5.667330438127670122e-01,-4.540068031355998235e-02,-6.597148242348217784e-02,-7.098259093379342966e-02
3.890000,0.000000000000000000e+00,0.000000000000000000e+00,7.594907452582463359e-01,8.127900636681655300e-01,0.000000000000000000e+00,0.000000000000000000e+00,-5.825567031648501981e-01,-3.128659501873769511e-01,-2.880506070673584385e-02,1.505772057540549075e-02,6.665360299455995730e-01,-3.598869681295595591e-01,3.250236540803484037e-02,-2.900818770780478340e-01,2.257200721511860159e-02,-1.115325526201219920e-02,6.660860027393318283e-01,-3.821300079898689583e-01,-2.517676479449600796e-02,5.167659937868539569e-03,3.623955599129678046e-02,-1.024875629297160133e-02,-2.559196741732979730e-01,4.176509512038068528e-01,1.300267924849092926e+00,2.094399999999999817e+00,1.593333960837379548e+00,-6.486942314982618862e-01,5.483547260476405727e-01,3.147627089459072991e-01,-1.572069086412323513e-01,3.637199178626885493e-02,5.600970148909807378e-01,-4.832116751440890257e-02,-6.114083219186060986e-02,-7.587175364003669042e-02
3.900000,0.000000000000000000e+00,0.000000000000000000e+00,7.594907452582463359e-01,8.206575015634114401e-01,0.000000000000000000e+00,0.000000000000000000e+00,-5.714203926424916702e-01,-3.114399950528999317e-01,-2.932229436776911599e-02,1.527480024846829092e-02,6.664275605764647947e-01,-3.612115320189996370e-01,3.306130057347635154e-02,-2.908503765214092707e-01,2.369851626870343730e-02,-1.173239667054039141e-02,6.660215886365394855e-01,-3.813102404130926937e-01,-2.644320394641086133e-02,5.038741169346579521e-03,3.658890554089799796e-02,-1.001609787417933120e-02,-2.511691810141241099e-01,4.180389024470223536e-01,1.295019378469583815e+00,2.094399999999999817e+00,1.593711916829755326e+00,-6.564950189629729094e-01,5.514351312929801630e-01,3.160708513369498429e-01,-1.529056573970684618e-01,3.936190907715759330e-02,5.536094831064337640e-01,-5.108702360515220142e-02,-5.579631210954111992e-02,-8.052118518891160370e-02
3.910000,0.000000000000000000e+00,0.000000000000000000e+00,7.594907452582462248e-01,8.283723677472272229e-01,0.000000000000000000e+00,0.000000000000000000e+00,-5.601778470743488114e-01,-3.099772789201657441e-01,-2.968947118188807952e-02,1.541083283215874747e-02,6.663358137060689801e-01,-3.625873258574427438e-01,3.344979344695839241e-02,-2.917627720843123384e-01,2.472110308247178062e-02,-1.226658780092139064e-02,6.659772055505114308e-01,-3.803660648802105748e-01,-2.759658421095471589e-02,4.884767080181438674e-03,3.679631783380680338e-02,-9.735162834046113753e-03,-2.462817293994512824e-01,4.187698101609157453e-01,1.290152823807701132e+00,2.094399999999999817e+00,1.593814414981947980e+00,-6.642173480227776539e-01,5.533617109529823663e-01,3.166648918254803546e-01,-1.487199825861173219e-01,4.222276184309296798e-02,5.473407306617495971e-01,-5.366666996059777511e-02,-5.000447005289055530e-02,-8.488564587066699252e-02
3.920000,0.000000000000000000e+00,0.000000000000000000e+00,7.594907452582463359e-01,8.359332279180495817e-01,0.000000000000000000e+00,0.000000000000000000e+00,-5.488311566069388192e-01,-3.084946854787420922e-01,-2.990488651039432261e-02,1.546637402102713811e-02,6.662616117351536360e-01,-3.639982081819418958e-01,3.366659544518388336e-02,-2.928062316204748106e-01,2.563020432232120463e-02,-1.275087723797932275e-02,6.659531099683738686e-01,-3.793102933017410416e-01,-2.862615309345971013e-02,4.710134126727361613e-03,3.686272542327961865e-02,-9.413987513318317069e-03,-2.412916609615533559e-01,4.198373690266526403e-01,1.285798084275974862e+00,2.094399999999999817e+00,1.593689948940115286e+00,-6.717401055070535421e-01,5.541180561290501849e-01,3.165487007173344303e-01,-1.446922513272813904e-01,4.491919282300386312e-02,5.413524361868635726e-01,-5.603021579480454983e-02,-4.383135491287409174e-02,-8.892317664816500045e-02
3.930000,0.000000000000000000e+00,0.000000000000000000e+00,7.594907452582463359e-01,8.433386764061887586e-01,0.000000000000000000e+00,0.000000000000000000e+00,-5.373824307487710117e-01,-3.070089899497214225e-01,-2.996792303132926258e-02,1.544258810292935963e-02,6.662055732733576097e-01,-3.654279963860818659e-01,3.371169742936763747e-02,-2.939671530634440644e-01,2.641730013776917574e-02,-1.318059106442809672e-02,6.659493521612760425e-01,-3.781563095586899514e-01,-2.952221725462624360e-02,4.519438839331486012e-03,3.679020876282127622e-02,-9.060962434609571084e-03,-2.362401529150386370e-01,4.212318594243383840e-01,1.282059689761544163e+00,2.094399999999999817e+00,1.593370597225746588e+00,-6.789530609544365269e-01,5.536974820316963308e-01,3.157338018300661631e-01,-1.408641725661455013e-01,4.741733385310152593e-02,5.356983368921416355e-01,-5.814989198738373249e-02,-3.734279411716773245e-02,-9.259521576916261709e-02
3.940000,0.000000000000000000e+00,0.000000000000000000e+00,7.594907452582463359e-01,8.505873364351597132e-01,0.000000000000000000e+00,0.000000000000000000e+00,-5.258337979781638749e-01,-3.055367866404704591e-01,-2.987906288593848020e-02,1.534120868675870920e-02,6.661681177849606561e-01,-3.668605431610239553e-01,3.358632221529901651e-02,-2.952312403495790383e-01,2.707494259440066872e-02,-1.355135712225383551e-02,6.659657819056103989e-01,-3.769180066786523842e-01,-3.027617745341237149e-02,4.317328138441767216e-03,3.658195657768508607e-02,-8.684572279666784300e-03,-2.311739256896515049e-01,4.229401845116290137e-01,1.279020801589477063e+00,2.094399999999999817e+00,1.592877308364170297e+00,-6.857558313165506014e-01,5.521036777613508306e-01,3.142389477698868117e-01,-1.372765973620912738e-01,4.968520753070516938e-02,5.304249471695928753e-01,-6.000043468539844466e-02,-3.060467178253688247e-02,-9.586666384973682731e-02
3.950000,0.000000000000000000e+00,0.000000000000000000e+00,7.594907452582463359e-01,8.576778603776470389e-01,0.000000000000000000e+00,0.000000000000000000e+00,-5.141874053475262718e-01,-3.040944159024840943e-01,-2.963989595260866500e-02,1.516449821906384714e-02,6.661494703157320174e-01,-3.682798122486695136e-01,3.329291352530978215e-02,-2.965835805965728045e-01,2.759677776063741705e-02,-1.385913341114823095e-02,6.660020540995698068e-01,-3.756097224135681589e-01,-3.088055955021248161e-02,4.108352135868307935e-03,3.624219152118976495e-02,-8.293139074652419382e-03,-2.261441572615804640e-01,4.249458627781691478e-01,1.276745818314063419e+00,2.094399999999999817e+00,1.592223814746988486e+00,-6.920572827280525585e-01,5.493512265370568137e-01,3.120896745723325538e-01,-1.339692891971566713e-01,5.169312203268004030e-02,5.255722947948172630e-01,-6.155941212702967930e-02,-2.368318377309507408e-02,-9.870590416922282728e-02
3.960000,0.000000000000000000e+00,0.000000000000000000e+00,7.594907452582463359e-01,8.646089300060453287e-01,0.000000000000000000e+00,0.000000000000000000e+00,-5.024454180841948503e-01,-3.026978907355388770e-01,-2.925312378134329455e-02,1.491520717613825653e-02,6.661496663300319199e-01,-3.696699533978827779e-01,3.283512135165723989e-02,-2.980087222392741042e-01,2.797756161082095086e-02,-1.410024012165480602e-02,6.660576343492207174e-01,-3.742461734129668427e-01,-3.132904159996592608e-02,3.896826323517748117e-03,3.577606864297339789e-02,-7.894580355248037584e-03,-2.212055463371754294e-01,4.272290133724583883e-01,1.275282003442075096e+00,2.094399999999999817e+00,1.591419441498342469e+00,-6.977752590720670556e-01,5.454659788130986620e-01,3.093178510261508918e-01,-1.309806655706082235e-01,5.341404869016986440e-02,5.211746391368858866e-01,-6.280749108688310489e-02,-1.664504799765288354e-02,-1.010847861514474338e-01
3.970000,0.000000000000000000e+00,0.000000000000000000e+00,7.594907452582463359e-01,8.713792567375380216e-01,0.000000000000000000e+00,0.000000000000000000e+00,-4.906100191878839945e-01,-3.013628232973117327e-01,-2.872255875909226000e-02,1.459653378727471251e-02,6.661685566656814217e-01,-3.710153764021436595e-01,3.221778369296032785e-02,-2.994907538227741250e-01,2.821316997216928926e-02,-1.427139469503532071e-02,6.661318045788932052e-01,-3.728423881698769704e-01,-3.161647707789708855e-02,3.686709009349251661e-03,3.518955556933549278e-02,-7.496192436504366986e-03,-2.164154668145910898e-01,4.297663692581329409e-01,1.274660460847408361e+00,2.094399999999999817e+00,1.590471064012769942e+00,-7.028365255185009541e-01,5.404852574394071185e-01,3.059612337214120958e-01,-1.283475133213533570e-01,5.482397171542088138e-02,5.172611419573680536e-01,-6.372864171328675165e-02,-9.557652310636601325e-03,-1.029785805781225777e-01
3.980000,0.000000000000000000e+00,0.000000000000000000e+00,7.594907452582463359e-01,8.779875818736606607e-01,0.000000000000000000e+00,0.000000000000000000e+00,-4.786834090248398010e-01,-3.001043515903771275e-01,-2.805311812043722805e-02,1.421208509883548771e-02,6.662058125922714069e-01,-3.723008240823935666e-01,3.144690462020974936e-02,-3.010133831538664428e-01,2.830060280451685700e-02,-1.436974921009515418e-02,6.662236687000494539e-01,-3.714136388995876170e-01,-3.173891428881178006e-02,3.481498591772434412e-03,3.448930352038336727e-02,-7.104466860489257359e-03,-2.118331659358243801e-01,4.325313466342319835e-01,1.274896738383309858e+00,2.094399999999999817e+00,1.589384431754057081e+00,-7.071768288014631532e-01,5.344578744429071548e-01,3.020630341172804711e-01,-1.261046811365844345e-01,5.590219960825471013e-02,5.138564692955094326e-01,-6.431028129299769247e-02,-2.489127677205892324e-03,-1.043659151116971412e-01
3.990000,0.000000000000000000e+00,0.000000000000000000e+00,7.594907452582463359e-01,8.844326768343135914e-01,0.000000000000000000e+00,0.000000000000000000e+00,-4.666678049187565902e-01,-2.989370666079320116e-01,-2.725081246861689802e-02,1.376584012774510583e-02,6.662609309370024491e-01,-3.735114440627234078e-01,3.052962862728269416e-02,-3.025600165166916211e-01,2.823798315804135900e-02,-1.439292932052740719e-02,6.663321583519460356e-01,-3.699753724951665435e-01,-3.169361201445951293e-02,3.284153871850591447e-03,3.368251762997145904e-02,-6.724945813953653144e-03,-2.075189722854387520e-01,4.354941894265502156e-01,1.275991283937631060e+00,2.094399999999999817e+00,1.588165032524402775e+00,-7.107409959229222807e-01,5.274439421453845922e-01,2.976714993379169227e-01,-1.242847536312875895e-01,5.663162827123760512e-02,5.109813114343249030e-01,-6.454335870359308169e-02,4.491659891539674827e-03,-1.052286983249619973e-01
4.000000,0.000000000000000000e+00,0.000000000000000000e+00,7.594907452582463359e-01,8.907133433861692540e-01,0.000000000000000000e+00,0.000000000000000000e+00,-4.545654407385499862e-01,-2.978749402256499201e-01,-2.632272852786999087e-02,1.326211577770919359e-02,6.663332392212201194e-01,-3.746328591694805810e-01,2.947421122343592617e-02,-3.041138376664479503e-01,2.802455120473763828e-02,-1.433907390545677459e-02,6.664560387060814994e-01,-3.685431406883686312e-01,-3.147905145285173623e-02,3.097039189393817685e-03,3.277683378354078608e-02,-6.362119968913618022e-03,-2.035334936568627406e-01,4.386221966891891144e-01,1.277929921779474176e+00,2.094399999999999817e+00,1.586818629944181103e+00,-7.134830137064104294e-01,5.195144666956509338e-01,2.928395044847506568e-01,-1.229177122598091310e-01,5.699894676046593500e-02,5.086528160660949149e-01,-6.442238211416588534e-02,1.131519935206399402e-02,-1.055520397541435118e-01
4.010000,0.000000000000000000e+00,0.000000000000000000e+00,7.594907452582463359e-01,8.968284138654423199e-01,0.000000000000000000e+00,0.000000000000000000e+00,-4.423785664830461317e-01,-2.969312541297271513e-01,-2.527700590888658227e-02,1.270553610265369102e-02,6.664219007306591003e-01,-3.756512362669039984e-01,2.828998573237381103e-02,-3.056578863267153667e-01,2.766065378340514316e-02,-1.420687455137545525e-02,6.665939143054121496e-01,-3.671325295310626236e-01,-3.109494449920173487e-02,2.921894828105332971e-03,3.178020761154378565e-02,-6.019369956583946711e-03,-1.999367969488023977e-01,4.418800300101625167e-01,1.280684465760179691e+00,2.094399999999999817e+00,1.585351571624177058e+00,-7.153660502438609070e-01,5.107507193697408132e-01,2.876241513458541732e-01,-1.220305891476694410e-01,5.699477790973772606e-02,5.068849368599306349e-01,-6.394539300431419104e-02,1.791150207063613858e-02,-1.053241725950105623e-01
4.020000,0.000000000000000000e+00,0.000000000000000000e+00,7.594907452582463359e-01,9.027767513949744860e-01,0.000000000000000000e+00,0.000000000000000000e+00,-4.301094478626764639e-01,-2.961185300707208645e-01,-2.412280773405763717e-02,1.210100540068044864e-02,6.665259194235827467e-01,-3.765533533252582998e-01,2.698732627442454110e-02,-3.071751359308399487e-01,2.714772993463545475e-02,-1.399561395575587772e-02,6.667442348885884718e-01,-3.657590883008255411e-01,-3.054223841105942541e-02,2.759831943681425020e-03,3.070081958546131556e-02,-5.698950667333482246e-03,-1.967875720074355461e-01,4.452300887531993601e-01,1.284213541601643804e+00,2.094399999999999817e+00,1.583770937714166216e+00,-7.163623946093476968e-01,5.012433898283671363e-01,2.820863666594577435e-01,-1.216471206731690874e-01,5.661374779041418448e-02,5.056887053122558484e-01,-6.311388991678344718e-02,2.421033777218235122e-02,-1.045363846066102997e-01
4.030000,0.000000000000000000e+00,0.000000000000000000e+00,7.594907452582464469e-01,9.085572500955957365e-01,0.000000000000000000e+00,0.000000000000000000e+00,-4.177603658782498841e-01,-2.954484617293891002e-01,-2.287028503746163510e-02,1.145368550967111945e-02,6.666441445636427376e-01,-3.773266645013106380e-01,2.557760692512553446e-02,-3.086485703658989332e-01,2.648829293101319718e-02,-1.370520233128785792e-02,6.669053011296686151e-01,-3.644382579253825361e-01,-2.982311689111767292e-02,2.611350281327458420e-03,2.954699851254167717e-02,-5.402015867061089188e-03,-1.941422886749822885e-01,4.486329340673652077e-01,1.288463653254692920e+00,2.094399999999999817e+00,1.582084578780666773e+00,-7.164533031311078881e-01,4.910915353911884385e-01,2.762904925575187520e-01,-1.217874082222033666e-01,5.585448008413086696e-02,5.050724379225871585e-01,-6.193270564685376262e-02,3.014152665662800726e-02,-1.031829616156936108e-01
4.040000,0.000000000000000000e+00,0.000000000000000000e+00,7.594907452582463359e-01,9.141688352917211047e-01,0.000000000000000000e+00,0.000000000000000000e+00,-4.053336163968861983e-01,-2.949318484747489588e-01,-2.153053492542035888e-02,1.076897755416738288e-02,6.667752749485741370e-01,-3.779593629964634882e-01,2.407315706492312024e-02,-3.100612594984086257e-01,2.568590932778563873e-02,-1.333621089465225444e-02,6.670752702049240757e-01,-3.631852990141921644e-01,-2.894099761099000120e-02,2.476376194266545309e-03,2.832716421328611983e-02,-5.128679283916685004e-03,-1.920543614869596738e-01,4.520477385385591740e-01,1.293370497636723959e+00,2.094399999999999817e+00,1.580301077192231674e+00,-7.156287494103686919e-01,4.804013505686391960e-01,2.703038623522227568e-01,-1.224675939139403674e-01,5.471951389783439451e-02,5.050418934588774000e-01,-6.040984188006959243e-02,3.563527294040349375e-02,-1.012611467599110610e-01
4.050000,0.000000000000000000e+00,0.000000000000000000e+00,7.594907452582464469e-01,9.196104637111509605e-01,0.000000000000000000e+00,0.000000000000000000e+00,-3.928315097251770527e-01,-2.945785312862942984e-01,-2.011555255626737079e-02,1.005250826419817889e-02,6.669178625919844894e-01,-3.784404414456070120e-01,2.248721296028373395e-02,-3.113964332837221849e-01,2.474517557000347617e-02,-1.288990154458541718e-02,6.672521610807445880e-01,-3.620152195817354923e-01,-2.790052618895276157e-02,2.354317957194682759e-03,2.704978884955438340e-02,-4.878107360882206513e-03,-1.905733397611641122e-01,4.554327372502006699e-01,1.298860507419198340e+00,2.094399999999999817e+00,1.578429656083753629e+00,-7.138870817193535556e-01,4.692847907124751416e-01,2.641963562111253605e-01,-1.236995591810620271e-01,5.321514625408760302e-02,5.056003965535682543e-01,-5.855626566913438302e-02,4.062252363616765394e-02,-9.877111730281433466e-02
4.060000,0.000000000000000000e+00,0.000000000000000000e+00,7.594907452582463359e-01,9.248811236790278612e-01,0.000000000000000000e+00,0.000000000000000000e+00,-3.802563701796706219e-01,-2.943973311022867745e-01,-1.863817707200451229e-02,9.310120852443095132e-03,6.670703157038315734e-01,-3.787597495804261305e-01,2.083386564566024404e-02,-3.126375542853983003e-01,2.367169269310262850e-02,-1.236825186999674676e-02,6.674338594005797543e-01,-3.609427025459942540e-01,-2.670756662516642066e-02,2.244135073651588267e-03,2.572337527984620842e-02,-4.648638270848519036e-03,-1.897441424624828343e-01,4.587456576427380028e-01,1.304852582574207442e+00,2.094399999999999817e+00,1.576480053334754938e+00,-7.112345959510723015e-01,4.578580917934781391e-01,2.580399332150560832e-01,-1.254906538344471301e-01,5.135120332639063478e-02,5.067489443524813009e-01,-5.638567261349004822e-02,4.503533579260458192e-02,-9.571597953795604741e-02
4.070000,0.000000000000000000e+00,0.000000000000000000e+00,7.594907452582463359e-01,9.299798353059220979e-01,0.000000000000000000e+00,0.000000000000000000e+00,-3.676105356547469949e-01,-2.943959898442490841e-01,-1.711203168900753482e-02,8.547870298871025965e-03,6.672309008052460522e-01,-3.789080489046995348e-01,1.912800520757782993e-02,-3.137683884559315239e-01,2.247203964466262111e-02,-1.177397467933537917e-02,6.676181218340848655e-01,-3.599820330867151696e-01,-2.536918819012041679e-02,2.144418176104435220e-03,2.435644996349406802e-02,-4.437921511567859308e-03,-1.896063573585214934e-01,4.619441094238871948e-01,1.311259957928228914e+00,2.094399999999999817e+00,1.574462373833215523e+00,-7.076850353765102852e-01,4.462402341664306049e-01,2.519081385027236997e-01,-1.278434626223336479e-01,4.914074731567647653e-02,5.084863126843930381e-01,-5.391422217081150159e-02,4.880723554799239194e-02,-9.210178101978042098e-02
4.080000,0.000000000000000000e+00,0.000000000000000000e+00,7.594907452582463359e-01,9.349056506700046398e-01,0.000000000000000000e+00,0.000000000000000000e+00,-3.548963571879757972e-01,-2.945811143548948130e-01,-1.555145822922081832e-02,7.772022754169322437e-03,6.673977438058023015e-01,-3.788770641167063524e-01,1.738526160560350045e-02,-3.147730740556158868e-01,2.115374573539242561e-02,-1.111053130631412672e-02,6.678025797387130424e-01,-3.591470259513416252e-01,-2.389364875679163627e-02,2.053476177298142573e-03,2.295756731893287828e-02,-4.243072386465777425e-03,-1.901936227183196881e-01,4.649859212063153224e-01,1.317992145898574829e+00,2.094399999999999817e+00,1.572386930830245833e+00,-7.032590304144465954e-01,4.345514011304483781e-01,2.458755863818765097e-01,-1.307556153131328169e-01,4.659972852142262034e-02,5.108091774701666310e-01,-5.116025116840349635e-02,5.187355306942312283e-02,-8.793753816848376426e-02
4.090000,0.000000000000000000e+00,0.000000000000000000e+00,7.594907452582463359e-01,9.396576539932822714e-01,0.000000000000000000e+00,0.000000000000000000e+00,-3.421161985230178892e-01,-2.949581234726023626e-01,-1.397144644655674318e-02,6.989058637528224906e-03,6.675688298655964026e-01,-3.786595310151805727e-01,1.562194219894154704e-02,-3.156361886108826065e-01,1.972526269718688149e-02,-1.038213802342620451e-02,6.679847419719633361e-01,-3.584509528008946733e-01,-2.229037456492813374e-02,1.969427514594115740e-03,2.153532205822261333e-02,-4.060835878446236377e-03,-1.915331072859849937e-01,4.678294167644532209e-01,1.324956890715924818e+00,2.094399999999999817e+00,1.570264085848843472e+00,-6.979834926532056949e-01,4.229114828348533583e-01,2.400174221661350304e-01,-1.342196450261945451e-01,4.374659448860945821e-02,5.137122660550945685e-01,-4.814397225936820762e-02,5.417171861939393263e-02,-8.323527624986394591e-02
4.100000,0.000000000000000000e+00,0.000000000000000000e+00,7.594907452582463359e-01,9.442349618118516252e-01,0.000000000000000000e+00,0.000000000000000000e+00,-3.292724356701773325e-01,-2.955311984504529477e-01,-1.238755857478063618e-02,6.205678873259756236e-03,6.677420018608373198e-01,-3.782492406305225652e-01,1.385496618062517435e-02,-3.163428138370090181e-01,1.819593678543580603e-02,-9.593764982359830051e-03,6.681619966823144630e-01,-3.579064696936472001e-01,-2.056993640747689298e-02,1.890292601175881226e-03,2.009836586047312329e-02,-3.887754784326965998e-03,-1.936451006802802355e-01,4.704336300370842161e-01,1.332062072388853879e+00,2.094399999999999817e+00,1.568104095989969027e+00,-6.918909776252676336e-01,4.114386726616259260e-01,2.344087668691054172e-01,-1.382228979729002161e-01,4.060186996318713298e-02,5.171885519956059829e-01,-4.488716473798667894e-02,5.564150648673298755e-02,-7.801007788180916447e-02
4.110000,0.000000000000000000e+00,0.000000000000000000e+00,7.594907452582463359e-01,9.486367231401480193e-01,0.000000000000000000e+00,0.000000000000000000e+00,-3.163674564646655751e-01,-2.963032369116225806e-01,-1.081584959224089586e-02,5.428813586946042331e-03,6.679149572696598813e-01,-3.776410793319585624e-01,1.210179615242380595e-02,-3.168785984714249104e-01,1.657598131198309219e-02,-8.751127198139077232e-03,6.683316118971701636e-01,-3.575255448097890976e-01,-1.874402223476702087e-02,1.814084929021133989e-03,1.865542479445659804e-02,-3.720337449975067400e-03,-1.965427220061529145e-01,4.727584635809841118e-01,1.339217504825264582e+00,2.094399999999999817e+00,1.565916977313842162e+00,-6.850190304263077401e-01,4.002481970124708299e-01,2.291241496065548611e-01,-1.427474960424404971e-01,3.718772264393713917e-02,5.212295056953578642e-01,-4.141286574029470757e-02,5.622521522129279165e-02,-7.228013561096235939e-02
4.120000,0.000000000000000000e+00,0.000000000000000000e+00,7.594907452582463359e-01,9.528621196291544582e-01,0.000000000000000000e+00,0.000000000000000000e+00,-3.034036601226739460e-01,-2.972758105155015040e-01,-9.272783764647362509e-03,4.665632467867358857e-03,6.680852432946494668e-01,-3.768310646738880498e-01,1.038036710137722231e-02,-3.172298189827637005e-01,1.487644993469762478e-02,-7.860667200443312991e-03,6.684907347175083059e-01,-3.573193865251745316e-01,-1.682540618173287983e-02,1.738898633448061155e-03,1.721531413245796713e-02,-3.555220990186592871e-03,-2.002317496585626078e-01,4.747647995912460117e-01,1.346336582041411711e+00,2.094399999999999817e+00,1.563712393097251629e+00,-6.774095272766857967e-01,3.894512110863250776e-01,2.242369325459629692e-01,-1.477703518802001292e-01,3.352753029650103189e-02,5.258254122676953024e-01,-3.774507035788014081e-02,5.586777441319032422e-02,-6.606680376850389280e-02
4.130000,0.000000000000000000e+00,0.000000000000000000e+00,7.594907452582463359e-01,9.569103657185458189e-01,0.000000000000000000e+00,0.000000000000000000e+00,-2.903834567953189061e-01,-2.984491264899478136e-01,-7.775148088922940147e-03,3.923555902791742850e-03,6.682502500396607648e-01,-3.758163767602115679e-01,8.709013062078758624e-03,-3.173834381364585844e-01,1.310921096031097098e-02,-6.929529089632580248e-03,6.686363889204575139e-01,-3.572983719455646856e-01,-1.482791403706510899e-02,1.662990707726840498e-03,1.578694758326662506e-02,-3.389326459561958164e-03,-2.047105704305915985e-01,4.764145755412659833e-01,1.353337738242255783e+00,2.094399999999999817e+00,1.561499576079883322e+00,-6.691080246361521544e-01,3.791538835650891670e-01,2.198187324911988483e-01,-1.532632343765964467e-01,2.964546465919331783e-02,5.309657671785990019e-01,-3.390844953880945561e-02,5.451677005791917552e-02,-5.939464476983844637e-02
4.140000,0.000000000000000000e+00,0.000000000000000000e+00,7.594907452582463359e-01,9.607807087827350268e-01,0.000000000000000000e+00,0.000000000000000000e+00,-2.773092671205657500e-01,-2.998219931641651903e-01,-6.339963318181454817e-03,3.210265899044627280e-03,6.684072015607183115e-01,-3.745953849234007760e-01,7.106391766352822444e-03,-3.173271614097095683e-01,1.128692283993425541e-02,-5.965523855269286302e-03,6.687654707626277117e-01,-3.574719760138968527e-01,-1.276638519034658734e-02,1.584856432859865077e-03,1.437933847645046607e-02,-3.220003034066582382e-03,-2.099702414731800804e-01,4.776708378702684832e-01,1.360145700651111289e+00,2.094399999999999817e+00,1.559287294251811007e+00,-6.601631256049357299e-01,3.694566829991611234e-01,2.159388417485051115e-01,-1.591928809235924058e-01,2.556610672969576031e-02,5.366397596571544915e-01,-2.992809480110187118e-02,5.212238225745642606e-02,-5.229146527017611984e-02
4.150000,0.000000000000000000e+00,0.000000000000000000e+00,7.594907452582463359e-01,9.644724292707964608e-01,0.000000000000000000e+00,0.000000000000000000e+00,-2.641835217731957619e-01,-3.013917896133931906e-01,-4.984393299345741928e-03,2.533715744056213096e-03,6.685531446137348288e-01,-3.731676695346814454e-01,5.591407592900722069e-03,-3.170494912564672529e-01,9.423010952667461304e-03,-4.977085939887947869e-03,6.688747427680608038e-01,-3.578487013011764084e-01,-1.065663111331502204e-02,1.503296949643388117e-03,1.300159101315995387e-02,-3.045158845958541131e-03,-2.159946547038266995e-01,4.784977870624030349e-01,1.366692527226478493e+00,2.094399999999999817e+00,1.557083870243254564e+00,-6.506258711946609763e-01,3.604538689147009367e-01,2.126636488866520680e-01,-1.655211515076516204e-01,2.131410652813736650e-02,5.428368535992453836e-01,-2.582929871481649819e-02,4.863723054252666600e-02,-4.478833811200151616e-02
4.160000,0.000000000000000000e+00,0.000000000000000000e+00,7.594907452582463359e-01,9.679848408402393911e-01,0.000000000000000000e+00,0.000000000000000000e+00,-2.510086610129150242e-01,-3.031544395004636683e-01,-3.725653400031292591e-03,1.902137295994970213e-03,6.686849349253055630e-01,-3.715340387821509105e-01,4.183133133131297123e-03,-3.165397792264423305e-01,7.531645683340011319e-03,-3.973221159074875539e-03,6.689608252751284567e-01,-3.584360085860953116e-01,-8.515390453590029538e-03,1.417478237616542772e-03,1.166288032034542427e-02,-2.863376670112445510e-03,-2.227607901489120357e-01,4.788608261698435453e-01,1.372918433853723030e+00,2.094399999999999817e+00,1.554897264874489426e+00,-6.405491617620910905e-01,3.522331819283059939e-01,2.100560575082296988e-01,-1.722052187769806120e-01,1.691389836962143081e-02,5.495474757844388547e-01,-2.163737980565061392e-02,4.401612338744570474e-02,-3.691960677383646083e-02
4.170000,0.000000000000000000e+00,0.000000000000000000e+00,7.594907452582463359e-01,9.713172904846110178e-01,0.000000000000000000e+00,0.000000000000000000e+00,-2.377871342306681901e-01,-3.051043891695563448e-01,-2.580918839312173769e-03,1.324044766921382002e-03,6.687992208159586616e-01,-3.696965402736418493e-01,2.900729685335896868e-03,-3.157882759404975204e-01,5.627721707253627650e-03,-2.963446218997863903e-03,6.690201855057827940e-01,-3.592402483187033813e-01,-6.360280842422269369e-03,1.326981070675485293e-03,1.037242066732277021e-02,-2.674013174167287621e-03,-2.302390425491766535e-01,4.787266226724477547e-01,1.378772426409025309e+00,2.094399999999999817e+00,1.552735235771050881e+00,-6.299872116079384687e-01,3.448757199371408899e-01,2.081748983324278046e-01,-1.791977877110714212e-01,1.238948015275908969e-02,5.567638217361936537e-01,-1.737755999607479632e-02,3.821570945463406699e-02,-2.872287001645398505e-02
4.180000,0.000000000000000000e+00,0.000000000000000000e+00,7.594907452582463359e-01,9.744691586548978046e-01,0.000000000000000000e+00,0.000000000000000000e+00,-2.245213994932677704e-01,-3.072345900139429875e-01,-1.567233767092746652e-03,8.082338470353600361e-04,6.688924240079580086e-01,-3.676584673398675118e-01,1.763366977510182542e-03,-3.147861789177920921e-01,3.726838299534822405e-03,-1.957720203002283853e-03,6.690491239081257646e-01,-3.602665930490371315e-01,-4.209747541089796027e-03,1.231841785995520201e-03,9.139421792764437433e-03,-2.477280908628204034e-03,-2.383936043835318264e-01,4.780631909068331353e-01,1.384212761583476947e+00,2.094399999999999817e+00,1.550605581923850229e+00,-6.189950376003214849e-01,3.384559820283523646e-01,2.070743268875115672e-01,-1.864473384708381920e-01,7.764262291614730700e-03,5.644807905655082614e-01,-1.307490194193292564e-02,3.119402867636088955e-02,-2.023894558242924149e-02
4.190000,0.000000000000000000e+00,0.000000000000000000e+00,7.594907452582463359e-01,9.774398593747092301e-01,0.000000000000000000e+00,0.000000000000000000e+00,-2.112139230864020778e-01,-3.095364851016082497e-01,-7.014219582765703238e-04,3.637750264933770376e-04,6.689607174512002263e-01,-3.654243599294941247e-01,7.901423996663704992e-04,-3.135256782375974716e-01,1.845280391175549992e-03,-9.663685282386114909e-04,6.690437575093796108e-01,-3.615189708825522485e-01,-2.083009072104095947e-03,1.132583927200878516e-03,7.973033820163292346e-03,-2.274312619583468854e-03,-2.471828882215127421e-01,4.768399994832095978e-01,1.389207265965934246e+00,2.094399999999999817e+00,1.548516484335509924e+00,-6.076279808452683673e-01,3.330420581948733139e-01,2.068031960317419371e-01,-1.938983864325602990e-01,3.060988790467360568e-03,5.726970617764377547e-01,-8.754312665460057055e-03,2.290996136683414244e-02,-1.151181309876869556e-02
4.200000,0.000000000000000000e+00,0.000000000000000000e+00,7.594907452582463359e-01,9.802288403492176450e-01,0.000000000000000000e+00,0.000000000000000000e+00,-1.978671790561236377e-01,-3.119999999999999440e-01,1.152107220773336536e-17,7.571970142485463639e-17,6.690000000000000391e-01,-3.629999999999999893e-01,2.745863460691989494e-17,-3.119999999999999996e-01,1.686049196573437656e-17,3.715548446519983707e-17,6.690000000000000391e-01,-3.629999999999999893e-01,2.728530486118814609e-17,1.030241001865396825e-03,6.882281692372383894e-03,-2.067207812654438259e-03,-2.565599719064030060e-01,4.750281054218537524e-01,1.393733545113783778e+00,2.094399999999999817e+00,1.546476950958770358e+00,-5.959412590676047561e-01,3.286959411610678727e-01,2.074043894265134858e-01,-2.014917543001513434e-01,-1.698270332168300666e-03,5.814163294770859913e-01,-4.440618760377053331e-03,1.332257303693267815e-02,-2.588537728206221147e-03
4.210000,0.000000000000000000e+00,0.000000000000000000e+00,7.594907452582464469e-01,9.815882332290033485e-01,0.000000000000000000e+00,0.000000000000000000e+00,-1.910092678022814738e-01,-3.119210583619037580e-01,1.290764375185644939e-03,-6.733332273787932289e-04,6.689640975996745675e-01,-3.630434737951186985e-01,-1.455833113909061347e-03,-3.129047692627375254e-01,-1.007372841025792280e-03,5.267620818252102995e-04,6.689846917904047618e-01,-3.620801878506030858e-01,1.136784165012653123e-03,9.206532406196453119e-04,6.147776171283846243e-03,-1.846959388399421146e-03,-2.564939285746557496e-01,4.788365056009252774e-01,1.397683392873272146e+00,2.094399999999999817e+00,1.545745834846296463e+00,-5.942216108407774033e-01,3.207768561266219343e-01,1.983091820725031984e-01,-2.040227635794981120e-01,-3.874063716687085185e-03,5.921700174630368796e-01,-2.736202163773117108e-03,1.140936004880067911e-02,5.927811155124783956e-04
4.220000,0.000000000000000000e+00,0.000000000000000000e+00,7.594907452582462248e-01,9.828996471598507867e-01,0.000000000000000000e+00,0.000000000000000000e+00,-1.841420202263479022e-01,-3.118866197791866912e-01,2.419765967467565199e-03,-1.262174779144804252e-03,6.689230067086673337e-01,-3.630379140142159788e-01,-2.729166429719720628e-03,-3.136604000379250023e-01,-1.907765232625876313e-03,9.994191459183816330e-04,6.689602311534603718e-01,-3.613007844444535155e-01,2.153695800307819323e-03,8.223292736994566605e-04,5.484018047734348818e-03,-1.649206886515938199e-03,-2.565902430759970376e-01,4.820902638639271709e-01,1.401188301818972581e+00,2.094399999999999817e+00,1.545104222815736339e+00,-5.925339209675554164e-01,3.138607009713426654e-01,1.903416176910153468e-01,-2.063306965570062823e-01,-5.820334065358317641e-03,6.019114772466894747e-01,-1.221453846168227015e-03,9.418544765703513663e-03,3.499849226150945382e-03
4.230000,0.000000000000000000e+00,0.000000000000000000e+00,7.594907452582463359e-01,9.841630180412953566e-01,0.000000000000000000e+00,0.000000000000000000e+00,-1.772657719918005748e-01,-3.118903149848301082e-01,3.393651850831094080e-03,-1.770177030398077450e-03,6.688804157263554817e-01,-3.629931044274700702e-01,-3.827582471235664585e-03,-3.142794342917866190e-01,-2.702854507185536385e-03,1.418073488374590714e-03,6.689306601630605753e-01,-3.606531422959214916e-01,3.052269648726575312e-03,7.352979030324525165e-04,4.893721047186887392e-03,-1.474083672838096383e-03,-2.568127314396656535e-01,4.848295213378563950e-01,1.404276566669386606e+00,2.094399999999999817e+00,1.544567584872698962e+00,-5.909027959543476927e-01,3.079046908209961408e-01,1.834709128771198072e-01,-2.084105827092957997e-01,-7.541507064531723960e-03,6.105856351249706604e-01,1.113626009016815987e-04,7.432537484546517838e-03,6.123425335272244911e-03
4.240000,0.000000000000000000e+00,0.000000000000000000e+00,7.594907452582464469e-01,9.853782841211629062e-01,0.000000000000000000e+00,0.000000000000000000e+00,-1.703808592020616686e-01,-3.118903149848301082e-01,3.393651850831094080e-03,-1.770177030398077450e-03,6.688804157263554817e-01,-3.629931044274700702e-01,-3.827582471235664585e-03,-3.142794342917866190e-01,-2.702854507185536385e-03,1.418073488374590714e-03,6.689306601630605753e-01,-3.606531422959214916e-01,3.052269648726575312e-03,7.352979030324525165e-04,4.893721047186887392e-03,-1.474083672838096383e-03,-2.568127314396656535e-01,4.848295213378563950e-01,1.404276566669386606e+00,2.094399999999999817e+00,1.544567584872698962e+00,-5.909027959543476927e-01,3.079046908209961408e-01,1.834709128771198072e-01,-2.084105827092957997e-01,-7.541507064531723960e-03,6.105856351249706604e-01,1.113626009016815987e-04,7.432537484546517838e-03,6.123425335272244911e-03
4.250000,0.000000000000000000e+00,0.000000000000000000e+00,7.594907452582462248e-01,9.865453859985896523e-01,0.000000000000000000e+00,0.000000000000000000e+00,-1.634876183840650588e-01,-3.118903149848301082e-01,3.393651850831094080e-03,-1.770177030398077450e-03,6.688804157263554817e-01,-3.629931044274700702e-01,-3.827582471235664585e-03,-3.142794342917866190e-01,-2.702854507185536385e-03,1.418073488374590714e-03,6.689306601630605753e-01,-3.606531422959214916e-01,3.052269648726575312e-03,7.352979030324525165e-04,4.893721047186887392e-03,-1.474083672838096383e-03,-2.568127314396656535e-01,4.848295213378563950e-01,1.404276566669386606e+00,2.094399999999999817e+00,1.544567584872698962e+00,-5.909027959543476927e-01,3.079046908209961408e-01,1.834709128771198072e-01,-2.084105827092957997e-01,-7.541507064531723960e-03,6.105856351249706604e-01,1.113626009016815987e-04,7.432537484546517838e-03,6.123425335272244911e-03
4.260000,0.000000000000000000e+00,0.000000000000000000e+00,7.594907452582463359e-01,9.876642666269246362e-01,0.000000000000000000e+00,0.000000000000000000e+00,-1.565863864718103904e-01,-3.118903149848301082e-01,3.393651850831094080e-03,-1.770177030398077450e-03,6.688804157263554817e-01,-3.629931044274700702e-01,-3.827582471235664585e-03,-3.142794342917866190e-01,-2.702854507185536385e-03,1.418073488374590714e-03,6.689306601630605753e-01,-3.606531422959214916e-01,3.052269648726575312e-03,7.352979030324525165e-04,4.893721047186887392e-03,-1.474083672838096383e-03,-2.568127314396656535e-01,4.848295213378563950e-01,1.404276566669386606e+00,2.094399999999999817e+00,1.544567584872698962e+00,-5.909027959543476927e-01,3.079046908209961408e-01,1.834709128771198072e-01,-2.084105827092957997e-01,-7.541507064531723960e-03,6.105856351249706604e-01,1.113626009016815987e-04,7.432537484546517838e-03,6.123425335272244911e-03
4.270000,0.000000000000000000e+00,0.000000000000000000e+00,7.594907452582464469e-01,9.887348713165181602e-01,0.000000000000000000e+00,0.000000000000000000e+00,-1.496775007898926424e-01,-3.118903149848301082e-01,3.393651850831094080e-03,-1.770177030398077450e-03,6.688804157263554817e-01,-3.629931044274700702e-01,-3.827582471235664585e-03,-3.142794342917866190e-01,-2.702854507185536385e-03,1.418073488374590714e-03,6.689306601630605753e-01,-3.606531422959214916e-01,3.052269648726575312e-03,7.352979030324525165e-04,4.893721047186887392e-03,-1.474083672838096383e-03,-2.568127314396656535e-01,4.848295213378563950e-01,1.404276566669386606e+00,2.094399999999999817e+00,1.544567584872698962e+00,-5.909027959543476927e-01,3.079046908209961408e-01,1.834709128771198072e-01,-2.084105827092957997e-01,-7.541507064531723960e-03,6.105856351249706604e-01,1.113626009016815987e-04,7.432537484546517838e-03,6.123425335272244911e-03
4.280000,0.000000000000000000e+00,0.000000000000000000e+00,7.594907452582464469e-01,9.897571477373953153e-01,0.000000000000000000e+00,0.000000000000000000e+00,-1.427612990370145385e-01,-3.118903149848301082e-01,3.393651850831094080e-03,-1.770177030398077450e-03,6.688804157263554817e-01,-3.629931044274700702e-01,-3.827582471235664585e-03,-3.142794342917866190e-01,-2.702854507185536385e-03,1.418073488374590714e-03,6.689306601630605753e-01,-3.606531422959214916e-01,3.052269648726575312e-03,7.352979030324525165e-04,4.893721047186887392e-03,-1.474083672838096383e-03,-2.568127314396656535e-01,4.848295213378563950e-01,1.404276566669386606e+00,2.094399999999999817e+00,1.544567584872698962e+00,-5.909027959543476927e-01,3.079046908209961408e-01,1.834709128771198072e-01,-2.084105827092957997e-01,-7.541507064531723960e-03,6.105856351249706604e-01,1.113626009016815987e-04,7.432537484546517838e-03,6.123425335272244911e-03
4.290000,0.000000000000000000e+00,0.000000000000000000e+00,7.594907452582462248e-01,9.907310459218132692e-01,0.000000000000000000e+00,0.000000000000000000e+00,-1.358381192694818052e-01,-3.118903149848301082e-01,3.393651850831094080e-03,-1.770177030398077450e-03,6.688804157263554817e-01,-3.629931044274700702e-01,-3.827582471235664585e-03,-3.142794342917866190e-01,-2.702854507185536385e-03,1.418073488374590714e-03,6.689306601630605753e-01,-3.606531422959214916e-01,3.052269648726575312e-03,7.352979030324525165e-04,4.893721047186887392e-03,-1.474083672838096383e-03,-2.568127314396656535e-01,4.848295213378563950e-01,1.404276566669386606e+00,2.094399999999999817e+00,1.544567584872698962e+00,-5.909027959543476927e-01,3.079046908209961408e-01,1.834709128771198072e-01,-2.084105827092957997e-01,-7.541507064531723960e-03,6.105856351249706604e-01,1.113626009016815987e-04,7.432537484546517838e-03,6.123425335272244911e-03
4.300000,0.000000000000000000e+00,0.000000000000000000e+00,7.594907452582463359e-01,9.916565182667043121e-01,0.000000000000000000e+00,0.000000000000000000e+00,-1.289082998846760864e-01,-3.118903149848301082e-01,3.393651850831094080e-03,-1.770177030398077450e-03,6.688804157263554817e-01,-3.629931044274700702e-01,-3.827582471235664585e-03,-3.142794342917866190e-01,-2.702854507185536385e-03,1.418073488374590714e-03,6.689306601630605753e-01,-3.606531422959214916e-01,3.052269648726575312e-03,7.352979030324525165e-04,4.893721047186887392e-03,-1.474083672838096383e-03,-2.568127314396656535e-01,4.848295213378563950e-01,1.404276566669386606e+00,2.094399999999999817e+00,1.544567584872698962e+00,-5.909027959543476927e-01,3.079046908209961408e-01,1.834709128771198072e-01,-2.084105827092957997e-01,-7.541507064531723960e-03,6.105856351249706604e-01,1.113626009016815987e-04,7.432537484546517838e-03,6.123425335272244911e-03
4.310000,0.000000000000000000e+00,0.000000000000000000e+00,7.594907452582463359e-01,9.925335195360021068e-01,0.000000000000000000e+00,0.000000000000000000e+00,-1.219721796045167561e-01,-3.118903149848301082e-01,3.393651850831094080e-03,-1.770177030398077450e-03,6.688804157263554817e-01,-3.629931044274700702e-01,-3.827582471235664585e-03,-3.142794342917866190e-01,-2.702854507185536385e-03,1.418073488374590714e-03,6.689306601630605753e-01,-3.606531422959214916e-01,3.052269648726575312e-03,7.352979030324525165e-04,4.893721047186887392e-03,-1.474083672838096383e-03,-2.568127314396656535e-01,4.848295213378563950e-01,1.404276566669386606e+00,2.094399999999999817e+00,1.544567584872698962e+00,-5.909027959543476927e-01,3.079046908209961408e-01,1.834709128771198072e-01,-2.084105827092957997e-01,-7.541507064531723960e-03,6.105856351249706604e-01,1.113626009016815987e-04,7.432537484546517838e-03,6.123425335272244911e-03
4.320000,0.000000000000000000e+00,0.000000000000000000e+00,7.594907452582463359e-01,9.933620068628531419e-01,0.000000000000000000e+00,0.000000000000000000e+00,-1.150300974589034686e-01,-3.118903149848301082e-01,3.393651850831094080e-03,-1.770177030398077450e-03,6.688804157263554817e-01,-3.629931044274700702e-01,-3.827582471235664585e-03,-3.142794342917866190e-01,-2.702854507185536385e-03,1.418073488374590714e-03,6.689306601630605753e-01,-3.606531422959214916e-01,3.052269648726575312e-03,7.352979030324525165e-04,4.893721047186887392e-03,-1.474083672838096383e-03,-2.568127314396656535e-01,4.848295213378563950e-01,1.404276566669386606e+00,2.094399999999999817e+00,1.544567584872698962e+00,-5.909027959543476927e-01,3.079046908209961408e-01,1.834709128771198072e-01,-2.084105827092957997e-01,-7.541507064531723960e-03,6.105856351249706604e-01,1.113626009016815987e-04,7.432537484546517838e-03,6.123425335272244911e-03
4.330000,0.000000000000000000e+00,0.000000000000000000e+00,7.594907452582464469e-01,9.941419397517116119e-01,0.000000000000000000e+00,0.000000000000000000e+00,-1.080823927691469954e-01,-3.118903149848301082e-01,3.393651850831094080e-03,-1.770177030398077450e-03,6.688804157263554817e-01,-3.629931044274700702e-01,-3.827582471235664585e-03,-3.142794342917866190e-01,-2.702854507185536385e-03,1.418073488374590714e-03,6.689306601630605753e-01,-3.606531422959214916e-01,3.052269648726575312e-03,7.352979030324525165e-04,4.893721047186887392e-03,-1.474083672838096383e-03,-2.568127314396656535e-01,4.848295213378563950e-01,1.404276566669386606e+00,2.094399999999999817e+00,1.544567584872698962e+00,-5.909027959543476927e-01,3.079046908209961408e-01,1.834709128771198072e-01,-2.084105827092957997e-01,-7.541507064531723960e-03,6.105856351249706604e-01,1.113626009016815987e-04,7.432537484546517838e-03,6.123425335272244911e-03
4.340000,0.000000000000000000e+00,0.000000000000000000e+00,7.594907452582463359e-01,9.948732800803191667e-01,0.000000000000000000e+00,0.000000000000000000e+00,-1.011294051313801207e-01,-3.118903149848301082e-01,3.393651850831094080e-03,-1.770177030398077450e-03,6.688804157263554817e-01,-3.629931044274700702e-01,-3.827582471235664585e-03,-3.142794342917866190e-01,-2.702854507185536385e-03,1.418073488374590714e-03,6.689306601630605753e-01,-3.606531422959214916e-01,3.052269648726575312e-03,7.352979030324525165e-04,4.893721047186887392e-03,-1.474083672838096383e-03,-2.568127314396656535e-01,4.848295213378563950e-01,1.404276566669386606e+00,2.094399999999999817e+00,1.544567584872698962e+00,-5.909027959543476927e-01,3.079046908209961408e-01,1.834709128771198072e-01,-2.084105827092957997e-01,-7.541507064531723960e-03,6.105856351249706604e-01,1.113626009016815987e-04,7.432537484546517838e-03,6.123425335272244911e-03
4.350000,0.000000000000000000e+00,0.000000000000000000e+00,7.594907452582464469e-01,9.955559921015680880e-01,0.000000000000000000e+00,0.000000000000000000e+00,-9.417147439996080560e-02,-3.118903149848301082e-01,3.393651850831094080e-03,-1.770177030398077450e-03,6.688804157263554817e-01,-3.629931044274700702e-01,-3.827582471235664585e-03,-3.142794342917866190e-01,-2.702854507185536385e-03,1.418073488374590714e-03,6.689306601630605753e-01,-3.606531422959214916e-01,3.052269648726575312e-03,7.352979030324525165e-04,4.893721047186887392e-03,-1.474083672838096383e-03,-2.568127314396656535e-01,4.848295213378563950e-01,1.404276566669386606e+00,2.094399999999999817e+00,1.544567584872698962e+00,-5.909027959543476927e-01,3.079046908209961408e-01,1.834709128771198072e-01,-2.084105827092957997e-01,-7.541507064531723960e-03,6.105856351249706604e-01,1.113626009016815987e-04,7.432537484546517838e-03,6.123425335272244911e-03
4.360000,0.000000000000000000e+00,0.000000000000000000e+00,7.594907452582464469e-01,9.961900424452487801e-01,0.000000000000000000e+00,0.000000000000000000e+00,-8.720894067085942225e-02,-3.118903149848301082e-01,3.393651850831094080e-03,-1.770177030398077450e-03,6.688804157263554817e-01,-3.629931044274700702e-01,-3.827582471235664585e-03,-3.142794342917866190e-01,-2.702854507185536385e-03,1.418073488374590714e-03,6.689306601630605753e-01,-3.606531422959214916e-01,3.052269648726575312e-03,7.352979030324525165e-04,4.893721047186887392e-03,-1.474083672838096383e-03,-2.568127314396656535e-01,4.848295213378563950e-01,1.404276566669386606e+00,2.094399999999999817e+00,1.544567584872698962e+00,-5.909027959543476927e-01,3.079046908209961408e-01,1.834709128771198072e-01,-2.084105827092957997e-01,-7.541507064531723960e-03,6.105856351249706604e-01,1.113626009016815987e-04,7.432537484546517838e-03,6.123425335272244911e-03
4.370000,0.000000000000000000e+00,0.000000000000000000e+00,7.594907452582462248e-01,9.967754001196803548e-01,0.000000000000000000e+00,0.000000000000000000e+00,-8.024214426503765984e-02,-3.118903149848301082e-01,3.393651850831094080e-03,-1.770177030398077450e-03,6.688804157263554817e-01,-3.629931044274700702e-01,-3.827582471235664585e-03,-3.142794342917866190e-01,-2.702854507185536385e-03,1.418073488374590714e-03,6.689306601630605753e-01,-3.606531422959214916e-01,3.052269648726575312e-03,7.352979030324525165e-04,4.893721047186887392e-03,-1.474083672838096383e-03,-2.568127314396656535e-01,4.848295213378563950e-01,1.404276566669386606e+00,2.094399999999999817e+00,1.544567584872698962e+00,-5.909027959543476927e-01,3.079046908209961408e-01,1.834709128771198072e-01,-2.084105827092957997e-01,-7.541507064531723960e-03,6.105856351249706604e-01,1.113626009016815987e-04,7.432537484546517838e-03,6.123425335272244911e-03
4.380000,0.000000000000000000e+00,0.000000000000000000e+00,7.594907452582464469e-01,9.973120365132261966e-01,0.000000000000000000e+00,0.000000000000000000e+00,-7.327142571181022301e-02,-3.118903149848301082e-01,3.393651850831094080e-03,-1.770177030398077450e-03,6.688804157263554817e-01,-3.629931044274700702e-01,-3.827582471235664585e-03,-3.142794342917866190e-01,-2.702854507185536385e-03,1.418073488374590714e-03,6.689306601630605753e-01,-3.606531422959214916e-01,3.052269648726575312e-03,7.352979030324525165e-04,4.893721047186887392e-03,-1.474083672838096383e-03,-2.568127314396656535e-01,4.848295213378563950e-01,1.404276566669386606e+00,2.094399999999999817e+00,1.544567584872698962e+00,-5.909027959543476927e-01,3.079046908209961408e-01,1.834709128771198072e-01,-2.084105827092957997e-01,-7.541507064531723960e-03,6.105856351249706604e-01,1.113626009016815987e-04,7.432537484546517838e-03,6.123425335272244911e-03
4.390000,0.000000000000000000e+00,0.000000000000000000e+00,7.594907452582463359e-01,9.977999253956919556e-01,0.000000000000000000e+00,0.000000000000000000e+00,-6.629712573220271354e-02,-3.129025982982263088e-01,3.928558476351793477e-03,-2.054223950556177593e-03,6.688666155184747053e-01,-3.619705400218419244e-01,-4.431760484751604175e-03,-3.137979472712575935e-01,-3.669413434752966108e-03,1.922898116730520357e-03,6.688860778168497223e-01,-3.610905162946420055e-01,4.140102753512897582e-03,6.291569039168004238e-04,4.544470075075969853e-03,-1.173647401932169723e-03,-2.608886291440523642e-01,4.845217023295094738e-01,1.405726021149842575e+00,2.094399999999999817e+00,1.542461820588366228e+00,-5.863434836816785456e-01,3.044215633053601322e-01,1.823842002121826289e-01,-2.121605021751490072e-01,-9.827193010094560296e-03,6.150465663873740940e-01,2.087093860843386526e-03,3.892904047666859157e-03,1.034056000218488286e-02
4.400000,0.000000000000000000e+00,0.000000000000000000e+00,7.594907452582462248e-01,9.982390429196078552e-01,0.000000000000000000e+00,0.000000000000000000e+00,-5.931958522229622416e-02,-3.128598166493699595e-01,3.426287956781836567e-03,-1.791428097139037773e-03,6.688905057249431296e-01,-3.620337580536534539e-01,-3.866348565747496080e-03,-3.135130859664355674e-01,-3.237296247214142136e-03,1.695308561407616113e-03,6.689042536161271535e-01,-3.613939117607671281e-01,3.654332780471423320e-03,7.056852151593576193e-04,4.609920393596988325e-03,-1.415330034470338710e-03,-2.602639030714749002e-01,4.834952001422390677e-01,1.406286538258106456e+00,2.094399999999999817e+00,1.544951775758856449e+00,-5.863906029250151031e-01,3.077427120786686565e-01,1.851935901780967786e-01,-2.108970105136454276e-01,-8.986581629492266035e-03,6.124644695646110915e-01,1.431835137855315496e-03,3.800493282983480672e-03,9.058094638914097885e-03
4.410000,0.000000000000000000e+00,0.000000000000000000e+00,7.594907452582463359e-01,9.986293676213940929e-01,0.000000000000000000e+00,0.000000000000000000e+00,-5.233914523656731793e-02,-3.127866386770591922e-01,2.903141538006518384e-03,-1.517632778143558148e-03,6.689138003264792909e-01,-3.621293646027688995e-01,-3.275886684293332490e-03,-3.132390556769570900e-01,-2.772381511703081794e-03,1.450874957256755417e-03,6.689233100307494517e-01,-3.616862655448870312e-01,3.129078457764681610e-03,7.553049273709153480e-04,4.946897965895568836e-03,-1.515289754118909205e-03,-2.594030442927133251e-01,4.822260452738171277e-01,1.406905125380725874e+00,2.094399999999999817e+00,1.547427837103063863e+00,-5.868015215731363643e-01,3.109307160437054796e-01,1.887573109995680509e-01,-2.096006064805491786e-01,-7.966693988703666199e-03,6.076464029729454763e-01,6.269085234126450627e-04,5.151559273387214775e-03,7.435343989547060252e-03
4.420000,0.000000000000000000e+00,0.000000000000000000e+00,7.594907452582463359e-01,9.989708804224103345e-01,0.000000000000000000e+00,0.000000000000000000e+00,-4.535614697121391481e-02,-3.126929960087581062e-01,2.371691942274338841e-03,-1.239532784285945436e-03,6.689351244364705185e-01,-3.622435983235478552e-01,-2.676071992973872750e-03,-3.129748297216750075e-01,-2.290314523161803267e-03,1.197824013377910219e-03,6.689410413282564916e-01,-3.619675833042119151e-01,2.584631593340344733e-03,8.056356331672622937e-04,5.292320474940236108e-03,-1.616695549884377640e-03,-2.584685332132762303e-01,4.809605184762122954e-01,1.407465788807996221e+00,2.094399999999999817e+00,1.549910833447141201e+00,-5.873074673189605521e-01,3.141704353751043066e-01,1.923186189625358533e-01,-2.082369702411645263e-01,-6.900579745898726899e-03,6.027833055809201923e-01,-2.224481681411843070e-04,6.554045539524549699e-03,5.735852776308137183e-03
4.430000,0.000000000000000000e+00,0.000000000000000000e+00,7.594907452582463359e-01,9.992635646298879681e-01,0.000000000000000000e+00,0.000000000000000000e+00,-3.837093174748026220e-02,-3.125804539288780659e-01,1.839600970641237570e-03,-9.611796070080258145e-04,6.689540862790409603e-01,-3.623745164439492461e-01,-2.075571469728362557e-03,-3.127239931329774403e-01,-1.798196057536688474e-03,9.398744444953261194e-04,6.689570960945382394e-01,-3.622339480011110280e-01,2.029007659087025614e-03,8.558609174892428456e-04,5.641073554868809674e-03,-1.717913066713675982e-03,-2.574740033767883851e-01,4.797166817980775266e-01,1.407964410952476264e+00,2.094399999999999817e+00,1.552369216429252186e+00,-5.878989002067100955e-01,3.174156212550804934e-01,1.958259083999724370e-01,-2.068263174386903991e-01,-5.803621261470093967e-03,5.979474418168160277e-01,-1.103995906639449257e-03,7.986036643134856311e-03,3.985088381020921756e-03
4.440000,0.000000000000000000e+00,0.000000000000000000e+00,7.594907452582463359e-01,9.995074059377460074e-01,0.000000000000000000e+00,0.000000000000000000e+00,-3.138384099497262825e-02,-3.124510949214765465e-01,1.314427836213950471e-03,-6.865638973556884061e-04,6.689704242855538663e-01,-3.625197805835088660e-01,-1.482932989147223287e-03,-3.124897303060412135e-01,-1.303294157979727154e-03,6.808125507260306833e-04,6.689712334317516884e-01,-3.624819467753003233e-01,1.470401689681065166e-03,9.051969059014311654e-04,5.988083398258600525e-03,-1.817371836607776679e-03,-2.564347036311899197e-01,4.785117325947291222e-01,1.408397797678031083e+00,2.094399999999999817e+00,1.554771680041042048e+00,-5.885645441937827904e-01,3.206205257485815197e-01,1.992304881223553870e-01,-2.053898508389923050e-01,-4.691926138059162969e-03,5.932074390236228290e-01,-2.004578162875657321e-03,9.426228164254840669e-03,2.209431259100301092e-03
4.450000,0.000000000000000000e+00,0.000000000000000000e+00,7.594907452582463359e-01,9.997023924272907536e-01,0.000000000000000000e+00,0.000000000000000000e+00,-2.439521623497282674e-02,-3.123075144013249260e-01,8.036164398656000509e-04,-4.196055093337536994e-04,6.689840072389101611e-01,-3.626766614385395493e-01,-9.065694281100632147e-04,-3.122748189400069707e-01,-8.130292852778388387e-04,4.244865628138900170e-04,6.689833233067450369e-01,-3.627086769267534594e-01,9.171725143212245595e-04,9.528989183607846454e-04,6.328324637792054168e-03,-1.913577891127681268e-03,-2.553672814115676704e-01,4.773620044311705501e-01,1.408764625176480934e+00,2.094399999999999817e+00,1.557088020980484933e+00,-5.892910711457441941e-01,3.237399501452810635e-01,2.024866267557618171e-01,-2.039497264348409666e-01,-3.582315473408985602e-03,5.886282991489220073e-01,-2.910150091258493620e-03,1.085386054277975333e-02,4.361233668000568655e-04
4.460000,0.000000000000000000e+00,0.000000000000000000e+00,7.594907452582463359e-01,9.998485145677978858e-01,0.000000000000000000e+00,0.000000000000000000e+00,-1.740539906374145504e-02,-3.121528143277155776e-01,3.144824984186148000e-04,-1.641440487912524705e-04,6.689948301910082495e-01,-3.628420416735080867e-01,-3.547428782611209059e-04,-3.120816227477197224e-01,-3.349590259612647840e-04,1.748014241944850485e-04,6.689933426911993664e-01,-3.629117492191372141e-01,3.778267934260107620e-04,9.982665653625471831e-04,6.656825188918684411e-03,-2.005123365358614605e-03,-2.542895853527153416e-01,4.762829608010401561e-01,1.409066258451175502e+00,2.094399999999999817e+00,1.559289894861719317e+00,-5.900628122369162565e-01,3.267292981651895856e-01,2.055515589063526272e-01,-2.025290171475903622e-01,-2.492299348531817893e-03,5.842715183507019017e-01,-3.805825541732067285e-03,1.224858916897508636e-02,-1.306778369175010850e-03
4.470000,0.000000000000000000e+00,0.000000000000000000e+00,7.594907452582464469e-01,9.999457652169784216e-01,0.000000000000000000e+00,0.000000000000000000e+00,-1.041473113582348960e-02,-3.119905946959929399e-01,-1.457995374238415718e-04,7.606993534451185121e-05,6.690030061734092426e-01,-3.630124170228968272e-01,1.644510265559895323e-04,-3.119120829615339985e-01,1.232375735989141611e-04,-6.428607249080989152e-05,6.690013675016841521e-01,-3.630892885013797811e-01,-1.389971173870942645e-04,1.040647001144056434e-03,6.968667987298733657e-03,-2.090692564965978412e-03,-2.532204968397411271e-01,4.752891801285583084e-01,1.409307398373745190e+00,2.094399999999999817e+00,1.561351432385357896e+00,-5.908615139580806197e-01,3.295446368198045040e-01,2.083854562929874643e-01,-2.011516738137931748e-01,-1.440038817815965811e-03,5.801953030624003027e-01,-4.675940795551075495e-03,1.359029879069579595e-02,-2.990443829253358436e-03
4.480000,0.000000000000000000e+00,0.000000000000000000e+00,7.594907452582463359e-01,9.999941396213281042e-01,0.000000000000000000e+00,0.000000000000000000e+00,-3.423554147347254717e-03,-3.118249428994744332e-01,-5.702098320417819510e-04,2.973829916739610538e-04,6.690087537207365376e-01,-3.631838956066177904e-01,6.430986601675700663e-04,-3.117677086590820990e-01,5.537759736134867643e-04,-2.887718861955724408e-04,6.690075603479166411e-01,-3.632399316463033045e-01,-6.245454528569226475e-04,1.079436063566145210e-03,7.258989486640092352e-03,-2.169063991564805245e-03,-2.521797983300915202e-01,4.743943307876266613e-01,1.409496525806722911e+00,2.094399999999999817e+00,1.563249690433093253e+00,-5.916661529224979121e-01,3.321427681232398399e-01,2.109513670400676721e-01,-1.998424831033438209e-01,-4.442940559277323061e-04,5.764548733394962987e-01,-5.504133810708136502e-03,1.485886894001122241e-02,-4.585306909989349429e-03
4.490000,0.000000000000000000e+00,0.000000000000000000e+00,7.594907452582463359e-01,9.999936354163593277e-01,0.000000000000000000e+00,0.000000000000000000e+00,3.567790180674684352e-03,-3.116604209523330948e-01,-9.518968304112215926e-04,4.962459261302444103e-04,6.690123802261345176e-01,-3.633521954612861649e-01,1.073483824083260041e-03,-3.116495659292990439e-01,9.487823293428945468e-04,-4.946091671088361213e-04,6.690121540979074855e-01,-3.633628228068495614e-01,-1.069965449561172339e-03,1.114077049053135461e-03,7.522974733252443987e-03,-2.239107853302879474e-03,-2.511880839359849071e-01,4.736111351717619544e-01,1.409646124357770702e+00,2.094399999999999817e+00,1.564964925134927798e+00,-5.924528198024008319e-01,3.344813149466822622e-01,2.132151252937669605e-01,-1.986270219604110709e-01,4.756413067039894711e-04,5.731028467243789448e-01,-6.273437708557193584e-03,1.603389562793353443e-02,-6.061098207898758979e-03
4.500000,0.000000000000000000e+00,0.000000000000000000e+00,7.594907452582463359e-01,9.999442526267172671e-01,0.000000000000000000e+00,0.000000000000000000e+00,1.055896011905227069e-02,-3.115020505620801905e-01,-1.284191282009519101e-03,6.692199835593938464e-04,6.690142611481700863e-01,-3.635126402893991693e-01,1.448103031207131561e-03,-3.115582658953380268e-01,1.300309818354441430e-03,-6.777126467690409040e-04,6.690154312691630745e-01,-3.634576059921084124e-01,-1.466321859770372549e-03,1.144056891894234748e-03,7.755848810688668188e-03,-2.299778624080028259e-03,-2.502667151047852090e-01,4.729513221601461814e-01,1.409772676538571412e+00,2.094399999999999817e+00,1.566480685933060224e+00,-5.931946784772560433e-01,3.365188240784419138e-01,2.151452322621049962e-01,-1.975316080916219574e-01,1.300019275258308899e-03,5.701896982949811177e-01,-6.966387235139422790e-03,1.709437308471537312e-02,-7.386873051548747439e-03
4.510000,0.000000000000000000e+00,0.000000000000000000e+00,7.594907452582463359e-01,9.998459936661781011e-01,0.000000000000000000e+00,0.000000000000000000e+00,1.754961394711877440e-02,-3.113552960384760593e-01,-1.560620656405073935e-03,8.129819708066862889e-04,6.690148150888025613e-01,-3.636601534287184911e-01,1.759680647581775758e-03,-3.114939516075331816e-01,1.600355018754157218e-03,-8.339631006916368430e-04,6.690176992560922242e-01,-3.635244149672570146e-01,-1.804613544672299284e-03,1.168899538451716961e-03,7.952864456905982260e-03,-2.350102252487737495e-03,-2.494378215544227895e-01,4.724255676460393238e-01,1.409896440133776130e+00,2.094399999999999817e+00,1.567783740325131792e+00,-5.938620023012263216e-01,3.382148890108405692e-01,2.167127087018966836e-01,-1.965832459521696385e-01,2.008729304886506563e-03,5.677642949495220748e-01,-7.565136993348574486e-03,1.801833786918781780e-02,-8.531034560019822022e-03
4.520000,0.000000000000000000e+00,0.000000000000000000e+00,7.594907452582463359e-01,9.996988633375312183e-01,0.000000000000000000e+00,0.000000000000000000e+00,2.453940996943440242e-02,-3.112260450241696730e-01,-1.774923974644981124e-03,9.243282599913223933e-04,6.690144747628689048e-01,-3.637892500451676558e-01,2.001183887298926736e-03,-3.114562838161524239e-01,1.840874246246641506e-03,-9.592120162216920438e-04,6.690192614048215969e-01,-3.635638604833348331e-01,-2.075790125041877994e-03,1.188156326666675588e-03,8.109285701298207805e-03,-2.389157656574882396e-03,-2.487243451693722796e-01,4.720434231343199616e-01,1.410041021384248472e+00,2.094399999999999817e+00,1.568863847358013430e+00,-5.944222857215717415e-01,3.395302941790300788e-01,2.178909177802923480e-01,-1.958095676054286693e-01,2.581401854189639689e-03,5.658745043225258398e-01,-8.051590371617046993e-03,1.878247623740557717e-02,-9.461351186981081449e-03
4.530000,0.000000000000000000e+00,0.000000000000000000e+00,7.594907452582463359e-01,9.995028688323447374e-01,0.000000000000000000e+00,0.000000000000000000e+00,3.152800653248856444e-02,-3.111205870308834665e-01,-1.921067070831963385e-03,1.000177631251983942e-03,6.690136538805093736e-01,-3.638940275541576730e-01,2.165837656447961845e-03,-3.114444256305294867e-01,2.013799753773871590e-03,-1.049286609200817148e-03,6.690203839481444481e-01,-3.635770148446264560e-01,-2.270768669022940611e-03,1.201393198329148279e-03,8.220367451890567626e-03,-2.416052169716992326e-03,-2.481501225474951888e-01,4.718132327907147983e-01,1.410232768439236839e+00,2.094399999999999817e+00,1.569713403439130017e+00,-5.948404266297192544e-01,3.404271813988474227e-01,2.186553561019548286e-01,-1.952387677622560158e-01,2.997522455578931211e-03,5.645678810733432140e-01,-8.407538298709096511e-03,1.936169422462290235e-02,-1.014496796669884203e-02
4.540000,0.000000000000000000e+00,0.000000000000000000e+00,7.594907452582463359e-01,9.992580197306135670e-01,0.000000000000000000e+00,0.000000000000000000e+00,3.851506204139706208e-02,-3.110455897636320577e-01,-1.993258288117210567e-03,1.037572936325703229e-03,6.690127099653544462e-01,-3.639681542775848877e-01,2.247139242591275187e-03,-3.114570260681256975e-01,2.111055693624251488e-03,-1.099995344078403886e-03,6.690212588148325423e-01,-3.635653938229720938e-01,-2.380450398793146610e-03,1.208174585035683103e-03,8.281331084551786861e-03,-2.429890623916243411e-03,-2.477400004479508033e-01,4.717420397496976947e-01,1.410500012090551758e+00,2.094399999999999817e+00,1.570326986358621779e+00,-5.950789730097323371e-01,3.408692381651884373e-01,2.189834094729203318e-01,-1.948995322506716366e-01,3.236554882157587423e-03,5.638924357297168122e-01,-8.614807240617855869e-03,1.972864840684262697e-02,-1.054841040838133855e-02
4.550000,0.000000000000000000e+00,0.000000000000000000e+00,7.594907452582463359e-01,9.989643280002914461e-01,0.000000000000000000e+00,0.000000000000000000e+00,4.550023497660258404e-02,-3.110080732140178550e-01,-1.985964602809388996e-03,1.033681587701294150e-03,6.690119031327003141e-01,-3.640048563466329323e-01,2.238872846685597325e-03,-3.114922024941943479e-01,2.124573738297376620e-03,-1.107134123239440857e-03,6.690219623291392415e-01,-3.635309359295486598e-01,-2.395737400476194955e-03,1.208043818435993681e-03,8.287336246051499669e-03,-2.429737768872182891e-03,-2.475199775891537834e-01,4.718354829664433980e-01,1.410872181063176356e+00,2.094399999999999817e+00,1.570700822601190261e+00,-5.950984267469883182e-01,3.408219063406489613e-01,2.188540686073011388e-01,-1.948209591349654990e-01,3.278071827156448827e-03,5.638974939442710221e-01,-8.655416233496660353e-03,1.985323369497795851e-02,-1.063757968300704619e-02
4.560000,0.000000000000000000e+00,0.000000000000000000e+00,7.594907452582463359e-01,9.986218079967059680e-01,0.000000000000000000e+00,0.000000000000000000e+00,5.248318391056528559e-02,-3.110153815020700874e-01,-1.893928159490207300e-03,9.857949025555148240e-04,6.690113508533159781e-01,-3.639969028639631343e-01,2.135123954548524047e-03,-3.115475219498143322e-01,2.046308253068133878e-03,-1.066493322513901174e-03,6.690224098174627487e-01,-3.634759790551763681e-01,-2.307549324706917055e-03,1.200499921866168742e-03,8.233449280190653988e-03,-2.414573728779295745e-03,-2.475173660785379148e-01,4.720976864245064464e-01,1.411378816350795207e+00,2.094399999999999817e+00,1.570832199321956502e+00,-5.948575978442175449e-01,3.402526086263924499e-01,2.182475983894143490e-01,-1.950324717075539449e-01,3.101891371999567285e-03,5.646346571227180977e-01,-8.511743226140034216e-03,1.970202267316223388e-02,-1.037773740355739382e-02
4.570000,0.000000000000000000e+00,0.000000000000000000e+00,7.594907452582463359e-01,9.982304764618563642e-01,0.000000000000000000e+00,0.000000000000000000e+00,5.946356752445269844e-02,-3.110751524440125149e-01,-1.712183188989880537e-03,8.913263560189422022e-04,6.690109787293186949e-01,-3.639365893425444698e-01,1.930293544840273184e-03,-3.116199813630596838e-01,1.868250910150384215e-03,-9.738658610082898126e-04,6.690223061397322368e-01,-3.634032344898995848e-01,-2.106840068699593772e-03,1.184970645234577607e-03,8.114608919708710816e-03,-2.383242196460480956e-03,-2.477609661655942042e-01,4.725311430669503765e-01,1.412048503639142805e+00,2.094399999999999817e+00,1.570718836127485973e+00,-5.943140036519846126e-01,3.391309890801375015e-01,2.171451523680142104e-01,-1.955637226321380873e-01,2.688217385406140719e-03,5.661588791719067704e-01,-8.166701599382483051e-03,1.923764877992293135e-02,-9.733477902574234897e-03
4.580000,0.000000000000000000e+00,0.000000000000000000e+00,7.594907452582463359e-01,9.977903525235962690e-01,0.000000000000000000e+00,0.000000000000000000e+00,6.644104462482054718e-02,-3.111952848206912536e-01,-1.436073269858823389e-03,7.478088242817536183e-04,6.690104673087501341e-01,-3.638157194423078389e-01,1.619112130042340419e-03,-3.117059866348042552e-01,1.582444631653851528e-03,-8.250565045103862771e-04,6.690210921626272844e-01,-3.633157583311143468e-01,-1.784614434459818070e-03,1.160781610475074407e-03,7.925590154286748026e-03,-2.334391060527672614e-03,-2.482812489105204468e-01,4.731365963754016746e-01,1.412907735144714794e+00,2.094399999999999817e+00,1.570358223388117258e+00,-5.934243099024911761e-01,3.374291628257610753e-01,2.155283217253195771e-01,-1.964444886421407022e-01,2.017781842557014784e-03,5.685296789568827780e-01,-7.603928454792120012e-03,1.841812284676922623e-02,-8.668685441161508992e-03
4.590000,0.000000000000000000e+00,0.000000000000000000e+00,7.594907452582463359e-01,9.973014576946976906e-01,0.000000000000000000e+00,0.000000000000000000e+00,7.341527416029348940e-02,-3.113839033176202808e-01,-1.061268882591056206e-03,5.528909243754010936e-04,6.690091949639855873e-01,-3.636255850293670933e-01,1.196653626012117140e-03,-3.118013305866681462e-01,1.180996746208120814e-03,-6.158926126969783759e-04,6.690178871893613932e-01,-3.632169202863328450e-01,-1.331944761833073676e-03,1.127121444534595141e-03,7.660967484023855148e-03,-2.266405162498815601e-03,-2.491105426661890943e-01,4.739129230405768056e-01,1.413979702459658316e+00,2.094399999999999817e+00,1.569746923413064765e+00,-5.921448131857541819e-01,3.351219689678337499e-01,2.133786048138657798e-01,-1.977045554194166166e-01,1.071986842747052297e-03,5.718125144619891076e-01,-6.807987145924311416e-03,1.719606886634901174e-02,-7.146473212955885973e-03
4.600000,0.000000000000000000e+00,0.000000000000000000e+00,7.594907452582463359e-01,9.967638158717999630e-01,0.000000000000000000e+00,0.000000000000000000e+00,8.038591523823307439e-02,-3.116493211026130639e-01,-5.837851943224030803e-04,3.043325838783834535e-04,6.690061768559771860e-01,-3.633569445857957603e-01,6.583490443514984072e-04,-3.119011697539252892e-01,6.560912422873342153e-04,-3.422365511795454670e-04,6.690114273564512493e-01,-3.631103698717330630e-01,-7.399875393299614433e-04,1.083002795509618692e-03,7.315079093941692472e-03,-2.177330896542416586e-03,-2.502832209226321103e-01,4.748570206012800443e-01,1.415283010194125612e+00,2.094399999999999817e+00,1.568879818368482892e+00,-5.904319679168249513e-01,3.321872195577443287e-01,2.106767791758515918e-01,-1.993735926293939698e-01,-1.669562176339170511e-04,5.760803533657683495e-01,-5.764587600161930406e-03,1.551785994074421360e-02,-5.129100293433058386e-03
4.610000,0.000000000000000000e+00,0.000000000000000000e+00,7.594907452582463359e-01,9.961774533342416804e-01,0.000000000000000000e+00,0.000000000000000000e+00,8.735262714140114293e-02,-3.119999999999993334e-01,-3.496301036226127425e-18,-1.836814053925989047e-17,6.689999999999987068e-01,-3.629999999999992122e-01,4.444429856515838702e-18,-3.119999999999993334e-01,-5.487798141966231534e-17,-5.606644991318900310e-18,6.689999999999985958e-01,-3.629999999999992677e-01,4.129957747010846061e-17,1.027219161556355105e-03,6.881993831803625422e-03,-2.064792407399396092e-03,-2.518358910617411461e-01,4.759637042176342314e-01,1.416830285851313764e+00,2.094399999999999817e+00,1.567749273807090615e+00,-5.882429647930348393e-01,3.286059362310975174e-01,2.074021522922477323e-01,-2.014810196186421209e-01,-1.715893369593901509e-03,5.814154868663996556e-01,-4.460829308747025698e-03,1.332262852860552176e-02,-2.577861766658111429e-03
