0.000000,0.000000000000000000e+00,0.000000000000000000e+00,7.594907452582463359e-01,1.000000000000000000e+00,0.000000000000000000e+00,0.000000000000000000e+00,0.000000000000000000e+00,-3.119999999999999996e-01,0.000000000000000000e+00,0.000000000000000000e+00,6.690000000000000391e-01,-3.629999999999999893e-01,0.000000000000000000e+00,-3.119999999999999996e-01,0.000000000000000000e+00,0.000000000000000000e+00,6.690000000000000391e-01,-3.629999999999999893e-01,0.000000000000000000e+00,0.000000000000000000e+00,0.000000000000000000e+00,0.000000000000000000e+00,2.000000000000000111e-01,2.000000000000000111e-01,0.000000000000000000e+00,5.999999999999999778e-01,0.000000000000000000e+00,0.000000000000000000e+00,0.000000000000000000e+00,2.000000000000000111e-01,-2.000000000000000111e-01,0.000000000000000000e+00,5.999999999999999778e-01,0.000000000000000000e+00,0.000000000000000000e+00,0.000000000000000000e+00
0.010000,-5.592698632433646771e-05,0.000000000000000000e+00,7.575425243446901602e-01,1.000000000000000000e+00,0.000000000000000000e+00,0.000000000000000000e+00,0.000000000000000000e+00,-3.194234324234321853e-01,9.121957828816432175e-07,-5.352724669312459687e-07,6.847167415418579095e-01,-3.713025036262230238e-01,-1.423283728081434006e-06,-3.187980766136175315e-01,-9.708610187649198129e-07,5.621558709941028540e-07,6.833756154468115795e-01,-3.705850596417610832e-01,1.467741168518419939e-06,-5.026199699830608686e-03,1.928050871370622305e-03,3.160879549767093948e-03,2.408443658936640919e-01,2.013436254028756478e-01,-1.613623214199251012e-03,5.578736887888502416e-01,-2.666022038362963944e-03,5.699010874818822431e-02,-2.028491059393154345e-04,2.436533625922035762e-01,-1.980361800575239362e-01,5.678922687737198230e-03,5.568394847997262254e-01,-4.597140536950955264e-04,4.693128450471573121e-02,-9.182135347137898194e-04
0.020000,-2.119338429132750455e-04,0.000000000000000000e+00,7.555417587560062653e-01,1.000000000000000000e+00,0.000000000000000000e+00,0.000000000000000000e+00,0.000000000000000000e+00,-3.283170228610699515e-01,1.122156054762389438e-06,-6.840301144175071004e-07,7.032742978433209613e-01,-3.809675223157743540e-01,-1.785257564781250983e-06,-3.269505910179923980e-01,-1.318518205147764716e-06,7.843201051269368159e-07,7.003381912815707100e-01,-3.793953717163325856e-01,1.991093806687247447e-06,-1.061965691990071105e-02,3.952143984045987032e-03,9.325172497673346605e-03,2.937559259737775874e-01,2.028407299405753095e-01,-3.817479134916305049e-03,4.976206950032853737e-01,-6.103424646311134474e-03,1.253142872709573086e-01,-1.841162551885963390e-04,3.000193305107435870e-01,-1.960363952336228455e-01,1.250218311140685948e-02,4.971413511372247962e-01,-9.103353827557140229e-04,1.019498257826159798e-01,-2.435154847031194454e-03
0.030000,-4.503594161907095023e-04,0.000000000000000000e+00,7.534977210819227000e-01,1.000000000000000000e+00,0.000000000000000000e+00,0.000000000000000000e+00,0.000000000000000000e+00,-3.375203877407411679e-01,1.117164302169511589e-06,-7.061492600735712396e-07,7.222256663036914492e-01,-3.907139628035209422e-01,-1.804444833931696788e-06,-3.353982312928100451e-01,-1.476374773902478064e-06,8.981195435040169840e-07,7.176576783740485910e-01,-3.882650702853481239e-01,2.211144521423274991e-06,-1.631158950131388757e-02,5.855644152736075650e-03,1.688661128574048959e-02,3.495435070996220084e-01,2.041353074790265565e-01,-5.915315716546427210e-03,4.391130199972471670e-01,-9.565802367027741518e-03,1.895363729678324893e-01,-9.645280357337046020e-05,3.594332480942344366e-01,-1.941389139866243063e-01,1.927785548323260323e-02,4.411806603620165856e-01,-1.632607112996989481e-03,1.505871880001055096e-01,-4.059940508965419886e-03
0.040000,-7.535425525805334711e-04,0.000000000000000000e+00,7.514196839121684013e-01,1.000000000000000000e+00,0.000000000000000000e+00,0.000000000000000000e+00,0.000000000000000000e+00,-3.467799689141805031e-01,1.063156377964270869e-06,-6.954607251932235591e-07,7.410815256053735478e-01,-4.003080989615464547e-01,-1.742192665835757659e-06,-3.439095879016867974e-01,-1.593651078238938332e-06,9.879466270469643200e-07,7.348932363624045561e-01,-3.969865204955637106e-01,2.363527495949028216e-06,-2.205748006918854809e-02,7.628248906200980374e-03,2.443755308239382515e-02,4.039532167432242638e-01,2.050322429963797599e-01,-7.716783795909708428e-03,3.923061485365934020e-01,-1.268579989512893906e-02,2.439392631166202863e-01,-1.346792130804246859e-04,4.173507970930214195e-01,-1.923831747519370861e-01,2.557068406206994965e-02,3.989847507299623675e-01,-2.777240024850527282e-03,1.874630080296605938e-01,-5.480988852258699383e-03
0.050000,-1.103822098506641175e-03,0.000000000000000000e+00,7.493169198364716399e-01,1.000000000000000000e+00,0.000000000000000000e+00,0.000000000000000000e+00,0.000000000000000000e+00,-3.560073197882800966e-01,9.979722753216841902e-07,-6.741248160668375209e-07,7.597083585021084939e-01,-4.097052839451468254e-01,-1.660156176168599218e-06,-3.524038885807674326e-01,-1.703550613455245883e-06,1.073312295804639988e-06,7.519288450638146326e-01,-4.055248516001446757e-01,2.502990195171303640e-06,-2.784816289174289056e-02,9.302649216294901768e-03,3.145237798719943689e-02,4.549724700063649818e-01,2.054283288912282235e-01,-9.244438213682492494e-03,3.604945836141387194e-01,-1.532319504123158364e-02,2.872992595061152898e-01,-4.059466409325452837e-04,4.714947296472224991e-01,-1.908411187516071139e-01,3.113478063111791219e-02,3.738114677074814707e-01,-4.302029931811819294e-03,2.116618399635845915e-01,-6.566834845754712484e-03
0.060000,-1.483536900392925292e-03,0.000000000000000000e+00,7.471987014445607977e-01,1.000000000000000000e+00,0.000000000000000000e+00,0.000000000000000000e+00,0.000000000000000000e+00,-3.651445144859988834e-01,9.301301254441331579e-07,-6.470996601673582008e-07,7.780389117879659144e-01,-4.188962634453537448e-01,-1.571970048952496095e-06,-3.608279889226145842e-01,-1.812585112172332675e-06,1.158046413934520950e-06,7.687085158146911290e-01,-4.138772853307262634e-01,2.640563904788715684e-06,-3.367626361637694049e-02,1.091357310758620143e-02,3.788428095480049496e-02,5.014677866498885583e-01,2.052753003423095635e-01,-1.056462551880612069e-02,3.439765827455420477e-01,-1.745030894146281861e-02,3.203590129341198911e-01,-9.336299777152438917e-04,5.204601088165765610e-01,-1.895752050308938674e-01,3.577651847220785636e-02,3.658931859694635191e-01,-6.075795692048763935e-03,2.242519355383294499e-01,-7.291620844475574931e-03
0.070000,-1.875025804663281318e-03,0.000000000000000000e+00,7.450743013261642567e-01,1.000000000000000000e+00,0.000000000000000000e+00,0.000000000000000000e+00,0.000000000000000000e+00,-3.741403006793854180e-01,8.623777952009158102e-07,-6.158861124363851501e-07,7.960210222408898861e-01,-4.278801358775984331e-01,-1.481505870622996581e-06,-3.691345607983489430e-01,-1.922020664472500364e-06,1.242755072519354714e-06,7.851894671868827613e-01,-4.220483776975826884e-01,2.778355951342195310e-06,-3.953694215612830326e-02,1.248638796826066245e-02,4.382181335100888281e-02,5.425543482900520020e-01,2.045557274131587777e-01,-1.172320476287683384e-02,3.420499621450486805e-01,-1.908901004963591691e-02,3.445924187290040908e-01,-1.691350572326946787e-03,5.631057413198532480e-01,-1.886176086186872880e-01,3.933552510082152093e-02,3.744276474043523040e-01,-7.952279167219116623e-03,2.270489185248036612e-01,-7.676178546339543565e-03
0.080000,-2.260627657741600197e-03,0.000000000000000000e+00,7.429529920710103985e-01,1.000000000000000000e+00,0.000000000000000000e+00,0.000000000000000000e+00,0.000000000000000000e+00,-3.829457571092987345e-01,7.963531194374710161e-07,-5.813608243719641795e-07,8.136083391372997964e-01,-4.366594673626492673e-01,-1.390748807153515189e-06,-3.772781600374697231e-01,-2.032141872448276357e-06,1.327394744007661605e-06,8.013337183617134096e-01,-4.300455895108226678e-01,2.916738939525009093e-06,-4.542808284250151457e-02,1.403863055495783996e-02,4.936126861899182983e-02,5.774257397013314863e-01,2.032712094837360317e-01,-1.272964096336741055e-02,3.537222084042375703e-01,-2.028780587400155766e-02,3.617075061137193792e-01,-2.629235713911102276e-03,5.984271856668069711e-01,-1.879737383550607321e-01,4.169642539329013881e-02,3.982522892780627766e-01,-9.804189147629465556e-03,2.221154184757634653e-01,-7.760624361996383211e-03
0.090000,-2.622681306051778943e-03,0.000000000000000000e+00,7.408440462688280492e-01,1.000000000000000000e+00,0.000000000000000000e+00,0.000000000000000000e+00,0.000000000000000000e+00,-3.915133112177571206e-01,7.334393588060081594e-07,-5.443104260307438467e-07,8.307582464657004007e-01,-4.452392046847669094e-01,-1.301287303115825335e-06,-3.852143803257038202e-01,-2.143036514532241370e-06,1.411759785275585450e-06,8.171062974328676676e-01,-4.378783482150316320e-01,3.055711671192219632e-06,-5.134950737485900751e-02,1.558403563754524358e-02,5.458314414691899791e-02,6.053664673981620226e-01,2.014371932954252820e-01,-1.355895519193174928e-02,3.778786954064874415e-01,-2.111477096284248081e-02,3.734619718724520587e-01,-3.690030378661194807e-03,6.256078855510587289e-01,-1.876347904502133068e-01,4.280219241345475240e-02,4.359841040955713121e-01,-1.153636207289282165e-02,2.115684878614707831e-01,-7.593665183267998310e-03
0.100000,-2.943525596017709366e-03,0.000000000000000000e+00,7.387567365093452576e-01,1.000000000000000000e+00,0.000000000000000000e+00,0.000000000000000000e+00,0.000000000000000000e+00,-3.997963437998225955e-01,6.749225244880338698e-07,-5.055285127639383301e-07,8.474310282879879974e-01,-4.536262381348755146e-01,-1.214592233330364316e-06,-3.928995391721654684e-01,-2.254738207511525724e-06,1.495572765443964817e-06,8.324745781415060497e-01,-4.455577004006358033e-01,3.195151126937583180e-06,-5.730204589839901080e-02,1.713452184304445694e-02,5.955624909151643886e-02,6.258035815730379481e-01,1.990815336603487529e-01,-1.415997946839624155e-02,4.132989038979926200e-01,-2.165327211965761833e-02,3.815848697010161272e-01,-4.819187847841508755e-03,6.440938931639227372e-01,-1.875904786395659885e-01,4.266003296172018316e-02,4.860207497387769027e-01,-1.308800002766433851e-02,1.974943153118698391e-01,-7.227396332493753531e-03
0.110000,-3.205499374063285230e-03,0.000000000000000000e+00,7.367003353822907386e-01,1.000000000000000000e+00,0.000000000000000000e+00,0.000000000000000000e+00,0.000000000000000000e+00,-4.077489139058729228e-01,6.220258777982688283e-07,-4.658328973046068220e-07,8.635892739190116352e-01,-4.618290829561758626e-01,-1.132077333721122317e-06,-4.002904643861488476e-01,-2.367255551455025667e-06,1.578503146653708884e-06,8.474078176555269737e-01,-4.530960640055490263e-01,3.334864240402712412e-06,-6.328616228533870403e-02,1.869910668367954359e-02,6.434577315035658329e-02,6.383464150125527370e-01,1.962455749326385834e-01,-1.446528125446197924e-02,4.586482400360771261e-01,-2.199721545775954260e-02,3.877359722823894850e-01,-5.971025476888314025e-03,6.536409904550670724e-01,-1.878373846068094044e-01,4.133898620574713578e-02,5.465216274162895127e-01,-1.442761267077424803e-02,1.819110297574157431e-01,-6.713442176484699271e-03
0.120000,-3.390941486612401596e-03,0.000000000000000000e+00,7.346841154773925409e-01,1.000000000000000000e+00,0.000000000000000000e+00,0.000000000000000000e+00,0.000000000000000000e+00,-4.153255242646909928e-01,5.759223875292031713e-07,-4.260674880693342487e-07,8.791973508046029284e-01,-4.698575876952740260e-01,-1.055119178201749031e-06,-4.073443082197282239e-01,-2.480580776189404353e-06,1.660173166432291172e-06,8.618767383111324287e-01,-4.605069966145546867e-01,3.474603586408041006e-06,-6.929958073762691739e-02,2.027956422692063151e-02,6.902251873393935866e-02,6.428031577689565790e-01,1.929870477470016221e-01,-1.440043228683512977e-02,5.124694620427719949e-01,-2.224628364763056934e-02,3.934879822392441384e-01,-7.111294124729185089e-03,6.543273703935403862e-01,-1.883805447791679355e-01,3.896227649960033040e-02,6.153847530620882855e-01,-1.554289626860117304e-02,1.667689870080971415e-01,-6.098998759566010355e-03
0.130000,-3.482190780088950926e-03,0.000000000000000000e+00,7.327173493843794905e-01,1.000000000000000000e+00,0.000000000000000000e+00,0.000000000000000000e+00,0.000000000000000000e+00,-4.224809111144929297e-01,5.377424436151688656e-07,-3.870999992869950004e-07,8.942209096298832094e-01,-4.777226502067679625e-01,-9.850677780346274535e-07,-4.140183756043944729e-01,-2.594693777719327582e-06,1.740161184202840773e-06,8.758531235160612605e-01,-4.678049637140325734e-01,3.614075599743646591e-06,-7.533343810343776092e-02,2.186230302166247350e-02,7.367496116715221977e-02,6.391774780140792034e-01,1.893845067445264485e-01,-1.389141781390881153e-02,5.731688826615457533e-01,-2.250222152957213895e-02,4.003305851286289019e-01,-8.215880705615696139e-03,6.465387908005387763e-01,-1.892273685242172598e-01,3.569811906043683647e-02,6.902158281441912457e-01,-1.642766201509056681e-02,1.539832612992574901e-01,-5.421661702801942005e-03
0.140000,-3.461586100916826548e-03,0.000000000000000000e+00,7.308093096929798582e-01,1.000000000000000000e+00,0.000000000000000000e+00,0.000000000000000000e+00,0.000000000000000000e+00,-4.291698528317740013e-01,5.085799794956330657e-07,-3.498174723365497810e-07,9.086264087250773835e-01,-4.854359340263044720e-01,-9.232533939811786520e-07,-4.202699625805879080e-01,-2.709564287178757421e-06,1.818004286010423889e-06,8.893094187411265672e-01,-4.750051017531299324e-01,3.752946350163517481e-06,-8.136670525808800680e-02,2.340576079715564820e-02,7.842549211840754708e-02,6.276530636578433464e-01,1.855434554331455155e-01,-1.286980990748092316e-02,6.389885682111556831e-01,-2.286702248923782113e-02,4.096961935314900050e-01,-9.265344461002519155e-03,6.309320694960737219e-01,-1.903741645058929788e-01,3.175107832946540837e-02,7.682970434432603302e-01,-1.706772929645641521e-02,1.454846273258736944e-01,-4.702027937388529762e-03
0.150000,-3.311466295519923959e-03,0.000000000000000000e+00,7.289692689929221370e-01,1.000000000000000000e+00,0.000000000000000000e+00,0.000000000000000000e+00,0.000000000000000000e+00,-4.353469936983464517e-01,4.894977731723707852e-07,-3.151200112405104184e-07,9.223806489803330066e-01,-4.930095800105017689e-01,-8.709908093637110927e-07,-4.260562026593919804e-01,-2.825152716378658954e-06,1.893200504807081223e-06,9.022183319795639145e-01,-4.821229726673779137e-01,3.890845890557096431e-06,-8.735940933467155334e-02,2.482380728745254769e-02,8.344996120326410305e-02,6.085737664586386986e-01,1.816042729694351543e-01,-1.127615206635272128e-02,7.079606917141831879e-01,-2.344379101134067347e-02,4.230054921433523685e-01,-1.023561424277416067e-02,6.083739484705746881e-01,-1.917872202762336831e-01,2.735355611460417100e-02,8.465853618020083848e-01,-1.742775141595966429e-02,1.432648441317916077e-01,-3.934103422279037685e-03
0.160000,-3.014170210322134318e-03,0.000000000000000000e+00,7.272064998739345976e-01,1.000000000000000000e+00,0.000000000000000000e+00,0.000000000000000000e+00,0.000000000000000000e+00,-4.409666797051394749e-01,4.815322519050707556e-07,-2.839128460232520137e-07,9.354503116272301355e-01,-5.004559087237713255e-01,-8.295815224057143390e-07,-4.313339192169762804e-01,-2.941409839504397662e-06,1.965210766096014287e-06,9.145524287395367935e-01,-4.891743068420051910e-01,4.027371493494200956e-06,-9.324706865521256716e-02,2.596928357177795757e-02,8.899456502166330774e-02,5.824229428736721337e-01,1.777510055058791338e-01,-9.062921798306944679e-03,7.778526669056808895e-01,-2.434101538097869361e-02,4.417287647368157155e-01,-1.108686762423428430e-02,5.798430181406869499e-01,-1.933837980612930219e-01,2.275507398418959507e-02,9.217901457548375310e-01,-1.744167416666219522e-02,1.493868133412920296e-01,-3.076091943620307308e-03
0.170000,-2.552036691747353991e-03,0.000000000000000000e+00,7.255302749257460659e-01,1.000000000000000000e+00,0.000000000000000000e+00,0.000000000000000000e+00,0.000000000000000000e+00,-4.459828035753903297e-01,4.856979956086479065e-07,-2.570967612084081644e-07,9.478014918011854473e-01,-5.077871093186901996e-01,-8.003141156890705629e-07,-4.360594821696172629e-01,-3.058275383516251514e-06,2.033460619703702764e-06,9.262837168454146619e-01,-4.961747315520721457e-01,4.162089938241171517e-06,-9.894137603705840944e-02,2.662734045651507162e-02,9.537541705753693755e-02,5.497977974676079294e-01,1.742179967835842391e-01,-6.198995724514212192e-03,8.461334186093819598e-01,-2.568018518544638168e-02,4.674552560003735757e-01,-1.175512949224320237e-02,5.462847432866062558e-01,-1.950236383724669176e-01,1.820767253830499893e-02,9.905742583202469254e-01,-1.701042492692739216e-02,1.659419607342124958e-01,-2.047545309777708700e-03
0.180000,-1.907404586219477389e-03,0.000000000000000000e+00,7.239498667380844799e-01,1.000000000000000000e+00,0.000000000000000000e+00,0.000000000000000000e+00,0.000000000000000000e+00,-4.491512333828186487e-01,8.948625364266805073e-07,-4.344400009261000495e-07,9.562912451245276779e-01,-5.130810340330423935e-01,-1.346326490038406259e-06,-4.390458688303724988e-01,-3.532284181195915486e-06,2.262497246916340894e-06,9.343915290202066126e-01,-5.012690370065483458e-01,4.799321427238450633e-06,-1.030271161767159493e-01,2.650417015617295008e-02,1.017589289036960609e-01,5.248558185513230168e-01,1.719881439436279913e-01,-4.056257039051741620e-03,8.861168513907163868e-01,-2.727421819537160369e-02,4.968814643362924333e-01,-1.181908528441420400e-02,5.217206198985397947e-01,-1.961191620599116725e-01,1.541546853625584690e-02,1.027159508847031333e+00,-1.598598404504220777e-02,1.913461849834272588e-01,-1.025895157595455541e-03
0.190000,-1.062612740162395021e-03,0.000000000000000000e+00,7.224745479006787763e-01,1.000000000000000000e+00,0.000000000000000000e+00,0.000000000000000000e+00,0.000000000000000000e+00,-4.538499552302335260e-01,6.987991431489816063e-07,-3.050639065113870241e-07,9.697930334910773720e-01,-5.218934154711262208e-01,-1.031114628034524725e-06,-4.435138363903476377e-01,-3.451978688444408889e-06,2.234500414035120074e-06,9.474158030096306859e-01,-5.098319832853728251e-01,4.661119285382983100e-06,-1.092371301607236445e-01,2.529696872525468918e-02,1.113551118118373401e-01,4.736407063550447938e-01,1.694428524171659733e-01,7.274215264864139410e-04,9.541369560584901377e-01,-3.045961138597306703e-02,5.525816296762879887e-01,-1.177727484045739542e-02,4.728615188284540083e-01,-1.977570900351972860e-01,1.109007392067204792e-02,1.083801133683092166e+00,-1.406400626570121146e-02,2.446988700486072421e-01,9.963723637228440871e-04
0.200000,0.000000000000000000e+00,0.000000000000000000e+00,7.211135910032568930e-01,1.000000000000000000e+00,0.000000000000000000e+00,0.000000000000000000e+00,0.000000000000000000e+00,-4.560516224446019562e-01,1.019359950644231787e-06,-3.737645225056227904e-07,9.773753061584974366e-01,-5.272444069058428440e-01,-1.389959058692810228e-06,-4.456158059784655623e-01,-3.826723058007114791e-06,2.346378946622902271e-06,9.548035101297783767e-01,-5.150875397247661747e-01,5.102740536491009703e-06,-1.127707296148471872e-01,2.352998633538479559e-02,1.206514893649293374e-01,4.387620941115249473e-01,1.686509853764942557e-01,4.080331937645778270e-03,9.861177985765768872e-01,-3.330557003339637556e-02,5.976585931273352692e-01,-1.134158538291405414e-02,4.393550758680360158e-01,-1.982338229198113144e-01,8.717776462154464001e-03,1.107316599036066496e+00,-1.193440247285593343e-02,2.898303918621001340e-01,2.639620454656658750e-03
0.210000,1.329492394201329175e-03,0.000000000000000000e+00,7.198619871286370264e-01,9.999988473725235361e-01,0.000000000000000000e+00,1.518306169481393629e-03,0.000000000000000000e+00,-4.627706686594629804e-01,6.410314593481151511e-07,-5.753735328212028338e-07,9.897246750775117174e-01,-5.329398701411330874e-01,-1.128604219593055875e-06,-4.522370763297927643e-01,-3.542376664828104522e-06,2.593621395652078399e-06,9.669884416479028744e-01,-5.207122469507581286e-01,4.946721836984985409e-06,-1.150132231701560398e-01,2.355889268477377035e-02,1.309586045280904110e-01,4.404424850676484926e-01,1.610983017129619388e-01,-2.792511138845728963e-02,9.648498888596922507e-01,1.198294571991626728e-03,5.708482256217946027e-01,2.396802098069569786e-02,4.401221181402512062e-01,-1.962933492604286567e-01,3.125430588779710972e-02,1.086194545504687969e+00,-3.978620165680539500e-02,2.615776806895083739e-01,-3.228138096614755620e-02
0.220000,2.943525596017707198e-03,0.000000000000000000e+00,7.187047198316486307e-01,9.999953893013907580e-01,0.000000000000000000e+00,3.036671855808420559e-03,0.000000000000000000e+00,-4.684450299466228484e-01,5.565763500653677224e-07,-6.390003064517368481e-07,9.993797040560862266e-01,-5.369348609031256991e-01,-1.055644124739412408e-06,-4.578680281562078624e-01,-3.512700619123211607e-06,2.666934190116532647e-06,9.766023588299157510e-01,-5.247061529391944257e-01,4.921085525103418589e-06,-1.152680638294596022e-01,2.302255544541493421e-02,1.432565102676805480e-01,4.613932231191693045e-01,1.564465006066050323e-01,-6.602821423495502939e-02,9.035211073218509803e-01,4.139938224011464885e-02,5.388768502373190161e-01,6.543497516223943655e-02,4.558754454579110882e-01,-1.951592608735490952e-01,5.810232653073035824e-02,1.034453242704942655e+00,-7.160681761521543731e-02,2.245213467310994138e-01,-7.220084401873827495e-02
0.230000,4.812664349488954621e-03,0.000000000000000000e+00,7.176360504100371962e-01,9.999896255393990741e-01,0.000000000000000000e+00,4.555086560367768538e-03,0.000000000000000000e+00,-4.733362638616144813e-01,6.305672916767045555e-07,-7.186986130144474651e-07,1.008137471175899913e+00,-5.407997050930616334e-01,-1.155663743172585595e-06,-4.627439056047462085e-01,-3.622581060915467873e-06,2.738278027587231977e-06,9.853878512172337123e-01,-5.286110409440488711e-01,5.041707907599996143e-06,-1.148806871471506619e-01,2.075609263322972589e-02,1.552592410031353176e-01,4.859425239643423433e-01,1.575233704676850532e-01,-1.062636262171041124e-01,8.187157088284361395e-01,8.443342361891399694e-02,5.271996821412880951e-01,1.071640126868706744e-01,4.727313198431799535e-01,-1.967951629862003671e-01,8.688972764047986352e-02,9.613033783478333039e-01,-1.052653554558948823e-01,2.070094743281390981e-01,-1.105716285601158894e-01
0.240000,6.907473398654887659e-03,0.000000000000000000e+00,7.166502401615483242e-01,9.999815558871633092e-01,0.000000000000000000e+00,6.073539782366782665e-03,0.000000000000000000e+00,-4.779491870760316785e-01,5.865364613395888858e-07,-6.711257749359435848e-07,1.017048851990949077e+00,-5.450986905517344328e-01,-1.022655166845871203e-06,-4.673736075728586181e-01,-3.595696932636641430e-06,2.667499408128595536e-06,9.944088426259153346e-01,-5.329995418448747468e-01,4.903166446468393507e-06,-1.142912882348758041e-01,1.709677119278122520e-02,1.643064033128067702e-01,5.162733228974868416e-01,1.663811970771654491e-01,-1.523759397669429416e-01,7.002321233073032225e-01,1.344661288140261979e-01,5.459400740779380978e-01,1.466318844992746950e-01,4.975456734655724356e-01,-2.035194958622064121e-01,1.202025532864866020e-01,8.440740667974653277e-01,-1.439202916462655746e-01,2.257362432226310556e-01,-1.452130601711826008e-01
0.250000,9.198517487555339656e-03,0.000000000000000000e+00,7.157415503839271720e-01,9.999711801931313593e-01,0.000000000000000000e+00,7.592021019196379741e-03,0.000000000000000000e+00,-4.815340744350254387e-01,7.129149552229077551e-07,-8.023029009215797501e-07,1.024593165026164154e+00,-5.490577050364483513e-01,-1.203372728176649943e-06,-4.709975999557546311e-01,-3.729043239285482756e-06,2.762859468374404002e-06,1.002114142820292431e+00,-5.370776060014142983e-01,5.063376882188192384e-06,-1.141274611324164800e-01,1.436076317838035424e-02,1.700807849565433572e-01,5.321863014628861466e-01,1.800114205943838530e-01,-1.958235361258321705e-01,5.958322843780252676e-01,1.834454668689468881e-01,5.741383365465237976e-01,1.746506499985185090e-01,5.142254282308643676e-01,-2.144263842558195576e-01,1.508662208775863878e-01,7.246320823281917622e-01,-1.822303398016335285e-01,2.640417702510966524e-01,-1.691451953639464545e-01
0.260000,1.165636136023013095e-02,0.000000000000000000e+00,7.149042423749200070e-01,9.999584983535960703e-01,0.000000000000000000e+00,9.110519766794099653e-03,0.000000000000000000e+00,-4.843013825804182160e-01,1.000398465786337771e-06,-1.046976782971577862e-06,1.030965474179254215e+00,-5.526543461618502739e-01,-1.640637877539828160e-06,-4.738195494640103367e-01,-4.021022415239301858e-06,2.965816505722144390e-06,1.008682226827905648e+00,-5.408126492917149086e-01,5.477848580052037393e-06,-1.142198638916568088e-01,1.244550707771016271e-02,1.768199713929616279e-01,5.304296930972025592e-01,1.955036960808292090e-01,-2.348291851732472180e-01,5.208153409729384675e-01,2.294596349426479276e-01,5.947392260198604008e-01,1.955390522083906013e-01,5.140946738629871282e-01,-2.268188610393788440e-01,1.773236835920691812e-01,6.320398347544757822e-01,-2.189481419572092691e-01,2.964700326766857574e-01,-1.866797970575414523e-01
0.270000,1.425156976071907840e-02,0.000000000000000000e+00,7.141325774322718756e-01,9.999435103127051194e-01,0.000000000000000000e+00,1.062902552000732047e-02,0.000000000000000000e+00,-4.871217489050394533e-01,1.051525588273065717e-06,-1.147002344840900660e-06,1.038034138594323696e+00,-5.569094811748381835e-01,-1.711915137254567740e-06,-4.767374996616124960e-01,-4.054144621732541878e-06,3.006734071457100035e-06,1.016056841637954067e+00,-5.452732764994758785e-01,5.492256672160398684e-06,-1.147845238877383545e-01,1.217712897620693360e-02,1.822831039810807741e-01,5.198559064911532079e-01,2.187612167864332047e-01,-2.810467070226211339e-01,4.365620486461774252e-01,2.839196844795199293e-01,6.279710714783224290e-01,2.077881998079095238e-01,5.086183922255160805e-01,-2.459061806054710919e-01,2.073110981732868008e-01,5.132349904145790953e-01,-2.639673466212647535e-01,3.525239548548914637e-01,-1.957041674807513676e-01
0.280000,1.695470743306200928e-02,0.000000000000000000e+00,7.134208168537286010e-01,9.999262160624678986e-01,0.000000000000000000e+00,1.214752777295656505e-02,0.000000000000000000e+00,-4.890965831202015446e-01,1.334728083438506014e-06,-1.372203571412836343e-06,1.043562880114104141e+00,-5.604538346782338420e-01,-2.121801248453642082e-06,-4.788138367819054220e-01,-4.328000768722570068e-06,3.176140017360548223e-06,1.021894599308375451e+00,-5.490222068558761048e-01,5.860623379502840739e-06,-1.153727735107434732e-01,1.217355721312064418e-02,1.887813732492821805e-01,4.968671224730666358e-01,2.416789811480542227e-01,-3.197153120577173047e-01,3.804278469640519078e-01,3.308867795160642111e-01,6.497378172753078829e-01,2.136090757765547188e-01,4.875657589646923418e-01,-2.642201019752491442e-01,2.317504481581887654e-01,4.304497168958963393e-01,-3.034406606355196656e-01,3.927185074225208461e-01,-1.985764610018003196e-01
0.290000,1.973633912129873005e-02,0.000000000000000000e+00,7.127632219370355626e-01,9.999066156427597329e-01,0.000000000000000000e+00,1.366601601939887965e-02,0.000000000000000000e+00,-4.909209306365444614e-01,1.536168617799529205e-06,-1.560878551329065282e-06,1.049136441371558481e+00,-5.642003474729160306e-01,-2.417714408094154823e-06,-4.807731243728673443e-01,-4.508555188972710602e-06,3.298676271465194168e-06,1.027860713885280219e+00,-5.530233700127688001e-01,6.097470744856193004e-06,-1.159317401556712313e-01,1.239068529089823456e-02,1.955483940810083254e-01,4.635549039332677590e-01,2.703078249934875998e-01,-3.605832688293069688e-01,3.271261156627490174e-01,3.810266657139848023e-01,6.729951427384475160e-01,2.115600857912076915e-01,4.535861554659676997e-01,-2.861663229595257096e-01,2.570999349473972462e-01,3.537267266957480061e-01,-3.458370165239064153e-01,4.349986370433170380e-01,-1.937612488338819050e-01
0.300000,2.256702956946909921e-02,0.000000000000000000e+00,7.121540539799386949e-01,9.998847091413228805e-01,0.000000000000000000e+00,1.518447975309128624e-02,0.000000000000000000e+00,-4.924912672283036086e-01,1.709992221328660627e-06,-1.740074469221493718e-06,1.054373874831656899e+00,-5.678672374675669543e-01,-2.675918108704806072e-06,-4.825048079727783934e-01,-4.655412823265903089e-06,3.406300569499621273e-06,1.033554065819986434e+00,-5.569818983462662132e-01,6.287723613627360837e-06,-1.163994199059351919e-01,1.274166121521771999e-02,2.023791828018106920e-01,4.209071562121928234e-01,3.031471344485120456e-01,-4.008587273482637769e-01,2.819429375763890522e-01,4.308114577843767945e-01,6.929495634607583110e-01,2.016719133341174641e-01,4.073003858269204636e-01,-3.105389773270270659e-01,2.818470354815046930e-01,2.904950030805789063e-01,-3.879579349499564511e-01,4.731519406217931656e-01,-1.815817422692258265e-01
0.310000,2.541734352161291455e-02,0.000000000000000000e+00,7.115875742801830439e-01,9.998604966937659766e-01,0.000000000000000000e+00,1.670290846815419492e-02,0.000000000000000000e+00,-4.938513524732405791e-01,1.874149421220144287e-06,-1.919274236532978244e-06,1.059256854243880497e+00,-5.713909697466781346e-01,-2.924823810483811784e-06,-4.840514166987495703e-01,-4.789432828563693982e-06,3.510705373501513404e-06,1.038952962477853736e+00,-5.608321024139871769e-01,6.464054298153481202e-06,-1.167402427836017331e-01,1.306980213582293639e-02,2.095180844161770028e-01,3.697567772588848389e-01,3.395636766185433086e-01,-4.396788839400328497e-01,2.462480163520418819e-01,4.791772665698149081e-01,7.061642058373510666e-01,1.854931162299762459e-01,3.494788178827236691e-01,-3.368694870197702085e-01,3.056708245267636403e-01,2.430986925880828931e-01,-4.284820726544166236e-01,5.030815312412507678e-01,-1.637015427505393306e-01
0.320000,2.825784572177001547e-02,0.000000000000000000e+00,7.110580441355145442e-01,9.998339784835589272e-01,0.000000000000000000e+00,1.822129165943485105e-02,0.000000000000000000e+00,-4.950652860106363740e-01,2.029324082363716901e-06,-2.098261247305289329e-06,1.063815366372659721e+00,-5.747371548482721471e-01,-3.166785446800850005e-06,-4.854769780190546502e-01,-4.913117154481932727e-06,3.613357852225238761e-06,1.044086889897297254e+00,-5.645391590508157531e-01,6.631419436092731828e-06,-1.169471432796377192e-01,1.329733873872723619e-02,2.170793416659092812e-01,3.112579649888052580e-01,3.789461378137838898e-01,-4.763470302068394946e-01,2.204599109596864503e-01,5.253255427150227419e-01,7.099755675495800222e-01,1.649357844932441419e-01,2.815731592294076213e-01,-3.647367059248248222e-01,3.282862484477420129e-01,2.122504130194342031e-01,-4.663621725648731675e-01,5.219273145079664777e-01,-1.421007410187977993e-01
0.330000,3.105910091398019976e-02,0.000000000000000000e+00,7.105597248436785751e-01,9.998051547420265805e-01,0.000000000000000000e+00,1.973961882287073727e-02,0.000000000000000000e+00,-4.962006295218462926e-01,2.172730454659717229e-06,-2.274854845042749770e-06,1.068087181551660381e+00,-5.778759506554893566e-01,-3.398661830707298758e-06,-4.868492426132298156e-01,-5.025275539304350242e-06,3.713657990444077335e-06,1.048993658649569838e+00,-5.680730764971764213e-01,6.788916443437356946e-06,-1.170254213049213010e-01,1.339566326505320024e-02,2.251232662340133805e-01,2.467594881022459330e-01,4.205651876067446060e-01,-5.101668756431017027e-01,2.046284935130742999e-01,5.685239352221044262e-01,7.022696138148859513e-01,1.422708496248339949e-01,2.054507775550432347e-01,-3.936165965221676832e-01,3.493865768818467110e-01,1.978391033197195448e-01,-5.007467374319276576e-01,5.275889908362012548e-01,-1.190234704117415498e-01
0.340000,3.379167384228330684e-02,0.000000000000000000e+00,7.100868777024208489e-01,9.997740257483389570e-01,0.000000000000000000e+00,2.125787945585289745e-02,0.000000000000000000e+00,-4.973261522492278819e-01,2.300989825916616611e-06,-2.446575259057371383e-06,1.072112628937811341e+00,-5.807789026545958633e-01,-3.616380675997088329e-06,-4.882372779063566259e-01,-5.124094987240298501e-06,3.810685602999913784e-06,1.053713795784460450e+00,-5.714052999603187466e-01,6.934641469988678917e-06,-1.168684247260513565e-01,1.337473821973193984e-02,2.337120431682730148e-01,1.775796184481244766e-01,4.636125627900544721e-01,-5.406136667604721779e-01,1.985789567212900841e-01,6.082105096875911610e-01,6.815734925363297059e-01,1.199778218507989019e-01,1.247395439585157750e-01,-4.228438127000815894e-01,3.684841436228757372e-01,1.987464632779773754e-01,-5.313210715218713576e-01,5.187681812021354144e-01,-9.674674179552633646e-02
0.350000,3.642612925071914143e-02,0.000000000000000000e+00,7.096337640094869670e-01,9.997405918294989258e-01,0.000000000000000000e+00,2.277606305758913402e-02,0.000000000000000000e+00,-4.985114739114215876e-01,2.410608621244826917e-06,-2.610918645387867865e-06,1.075933847725746739e+00,-5.834185216557624676e-01,-3.815730736016839285e-06,-4.897110846201785384e-01,-5.207651413623118053e-06,3.903489352301752418e-06,1.058289716014287229e+00,-5.745082349603954919e-01,7.066534823613834428e-06,-1.165535074824620432e-01,1.323059397412312994e-02,2.428962214240709405e-01,1.051033643671683560e-01,5.072743052207686620e-01,-5.673098734956976141e-01,2.018965964768274224e-01,6.439793901719531588e-01,6.472077547480443727e-01,1.006382628596713402e-01,4.017367736148544366e-02,-4.517941914014574345e-01,3.854825663904453692e-01,2.139418440867426607e-01,-5.580454235094560733e-01,4.949429928698966807e-01,-7.742790568638763249e-02
0.360000,3.893303188332755682e-02,0.000000000000000000e+00,7.091946450626224197e-01,9.997048533603266618e-01,0.000000000000000000e+00,2.429415912946713066e-02,0.000000000000000000e+00,-4.998269294965446141e-01,2.498053531976981303e-06,-2.765388650504027738e-06,1.079594535478157535e+00,-5.857681630210244128e-01,-3.992483819702378524e-06,-4.913414538037826351e-01,-5.273987738966289276e-06,3.991121267618007901e-06,1.062765433463868092e+00,-5.773550976083571262e-01,7.182510489779622345e-06,-1.161816445280353660e-01,1.294498792619084085e-02,2.526819135427952889e-01,3.058347538579839209e-02,5.508749179917943328e-01,-5.902593033376779541e-01,2.139505024726882920e-01,6.757708898773020501e-01,5.994084653598845680e-01,8.657536631507649350e-02,-4.703869210396464939e-02,-4.799712352168670204e-01,4.006817550033509590e-01,2.421988102626707606e-01,-5.811436499437417913e-01,4.563751451762892430e-01,-6.306261397798307300e-02
0.370000,4.128294648414837509e-02,0.000000000000000000e+00,7.087637821595726972e-01,9.996668107634421041e-01,0.000000000000000000e+00,2.581215717541734608e-02,0.000000000000000000e+00,-5.013434380057888440e-01,2.559768081052932973e-06,-2.907485948870006138e-06,1.083139680727266851e+00,-5.878018901593868861e-01,-4.142410222606884236e-06,-4.931998295791376608e-01,-5.321126909720624993e-06,4.072629313100721227e-06,1.067186261828913407e+00,-5.799197516319869461e-01,7.280471520293307212e-06,-1.158253965518262069e-01,1.250741093575942139e-02,2.630189838820221060e-01,-4.497119979286397923e-02,5.939110160888249057e-01,-6.099243898345293458e-01,2.339437019322229971e-01,7.039755589488173593e-01,5.392502152098257451e-01,7.959539741224506970e-02,-1.354870005533141963e-01,-5.070509049168594462e-01,4.146701107869396608e-01,2.818084889812544902e-01,-6.012311982277466216e-01,4.042209724330584897e-01,-5.522149838801933275e-02
0.380000,4.344643779722139748e-02,0.000000000000000000e+00,7.083354365980834011e-01,9.996264645092443057e-01,0.000000000000000000e+00,2.733004670227579327e-02,0.000000000000000000e+00,-5.031323476947893170e-01,2.592183560356972730e-06,-3.034686924438583850e-06,1.086615213898099341e+00,-5.894942804191529717e-01,-4.261277641833077938e-06,-4.953581478479591182e-01,-5.347076803287197364e-06,4.147041194364422789e-06,1.071598431537170715e+00,-5.821764870394315894e-01,7.358308075319466195e-06,-1.155384264239763398e-01,1.192093591058015177e-02,2.737895626223201262e-01,-1.207756005926939880e-01,6.360277846885631359e-01,-6.271294791498396304e-01,2.609258978467010048e-01,7.294439267833214835e-01,4.684578053152600452e-01,8.090099752469043226e-02,-2.237852484202856318e-01,-5.328864659470489151e-01,4.282089705979476024e-01,3.306159500083162284e-01,-6.192850707886379258e-01,3.403911220054639530e-01,-5.492052009588302419e-02
0.390000,4.539407056658644607e-02,0.000000000000000000e+00,7.079038696759002436e-01,9.995838151158876750e-01,0.000000000000000000e+00,2.884781722014653424e-02,0.000000000000000000e+00,-5.052652549249726510e-01,2.591732075185507935e-06,-3.144416001650816324e-06,1.090067568276647414e+00,-5.908201675073673220e-01,-4.344847005793576314e-06,-4.978886480582543350e-01,-5.349835394533515846e-06,4.213344268201547286e-06,1.076048615325720048e+00,-5.840997342412559412e-01,7.413892700062486107e-06,-1.153661307795967594e-01,1.119287777378637390e-02,2.848030372236060037e-01,-1.961742462482746197e-01,6.769889775270455656e-01,-6.428758667571007335e-01,2.937457927873965979e-01,7.534175135773246712e-01,3.892068387827363751e-01,9.113594397874563713e-02,-3.105996009320308726e-01,-5.574843984779678241e-01,4.420906949026207622e-01,3.860770328311137756e-01,-6.365078423628437454e-01,2.673209964811320005e-01,-6.265496979368896657e-02
0.400000,4.709640953628334986e-02,0.000000000000000000e+00,7.074633426907686040e-01,9.995388631492558851e-01,0.000000000000000000e+00,3.036545824276397701e-02,0.000000000000000000e+00,-5.078137967488368654e-01,2.554862906937251487e-06,-3.234012309769370558e-06,1.093543150452649382e+00,-5.917543196785092219e-01,-4.388867143630638427e-06,-5.008636585536557773e-01,-5.327397500514762095e-06,4.270462286073635763e-06,1.080583362230685740e+00,-5.856637130399569013e-01,7.445074996676714546e-06,-1.153565078804815736e-01,1.028175584546731254e-02,2.958140511680664719e-01,-2.705295834316304715e-01,7.167876416424741048e-01,-6.583450802144557024e-01,3.307558109453263007e-01,7.772624894346698010e-01,3.047218342161838178e-01,1.105026835146739883e-01,-3.945929666325849183e-01,-5.809693178913403200e-01,4.570053520452211915e-01,4.452921188537274366e-01,-6.541330571660858295e-01,1.877354950000680311e-01,-7.854106777789124361e-02
0.410000,4.836801259376299900e-02,0.000000000000000000e+00,7.071059479227528310e-01,9.995388631492558851e-01,3.467847062112352664e-19,3.036545824276397701e-02,-1.053513465450317994e-20,-5.070205577318392942e-01,2.645724315535000554e-06,-2.890443195730683638e-06,1.095902057048755207e+00,-5.948689097468490283e-01,-4.203589550819724048e-06,-5.006995253830804904e-01,-5.397426101865847993e-06,4.010690193376351020e-06,1.084451639589588012e+00,-5.896618212791151503e-01,7.309214205347441065e-06,-1.149274040262747848e-01,1.052240717868463925e-02,2.967212229355449260e-01,-3.402883821324531599e-01,7.083381870506894051e-01,-6.486009056109189874e-01,3.734489415337415297e-01,7.758639666313024152e-01,2.896242633947179734e-01,1.079372913941673701e-01,-4.757825800637224822e-01,-5.749066226938108759e-01,4.601208157649395725e-01,5.083233657197924193e-01,-6.601582399207377438e-01,1.594212282715266882e-01,-8.396757421339981486e-02
0.420000,4.910585634316477766e-02,0.000000000000000000e+00,7.069087560535588510e-01,9.995388631492558851e-01,6.935694124224725550e-19,3.036545824276397701e-02,-2.107026930900642006e-20,-5.063287451427243013e-01,2.425728086855241486e-06,-2.636755561401120021e-06,1.097243954929259635e+00,-5.969082864393912002e-01,-3.826108547330420218e-06,-5.009766507658430790e-01,-5.189906222275940441e-06,3.884059131720272651e-06,1.088071356513709897e+00,-5.930131190545016029e-01,7.038419566086355284e-06,-1.151089408254359070e-01,1.024468119268096694e-02,2.960446049311071248e-01,-4.102366957769965627e-01,6.970703759351336570e-01,-6.365597484521425820e-01,4.123516129475787162e-01,7.735944979709916680e-01,2.873422171219859322e-01,9.757614259947382240e-02,-5.520414593979633411e-01,-5.650963974787257538e-01,4.630742885159960243e-01,5.625622611698362086e-01,-6.667924377260805446e-01,1.430118603294378010e-01,-8.606273462664756901e-02
0.430000,4.940413360356123162e-02,0.000000000000000000e+00,7.068434959833940212e-01,9.995388631492558851e-01,1.040354118633709651e-18,3.036545824276397701e-02,-3.160540396350966168e-20,-5.060031145123877749e-01,2.071119552749898752e-06,-2.334222792388159747e-06,1.097755766862449800e+00,-5.977578338537807845e-01,-3.314558037163837906e-06,-5.018869099495106845e-01,-4.860313659555247430e-06,3.724045300668310950e-06,1.091462348133083626e+00,-5.955094020750801853e-01,6.650830264110310381e-06,-1.156309131105487109e-01,9.339216298229795904e-03,2.952830397701859400e-01,-4.819516041558031261e-01,6.874682759666302934e-01,-6.246208737606304684e-01,4.494540815769770270e-01,7.723530487725325244e-01,2.881889187598367652e-01,8.382786551477552917e-02,-6.234478785087795849e-01,-5.552063509454701062e-01,4.659687112037385615e-01,6.071021498726089094e-01,-6.742610127681614163e-01,1.324701749467368517e-01,-8.612611231681789603e-02
0.440000,4.935703719402495526e-02,0.000000000000000000e+00,7.068818966124672531e-01,9.995388631492558851e-01,1.387138824844946843e-18,3.036545824276397701e-02,-4.214053861801289428e-20,-5.059952591470376904e-01,1.651893740197691526e-06,-1.971973473551709134e-06,1.097619114585539402e+00,-5.976395227101485297e-01,-2.717913742149584256e-06,-5.032837427414319498e-01,-4.468170992003009156e-06,3.509028002255298193e-06,1.094579690785603354e+00,-5.972444694234095852e-01,6.179021816032633626e-06,-1.164090564857866994e-01,8.019246770040148672e-03,2.946559300562733852e-01,-5.558041099459190004e-01,6.791068127317078096e-01,-6.134542118374287645e-01,4.871157894127661203e-01,7.722718388462581629e-01,2.899464562062230022e-01,6.873539430347148926e-02,-6.908604495439611970e-01,-5.458983603659066652e-01,4.686748451285460693e-01,6.426468384261200262e-01,-6.823014533309798013e-01,1.264915067654126257e-01,-8.417612822713275988e-02
0.450000,4.905875993362848742e-02,0.000000000000000000e+00,7.069956868409855710e-01,9.995388631492558851e-01,1.733923531056184036e-18,3.036545824276397701e-02,-5.267567327251613289e-20,-5.062233917568739194e-01,1.209801231508422169e-06,-1.571878130706191495e-06,1.097009700010405986e+00,-5.968096192433325342e-01,-2.082513352321127675e-06,-5.049843767300974395e-01,-4.048146833388116632e-06,3.253497989852343494e-06,1.097366131481558593e+00,-5.983426568037796267e-01,5.658979218793828422e-06,-1.173907529535447580e-01,6.520613787410735329e-03,2.942299626543458668e-01,-6.317123922281998594e-01,6.711648129833093224e-01,-6.034465694487555210e-01,5.269027408147550773e-01,7.734196426808305214e-01,2.918261623857840714e-01,5.379009334653313962e-02,-7.549707208117402146e-01,-5.373787017196508531e-01,4.711720007068564975e-01,6.702981638125371511e-01,-6.907483416302476753e-01,1.243294089794998031e-01,-8.022061848459398348e-02
0.460000,4.860349464144441550e-02,0.000000000000000000e+00,7.071565955691575533e-01,9.995388631492558851e-01,2.080708237267420843e-18,3.036545824276397701e-02,-6.321080792701937151e-20,-5.066016576128694604e-01,7.818079086651980210e-07,-1.161314265800638174e-06,1.096101218414624601e+00,-5.955275131336499328e-01,-1.454254450663530179e-06,-5.068011653778170533e-01,-3.630757582764393135e-06,2.978272970672004098e-06,1.099761894782623317e+00,-5.989316756111707774e-01,5.127454588813661171e-06,-1.184961158581031709e-01,5.066342866766125608e-03,2.940628208297976776e-01,-7.092525760118941758e-01,6.629712150149603689e-01,-5.948171574795101391e-01,5.695063623689631260e-01,7.758491411620676015e-01,2.935622966895103381e-01,4.015126755632700273e-02,-8.164513922790654910e-01,-5.297629772692270533e-01,4.734789250163916607e-01,6.914080750840373435e-01,-6.995021358352886409e-01,1.251895937259699665e-01,-7.443352114951937160e-02
0.470000,4.808543413654529919e-02,0.000000000000000000e+00,7.073363516971908904e-01,9.995388631492558851e-01,2.427492943478656494e-18,3.036545824276398395e-02,-7.374594258152256198e-20,-5.070443711651482221e-01,4.039771110210666066e-07,-7.686091254706624340e-07,1.095068024654433758e+00,-5.940532252664516566e-01,-8.789380257354864804e-07,-5.085455513467028732e-01,-3.245704393172927130e-06,2.705583556331946329e-06,1.101707461030513979e+00,-5.991405366367879015e-01,4.621439170040811658e-06,-1.196083384821598622e-01,3.859102657662988843e-03,2.941947027846636975e-01,-7.876867737985349116e-01,6.540565997339509163e-01,-5.876388351280591449e-01,6.147510839934512417e-01,7.795762211754745374e-01,2.952890933713118171e-01,2.863128295882542279e-02,-8.759559757008169578e-01,-5.231241049893601280e-01,4.756346603308240217e-01,7.075858810296941082e-01,-7.084904477143049162e-01,1.281361657616862659e-01,-6.718412027984832502e-02
0.480000,4.759877123800370508e-02,0.000000000000000000e+00,7.075066841252934946e-01,9.995388631492558851e-01,2.774277649689893687e-18,3.036545824276397701e-02,-8.428107723602578856e-20,-5.074671743646250732e-01,1.119948838036863178e-07,-4.223578692020635514e-07,1.094086617427107999e+00,-5.926476089396449654e-01,-4.022740263793306371e-07,-5.100289715361752130e-01,-2.922282595634679276e-06,2.458313671744624517e-06,1.103144647821681090e+00,-5.990996083959625462e-01,4.178010349712822076e-06,-1.205734115699270553e-01,3.073802122085003610e-03,2.946202463295996554e-01,-8.659807292250067956e-01,6.441388368752464233e-01,-5.818665201106081319e-01,6.616162336947433165e-01,7.845764361995095637e-01,2.975306540503117603e-01,1.965476773968437632e-02,-9.340973433704741202e-01,-5.174952545614331934e-01,4.776901688070726570e-01,7.207037377081014773e-01,-7.176384140260499978e-01,1.320785722957123487e-01,-5.904662828384769219e-02
0.490000,4.723769876489219977e-02,0.000000000000000000e+00,7.076393217536732783e-01,9.995388631492558851e-01,3.121062355901130879e-18,3.036545824276398395e-02,-9.481621189052903921e-20,-5.077872529959270853e-01,-5.871315059348494956e-08,-1.512720951158544468e-07,1.093335972747305762e+00,-5.915724522166903032e-01,-6.987519227527100754e-08,-5.110631453776703914e-01,-2.689447589206104054e-06,2.259738285690464846e-06,1.104016710148690628e+00,-5.989404169027490177e-01,3.834237161937949314e-06,-1.212002428575551655e-01,2.852732478431987354e-03,2.952609289492403866e-01,-9.428189910088093928e-01,6.330920746935922994e-01,-5.773769907965490278e-01,7.082792022624917472e-01,7.907923585058767024e-01,3.011907240895135840e-01,1.323216331098081393e-02,-9.914165407304198485e-01,-5.128705072197046189e-01,4.797021544777152480e-01,7.328852558915039950e-01,-7.268466142351601711e-01,1.357789193754487811e-01,-5.080578078380123402e-02
0.500000,4.709640953628334986e-02,0.000000000000000000e+00,7.077059934825383758e-01,9.995388631492558851e-01,3.467847062112368071e-18,3.036545824276397701e-02,-1.053513465450322658e-19,-5.079228100802349877e-01,-7.284280817260244893e-08,1.592316827618980667e-08,1.092996717043417387e+00,-5.910901767589253897e-01,7.270656692707735343e-08,-5.114599923950670091e-01,-2.575912856410673574e-06,2.133230062666214029e-06,1.104267553437984439e+00,-5.987949424670574450e-01,3.627092968450897530e-06,-1.212584331848570729e-01,3.303697563342351904e-03,2.959447150236005353e-01,-1.016621050653584657e+00,6.209054253633281562e-01,-5.740160828299203377e-01,7.521814223639632369e-01,7.981524149886121133e-01,3.075262081832738636e-01,8.955659235134876342e-03,-1.048345863180820903e+00,-5.092124002976073927e-01,4.817278418493120551e-01,7.464711396785221886e-01,-7.359798121894830514e-01,1.378737524874039388e-01,-4.345671614872904237e-02
0.510000,4.612579411807390950e-02,0.000000000000000000e+00,7.069077605592226643e-01,9.995388631492558851e-01,3.121062355901130879e-18,3.036545824276398395e-02,-9.481621189052903921e-20,-5.073830714875765535e-01,-6.078588567254707731e-07,3.104666883920768372e-07,1.090133763617789242e+00,-5.887795988964419358e-01,6.853035264017572638e-07,-5.105325356130322456e-01,-2.433236617944970714e-06,2.049761728261551413e-06,1.100904813377159508e+00,-5.963689039299701067e-01,3.419358949729963134e-06,-1.205205150421168464e-01,3.859509780286385968e-03,2.929522214745131081e-01,-1.087743674416339568e+00,6.130900206938013630e-01,-5.680340542056266928e-01,7.835602822942984158e-01,7.977054007569348570e-01,3.056737567616638618e-01,-7.951500486799521067e-03,-1.105709878374062205e+00,-5.059909194013728628e-01,4.830391810744295022e-01,7.576555055695644025e-01,-7.442808648638907787e-01,1.437073295699966557e-01,-3.069438098792937747e-02
0.520000,4.364533249376086749e-02,0.000000000000000000e+00,7.048300862986959237e-01,9.995388631492558851e-01,2.774277649689894072e-18,3.036545824276398395e-02,-8.428107723602582467e-20,-5.058684084305241635e-01,-1.864031067192245353e-06,1.063919949578101827e-06,1.082535299061973433e+00,-5.827253755986906425e-01,2.178772035247731823e-06,-5.079504541848484100e-01,-2.257179592858053106e-06,2.013730169752802594e-06,1.091899860959559154e+00,-5.899690645529348521e-01,3.180498749570609985e-06,-1.198305874493122980e-01,5.086671752344342282e-03,2.857407935907089747e-01,-1.160223042802124738e+00,6.090114842377155613e-01,-5.627696832879782729e-01,8.002162664184220287e-01,7.977556096794193863e-01,3.106518327562415860e-01,-4.105250274700756458e-02,-1.166278916779815988e+00,-5.042425715690059818e-01,4.847552942494934292e-01,7.608265391187629678e-01,-7.525413261025993839e-01,1.550980942957918274e-01,-5.205351447784551180e-03
0.530000,4.030210160881721182e-02,0.000000000000000000e+00,7.020213027026201980e-01,9.995388631492558851e-01,2.427492943478656880e-18,3.036545824276398395e-02,-7.374594258152257402e-20,-5.036388375620983737e-01,-3.388340059312874457e-06,2.064179527243494473e-06,1.071732330442571435e+00,-5.741734433526763937e-01,4.021842708165634430e-06,-5.041386249706507616e-01,-2.227342899648307708e-06,2.056020123739862666e-06,1.078923268120224321e+00,-5.808198317882246053e-01,3.124604605767572141e-06,-1.191990445411289373e-01,6.335798999864442234e-03,2.785290883858532740e-01,-1.236321324909044783e+00,6.080160329371508965e-01,-5.584477363267540406e-01,8.049150213400257936e-01,7.999107473864753848e-01,3.234438844643122146e-01,-8.678227899225256226e-02,-1.231074065315988175e+00,-5.044194085136424199e-01,4.862579109342044514e-01,7.568308647402988143e-01,-7.609310772964815728e-01,1.705128959364578534e-01,3.010256371916789422e-02
0.540000,3.674317840871590274e-02,0.000000000000000000e+00,6.990297417726571982e-01,9.995388631492558851e-01,2.080708237267418917e-18,3.036545824276398048e-02,-6.321080792701932336e-20,-5.010868352494368683e-01,-4.854414528037500508e-06,3.076477653221201212e-06,1.059769953580423030e+00,-5.647713804837443119e-01,5.797978824297214184e-06,-4.996694860771200841e-01,-2.368106894138786405e-06,2.173297760105792231e-06,1.064149808454288193e+00,-5.705191686114474692e-01,3.285355948567045992e-06,-1.187769269917737930e-01,7.249131680507566768e-03,2.743658723834258573e-01,-1.316703679783584713e+00,6.087983205952119947e-01,-5.549434289568734302e-01,8.038136321004832885e-01,8.046333380502752597e-01,3.414514900968781963e-01,-1.391522020516070823e-01,-1.300794512973393546e+00,-5.059396549329547854e-01,4.874170500805041772e-01,7.499757489864352644e-01,-7.696518933221200287e-01,1.870304450627366943e-01,7.009841976740871505e-02
0.550000,3.361563983892990742e-02,0.000000000000000000e+00,6.964037355104687466e-01,9.995388631492558851e-01,1.733923531056181917e-18,3.036545824276398048e-02,-5.267567327251606669e-20,-4.986813137738001500e-01,-5.971919037113495503e-06,3.876066375922617653e-06,1.048847132283640127e+00,-5.562486711288092689e-01,7.134092487561583242e-06,-4.951964844229191365e-01,-2.670446332274513871e-06,2.357143350933838338e-06,1.049915764952418007e+00,-5.607494995582713582e-01,3.657011176814945413e-06,-1.187108027992865855e-01,7.749128434072225305e-03,2.746338255708370424e-01,-1.400900734699840777e+00,6.093708060647458069e-01,-5.521001738926486491e-01,8.044371907451839387e-01,8.118115123534787037e-01,3.608550225113555943e-01,-1.908625225545594328e-01,-1.374884706838158221e+00,-5.075327864769385577e-01,4.884847695270003176e-01,7.459068949112159785e-01,-7.787867541088563383e-01,2.012861301647464463e-01,1.087033059468038021e-01
0.560000,3.156656284493219305e-02,0.000000000000000000e+00,6.946916159177165540e-01,9.995388631492558851e-01,1.387138824844944917e-18,3.036545824276398048e-02,-4.214053861801283409e-20,-4.969569843019294164e-01,-6.457891922500705484e-06,4.248485120457891063e-06,1.041273296223344413e+00,-5.503801765253938383e-01,7.671051600428773900e-06,-4.914496631763742296e-01,-3.121196820498331270e-06,2.600876546238794044e-06,1.038690667118704170e+00,-5.532505871694841648e-01,4.229976521728066332e-06,-1.189807114184047443e-01,7.867265955477344835e-03,2.792005996771569909e-01,-1.487465748131294063e+00,6.073343015530229261e-01,-5.498465690751285218e-01,8.138584875174782463e-01,8.205746713424174610e-01,3.779162287528443631e-01,-2.339488363748973287e-01,-1.450649283535515144e+00,-5.077767078871532336e-01,4.897894596317377003e-01,7.496185894683156103e-01,-7.881861362367915680e-01,2.102689084632666516e-01,1.394877283539882884e-01
0.570000,3.124302437219571640e-02,0.000000000000000000e+00,6.944417149960625535e-01,9.995388631492558851e-01,1.040354118633711770e-18,3.036545824276398395e-02,-3.160540396350972788e-20,-4.964825700906621009e-01,-6.032101277275532720e-06,3.985239540142880319e-06,1.039416339268204759e+00,-5.489651849409539208e-01,7.057326525830367302e-06,-4.892122819356105601e-01,-3.705593057707714929e-06,2.898784103954506316e-06,1.033039451233198625e+00,-5.498043913506762692e-01,4.992423362807323711e-06,-1.193847390353207916e-01,7.681768639840389282e-03,2.868163651938914760e-01,-1.572146913947415126e+00,6.006022121786173118e-01,-5.479071948708515993e-01,8.362210249500033887e-01,8.292928616643318041e-01,3.902232944114896740e-01,-2.606890744643136082e-01,-1.522971821743094312e+00,-5.055568656493245605e-01,4.915639835622048204e-01,7.638429713746177629e-01,-7.975733910094694457e-01,2.120582402037269054e-01,1.563152782963939946e-01
0.580000,3.329210136619344118e-02,0.000000000000000000e+00,6.962023647471686782e-01,9.995388631492558851e-01,6.935694124224741920e-19,3.036545824276398395e-02,-2.107026930900647121e-20,-4.977945285391352503e-01,-4.416979002871850248e-06,2.874385738447546901e-06,1.045595155565306689e+00,-5.537859760036298873e-01,4.945036639463671459e-06,-4.892618453863056271e-01,-4.404192625493400019e-06,3.242840743291346923e-06,1.035524100795271130e+00,-5.521953959305413440e-01,5.923774461159505979e-06,-1.196168028963457280e-01,7.304341709931075517e-03,2.956666048905526312e-01,-1.646541645819905364e+00,5.882457658498707609e-01,-5.453404069487680639e-01,8.705081777399789056e-01,8.360287557557163352e-01,3.975243601505522584e-01,-2.648297498593207844e-01,-1.584783823092645427e+00,-5.003058899184494868e-01,4.939137763479813925e-01,7.883861885643728140e-01,-8.067447410644106309e-01,2.061984761315398262e-01,1.538688072197836598e-01
0.590000,3.836087077239831722e-02,0.000000000000000000e+00,7.005218971726966393e-01,9.995388631492558851e-01,3.467847062112371442e-19,3.036545824276398395e-02,-1.053513465450324012e-20,-5.012967907598437911e-01,-1.336181040686793006e-06,6.854229515467800601e-07,1.061916569988323733e+00,-5.665448508882745537e-01,9.814572348628721724e-07,-4.922732991916292655e-01,-5.189429813883685193e-06,3.618416572270790005e-06,1.048538807993113275e+00,-5.621423445704661903e-01,6.987046222607566927e-06,-1.194589871792855751e-01,6.884304027508094705e-03,3.040391028152324981e-01,-1.697708805992895531e+00,5.709518396003279150e-01,-5.401775989710810855e-01,9.101504093926432448e-01,8.393232045729934754e-01,4.014546873334741139e-01,-2.424256196546493713e-01,-1.628333102430070900e+00,-4.918508857569399151e-01,4.969297313590594900e-01,8.207926897594234328e-01,-8.157450659952906191e-01,1.935113920824772793e-01,1.278000562185995226e-01
0.600000,4.709640953628334986e-02,0.000000000000000000e+00,7.079486442743081476e-01,9.995388631492558851e-01,0.000000000000000000e+00,3.036545824276398395e-02,0.000000000000000000e+00,-5.080072459278313080e-01,2.624388406896350062e-06,-2.912357551201460564e-06,1.093528168205948337e+00,-5.915067307725261347e-01,-4.271371517654340789e-06,-4.996172790164469246e-01,-4.947527432365974185e-06,3.705797562073276397e-06,1.077272871985276881e+00,-5.835703922919980302e-01,6.771891145936414275e-06,-1.187935396088192902e-01,6.306996364789140344e-03,3.073102768946435193e-01,-1.727685965563379833e+00,5.384121584894492329e-01,-5.296136540162990070e-01,9.848777549879663695e-01,8.352437344608683034e-01,3.908639588905088447e-01,-1.703011395114139570e-01,-1.655958992210542435e+00,-4.715135504690988189e-01,5.023851411854615145e-01,8.935343250247139713e-01,-8.241864835714191040e-01,1.605677502067061890e-01,5.485838336016095329e-02
0.610000,6.062444513116376638e-02,0.000000000000000000e+00,7.192591906848325722e-01,9.992239854158732060e-01,0.000000000000000000e+00,3.938815773324326475e-02,0.000000000000000000e+00,-5.299812326792492367e-01,-1.902843064872882873e-03,-2.343271298322617546e-03,1.124908250266808407e+00,-5.990433106788770612e-01,5.213123039449174241e-04,-5.227704623531002071e-01,-5.966826129601307427e-06,6.950983218718768365e-06,1.106793100449194878e+00,-5.901089114757059884e-01,1.034217292998875957e-05,-1.185890492750067693e-01,4.736441224334553626e-03,3.053503721120433001e-01,-1.730310572140262293e+00,5.347255094203360315e-01,-5.359238227679311573e-01,9.938399351216332667e-01,8.366062813636045981e-01,3.893514184809789835e-01,-1.894609796372044852e-01,-1.658259463888532848e+00,-4.692648048143971407e-01,5.047116179053449114e-01,9.018591492226402107e-01,-8.202982189996945728e-01,1.587305226667398983e-01,7.798459436229737696e-02
0.620000,7.889933895061308766e-02,0.000000000000000000e+00,7.343163317170817717e-01,9.988276626800018931e-01,0.000000000000000000e+00,4.840764676375418352e-02,0.000000000000000000e+00,-5.583280472566176655e-01,-4.532651892195524446e-03,-5.312433952251930172e-03,1.173134738997748672e+00,-6.162133908932048154e-01,1.207039469768979387e-03,-5.537840712081978367e-01,-7.324082100522935030e-06,9.263780275777838672e-06,1.152649439679507948e+00,-6.049287726156058476e-01,1.367886787470171910e-05,-1.173552680378022878e-01,1.925456321586150807e-03,3.076356008994745594e-01,-1.714025100386372236e+00,5.313466699505832169e-01,-5.425060809381735405e-01,9.880714645622586945e-01,8.380294927613863853e-01,3.933358145133892259e-01,-2.053665367828508281e-01,-1.643928058775443013e+00,-4.694130099208930207e-01,5.068695746011060432e-01,8.986239820449513083e-01,-8.161192336901126332e-01,1.604250306806637438e-01,9.963004415180456985e-02
0.630000,1.008111188204917491e-01,0.000000000000000000e+00,7.522977153926899696e-01,9.983499272452162066e-01,0.000000000000000000e+00,5.742319017149313809e-02,0.000000000000000000e+00,-6.000652917843003475e-01,-8.967443247523524535e-03,-9.422518797705814117e-03,1.255600784535068515e+00,-6.530328751691776290e-01,2.290889315835122324e-03,-6.016290728737819782e-01,-5.513927565492404595e-06,5.906888164596113822e-06,1.232271392383180064e+00,-6.365567495253677821e-01,9.198003397528708864e-06,-1.143133403508921897e-01,-3.254822182460273550e-03,3.227640433165220868e-01,-1.654300029866647259e+00,5.366251956118522903e-01,-5.495458743397909629e-01,9.286863604289338214e-01,8.418660087655320812e-01,4.179928339797602810e-01,-2.228005974426056357e-01,-1.594908632077703725e+00,-4.781994980165605313e-01,5.079676005121904758e-01,8.567940051996129069e-01,-8.123491590773942450e-01,1.753843828990101217e-01,1.239940461973655927e-01
0.640000,1.252498125666601514e-01,0.000000000000000000e+00,7.723809897332928331e-01,9.977908180508974212e-01,0.000000000000000000e+00,6.643405311525736601e-02,0.000000000000000000e+00,-6.277618222616302424e-01,-1.240702211008332286e-02,-1.223159433890439254e-02,1.321071865761009656e+00,-6.876523266152414493e-01,3.259283545698116874e-03,-6.357203747976463148e-01,-5.300551022185768846e-06,5.566055544878008567e-06,1.296343717943530649e+00,-6.664991656198280268e-01,8.631779577564180713e-06,-1.128725008329445056e-01,-6.980308371949914617e-03,3.470436860829102521e-01,-1.585105784442645938e+00,5.511120927671375735e-01,-5.501779053110760209e-01,8.524174607511766366e-01,8.453911813521645113e-01,4.461010191924054680e-01,-2.242785388693807336e-01,-1.544283796572851530e+00,-4.870435453533929482e-01,5.081822335195635976e-01,8.083913826966203642e-01,-8.128645525932661764e-01,1.925238038214550362e-01,1.287459998830344787e-01
0.650000,1.511054480149787160e-01,0.000000000000000000e+00,7.937438027605250301e-01,9.971503806690598104e-01,0.000000000000000000e+00,7.543950113534055035e-02,0.000000000000000000e+00,-6.510980437787847741e-01,-1.568776310822077302e-02,-1.464027710421859918e-02,1.381374133604313714e+00,-7.217149559271310855e-01,4.274751980391250199e-03,-6.659130474637827701e-01,-6.241113439236567402e-06,6.873333568338597733e-06,1.356411671649632167e+00,-6.962759257036399418e-01,1.064435761532322712e-05,-1.121914121073460946e-01,-1.059743696212901189e-02,3.748584020131970340e-01,-1.523672106135574467e+00,5.612408356561165990e-01,-5.481559334093653035e-01,8.032432685161210451e-01,8.465392136921588984e-01,4.616608290605238030e-01,-2.071243450880500825e-01,-1.501383636632940721e+00,-4.906851148178865696e-01,5.089481960909474356e-01,7.818356676701710972e-01,-8.136941162835122920e-01,2.003330097789118580e-01,1.179531565152822925e-01
0.660000,1.772680529913078784e-01,0.000000000000000000e+00,8.155638024960215615e-01,9.964286673006361728e-01,0.000000000000000000e+00,8.443880021339733588e-02,0.000000000000000000e+00,-6.747654101659927850e-01,-1.933657478924244444e-02,-1.699785797108214341e-02,1.445126254015471901e+00,-7.587980250125634374e-01,5.489041118858823884e-03,-6.974673680596764624e-01,-6.374395487433747518e-06,7.329067101002106400e-06,1.420865165873076208e+00,-7.291302677612765404e-01,1.117701892405907157e-05,-1.122647862035390798e-01,-1.446643762980438438e-02,4.095668678697586551e-01,-1.464337896399121597e+00,5.703230351996588787e-01,-5.433926104100744725e-01,7.697491375113861833e-01,8.456453361194868901e-01,4.684684360283423721e-01,-1.754331902517392849e-01,-1.462911286502524444e+00,-4.913453230335839694e-01,5.100617821155957188e-01,7.686070873190735675e-01,-8.147570030963143806e-01,2.019469562224310843e-01,9.674653646161250620e-02
0.670000,2.026276553215079768e-01,0.000000000000000000e+00,8.370186369614174282e-01,9.956257367712231243e-01,0.000000000000000000e+00,9.343121683227192942e-02,0.000000000000000000e+00,-6.981182039046452958e-01,-2.312572748373486684e-02,-1.916490779773688188e-02,1.507262268673243533e+00,-7.945966410404909919e-01,6.814271601068740136e-03,-7.287579234583829724e-01,-6.212041728438828870e-06,7.583546229869853908e-06,1.484527841448360030e+00,-7.614905115959612614e-01,1.125535708599960383e-05,-1.128164541992038861e-01,-1.849734737518979669e-02,4.468995289803782689e-01,-1.416280175880339165e+00,5.758529053718698387e-01,-5.371102296523903030e-01,7.614474828704115295e-01,8.421142986762258920e-01,4.633436615666140512e-01,-1.332587487467423171e-01,-1.433993338441023502e+00,-4.888389829458960056e-01,5.115008226026463989e-01,7.733594665104003285e-01,-8.151038448128683500e-01,1.956570515468017135e-01,6.870975647524653340e-02
0.680000,2.260742828314394881e-01,0.000000000000000000e+00,8.572859541783477422e-01,9.947416545262863785e-01,0.000000000000000000e+00,1.024160180357856914e-01,0.000000000000000000e+00,-7.224676407533831002e-01,-2.700862911051935683e-02,-2.114305291198769962e-02,1.566674858235463708e+00,-8.266959501270398913e-01,8.178010742606770661e-03,-7.603018607111710070e-01,-5.883392127133072472e-06,7.862708013215018751e-06,1.546005102178804824e+00,-7.914384067543558388e-01,1.123047596192182154e-05,-1.134006629524359905e-01,-2.260779508521287839e-02,4.829269978613554004e-01,-1.381178607917936452e+00,5.771873348778756574e-01,-5.309296701536631025e-01,7.775072325287121222e-01,8.363927810012090625e-01,4.475050987200139829e-01,-8.624892434515143980e-02,-1.413826637786231633e+00,-4.840983430502925899e-01,5.132520839531592438e-01,7.940998110093826501e-01,-8.141048377464945585e-01,1.821804793038593606e-01,3.819378339838811615e-02
0.690000,2.464979633469626952e-01,0.000000000000000000e+00,8.755434021684473933e-01,9.937764926258260134e-01,0.000000000000000000e+00,1.113924714884792222e-01,0.000000000000000000e+00,-7.496791307064158971e-01,-3.096331377775339913e-02,-2.294432195844983355e-02,1.622941524634740729e+00,-8.528123901471360568e-01,9.475644251749527555e-03,-7.930982102743294737e-01,-5.381215396036895678e-06,8.231997805497296114e-06,1.604502349450071197e+00,-8.171811866654877798e-01,1.118529761624654515e-05,-1.138073246729117277e-01,-2.656010626867841631e-02,5.138877770287552105e-01,-1.355463719711013759e+00,5.758153688844026563e-01,-5.262202700285695256e-01,8.079038599407895038e-01,8.298331872892215078e-01,4.260639097459478219e-01,-4.203820815530542182e-02,-1.398039823736420662e+00,-4.789564249964661791e-01,5.153125993840182995e-01,8.224798054573182471e-01,-8.117236118736557149e-01,1.647548467700739594e-01,1.088405073950792119e-02
0.700000,2.627887246939382138e-01,0.000000000000000000e+00,8.909686289533514936e-01,9.927303297385035030e-01,0.000000000000000000e+00,1.203598455353038499e-01,0.000000000000000000e+00,-7.856658910426904674e-01,-3.544686807021161373e-02,-2.471439214310672608e-02,1.681942036500581716e+00,-8.726698605750805582e-01,1.067532060974750278e-02,-8.324741410037644895e-01,-3.790909012588069212e-06,5.564934498158346311e-06,1.665764352696437411e+00,-8.392036344897282341e-01,7.174646950418012606e-06,-1.141729520482871740e-01,-2.886274047137522489e-02,5.200000000000000178e-01,-1.346853512843851908e+00,5.546318255961425470e-01,-5.244085333380312797e-01,9.112081371956810560e-01,8.170592579160909086e-01,3.735372548234939805e-01,2.526072634541154383e-02,-1.393799185737145008e+00,-4.595428141496925578e-01,5.223130221487719549e-01,9.119852160287806875e-01,-8.060805654565628142e-01,1.206765560899611400e-01,-3.355387946116542702e-02
0.710000,2.747047633193174243e-01,0.000000000000000000e+00,9.039614383736378489e-01,9.908502927110489633e-01,0.000000000000000000e+00,1.349655416557447307e-01,0.000000000000000000e+00,-8.376743459527503655e-01,-3.603114899344348615e-02,-2.394990670898074908e-02,1.729989825898209821e+00,-8.689458249085227903e-01,9.412899648031164065e-03,-8.850200896171827036e-01,-2.159683861826480596e-06,9.868661216271962776e-06,1.716131123950539905e+00,-8.322840022613204880e-01,1.062116220767545866e-05,-1.143619654729588625e-01,-2.985277561847617459e-02,5.200000000000000178e-01,-1.316476470357783812e+00,5.531753282883652423e-01,-5.288404477937558301e-01,9.265700635851299438e-01,8.143739373262748327e-01,3.671672928911493550e-01,2.648018310269051670e-02,-1.364226035482850818e+00,-4.559579445564974631e-01,5.266035071959543901e-01,9.226282879080373034e-01,-8.037757506598206536e-01,1.199609030400405479e-01,-3.180026132518722765e-02
0.720000,2.832628261705142370e-01,0.000000000000000000e+00,9.155967531331170584e-01,9.887553789989499409e-01,0.000000000000000000e+00,1.495419690275708313e-01,0.000000000000000000e+00,-9.039710525537577590e-01,-3.673762820565881076e-02,-2.307977863309225788e-02,1.784527817490464630e+00,-8.573277399839648316e-01,7.669416908551874440e-03,-9.488438456566921086e-01,-1.002291822338099450e-06,1.159060879396264242e-05,1.772878083692883910e+00,-8.198312880416643855e-01,1.201323614721207372e-05,-1.144110786155040360e-01,-3.051859144458135900e-02,5.190462359396144087e-01,-1.274712128876162476e+00,5.541582495768129224e-01,-5.326710220282063757e-01,9.355455504149322588e-01,8.105977817477932890e-01,3.612134829492448240e-01,2.837889588741333152e-02,-1.322077616095161723e+00,-4.548563225293629775e-01,5.309690795552041154e-01,9.259647160397579402e-01,-8.010906474178806080e-01,1.203652239181789985e-01,-3.110371882603978066e-02
0.730000,2.892407668240830065e-01,0.000000000000000000e+00,9.260648995482732015e-01,9.864460429070758263e-01,0.000000000000000000e+00,1.640859665936470202e-01,0.000000000000000000e+00,-9.786167672650999405e-01,-3.753822775941009771e-02,-2.222043468121780163e-02,1.839582864594638156e+00,-8.377227940666893691e-01,5.570664346824005624e-03,-1.018346880378601105e+00,8.742245019846121392e-08,1.275135815896563074e-05,1.830181587481510608e+00,-8.021698893949065212e-01,1.301113764164041482e-05,-1.141952784402461285e-01,-3.086210311501348669e-02,5.136473049724231688e-01,-1.225702258077089546e+00,5.573972693137080325e-01,-5.356950325459343132e-01,9.367224863294681958e-01,8.063009505537883648e-01,3.569700804877049549e-01,3.052921809722976623e-02,-1.271993212342455104e+00,-4.564941428011946578e-01,5.349456052845462661e-01,9.223389607906011811e-01,-7.982585873753960115e-01,1.217204478484042729e-01,-3.171764608984060929e-02
0.740000,2.934164388565783099e-01,0.000000000000000000e+00,9.355562039355906911e-01,9.839227852401264407e-01,0.000000000000000000e+00,1.785943803295949039e-01,0.000000000000000000e+00,-1.057829426929894234e+00,-3.845121738108464582e-02,-2.141802573908174398e-02,1.893143893674687606e+00,-8.108478047738449934e-01,3.176091009438352687e-03,-1.091530058191103159e+00,1.258757821307206052e-06,1.384166240712932634e-05,1.886347737509223466e+00,-7.796727990437705147e-01,1.407069965164685907e-05,-1.137466807337898234e-01,-3.099409544166089464e-02,5.088216683113824246e-01,-1.172204422537876045e+00,5.624234130864180781e-01,-5.380346722945816840e-01,9.308403640942590762e-01,8.018384146141108726e-01,3.550346695213762449e-01,3.250750208974543393e-02,-1.217527978015797263e+00,-4.603330005835868932e-01,5.384307096279984384e-01,9.137026898007070130e-01,-7.953555050071422494e-01,1.238780336869564902e-01,-3.336854212041745482e-02
0.750000,2.965676958445544464e-01,0.000000000000000000e+00,9.442609926115538288e-01,9.811861531940261338e-01,0.000000000000000000e+00,1.930640639277776960e-01,0.000000000000000000e+00,-1.140547063482902468e+00,-3.949494788708082099e-02,-2.070046597852873496e-02,1.943744788166059667e+00,-7.776949652182754136e-01,5.411695461011264323e-04,-1.166506142749071495e+00,2.568232367211716334e-06,1.496235860297965423e-05,1.940243303109792317e+00,-7.529450634886960536e-01,1.530423813946246253e-05,-1.131699411522732873e-01,-3.104562846005705715e-02,5.059918621140788719e-01,-1.117110782513679679e+00,5.684542105318627359e-01,-5.398311679410795483e-01,9.199221545970801550e-01,7.974615328924135049e-01,3.555130291128352771e-01,3.416928103402201711e-02,-1.162237725675979938e+00,-4.654666598998331017e-01,5.413915843639914849e-01,9.027741356132161776e-01,-7.923941439773120043e-01,1.264505124442535655e-01,-3.582576998255890960e-02
0.760000,2.994723913645659930e-01,0.000000000000000000e+00,9.523695918926466941e-01,9.782367402372590393e-01,0.000000000000000000e+00,2.074918794796107580e-01,0.000000000000000000e+00,-1.224549031851286829e+00,-4.067873362389459735e-02,-2.008403380986832631e-02,1.990310282320169710e+00,-7.398556979466216488e-01,-2.265731061344541854e-03,-1.241704516313533846e+00,3.918475942047092514e-06,1.601708279461130832e-05,1.990985512957388792e+00,-7.229261797269834755e-01,1.663823928410830755e-05,-1.125994629546027970e-01,-3.116609052235317853e-02,5.056640940138269480e-01,-1.063333691877589970e+00,5.743214369771213468e-01,-5.413355909108876762e-01,9.069871428229435706e-01,7.933834268032916581e-01,3.581449074720265413e-01,3.551063931060282480e-02,-1.109376257683436062e+00,-4.707215278146519855e-01,5.438990262221926608e-01,8.926095844868454643e-01,-7.893373718176421860e-01,1.288871067509958779e-01,-3.881006535498576077e-02
0.770000,3.029083789931671933e-01,0.000000000000000000e+00,9.600723280953535888e-01,9.750751859821686907e-01,0.000000000000000000e+00,2.218746981560518194e-01,0.000000000000000000e+00,-1.307100818999100911e+00,-4.199233025889440724e-02,-1.956978592481616042e-02,2.032323712221737910e+00,-6.997210302671138527e-01,-5.152158574061113314e-03,-1.315246350554238219e+00,5.132970470113286053e-06,1.685972230725583894e-05,2.037947124260763410e+00,-6.909958772468192123e-01,1.790323523806926283e-05,-1.121584519504777444e-01,-3.150601027863630943e-02,5.077266634912548371e-01,-1.013761297450740395e+00,5.785555018742252198e-01,-5.429573278125222613e-01,8.956273649388047930e-01,7.898264580888074704e-01,3.624681403315703765e-01,3.645025653605610261e-02,-1.061722955236120702e+00,-4.748555154523970701e-01,5.461246317008995321e-01,8.860400156342913558e-01,-7.861300158592376963e-01,1.306852539592799345e-01,-4.177707094973567847e-02
0.780000,3.076535123069126243e-01,0.000000000000000000e+00,9.675595275361588143e-01,9.717021760462510871e-01,0.000000000000000000e+00,2.362094008861214123e-01,0.000000000000000000e+00,-1.385168446756874117e+00,-4.339302415631735715e-02,-1.914164058169632102e-02,2.069850191330231848e+00,-6.604804204672090062e-01,-7.990669464812343720e-03,-1.384454073349719927e+00,6.134434917324708819e-06,1.747708624088776844e-05,2.080778445939047483e+00,-6.590623766801385619e-01,1.902216276766116078e-05,-1.119373651014211740e-01,-3.219362247876383920e-02,5.115637395687183675e-01,-9.710727917572394841e-01,5.795832144327291990e-01,-5.452546111978996413e-01,8.893346901918313119e-01,7.870459791572396169e-01,3.680672305028170888e-01,3.658938290508622487e-02,-1.021368697267436731e+00,-4.767842717849579137e-01,5.483090612332008895e-01,8.849937138371546386e-01,-7.827368652743229571e-01,1.316693438235967961e-01,-4.369985478839086973e-02
0.790000,3.144856448823566408e-01,0.000000000000000000e+00,9.750215165315465615e-01,9.681184419034712940e-01,0.000000000000000000e+00,2.504928790333071920e-01,0.000000000000000000e+00,-1.454193903822155631e+00,-4.479414775120525716e-02,-1.876906877493682291e-02,2.103480410214787710e+00,-6.261174865197789430e-01,-1.060776062454439790e-02,-1.446996627658965640e+00,6.638085489027702430e-06,1.766940302794703773e-05,2.119322902679505294e+00,-6.294472048724437663e-01,1.968724778496682359e-05,-1.119994746137562142e-01,-3.333102602187216351e-02,5.162195258346623516e-01,-9.374810677343622389e-01,5.759919182142212435e-01,-5.488526270166474985e-01,8.907357625499283671e-01,7.853357401529981185e-01,3.748645739601318971e-01,3.501643206136456632e-02,-9.895347288005194031e-01,-4.757829170812453157e-01,5.506981187058307414e-01,8.898638843383599450e-01,-7.791704257932877686e-01,1.322543633431532417e-01,-4.292541744115379448e-02
0.800000,3.241826302960536532e-01,0.000000000000000000e+00,9.826486213980011319e-01,9.643247607256349996e-01,0.000000000000000000e+00,2.647220350697063185e-01,0.000000000000000000e+00,-1.509599454992538003e+00,-4.605604778405599647e-02,-1.841259108166896225e-02,2.133935527551209965e+00,-6.010410696881492987e-01,-1.277748489142161575e-02,-1.500147335668196025e+00,6.262921765605646204e-06,1.718856269361919648e-05,2.153520537220667830e+00,-6.048224163607118786e-01,1.947561647801399488e-05,-1.124049155260417182e-01,-3.501777722504544055e-02,5.200000000000000178e-01,-9.145126401966249263e-01,5.667415631069402382e-01,-5.543281669945823165e-01,9.010482057592714700e-01,7.850169072033944540e-01,3.833392178503129410e-01,3.023850934190899786e-02,-9.664858045207116444e-01,-4.715999033761337778e-01,5.534805050131371695e-01,8.991245803280114579e-01,-7.754962999033521154e-01,1.336080863795154061e-01,-3.715240327379251001e-02
0.810000,3.369954168135811945e-01,0.000000000000000000e+00,9.902536816318089352e-01,9.574573525990609513e-01,0.000000000000000000e+00,2.885748047803158300e-01,0.000000000000000000e+00,-1.576860397388014867e+00,-4.780459411761697058e-02,-1.839332475014578486e-02,2.153139261444873220e+00,-5.534525991457747152e-01,-1.593086447848815826e-02,-1.568332724471915407e+00,1.188275911865097966e-05,1.953234163109371328e-05,2.175505376440205030e+00,-5.584737983945622375e-01,2.313168988086653047e-05,-1.097169655477125416e-01,-3.443509174360369351e-02,5.164547863936349570e-01,-8.781229582804295219e-01,5.661413082181929735e-01,-4.889123340505101556e-01,8.682359159947694582e-01,7.063950091686782562e-01,3.183137684399417466e-01,3.205759836287901121e-02,-9.217722247659888568e-01,-4.783402662937720207e-01,4.896205212325113743e-01,8.785630392668779542e-01,-6.962382629188825778e-01,6.031075153249743082e-02,-5.291670321037966057e-02
0.820000,3.522567571697589606e-01,0.000000000000000000e+00,9.975353437360341413e-01,9.500000397574681621e-01,0.000000000000000000e+00,3.122497789603843055e-01,0.000000000000000000e+00,-1.635044609772783542e+00,-4.960531481007524057e-02,-1.865315536294731222e-02,2.159403859818882054e+00,-5.017031304145423976e-01,-1.910166027002338160e-02,-1.631020208531720916e+00,1.443499387684746587e-05,1.958594527155594538e-05,2.184293418824690747e+00,-5.046394498820234720e-01,2.426934647021525065e-05,-1.076149420935294393e-01,-3.473140121548771997e-02,5.151424075314121609e-01,-8.427185396267583561e-01,5.666326330114160870e-01,-4.172134665502779671e-01,8.309012661784419551e-01,6.223378942261108548e-01,2.399638695365642338e-01,2.022157417781126829e-02,-8.775307526299632732e-01,-4.855020524956719652e-01,4.197627319144048297e-01,8.530140446088255723e-01,-6.100293692762792652e-01,-2.705716779655104043e-02,-5.330519015707317620e-02
0.830000,3.693672116450054665e-01,0.000000000000000000e+00,1.004512644537328470e+00,9.419574167699980016e-01,0.000000000000000000e+00,3.357323710814796303e-01,0.000000000000000000e+00,-1.683423394057864897e+00,-5.136826095907154333e-02,-1.911179716466834821e-02,2.157019839249082249e+00,-4.509980046527907183e-01,-2.212352579203395730e-02,-1.686648548362602140e+00,1.546598216117111316e-05,1.887397041651510307e-05,2.184049095311878741e+00,-4.487655520467953019e-01,2.429670409347894732e-05,-1.059886999548432657e-01,-3.593610543038228827e-02,5.160749729592523094e-01,-8.108577282450728507e-01,5.637370553586926736e-01,-3.476258800938286098e-01,7.969887846355956373e-01,5.364064336542877509e-01,1.590066058057171550e-01,-4.816087629378625751e-03,-8.350226768707802449e-01,-4.891843065238750676e-01,3.508541694516421616e-01,8.272192983802949540e-01,-5.198509992557245329e-01,-1.200307120304026087e-01,-3.577155804110301873e-02
0.840000,3.877273405197386169e-01,0.000000000000000000e+00,1.011204620862342418e+00,9.333344388246894718e-01,0.000000000000000000e+00,3.590081131448172869e-01,0.000000000000000000e+00,-1.726801550278940667e+00,-5.324749121881408587e-02,-1.974343790491401088e-02,2.149444107761313560e+00,-3.995722074807350199e-01,-2.523096194814049981e-02,-1.739763566404635142e+00,6.135565526802597445e-06,1.229860475606515141e-05,2.178210092677888010e+00,-3.891866080662528815e-01,1.473634511149325577e-05,-1.039852627757830716e-01,-3.808995283499722745e-02,5.196430711259817370e-01,-7.792243967948015992e-01,5.559334636429897891e-01,-2.755949825784569929e-01,7.660543145071458948e-01,4.389635235865100293e-01,6.685574316474846013e-02,-4.634753094842743865e-02,-7.894569676418952131e-01,-4.878583573064816936e-01,2.768887088493647841e-01,8.027630619725673045e-01,-4.124209890722407845e-01,-2.311577737581032854e-01,5.094546452495257553e-03
0.850000,4.067377040743765382e-01,0.000000000000000000e+00,1.017630309537727262e+00,9.241364186755087751e-01,0.000000000000000000e+00,3.820626645952267531e-01,0.000000000000000000e+00,-1.758212174828635455e+00,-5.470822544807174559e-02,-2.027001990664198741e-02,2.143299097845180246e+00,-3.623570909855577393e-01,-2.758367083785496707e-02,-1.780431210092154659e+00,1.233239332149814483e-05,1.520130123278858329e-05,2.173372175546211871e+00,-3.440095162997813816e-01,1.999398540898104365e-05,-1.028137732730465409e-01,-3.993046727261295725e-02,5.200000000000000178e-01,-7.552962529023266036e-01,5.433434605049632937e-01,-2.214721822320598055e-01,7.495308749121958325e-01,3.560158485640013692e-01,-1.216123698523209617e-02,-8.771990724473281709e-02,-7.525265742100324395e-01,-4.798218628403725372e-01,2.205172315049570286e-01,7.880223747794201650e-01,-3.215034610498812007e-01,-3.197979415740996312e-01,5.089517460211882838e-02
0.860000,4.257988625893373014e-01,0.000000000000000000e+00,1.023808747390134055e+00,9.143690233690769942e-01,0.000000000000000000e+00,4.048818211565942127e-01,0.000000000000000000e+00,-1.790237986667202019e+00,-5.636327220607465632e-02,-2.078440170406601478e-02,2.140059751348864392e+00,-3.267883512474347718e-01,-3.010025031179359295e-02,-1.823249440692037870e+00,4.556763510030764364e-06,1.016094203765913342e-05,2.171129053507263151e+00,-2.984676730882139806e-01,1.206779826127396459e-05,-1.007752918948362081e-01,-4.215062162104891985e-02,5.200000000000000178e-01,-7.282423047103057101e-01,5.230564517982654316e-01,-1.610196802187085774e-01,7.411341039889088878e-01,2.570452252523255376e-01,-1.098228665945131799e-01,-1.498627288626797338e-01,-7.093546820414454723e-01,-4.626232622780734327e-01,1.539316185177879159e-01,7.787123349968360086e-01,-2.042298017285648082e-01,-4.292365859900722502e-01,1.290019986340873448e-01
0.870000,4.443113763450391440e-01,0.000000000000000000e+00,1.029758971246214294e+00,9.040382707531123829e-01,0.000000000000000000e+00,4.274515235833441507e-01,0.000000000000000000e+00,-1.817403309244168597e+00,-5.774331127530750452e-02,-2.099665965668818038e-02,2.145685090019907815e+00,-3.052175761841773305e-01,-3.204151054111635533e-02,-1.860088869785956778e+00,2.203360454809586319e-06,8.477882609617167354e-06,2.177468722147982483e+00,-2.678260631223669530e-01,9.319110007319253327e-06,-9.900937714889311569e-02,-4.403703681576384699e-02,5.200000000000000178e-01,-7.028994884551362787e-01,4.987232982616268129e-01,-1.111613297312375320e-01,7.462158552052802207e-01,1.618708821201357284e-01,-2.074934224122961801e-01,-2.190812096329441683e-01,-6.715261994233812093e-01,-4.384562121251188160e-01,9.830693392620519500e-02,7.825793912357509319e-01,-8.769054605711551487e-02,-5.303920533506062407e-01,2.213542230787766962e-01
0.880000,4.616758056219001372e-01,0.000000000000000000e+00,1.035500017932618366e+00,8.931505257687386568e-01,0.000000000000000000e+00,4.497578663225643147e-01,0.000000000000000000e+00,-1.843509026506632287e+00,-5.896477496544714342e-02,-2.081261111828189986e-02,2.163924567329030602e+00,-2.972578273141889271e-01,-3.355082549567191957e-02,-1.895285349226474292e+00,-6.061641111057899216e-06,3.138086607074496850e-06,2.196134684119698921e+00,-2.510221416555010743e-01,-1.510111775759297904e-07,-9.650042599128730303e-02,-4.607169724374025888e-02,5.200000000000000178e-01,-6.853315873279407500e-01,4.663492768047992065e-01,-6.458773633575612405e-02,7.925923011977792365e-01,6.118330929847468069e-02,-3.327994866897105442e-01,-3.101707726635238305e-01,-6.443350177332134443e-01,-4.044877175588971197e-01,4.488000811441768267e-02,8.269612018550209775e-01,5.032459096292214024e-02,-6.490463941522593982e-01,3.513527131627997568e-01
0.890000,4.772927107003384628e-01,0.000000000000000000e+00,1.041050924275998213e+00,8.817124965289437899e-01,0.000000000000000000e+00,4.717871060814372020e-01,0.000000000000000000e+00,-1.866380686858867266e+00,-5.975150310167718498e-02,-2.007356492758498312e-02,2.197717437655414052e+00,-3.082642359526433506e-01,-3.424377804656085489e-02,-1.925589431912241523e+00,-7.488178984133122811e-06,2.166623359338101952e-06,2.230085559994028355e+00,-2.546415103371838518e-01,-2.022038963989129358e-06,-9.460520965150183426e-02,-4.769106760708805709e-02,5.200000000000000178e-01,-6.814264442805200162e-01,4.275172705274765117e-01,-2.158591729147244995e-02,8.915560949893919229e-01,-3.905681256611063384e-02,-4.819869119511759337e-01,-4.251182282808687596e-01,-6.385124653503828629e-01,-3.609691438650176609e-01,-3.990118527677918685e-03,9.235430358576750542e-01,2.004502588224875703e-01,-7.764692498861939240e-01,5.202329322572009085e-01
0.900000,4.905626518607719699e-01,0.000000000000000000e+00,1.046430727103004443e+00,8.697312301856042760e-01,0.000000000000000000e+00,4.935256702947025675e-01,0.000000000000000000e+00,-1.884379387702684872e+00,-5.993092144694221746e-02,-1.869871768374255921e-02,2.249999364956976056e+00,-3.426416583766596080e-01,-3.389756593991958417e-02,-1.949181417888055767e+00,-8.054417886897987270e-06,1.963599689883970536e-06,2.282156736202594072e+00,-2.831043120647434019e-01,-2.649499735974394720e-06,-9.295184312438019292e-02,-4.944994203968461344e-02,5.200000000000000178e-01,-7.120251117080687031e-01,3.815382258992918163e-01,3.159945605041081240e-02,1.089803080575628469e+00,-1.483897313776161297e-01,-6.799277761279577392e-01,-5.929743302849407316e-01,-6.747961031323896908e-01,-3.051152615169518967e-01,-7.401308046584349765e-02,1.110680648188638209e+00,3.856717086408325557e-01,-9.226471099461344139e-01,7.778285974028751326e-01
0.910000,5.015111855107992067e-01,0.000000000000000000e+00,1.052357626831492254e+00,8.357882565675940345e-01,3.462325865360335387e-18,5.490519011748357103e-01,3.462325865360335387e-18,-1.989186763723115092e+00,-6.600687107639394147e-02,-1.861678254227014731e-02,2.291573536093395091e+00,-2.795213159016026183e-01,-4.159979029718087473e-02,-2.057142217215272240e+00,-8.305316358296305852e-06,2.075230656468661509e-06,2.321166445572270476e+00,-2.141541927714648297e-01,-3.509937293887937144e-06,-9.242229500703422196e-02,-4.808002496970418399e-02,4.928075836156786682e-01,-5.816395887106831086e-01,3.826663595287869701e-01,1.283328197544291241e-02,8.481628754415321270e-01,-1.562049548866640547e-01,-5.418757160058602640e-01,-5.661240462108269034e-01,-5.564726905444288274e-01,-3.167528885095023949e-01,-5.069024863935942676e-02,9.317407782309207187e-01,3.823542076804214429e-01,-8.348873858128011971e-01,7.388990782028911353e-01
0.920000,5.107741508453187418e-01,0.000000000000000000e+00,1.059210881799299120e+00,7.983054791650684434e-01,6.909987784314243386e-18,6.022527392507488475e-01,6.909987784314243386e-18,-2.055598269469597561e+00,-6.996170765854502205e-02,-1.773655136891304912e-02,2.341344645491324705e+00,-2.629894362590070034e-01,-4.614995101384907622e-02,-2.125815257224356714e+00,-5.200223460884398713e-06,4.003625550763971012e-06,2.368920095035885076e+00,-1.932537996526187407e-01,-1.444269656653860226e-07,-9.247686106270437689e-02,-4.919892146593153603e-02,4.935788181650393458e-01,-4.559492044617415307e-01,3.914211141206230260e-01,2.939228756385095943e-03,6.107728711401215760e-01,-1.626170960373660712e-01,-4.343267484158840896e-01,-5.323903534551779337e-01,-4.460151234655935215e-01,-3.292411517177095126e-01,-3.530094318848642221e-02,7.498689721509345096e-01,3.826742008421973873e-01,-7.700291561845362676e-01,7.011246803598827348e-01
0.930000,5.186675323256995096e-01,0.000000000000000000e+00,1.066501115713048620e+00,7.574416483268879841e-01,1.032838391648817683e-17,6.529028636633836813e-01,1.032838391648817683e-17,-2.080059068882197604e+00,-7.067603245246201205e-02,-1.636478812374480077e-02,2.389528289847560050e+00,-2.867471031247021962e-01,-4.661086349358756903e-02,-2.151720547273257456e+00,-8.610149192831639483e-06,2.472683935711858682e-06,2.416020722507137730e+00,-2.144291689971631054e-01,-4.195798180056556694e-06,-9.300553641145302419e-02,-5.006457421055432455e-02,5.199996377133545566e-01,-3.611080851046145623e-01,3.993302610756309656e-01,1.928699923468794137e-03,4.357780489385192912e-01,-1.649136100125400961e-01,-3.770936692829305881e-01,-5.017143106653583207e-01,-3.623200969897801826e-01,-3.393836153617574847e-01,-2.781859069884271701e-02,6.029404753960109220e-01,3.809657626418588849e-01,-7.336959007298315960e-01,6.678768530134904235e-01
0.940000,5.255073144133105556e-01,0.000000000000000000e+00,1.073738952279363890e+00,7.133698341361938144e-01,1.370303637054006775e-17,7.007877565600724168e-01,1.370303637054006775e-17,-2.062523699167999602e+00,-6.829167513326728223e-02,-1.506863945485187664e-02,2.425052852961782968e+00,-3.398000572265962860e-01,-4.332971616545160803e-02,-2.134550911556093666e+00,-8.154335554436840320e-06,2.818392137439068577e-06,2.451552475488892213e+00,-2.671305576944015825e-01,-3.495125385208159907e-06,-9.302358516970322955e-02,-5.002384498316832240e-02,5.199994681763220328e-01,-3.511237709564609677e-01,3.861000492760865432e-01,-4.387706470463296175e-05,4.834915142769151686e-01,-1.546744367737352133e-01,-4.362411654678776118e-01,-5.020739760318297940e-01,-3.703962461425760466e-01,-3.237758320534561696e-01,-3.338113380862182955e-02,6.744871769380353932e-01,3.834742872402519542e-01,-7.956512787932366049e-01,6.949506519190901122e-01
0.950000,5.316094815695204812e-01,0.000000000000000000e+00,1.080435015204868954e+00,6.662766934087911430e-01,2.250009801473194080e-17,7.457046116393861723e-01,2.250009801473194080e-17,-2.012734091248172597e+00,-6.440852584064682418e-02,-1.434666707822601812e-02,2.438581460524816613e+00,-4.030605929798423137e-01,-3.821999334759482170e-02,-2.083887580242606230e+00,-7.715685469635159726e-06,3.029773857253199449e-06,2.465999664447140027e+00,-3.322410779632498645e-01,-2.646442976729759351e-06,-9.303773570750106803e-02,-4.998156567536597705e-02,5.199995279769998868e-01,-3.870813925337978634e-01,3.709420754178010537e-01,1.664319441825439340e-03,6.080296039707029365e-01,-1.440834525873127547e-01,-5.253869427040306350e-01,-5.128883443255829455e-01,-4.238612526917043821e-01,-3.037307377427332922e-01,-4.623610262393541837e-02,8.155933328021887085e-01,3.900689254800461803e-01,-8.800934348059687995e-01,7.390029570268604742e-01
0.960000,5.372900182556983317e-01,0.000000000000000000e+00,1.086099928196186948e+00,6.163616791478369050e-01,1.047694606918187107e-17,7.874631930941654590e-01,1.047694606918187107e-17,-1.949936967895001372e+00,-6.077187134539479424e-02,-1.434311700724355716e-02,2.425853902599074630e+00,-4.530396091572224671e-01,-3.343182978050531634e-02,-2.019341661050071401e+00,-8.930061071343485605e-06,2.187264992104904464e-06,2.454673736876169521e+00,-3.854462224092594647e-01,-3.748223622294354000e-06,-9.316010749307754302e-02,-4.857057629641294699e-02,5.200000000000000178e-01,-4.467475670811411059e-01,3.622888952827881259e-01,8.212497517054792237e-03,7.362955135726636513e-01,-1.391573854162305168e-01,-6.022318206084738001e-01,-5.261095417048380352e-01,-4.830265799459157461e-01,-2.933145806447420290e-01,-5.810730715984588346e-02,9.216417978316099324e-01,3.921848102734267760e-01,-9.338601670170549873e-01,7.644522815040408759e-01
0.970000,5.428649089332130417e-01,0.000000000000000000e+00,1.090244314959941896e+00,5.638361958029566301e-01,1.604596196556858117e-17,8.258866413149263952e-01,1.604596196556858117e-17,-1.894917693735829411e+00,-5.833283391435664655e-02,-1.495226197019631359e-02,2.389957195996172512e+00,-4.721079608215973389e-01,-3.030493060311074613e-02,-1.962464975090237873e+00,-7.464650712879814616e-06,2.865219121384284784e-06,2.420217071571371559e+00,-4.078810891751184498e-01,-1.675585647915084444e-06,-9.299315105679974158e-02,-4.688992216024484572e-02,5.200000000000000178e-01,-5.592236751038638376e-01,3.535008395517981183e-01,2.136206502124295831e-02,9.632264295011911948e-01,-1.353392494722320816e-01,-7.164775262308020753e-01,-5.561105460397176570e-01,-5.913988112926097385e-01,-2.815605459941952216e-01,-8.539669693385637528e-02,1.120414153605655105e+00,4.054043744256362047e-01,-1.019997144367361441e+00,8.223474688514358366e-01
0.980000,5.486501380634333236e-01,0.000000000000000000e+00,1.092378799202757378e+00,5.089227039115733486e-01,2.154701859542390192e-17,8.608122219411925569e-01,2.154701859542390192e-17,-1.862057225621386980e+00,-5.735630616133970822e-02,-1.600561325160469381e-02,2.340222434171401744e+00,-4.551898913815605741e-01,-2.933746597027659525e-02,-1.928215641821015014e+00,-7.578785077105511658e-06,2.576669086122248583e-06,2.371650467232865545e+00,-3.935638191656082308e-01,-1.712838190952833056e-06,-9.268402551439751391e-02,-4.623536986309031982e-02,5.200000000000000178e-01,-6.925811521564707585e-01,3.530234471248655526e-01,4.142308416846127161e-02,1.209263135375646225e+00,-1.319344320928966252e-01,-8.286055443973053825e-01,-5.916402888433421881e-01,-7.111948400020434713e-01,-2.776938985490807754e-01,-1.249606475621094642e-01,1.323920993609720043e+00,4.197395129482175968e-01,-1.099610913493873410e+00,8.875422562883178434e-01
0.990000,5.549616901077283337e-01,0.000000000000000000e+00,1.092014004631256530e+00,4.518537779145114230e-01,2.695681740086041538e-17,8.920920150883446809e-01,2.695681740086041538e-17,-1.859393678910459924e+00,-5.765307900927053864e-02,-1.686399764514119604e-02,2.305826299858052320e+00,-4.244950187384391449e-01,-3.009176146088642437e-02,-1.924893769144738753e+00,4.147050206427982528e-06,3.514908287050874175e-06,2.337705517706326397e+00,-3.639761233811143470e-01,5.038790709710055870e-06,-9.244830220343756844e-02,-4.870144413317013810e-02,5.200000000000000178e-01,-7.201322486576658966e-01,3.615916285608299363e-01,4.263579608337816906e-02,1.214697490278413783e+00,-1.332277822804548428e-01,-8.067190300511832834e-01,-5.954590295780737286e-01,-7.351077560973010572e-01,-2.825494890885156263e-01,-1.231945824716287746e-01,1.329423311066310731e+00,4.166813483590343092e-01,-1.082474573653963379e+00,8.798900259409482283e-01
1.000000,5.621155495274666736e-01,0.000000000000000000e+00,1.088660554952063153e+00,3.928711211363084543e-01,3.225244632713888421e-17,9.195935418309004739e-01,3.225244632713888421e-17,-1.882158441001304805e+00,-5.957026135815727402e-02,-1.843931772036238453e-02,2.256286016358365121e+00,-3.524658307813939295e-01,-3.334395572627163462e-02,-1.946955992642753763e+00,1.853371648743433762e-05,1.275664748476554230e-05,2.288401224743551676e+00,-2.928958113714427158e-01,2.177057786641027433e-05,-9.275437803407464432e-02,-5.114830940123651221e-02,5.102616103184908214e-01,-7.560761238177426957e-01,3.739636545529772538e-01,4.266266693923427555e-02,1.218576940109590057e+00,-1.365341033296328666e-01,-7.583149257447624469e-01,-6.060463878761245260e-01,-7.649123175289502807e-01,-2.914921586872203374e-01,-1.171376898984356485e-01,1.338073541389975807e+00,4.098061987944595086e-01,-1.046296755241706400e+00,8.667353291205291965e-01
1.010000,5.708709219537259072e-01,0.000000000000000000e+00,1.082262103061679470e+00,3.434477585888159878e-01,3.647757595538114292e-17,9.391717825405097031e-01,3.647757595538114292e-17,-1.886742027848484105e+00,-6.009988770411989895e-02,-1.892369744229872863e-02,2.242108329088512875e+00,-3.334536801388958138e-01,-3.423236762109910930e-02,-1.951409918984723380e+00,1.396850566399466409e-05,1.099272803544738243e-05,2.274443751950047776e+00,-2.742298799967699541e-01,1.781021885495633086e-05,-9.300075463462230407e-02,-5.192356519301966761e-02,5.067833166016747493e-01,-7.660639370577682072e-01,3.776192248020975861e-01,4.247056886334206471e-02,1.217923298768377682e+00,-1.373481056016990498e-01,-7.434863571969096974e-01,-6.084663937652949883e-01,-7.733448210294026071e-01,-2.938734511420594275e-01,-1.150203923074478163e-01,1.339148357569288406e+00,4.077684873150997369e-01,-1.035445900744775161e+00,8.624562365741206271e-01
1.020000,5.813219007030923091e-01,0.000000000000000000e+00,1.073294846354996501e+00,2.930538208239236719e-01,4.059962081941185210e-17,9.560959460747124883e-01,4.059962081941185210e-17,-1.886742027848484105e+00,-6.009988770411989895e-02,-1.892369744229872863e-02,2.242108329088512875e+00,-3.334536801388958138e-01,-3.423236762109910930e-02,-1.951409918984723380e+00,1.396850566399466409e-05,1.099272803544738243e-05,2.274443751950047776e+00,-2.742298799967699541e-01,1.781021885495633086e-05,-9.300075463462230407e-02,-5.192356519301966761e-02,5.067833166016747493e-01,-7.660639370577682072e-01,3.776192248020975861e-01,4.247056886334206471e-02,1.217923298768377682e+00,-1.373481056016990498e-01,-7.434863571969096974e-01,-6.084663937652949883e-01,-7.733448210294026071e-01,-2.938734511420594275e-01,-1.150203923074478163e-01,1.339148357569288406e+00,4.077684873150997369e-01,-1.035445900744775161e+00,8.624562365741206271e-01
1.030000,5.927868017651982679e-01,0.000000000000000000e+00,1.062068225286222134e+00,2.418317199141481744e-01,4.460693211824165780e-17,9.703182051488907778e-01,4.460693211824165780e-17,-1.873757640618928244e+00,-5.965363623438543067e-02,-1.921458154319920231e-02,2.228630321846417406e+00,-3.321908274618292634e-01,-3.375055968955092273e-02,-1.938446175789402259e+00,-6.957523134839790121e-06,2.105579515178511478e-07,2.261662719052730086e+00,-2.736429804769679452e-01,-3.354480698561815668e-06,-9.321164236248785651e-02,-5.341158221964154018e-02,5.161693710137927882e-01,-7.785291498995436932e-01,3.815137508560220714e-01,4.317189680538165847e-02,1.218663812299530580e+00,-1.371868882665720213e-01,-7.381710657851963120e-01,-6.075220306712482143e-01,-7.846459375869311303e-01,-2.948821978260373067e-01,-1.142271132424975549e-01,1.338025956572352904e+00,4.066395115385748604e-01,-1.030978594936992288e+00,8.579885869341122850e-01
1.040000,6.045839411296761723e-01,0.000000000000000000e+00,1.048891680309564478e+00,1.899262083014049973e-01,4.848818528521440460e-17,9.817983679963271371e-01,4.848818528521440460e-17,-1.847218744607778129e+00,-5.838166577213006747e-02,-1.932524089030282846e-02,2.215274561220897720e+00,-3.450352506115632600e-01,-3.211490052221024905e-02,-1.911952264048760508e+00,-8.090963720975479371e-06,1.711184661751412848e-06,2.249412282337023505e+00,-2.875890120429742125e-01,-2.591761870588226976e-06,-9.341740235556469929e-02,-5.329253134859933405e-02,5.200000000000000178e-01,-8.618801047679741645e-01,3.813522717728062283e-01,6.570854553597152425e-02,1.389172048173660690e+00,-1.223381100070440736e-01,-8.378556075812988446e-01,-6.251807219244427394e-01,-8.227249832327920842e-01,-2.938298508692080424e-01,-1.305559187328986792e-01,1.392443047373043141e+00,4.042625781749566438e-01,-1.060242085153595859e+00,8.725700928663109313e-01
1.050000,6.160316347861581887e-01,0.000000000000000000e+00,1.034074651879230977e+00,1.374839697300422603e-01,5.223241199096378302e-17,9.905039919491838152e-01,5.223241199096378302e-17,-1.825935031005258891e+00,-5.737574098525945882e-02,-1.936731142935990690e-02,2.205832523794784450e+00,-3.568567737754465563e-01,-3.078540988229541003e-02,-1.890710324208999538e+00,-8.057896541039401872e-06,1.650508997499931593e-06,2.240819009562685427e+00,-3.002376791076187823e-01,-2.461320559566719023e-06,-9.348682383580160515e-02,-5.503176893372296180e-02,5.200000000000000178e-01,-8.835328142310284738e-01,3.825203514644026082e-01,9.090802960325085336e-02,1.416712571940845544e+00,-9.926365697656817921e-02,-8.563444166427104376e-01,-6.265317406896396824e-01,-8.471505644100733035e-01,-2.915806832288593831e-01,-1.553741982856535475e-01,1.421947302890134157e+00,3.923610284644903357e-01,-1.078333727860673275e+00,8.842322637118209538e-01
1.060000,6.264481987242770389e-01,0.000000000000000000e+00,1.017926580449430185e+00,8.465320472205924152e-02,5.582903113965195625e-17,9.964104751207130128e-01,5.582903113965195625e-17,-1.809416981007094805e+00,-5.666332127363830906e-02,-1.948649836232765539e-02,2.195514237631385868e+00,-3.630404213589739082e-01,-2.987462914941602446e-02,-1.874213291695382644e+00,-8.046821776070666249e-06,1.581123400531454476e-06,2.231245341095815071e+00,-3.071610431537908359e-01,-2.387495455467856678e-06,-9.357453109205142450e-02,-5.658684656878212177e-02,5.200000000000000178e-01,-8.935998425937410339e-01,3.827288022709429693e-01,1.237269308468956081e-01,1.415866977692709527e+00,-6.839011808848982632e-02,-8.553309588346559300e-01,-6.269788855252477200e-01,-8.589874687475733683e-01,-2.894117204825526479e-01,-1.822372509893288306e-01,1.423498651611606158e+00,3.685761353450828226e-01,-1.078862541093096317e+00,8.849844544288890669e-01
1.070000,6.351519489336648894e-01,0.000000000000000000e+00,1.000756906474369101e+00,3.158321176594728469e-02,5.926787877089528554e-17,9.995011259296046058e-01,5.926787877089528554e-17,-1.802933956521562298e+00,-5.642960565108535997e-02,-1.962138649267450644e-02,2.188382639551651021e+00,-3.623848181719376282e-01,-2.961954239945720560e-02,-1.867728811509678621e+00,-8.055729929251949367e-06,1.530955791902473448e-06,2.224494379579407877e+00,-3.068945618228838268e-01,-2.385136988054876050e-06,-9.366351791434801566e-02,-5.743096472281950665e-02,5.200000000000000178e-01,-9.000377107311418046e-01,3.813979551107680721e-01,1.599534495153225044e-01,1.414102310579309574e+00,-3.437842323481955786e-02,-8.512491282395506786e-01,-6.294724699233998910e-01,-8.653468379362337926e-01,-2.872777031147792925e-01,-2.109143637629329882e-01,1.421652647811836534e+00,3.410017217405484358e-01,-1.075096426920230552e+00,8.851512337246250084e-01
1.080000,6.414612014039542398e-01,0.000000000000000000e+00,9.828750704082559464e-01,-2.157603459729675113e-02,6.253923678287524914e-17,9.997672102699989294e-01,6.253923678287524914e-17,-1.811017711260892726e+00,-5.681518202016506980e-02,-1.965355555366151905e-02,2.190348572613971090e+00,-3.562739363269443738e-01,-3.015925491837927186e-02,-1.875787718928103809e+00,-8.075092379492738946e-06,1.541246084036041513e-06,2.226182546257001960e+00,-3.005238210823543143e-01,-2.448386442383893841e-06,-9.367603062884424792e-02,-5.691099850431809853e-02,5.200000000000000178e-01,-8.982660880922864743e-01,3.775887355990529270e-01,1.914572421678074066e-01,1.412614191176191136e+00,-4.841459559383521488e-03,-8.471981266742558692e-01,-6.337036168788900969e-01,-8.628063499127539560e-01,-2.853869175921716628e-01,-2.351858413495442335e-01,1.420002571800449864e+00,3.171503847913516028e-01,-1.070849057780024705e+00,8.870372846389963373e-01
1.090000,6.446942721247771457e-01,0.000000000000000000e+00,9.645905127052987194e-01,-7.467430759866489076e-02,6.563386039546371370e-17,9.972079761938629217e-01,6.563386039546371370e-17,-1.837278228250236234e+00,-5.794261658905033169e-02,-1.941657891734993591e-02,2.208430685679995786e+00,-3.481217252829289510e-01,-3.156940903625254924e-02,-1.902018580277976323e+00,-8.086854095385887512e-06,1.664055037512478580e-06,2.243032966188006849e+00,-2.911433796643957961e-01,-2.552525382254028653e-06,-9.348477260271437217e-02,-5.433199710976844427e-02,5.200000000000000178e-01,-8.817370030003025549e-01,3.702020199440885784e-01,2.080504420502166385e-01,1.412132329871124803e+00,1.055044734745613950e-02,-8.482247731064991303e-01,-6.388951321607386769e-01,-8.456318231567002686e-01,-2.837458958388538455e-01,-2.471045881140389866e-01,1.419912703672258747e+00,3.060655272441664132e-01,-1.070618726939217558e+00,8.925863736370739376e-01
1.100000,6.441694770857663288e-01,0.000000000000000000e+00,9.462126738197049747e-01,-1.275615527784232650e-01,6.854300427575208019e-17,9.918306560359775315e-01,6.854300427575208019e-17,-1.868700983229980350e+00,-5.915812699417143106e-02,-1.890935299368567274e-02,2.237261089347367449e+00,-3.457666813468981970e-01,-3.297999732593513700e-02,-1.933400193014662705e+00,9.771843157041268228e-06,1.543139945834793881e-05,2.270222369352411729e+00,-2.871935364530884272e-01,1.919052400747582907e-05,-9.342299354299829495e-02,-5.073401188035313314e-02,5.098446954693869326e-01,-8.565295784913357080e-01,3.618563374931872412e-01,2.078301149261623515e-01,1.416957902939778968e+00,9.961698623903452940e-03,-8.586772677251577335e-01,-6.430236244950764402e-01,-8.207056956637190925e-01,-2.818387209156191231e-01,-2.476465025950869425e-01,1.424066544604269513e+00,3.069639553634640472e-01,-1.077721744916309898e+00,9.004765487880285191e-01
1.110000,6.386540821121015066e-01,0.000000000000000000e+00,9.264339760346610442e-01,-2.234508965662741209e-01,7.336651298746473518e-17,9.747151875413290201e-01,7.336651298746473518e-17,-2.058141938670979609e+00,-7.141443815864061129e-02,-1.927065890917575505e-02,2.299612665047408022e+00,-2.186766991952669992e-01,-4.836987390846911317e-02,-2.122388436308234816e+00,-8.643127561787135665e-06,2.255592126786851335e-06,2.325673636537610278e+00,-1.534141939929273835e-01,-4.144653757372297413e-06,-9.080064624048327093e-02,-3.835050026196687445e-02,4.617876021790029983e-01,-1.135639640859463118e+00,4.543303344864464965e-01,2.494279960565574938e-01,2.094399999999999817e+00,1.319440292217131938e-01,-1.334262451362182578e+00,-6.168195252795397598e-01,-1.091366125671342502e+00,-3.820342543985347783e-01,-4.269639821335752816e-01,2.094399999999999817e+00,5.170735955106425807e-01,-1.500454370885672128e+00,1.319958324362648927e+00
1.120000,6.281701664507450822e-01,0.000000000000000000e+00,9.042070860734990889e-01,-3.172202040506970633e-01,7.749394182937383409e-17,9.483519083874055733e-01,7.749394182937383409e-17,-2.211366564622329722e+00,-8.457102191019826021e-02,-1.810635490407913953e-02,2.387757852044871676e+00,-1.538405866406558631e-01,-6.324433839436822968e-02,-2.275841811834903972e+00,-8.994198435216530147e-06,2.955285264223694428e-06,2.407379505307007506e+00,-8.166668724305183036e-02,-5.139533963983534154e-06,-9.660835010814297630e-02,-3.112039656660389036e-02,3.998958537272080949e-01,-1.078668082989318044e+00,6.354113968204155860e-01,5.318101038561479088e-01,2.094399999999999817e+00,9.598048912513065245e-01,-1.407529140424064407e+00,-1.140909428993691216e-01,-1.080950521388898800e+00,-3.922534672148670909e-01,-4.890882795197508681e-01,2.094399999999999817e+00,7.839347593987356921e-01,-1.590745591829026306e+00,1.614430000000000032e+00
1.130000,6.139182662240042498e-01,0.000000000000000000e+00,8.802318110506468507e-01,-4.079798196560396328e-01,8.088613097209787430e-17,9.129909456032000437e-01,8.088613097209787430e-17,-2.316300805366831472e+00,-9.355916835059055470e-02,-1.465135638347813199e-02,2.497873364003512009e+00,-1.593038441633747582e-01,-7.258903652375336968e-02,-2.382915167291723257e+00,-8.349989938642334963e-06,4.063240760636230121e-06,2.511872045350964644e+00,-7.908587183261725495e-02,-4.817898785573154375e-06,-1.106328023108337083e-01,-6.403839672108928294e-02,4.086585558104842142e-01,-1.138670465159253409e+00,6.638826391256408277e-01,2.246989187838606683e-01,2.094399999999999817e+00,1.675045649216554411e+00,-1.614430000000000032e+00,7.993422444433552210e-01,-9.572349188022352129e-01,-4.647374181986680952e-01,-7.899366513399297407e-01,2.094399999999999817e+00,4.655682989115015880e-01,-1.614430000000000032e+00,1.614430000000000032e+00
1.140000,5.970989175541847604e-01,0.000000000000000000e+00,8.552079580805304060e-01,-4.948686428768916956e-01,8.351089632400355823e-17,8.689677935902937467e-01,8.351089632400355823e-17,-2.330546096851589866e+00,-8.945887343003583458e-02,-1.028944672606226310e-02,2.608676506703271780e+00,-2.559734842082479478e-01,-6.733026658807703124e-02,-2.402358287595159236e+00,-6.343854083971309548e-06,5.313203326581505700e-06,2.619278726301387472e+00,-1.670494324709249356e-01,-2.606026704923429818e-06,-9.477084604895635866e-02,-6.843884029853818107e-02,4.273263461115441864e-01,-1.071346197919470944e+00,5.442831358779552930e-01,5.931155484766664071e-02,2.094399999999999817e+00,1.972220000000000084e+00,-1.614430000000000032e+00,1.332703472608699036e+00,-7.984206610232812418e-01,-4.777454093800324597e-01,-9.940191613403984716e-01,2.094399999999999817e+00,2.438680536040013225e-01,-1.614430000000000032e+00,1.614430000000000032e+00
1.150000,5.789126565635936972e-01,0.000000000000000000e+00,8.298353342775773855e-01,-5.770622981460864498e-01,8.534333488438894697e-17,8.167001310507775447e-01,8.534333488438894697e-17,-2.213360205044048179e+00,-7.384550182019353204e-02,-8.291453892681288976e-03,2.688971463378962312e+00,-4.532084935334123599e-01,-4.879305696610032606e-02,-2.292040656588418379e+00,-4.632711204701118932e-06,6.210507287926914026e-06,2.700175039333510441e+00,-3.582633764965402756e-01,1.772996045451657033e-07,-9.392922695384554876e-02,-6.114082654153934343e-02,4.762459832914753277e-01,-9.447207165933367845e-01,5.499439073557123026e-01,2.006599931950644178e-01,2.094399999999999817e+00,1.972220000000000084e+00,-1.614430000000000032e+00,1.228466849280619222e+00,-7.138213901638338355e-01,-4.351578646508298398e-01,-1.119335818938206772e+00,2.094399999999999817e+00,1.125072311336664937e-01,-1.614430000000000032e+00,1.614430000000000032e+00
1.160000,5.605600193745374771e-01,0.000000000000000000e+00,8.048137467562147540e-01,-6.537809562673222441e-01,8.636606101582086476e-17,7.566838581747239445e-01,8.636606101582086476e-17,-2.004779038553672343e+00,-5.996646781478289639e-02,-8.945868710897116396e-03,2.700673105799200613e+00,-6.731431609450596598e-01,-3.089410339924521937e-02,-2.084306128672017699e+00,-4.777709309221920732e-06,6.260359522226947804e-06,2.716960251600513576e+00,-5.827831166745470748e-01,1.717051130239575231e-06,-9.324474177736662150e-02,-5.396195319376269339e-02,5.190704203672780181e-01,-7.900996071192019077e-01,5.493167849741931175e-01,4.867392725816896415e-01,2.094399999999999817e+00,1.494018936007756926e+00,-1.590366465395316009e+00,5.140110902170073048e-01,-6.926952699377789680e-01,-3.421257518166556655e-01,-1.104545007651393407e+00,1.952644977408563021e+00,9.990532561067866357e-02,-1.614430000000000032e+00,1.577841866848041841e+00
1.170000,5.432415421093227392e-01,0.000000000000000000e+00,7.808430026308695870e-01,7.242967332049251583e-01,-2.387406301647334731e-17,-6.894883916852215799e-01,-2.387406301647334731e-17,-1.840564196178572143e+00,-5.348428387620585839e-02,-1.027366592103871011e-02,2.632268740903435766e+00,-7.687454141667786622e-01,-2.154000361675622449e-02,-1.914228238590329090e+00,-5.765663989844253241e-06,5.365643121768607822e-06,2.654928747953339219e+00,-6.908295031095564864e-01,1.722130813563806160e-06,-9.279781572370551790e-02,-4.073366069563750386e-02,5.200000000000000178e-01,-6.499462396010988741e-01,3.931724040809125298e-01,9.695613993071847680e-01,1.785229807583636807e+00,1.079261555878156420e+00,-1.366393250159702477e+00,-3.115273395637975229e-01,-6.050691957230379669e-01,-1.563969167403849447e-01,-9.311718541204039301e-01,1.409896374975196931e+00,1.420597245852654560e-02,-1.310988486982044954e+00,1.319377951220306544e+00
1.180000,5.281577608902561227e-01,0.000000000000000000e+00,7.586229090159689603e-01,7.879405960332336312e-01,-1.604300569056836105e-17,-6.157512623801858487e-01,-1.604300569056836105e-17,-1.780467618244667705e+00,-5.217670064611461961e-02,-1.208804153240270775e-02,2.512925461854051079e+00,-7.094257250131736914e-01,-2.003915004016606008e-02,-1.849289402932878801e+00,-6.566269213546370289e-06,4.136360046801822587e-06,2.540556308479149372e+00,-6.413958992946605653e-01,7.588790900040941447e-07,-9.165465442242158589e-02,-3.672897555502750017e-02,5.200000000000000178e-01,-6.895515486731588206e-01,2.235240043976526592e-01,1.170988592216756885e+00,1.427880952375358614e+00,8.902625600987832399e-01,-1.159679165917609334e+00,-7.095117816239439046e-01,-6.784427031262842966e-01,-1.689697811879085076e-01,-9.237761432398916561e-01,1.387405730753041411e+00,-1.025618809593519531e-01,-1.253238112576304575e+00,1.183363497110591744e+00
1.190000,5.165092118396442666e-01,0.000000000000000000e+00,7.388532730259402825e-01,8.441087105239662991e-01,-8.059737051114223089e-18,-5.361720664279022719e-01,-8.059737051114223089e-18,-1.802848466229701296e+00,-5.421391212468369691e-02,-1.479932373266161852e-02,2.377174385920914013e+00,-5.513000428211936033e-01,-2.430924790138271757e-02,-1.869176779891723150e+00,-7.221217101589174610e-06,2.985673438694108405e-06,2.408010026719027863e+00,-4.889622405786202552e-01,-7.192708900988537283e-07,-9.185018190788121761e-02,-4.408178215033337760e-02,5.200000000000000178e-01,-7.983453154051648459e-01,2.466950158976932983e-01,1.173364210533524910e+00,1.399667604756704264e+00,8.905404502916703935e-01,-1.029847486169508386e+00,-7.252711800532524178e-01,-7.649001281304979027e-01,-1.924533273464145156e-01,-9.076900957259219638e-01,1.387832255566067152e+00,-1.961087627879987694e-01,-1.169915503774011434e+00,1.066562650618032571e+00
1.200000,5.094964310797934770e-01,0.000000000000000000e+00,7.222339017752104073e-01,8.922681701475668747e-01,0.000000000000000000e+00,-4.515058278045951390e-01,0.000000000000000000e+00,-1.881332285457712805e+00,-5.948523274442300834e-02,-1.849619066103809842e-02,2.259161170798174467e+00,-3.833000428211936206e-01,-3.335014406892977679e-02,-1.946134059069836386e+00,6.010456578420290762e-05,3.056388145120790707e-05,2.291126181806632189e+00,-3.209622405786202726e-01,6.054353034771734106e-05,-9.176079246269455703e-02,-4.910636694003317482e-02,5.055968691874465071e-01,-8.921365763165072238e-01,2.875244673150408325e-01,1.160870389880892750e+00,1.415814104738513768e+00,9.070446209189930720e-01,-9.007883429607809189e-01,-7.227882393619502466e-01,-8.310094076166817390e-01,-2.238742683701399339e-01,-8.751131688828749366e-01,1.399343796974772181e+00,-2.459564686360476149e-01,-1.070934043795733315e+00,9.870325805152473375e-01
1.210000,5.070850613779044336e-01,0.000000000000000000e+00,7.086458803973738618e-01,9.091587586601825866e-01,0.000000000000000000e+00,-4.164496987049886023e-01,0.000000000000000000e+00,-1.851386954721676359e+00,-5.888608996467033924e-02,-1.992015252835697622e-02,2.198045233816370736e+00,-3.270461499928624671e-01,-3.304642133841566298e-02,-1.915981047051928288e+00,5.916621332526023671e-06,4.969368171748089405e-06,2.232510455317275877e+00,-2.697781371123619265e-01,7.888580855876741634e-06,-9.287771082727669381e-02,-5.493187655731064656e-02,5.200000000000000178e-01,-9.438275188350480072e-01,3.020761961633883219e-01,1.157461208688885801e+00,1.411324581921194588e+00,9.097265911308231034e-01,-8.591204306145830971e-01,-7.185162665247786240e-01,-8.768738243382419029e-01,-2.292569034618587853e-01,-8.671742464779450543e-01,1.396170259010331760e+00,-2.553091332066892982e-01,-1.040926568298242705e+00,9.632455514511149008e-01
1.220000,5.080110149592887980e-01,0.000000000000000000e+00,6.972974191813181566e-01,9.246726770081128421e-01,0.000000000000000000e+00,-3.807629714069504234e-01,0.000000000000000000e+00,-1.834695115944866117e+00,-5.850037664592975389e-02,-2.078743184618659159e-02,2.162240826054357079e+00,-3.044988694065106638e-01,-3.293366531080876153e-02,-1.899258817756319218e+00,-8.295776182019781232e-06,1.310816531999341485e-06,2.198220188292455024e+00,-2.490903642907161264e-01,-2.941456675420641841e-06,-9.454426960233515420e-02,-5.907613716028416867e-02,5.200000000000000178e-01,-9.737000110741396153e-01,3.041270928699655873e-01,1.159621458647123404e+00,1.396658637448066065e+00,9.133963452536197902e-01,-8.295164072045145831e-01,-7.200113160702692472e-01,-9.055691830929434305e-01,-2.305900884199077183e-01,-8.658308703159571795e-01,1.391266942826835384e+00,-2.658323431203937215e-01,-1.019298015351429498e+00,9.485039191960864535e-01
1.230000,5.116302321334207370e-01,0.000000000000000000e+00,6.878790129744097870e-01,9.387864336412586885e-01,0.000000000000000000e+00,-3.444996836154231579e-01,0.000000000000000000e+00,-1.834247574871214148e+00,-5.852173325760771927e-02,-2.087523115749602073e-02,2.159240019844243186e+00,-3.019442966118867644e-01,-3.300249811903168545e-02,-1.898804472394572729e+00,-8.308034812925749817e-06,1.288141022291260055e-06,2.195317302260154424e+00,-2.466418236201618486e-01,-2.963671367430441918e-06,-9.490680700429929284e-02,-6.053911767121854248e-02,5.200000000000000178e-01,-9.783006017163304868e-01,3.019503698093241040e-01,1.160045583347748765e+00,1.396190788298727892e+00,9.199997953404961404e-01,-8.252014851070367252e-01,-7.136834875819918489e-01,-9.091279528506985841e-01,-2.298805642814157613e-01,-8.687575605965691672e-01,1.390427361830820052e+00,-2.693731195933691813e-01,-1.015573045257580853e+00,9.477498670961616023e-01
1.240000,5.172986532097737511e-01,0.000000000000000000e+00,6.800811566240145822e-01,9.514786571682283256e-01,0.000000000000000000e+00,-3.077147460771828547e-01,0.000000000000000000e+00,-1.840093516433811471e+00,-5.861522156817580709e-02,-2.047874374824188229e-02,2.174436690130082006e+00,-3.113043636419786653e-01,-3.294177519733553633e-02,-1.904671024138179902e+00,-8.260661580512794092e-06,1.400328925265071296e-06,2.209919877946515676e+00,-2.553778475630592570e-01,-2.888821367891708309e-06,-9.491340369329852311e-02,-6.047720441973385846e-02,5.200000000000000178e-01,-9.678013252617524431e-01,2.944406958439555466e-01,1.160628486488271216e+00,1.396349508092245451e+00,9.256437493904325908e-01,-8.328703622720694533e-01,-7.070879066537865132e-01,-8.987878583850561487e-01,-2.273370697918783989e-01,-8.716437403317129906e-01,1.390955419620711009e+00,-2.682960658463628412e-01,-1.022068936550186047e+00,9.530236180705872195e-01
1.250000,5.243722184978220069e-01,0.000000000000000000e+00,6.735943449774992597e-01,9.627301287174147015e-01,0.000000000000000000e+00,-2.704638594336592483e-01,0.000000000000000000e+00,-1.846985607271806273e+00,-5.860292404044901982e-02,-1.977870498181572012e-02,2.200072310621996152e+00,-3.300613684030139772e-01,-3.260929440119728767e-02,-1.911639918755082546e+00,-8.164609986601389317e-06,1.593483606572832398e-06,2.234642288955430711e+00,-2.731313639551705696e-01,-2.728181790109531309e-06,-9.466511942802321999e-02,-5.945560322838935180e-02,5.200000000000000178e-01,-9.483671151984325309e-01,2.842830349766479747e-01,1.161305728218856359e+00,1.396507306776751722e+00,9.296678193263133716e-01,-8.490000332750203826e-01,-7.011783391173322944e-01,-8.806202411323977852e-01,-2.238181191684882887e-01,-8.740175857111095459e-01,1.392742185904287444e+00,-2.632061948754798597e-01,-1.036214524744724752e+00,9.623047240436816141e-01
1.260000,5.322068683070392270e-01,0.000000000000000000e+00,6.681090728822303149e-01,9.725238110386752455e-01,0.000000000000000000e+00,-2.328034298776781308e-01,0.000000000000000000e+00,-1.850647302916035075e+00,-5.853116880361191460e-02,-1.924468733682406160e-02,2.219414969763905177e+00,-3.452493226040637686e-01,-3.227274962524932789e-02,-1.915396235964601734e+00,-1.228225586512291254e-05,1.893431968831373293e-06,2.253347062906174703e+00,-2.875891860357574492e-01,-4.392553260677968932e-06,-9.495143489439843154e-02,-5.825946867212915270e-02,5.200000000000000178e-01,-9.327391285996901038e-01,2.777614707911757463e-01,1.161650818743887870e+00,1.396329746076155898e+00,9.297281467147203715e-01,-8.617423129643644319e-01,-6.992917813497526724e-01,-8.669629296889311831e-01,-2.205652173632446644e-01,-8.759510222639560473e-01,1.393109628646581388e+00,-2.608591834834121936e-01,-1.046769138283196066e+00,9.683847825365448081e-01
1.270000,5.401585429468993560e-01,0.000000000000000000e+00,6.633158351855737989e-01,9.808448743015480975e-01,0.000000000000000000e+00,-1.947904837418408253e-01,0.000000000000000000e+00,-1.853589055094096105e+00,-5.836025135763807381e-02,-1.860892578133477998e-02,2.242159110364255081e+00,-3.647601946806537376e-01,-3.176630844622112954e-02,-1.918477760481283712e+00,-1.588548687790047515e-05,1.342396232213567016e-06,2.275378760143182966e+00,-3.062435898809663382e-01,-6.753582183935816690e-06,-9.492732322671540435e-02,-5.658420022710750757e-02,5.200000000000000178e-01,-9.140846008586968052e-01,2.707096875058612184e-01,1.162512164625408184e+00,1.396196059296245018e+00,9.291496917436171676e-01,-8.784646584570036110e-01,-6.982343988158828951e-01,-8.505009441384018265e-01,-2.168396514800564057e-01,-8.789504478372367480e-01,1.393319453892931659e+00,-2.570929510096240933e-01,-1.060524640063151391e+00,9.768729163372816826e-01
1.280000,5.475831827268762275e-01,0.000000000000000000e+00,6.589051267348960961e-01,9.876807185509389742e-01,0.000000000000000000e+00,-1.564825811478738338e-01,0.000000000000000000e+00,-1.856013690060880128e+00,-5.823081206401005405e-02,-1.814301576825771631e-02,2.259227100251679943e+00,-3.794806094900212701e-01,-3.139600420828327770e-02,-1.921021766930556485e+00,-1.554701599679468078e-05,1.343189317707622557e-06,2.291908155915737488e+00,-3.202982015836353669e-01,-6.723676198461837036e-06,-9.443162324278829567e-02,-5.472827293382927921e-02,5.195445749983221839e-01,-8.993165405338459095e-01,2.668659259671374295e-01,1.164083599249906564e+00,1.396930639775533667e+00,9.275653808650062837e-01,-8.926588119441231095e-01,-6.999752529138304480e-01,-8.372425619934968921e-01,-2.145190113724866621e-01,-8.818822563874177956e-01,1.393457164919667202e+00,-2.533681613435561641e-01,-1.071789811816110438e+00,9.846018957136050131e-01
1.290000,5.538367279564437862e-01,0.000000000000000000e+00,6.545674423775637019e-01,9.930209927862785335e-01,0.000000000000000000e+00,-1.179377288477006930e-01,0.000000000000000000e+00,-1.856013690060880128e+00,-5.823081206401005405e-02,-1.814301576825771631e-02,2.259227100251679943e+00,-3.794806094900212701e-01,-3.139600420828327770e-02,-1.921021766930556485e+00,-1.554701599679468078e-05,1.343189317707622557e-06,2.291908155915737488e+00,-3.202982015836353669e-01,-6.723676198461837036e-06,-9.443162324278829567e-02,-5.472827293382927921e-02,5.195445749983221839e-01,-8.993165405338459095e-01,2.668659259671374295e-01,1.164083599249906564e+00,1.396930639775533667e+00,9.275653808650062837e-01,-8.926588119441231095e-01,-6.999752529138304480e-01,-8.372425619934968921e-01,-2.145190113724866621e-01,-8.818822563874177956e-01,1.393457164919667202e+00,-2.533681613435561641e-01,-1.071789811816110438e+00,9.846018957136050131e-01
1.300000,5.582751189450759766e-01,0.000000000000000000e+00,6.499932769609426675e-01,9.968576106352572408e-01,0.000000000000000000e+00,-7.921429238821671437e-02,0.000000000000000000e+00,-1.875201338565664955e+00,-5.925273495548049468e-02,-1.847764793761719551e-02,2.253451351395592273e+00,-3.559329581288270816e-01,-3.293484366997657953e-02,-1.940011602339920982e+00,1.024038815037235466e-05,1.211833365217017588e-05,2.285781604903891928e+00,-2.965859048568598166e-01,1.603773560369756580e-05,-9.192826168199147441e-02,-5.116617128862780556e-02,5.088893892250804241e-01,-8.981500998523369583e-01,2.781989000039185034e-01,1.168784758053462269e+00,1.404820931342482204e+00,9.222161724551551920e-01,-8.889080424350296328e-01,-7.158226166315437844e-01,-8.340761584570021148e-01,-2.204062616625110937e-01,-8.814090713899913609e-01,1.395227193915778763e+00,-2.548558121261477738e-01,-1.065485095754456601e+00,9.832596335018105593e-01
1.310000,5.613039154087419158e-01,0.000000000000000000e+00,6.458857139023517213e-01,9.979173010436640512e-01,0.000000000000000000e+00,-6.450628091689301902e-02,0.000000000000000000e+00,-1.857652943422349656e+00,-5.852423662702545271e-02,-1.859438830139663670e-02,2.243977954617284443e+00,-3.632281702553713520e-01,-3.198858852915326123e-02,-1.922851946885454577e+00,-1.246661250216081093e-05,-9.871137528836130786e-07,2.277116518256142808e+00,-3.042968238221778199e-01,-7.521281756657499781e-06,-7.973964360953343655e-02,-5.066616226660899946e-02,5.072342478073652572e-01,-8.999829354502680845e-01,2.742109748707134420e-01,1.161815844487546379e+00,1.391168649099164378e+00,9.364429335297392853e-01,-8.328469742912754104e-01,-6.665799444804442198e-01,-8.301389570638526560e-01,-2.265517809315336362e-01,-8.759053537370886655e-01,1.404598949639128902e+00,-2.757992897347226191e-01,-1.005566267538220648e+00,8.997986524919867612e-01
1.320000,5.638163420538956361e-01,0.000000000000000000e+00,6.429563234067363631e-01,9.987599957867268063e-01,0.000000000000000000e+00,-4.978424264862747750e-02,0.000000000000000000e+00,-1.843565848962355203e+00,-5.779758303027891092e-02,-1.849238722464036089e-02,2.242728057719214796e+00,-3.759014830906460825e-01,-3.096379906022445408e-02,-1.909649132225285761e+00,-1.554636914855870910e-05,-2.428853862900791033e-06,2.276567330064062311e+00,-3.168046535008681719e-01,-1.046093923216671481e-05,-6.650447838366670139e-02,-4.991586508028418578e-02,5.042875778762810901e-01,-9.020135077966189296e-01,2.677886550213832706e-01,1.154721730691067538e+00,1.378060625160131281e+00,9.522038210934442581e-01,-7.697753065064361078e-01,-6.100882152780384704e-01,-8.312796725305847678e-01,-2.314993016739005094e-01,-8.711143698227834520e-01,1.416967024359322647e+00,-2.949308690726470394e-01,-9.341467496785721414e-01,8.109498823689252900e-01
1.330000,5.658998366757393983e-01,0.000000000000000000e+00,6.409083305029023014e-01,9.993855116216995293e-01,0.000000000000000000e+00,-3.505137886922403412e-02,0.000000000000000000e+00,-1.839876714778876599e+00,-5.752809067245732988e-02,-1.832269805366783591e-02,2.247404019247296603e+00,-3.843408512350364181e-01,-3.052568597315533788e-02,-1.907155568942354051e+00,-1.156384378626140829e-05,2.678479171526580687e-07,2.281663040465852887e+00,-3.244804931737060860e-01,-5.825938698256320611e-06,-5.309160949272726665e-02,-4.791553694882326464e-02,4.978860882954407874e-01,-9.033870017832572596e-01,2.654127721241312798e-01,1.151441307362935262e+00,1.370567036738944200e+00,9.642125745921067415e-01,-7.060122009673971410e-01,-5.599075559014571324e-01,-8.371170233916946923e-01,-2.378327407471371169e-01,-8.694686138770956196e-01,1.433250261806505277e+00,-3.073724319429448348e-01,-8.568784868180644443e-01,7.259357740511547252e-01
1.340000,5.676418370694746862e-01,0.000000000000000000e+00,6.394449602196564664e-01,9.997937125310738526e-01,0.000000000000000000e+00,-2.031089321847813489e-02,0.000000000000000000e+00,-1.844404180768460577e+00,-5.762968721439452185e-02,-1.811950143590062429e-02,2.256119860470214622e+00,-3.886279944993347724e-01,-3.057850882305871223e-02,-1.912995496919749794e+00,-7.336410165139522523e-06,3.068046622466229409e-06,2.290543947889663645e+00,-3.276214863977434666e-01,-9.752641231868736661e-07,-3.960721790987818680e-02,-4.502548320552331174e-02,4.885591662052363171e-01,-9.038910447590374764e-01,2.667085961634281244e-01,1.151500207385164343e+00,1.367533650359340047e+00,9.726447064243758378e-01,-6.426471708322791798e-01,-5.160453058722667130e-01,-8.464260980307090065e-01,-2.466046564012591424e-01,-8.716137590838435312e-01,1.453859265684699142e+00,-3.125112039131172637e-01,-7.774743055237246514e-01,6.480030777555296773e-01
1.350000,5.691297810303032056e-01,0.000000000000000000e+00,6.382694375858047886e-01,9.999845097521560255e-01,0.000000000000000000e+00,-5.565990993550117873e-03,0.000000000000000000e+00,-1.854182621978097467e+00,-5.798315687408617941e-02,-1.791491910911888891e-02,2.266626856657714129e+00,-3.894453413958101073e-01,-3.097447620030237270e-02,-1.923978241681165935e+00,-4.099287744427431762e-06,5.136940442798959441e-06,2.301005542618017152e+00,-3.271804079579178071e-01,2.655418181112981288e-06,-2.588237831507901598e-02,-4.181046550830568032e-02,4.767843968087026041e-01,-9.035851889807194892e-01,2.702363475212396504e-01,1.153822397574979952e+00,1.367274180067943545e+00,9.785431632911198996e-01,-5.794940371425594261e-01,-4.766527225715024851e-01,-8.573676870484215895e-01,-2.581799483619464097e-01,-8.780313982230582015e-01,1.477569414478955290e+00,-3.107089780529794232e-01,-6.963258885438744494e-01,5.802493948362703602e-01
1.360000,5.704511063534269955e-01,0.000000000000000000e+00,6.370849876301537540e-01,9.999578617963676974e-01,0.000000000000000000e+00,9.180121548022052505e-03,0.000000000000000000e+00,-1.866304737075193954e+00,-5.847942825914556608e-02,-1.775022020435770842e-02,2.276414921198353092e+00,-3.871881785037017409e-01,-3.157976161558792572e-02,-1.936945091760670978e+00,-2.021285309779287245e-06,6.329556593294820739e-06,2.310581931586281002e+00,-3.238504862401553885e-01,4.845183760218970895e-06,-1.196309908281368607e-02,-3.874092149854820033e-02,4.628358240506916799e-01,-9.024512758447363892e-01,2.746305338822873088e-01,1.157579941964939518e+00,1.368533654601224780e+00,9.827805014439523479e-01,-5.162195640446752831e-01,-4.398289070659161526e-01,-8.682020557337294386e-01,-2.724913169791799428e-01,-8.884512917035275459e-01,1.502997315505742115e+00,-3.029797821699747873e-01,-6.139105360358111385e-01,5.208409387492393128e-01
1.370000,5.716932508340475394e-01,0.000000000000000000e+00,6.355948353815097374e-01,9.997137744582681451e-01,0.000000000000000000e+00,2.392423788551882591e-02,0.000000000000000000e+00,-1.877982350855029514e+00,-5.901559821504671899e-02,-1.767551985029986589e-02,2.282802017639849357e+00,-3.819640401088544301e-01,-3.227201615423684611e-02,-1.948834590449366910e+00,-1.205500471252544411e-06,6.571784291134872418e-06,2.316631812526407597e+00,-3.180561113680432928e-01,5.466088301515191567e-06,1.981617699824514064e-03,-3.622570119400859295e-02,4.468979885654548179e-01,-9.004623728783204273e-01,2.786792775376865650e-01,1.162201905737399343e+00,1.370507272252175390e+00,9.859846505530509564e-01,-4.526132468614939008e-01,-4.037920455609059212e-01,-8.774497678291033331e-01,-2.895035526002984194e-01,-9.023170287596454786e-01,1.529512510876826825e+00,-2.903343870978409846e-01,-5.309908632393592898e-01,4.680122117761710832e-01
1.380000,5.729436522673664323e-01,0.000000000000000000e+00,6.335022058686790025e-01,9.992523008142940588e-01,0.000000000000000000e+00,3.866315193229201419e-02,0.000000000000000000e+00,-1.886562318173744757e+00,-5.949174334830820837e-02,-1.774934513812542053e-02,2.282966761703866698e+00,-3.736065172147972624e-01,-3.293810598395723044e-02,-1.956717073293645193e+00,-1.743308356478859624e-06,5.803230954171784242e-06,2.316363368888242569e+00,-3.099406263297110886e-01,4.403767412372423481e-06,1.579979288847943239e-02,-3.464397469626041143e-02,4.291274477387156394e-01,-8.976660881358841104e-01,2.812120703532854371e-01,1.167294516998627740e+00,1.372714286296785602e+00,9.885944873732173122e-01,-3.886120469069511141e-01,-3.668301790885528657e-01,-8.837813723841263513e-01,-3.093603162370910931e-01,-9.190820498164216090e-01,1.557238589811250407e+00,-2.736083965326879253e-01,-4.485436079562332146e-01,4.208694968285687787e-01
1.390000,5.742897484485859350e-01,0.000000000000000000e+00,6.305103241204679243e-01,9.985735412112178855e-01,0.000000000000000000e+00,5.339365873292488407e-02,0.000000000000000000e+00,-1.889578357367797556e+00,-5.981351655223218766e-02,-1.803907285878933800e-02,2.273931809546656080e+00,-3.616081384058462134e-01,-3.347982050896836786e-02,-1.957884468377315557e+00,-3.559743961618025414e-06,4.043754226911481897e-06,2.306803879201769547e+00,-2.992478734264232831e-01,1.718492220514076880e-06,2.938590876711826699e-02,-3.432874838806802137e-02,4.096853430680143515e-01,-8.941830919725189952e-01,2.810289950590549313e-01,1.172638425252346517e+00,1.374884140329150295e+00,9.908548543776154460e-01,-3.243076498545038322e-01,-3.272780184104631118e-01,-8.859961582584349182e-01,-3.324191172119188575e-01,-9.382333137423490843e-01,1.587027039652402438e+00,-2.534983270765968633e-01,-3.677445957857030656e-01,3.789018015124202554e-01
1.400000,5.758189771729073092e-01,0.000000000000000000e+00,6.263224151656826555e-01,9.976776432443279496e-01,0.000000000000000000e+00,6.811255516014327882e-02,0.000000000000000000e+00,-1.884829421791977655e+00,-5.989938107902809117e-02,-1.862218049724258251e-02,2.252506122529164934e+00,-3.449856968318876227e-01,-3.382665205829085003e-02,-1.949981692996961780e+00,-6.262925128636878449e-06,1.463853112869137365e-06,2.284724885995925714e+00,-2.851174484787739605e-01,-2.192730258425952598e-06,4.269423842765285998e-02,-3.554723541184114793e-02,3.887999775263165092e-01,-8.902063065661633967e-01,2.768614164289958102e-01,1.178202538641483388e+00,1.376858101194566864e+00,9.927987510445869246e-01,-2.599719294489125088e-01,-2.835091724665330104e-01,-8.830116944634908149e-01,-3.592920125610631898e-01,-9.592779838510732127e-01,1.620433038236731349e+00,-2.305956111809151499e-01,-2.899739928699399671e-01,3.419633887991143095e-01
1.410000,5.772979466676649851e-01,0.000000000000000000e+00,6.206260755558293818e-01,9.976776432443279496e-01,0.000000000000000000e+00,6.811255516014327882e-02,0.000000000000000000e+00,-1.836842363342890305e+00,-5.771217153786377396e-02,-1.893941773844870155e-02,2.224964119082899483e+00,-3.647183216270002970e-01,-3.104325987806800385e-02,-1.897611815352356457e+00,-2.920537004634546314e-05,-1.244310847763824152e-05,2.256706504300223681e+00,-3.087816965883151687e-01,-2.706930228060582758e-05,4.588839020480839359e-02,-3.661815996512570587e-02,3.936664694785476648e-01,-8.680074752891044909e-01,2.840645127287921845e-01,1.179223146403375555e+00,1.379748190567317678e+00,9.955631470411279160e-01,-2.433030111006899143e-01,-2.805359410772175210e-01,-8.597855460124397275e-01,-3.643114797543338668e-01,-9.609848508759618602e-01,1.625693519050051883e+00,-2.278153721373325225e-01,-2.708730857973640216e-01,3.269688668093041484e-01
1.420000,5.785063186048728934e-01,0.000000000000000000e+00,6.135555144563165086e-01,9.976776432443279496e-01,0.000000000000000000e+00,6.811255516014329270e-02,0.000000000000000000e+00,-1.780946955217570293e+00,-5.542976570019235438e-02,-1.951795663687636712e-02,2.183966404393140603e+00,-3.795734869393096456e-01,-2.819081253468666559e-02,-1.836039180471761512e+00,-3.035162424784627362e-05,-1.548504742639755815e-05,2.214268008256763842e+00,-3.279292415280564144e-01,-2.959249173092086825e-05,4.571878852274256083e-02,-3.878486566242174416e-02,3.970869167663221289e-01,-8.365803064269887734e-01,2.912803583731805035e-01,1.180453284972031724e+00,1.382871568737110035e+00,9.980841464685756836e-01,-2.358154293325128159e-01,-2.805770755273336303e-01,-8.248884832178774440e-01,-3.644601587945023313e-01,-9.607159186646879734e-01,1.628608321432974515e+00,-2.274485771669676748e-01,-2.644162588219742260e-01,3.201577056794001619e-01
1.430000,5.795511109467511579e-01,0.000000000000000000e+00,6.054838758168024082e-01,9.976776432443279496e-01,0.000000000000000000e+00,6.811255516014326494e-02,0.000000000000000000e+00,-1.723163418588450124e+00,-5.335439984055401208e-02,-2.036211048768555437e-02,2.131350257610728161e+00,-3.848389281559935204e-01,-2.570806579928695823e-02,-1.771950356226220658e+00,-2.610260295772820206e-05,-1.497723853145225085e-05,2.159190801804776072e+00,-3.371091650640334336e-01,-2.607708817454307035e-05,4.482877832240363819e-02,-4.165073885422133221e-02,3.975313124582383617e-01,-7.998942053763543614e-01,2.962278108422733980e-01,1.181523061428353838e+00,1.386181166774568263e+00,1.000972253130822054e+00,-2.315076111607195508e-01,-2.787963746202860027e-01,-7.811524262928144502e-01,-3.646133934833223345e-01,-9.606053055745691349e-01,1.633715274143227925e+00,-2.271764701657891239e-01,-2.644776082350854263e-01,3.186767007058500800e-01
1.440000,5.805393416555204578e-01,0.000000000000000000e+00,5.967843035869465629e-01,9.976776432443279496e-01,0.000000000000000000e+00,6.811255516014327882e-02,0.000000000000000000e+00,-1.665618803063315667e+00,-5.149035621658115680e-02,-2.140534884390398601e-02,2.070072650492543076e+00,-3.812054288012493575e-01,-2.362171664516427017e-02,-1.707960743693656580e+00,-2.170135198118790373e-05,-1.385011633541001586e-05,2.094571923190554408e+00,-3.366523969339560440e-01,-2.217954398771790743e-05,4.408204761293280094e-02,-4.440020790236474946e-02,3.959871506348311421e-01,-7.596805225041475262e-01,2.987513117299744336e-01,1.182403468309052519e+00,1.389685423663899355e+00,1.004133965070796108e+00,-2.294628826525194343e-01,-2.753258833479932388e-01,-7.309945456149709031e-01,-3.662333798347559566e-01,-9.607742546049735655e-01,1.641924638260093827e+00,-2.267584399896037106e-01,-2.698905978635343650e-01,3.209842256463016907e-01
1.450000,5.815780286934013610e-01,0.000000000000000000e+00,5.878299417164078999e-01,9.976776432443279496e-01,0.000000000000000000e+00,6.811255516014327882e-02,0.000000000000000000e+00,-1.609597780793320609e+00,-4.980262189392619526e-02,-2.257314030170257113e-02,2.003305964044138410e+00,-3.705317309392479053e-01,-2.188774701513577711e-02,-1.645654308094078422e+00,-1.814871352466475052e-05,-1.281581674234557095e-05,2.023801501436316652e+00,-3.283290607628092661e-01,-1.902013996789118374e-05,4.372435036442311879e-02,-4.628102341823045474e-02,3.935865158864786939e-01,-7.169744375070012943e-01,2.992224887285263590e-01,1.183280699463066910e+00,1.393411905532903727e+00,1.007249788527475376e+00,-2.296200941365629522e-01,-2.709923973163185229e-01,-6.768030108331231087e-01,-3.696999154076117122e-01,-9.610669754122351804e-01,1.652920204843638663e+00,-2.262232573350324016e-01,-2.795894071562755601e-01,3.255901750557809171e-01
1.460000,5.827741900226148797e-01,0.000000000000000000e+00,5.789939341548455687e-01,9.976776432443279496e-01,0.000000000000000000e+00,6.811255516014327882e-02,0.000000000000000000e+00,-1.556137924128435879e+00,-4.826148813710233465e-02,-2.378869843628646230e-02,1.934401126166519269e+00,-3.551246413213670072e-01,-2.044802545875562885e-02,-1.586249481374653714e+00,-1.546896521450645694e-05,-1.196441531301013065e-05,1.950497787165225372e+00,-3.145284591521716466e-01,-1.659890924827538830e-05,4.373974639015996285e-02,-4.675701664270942581e-02,3.912369469387573240e-01,-6.724930980503944777e-01,2.981924430307151819e-01,1.184359049248090878e+00,1.397423677795362140e+00,1.010018881137920488e+00,-2.320099043726728816e-01,-2.666242712796993430e-01,-6.208709729896709772e-01,-3.747925684831988624e-01,-9.613055068046685303e-01,1.665642419392089124e+00,-2.256150492281767395e-01,-2.920215672271971874e-01,3.309906331694755233e-01
1.470000,5.842348436053811378e-01,0.000000000000000000e+00,5.706494248519186074e-01,9.976776432443279496e-01,0.000000000000000000e+00,6.811255516014327882e-02,0.000000000000000000e+00,-1.506274800395457136e+00,-4.685443937872665887e-02,-2.497258754290519744e-02,1.866944526747736699e+00,-3.375335913406789512e-01,-1.924450783408159296e-02,-1.530909381291335913e+00,-1.350700990888024634e-05,-1.123266068841626731e-05,1.878558784545565352e+00,-2.979820424436739890e-01,-1.469609366903592818e-05,4.397373560164366535e-02,-4.558001729379312222e-02,3.895005238469649300e-01,-6.267364536259812935e-01,2.963143953636093175e-01,1.185784254187250086e+00,1.401815322470720382e+00,1.012244158698939023e+00,-2.365524501807930169e-01,-2.629095693741472783e-01,-5.653790531702376221e-01,-3.808544959343744263e-01,-9.613042477668002350e-01,1.678545388172762776e+00,-2.249840487702234049e-01,-3.051168489221320335e-01,3.356620637932283269e-01
1.480000,5.860670074039210364e-01,0.000000000000000000e+00,5.631695577572860545e-01,9.976776432443279496e-01,0.000000000000000000e+00,6.811255516014327882e-02,0.000000000000000000e+00,-1.461176365579601066e+00,-4.558970659986193857e-02,-2.604245654126660300e-02,1.804823455431844526e+00,-3.204776662518247221e-01,-1.822388144207022151e-02,-1.480921961195424075e+00,-1.211320107424314483e-05,-1.052600810871760787e-05,1.812233706905079567e+00,-2.816498409536151715e-01,-1.308562937405885328e-05,4.422187938294017823e-02,-4.281896234023348929e-02,3.885456678181861689e-01,-5.800491447661152433e-01,2.943205313821564140e-01,1.187608728909535838e+00,1.406701136416182774e+00,1.013865465194484505e+00,-2.429644223174819428e-01,-2.603577619404280896e-01,-5.124354552518882722e-01,-3.869838358373323683e-01,-9.608446466680587994e-01,1.689970528834933150e+00,-2.244197886504611938e-01,-3.164352356559267943e-01,3.380471513002770712e-01
1.490000,5.883776993804549216e-01,0.000000000000000000e+00,5.569274768206069481e-01,9.976776432443279496e-01,0.000000000000000000e+00,6.811255516014327882e-02,0.000000000000000000e+00,-1.422197615880081978e+00,-4.449548063394670461e-02,-2.691350166794640245e-02,1.752258731410940351e+00,-3.068223805333686327e-01,-1.733855476819744224e-02,-1.437780669382009213e+00,-1.118148035170914698e-05,-9.749574506190278604e-06,1.756162898673798489e+00,-2.686780499753871898e-01,-1.157829535680111302e-05,4.432059410140386235e-02,-3.883111789043838802e-02,3.881738933487754450e-01,-5.326903309569482881e-01,2.930116966077228602e-01,1.189779888417069165e+00,1.412210789712245562e+00,1.014960989969757144e+00,-2.507317702938242077e-01,-2.593024026870192067e-01,-4.641666962946088826e-01,-3.923184701628240623e-01,-9.596570602418560414e-01,1.698719787539920034e+00,-2.240826027213390637e-01,-3.234994538923179896e-01,3.365366536847869683e-01
1.500000,5.912739374972038053e-01,0.000000000000000000e+00,5.522963259915406598e-01,9.976776432443279496e-01,0.000000000000000000e+00,6.811255516014327882e-02,0.000000000000000000e+00,-1.390856555599931488e+00,-4.361528652557816049e-02,-2.749977403428917680e-02,1.713756648881131550e+00,-2.995556176586088859e-01,-1.654595327019079548e-02,-1.403167395972699572e+00,-1.064696051799125948e-05,-8.816141266280318509e-06,1.715325005189464846e+00,-2.623630426768038260e-01,-1.002510650107391689e-05,4.421613688575330020e-02,-3.416558110044545099e-02,3.879247867316776843e-01,-4.849022207580907518e-01,2.932592456106882794e-01,1.192157093792860723e+00,1.418512784539996741e+00,1.015712304617214956e+00,-2.591647274781113119e-01,-2.599372018954441699e-01,-4.228404839349312327e-01,-3.963584351274745954e-01,-9.574263898377085580e-01,1.704712304733147610e+00,-2.242122475072607646e-01,-3.242481021060713009e-01,3.294551559902479387e-01
1.510000,5.948176670217484308e-01,0.000000000000000000e+00,5.492982693799878247e-01,9.976776432443279496e-01,0.000000000000000000e+00,6.811255516014327882e-02,0.000000000000000000e+00,-1.367727749818539174e+00,-4.297147763000987858e-02,-2.778903076424076024e-02,1.690612906644737068e+00,-2.994444167326224537e-01,-1.583567397586784289e-02,-1.377573688972215216e+00,-1.042092453706014188e-05,-7.838511207756187070e-06,1.691218341015240823e+00,-2.637303481471424127e-01,-8.518203307090784418e-06,3.965041142865127072e-02,-2.742142079933315366e-02,3.856518248609721589e-01,-4.362069476381147948e-01,2.967478332685216103e-01,1.193755223473566218e+00,1.428347268706884110e+00,1.018153033806945107e+00,-2.538946512429605118e-01,-2.584092248005705472e-01,-3.843925186866725685e-01,-3.968108159514579514e-01,-9.548600455703633028e-01,1.705261715502331965e+00,-2.257326637120487811e-01,-3.343059225737680662e-01,3.308903122742689051e-01
1.520000,5.989323204011832713e-01,0.000000000000000000e+00,5.475586562843955951e-01,9.976776432443279496e-01,0.000000000000000000e+00,6.811255516014329270e-02,0.000000000000000000e+00,-1.351564443869591070e+00,-4.253053000561298619e-02,-2.784860963342335530e-02,1.679952819659928043e+00,-3.048785893713183981e-01,-1.520497176605065462e-02,-1.359451832853039388e+00,-1.031551030037596600e-05,-6.986546386211144418e-06,1.680747361404267615e+00,-2.712808087323402839e-01,-7.257677736401226493e-06,3.485463050635127097e-02,-2.073628416462816593e-02,3.812452089807451538e-01,-3.846488767816258481e-01,3.016169246952836169e-01,1.194584428709455359e+00,1.441182790277073744e+00,1.021295020739599879e+00,-2.492713960562845943e-01,-2.559945963920460810e-01,-3.486916179033798247e-01,-3.983980352107456269e-01,-9.517233522221311137e-01,1.709374425841094336e+00,-2.278152699145895577e-01,-3.452859535174599426e-01,3.307002372481196995e-01
1.530000,6.035171463669980474e-01,0.000000000000000000e+00,5.468554084372412305e-01,9.976776432443279496e-01,0.000000000000000000e+00,6.811255516014326494e-02,0.000000000000000000e+00,-1.339888297313060805e+00,-4.222045695492587791e-02,-2.770692222354716877e-02,1.679638788337204369e+00,-3.163614635184799906e-01,-1.456074328414273984e-02,-1.345991563889427978e+00,-8.301128015327200892e-06,-4.505045886927126552e-06,1.681701238428630951e+00,-2.858244931896825047e-01,-4.329647828841121799e-06,2.781697722545237519e-02,-1.503502320370041397e-02,3.802330212692938693e-01,-3.413188724213164771e-01,3.681860363294562344e-01,1.188222732764975920e+00,1.585125159380898152e+00,1.030400320170790085e+00,-2.904262712916367284e-01,-1.970528202542563279e-01,-3.224764091593484983e-01,-4.132342822850971209e-01,-9.471629446106858419e-01,1.752461875137211855e+00,-2.322524925497597426e-01,-3.798042287140884765e-01,3.260232597807793398e-01
1.540000,6.084713936506827014e-01,0.000000000000000000e+00,5.469664475710024343e-01,9.976776432443279496e-01,0.000000000000000000e+00,6.811255516014327882e-02,0.000000000000000000e+00,-1.334213434456662739e+00,-4.208302791322911240e-02,-2.741340224720938135e-02,1.688591580314402929e+00,-3.309951203218754467e-01,-1.402746021679758710e-02,-1.338955529565846181e+00,-8.425211035136660016e-06,-4.502197149510083660e-06,1.692604540665475499e+00,-3.037435804773674364e-01,-4.267465607377874609e-06,2.291737039323436462e-02,-1.410005103121280898e-02,3.807917207559751716e-01,-3.007550369781341604e-01,4.283718033309258377e-01,1.179544331306677352e+00,1.711564852626489497e+00,1.040947872554935705e+00,-3.290378144238984559e-01,-1.427144252828282667e-01,-2.971105445065637118e-01,-4.196285531009314451e-01,-9.442787196388082727e-01,1.776551629647891595e+00,-2.345297389971391644e-01,-4.002514797150780734e-01,3.248632448892340707e-01
1.550000,6.136943109837273980e-01,0.000000000000000000e+00,5.476696954181567989e-01,9.976776432443279496e-01,0.000000000000000000e+00,6.811255516014327882e-02,0.000000000000000000e+00,-1.331491460920861458e+00,-4.203025504726626282e-02,-2.703353475689264721e-02,1.702740749395430742e+00,-3.477788751233660824e-01,-1.353532265756940065e-02,-1.334992641063690311e+00,-9.278047611522737871e-06,-4.665039542409186253e-06,1.709086709951577854e+00,-3.240528134314056841e-01,-4.330025145608180767e-06,1.923344735678060580e-02,-1.485369164429565375e-02,3.815566943886912199e-01,-2.547912294574939951e-01,4.692600388974131342e-01,1.171170624377567249e+00,1.795928523725531356e+00,1.048910071532551447e+00,-3.566896246279160909e-01,-1.053899711044017501e-01,-2.713136896661486608e-01,-4.225615387654502730e-01,-9.421054602165551684e-01,1.792668540668073351e+00,-2.357964024019797433e-01,-4.148582122601797151e-01,3.249514082658945813e-01
1.560000,6.190851470976224125e-01,0.000000000000000000e+00,5.487430737111818058e-01,9.976776432443279496e-01,0.000000000000000000e+00,6.811255516014327882e-02,0.000000000000000000e+00,-1.330353352152756852e+00,-4.202135315746283878e-02,-2.661793648659117884e-02,1.719350112453867929e+00,-3.653892515187495138e-01,-1.307515244129256460e-02,-1.332649256438026786e+00,-1.040102031471275602e-05,-4.683799272131262002e-06,1.728140659262574097e+00,-3.452541711916499723e-01,-4.191076966198311666e-06,1.628405017813549724e-02,-1.676836637478297531e-02,3.829917861235379584e-01,-2.066253911254880837e-01,4.983008933785263994e-01,1.163444764702650014e+00,1.854910560462052160e+00,1.054618365289472059e+00,-3.785506668318320833e-01,-7.811214698002159895e-02,-2.463428661326869384e-01,-4.236849424599882785e-01,-9.404384955910835009e-01,1.804867235332585418e+00,-2.365014794994898528e-01,-4.266348121331584586e-01,3.258380216275630348e-01
1.570000,6.245431507238570212e-01,0.000000000000000000e+00,5.499645041825551584e-01,9.976776432443279496e-01,0.000000000000000000e+00,6.811255516014327882e-02,0.000000000000000000e+00,-1.329545414250099755e+00,-4.202159521904458989e-02,-2.615480632509312175e-02,1.738316557632054282e+00,-3.851358572019006887e-01,-1.257812458293647295e-02,-1.330437786862625149e+00,-1.079036975307331147e-05,-4.550890879339534396e-06,1.749736626265741224e+00,-3.689973740040051187e-01,-3.989803166316593972e-06,1.340900525120990519e-02,-2.063009750856879126e-02,3.859754994030529796e-01,-1.518876315562563140e-01,5.216227566157120021e-01,1.155863166484673688e+00,1.901496680952834639e+00,1.058830234386814118e+00,-3.997842690124333576e-01,-5.435715678395840189e-02,-2.191347599533954582e-01,-4.221290832709083118e-01,-9.391942021206817204e-01,1.812727584410938952e+00,-2.367555411525961162e-01,-4.365618155083271779e-01,3.283877511191800047e-01
1.580000,6.299675705939218329e-01,0.000000000000000000e+00,5.511119085647543381e-01,9.976776432443279496e-01,0.000000000000000000e+00,6.811255516014327882e-02,0.000000000000000000e+00,-1.328109311692641903e+00,-4.200626002638790935e-02,-2.570727106946445878e-02,1.756620370170653755e+00,-4.048850557797032956e-01,-1.206946245038053277e-02,-1.327413809572795644e+00,-1.096833505603932921e-05,-4.491496684790699691e-06,1.770509837341555315e+00,-3.927755353529558957e-01,-3.899922862926852094e-06,1.124696645903790551e-02,-2.538625310155113307e-02,3.890960253361268051e-01,-9.333309982551535322e-02,5.321508965046392037e-01,1.149851427785360425e+00,1.921915154455886787e+00,1.059617983287701959e+00,-4.131570988929377242e-01,-4.052249731125900922e-02,-1.891271334594285258e-01,-4.164743735896953014e-01,-9.385104816897635871e-01,1.810336168200925799e+00,-2.361743068449644600e-01,-4.405355027532025236e-01,3.325725800181540959e-01
1.590000,6.352576554393065678e-01,0.000000000000000000e+00,5.519632085902569374e-01,9.976776432443279496e-01,0.000000000000000000e+00,6.811255516014327882e-02,0.000000000000000000e+00,-1.324999802743810129e+00,-4.195027499397419729e-02,-2.531709616631344986e-02,1.772033652578693941e+00,-4.234337481472678633e-01,-1.154771120696564991e-02,-1.322508981136101047e+00,-1.107655533347787442e-05,-4.577192816106571327e-06,1.788026887889395011e+00,-4.151994928263312845e-01,-3.969665379453329667e-06,9.793572260735758025e-03,-2.995285330682144823e-02,3.911773900942452364e-01,-3.148512800843841775e-02,5.257531575708725979e-01,1.146602475287014089e+00,1.907878980181248352e+00,1.055515235615464453e+00,-4.131060727531046251e-01,-4.098400151562534011e-02,-1.549050988700980958e-01,-4.057096401007740938e-01,-9.382356893436041290e-01,1.793260091491109431e+00,-2.346761365259992516e-01,-4.357341528624341098e-01,3.381386558821475874e-01
1.600000,6.403126539915013904e-01,0.000000000000000000e+00,5.522963259915406598e-01,9.976776432443279496e-01,0.000000000000000000e+00,6.811255516014327882e-02,0.000000000000000000e+00,-1.319227473496721759e+00,-4.183123155923187952e-02,-2.502299808498507916e-02,1.782443026626568061e+00,-4.396544933170963843e-01,-1.101050979797368011e-02,-1.314733291620737043e+00,-1.112167871260054851e-05,-4.829708605467238074e-06,1.799992055957809312e+00,-4.349601738980954369e-01,-4.207663644718478131e-06,8.932116256333276147e-03,-3.380236029480518378e-02,3.916038078081126583e-01,3.250139721493627842e-02,5.009821687157068881e-01,1.146578685814220844e+00,1.855950159369113672e+00,1.046521376511071688e+00,-3.958412820514264907e-01,-5.744405951844818586e-02,-1.154069882858116541e-01,-3.888282778363522096e-01,-9.382699302895806115e-01,1.757790146274228027e+00,-2.323290852020243880e-01,-4.197912717200124599e-01,3.449764052022873395e-01
