0.000000,-2.845284184946346440e-03,-4.175221447515762435e-02,1.168851899589412879e-01,-4.919131668382697997e-01,-5.156522282356774678e-01,-4.710901956392391510e-01,5.198059670485793982e-01,4.119250000000018730e-03,3.973295155181015281e-01,1.161253475604134611e+00,4.994145344209363624e-01,1.635973309437889212e-01,-8.070753781549606237e-03,1.764549999999998064e-02,-5.856599773245905194e-01,-1.183192996495832761e+00,5.650454175960930581e-01,2.683545784648035948e-01,7.512581659904013498e-02,-2.618000000000009209e-02,-9.481688435672812332e-02,7.016008341136353854e-02,-1.951678999999999942e+00,1.612189950000000316e+00,-3.727147542463833396e-01,-1.672403510522770254e-01,3.755262832810600526e-03,2.656977598005937913e-01,1.449764868969994069e-01,-2.072630600000000101e+00,-1.554594449999999961e+00,4.975047663380144369e-01,-2.595701471411055450e-01,-1.309115263512907468e-01,4.157839197706916234e-01,-9.276355269587638341e-02
0.010000,-2.845985919427970485e-03,-4.175338403262699588e-02,1.168844253103817343e-01,-4.919131668382697997e-01,-5.156522282356774678e-01,-4.710901956392391510e-01,5.198059670485793982e-01,4.118314354024520292e-03,3.973295155181015281e-01,1.161253475604134611e+00,4.994139496422016489e-01,1.635973309437889212e-01,-8.070753781549606237e-03,1.764760520344485148e-02,-5.856590416786150444e-01,-1.183190423469400177e+00,5.650493940914889102e-01,2.683531749958403267e-01,7.512581659904013498e-02,-2.618102336278579217e-02,-9.481637267533526980e-02,7.016037580073088142e-02,-1.951682216283040727e+00,1.612188488053163615e+00,-3.727132922995466391e-01,-1.672432749459504542e-01,3.755262832810600526e-03,2.656965902431244198e-01,1.449764868969994069e-01,-2.072629430442530563e+00,-1.554593719026581500e+00,4.975047663380144369e-01,-2.595675156367994729e-01,-1.309115263512907468e-01,4.157839197706916234e-01,-9.276355269587638341e-02
0.020000,-2.850744127945769105e-03,-4.176131438015666386e-02,1.168792404891768055e-01,-4.919131668382697997e-01,-5.156522282356774678e-01,-4.710901956392391510e-01,5.198059670485793982e-01,4.111970076000788510e-03,3.973295155181015281e-01,1.161253475604134611e+00,4.994099844684368184e-01,1.635973309437889212e-01,-8.070753781549606237e-03,1.766187982899824691e-02,-5.856526974005913377e-01,-1.183172976704834900e+00,5.650763572730898021e-01,2.683436585788047668e-01,7.512581659904013498e-02,-2.618796241687424906e-02,-9.481290314829105004e-02,7.016235838761329668e-02,-1.951704024738747378e+00,1.612178575118751400e+00,-3.727033793651345350e-01,-1.672631008147746345e-01,3.755262832810600526e-03,2.656886598955947587e-01,1.449764868969994069e-01,-2.072621500095000791e+00,-1.554588762559375503e+00,4.975047663380144369e-01,-2.595496723548577078e-01,-1.309115263512907468e-01,4.157839197706916234e-01,-9.276355269587638341e-02
0.030000,-2.863199694443338203e-03,-4.178207365765260889e-02,1.168656680544376131e-01,-4.919131668382697997e-01,-5.156522282356774678e-01,-4.710901956392391510e-01,5.198059670485793982e-01,4.095362654004029712e-03,3.973295155181015281e-01,1.161253475604134611e+00,4.993996048296888701e-01,1.635973309437889212e-01,-8.070753781549606237e-03,1.769924652849095420e-02,-5.856360899785945096e-01,-1.183127306294343706e+00,5.651469388165759611e-01,2.683187474458096355e-01,7.512581659904013498e-02,-2.620612678468320356e-02,-9.480382096438656758e-02,7.016754820698728468e-02,-1.951761112751861038e+00,1.612152626021881474e+00,-3.726774302682646089e-01,-1.673149990085144867e-01,3.755262832810600526e-03,2.656679006180988067e-01,1.449764868969994069e-01,-2.072600740817505116e+00,-1.554575788010940540e+00,4.975047663380144369e-01,-2.595029639804918298e-01,-1.309115263512907468e-01,4.157839197706916234e-01,-9.276355269587638341e-02
0.040000,-2.886555738429404713e-03,-4.182100039762938481e-02,1.168402172330004901e-01,-4.919131668382697997e-01,-5.156522282356774678e-01,-4.710901956392391510e-01,5.198059670485793982e-01,4.064221262022608278e-03,3.973295155181015281e-01,1.161253475604134611e+00,4.993801414597004995e-01,1.635973309437889212e-01,-8.070753781549606237e-03,1.776931466044915503e-02,-5.856049485866131610e-01,-1.183041667466394831e+00,5.652792897324970811e-01,2.682720353578375017e-01,7.512581659904013498e-02,-2.624018768216288683e-02,-9.478679051564672942e-02,7.017727989198148386e-02,-1.951868161286797410e+00,1.612103967596910659e+00,-3.726287718432936269e-01,-1.674123158584564508e-01,3.755262832810600526e-03,2.656289738781220100e-01,1.449764868969994069e-01,-2.072561814077528375e+00,-1.554551458798455243e+00,4.975047663380144369e-01,-2.594153788155441065e-01,-1.309115263512907468e-01,4.157839197706916234e-01,-9.276355269587638341e-02
0.050000,-2.923594782210566997e-03,-4.188273213726465688e-02,1.167998549076799397e-01,-4.919131668382697997e-01,-5.156522282356774678e-01,-4.710901956392391510e-01,5.198059670485793982e-01,4.014835870314391320e-03,3.973295155181015281e-01,1.161253475604134611e+00,4.993492755898828461e-01,1.635973309437889212e-01,-8.070753781549606237e-03,1.788043179179264405e-02,-5.855555631949048712e-01,-1.182905857639197311e+00,5.654891776472569243e-01,2.681979572702751780e-01,7.512581659904013498e-02,-2.629420295434374555e-02,-9.475978287955630353e-02,7.019271282689029667e-02,-1.952037923570794309e+00,1.612026802922366553e+00,-3.725516071687495767e-01,-1.675666452075446067e-01,3.755262832810600526e-03,2.655672421384867588e-01,1.449764868969994069e-01,-2.072500082337893179e+00,-1.554512876461183080e+00,4.975047663380144369e-01,-2.592764824013646940e-01,-1.309115263512907468e-01,4.157839197706916234e-01,-9.276355269587638341e-02
0.060000,-2.976695918124035254e-03,-4.197123403045377454e-02,1.167419865786219202e-01,-4.919131668382697997e-01,-5.156522282356774678e-01,-4.710901956392391510e-01,5.198059670485793982e-01,3.944034355763100311e-03,3.973295155181015281e-01,1.161253475604134611e+00,4.993050246432882977e-01,1.635973309437889212e-01,-8.070753781549606237e-03,1.803973519953304752e-02,-5.854847616803535715e-01,-1.182711153474181209e+00,5.657900840840999201e-01,2.680917549984482284e-01,7.512581659904013498e-02,-2.637164211088422264e-02,-9.472106330128605978e-02,7.021483830018757089e-02,-1.952281303777064325e+00,1.611916175555880182e+00,-3.724409798022631501e-01,-1.677878999405174043e-01,3.755262832810600526e-03,2.654787402452976619e-01,1.449764868969994069e-01,-2.072411580444704082e+00,-1.554457562777940005e+00,4.975047663380144369e-01,-2.590773531416892261e-01,-1.309115263512907468e-01,4.157839197706916234e-01,-9.276355269587638341e-02
0.070000,-3.047851975770371046e-03,-4.208982745986433044e-02,1.166644373401889562e-01,-4.919131668382697997e-01,-5.156522282356774678e-01,-4.710901956392391510e-01,5.198059670485793982e-01,3.849159612234652299e-03,3.973295155181015281e-01,1.161253475604134611e+00,4.992457279285830163e-01,1.635973309437889212e-01,-8.070753781549606237e-03,1.825320337247205577e-02,-5.853898869368251434e-01,-1.182450247929478060e+00,5.661933017440958782e-01,2.679494428831555308e-01,7.512581659904013498e-02,-2.647541136161846165e-02,-9.466917867591893854e-02,7.024448665754021159e-02,-1.952607435707943484e+00,1.611767933769116867e+00,-3.722927380154999466e-01,-1.680843835140438114e-01,3.755262832810600526e-03,2.653601468158870991e-01,1.449764868969994069e-01,-2.072292987015293519e+00,-1.554383441884558348e+00,4.975047663380144369e-01,-2.588105179255154598e-01,-1.309115263512907468e-01,4.157839197706916234e-01,-9.276355269587638341e-02
0.080000,-3.138686689246226406e-03,-4.224121864899076095e-02,1.165654329063951639e-01,-4.919131668382697997e-01,-5.156522282356774678e-01,-4.710901956392391510e-01,5.198059670485793982e-01,3.728046660933511964e-03,3.973295155181015281e-01,1.161253475604134611e+00,4.991700323340197976e-01,1.635973309437889212e-01,-8.070753781549606237e-03,1.852570751289962098e-02,-5.852687739855240157e-01,-1.182117187313399764e+00,5.667080317871256989e-01,2.677677734562038392e-01,7.512581659904013498e-02,-2.660787865210408401e-02,-9.460294503067612215e-02,7.028233445482182096e-02,-1.953023761478041020e+00,1.611578694782708876e+00,-3.721034990290918998e-01,-1.684628614868598495e-01,3.755262832810600526e-03,2.652087556267606616e-01,1.449764868969994069e-01,-2.072141595826166860e+00,-1.554288822391354241e+00,4.975047663380144369e-01,-2.584698877499809755e-01,-1.309115263512907468e-01,4.157839197706916234e-01,-9.276355269587638341e-02
0.090000,-3.250471864377085535e-03,-4.242752727420885661e-02,1.165072461397023834e-01,-4.919131668382697997e-01,-5.156522282356774678e-01,-4.710901956392391510e-01,5.198059670485793982e-01,3.578999760759033269e-03,3.973295155181015281e-01,1.161253475604134611e+00,4.990768780214107636e-01,1.635973309437889212e-01,-8.070753781549606237e-03,1.886106303829219663e-02,-5.851197270853495391e-01,-1.181707308337920148e+00,5.673414811128671964e-01,2.675442031059421244e-01,7.512581659904013498e-02,-2.677089869916992118e-02,-9.452143500714321744e-02,7.032891161112633793e-02,-1.953536110197390929e+00,1.611345809001186291e+00,-3.718706132475693149e-01,-1.689286330499051025e-01,3.755262832810600526e-03,2.650224470015425382e-01,1.449764868969994069e-01,-2.071955287200948792e+00,-1.554172379500593060e+00,4.975047663380144369e-01,-2.580506933432402672e-01,-1.309115263512907468e-01,4.157839197706916234e-01,-9.276355269587638341e-02
0.100000,-3.384144545950003476e-03,-4.265031507683038348e-02,1.165121839563093564e-01,-4.919131668382697997e-01,-5.156522282356774678e-01,-4.710901956392391510e-01,5.198059670485793982e-01,3.400769518661808915e-03,3.973295155181015281e-01,1.161253475604134611e+00,4.989654841201000002e-01,1.635973309437889212e-01,-8.070753781549606237e-03,1.926208108301095262e-02,-5.849414968432523620e-01,-1.181217175172152745e+00,5.680989596417804766e-01,2.672768577427963033e-01,7.512581659904013498e-02,-2.696583802646376066e-02,-9.442396534349628556e-02,7.038460856178173353e-02,-1.954148776654599962e+00,1.611067324247909438e+00,-3.715921284942924063e-01,-1.694856025564589475e-01,3.755262832810600526e-03,2.647996591989210113e-01,1.449764868969994069e-01,-2.071732499398327487e+00,-1.554033137123954411e+00,4.975047663380144369e-01,-2.575494207873418318e-01,-1.309115263512907468e-01,4.157839197706916234e-01,-9.276355269587638341e-02
0.110000,-3.540324184946346507e-03,-4.291061447515762128e-02,1.165272735823940503e-01,-4.919131668382697997e-01,-5.156522282356774678e-01,-4.710901956392391510e-01,5.198059670485793982e-01,3.192530000000018929e-03,3.973295155181015281e-01,1.161253475604134611e+00,4.988353344209363605e-01,1.635973309437889212e-01,-8.070753781549606237e-03,1.973061999999997998e-02,-5.847332573245904719e-01,-1.180644516495832796e+00,5.689839775960930934e-01,2.669644984648035790e-01,7.512581659904013498e-02,-2.719360000000009200e-02,-9.431008435672812162e-02,7.044968341136353951e-02,-1.954864600000000063e+00,1.610741950000000422e+00,-3.712667542463833348e-01,-1.701363510522770350e-01,3.755262832810600526e-03,2.645393598005937874e-01,1.449764868969994069e-01,-2.071472200000000097e+00,-1.553870450000000014e+00,4.975047663380144369e-01,-2.569637471411055363e-01,-1.309115263512907468e-01,4.157839197706916234e-01,-9.276355269587638341e-02
0.120000,-3.719329805774530817e-03,-4.320895717653792933e-02,1.165533445266117435e-01,-4.919131668382697997e-01,-5.156522282356774678e-01,-4.710901956392391510e-01,5.198059670485793982e-01,2.953855838895772315e-03,3.973295155181015281e-01,1.161253475604134611e+00,4.986861630702462134e-01,1.635973309437889212e-01,-8.070753781549606237e-03,2.026763686248453378e-02,-5.844945831634862365e-01,-1.179988162552796149e+00,5.699983427807860936e-01,2.666064872231472260e-01,7.512581659904013498e-02,-2.745464986370785981e-02,-9.417955942487424292e-02,7.052426908670861305e-02,-1.955685042428795928e+00,1.610369021623274888e+00,-3.708938258696579671e-01,-1.708822078057277982e-01,3.755262832810600526e-03,2.642410170992134932e-01,1.449764868969994069e-01,-2.071173857298619581e+00,-1.553683985811637136e+00,4.975047663380144369e-01,-2.562924760629998744e-01,-1.309115263512907468e-01,4.157839197706916234e-01,-9.276355269587638341e-02
0.130000,-3.921197173502766371e-03,-4.354540278941832626e-02,1.165910369482418413e-01,-4.919131668382697997e-01,-5.156522282356774678e-01,-4.710901956392391510e-01,5.198059670485793982e-01,2.684699348591458243e-03,3.973295155181015281e-01,1.161253475604134611e+00,4.985179402638060253e-01,1.635973309437889212e-01,-8.070753781549606237e-03,2.087323896566924131e-02,-5.842254266731820023e-01,-1.179247982204459255e+00,5.711422578645793946e-01,2.662027524876907636e-01,7.512581659904013498e-02,-2.774903977497820279e-02,-9.403236446923907144e-02,7.060838048992870708e-02,-1.956610267864216990e+00,1.609948464607174445e+00,-3.704732688535574692e-01,-1.717233218379287663e-01,3.755262832810600526e-03,2.639045714863330616e-01,1.449764868969994069e-01,-2.070837411685739315e+00,-1.553473707303587137e+00,4.975047663380144369e-01,-2.555354734340189449e-01,-1.309115263512907468e-01,4.157839197706916234e-01,-9.276355269587638341e-02
0.140000,-4.145695961091791677e-03,-4.391956743540003510e-02,1.166407841209859408e-01,-4.919131668382697997e-01,-5.156522282356774678e-01,-4.710901956392391510e-01,5.198059670485793982e-01,2.385367631806092036e-03,3.973295155181015281e-01,1.161253475604134611e+00,4.983308579408151640e-01,1.635973309437889212e-01,-8.070753781549606237e-03,2.154673532843631376e-02,-5.839260949563965797e-01,-1.178424819983299399e+00,5.724144176609172741e-01,2.657537549125126852e-01,7.512581659904013498e-02,-2.807643384021219976e-02,-9.386866743662207468e-02,7.070192165142413776e-02,-1.957639220640666533e+00,1.609480758799697320e+00,-3.700055630460803435e-01,-1.726587334528830453e-01,3.755262832810600526e-03,2.635304068403513944e-01,1.449764868969994069e-01,-2.070463247039757704e+00,-1.553239854399848463e+00,4.975047663380144369e-01,-2.546936029805600965e-01,-1.309115263512907468e-01,4.157839197706916234e-01,-9.276355269587638341e-02
0.150000,-4.392346916627614187e-03,-4.433065236129307002e-02,1.167028022265111931e-01,-4.919131668382697997e-01,-5.156522282356774678e-01,-4.710901956392391510e-01,5.198059670485793982e-01,2.056499691091661156e-03,3.973295155181015281e-01,1.161253475604134611e+00,4.981253154778686465e-01,1.635973309437889212e-01,-8.070753781549606237e-03,2.228668819504378562e-02,-5.835972270156821740e-01,-1.177520433146334700e+00,5.738121064089535261e-01,2.652604530014410766e-01,7.512581659904013498e-02,-2.843613315036860878e-02,-9.368881778154386497e-02,7.080469288289739649e-02,-1.958769704186872351e+00,1.608966902642330998e+00,-3.694917068887140221e-01,-1.736864457676156603e-01,3.755262832810600526e-03,2.631193219144583595e-01,1.449764868969994069e-01,-2.070052162113864558e+00,-1.552982926321165191e+00,4.975047663380144369e-01,-2.537686618973007957e-01,-1.309115263512907468e-01,4.157839197706916234e-01,-9.276355269587638341e-02
0.160000,-4.660439030554259371e-03,-4.477747255117080910e-02,1.167770886643921951e-01,-4.919131668382697997e-01,-5.156522282356774678e-01,-4.710901956392391510e-01,5.198059670485793982e-01,1.699043539189468155e-03,3.973295155181015281e-01,1.161253475604134611e+00,4.979019053829297770e-01,1.635973309437889212e-01,-8.070753781549606237e-03,2.309096453682371944e-02,-5.832397708637799827e-01,-1.176537428728603674e+00,5.753312950545379501e-01,2.647242687735877897e-01,7.512581659904013498e-02,-2.882710081651163048e-02,-9.349333394847235412e-02,7.091639793036683126e-02,-1.959998459709036300e+00,1.608408377404983769e+00,-3.689331816513668483e-01,-1.748034962423100080e-01,3.755262832810600526e-03,2.626725017245806204e-01,1.449764868969994069e-01,-2.069605341923987041e+00,-1.552703663702491799e+00,4.975047663380144369e-01,-2.527633164700758828e-01,-1.309115263512907468e-01,4.157839197706916234e-01,-9.276355269587638341e-02
0.170000,-4.949046702906495510e-03,-4.525848533842453947e-02,1.168634260492552174e-01,-4.919131668382697997e-01,-5.156522282356774678e-01,-4.710901956392391510e-01,5.198059670485793982e-01,1.314233309386486637e-03,3.973295155181015281e-01,1.161253475604134611e+00,4.976613989893028944e-01,1.635973309437889212e-01,-8.070753781549606237e-03,2.395678755388042785e-02,-5.828549606339770150e-01,-1.175479200596645457e+00,5.769667385312006180e-01,2.641470534288832828e-01,7.512581659904013498e-02,-2.924798700535864368e-02,-9.328289085404885272e-02,7.103665112718027252e-02,-1.961321244873984071e+00,1.607807111420916701e+00,-3.683319156672997252e-01,-1.760060282104443097e-01,3.755262832810600526e-03,2.621914889373268553e-01,1.449764868969994069e-01,-2.069124329136733387e+00,-1.552403030710458154e+00,4.975047663380144369e-01,-2.516810376987549946e-01,-1.309115263512907468e-01,4.157839197706916234e-01,-9.276355269587638341e-02
0.180000,-5.257046910542585369e-03,-4.577181901781802315e-02,1.169613958671443105e-01,-4.919131668382697997e-01,-5.156522282356774678e-01,-4.710901956392391510e-01,5.198059670485793982e-01,9.035663658717003020e-04,3.973295155181015281e-01,1.161253475604134611e+00,4.974047321496061769e-01,1.635973309437889212e-01,-8.070753781549606237e-03,2.488078817678869570e-02,-5.824442936904622448e-01,-1.174349866501979811e+00,5.787120730411383640e-01,2.635310530136111273e-01,7.512581659904013498e-02,-2.969715397482794103e-02,-9.305830736931419711e-02,7.116498454702863130e-02,-1.962732912492316073e+00,1.607165444321674741e+00,-3.676902485680578758e-01,-1.772893624089280085e-01,3.755262832810600526e-03,2.616781552579333647e-01,1.449764868969994069e-01,-2.068610995457339730e+00,-1.552082197160837174e+00,4.975047663380144369e-01,-2.505260369201196546e-01,-1.309115263512907468e-01,4.157839197706916234e-01,-9.276355269587638341e-02
0.190000,-5.583136374377023134e-03,-4.631530145754208377e-02,1.170703976085446379e-01,-4.919131668382697997e-01,-5.156522282356774678e-01,-4.710901956392391510e-01,5.198059670485793982e-01,4.687804140924498042e-04,3.973295155181015281e-01,1.161253475604134611e+00,4.971329909297441119e-01,1.635973309437889212e-01,-8.070753781549606237e-03,2.585905656829200899e-02,-5.820095077386829852e-01,-1.173154205134586903e+00,5.805599133362002728e-01,2.628788740859422379e-01,7.512581659904013498e-02,-3.017270110958649582e-02,-9.282053380193491798e-02,7.130085515695964993e-02,-1.964227489201557209e+00,1.606486091272019801e+00,-3.670108955184027688e-01,-1.786480685082381670e-01,3.755262832810600526e-03,2.611346728182093457e-01,1.449764868969994069e-01,-2.068067513017615600e+00,-1.551742520636009592e+00,4.975047663380144369e-01,-2.493032014307405009e-01,-1.309115263512907468e-01,4.157839197706916234e-01,-9.276355269587638341e-02
0.200000,-5.925848726613272208e-03,-4.688648871126916556e-02,1.171896726178938142e-01,-4.919131668382697997e-01,-5.156522282356774678e-01,-4.710901956392391510e-01,5.198059670485793982e-01,1.183061111078523991e-05,3.973295155181015281e-01,1.161253475604134611e+00,4.968473973028805779e-01,1.635973309437889212e-01,-8.070753781549606237e-03,2.688719362500075621e-02,-5.815525579357012642e-01,-1.171897593176387309e+00,5.825019499988722815e-01,2.621934493814697675e-01,7.512581659904013498e-02,-3.067248995659769412e-02,-9.257063937842932577e-02,7.144365197039143078e-02,-1.965798254149306645e+00,1.605772107204860966e+00,-3.662969114512438784e-01,-1.800760366425558923e-01,3.755262832810600526e-03,2.605634855644822778e-01,1.449764868969994069e-01,-2.067496325763888532e+00,-1.551385528602430286e+00,4.975047663380144369e-01,-2.480180301098545703e-01,-1.309115263512907468e-01,4.157839197706916234e-01,-9.276355269587638341e-02
0.210000,-6.283571677976503879e-03,-4.748269363020788530e-02,1.173183309547436298e-01,-4.919131668382697997e-01,-5.156522282356774678e-01,-4.710901956392391510e-01,5.198059670485793982e-01,-4.651333240401909000e-04,3.973295155181015281e-01,1.161253475604134611e+00,4.965492948434112597e-01,1.635973309437889212e-01,-8.070753781549606237e-03,2.796036247909045036e-02,-5.810755940005503106e-01,-1.170585942354722242e+00,5.845290467232640008e-01,2.614780034787432816e-01,7.512581659904013498e-02,-3.119416926066907042e-02,-9.230979972639363762e-02,7.159270320012610378e-02,-1.967437817676388256e+00,1.605026851056187365e+00,-3.655516553025704996e-01,-1.815665489399026777e-01,3.755262832810600526e-03,2.599672806455435303e-01,1.449764868969994069e-01,-2.066900120844949562e+00,-1.551012900528093486e+00,4.975047663380144369e-01,-2.466765690422424440e-01,-1.309115263512907468e-01,4.157839197706916234e-01,-9.276355269587638341e-02
0.220000,-6.654564184946346397e-03,-4.810101447515762602e-02,1.174553795507544546e-01,-4.919131668382697997e-01,-5.156522282356774678e-01,-4.710901956392391510e-01,5.198059670485793982e-01,-9.597899999999812137e-04,3.973295155181015281e-01,1.161253475604134611e+00,4.962401344209363407e-01,1.635973309437889212e-01,-8.070753781549606237e-03,2.907333999999998225e-02,-5.805809373245904847e-01,-1.169225636495832665e+00,5.866313375960930943e-01,2.607360184648035983e-01,7.512581659904013498e-02,-3.173520000000008834e-02,-9.203928435672811825e-02,7.174728341136353549e-02,-1.969138199999999950e+00,1.604253950000000373e+00,-3.647787542463833410e-01,-1.831123510522770226e-01,3.755262832810600526e-03,2.593489598005938035e-01,1.449764868969994069e-01,-2.066281800000000057e+00,-1.550626449999999990e+00,4.975047663380144369e-01,-2.452853471411055586e-01,-1.309115263512907468e-01,4.157839197706916234e-01,-9.276355269587638341e-02
0.230000,-7.036973616989611498e-03,-4.873836352856306120e-02,1.175997500968448267e-01,-4.919131668382697997e-01,-5.156522282356774678e-01,-4.710901956392391510e-01,5.198059670485793982e-01,-1.469669242724335259e-03,3.973295155181015281e-01,1.161253475604134611e+00,4.959214598942336405e-01,1.635973309437889212e-01,-8.070753781549606237e-03,3.022056829612977669e-02,-5.800710580818662088e-01,-1.167823468578340851e+00,5.887983243776715447e-01,2.599711996007170733e-01,7.512581659904013498e-02,-3.229288042172985540e-02,-9.176044414586323472e-02,7.190662067471489949e-02,-1.970890909896864773e+00,1.603457263683243372e+00,-3.639820679296265071e-01,-1.847057236857906348e-01,3.755262832810600526e-03,2.587116107471883475e-01,1.449764868969994069e-01,-2.065644450946594546e+00,-1.550228106841621489e+00,4.975047663380144369e-01,-2.438513117709432965e-01,-1.309115263512907468e-01,4.157839197706916234e-01,-9.276355269587638341e-02
0.240000,-7.428852923793046077e-03,-4.939149570656879012e-02,1.177503254054759474e-01,-4.919131668382697997e-01,-5.156522282356774678e-01,-4.710901956392391510e-01,5.198059670485793982e-01,-1.992174985128914409e-03,3.973295155181015281e-01,1.161253475604134611e+00,4.955948938052308073e-01,1.635973309437889212e-01,-8.070753781549606237e-03,3.139620621654008042e-02,-5.795485523394615646e-01,-1.166386577786728163e+00,5.910189737828910328e-01,2.591874409871102181e-01,7.512581659904013498e-02,-3.286437107748486214e-02,-9.147469881798574176e-02,7.206990371921632998e-02,-1.972687023386380689e+00,1.602640848460736400e+00,-3.631656527071193685e-01,-1.863385541308049398e-01,3.755262832810600526e-03,2.580584785691826255e-01,1.449764868969994069e-01,-2.064991318768588879e+00,-1.549819899230368003e+00,4.975047663380144369e-01,-2.423817643704304081e-01,-1.309115263512907468e-01,4.157839197706916234e-01,-9.276355269587638341e-02
0.250000,-7.828177802496064791e-03,-5.005703717107382045e-02,1.179059633779525468e-01,-4.919131668382697997e-01,-5.156522282356774678e-01,-4.710901956392391510e-01,5.198059670485793982e-01,-2.524608156732941096e-03,3.973295155181015281e-01,1.161253475604134611e+00,4.952621230729782886e-01,1.635973309437889212e-01,-8.070753781549606237e-03,3.259418085264913917e-02,-5.790161191678575570e-01,-1.164922386564817058e+00,5.932818147622080929e-01,2.583887912297041511e-01,7.512581659904013498e-02,-3.344671985892676280e-02,-9.118352442726478102e-02,7.223628908534258930e-02,-1.974517262413769458e+00,1.601808921630105020e+00,-3.623337258764880997e-01,-1.880024077920675052e-01,3.755262832810600526e-03,2.573929371046775882e-01,1.449764868969994069e-01,-2.064325777304083953e+00,-1.549403935815052424e+00,4.975047663380144369e-01,-2.408842960752941020e-01,-1.309115263512907468e-01,4.157839197706916234e-01,-9.276355269587638341e-02
0.260000,-8.232863864923497393e-03,-5.073151394178620349e-02,1.180655178265669486e-01,-4.919131668382697997e-01,-5.156522282356774678e-01,-4.710901956392391510e-01,5.198059670485793982e-01,-3.064189573302848052e-03,3.973295155181015281e-01,1.161253475604134611e+00,4.949248846876220798e-01,1.635973309437889212e-01,-8.070753781549606237e-03,3.380823903993143004e-02,-5.784765377512877116e-01,-1.163438537669249984e+00,5.955750357826302688e-01,2.575794191048492721e-01,7.512581659904013498e-02,-3.403688703330010057e-02,-9.088844084007811908e-02,7.240490827802067986e-02,-1.976372073533228413e+00,1.600965825666714526e+00,-3.614906299130976053e-01,-1.896885997188484940e-01,3.755262832810600526e-03,2.567184603339652260e-01,1.449764868969994069e-01,-2.063651300533371646e+00,-1.548982387833357066e+00,4.975047663380144369e-01,-2.393667233411912454e-01,-1.309115263512907468e-01,4.157839197706916234e-01,-9.276355269587638341e-02
0.270000,-8.640783804818315261e-03,-5.141138050827756545e-02,1.182278559961229825e-01,-4.919131668382697997e-01,-5.156522282356774678e-01,-4.710901956392391510e-01,5.198059670485793982e-01,-3.608082826495938832e-03,3.973295155181015281e-01,1.161253475604134611e+00,4.945849514043764161e-01,1.635973309437889212e-01,-8.070753781549606237e-03,3.503199885961588711e-02,-5.779326444980945610e-01,-1.161942831222968930e+00,5.978865821087009369e-01,2.567635792250596571e-01,7.512581659904013498e-02,-3.463177027898004662e-02,-9.059099921723814952e-02,7.257487491964352555e-02,-1.978241706591079785e+00,1.600115992458600367e+00,-3.606407967049833907e-01,-1.913882661350768954e-01,3.755262832810600526e-03,2.560385937674738432e-01,1.449764868969994069e-01,-2.062971433966880319e+00,-1.548557471229299987e+00,4.975047663380144369e-01,-2.378370235665856758e-01,-1.309115263512907468e-01,4.157839197706916234e-01,-9.276355269587638341e-02
0.280000,-9.049784565074381337e-03,-5.209304844203768020e-02,1.183918728982673585e-01,-4.919131668382697997e-01,-5.156522282356774678e-01,-4.710901956392391510e-01,5.198059670485793982e-01,-4.153417173504026644e-03,3.973295155181015281e-01,1.161253475604134611e+00,4.942441174374963553e-01,1.635973309437889212e-01,-8.070753781549606237e-03,3.625900114038407840e-02,-5.773873101510864636e-01,-1.160443161768696552e+00,6.002042530834852396e-01,2.559455777045475111e-01,7.512581659904013498e-02,-3.522822972102014616e-02,-9.029276949621810322e-02,7.274529190308355597e-02,-1.980116293408920036e+00,1.599263907541400354e+00,-3.597887117877832663e-01,-1.930924359694771719e-01,3.755262832810600526e-03,2.553569258337137216e-01,1.449764868969994069e-01,-2.062289766033120308e+00,-1.548131428770699980e+00,4.975047663380144369e-01,-2.363032707156254020e-01,-1.309115263512907468e-01,4.157839197706916234e-01,-9.276355269587638341e-02
0.290000,-9.457704504969195736e-03,-5.277291500852904216e-02,1.185565560510056238e-01,-4.919131668382697997e-01,-5.156522282356774678e-01,-4.710901956392391510e-01,5.198059670485793982e-01,-4.697310426697116556e-03,3.973295155181015281e-01,1.161253475604134611e+00,4.939041841542506361e-01,1.635973309437889212e-01,-8.070753781549606237e-03,3.748276096006852853e-02,-5.768434168978934240e-01,-1.158947455322415721e+00,6.025157994095559078e-01,2.551297378247578962e-01,7.512581659904013498e-02,-3.582311296670008527e-02,-8.999532787337813367e-02,7.291525854470640167e-02,-1.981985926466771408e+00,1.598414074333285972e+00,-3.589388785796690517e-01,-1.947921023857055733e-01,3.755262832810600526e-03,2.546770592672223943e-01,1.449764868969994069e-01,-2.061609899466628537e+00,-1.547706512166642900e+00,4.975047663380144369e-01,-2.347735709410198601e-01,-1.309115263512907468e-01,4.157839197706916234e-01,-9.276355269587638341e-02
0.300000,-9.862390567396624869e-03,-5.344739177924141826e-02,1.187273896922862310e-01,-4.919131668382697997e-01,-5.156522282356774678e-01,-4.710901956392391510e-01,5.198059670485793982e-01,-5.236891843267019175e-03,3.973295155181015281e-01,1.161253475604134611e+00,4.935669457688944828e-01,1.635973309437889212e-01,-8.070753781549606237e-03,3.869681914735081940e-02,-5.763038354813234676e-01,-1.157463606426848424e+00,6.048090204299779726e-01,2.543203656999030171e-01,7.512581659904013498e-02,-3.641328014107341610e-02,-8.970024428619145784e-02,7.308387773738449222e-02,-1.983840737586230363e+00,1.597570978369895478e+00,-3.580957826162786128e-01,-1.964782943124865344e-01,3.755262832810600526e-03,2.540025824965099766e-01,1.449764868969994069e-01,-2.060935422695916230e+00,-1.547284964184947542e+00,4.975047663380144369e-01,-2.332559982069170035e-01,-1.309115263512907468e-01,4.157839197706916234e-01,-9.276355269587638341e-02
0.310000,-1.026171544609964618e-02,-5.411293324374645552e-02,1.188959426539846209e-01,-4.919131668382697997e-01,-5.156522282356774678e-01,-4.710901956392391510e-01,5.198059670485793982e-01,-5.769325014871047597e-03,3.973295155181015281e-01,1.161253475604134611e+00,4.932341750366419642e-01,1.635973309437889212e-01,-8.070753781549606237e-03,3.989479378345987814e-02,-5.757714023097194600e-01,-1.155999415204937320e+00,6.070718614092951437e-01,2.535217159424970057e-01,7.512581659904013498e-02,-3.699562892251532370e-02,-8.940906989547051098e-02,7.325026310351075154e-02,-1.985670976613619132e+00,1.596739051539264320e+00,-3.572638557856472885e-01,-1.981421479737491276e-01,3.755262832810600526e-03,2.533370410320049393e-01,1.449764868969994069e-01,-2.060269881231411304e+00,-1.546869000769631963e+00,4.975047663380144369e-01,-2.317585299117806696e-01,-1.309115263512907468e-01,4.157839197706916234e-01,-9.276355269587638341e-02
0.320000,-1.065359475290307903e-02,-5.476606542175217751e-02,1.190613359158663731e-01,-4.919131668382697997e-01,-5.156522282356774678e-01,-4.710901956392391510e-01,5.198059670485793982e-01,-6.291830757275627614e-03,3.973295155181015281e-01,1.161253475604134611e+00,4.929076089476390754e-01,1.635973309437889212e-01,-8.070753781549606237e-03,4.107043170387018188e-02,-5.752488965673149268e-01,-1.154562524413324631e+00,6.092925108145145208e-01,2.527379573288901504e-01,7.512581659904013498e-02,-3.756711957827033044e-02,-8.912332456759300414e-02,7.341354614801218204e-02,-1.987467090103135048e+00,1.595922636316757126e+00,-3.564474405631401499e-01,-1.997749784187634048e-01,3.755262832810600526e-03,2.526839088539992173e-01,1.449764868969994069e-01,-2.059616749053405638e+00,-1.546460793158378255e+00,4.975047663380144369e-01,-2.302889825112677813e-01,-1.309115263512907468e-01,4.157839197706916234e-01,-9.276355269587638341e-02
0.330000,-1.103600418494634673e-02,-5.540341447515761963e-02,1.192227161604215296e-01,-4.919131668382697997e-01,-5.156522282356774678e-01,-4.710901956392391510e-01,5.198059670485793982e-01,-6.801709999999981660e-03,3.973295155181015281e-01,1.161253475604134611e+00,4.925889344209363752e-01,1.635973309437889212e-01,-8.070753781549606237e-03,4.221765999999997632e-02,-5.747390173245905398e-01,-1.153160356495832817e+00,6.114594975960930823e-01,2.519731384648036254e-01,7.512581659904013498e-02,-3.812480000000009056e-02,-8.884448435672812061e-02,7.357288341136353216e-02,-1.989219799999999871e+00,1.595125950000000348e+00,-3.556507542463833715e-01,-2.013683510522770170e-01,3.755262832810600526e-03,2.520465598005937613e-01,1.449764868969994069e-01,-2.058979400000000126e+00,-1.546062449999999977e+00,4.975047663380144369e-01,-2.288549471411055469e-01,-1.309115263512907468e-01,4.157839197706916234e-01,-9.276355269587638341e-02
0.340000,-1.140699669191618665e-02,-5.602173532010735341e-02,1.193792629869425415e-01,-4.919131668382697997e-01,-5.156522282356774678e-01,-4.710901956392391510e-01,5.198059670485793982e-01,-7.296366675959767636e-03,3.973295155181015281e-01,1.161253475604134611e+00,4.922797739984615117e-01,1.635973309437889212e-01,-8.070753781549606237e-03,4.333063752090950127e-02,-5.742443606486307139e-01,-1.151800050636943240e+00,6.135617884689221757e-01,2.512311534508639421e-01,7.512581659904013498e-02,-3.866583073933110848e-02,-8.857396898706261512e-02,7.372746362260096387e-02,-1.990920182323611787e+00,1.594353048943813134e+00,-3.548778531901961575e-01,-2.029141531646513341e-01,3.755262832810600526e-03,2.514282389556440345e-01,1.449764868969994069e-01,-2.058361079155050177e+00,-1.545675999471906259e+00,4.975047663380144369e-01,-2.274637252399686616e-01,-1.309115263512907468e-01,4.157839197706916234e-01,-9.276355269587638341e-02
0.350000,-1.176471964327942092e-02,-5.661794023904608009e-02,1.195301961176874483e-01,-4.919131668382697997e-01,-5.156522282356774678e-01,-4.710901956392391510e-01,5.198059670485793982e-01,-7.773330611110747246e-03,3.973295155181015281e-01,1.161253475604134611e+00,4.919816715389921380e-01,1.635973309437889212e-01,-8.070753781549606237e-03,4.440380637499920236e-02,-5.737673967134797604e-01,-1.150488399815278173e+00,6.155888851933137840e-01,2.505157075481374562e-01,7.512581659904013498e-02,-3.918751004340249172e-02,-8.831312933502692697e-02,7.387651485233565074e-02,-1.992559745850693176e+00,1.593607792795139755e+00,-3.541325970415227786e-01,-2.044046654619981473e-01,3.755262832810600526e-03,2.508320340367053425e-01,1.449764868969994069e-01,-2.057764874236111652e+00,-1.545303371397569681e+00,4.975047663380144369e-01,-2.261222641723565074e-01,-1.309115263512907468e-01,4.157839197706916234e-01,-9.276355269587638341e-02
0.360000,-1.210743199551566653e-02,-5.718912749277315494e-02,1.196747825971085644e-01,-4.919131668382697997e-01,-5.156522282356774678e-01,-4.710901956392391510e-01,5.198059670485793982e-01,-8.230280414092407473e-03,3.973295155181015281e-01,1.161253475604134611e+00,4.916960779121286040e-01,1.635973309437889212e-01,-8.070753781549606237e-03,4.543194343170793570e-02,-5.733104469104981504e-01,-1.149231787857078579e+00,6.175309218559859037e-01,2.498302828436649581e-01,7.512581659904013498e-02,-3.968729889041368308e-02,-8.806323491152132088e-02,7.401931166576741772e-02,-1.994130510798442835e+00,1.592893808727980920e+00,-3.534186129743639437e-01,-2.058326335963158726e-01,3.755262832810600526e-03,2.502608467829782746e-01,1.449764868969994069e-01,-2.057193686982384584e+00,-1.544946379363990374e+00,4.975047663380144369e-01,-2.248370928514706046e-01,-1.309115263512907468e-01,4.157839197706916234e-01,-9.276355269587638341e-02
0.370000,-1.243352145935010256e-02,-5.773260993249721557e-02,1.198123439853229499e-01,-4.919131668382697997e-01,-5.156522282356774678e-01,-4.710901956392391510e-01,5.198059670485793982e-01,-8.665066365871658405e-03,3.973295155181015281e-01,1.161253475604134611e+00,4.914243366922665945e-01,1.635973309437889212e-01,-8.070753781549606237e-03,4.641021182321125593e-02,-5.728756609587188908e-01,-1.148036126489685671e+00,6.193787621510477015e-01,2.491781039159960964e-01,7.512581659904013498e-02,-4.016284602517224134e-02,-8.782546134414205563e-02,7.415518227569843634e-02,-1.995625087507683748e+00,1.592214455678325757e+00,-3.527392599247088367e-01,-2.071913396956260311e-01,3.755262832810600526e-03,2.497173643432542001e-01,1.449764868969994069e-01,-2.056650204542660454e+00,-1.544606702839162793e+00,4.975047663380144369e-01,-2.236142573620914509e-01,-1.309115263512907468e-01,4.157839197706916234e-01,-9.276355269587638341e-02
0.380000,-1.274152166698619762e-02,-5.824594361189071312e-02,1.199422635471727172e-01,-4.919131668382697997e-01,-5.156522282356774678e-01,-4.710901956392391510e-01,5.198059670485793982e-01,-9.075733309386449510e-03,3.973295155181015281e-01,1.161253475604134611e+00,4.911676698525698215e-01,1.635973309437889212e-01,-8.070753781549606237e-03,4.733421244611953072e-02,-5.724649940152040095e-01,-1.146906792395020025e+00,6.211240966609855585e-01,2.485621035007238855e-01,7.512581659904013498e-02,-4.061201299464154563e-02,-8.760087785940740002e-02,7.428351569554680900e-02,-1.997036755126015972e+00,1.591572788579084019e+00,-3.520975928254669873e-01,-2.084746738941097299e-01,3.755262832810600526e-03,2.492040306638607094e-01,1.449764868969994069e-01,-2.056136870863267241e+00,-1.544285869289541813e+00,4.975047663380144369e-01,-2.224592565834561109e-01,-1.309115263512907468e-01,4.157839197706916234e-01,-9.276355269587638341e-02
0.390000,-1.303012933933843376e-02,-5.872695639914443655e-02,1.200639934383702090e-01,-4.919131668382697997e-01,-5.156522282356774678e-01,-4.710901956392391510e-01,5.198059670485793982e-01,-9.460543539189431028e-03,3.973295155181015281e-01,1.161253475604134611e+00,4.909271634589429389e-01,1.635973309437889212e-01,-8.070753781549606237e-03,4.820003546317623566e-02,-5.720801837854010419e-01,-1.145848564263061808e+00,6.227595401376482265e-01,2.479848881560194340e-01,7.512581659904013498e-02,-4.103289918348855536e-02,-8.739043476498389862e-02,7.440376889236025026e-02,-1.998359540290963743e+00,1.590971522595016729e+00,-3.514963268413998643e-01,-2.096772058622440593e-01,3.755262832810600526e-03,2.487230178766069721e-01,1.449764868969994069e-01,-2.055655858076013143e+00,-1.543985236297508168e+00,4.975047663380144369e-01,-2.213769778121352227e-01,-1.309115263512907468e-01,4.157839197706916234e-01,-9.276355269587638341e-02
0.400000,-1.329822145326507374e-02,-5.917377658902216869e-02,1.201770618903297561e-01,-4.919131668382697997e-01,-5.156522282356774678e-01,-4.710901956392391510e-01,5.198059670485793982e-01,-9.817999691091620559e-03,3.973295155181015281e-01,1.161253475604134611e+00,4.907037533640040694e-01,1.635973309437889212e-01,-8.070753781549606237e-03,4.900431180495616601e-02,-5.717227276334988506e-01,-1.144865559845330782e+00,6.242787287832325394e-01,2.474487039281661471e-01,7.512581659904013498e-02,-4.142386684963157012e-02,-8.719495093191238777e-02,7.451547393982967116e-02,-1.999588295813127470e+00,1.590412997357669500e+00,-3.509378016040526349e-01,-2.107942563369383793e-01,3.755262832810600526e-03,2.482761976867292608e-01,1.449764868969994069e-01,-2.055209037886135626e+00,-1.543705973678834553e+00,4.975047663380144369e-01,-2.203716323849103098e-01,-1.309115263512907468e-01,4.157839197706916234e-01,-9.276355269587638341e-02
0.410000,-1.354487240880090405e-02,-5.958486151491521748e-02,1.202810803953578284e-01,-4.919131668382697997e-01,-5.156522282356774678e-01,-4.710901956392391510e-01,5.198059670485793982e-01,-1.014686763180605925e-02,3.973295155181015281e-01,1.161253475604134611e+00,4.904982109010575519e-01,1.635973309437889212e-01,-8.070753781549606237e-03,4.974426467156365522e-02,-5.713938596927844449e-01,-1.143961173008366083e+00,6.256764175312689025e-01,2.469554020170944830e-01,7.512581659904013498e-02,-4.178356615978798955e-02,-8.701510127683417806e-02,7.461824517130294376e-02,-2.000718779359333510e+00,1.589899141200303401e+00,-3.504239454466863135e-01,-2.118219686516710221e-01,3.755262832810600526e-03,2.478651127608361981e-01,1.449764868969994069e-01,-2.054797952960242480e+00,-1.543449045600151504e+00,4.975047663380144369e-01,-2.194466913016509535e-01,-1.309115263512907468e-01,4.157839197706916234e-01,-9.276355269587638341e-02
0.420000,-1.376937119638992763e-02,-5.995902616089691939e-02,1.203808420756791869e-01,-4.919131668382697997e-01,-5.156522282356774678e-01,-4.710901956392391510e-01,5.198059670485793982e-01,-1.044619934859142285e-02,3.973295155181015281e-01,1.161253475604134611e+00,4.903111285780666906e-01,1.635973309437889212e-01,-8.070753781549606237e-03,5.041776103433072420e-02,-5.710945279759991333e-01,-1.143138010787206227e+00,6.269485773276066709e-01,2.465064044419164324e-01,7.512581659904013498e-02,-4.211096022502198305e-02,-8.685140424421718131e-02,7.471178633279836057e-02,-2.001747732135783053e+00,1.589431435392826053e+00,-3.499562396392091879e-01,-2.127573802666252734e-01,3.755262832810600526e-03,2.474909481148545032e-01,1.449764868969994069e-01,-2.054423788314260868e+00,-1.543215192696412830e+00,4.975047663380144369e-01,-2.186048208481921051e-01,-1.309115263512907468e-01,4.157839197706916234e-01,-9.276355269587638341e-02
0.430000,-1.397123856411815711e-02,-6.029547177377730938e-02,1.204796797224643029e-01,-4.919131668382697997e-01,-5.156522282356774678e-01,-4.710901956392391510e-01,5.198059670485793982e-01,-1.071535583889572998e-02,3.973295155181015281e-01,1.161253475604134611e+00,4.901429057716265025e-01,1.635973309437889212e-01,-8.070753781549606237e-03,5.102336313751541091e-02,-5.708253714856947880e-01,-1.142397830438869555e+00,6.280924924113999719e-01,2.461026697064599700e-01,7.512581659904013498e-02,-4.240535013629231909e-02,-8.670420928858200982e-02,7.479589773601846847e-02,-2.002672957571204115e+00,1.589010878376725611e+00,-3.495356826231087455e-01,-2.135984942988262414e-01,3.755262832810600526e-03,2.471545025019740993e-01,1.449764868969994069e-01,-2.054087342701380159e+00,-1.543004914188362608e+00,4.975047663380144369e-01,-2.178478182192112589e-01,-1.309115263512907468e-01,4.157839197706916234e-01,-9.276355269587638341e-02
0.440000,-1.415024418494635269e-02,-6.059381447515763131e-02,1.205722417181449846e-01,-4.919131668382697997e-01,-5.156522282356774678e-01,-4.710901956392391510e-01,5.198059670485793982e-01,-1.095402999999998961e-02,3.973295155181015281e-01,1.161253475604134611e+00,4.899937344209363554e-01,1.635973309437889212e-01,-8.070753781549606237e-03,5.156037999999999594e-02,-5.705866973245905527e-01,-1.141741476495832686e+00,6.291068575960930831e-01,2.457446584648035892e-01,7.512581659904013498e-02,-4.266640000000010424e-02,-8.657368435672811724e-02,7.487048341136354201e-02,-2.003493399999999980e+00,1.588637950000000298e+00,-3.491627542463833223e-01,-2.143443510522770601e-01,3.755262832810600526e-03,2.468561598005937774e-01,1.449764868969994069e-01,-2.053789000000000087e+00,-1.542818449999999952e+00,4.975047663380144369e-01,-2.171765471411055137e-01,-1.309115263512907468e-01,4.157839197706916234e-01,-9.276355269587638341e-02
0.450000,-1.430642382394269052e-02,-6.085411387348486217e-02,1.206590176448935625e-01,-4.919131668382697997e-01,-5.156522282356774678e-01,-4.710901956392391510e-01,5.198059670485793982e-01,-1.116226951866177569e-02,3.973295155181015281e-01,1.161253475604134611e+00,4.898635847217727712e-01,1.635973309437889212e-01,-8.070753781549606237e-03,5.202891891698901289e-02,-5.703784578059287735e-01,-1.141168817819512737e+00,6.299918755504057000e-01,2.454322991868109205e-01,7.512581659904013498e-02,-4.289416197353643212e-02,-8.645980336995995330e-02,7.493555826094534800e-02,-2.004209223345399860e+00,1.588312575752091282e+00,-3.488373799984743062e-01,-2.149950995480951477e-01,3.755262832810600526e-03,2.465958604022665535e-01,1.449764868969994069e-01,-2.053528700601672696e+00,-1.542655762876045333e+00,4.975047663380144369e-01,-2.165908734948692738e-01,-1.309115263512907468e-01,4.157839197706916234e-01,-9.276355269587638341e-02
0.460000,-1.444009650551560629e-02,-6.107690167610638210e-02,1.207406845356391728e-01,-4.919131668382697997e-01,-5.156522282356774678e-01,-4.710901956392391510e-01,5.198059670485793982e-01,-1.134049976075899441e-02,3.973295155181015281e-01,1.161253475604134611e+00,4.897521908204620078e-01,1.635973309437889212e-01,-8.070753781549606237e-03,5.242993696170775847e-02,-5.702002275638314854e-01,-1.140678684653745556e+00,6.307493540793188691e-01,2.451649538236650716e-01,7.512581659904013498e-02,-4.308910130083026119e-02,-8.636233370631303530e-02,7.499125521160072971e-02,-2.004821889802609114e+00,1.588034090998814207e+00,-3.485588952451973976e-01,-2.155520690546489371e-01,3.755262832810600526e-03,2.463730725996450266e-01,1.449764868969994069e-01,-2.053305912799051391e+00,-1.542516520499406907e+00,4.975047663380144369e-01,-2.160896009389708383e-01,-1.309115263512907468e-01,4.157839197706916234e-01,-9.276355269587638341e-02
0.470000,-1.455188168064647236e-02,-6.126321030132449857e-02,1.208181192903589052e-01,-4.919131668382697997e-01,-5.156522282356774678e-01,-4.710901956392391510e-01,5.198059670485793982e-01,-1.148954666093348481e-02,3.973295155181015281e-01,1.161253475604134611e+00,4.896590365078529183e-01,1.635973309437889212e-01,-8.070753781549606237e-03,5.276529248710035841e-02,-5.700511806636570089e-01,-1.140268805678265718e+00,6.313828034050604776e-01,2.449413834734033291e-01,7.512581659904013498e-02,-4.325212134789611224e-02,-8.628082368278011671e-02,7.503783236790526057e-02,-2.005334238521959023e+00,1.587801205217291622e+00,-3.483260094636747572e-01,-2.160178406176942179e-01,3.755262832810600526e-03,2.461867639744269032e-01,1.449764868969994069e-01,-2.053119604173833324e+00,-1.542400077608645725e+00,4.975047663380144369e-01,-2.156704065322300745e-01,-1.309115263512907468e-01,4.157839197706916234e-01,-9.276355269587638341e-02
0.480000,-1.464271639412232685e-02,-6.141460149045091521e-02,1.208924084657080761e-01,-4.919131668382697997e-01,-5.156522282356774678e-01,-4.710901956392391510e-01,5.198059670485793982e-01,-1.161065961223461951e-02,3.973295155181015281e-01,1.161253475604134611e+00,4.895833409132896996e-01,1.635973309437889212e-01,-8.070753781549606237e-03,5.303779662752791668e-02,-5.699300677123558811e-01,-1.139935745062187422e+00,6.318975334480902983e-01,2.447597140464516374e-01,7.512581659904013498e-02,-4.338458863838173113e-02,-8.621459003753730033e-02,7.507568016518686993e-02,-2.005750564292056559e+00,1.587611966230883631e+00,-3.481367704772667104e-01,-2.163963185905102837e-01,3.755262832810600526e-03,2.460353727853004935e-01,1.449764868969994069e-01,-2.052968212984706664e+00,-1.542305458115441619e+00,4.975047663380144369e-01,-2.153297763566956180e-01,-1.309115263512907468e-01,4.157839197706916234e-01,-9.276355269587638341e-02
0.490000,-1.471387245176865657e-02,-6.153319491986147111e-02,1.209648552526789017e-01,-4.919131668382697997e-01,-5.156522282356774678e-01,-4.710901956392391510e-01,5.198059670485793982e-01,-1.170553435576306145e-02,3.973295155181015281e-01,1.161253475604134611e+00,4.895240441985844182e-01,1.635973309437889212e-01,-8.070753781549606237e-03,5.325126480046690758e-02,-5.698351929688274531e-01,-1.139674839517484273e+00,6.323007511080861454e-01,2.446174019311589676e-01,7.512581659904013498e-02,-4.348835788911595973e-02,-8.616270541217019296e-02,7.510532852253951064e-02,-2.006076696222935496e+00,1.587463724444120539e+00,-3.479885286905035624e-01,-2.166928021640366353e-01,3.755262832810600526e-03,2.459167793558899306e-01,1.449764868969994069e-01,-2.052849619555296101e+00,-1.542231337222059961e+00,4.975047663380144369e-01,-2.150629411405218794e-01,-1.309115263512907468e-01,4.157839197706916234e-01,-9.276355269587638341e-02
0.500000,-1.476697358768211572e-02,-6.162169681305057489e-02,1.210369810100850596e-01,-4.919131668382697997e-01,-5.156522282356774678e-01,-4.710901956392391510e-01,5.198059670485793982e-01,-1.177633587031434378e-02,3.973295155181015281e-01,1.161253475604134611e+00,4.894797932519898698e-01,1.635973309437889212e-01,-8.070753781549606237e-03,5.341056820820729023e-02,-5.697643914542761534e-01,-1.139480135352468171e+00,6.326016575449291413e-01,2.445111996593320458e-01,7.512581659904013498e-02,-4.356579704565642641e-02,-8.612398583389996309e-02,7.512745399583678485e-02,-2.006320076429205734e+00,1.587353097077634168e+00,-3.478779013240171913e-01,-2.169140568970094052e-01,3.755262832810600526e-03,2.458282774627008338e-01,1.449764868969994069e-01,-2.052761117662107004e+00,-1.542176023538816887e+00,4.975047663380144369e-01,-2.148638118808464115e-01,-1.309115263512907468e-01,4.157839197706916234e-01,-9.276355269587638341e-02
0.510000,-1.480401263146328625e-02,-6.168342855268585390e-02,1.211105199558645262e-01,-4.919131668382697997e-01,-5.156522282356774678e-01,-4.710901956392391510e-01,5.198059670485793982e-01,-1.182572126202256768e-02,3.973295155181015281e-01,1.161253475604134611e+00,4.894489273821722719e-01,1.635973309437889212e-01,-8.070753781549606237e-03,5.352168533955079660e-02,-5.697150060625679746e-01,-1.139344325525270651e+00,6.328115454596890954e-01,2.444371215717697221e-01,7.512581659904013498e-02,-4.361981231783729207e-02,-8.609697819780952333e-02,7.514288693074559766e-02,-2.006489838713202634e+00,1.587275932403090062e+00,-3.478007366494730856e-01,-2.170683862460975888e-01,3.755262832810600526e-03,2.457665457230655548e-01,1.449764868969994069e-01,-2.052699385922471809e+00,-1.542137441201544723e+00,4.975047663380144369e-01,-2.147249154666670268e-01,-1.309115263512907468e-01,4.157839197706916234e-01,-9.276355269587638341e-02
0.520000,-1.482736867544934972e-02,-6.172235529266262288e-02,1.211874057702765212e-01,-4.919131668382697997e-01,-5.156522282356774678e-01,-4.710901956392391510e-01,5.198059670485793982e-01,-1.185686265400398565e-02,3.973295155181015281e-01,1.161253475604134611e+00,4.894294640121838458e-01,1.635973309437889212e-01,-8.070753781549606237e-03,5.359175347150898355e-02,-5.696838646705865150e-01,-1.139258686697321776e+00,6.329438963756101044e-01,2.443904094837975882e-01,7.512581659904013498e-02,-4.365387321531696840e-02,-8.607994774906968516e-02,7.515261861573979685e-02,-2.006596887248139005e+00,1.587227273978119024e+00,-3.477520782245021036e-01,-2.171657030960395529e-01,3.755262832810600526e-03,2.457276189830887858e-01,1.449764868969994069e-01,-2.052660459182495067e+00,-1.542113111989059426e+00,4.975047663380144369e-01,-2.146373303017192757e-01,-1.309115263512907468e-01,4.157839197706916234e-01,-9.276355269587638341e-02
0.530000,-1.483982424194691882e-02,-6.174311457015857485e-02,1.212697497985184975e-01,-4.919131668382697997e-01,-5.156522282356774678e-01,-4.710901956392391510e-01,5.198059670485793982e-01,-1.187347007600074444e-02,3.973295155181015281e-01,1.161253475604134611e+00,4.894190843734358976e-01,1.635973309437889212e-01,-8.070753781549606237e-03,5.362912017100170126e-02,-5.696672572485897978e-01,-1.139213016286830582e+00,6.330144779190962634e-01,2.443654983508024570e-01,7.512581659904013498e-02,-4.367203758312593331e-02,-8.607086556516520270e-02,7.515780843511377096e-02,-2.006653975261252665e+00,1.587201324881249098e+00,-3.477261291276321220e-01,-2.172176012897794051e-01,3.755262832810600526e-03,2.457068597055928338e-01,1.449764868969994069e-01,-2.052639699904998949e+00,-1.542100137440624241e+00,4.975047663380144369e-01,-2.145906219273533977e-01,-1.309115263512907468e-01,4.157839197706916234e-01,-9.276355269587638341e-02
0.540000,-1.484458245046472828e-02,-6.175104491768825671e-02,1.213598107741561127e-01,-4.919131668382697997e-01,-5.156522282356774678e-01,-4.710901956392391510e-01,5.198059670485793982e-01,-1.187981435402448924e-02,3.973295155181015281e-01,1.161253475604134611e+00,4.894151191996710670e-01,1.635973309437889212e-01,-8.070753781549606237e-03,5.364339479655512444e-02,-5.696609129705659802e-01,-1.139195569522265306e+00,6.330414411006972664e-01,2.443559819337668415e-01,7.512581659904013498e-02,-4.367897663721440060e-02,-8.606739603812096906e-02,7.515979102199620010e-02,-2.006675783716959316e+00,1.587191411946836883e+00,-3.477162161932200179e-01,-2.172374271586036132e-01,3.755262832810600526e-03,2.456989293580631450e-01,1.449764868969994069e-01,-2.052631769557469621e+00,-1.542095180973418245e+00,4.975047663380144369e-01,-2.145727786454116326e-01,-1.309115263512907468e-01,4.157839197706916234e-01,-9.276355269587638341e-02
0.550000,-1.484528418494634669e-02,-6.175221447515762130e-02,1.214599566940294112e-01,-4.919131668382697997e-01,-5.156522282356774678e-01,-4.710901956392391510e-01,5.198059670485793982e-01,-1.188074999999998160e-02,3.973295155181015281e-01,1.161253475604134611e+00,4.894145344209363535e-01,1.635973309437889212e-01,-8.070753781549606237e-03,5.364549999999997792e-02,-5.696599773245905052e-01,-1.139192996495832721e+00,6.330454175960931185e-01,2.443545784648036012e-01,7.512581659904013498e-02,-4.368000000000009375e-02,-8.606688435672812942e-02,7.516008341136354298e-02,-2.006679000000000102e+00,1.587189950000000405e+00,-3.477147542463833174e-01,-2.172403510522770143e-01,3.755262832810600526e-03,2.456977598005937735e-01,1.449764868969994069e-01,-2.052630600000000083e+00,-1.542094450000000005e+00,4.975047663380144369e-01,-2.145701471411055605e-01,-1.309115263512907468e-01,4.157839197706916234e-01,-9.276355269587638341e-02
0.560000,-1.484432369366990231e-02,-6.175461570334873224e-02,1.215694917550481091e-01,-4.919131668382697997e-01,-5.156522282356774678e-01,-4.710901956392391510e-01,5.198059670485793982e-01,-1.188074999999998160e-02,3.973295155181015281e-01,1.161253475604134611e+00,4.894145344209363535e-01,1.635973309437889212e-01,-8.070753781549606237e-03,5.364549999999997792e-02,-5.696599773245905052e-01,-1.139192996495832721e+00,6.330415756309872855e-01,2.443545784648036012e-01,7.512581659904013498e-02,-4.368000000000009375e-02,-8.606868527787145395e-02,7.516008341136354298e-02,-2.006679000000000102e+00,1.587189950000000405e+00,-3.477147542463833174e-01,-2.172283449113214804e-01,3.755262832810600526e-03,2.456977598005937735e-01,1.449764868969994069e-01,-2.052630600000000083e+00,-1.542094450000000005e+00,4.975047663380144369e-01,-2.145701471411055605e-01,-1.309115263512907468e-01,4.157839197706916234e-01,-9.276355269587638341e-02
0.570000,-1.483803178586117627e-02,-6.177034547287054561e-02,1.216764629651244517e-01,-4.919131668382697997e-01,-5.156522282356774678e-01,-4.710901956392391510e-01,5.198059670485793982e-01,-1.188074999999998160e-02,3.973295155181015281e-01,1.161253475604134611e+00,4.894145344209363535e-01,1.635973309437889212e-01,-8.070753781549606237e-03,5.364549999999997792e-02,-5.696599773245905052e-01,-1.139192996495832721e+00,6.330164079997523396e-01,2.443545784648036012e-01,7.512581659904013498e-02,-4.368000000000009375e-02,-8.608048260501281745e-02,7.516008341136354298e-02,-2.006679000000000102e+00,1.587189950000000405e+00,-3.477147542463833174e-01,-2.171496960637123996e-01,3.755262832810600526e-03,2.456977598005937735e-01,1.449764868969994069e-01,-2.052630600000000083e+00,-1.542094450000000005e+00,4.975047663380144369e-01,-2.145701471411055605e-01,-1.309115263512907468e-01,4.157839197706916234e-01,-9.276355269587638341e-02
0.580000,-1.482221859535126467e-02,-6.180987844914532375e-02,1.217690288422532685e-01,-4.919131668382697997e-01,-5.156522282356774678e-01,-4.710901956392391510e-01,5.198059670485793982e-01,-1.188074999999998160e-02,3.973295155181015281e-01,1.161253475604134611e+00,4.894145344209363535e-01,1.635973309437889212e-01,-8.070753781549606237e-03,5.364549999999997792e-02,-5.696599773245905052e-01,-1.139192996495832721e+00,6.329531552377127834e-01,2.443545784648036012e-01,7.512581659904013498e-02,-4.368000000000009375e-02,-8.611013233721889759e-02,7.516008341136354298e-02,-2.006679000000000102e+00,1.587189950000000405e+00,-3.477147542463833174e-01,-2.169520311823385228e-01,3.755262832810600526e-03,2.456977598005937735e-01,1.449764868969994069e-01,-2.052630600000000083e+00,-1.542094450000000005e+00,4.975047663380144369e-01,-2.145701471411055605e-01,-1.309115263512907468e-01,4.157839197706916234e-01,-9.276355269587638341e-02
0.590000,-1.479384835084414027e-02,-6.188080406041313736e-02,1.218385584799132060e-01,-4.919131668382697997e-01,-5.156522282356774678e-01,-4.710901956392391510e-01,5.198059670485793982e-01,-1.188074999999998160e-02,3.973295155181015281e-01,1.161253475604134611e+00,4.894145344209363535e-01,1.635973309437889212e-01,-8.070753781549606237e-03,5.364549999999997792e-02,-5.696599773245905052e-01,-1.139192996495832721e+00,6.328396742596842373e-01,2.443545784648036012e-01,7.512581659904013498e-02,-4.368000000000009375e-02,-8.616332654566975779e-02,7.516008341136354298e-02,-2.006679000000000102e+00,1.587189950000000405e+00,-3.477147542463833174e-01,-2.165974031259994548e-01,3.755262832810600526e-03,2.456977598005937735e-01,1.449764868969994069e-01,-2.052630600000000083e+00,-1.542094450000000005e+00,4.975047663380144369e-01,-2.145701471411055605e-01,-1.309115263512907468e-01,4.157839197706916234e-01,-9.276355269587638341e-02
0.600000,-1.475093901984073953e-02,-6.198807738792164179e-02,1.218792809469554789e-01,-4.919131668382697997e-01,-5.156522282356774678e-01,-4.710901956392391510e-01,5.198059670485793982e-01,-1.188074999999998160e-02,3.973295155181015281e-01,1.161253475604134611e+00,4.894145344209363535e-01,1.635973309437889212e-01,-8.070753781549606237e-03,5.364549999999997792e-02,-5.696599773245905052e-01,-1.139192996495832721e+00,6.326680369356706413e-01,2.443545784648036012e-01,7.512581659904013498e-02,-4.368000000000009375e-02,-8.624378154130113439e-02,7.516008341136354298e-02,-2.006679000000000102e+00,1.587189950000000405e+00,-3.477147542463833174e-01,-2.160610364884569257e-01,3.755262832810600526e-03,2.456977598005937735e-01,1.449764868969994069e-01,-2.052630600000000083e+00,-1.542094450000000005e+00,4.975047663380144369e-01,-2.145701471411055605e-01,-1.309115263512907468e-01,4.157839197706916234e-01,-9.276355269587638341e-02
0.610000,-1.469246195256307223e-02,-6.213427005611581178e-02,1.218879420823677506e-01,-4.919131668382697997e-01,-5.156522282356774678e-01,-4.710901956392391510e-01,5.198059670485793982e-01,-1.188074999999998160e-02,3.973295155181015281e-01,1.161253475604134611e+00,4.894145344209363535e-01,1.635973309437889212e-01,-8.070753781549606237e-03,5.364549999999997792e-02,-5.696599773245905052e-01,-1.139192996495832721e+00,6.324341286665600137e-01,2.443545784648036012e-01,7.512581659904013498e-02,-4.368000000000009375e-02,-8.635342604244676534e-02,7.516008341136354298e-02,-2.006679000000000102e+00,1.587189950000000405e+00,-3.477147542463833174e-01,-2.153300731474860896e-01,3.755262832810600526e-03,2.456977598005937735e-01,1.449764868969994069e-01,-2.052630600000000083e+00,-1.542094450000000005e+00,4.975047663380144369e-01,-2.145701471411055605e-01,-1.309115263512907468e-01,4.157839197706916234e-01,-9.276355269587638341e-02
0.620000,-1.461824152587830848e-02,-6.231982112282771769e-02,1.218634740917090564e-01,-4.919131668382697997e-01,-5.156522282356774678e-01,-4.710901956392391510e-01,5.198059670485793982e-01,-1.188074999999998160e-02,3.973295155181015281e-01,1.161253475604134611e+00,4.894145344209363535e-01,1.635973309437889212e-01,-8.070753781549606237e-03,5.364549999999997792e-02,-5.696599773245905052e-01,-1.139192996495832721e+00,6.321372469598208754e-01,2.443545784648036012e-01,7.512581659904013498e-02,-4.368000000000009375e-02,-8.649258934248069131e-02,7.516008341136354298e-02,-2.006679000000000102e+00,1.587189950000000405e+00,-3.477147542463833174e-01,-2.144023178139265462e-01,3.755262832810600526e-03,2.456977598005937735e-01,1.449764868969994069e-01,-2.052630600000000083e+00,-1.542094450000000005e+00,4.975047663380144369e-01,-2.145701471411055605e-01,-1.309115263512907468e-01,4.157839197706916234e-01,-9.276355269587638341e-02
0.630000,-1.452885478722288314e-02,-6.254328796946628799e-02,1.218066785228886506e-01,-4.919131668382697997e-01,-5.156522282356774678e-01,-4.710901956392391510e-01,5.198059670485793982e-01,-1.188074999999998160e-02,3.973295155181015281e-01,1.161253475604134611e+00,4.894145344209363535e-01,1.635973309437889212e-01,-8.070753781549606237e-03,5.364549999999997792e-02,-5.696599773245905052e-01,-1.139192996495832721e+00,6.317797000051992296e-01,2.443545784648036012e-01,7.512581659904013498e-02,-4.368000000000009375e-02,-8.666018947745961210e-02,7.516008341136354298e-02,-2.006679000000000102e+00,1.587189950000000405e+00,-3.477147542463833174e-01,-2.132849835807337224e-01,3.755262832810600526e-03,2.456977598005937735e-01,1.449764868969994069e-01,-2.052630600000000083e+00,-1.542094450000000005e+00,4.975047663380144369e-01,-2.145701471411055605e-01,-1.309115263512907468e-01,4.157839197706916234e-01,-9.276355269587638341e-02
0.640000,-1.442553109852659325e-02,-6.280159719120700923e-02,1.217199248156032587e-01,-4.919131668382697997e-01,-5.156522282356774678e-01,-4.710901956392391510e-01,5.198059670485793982e-01,-1.188074999999998160e-02,3.973295155181015281e-01,1.161253475604134611e+00,4.894145344209363535e-01,1.635973309437889212e-01,-8.070753781549606237e-03,5.364549999999997792e-02,-5.696599773245905052e-01,-1.139192996495832721e+00,6.313664052504140978e-01,2.443545784648036012e-01,7.512581659904013498e-02,-4.368000000000009375e-02,-8.685392139376515996e-02,7.516008341136354298e-02,-2.006679000000000102e+00,1.587189950000000405e+00,-3.477147542463833174e-01,-2.119934374720301162e-01,3.755262832810600526e-03,2.456977598005937735e-01,1.449764868969994069e-01,-2.052630600000000083e+00,-1.542094450000000005e+00,4.975047663380144369e-01,-2.145701471411055605e-01,-1.309115263512907468e-01,4.157839197706916234e-01,-9.276355269587638341e-02
0.650000,-1.431005178013669728e-02,-6.309029548718174396e-02,1.216068652022334329e-01,-4.919131668382697997e-01,-5.156522282356774678e-01,-4.710901956392391510e-01,5.198059670485793982e-01,-1.188074999999998160e-02,3.973295155181015281e-01,1.161253475604134611e+00,4.894145344209363535e-01,1.635973309437889212e-01,-8.070753781549606237e-03,5.364549999999997792e-02,-5.696599773245905052e-01,-1.139192996495832721e+00,6.309044879768545000e-01,2.443545784648036012e-01,7.512581659904013498e-02,-4.368000000000009375e-02,-8.707044511574621448e-02,7.516008341136354298e-02,-2.006679000000000102e+00,1.587189950000000405e+00,-3.477147542463833174e-01,-2.105499459921564287e-01,3.755262832810600526e-03,2.456977598005937735e-01,1.449764868969994069e-01,-2.052630600000000083e+00,-1.542094450000000005e+00,4.975047663380144369e-01,-2.145701471411055605e-01,-1.309115263512907468e-01,4.157839197706916234e-01,-9.276355269587638341e-02
0.660000,-1.418464975474201077e-02,-6.340380055066846543e-02,1.214721657275442956e-01,-4.919131668382697997e-01,-5.156522282356774678e-01,-4.710901956392391510e-01,5.198059670485793982e-01,-1.188074999999998160e-02,3.973295155181015281e-01,1.161253475604134611e+00,4.894145344209363535e-01,1.635973309437889212e-01,-8.070753781549606237e-03,5.364549999999997792e-02,-5.696599773245905052e-01,-1.139192996495832721e+00,6.304028798752757679e-01,2.443545784648036012e-01,7.512581659904013498e-02,-4.368000000000009375e-02,-8.730557391336124518e-02,7.516008341136354298e-02,-2.006679000000000102e+00,1.587189950000000405e+00,-3.477147542463833174e-01,-2.089824206747228352e-01,3.755262832810600526e-03,2.456977598005937735e-01,1.449764868969994069e-01,-2.052630600000000083e+00,-1.542094450000000005e+00,4.975047663380144369e-01,-2.145701471411055605e-01,-1.309115263512907468e-01,4.157839197706916234e-01,-9.276355269587638341e-02
0.670000,-1.405190919129700386e-02,-6.373565195928097837e-02,1.213212521426921819e-01,-4.919131668382697997e-01,-5.156522282356774678e-01,-4.710901956392391510e-01,5.198059670485793982e-01,-1.188074999999998160e-02,3.973295155181015281e-01,1.161253475604134611e+00,4.894145344209363535e-01,1.635973309437889212e-01,-8.070753781549606237e-03,5.364549999999997792e-02,-5.696599773245905052e-01,-1.139192996495832721e+00,6.298719176214957471e-01,2.443545784648036012e-01,7.512581659904013498e-02,-4.368000000000009375e-02,-8.755446246982064029e-02,7.516008341136354298e-02,-2.006679000000000102e+00,1.587189950000000405e+00,-3.477147542463833174e-01,-2.073231636316602566e-01,3.755262832810600526e-03,2.456977598005937735e-01,1.449764868969994069e-01,-2.052630600000000083e+00,-1.542094450000000005e+00,4.975047663380144369e-01,-2.145701471411055605e-01,-1.309115263512907468e-01,4.157839197706916234e-01,-9.276355269587638341e-02
0.680000,-1.391466514894590389e-02,-6.407876206515873696e-02,1.211600684951486262e-01,-4.919131668382697997e-01,-5.156522282356774678e-01,-4.710901956392391510e-01,5.198059670485793982e-01,-1.188074999999998160e-02,3.973295155181015281e-01,1.161253475604134611e+00,4.894145344209363535e-01,1.635973309437889212e-01,-8.070753781549606237e-03,5.364549999999997792e-02,-5.696599773245905052e-01,-1.139192996495832721e+00,6.293229414520913334e-01,2.443545784648036012e-01,7.512581659904013498e-02,-4.368000000000009375e-02,-8.781179504922895229e-02,7.516008341136354298e-02,-2.006679000000000102e+00,1.587189950000000405e+00,-3.477147542463833174e-01,-2.056076131022714915e-01,3.755262832810600526e-03,2.456977598005937735e-01,1.449764868969994069e-01,-2.052630600000000083e+00,-1.542094450000000005e+00,4.975047663380144369e-01,-2.145701471411055605e-01,-1.309115263512907468e-01,4.157839197706916234e-01,-9.276355269587638341e-02
0.690000,-1.377590322094678771e-02,-6.442566688515652396e-02,1.210875734964585310e-01,-4.919131668382697997e-01,-5.156522282356774678e-01,-4.710901956392391510e-01,5.198059670485793982e-01,-1.188074999999998160e-02,3.973295155181015281e-01,1.161253475604134611e+00,4.894145344209363535e-01,1.635973309437889212e-01,-8.070753781549606237e-03,5.364549999999997792e-02,-5.696599773245905052e-01,-1.139192996495832721e+00,6.287678937400947854e-01,2.443545784648036012e-01,7.512581659904013498e-02,-4.368000000000009375e-02,-8.807197366422729601e-02,7.516008341136354298e-02,-2.006679000000000102e+00,1.587189950000000405e+00,-3.477147542463833174e-01,-2.038730890022825704e-01,3.755262832810600526e-03,2.456977598005937735e-01,1.449764868969994069e-01,-2.052630600000000083e+00,-1.542094450000000005e+00,4.975047663380144369e-01,-2.145701471411055605e-01,-1.309115263512907468e-01,4.157839197706916234e-01,-9.276355269587638341e-02
0.700000,-1.363865917859568774e-02,-6.476877699103426866e-02,1.210913129064856986e-01,-4.919131668382697997e-01,-5.156522282356774678e-01,-4.710901956392391510e-01,5.198059670485793982e-01,-1.188074999999998160e-02,3.973295155181015281e-01,1.161253475604134611e+00,4.894145344209363535e-01,1.635973309437889212e-01,-8.070753781549606237e-03,5.364549999999997792e-02,-5.696599773245905052e-01,-1.139192996495832721e+00,6.282189175706904827e-01,2.443545784648036012e-01,7.512581659904013498e-02,-4.368000000000009375e-02,-8.832930624363560801e-02,7.516008341136354298e-02,-2.006679000000000102e+00,1.587189950000000405e+00,-3.477147542463833174e-01,-2.021575384728938052e-01,3.755262832810600526e-03,2.456977598005937735e-01,1.449764868969994069e-01,-2.052630600000000083e+00,-1.542094450000000005e+00,4.975047663380144369e-01,-2.145701471411055605e-01,-1.309115263512907468e-01,4.157839197706916234e-01,-9.276355269587638341e-02
0.710000,-1.350591861515068257e-02,-6.510062839964678161e-02,1.210949308267561253e-01,-4.919131668382697997e-01,-5.156522282356774678e-01,-4.710901956392391510e-01,5.198059670485793982e-01,-1.188074999999998160e-02,3.973295155181015281e-01,1.161253475604134611e+00,4.894145344209363535e-01,1.635973309437889212e-01,-8.070753781549606237e-03,5.364549999999997792e-02,-5.696599773245905052e-01,-1.139192996495832721e+00,6.276879553169104620e-01,2.443545784648036012e-01,7.512581659904013498e-02,-4.368000000000009375e-02,-8.857819480009498925e-02,7.516008341136354298e-02,-2.006679000000000102e+00,1.587189950000000405e+00,-3.477147542463833174e-01,-2.004982814298312266e-01,3.755262832810600526e-03,2.456977598005937735e-01,1.449764868969994069e-01,-2.052630600000000083e+00,-1.542094450000000005e+00,4.975047663380144369e-01,-2.145701471411055605e-01,-1.309115263512907468e-01,4.157839197706916234e-01,-9.276355269587638341e-02
0.720000,-1.338051658975599606e-02,-6.541413346313350308e-02,1.210983498272980713e-01,-4.919131668382697997e-01,-5.156522282356774678e-01,-4.710901956392391510e-01,5.198059670485793982e-01,-1.188074999999998160e-02,3.973295155181015281e-01,1.161253475604134611e+00,4.894145344209363535e-01,1.635973309437889212e-01,-8.070753781549606237e-03,5.364549999999997792e-02,-5.696599773245905052e-01,-1.139192996495832721e+00,6.271863472153316188e-01,2.443545784648036012e-01,7.512581659904013498e-02,-4.368000000000009375e-02,-8.881332359771003382e-02,7.516008341136354298e-02,-2.006679000000000102e+00,1.587189950000000405e+00,-3.477147542463833174e-01,-1.989307561123976331e-01,3.755262832810600526e-03,2.456977598005937735e-01,1.449764868969994069e-01,-2.052630600000000083e+00,-1.542094450000000005e+00,4.975047663380144369e-01,-2.145701471411055605e-01,-1.309115263512907468e-01,4.157839197706916234e-01,-9.276355269587638341e-02
0.730000,-1.326503727136610009e-02,-6.570283175910823781e-02,1.211014992339285862e-01,-4.919131668382697997e-01,-5.156522282356774678e-01,-4.710901956392391510e-01,5.198059670485793982e-01,-1.188074999999998160e-02,3.973295155181015281e-01,1.161253475604134611e+00,4.894145344209363535e-01,1.635973309437889212e-01,-8.070753781549606237e-03,5.364549999999997792e-02,-5.696599773245905052e-01,-1.139192996495832721e+00,6.267244299417721320e-01,2.443545784648036012e-01,7.512581659904013498e-02,-4.368000000000009375e-02,-8.902984731969108834e-02,7.516008341136354298e-02,-2.006679000000000102e+00,1.587189950000000405e+00,-3.477147542463833174e-01,-1.974872646325239733e-01,3.755262832810600526e-03,2.456977598005937735e-01,1.449764868969994069e-01,-2.052630600000000083e+00,-1.542094450000000005e+00,4.975047663380144369e-01,-2.145701471411055605e-01,-1.309115263512907468e-01,4.157839197706916234e-01,-9.276355269587638341e-02
0.740000,-1.316171358266981020e-02,-6.596114098084895905e-02,1.211043178918696783e-01,-4.919131668382697997e-01,-5.156522282356774678e-01,-4.710901956392391510e-01,5.198059670485793982e-01,-1.188074999999998160e-02,3.973295155181015281e-01,1.161253475604134611e+00,4.894145344209363535e-01,1.635973309437889212e-01,-8.070753781549606237e-03,5.364549999999997792e-02,-5.696599773245905052e-01,-1.139192996495832721e+00,6.263111351869868892e-01,2.443545784648036012e-01,7.512581659904013498e-02,-4.368000000000009375e-02,-8.922357923599663621e-02,7.516008341136354298e-02,-2.006679000000000102e+00,1.587189950000000405e+00,-3.477147542463833174e-01,-1.961957185238203394e-01,3.755262832810600526e-03,2.456977598005937735e-01,1.449764868969994069e-01,-2.052630600000000083e+00,-1.542094450000000005e+00,4.975047663380144369e-01,-2.145701471411055605e-01,-1.309115263512907468e-01,4.157839197706916234e-01,-9.276355269587638341e-02
0.750000,-1.307232684401438486e-02,-6.618460782748752935e-02,1.211067569345790351e-01,-4.919131668382697997e-01,-5.156522282356774678e-01,-4.710901956392391510e-01,5.198059670485793982e-01,-1.188074999999998160e-02,3.973295155181015281e-01,1.161253475604134611e+00,4.894145344209363535e-01,1.635973309437889212e-01,-8.070753781549606237e-03,5.364549999999997792e-02,-5.696599773245905052e-01,-1.139192996495832721e+00,6.259535882323652434e-01,2.443545784648036012e-01,7.512581659904013498e-02,-4.368000000000009375e-02,-8.939117937097554312e-02,7.516008341136354298e-02,-2.006679000000000102e+00,1.587189950000000405e+00,-3.477147542463833174e-01,-1.950783842906275156e-01,3.755262832810600526e-03,2.456977598005937735e-01,1.449764868969994069e-01,-2.052630600000000083e+00,-1.542094450000000005e+00,4.975047663380144369e-01,-2.145701471411055605e-01,-1.309115263512907468e-01,4.157839197706916234e-01,-9.276355269587638341e-02
0.760000,-1.299810641732962110e-02,-6.637015889419943526e-02,1.211087825541648094e-01,-4.919131668382697997e-01,-5.156522282356774678e-01,-4.710901956392391510e-01,5.198059670485793982e-01,-1.188074999999998160e-02,3.973295155181015281e-01,1.161253475604134611e+00,4.894145344209363535e-01,1.635973309437889212e-01,-8.070753781549606237e-03,5.364549999999997792e-02,-5.696599773245905052e-01,-1.139192996495832721e+00,6.256567065256262161e-01,2.443545784648036012e-01,7.512581659904013498e-02,-4.368000000000009375e-02,-8.953034267100948296e-02,7.516008341136354298e-02,-2.006679000000000102e+00,1.587189950000000405e+00,-3.477147542463833174e-01,-1.941506289570679722e-01,3.755262832810600526e-03,2.456977598005937735e-01,1.449764868969994069e-01,-2.052630600000000083e+00,-1.542094450000000005e+00,4.975047663380144369e-01,-2.145701471411055605e-01,-1.309115263512907468e-01,4.157839197706916234e-01,-9.276355269587638341e-02
0.770000,-1.293962935005195380e-02,-6.651635156239360525e-02,1.211103787695122225e-01,-4.919131668382697997e-01,-5.156522282356774678e-01,-4.710901956392391510e-01,5.198059670485793982e-01,-1.188074999999998160e-02,3.973295155181015281e-01,1.161253475604134611e+00,4.894145344209363535e-01,1.635973309437889212e-01,-8.070753781549606237e-03,5.364549999999997792e-02,-5.696599773245905052e-01,-1.139192996495832721e+00,6.254227982565154775e-01,2.443545784648036012e-01,7.512581659904013498e-02,-4.368000000000009375e-02,-8.963998717215511391e-02,7.516008341136354298e-02,-2.006679000000000102e+00,1.587189950000000405e+00,-3.477147542463833174e-01,-1.934196656160971362e-01,3.755262832810600526e-03,2.456977598005937735e-01,1.449764868969994069e-01,-2.052630600000000083e+00,-1.542094450000000005e+00,4.975047663380144369e-01,-2.145701471411055605e-01,-1.309115263512907468e-01,4.157839197706916234e-01,-9.276355269587638341e-02
0.780000,-1.289672001904855481e-02,-6.662362488990210274e-02,1.211115501884094531e-01,-4.919131668382697997e-01,-5.156522282356774678e-01,-4.710901956392391510e-01,5.198059670485793982e-01,-1.188074999999998160e-02,3.973295155181015281e-01,1.161253475604134611e+00,4.894145344209363535e-01,1.635973309437889212e-01,-8.070753781549606237e-03,5.364549999999997792e-02,-5.696599773245905052e-01,-1.139192996495832721e+00,6.252511609325018815e-01,2.443545784648036012e-01,7.512581659904013498e-02,-4.368000000000009375e-02,-8.972044216778647663e-02,7.516008341136354298e-02,-2.006679000000000102e+00,1.587189950000000405e+00,-3.477147542463833174e-01,-1.928832989785546348e-01,3.755262832810600526e-03,2.456977598005937735e-01,1.449764868969994069e-01,-2.052630600000000083e+00,-1.542094450000000005e+00,4.975047663380144369e-01,-2.145701471411055605e-01,-1.309115263512907468e-01,4.157839197706916234e-01,-9.276355269587638341e-02
0.790000,-1.286834977454142867e-02,-6.669455050116991635e-02,1.211123247606520070e-01,-4.919131668382697997e-01,-5.156522282356774678e-01,-4.710901956392391510e-01,5.198059670485793982e-01,-1.188074999999998160e-02,3.973295155181015281e-01,1.161253475604134611e+00,4.894145344209363535e-01,1.635973309437889212e-01,-8.070753781549606237e-03,5.364549999999997792e-02,-5.696599773245905052e-01,-1.139192996495832721e+00,6.251376799544734464e-01,2.443545784648036012e-01,7.512581659904013498e-02,-4.368000000000009375e-02,-8.977363637623733683e-02,7.516008341136354298e-02,-2.006679000000000102e+00,1.587189950000000405e+00,-3.477147542463833174e-01,-1.925286709222155390e-01,3.755262832810600526e-03,2.456977598005937735e-01,1.449764868969994069e-01,-2.052630600000000083e+00,-1.542094450000000005e+00,4.975047663380144369e-01,-2.145701471411055605e-01,-1.309115263512907468e-01,4.157839197706916234e-01,-9.276355269587638341e-02
0.800000,-1.285253658403151880e-02,-6.673408347744469449e-02,1.211127565203830997e-01,-4.919131668382697997e-01,-5.156522282356774678e-01,-4.710901956392391510e-01,5.198059670485793982e-01,-1.188074999999998160e-02,3.973295155181015281e-01,1.161253475604134611e+00,4.894145344209363535e-01,1.635973309437889212e-01,-8.070753781549606237e-03,5.364549999999997792e-02,-5.696599773245905052e-01,-1.139192996495832721e+00,6.250744271924337792e-01,2.443545784648036012e-01,7.512581659904013498e-02,-4.368000000000009375e-02,-8.980328610844343085e-02,7.516008341136354298e-02,-2.006679000000000102e+00,1.587189950000000405e+00,-3.477147542463833174e-01,-1.923310060408416899e-01,3.755262832810600526e-03,2.456977598005937735e-01,1.449764868969994069e-01,-2.052630600000000083e+00,-1.542094450000000005e+00,4.975047663380144369e-01,-2.145701471411055605e-01,-1.309115263512907468e-01,4.157839197706916234e-01,-9.276355269587638341e-02
0.810000,-1.284624467622279102e-02,-6.674981324696652174e-02,1.211129283178988270e-01,-4.919131668382697997e-01,-5.156522282356774678e-01,-4.710901956392391510e-01,5.198059670485793982e-01,-1.188074999999998160e-02,3.973295155181015281e-01,1.161253475604134611e+00,4.894145344209363535e-01,1.635973309437889212e-01,-8.070753781549606237e-03,5.364549999999997792e-02,-5.696599773245905052e-01,-1.139192996495832721e+00,6.250492595611988333e-01,2.443545784648036012e-01,7.512581659904013498e-02,-4.368000000000009375e-02,-8.981508343558479435e-02,7.516008341136354298e-02,-2.006679000000000102e+00,1.587189950000000405e+00,-3.477147542463833174e-01,-1.922523571932325814e-01,3.755262832810600526e-03,2.456977598005937735e-01,1.449764868969994069e-01,-2.052630600000000083e+00,-1.542094450000000005e+00,4.975047663380144369e-01,-2.145701471411055605e-01,-1.309115263512907468e-01,4.157839197706916234e-01,-9.276355269587638341e-02
0.820000,-1.284528418494634665e-02,-6.675221447515762574e-02,1.211129545438866112e-01,-4.919131668382697997e-01,-5.156522282356774678e-01,-4.710901956392391510e-01,5.198059670485793982e-01,-1.188074999999998160e-02,3.973295155181015281e-01,1.161253475604134611e+00,4.894145344209363535e-01,1.635973309437889212e-01,-8.070753781549606237e-03,5.364549999999997792e-02,-5.696599773245905052e-01,-1.139192996495832721e+00,6.250454175960931114e-01,2.443545784648036012e-01,7.512581659904013498e-02,-4.368000000000009375e-02,-8.981688435672811888e-02,7.516008341136354298e-02,-2.006679000000000102e+00,1.587189950000000405e+00,-3.477147542463833174e-01,-1.922403510522770476e-01,3.755262832810600526e-03,2.456977598005937735e-01,1.449764868969994069e-01,-2.052630600000000083e+00,-1.542094450000000005e+00,4.975047663380144369e-01,-2.145701471411055605e-01,-1.309115263512907468e-01,4.157839197706916234e-01,-9.276355269587638341e-02
0.830000,-1.284463135629426885e-02,-6.675711069004820752e-02,1.211118516155063607e-01,-4.919131668382697997e-01,-5.156522282356774678e-01,-4.710901956392391510e-01,5.198059670485793982e-01,-1.187905264550458140e-02,3.973295155181015281e-01,1.161253475604134611e+00,4.894162317754317537e-01,1.635973309437889212e-01,-8.070753781549606237e-03,5.364079963370502191e-02,-5.696615441133555668e-01,-1.139197827427858023e+00,6.250391504410330867e-01,2.443574509108727422e-01,7.512581659904013498e-02,-4.367771509971782318e-02,-8.981770039254322047e-02,7.515951218629296493e-02,-2.006671818884827374e+00,1.587192561314608508e+00,-3.477180183896437238e-01,-1.922297425866807963e-01,3.755262832810600526e-03,2.457000447008760580e-01,1.449764868969994069e-01,-2.052632721693119500e+00,-1.542095266035814927e+00,4.975047663380144369e-01,-2.145714527984096953e-01,-1.309115263512907468e-01,4.157839197706916234e-01,-9.276355269587638341e-02
0.840000,-1.284021019434740916e-02,-6.679026940464966033e-02,1.211043821336339893e-01,-4.919131668382697997e-01,-5.156522282356774678e-01,-4.710901956392391510e-01,5.198059670485793982e-01,-1.186755762444274484e-02,3.973295155181015281e-01,1.161253475604134611e+00,4.894277267964936007e-01,1.635973309437889212e-01,-8.070753781549606237e-03,5.360896726768762943e-02,-5.696721549020279385e-01,-1.139230544026264891e+00,6.249967072863432671e-01,2.443769040234389234e-01,7.512581659904013498e-02,-4.366224103290380909e-02,-8.982322684497678900e-02,7.515564366958946141e-02,-2.006623186103411616e+00,1.587210245962396016e+00,-3.477401241993780534e-01,-1.921578987050442944e-01,3.755262832810600526e-03,2.457155187676900721e-01,1.449764868969994069e-01,-2.052647090469446489e+00,-1.542100792488248606e+00,4.975047663380144369e-01,-2.145802951223034216e-01,-1.309115263512907468e-01,4.157839197706916234e-01,-9.276355269587638341e-02
0.850000,-1.282865337443687102e-02,-6.687694555397870333e-02,1.210848562304256415e-01,-4.919131668382697997e-01,-5.156522282356774678e-01,-4.710901956392391510e-01,5.198059670485793982e-01,-1.183750989267534290e-02,3.973295155181015281e-01,1.161253475604134611e+00,4.894577745282610026e-01,1.635973309437889212e-01,-8.070753781549606237e-03,5.352575816433174927e-02,-5.696998912698132411e-01,-1.139316064493602898e+00,6.248857618152020565e-01,2.444277540310452745e-01,7.512581659904013498e-02,-4.362179216321692560e-02,-8.983767286986496514e-02,7.514553145216774921e-02,-2.006496061084395599e+00,1.587256473242038224e+00,-3.477979082989307580e-01,-1.919701003814980322e-01,3.755262832810600526e-03,2.457559676373769486e-01,1.449764868969994069e-01,-2.052684650134156019e+00,-1.542115238513136699e+00,4.975047663380144369e-01,-2.146034087621244979e-01,-1.309115263512907468e-01,4.157839197706916234e-01,-9.276355269587638341e-02
0.860000,-1.280701538418717658e-02,-6.703923048085140557e-02,1.210482943424638219e-01,-4.919131668382697997e-01,-5.156522282356774678e-01,-4.710901956392391510e-01,5.198059670485793982e-01,-1.178125111802614047e-02,3.973295155181015281e-01,1.161253475604134611e+00,4.895140333029102120e-01,1.635973309437889212e-01,-8.070753781549606237e-03,5.336996463453395206e-02,-5.697518224464125369e-01,-1.139476185621450588e+00,6.246780371088049844e-01,2.445229611881439280e-01,7.512581659904013498e-02,-4.354605919734300112e-02,-8.986472035767709143e-02,7.512659821069926636e-02,-2.006258043191649243e+00,1.587343025203036939e+00,-3.479060982501792076e-01,-1.916184830399405015e-01,3.755262832810600526e-03,2.458317006032508800e-01,1.449764868969994069e-01,-2.052754973602467281e+00,-1.542142286000948825e+00,4.975047663380144369e-01,-2.146466847426238833e-01,-1.309115263512907468e-01,4.157839197706916234e-01,-9.276355269587638341e-02
0.870000,-1.277275530668796691e-02,-6.729618106209547812e-02,1.209903960816321317e-01,-4.919131668382697997e-01,-5.156522282356774678e-01,-4.710901956392391510e-01,5.198059670485793982e-01,-1.169217491652819671e-02,3.973295155181015281e-01,1.161253475604134611e+00,4.896031095044081627e-01,1.635973309437889212e-01,-8.070753781549606237e-03,5.312329207653964519e-02,-5.698340466324106623e-01,-1.139729710194944845e+00,6.243491403648125937e-01,2.446737055291404728e-01,7.512581659904013498e-02,-4.342614892609576727e-02,-8.990754545455109659e-02,7.509662064288745442e-02,-2.005881182339157576e+00,1.587480065513033889e+00,-3.480773986376752283e-01,-1.910617567805783512e-01,3.755262832810600526e-03,2.459516108744981278e-01,1.449764868969994069e-01,-2.052866318854339678e+00,-1.542185111097822858e+00,4.975047663380144369e-01,-2.147152048976223027e-01,-1.309115263512907468e-01,4.157839197706916234e-01,-9.276355269587638341e-02
0.880000,-1.272371960366569695e-02,-6.766394883476249678e-02,1.209075089535712189e-01,-4.919131668382697997e-01,-5.156522282356774678e-01,-4.710901956392391510e-01,5.198059670485793982e-01,-1.156468208867029307e-02,3.973295155181015281e-01,1.161253475604134611e+00,4.897306023322660629e-01,1.635973309437889212e-01,-8.070753781549606237e-03,5.277023501477930145e-02,-5.699517323196641172e-01,-1.140092574397309599e+00,6.238783976157987743e-01,2.448894626224384641e-01,7.512581659904013498e-02,-4.325452396551782153e-02,-8.996884008332893534e-02,7.505371440274297146e-02,-2.005341789605912695e+00,1.587676208325123017e+00,-3.483225771527865833e-01,-1.902649266064664613e-01,3.755262832810600526e-03,2.461232358350760596e-01,1.449764868969994069e-01,-2.053025684889162150e+00,-1.542246405726600766e+00,4.975047663380144369e-01,-2.148132763036668391e-01,-1.309115263512907468e-01,4.157839197706916234e-01,-9.276355269587638341e-02
0.890000,-1.265812489865532874e-02,-6.815590912234024967e-02,1.207965972138546062e-01,-4.919131668382697997e-01,-5.156522282356774678e-01,-4.710901956392391510e-01,5.198059670485793982e-01,-1.139413585564333711e-02,3.973295155181015281e-01,1.161253475604134611e+00,4.899011485652929876e-01,1.635973309437889212e-01,-8.070753781549606237e-03,5.229795313870466006e-02,-5.701091596116889537e-01,-1.140577975214386308e+00,6.232486884476993172e-01,2.451780793244840717e-01,7.512581659904013498e-02,-4.302494249798153453e-02,-9.005083346459188953e-02,7.499631903585890491e-02,-2.004620247850798620e+00,1.587938587145164337e+00,-3.486505506778384555e-01,-1.891990126500480152e-01,3.755262832810600526e-03,2.463528173026123536e-01,1.449764868969994069e-01,-2.053238867680446056e+00,-1.542328399107863790e+00,4.975047663380144369e-01,-2.149444657136875825e-01,-1.309115263512907468e-01,4.157839197706916234e-01,-9.276355269587638341e-02
0.900000,-1.257454076017203853e-02,-6.878279016096493226e-02,1.206552110834799157e-01,-4.919131668382697997e-01,-5.156522282356774678e-01,-4.710901956392391510e-01,5.198059670485793982e-01,-1.117681709558678016e-02,3.973295155181015281e-01,1.161253475604134611e+00,4.901184673253495827e-01,1.635973309437889212e-01,-8.070753781549606237e-03,5.169614734162496228e-02,-5.703097615440488877e-01,-1.141196497839162660e+00,6.224462807182596924e-01,2.455458495338105340e-01,7.512581659904013498e-02,-4.273239801329001275e-02,-9.015531363769600792e-02,7.492318291468602620e-02,-2.003700822327482811e+00,1.588272923699097561e+00,-3.490684713702548736e-01,-1.878407703996945177e-01,3.755262832810600526e-03,2.466453617873038684e-01,1.449764868969994069e-01,-2.053510516130516717e+00,-1.542432879280967839e+00,4.975047663380144369e-01,-2.151116339906541663e-01,-1.309115263512907468e-01,4.157839197706916234e-01,-9.276355269587638341e-02
0.910000,-1.247187248488290309e-02,-6.955280222563345327e-02,1.205223892149969445e-01,-4.919131668382697997e-01,-5.156522282356774678e-01,-4.710901956392391510e-01,5.198059670485793982e-01,-1.090987957983502801e-02,3.973295155181015281e-01,1.161253475604134611e+00,4.903854048411013244e-01,1.635973309437889212e-01,-8.070753781549606237e-03,5.095693575954318016e-02,-5.705561654047427433e-01,-1.141956243076302169e+00,6.214606652754840477e-01,2.459975899450827508e-01,7.512581659904013498e-02,-4.237305904977803350e-02,-9.028364898180743503e-02,7.483334817380801751e-02,-2.002571471299302353e+00,1.588683596800254172e+00,-3.495818127467005820e-01,-1.861724109262460625e-01,3.755262832810600526e-03,2.470047007508158476e-01,1.449764868969994069e-01,-2.053844188025206297e+00,-1.542561214625079336e+00,4.975047663380144369e-01,-2.153169705412324442e-01,-1.309115263512907468e-01,4.157839197706916234e-01,-9.276355269587638341e-02
0.920000,-1.234934388077860157e-02,-7.047176675641571297e-02,1.204216419078102396e-01,-4.919131668382697997e-01,-5.156522282356774678e-01,-4.710901956392391510e-01,5.198059670485793982e-01,-1.059130520916384301e-02,3.973295155181015281e-01,1.161253475604134611e+00,4.907039792117725008e-01,1.635973309437889212e-01,-8.070753781549606237e-03,5.007472980999221751e-02,-5.708502340545931197e-01,-1.142862954746673987e+00,6.202843906760826531e-01,2.465367158031416817e-01,7.512581659904013498e-02,-4.194420893541297990e-02,-9.043680973693780933e-02,7.472613564521676799e-02,-2.001223656654154581e+00,1.589173711216671281e+00,-3.501944557672220792e-01,-1.841813211095511549e-01,3.755262832810600526e-03,2.474335508651809012e-01,1.449764868969994069e-01,-2.054242405988545350e+00,-1.542714375380209724e+00,4.975047663380144369e-01,-2.155620277494410542e-01,-1.309115263512907468e-01,4.157839197706916234e-01,-9.276355269587638341e-02
0.930000,-1.220648005034511568e-02,-7.154324548466686751e-02,1.203041661834809012e-01,-4.919131668382697997e-01,-5.156522282356774678e-01,-4.710901956392391510e-01,5.198059670485793982e-01,-1.021985925003677902e-02,3.973295155181015281e-01,1.161253475604134611e+00,4.910754251708995821e-01,1.635973309437889212e-01,-8.070753781549606237e-03,4.904611023087111082e-02,-5.711931072476335025e-01,-1.143920147091881834e+00,6.189128979039212330e-01,2.471653166570490223e-01,7.512581659904013498e-02,-4.144418552889578278e-02,-9.061538952497966148e-02,7.460112979358746177e-02,-1.999652154519386382e+00,1.589745166538405252e+00,-3.509087749193894878e-01,-1.818597838650070075e-01,3.755262832810600526e-03,2.479335742716980984e-01,1.449764868969994069e-01,-2.054706713437453924e+00,-1.542892955168251534e+00,4.975047663380144369e-01,-2.158477554103080120e-01,-1.309115263512907468e-01,4.157839197706916234e-01,-9.276355269587638341e-02
0.940000,-1.204309017373542123e-02,-7.276866955923956548e-02,1.201698014175058421e-01,-4.919131668382697997e-01,-5.156522282356774678e-01,-4.710901956392391510e-01,5.198059670485793982e-01,-9.795045570851574832e-03,3.973295155181015281e-01,1.161253475604134611e+00,4.915002388500847585e-01,1.635973309437889212e-01,-8.070753781549606237e-03,4.786970311928132049e-02,-5.715852429514967081e-01,-1.145129232178793588e+00,6.173443550884681885e-01,2.478842321141316585e-01,7.512581659904013498e-02,-4.087232096076185567e-02,-9.081962687074177087e-02,7.445816365155397132e-02,-1.997854865876679931e+00,1.590398726044844002e+00,-3.517257243024379809e-01,-1.792046983700995022e-01,3.755262832810600526e-03,2.485054388398320324e-01,1.449764868969994069e-01,-2.055237730536435770e+00,-1.543097192514013560e+00,4.975047663380144369e-01,-2.161745351635274148e-01,-1.309115263512907468e-01,4.157839197706916234e-01,-9.276355269587638341e-02
0.950000,-1.185925029194118997e-02,-7.414746867269629560e-02,1.200186058988117893e-01,-4.919131668382697997e-01,-5.156522282356774678e-01,-4.710901956392391510e-01,5.198059670485793982e-01,-9.317061878186575288e-03,3.973295155181015281e-01,1.161253475604134611e+00,4.919782225427497546e-01,1.635973309437889212e-01,-8.070753781549606237e-03,4.654605597036285541e-02,-5.720264586678028840e-01,-1.146489647304070880e+00,6.155794922232435962e-01,2.486931275940262864e-01,7.512581659904013498e-02,-4.022888137448204365e-02,-9.104942672298456385e-02,7.429730375498402872e-02,-1.995832627176943319e+00,1.591134085572020851e+00,-3.526449237114090973e-01,-1.762173002909432351e-01,3.755262832810600526e-03,2.491488784261118306e-01,1.449764868969994069e-01,-2.055835210152266779e+00,-1.543326992366256478e+00,4.975047663380144369e-01,-2.165422149271158669e-01,-1.309115263512907468e-01,4.157839197706916234e-01,-9.276355269587638341e-02
0.960000,-1.165528608996448633e-02,-7.567720018752158162e-02,1.198508427727470044e-01,-4.919131668382697997e-01,-5.156522282356774678e-01,-4.710901956392391510e-01,5.198059670485793982e-01,-8.786754953047147196e-03,3.973295155181015281e-01,1.161253475604134611e+00,4.925085294678892001e-01,1.635973309437889212e-01,-8.070753781549606237e-03,4.507751371613059194e-02,-5.725159727525469533e-01,-1.147998982398698464e+00,6.136214358842672079e-01,2.495905700827237839e-01,7.512581659904013498e-02,-3.951500666756357916e-02,-9.130438197545544254e-02,7.411883507825441086e-02,-1.993589020955199409e+00,1.591949942379927707e+00,-3.536647447212926121e-01,-1.729028820088218121e-01,3.755262832810600526e-03,2.498627531330303020e-01,1.449764868969994069e-01,-2.056498093808690975e+00,-1.543581947618727357e+00,4.975047663380144369e-01,-2.169501433310692673e-01,-1.309115263512907468e-01,4.157839197706916234e-01,-9.276355269587638341e-02
0.970000,-1.143175567998945541e-02,-7.735367826233430222e-02,1.196669660084542924e-01,-4.919131668382697997e-01,-5.156522282356774678e-01,-4.710901956392391510e-01,5.198059670485793982e-01,-8.205575887112065772e-03,3.973295155181015281e-01,1.161253475604134611e+00,4.930897085338242780e-01,1.635973309437889212e-01,-8.070753781549606237e-03,4.346809476431036379e-02,-5.730524457364870594e-01,-1.149653107432513810e+00,6.114755439485068944e-01,2.505741038866139414e-01,7.512581659904013498e-02,-3.873265023265097529e-02,-9.158379498792423856e-02,7.392324596952626337e-02,-1.991130186445474237e+00,1.592844064019827810e+00,-3.547823967711677962e-01,-1.692705128467275610e-01,3.755262832810600526e-03,2.506451095679428920e-01,1.449764868969994069e-01,-2.057224567641109836e+00,-1.543861360631196167e+00,4.975047663380144369e-01,-2.173972041510193187e-01,-1.309115263512907468e-01,4.157839197706916234e-01,-9.276355269587638341e-02
0.980000,-1.118943238455403534e-02,-7.917110297809995534e-02,1.195021654135684508e-01,-4.919131668382697997e-01,-5.156522282356774678e-01,-4.710901956392391510e-01,5.198059670485793982e-01,-7.575535318979973939e-03,3.973295155181015281e-01,1.161253475604134611e+00,4.937197491019563733e-01,1.635973309437889212e-01,-8.070753781549606237e-03,4.172336703717534345e-02,-5.736340216455321217e-01,-1.151446299818735808e+00,6.091492403123268673e-01,2.516403263865297779e-01,7.512581659904013498e-02,-3.788451869862700938e-02,-9.188669910721851408e-02,7.371121308602027189e-02,-1.988464630195684535e+00,1.593813357201569580e+00,-3.559940132483448982e-01,-1.653327592959019654e-01,3.755262832810600526e-03,2.514932411019668579e-01,1.449764868969994069e-01,-2.058012118351275177e+00,-1.544164264750490290e+00,4.975047663380144369e-01,-2.178818507418901762e-01,-1.309115263512907468e-01,4.157839197706916234e-01,-9.276355269587638341e-02
0.990000,-1.092928751972164526e-02,-8.112218946434288092e-02,1.194644964425353728e-01,-4.919131668382697997e-01,-5.156522282356774678e-01,-4.710901956392391510e-01,5.198059670485793982e-01,-6.899158670415760086e-03,3.973295155181015281e-01,1.161253475604134611e+00,4.943961257505206097e-01,1.635973309437889212e-01,-8.070753781549606237e-03,3.985032401038213212e-02,-5.742583693211298357e-01,-1.153371371818495472e+00,6.066518496099359004e-01,2.527849637917922720e-01,7.512581659904013498e-02,-3.697401167171363717e-02,-9.221188018825900168e-02,7.348358632929193057e-02,-1.985603036682528355e+00,1.594853936660899141e+00,-3.572947375725068486e-01,-1.611054052423756267e-01,3.755262832810600526e-03,2.524037481288802232e-01,1.449764868969994069e-01,-2.058857589161980250e+00,-1.544489445831530805e+00,4.975047663380144369e-01,-2.184021404715549564e-01,-1.309115263512907468e-01,4.157839197706916234e-01,-9.276355269587638341e-02
1.000000,-1.065247317825288205e-02,-8.319829702535860849e-02,1.194547914913626496e-01,-4.919131668382697997e-01,-5.156522282356774678e-01,-4.710901956392391510e-01,5.198059670485793982e-01,-6.179441382596973995e-03,3.973295155181015281e-01,1.161253475604134611e+00,4.951158430383393871e-01,1.635973309437889212e-01,-8.070753781549606237e-03,3.785726075180703698e-02,-5.749227237406548952e-01,-1.155419797945364424e+00,6.039944319318357735e-01,2.540029468942548441e-01,7.512581659904013498e-02,-3.600516147657296939e-02,-9.255789811509496090e-02,7.324137378050675495e-02,-1.982558078926371703e+00,1.595961194026774166e+00,-3.586788092798506855e-01,-1.566071721935082262e-01,3.755262832810600526e-03,2.533725983240209256e-01,1.449764868969994069e-01,-2.059757235771753958e+00,-1.544835463758366778e+00,4.975047663380144369e-01,-2.189557691544924689e-01,-1.309115263512907468e-01,4.157839197706916234e-01,-9.276355269587638341e-02
1.010000,-1.036030501277721873e-02,-8.538955826642607994e-02,1.194792399389379145e-01,-4.919131668382697997e-01,-5.156522282356774678e-01,-4.710901956392391510e-01,5.198059670485793982e-01,-5.419804152360251440e-03,3.973295155181015281e-01,1.161253475604134611e+00,4.958754802685760854e-01,1.635973309437889212e-01,-8.070753781549606237e-03,3.575364996038226523e-02,-5.756239273377964372e-01,-1.157581842369884262e+00,6.011896175432694944e-01,2.552884868223477266e-01,7.512581659904013498e-02,-3.498257289740815124e-02,-9.292310832193953485e-02,7.298572663571555041e-02,-1.979344229106139608e+00,1.597129866688676847e+00,-3.601396501072289813e-01,-1.518594395045287093e-01,3.755262832810600526e-03,2.543951869031857438e-01,1.449764868969994069e-01,-2.060706782309549734e+00,-1.545200673965211324e+00,4.975047663380144369e-01,-2.195401054854438094e-01,-1.309115263512907468e-01,4.157839197706916234e-01,-9.276355269587638341e-02
1.020000,-1.005424501896470812e-02,-8.768500822001991379e-02,1.195441163995656642e-01,-4.919131668382697997e-01,-5.156522282356774678e-01,-4.710901956392391510e-01,5.198059670485793982e-01,-4.624048168447721444e-03,3.973295155181015281e-01,1.161253475604134611e+00,4.966712362524886015e-01,1.635973309437889212e-01,-8.070753781549606237e-03,3.355001800493218056e-02,-5.763584713229464862e-01,-1.159846686324096821e+00,5.982514416026692983e-01,2.566351507951227795e-01,7.512581659904013498e-02,-3.391136291906435979e-02,-9.330568331420517614e-02,7.271792414112959735e-02,-1.975977569174201864e+00,1.598354106663926855e+00,-3.616699500762915465e-01,-1.468859646050754142e-01,3.755262832810600526e-03,2.554663968815295005e-01,1.449764868969994069e-01,-2.061701477289440199e+00,-1.545583248957477007e+00,4.975047663380144369e-01,-2.201522254730688410e-01,-1.309115263512907468e-01,4.157839197706916234e-01,-9.276355269587638341e-02
1.030000,-9.735884318697669154e-03,-9.007271347202271128e-02,1.196555705354141325e-01,-4.919131668382697997e-01,-5.156522282356774678e-01,-4.710901956392391510e-01,5.198059670485793982e-01,-3.796310347753418732e-03,3.973295155181015281e-01,1.161253475604134611e+00,4.974989740731829424e-01,1.635973309437889212e-01,-8.070753781549606237e-03,3.125782096300949719e-02,-5.771225370035873992e-01,-1.162202555506072876e+00,5.951951788801057575e-01,2.580359378762977496e-01,7.512581659904013498e-02,-3.279710046812971819e-02,-9.370363418953897572e-02,7.243935852839594736e-02,-1.972475601471264550e+00,1.599627549464994969e+00,-3.632617535776267448e-01,-1.417126032257360058e-01,3.755262832810600526e-03,2.565806593324641560e-01,1.449764868969994069e-01,-2.062736149565308263e+00,-1.545981199832810793e+00,4.975047663380144369e-01,-2.207889468736028982e-01,-1.309115263512907468e-01,4.157839197706916234e-01,-9.276355269587638341e-02
1.040000,-9.406925943242386984e-03,-9.253990128793732062e-02,1.198193857646054905e-01,-4.919131668382697997e-01,-5.156522282356774678e-01,-4.710901956392391510e-01,5.198059670485793982e-01,-2.941018571569685783e-03,3.973295155181015281e-01,1.161253475604134611e+00,4.983542658493666511e-01,1.635973309437889212e-01,-8.070753781549606237e-03,2.888932065973146696e-02,-5.779120371046799765e-01,-1.164636847484441962e+00,5.920371784757350042e-01,2.594833547283010300e-01,7.512581659904013498e-02,-3.164574615403623059e-02,-9.411483215885807496e-02,7.215151994987256678e-02,-1.968857059341256432e+00,1.600943382966816042e+00,-3.649065454549031418e-01,-1.363670296245876878e-01,3.755262832810600526e-03,2.577320136465576228e-01,1.449764868969994069e-01,-2.063805264285537788e+00,-1.546392397802129892e+00,4.975047663380144369e-01,-2.214468636245134625e-01,-1.309115263512907468e-01,4.157839197706916234e-01,-9.276355269587638341e-02
1.050000,-9.069167616420820144e-03,-9.507308873909905977e-02,1.200407184924426190e-01,-4.919131668382697997e-01,-5.156522282356774678e-01,-4.710901956392391510e-01,5.198059670485793982e-01,-2.062846921833615642e-03,3.973295155181015281e-01,1.161253475604134611e+00,4.992324374991027325e-01,1.635973309437889212e-01,-8.070753781549606237e-03,2.645746070661619820e-02,-5.787226570890517952e-01,-1.167136259102921736e+00,5.887946985382480625e-01,2.609694913663159199e-01,7.512581659904013498e-02,-3.046359201016075186e-02,-9.453703006738503611e-02,7.185598141390370230e-02,-1.965141717746219152e+00,1.602294416274102407e+00,-3.665953370890109864e-01,-1.308784568137372206e-01,3.755262832810600526e-03,2.589141677904331362e-01,1.449764868969994069e-01,-2.064902978847707793e+00,-1.546814595710656937e+00,4.975047663380144369e-01,-2.221223802781565893e-01,-1.309115263512907468e-01,4.157839197706916234e-01,-9.276355269587638341e-02
1.060000,-8.724484537782285082e-03,-9.765821182888807794e-02,1.203238330481996993e-01,-4.919131668382697997e-01,-5.156522282356774678e-01,-4.710901956392391510e-01,5.198059670485793982e-01,-1.166670917373423613e-03,3.973295155181015281e-01,1.161253475604134611e+00,5.001286135035629687e-01,1.635973309437889212e-01,-8.070753781549606237e-03,2.397574254041874228e-02,-5.795498964777843209e-01,-1.169686913884846913e+00,5.854857409833180704e-01,2.624860969123254395e-01,7.512581659904013498e-02,-2.925720123492588087e-02,-9.496788391568319887e-02,7.155438372009498282e-02,-1.961350203881195409e+00,1.603673148588656616e+00,-3.683187524822036374e-01,-1.252773567858610493e-01,3.755262832810600526e-03,2.601205585656680142e-01,1.449764868969994069e-01,-2.066023198853283116e+00,-1.547245449558955155e+00,4.975047663380144369e-01,-2.228117464354336663e-01,-1.309115263512907468e-01,4.157839197706916234e-01,-9.276355269587638341e-02
1.070000,-8.374812165775158065e-03,-1.002807546189415366e-01,1.206718492468769333e-01,-4.919131668382697997e-01,-5.156522282356774678e-01,-4.710901956392391510e-01,5.198059670485793982e-01,-2.575227501548918094e-04,3.973295155181015281e-01,1.161253475604134611e+00,5.010377616707814008e-01,1.635973309437889212e-01,-8.070753781549606237e-03,2.145810146196742638e-02,-5.803891101706013522e-01,-1.172274489437699518e+00,5.821288862120496121e-01,2.640246553491568116e-01,7.512581659904013498e-02,-2.803334793290093371e-02,-9.540497438069210634e-02,7.124842039458875731e-02,-1.957503807789116923e+00,1.605071838076685076e+00,-3.700671143422392673e-01,-1.195951807407452105e-01,3.755262832810600526e-03,2.613444118676929717e-01,1.449764868969994069e-01,-2.067159634062306406e+00,-1.547682540023963993e+00,4.975047663380144369e-01,-2.235110911794479238e-01,-1.309115263512907468e-01,4.157839197706916234e-01,-9.276355269587638341e-02
1.080000,-8.022129000918570146e-03,-1.029258783553659296e-01,1.210865202442387989e-01,-4.919131668382697997e-01,-5.156522282356774678e-01,-4.710901956392391510e-01,5.198059670485793982e-01,6.594534784722353056e-04,3.973295155181015281e-01,1.161253475604134611e+00,5.019547378994085873e-01,1.635973309437889212e-01,-8.070753781549606237e-03,1.891878267500000238e-02,-5.812355497662572423e-01,-1.174884344857638263e+00,5.787431278294263848e-01,2.655764612745258324e-01,7.512581659904013498e-02,-2.679895685590287860e-02,-9.584582833676283387e-02,7.093982262533923833e-02,-1.953624292975694399e+00,1.606482570736111448e+00,-3.718305301665222329e-01,-1.138640793118256694e-01,3.755262832810600526e-03,2.625788029446909921e-01,1.449764868969994069e-01,-2.068305854348090556e+00,-1.548123393980034734e+00,4.975047663380144369e-01,-2.242164575091610823e-01,-1.309115263512907468e-01,4.157839197706916234e-01,-9.276355269587638341e-02
1.090000,-7.668439368974117737e-03,-1.055785505949493330e-01,1.215680575654895651e-01,-4.919131668382697997e-01,-5.156522282356774678e-01,-4.710901956392391510e-01,5.198059670485793982e-01,1.579046521527812871e-03,3.973295155181015281e-01,1.161253475604134611e+00,5.028743309424641428e-01,1.635973309437889212e-01,-8.070753781549606237e-03,1.637221732499993115e-02,-5.820844048829239004e-01,-1.177501648134027246e+00,5.753477073627596416e-01,2.671326956550814091e-01,7.512581659904013498e-02,-2.556104314409729170e-02,-9.628794037669341499e-02,7.063034419738783987e-02,-1.949733707024305485e+00,1.607897329263889175e+00,-3.735989783262445019e-01,-1.081166227927282952e-01,3.755262832810600526e-03,2.638167166564965860e-01,1.449764868969994069e-01,-2.069455345651909806e+00,-1.548565506019965232e+00,4.975047663380144369e-01,-2.249238367730500010e-01,-1.309115263512907468e-01,4.157839197706916234e-01,-9.276355269587638341e-02
1.100000,-7.315756204117532420e-03,-1.082236743313737259e-01,1.221150177704242862e-01,-4.919131668382697997e-01,-5.156522282356774678e-01,-4.710901956392391510e-01,5.198059670485793982e-01,2.496022750154936083e-03,3.973295155181015281e-01,1.161253475604134611e+00,5.037913071710913293e-01,1.635973309437889212e-01,-8.070753781549606237e-03,1.383289853803251757e-02,-5.829308444785796794e-01,-1.180111503553965990e+00,5.719619489801364143e-01,2.686845015804503745e-01,7.512581659904013498e-02,-2.432665206709924005e-02,-9.672879433276414252e-02,7.032174642813832088e-02,-1.945854192210882960e+00,1.609308061923315547e+00,-3.753623941505274120e-01,-1.023855213638087819e-01,3.755262832810600526e-03,2.650511077334946619e-01,1.449764868969994069e-01,-2.070601565937693955e+00,-1.549006359976035974e+00,4.975047663380144369e-01,-2.256292031027631872e-01,-1.309115263512907468e-01,4.157839197706916234e-01,-9.276355269587638341e-02
1.110000,-6.966083832110403669e-03,-1.108462171214271985e-01,1.227242613652309577e-01,-4.919131668382697997e-01,-5.156522282356774678e-01,-4.710901956392391510e-01,5.198059670485793982e-01,3.405170917373470489e-03,3.973295155181015281e-01,1.161253475604134611e+00,5.047004553383098724e-01,1.635973309437889212e-01,-8.070753781549606237e-03,1.131525745958119472e-02,-5.837700581713968218e-01,-1.182699079106818818e+00,5.686050942088680671e-01,2.702230600172817465e-01,7.512581659904013498e-02,-2.310279876507429289e-02,-9.716588479777304999e-02,7.001578310263209537e-02,-1.942007796118804475e+00,1.610706751411344007e+00,-3.771107560105630419e-01,-9.670334531869294314e-02,3.755262832810600526e-03,2.662749610355196195e-01,1.449764868969994069e-01,-2.071738001146716801e+00,-1.549443450441044812e+00,4.975047663380144369e-01,-2.263285478467774170e-01,-1.309115263512907468e-01,4.157839197706916234e-01,-9.276355269587638341e-02
1.120000,-6.621400753471870342e-03,-1.134313402112162028e-01,1.233909896138849216e-01,-4.919131668382697997e-01,-5.156522282356774678e-01,-4.710901956392391510e-01,5.198059670485793982e-01,4.301346921833657314e-03,3.973295155181015281e-01,1.161253475604134611e+00,5.055966313427699976e-01,1.635973309437889212e-01,-8.070753781549606237e-03,8.833539293383750948e-03,-5.845972975601292365e-01,-1.185249733888743773e+00,5.652961366539380750e-01,2.717396655632912661e-01,7.512581659904013498e-02,-2.189640798983942538e-02,-9.759673864607121274e-02,6.971418540882337589e-02,-1.938216282253780731e+00,1.612085483725898216e+00,-3.788341714037557484e-01,-9.110224529081677181e-02,3.755262832810600526e-03,2.674813518107544419e-01,1.449764868969994069e-01,-2.072858221152292124e+00,-1.549874304289343030e+00,4.975047663380144369e-01,-2.270179140040544941e-01,-1.309115263512907468e-01,4.157839197706916234e-01,-9.276355269587638341e-02
1.130000,-6.283642426650300032e-03,-1.159645276623779697e-01,1.241088593112383565e-01,-4.919131668382697997e-01,-5.156522282356774678e-01,-4.710901956392391510e-01,5.198059670485793982e-01,5.179518571569738730e-03,3.973295155181015281e-01,1.161253475604134611e+00,5.064748029925061346e-01,1.635973309437889212e-01,-8.070753781549606237e-03,6.401679340268445761e-03,-5.854079175445010552e-01,-1.187749145507223547e+00,5.620536567164510222e-01,2.732258022013062115e-01,7.512581659904013498e-02,-2.071425384596392930e-02,-9.801893655459817389e-02,6.941864687285449753e-02,-1.934500940658743451e+00,1.613436517033184581e+00,-3.805229630378635930e-01,-8.561367247996626295e-02,3.755262832810600526e-03,2.686635059546299553e-01,1.449764868969994069e-01,-2.073955935714462129e+00,-1.550296502197870074e+00,4.975047663380144369e-01,-2.276934306576976486e-01,-1.309115263512907468e-01,4.157839197706916234e-01,-9.276355269587638341e-02
1.140000,-5.954684051195022199e-03,-1.184317154782925652e-01,1.248701699088726608e-01,-4.919131668382697997e-01,-5.156522282356774678e-01,-4.710901956392391510e-01,5.198059670485793982e-01,6.034810347753463873e-03,3.973295155181015281e-01,1.161253475604134611e+00,5.073300947686898432e-01,1.635973309437889212e-01,-8.070753781549606237e-03,4.033179036990441543e-03,-5.861974176455937435e-01,-1.190183437485592632e+00,5.588956563120803800e-01,2.746732190533094364e-01,7.512581659904013498e-02,-1.956289953187045558e-02,-9.843013452391727314e-02,6.913080829433113084e-02,-1.930882398528735333e+00,1.614752350535005654e+00,-3.821677549151399900e-01,-8.026809887881798666e-02,3.755262832810600526e-03,2.698148602687234221e-01,1.449764868969994069e-01,-2.075025050434692098e+00,-1.550707700167189174e+00,4.975047663380144369e-01,-2.283513474086081851e-01,-1.309115263512907468e-01,4.157839197706916234e-01,-9.276355269587638341e-02
1.150000,-5.636323350927978891e-03,-1.208194207302953904e-01,1.256661121984833096e-01,-4.919131668382697997e-01,-5.156522282356774678e-01,-4.710901956392391510e-01,5.198059670485793982e-01,6.862548168447774391e-03,3.973295155181015281e-01,1.161253475604134611e+00,5.081578325893840731e-01,1.635973309437889212e-01,-8.070753781549606237e-03,1.740981995067735627e-03,-5.869614833262346565e-01,-1.192539306667568688e+00,5.558393935895167282e-01,2.760740061344844065e-01,7.512581659904013498e-02,-1.844863708093580357e-02,-9.882808539925108660e-02,6.885224268159746697e-02,-1.927380430825798019e+00,1.616025793336073768e+00,-3.837595584164751883e-01,-7.509473749947853660e-02,3.755262832810600526e-03,2.709291227196580776e-01,1.449764868969994069e-01,-2.076059722710559718e+00,-1.551105651042522959e+00,4.975047663380144369e-01,-2.289880688091422700e-01,-1.309115263512907468e-01,4.157839197706916234e-01,-9.276355269587638341e-02
1.160000,-5.330263357115476094e-03,-1.231148706838891549e-01,1.264870636049137409e-01,-4.919131668382697997e-01,-5.156522282356774678e-01,-4.710901956392391510e-01,5.198059670485793982e-01,7.658304152360281836e-03,3.973295155181015281e-01,1.161253475604134611e+00,5.089535885732966447e-01,1.635973309437889212e-01,-8.070753781549606237e-03,-4.626499603822900597e-04,-5.876960273113845945e-01,-1.194804150621781247e+00,5.529012176489167540e-01,2.774206701072594039e-01,7.512581659904013498e-02,-1.737742710259204335e-02,-9.921066039151671401e-02,6.858444018701152778e-02,-1.924013770893860276e+00,1.617250033311323776e+00,-3.852898583855376979e-01,-7.012126260002536637e-02,3.755262832810600526e-03,2.720003326980018343e-01,1.449764868969994069e-01,-2.077054417690450627e+00,-1.551488226034788642e+00,4.975047663380144369e-01,-2.296001887967673016e-01,-1.309115263512907468e-01,4.157839197706916234e-01,-9.276355269587638341e-02
1.170000,-5.038095191639817109e-03,-1.253061319249565986e-01,1.278077612149341180e-01,-4.919131668382697997e-01,-5.156522282356774678e-01,-4.710901956392391510e-01,5.198059670485793982e-01,8.417941382596997452e-03,3.973295155181015281e-01,1.161253475604134611e+00,5.097132258035332875e-01,1.635973309437889212e-01,-8.070753781549606237e-03,-2.566260751807037527e-03,-5.883972309085262475e-01,-1.196966195046301085e+00,5.500964032603503640e-01,2.787062100353523419e-01,7.512581659904013498e-02,-1.635483852342723560e-02,-9.957587059836128796e-02,6.832879304222032324e-02,-1.920799921073628180e+00,1.618418705973226457e+00,-3.867506992129159937e-01,-6.537352991104590505e-02,3.755262832810600526e-03,2.730229212771666525e-01,1.449764868969994069e-01,-2.078003964228246403e+00,-1.551853436241633188e+00,4.975047663380144369e-01,-2.301845251277185866e-01,-1.309115263512907468e-01,4.157839197706916234e-01,-9.276355269587638341e-02
1.180000,-4.761280850171047824e-03,-1.273822394859723539e-01,1.291161195625943336e-01,-4.919131668382697997e-01,-5.156522282356774678e-01,-4.710901956392391510e-01,5.198059670485793982e-01,9.137658670415793952e-03,3.973295155181015281e-01,1.161253475604134611e+00,5.104329430913521204e-01,1.635973309437889212e-01,-8.070753781549606237e-03,-4.559324010382170833e-03,-5.890615853280511960e-01,-1.199014621173170037e+00,5.474389855822502371e-01,2.799241931378149140e-01,7.512581659904013498e-02,-1.538598832828654700e-02,-9.992188852519724718e-02,6.808658049343514762e-02,-1.917754963317471750e+00,1.619525963339101482e+00,-3.881347709202598306e-01,-6.087529686217842129e-02,3.755262832810600526e-03,2.739917714723073550e-01,1.449764868969994069e-01,-2.078903610838019667e+00,-1.552199454168469162e+00,4.975047663380144369e-01,-2.307381538106561547e-01,-1.309115263512907468e-01,4.157839197706916234e-01,-9.276355269587638341e-02
1.190000,-4.501135985338657747e-03,-1.293333259722153072e-01,1.303356070484926743e-01,-4.919131668382697997e-01,-5.156522282356774678e-01,-4.710901956392391510e-01,5.198059670485793982e-01,9.814035318980011274e-03,3.973295155181015281e-01,1.161253475604134611e+00,5.111093197399163568e-01,1.635973309437889212e-01,-8.070753781549606237e-03,-6.432367037175382163e-03,-5.896859330036490210e-01,-1.200939693172929701e+00,5.449415948798592702e-01,2.810688305430774081e-01,7.512581659904013498e-02,-1.447548130137317826e-02,-1.002470696062377348e-01,6.785895373670680630e-02,-1.914893369804315348e+00,1.620566542798431042e+00,-3.894354952444217810e-01,-5.664794280865205478e-02,3.755262832810600526e-03,2.749022784992207202e-01,1.449764868969994069e-01,-2.079749081648725184e+00,-1.552524635249509455e+00,4.975047663380144369e-01,-2.312584435403209349e-01,-1.309115263512907468e-01,4.157839197706916234e-01,-9.276355269587638341e-02
1.200000,-4.258812689903239412e-03,-1.311507506879809326e-01,1.314626349727324173e-01,-4.919131668382697997e-01,-5.156522282356774678e-01,-4.710901956392391510e-01,5.198059670485793982e-01,1.044407588711209617e-02,3.973295155181015281e-01,1.161253475604134611e+00,5.117393603080484521e-01,1.635973309437889212e-01,-8.070753781549606237e-03,-8.177094764310388619e-03,-5.902675089126939723e-01,-1.202732885559151699e+00,5.426152912436792430e-01,2.821350530429932446e-01,7.512581659904013498e-02,-1.362734976734921929e-02,-1.005499737255320103e-01,6.764692085320081483e-02,-1.912227813554525646e+00,1.621535835980172813e+00,-3.906471117215988831e-01,-5.271018925782651465e-02,3.755262832810600526e-03,2.757504100332446306e-01,1.449764868969994069e-01,-2.080536632358890081e+00,-1.552827539368803800e+00,4.975047663380144369e-01,-2.317430901311917646e-01,-1.309115263512907468e-01,4.157839197706916234e-01,-9.276355269587638341e-02
1.210000,-4.035282279928206761e-03,-1.328272287627936810e-01,1.324945309836089435e-01,-4.919131668382697997e-01,-5.156522282356774678e-01,-4.710901956392391510e-01,5.198059670485793982e-01,1.102525495304718106e-02,3.973295155181015281e-01,1.161253475604134611e+00,5.123205393739834745e-01,1.635973309437889212e-01,-8.070753781549606237e-03,-9.786513716130620238e-03,-5.908039818966340784e-01,-1.204387010592967044e+00,5.404693993079189296e-01,2.831185868468834022e-01,7.512581659904013498e-02,-1.284499333243660502e-02,-1.008293867380007924e-01,6.745133174447266733e-02,-1.909768979044800474e+00,1.622429957620072916e+00,-3.917647637714740672e-01,-4.907782009573223581e-02,3.755262832810600526e-03,2.765327664681572761e-01,1.449764868969994069e-01,-2.081263106191308943e+00,-1.553106952381272610e+00,4.975047663380144369e-01,-2.321901509511418160e-01,-1.309115263512907468e-01,4.157839197706916234e-01,-9.276355269587638341e-02
1.220000,-3.831318077951504850e-03,-1.343569602776189531e-01,1.334295537997144676e-01,-4.919131668382697997e-01,-5.156522282356774678e-01,-4.710901956392391510e-01,5.198059670485793982e-01,1.155556187818660742e-02,3.973295155181015281e-01,1.161253475604134611e+00,5.128508462991229200e-01,1.635973309437889212e-01,-8.070753781549606237e-03,-1.125505597036288372e-02,-5.912934959813781477e-01,-1.205896345687594629e+00,5.385113429689425413e-01,2.840160293355808996e-01,7.512581659904013498e-02,-1.213111862551814746e-02,-1.010843419904716711e-01,6.727286306774304947e-02,-1.907525372823056564e+00,1.623245814427979772e+00,-3.927845847813575819e-01,-4.576340181361081283e-02,3.755262832810600526e-03,2.772466411750757476e-01,1.449764868969994069e-01,-2.081925989847733138e+00,-1.553361907633743488e+00,4.975047663380144369e-01,-2.325980793550952441e-01,-1.309115263512907468e-01,4.157839197706916234e-01,-9.276355269587638341e-02
1.230000,-3.647478196157277058e-03,-1.357357593910756277e-01,1.342669092685760956e-01,-4.919131668382697997e-01,-5.156522282356774678e-01,-4.710901956392391510e-01,5.198059670485793982e-01,1.203354557085160002e-02,3.973295155181015281e-01,1.161253475604134611e+00,5.133288299917879716e-01,1.635973309437889212e-01,-8.070753781549606237e-03,-1.257870311928132104e-02,-5.917347116976843235e-01,-1.207256760812871921e+00,5.367464801037179489e-01,2.848249248154754998e-01,7.512581659904013498e-02,-1.148767903923834932e-02,-1.013141418427144641e-01,6.711200317117310687e-02,-1.905503134123320175e+00,1.623981173955156621e+00,-3.937037841903286983e-01,-4.277600373445462900e-02,3.755262832810600526e-03,2.778900807613555179e-01,1.449764868969994069e-01,-2.082523469463564592e+00,-1.553591707485986184e+00,4.975047663380144369e-01,-2.329657591186836685e-01,-1.309115263512907468e-01,4.157839197706916234e-01,-9.276355269587638341e-02
1.240000,-3.484088319547579138e-03,-1.369611834656483951e-01,1.350067703853456147e-01,-4.919131668382697997e-01,-5.156522282356774678e-01,-4.710901956392391510e-01,5.198059670485793982e-01,1.245835925003681635e-02,3.973295155181015281e-01,1.161253475604134611e+00,5.137536436709732035e-01,1.635973309437889212e-01,-8.070753781549606237e-03,-1.375511023087114953e-02,-5.921268474015475292e-01,-1.208465845899783675e+00,5.351779372882649044e-01,2.855438402725581915e-01,7.512581659904013498e-02,-1.091581447110440140e-02,-1.015183791884765874e-01,6.696903702913961642e-02,-1.903705845480613501e+00,1.624634733461595371e+00,-3.945207335733771914e-01,-4.012091823954699876e-02,3.755262832810600526e-03,2.784619453294894798e-01,1.449764868969994069e-01,-2.083054486562545993e+00,-1.553795944831748432e+00,4.975047663380144369e-01,-2.332925388719030990e-01,-1.309115263512907468e-01,4.157839197706916234e-01,-9.276355269587638341e-02
1.250000,-3.341224489114093255e-03,-1.380326621938995357e-01,1.356503037759421160e-01,-4.919131668382697997e-01,-5.156522282356774678e-01,-4.710901956392391510e-01,5.198059670485793982e-01,1.282980520916387861e-02,3.973295155181015281e-01,1.161253475604134611e+00,5.141250896301001738e-01,1.635973309437889212e-01,-8.070753781549606237e-03,-1.478372980999224234e-02,-5.924697205945879119e-01,-1.209523038244991522e+00,5.338064445161034843e-01,2.861724411264655044e-01,7.512581659904013498e-02,-1.041579106458720427e-02,-1.016969589765184395e-01,6.684403117751031020e-02,-1.902134343345845302e+00,1.625206188783329342e+00,-3.952350527255446000e-01,-3.779938099500290694e-02,3.755262832810600526e-03,2.789619687360066491e-01,1.449764868969994069e-01,-2.083518794011455011e+00,-1.553974524619790243e+00,4.975047663380144369e-01,-2.335782665327700569e-01,-1.309115263512907468e-01,4.157839197706916234e-01,-9.276355269587638341e-02
1.260000,-3.218695885009789995e-03,-1.389516267246818093e-01,1.361997048979760316e-01,-4.919131668382697997e-01,-5.156522282356774678e-01,-4.710901956392391510e-01,5.198059670485793982e-01,1.314837957983506535e-02,3.973295155181015281e-01,1.161253475604134611e+00,5.144436640007714612e-01,1.635973309437889212e-01,-8.070753781549606237e-03,-1.566593575954322581e-02,-5.927637892444382883e-01,-1.210429749915363340e+00,5.326301699167020898e-01,2.867115669845244352e-01,7.512581659904013498e-02,-9.986940950222143731e-03,-1.018501197316488138e-01,6.673681864891904680e-02,-1.900786528700697753e+00,1.625696303199746673e+00,-3.958476957460661527e-01,-3.580829117830797159e-02,3.755262832810600526e-03,2.793908188503717582e-01,1.449764868969994069e-01,-2.083917011974794065e+00,-1.554127685374920631e+00,4.975047663380144369e-01,-2.338233237409786391e-01,-1.309115263512907468e-01,4.157839197706916234e-01,-9.276355269587638341e-02
1.270000,-3.116027609720652819e-03,-1.397216387893503164e-01,1.366582438277110234e-01,-4.919131668382697997e-01,-5.156522282356774678e-01,-4.710901956392391510e-01,5.198059670485793982e-01,1.341531709558682443e-02,3.973295155181015281e-01,1.161253475604134611e+00,5.147106015165231474e-01,1.635973309437889212e-01,-8.070753781549606237e-03,-1.640514734162500793e-02,-5.930101931051321440e-01,-1.211189495152502849e+00,5.316445544739264450e-01,2.871633073957966520e-01,7.512581659904013498e-02,-9.627601986710164483e-03,-1.019784550757602409e-01,6.664698390804105199e-02,-1.899657177672517294e+00,1.626106976300903062e+00,-3.963610371225118056e-01,-3.413993170485946083e-02,3.755262832810600526e-03,2.797501578138837375e-01,1.449764868969994069e-01,-2.084250683869483645e+00,-1.554256020719032128e+00,4.975047663380144369e-01,-2.340286602915569447e-01,-1.309115263512907468e-01,4.157839197706916234e-01,-9.276355269587638341e-02
1.280000,-3.032443471237367821e-03,-1.403485198279749713e-01,1.370303229840633963e-01,-4.919131668382697997e-01,-5.156522282356774678e-01,-4.710901956392391510e-01,5.198059670485793982e-01,1.363263585564336404e-02,3.973295155181015281e-01,1.161253475604134611e+00,5.149279202765797425e-01,1.635973309437889212e-01,-8.070753781549606237e-03,-1.700695313870466407e-02,-5.932107950374920780e-01,-1.211808017777279201e+00,5.308421467444868203e-01,2.875310776051230865e-01,7.512581659904013498e-02,-9.335057502018670461e-03,-1.020829352488643454e-01,6.657384778686818716e-02,-1.898737752149201263e+00,1.626441312854836285e+00,-3.967789578149282237e-01,-3.278168945450610217e-02,3.755262832810600526e-03,2.800427022985751968e-01,1.449764868969994069e-01,-2.084522332319554305e+00,-1.554360500892136177e+00,4.975047663380144369e-01,-2.341958285685235008e-01,-1.309115263512907468e-01,4.157839197706916234e-01,-9.276355269587638341e-02
1.290000,-2.966848766226994408e-03,-1.408404801155527519e-01,1.373215474968337846e-01,-4.919131668382697997e-01,-5.156522282356774678e-01,-4.710901956392391510e-01,5.198059670485793982e-01,1.380318208867033214e-02,3.973295155181015281e-01,1.161253475604134611e+00,5.150984665096066673e-01,1.635973309437889212e-01,-8.070753781549606237e-03,-1.747923501477934710e-02,-5.933682223295169145e-01,-1.212293418594355909e+00,5.302124375763872521e-01,2.878196943071687497e-01,7.512581659904013498e-02,-9.105476034482362646e-03,-1.021649286301273135e-01,6.651645241998410674e-02,-1.898016210394087189e+00,1.626703691674877827e+00,-3.971069313399800960e-01,-3.171577549808751728e-02,3.755262832810600526e-03,2.802722837661115185e-01,1.449764868969994069e-01,-2.084735515110837767e+00,-1.554442494273399200e+00,4.975047663380144369e-01,-2.343270179785442442e-01,-1.309115263512907468e-01,4.157839197706916234e-01,-9.276355269587638341e-02
1.300000,-2.917813063204724444e-03,-1.412082478882197845e-01,1.375388081648143412e-01,-4.919131668382697997e-01,-5.156522282356774678e-01,-4.710901956392391510e-01,5.198059670485793982e-01,1.393067491652823925e-02,3.973295155181015281e-01,1.161253475604134611e+00,5.152259593374646229e-01,1.635973309437889212e-01,-8.070753781549606237e-03,-1.783229207653970472e-02,-5.934859080167703693e-01,-1.212656282796720664e+00,5.297416948273734327e-01,2.880354514004667132e-01,7.512581659904013498e-02,-8.933851073904409967e-03,-1.022262232589051523e-01,6.647354617983962377e-02,-1.897476817660842086e+00,1.626899834486966956e+00,-3.973521098550914510e-01,-3.091894532397565509e-02,3.755262832810600526e-03,2.804439087266894504e-01,1.449764868969994069e-01,-2.084894881145660239e+00,-1.554503788902176886e+00,4.975047663380144369e-01,-2.344250893845887806e-01,-1.309115263512907468e-01,4.157839197706916234e-01,-9.276355269587638341e-02
1.310000,-2.883552985705521710e-03,-1.414651984694638154e-01,1.376903760814016109e-01,-4.919131668382697997e-01,-5.156522282356774678e-01,-4.710901956392391510e-01,5.198059670485793982e-01,1.401975111802616740e-02,3.973295155181015281e-01,1.161253475604134611e+00,5.153150355389625181e-01,1.635973309437889212e-01,-8.070753781549606237e-03,-1.807896463453395608e-02,-5.935681322027684947e-01,-1.212909807370214921e+00,5.294127980833811531e-01,2.881861957414632025e-01,7.512581659904013498e-02,-8.813940802657203866e-03,-1.022690483557791574e-01,6.644356861202781184e-02,-1.897099956808350862e+00,1.627036874796963684e+00,-3.975234102425874716e-01,-3.036221906461361586e-02,3.755262832810600526e-03,2.805638189979366981e-01,1.449764868969994069e-01,-2.085006226397532636e+00,-1.554546613999050919e+00,4.975047663380144369e-01,-2.344936095395872000e-01,-1.309115263512907468e-01,4.157839197706916234e-01,-9.276355269587638341e-02
1.320000,-2.861914995455827268e-03,-1.416274833963365176e-01,1.377860070430942108e-01,-4.919131668382697997e-01,-5.156522282356774678e-01,-4.710901956392391510e-01,5.198059670485793982e-01,1.407600989267537156e-02,3.973295155181015281e-01,1.161253475604134611e+00,5.153712943136117275e-01,1.635973309437889212e-01,-8.070753781549606237e-03,-1.823475816433175328e-02,-5.936200633793677905e-01,-1.213069928498062611e+00,5.292050733769840809e-01,2.882814028985618560e-01,7.512581659904013498e-02,-8.738207836783272453e-03,-1.022960958435912698e-01,6.642463537055932898e-02,-1.896861938915604284e+00,1.627123426757962399e+00,-3.976316001938359213e-01,-3.001060172305602958e-02,3.755262832810600526e-03,2.806395519638106295e-01,1.449764868969994069e-01,-2.085076549865844342e+00,-1.554573661486863045e+00,4.975047663380144369e-01,-2.345368855200865854e-01,-1.309115263512907468e-01,4.157839197706916234e-01,-9.276355269587638341e-02
1.330000,-2.850358175545287392e-03,-1.417141595456655745e-01,1.378370528111879378e-01,-4.919131668382697997e-01,-5.156522282356774678e-01,-4.710901956392391510e-01,5.198059670485793982e-01,1.410605762444277350e-02,3.973295155181015281e-01,1.161253475604134611e+00,5.154013420453791294e-01,1.635973309437889212e-01,-8.070753781549606237e-03,-1.831796726768764039e-02,-5.936477997471530932e-01,-1.213155448965400618e+00,5.290941279058428703e-01,2.883322529061682626e-01,7.512581659904013498e-02,-8.697758967096388960e-03,-1.023105418684794460e-01,6.641452315313761678e-02,-1.896734813896588268e+00,1.627169654037604607e+00,-3.976893842933886258e-01,-2.982280339950982295e-02,3.755262832810600526e-03,2.806800008334974783e-01,1.449764868969994069e-01,-2.085114109530553428e+00,-1.554588107511751360e+00,4.975047663380144369e-01,-2.345599991599076617e-01,-1.309115263512907468e-01,4.157839197706916234e-01,-9.276355269587638341e-02
1.340000,-2.845937013598422508e-03,-1.417473182602670412e-01,1.378565751767777403e-01,-4.919131668382697997e-01,-5.156522282356774678e-01,-4.710901956392391510e-01,5.198059670485793982e-01,1.411755264550462567e-02,3.973295155181015281e-01,1.161253475604134611e+00,5.154128370664409209e-01,1.635973309437889212e-01,-8.070753781549606237e-03,-1.834979963370508144e-02,-5.936584105358255758e-01,-1.213188165563807486e+00,5.290516847511529397e-01,2.883517060187344438e-01,7.512581659904013498e-02,-8.682284900282354057e-03,-1.023160683209130284e-01,6.641065463643409938e-02,-1.896686181115172731e+00,1.627187338685391893e+00,-3.977114901031229555e-01,-2.975095951787321003e-02,3.755262832810600526e-03,2.806954749003115479e-01,1.449764868969994069e-01,-2.085128478306880861e+00,-1.554593633964184818e+00,4.975047663380144369e-01,-2.345688414838013880e-01,-1.309115263512907468e-01,4.157839197706916234e-01,-9.276355269587638341e-02
1.350000,-2.845284184946346440e-03,-1.417522144751576230e-01,1.378594575843567760e-01,-4.919131668382697997e-01,-5.156522282356774678e-01,-4.710901956392391510e-01,5.198059670485793982e-01,1.411925000000002067e-02,3.973295155181015281e-01,1.161253475604134611e+00,5.154145344209363211e-01,1.635973309437889212e-01,-8.070753781549606237e-03,-1.835450000000001664e-02,-5.936599773245905265e-01,-1.213192996495832787e+00,5.290454175960930261e-01,2.883545784648036125e-01,7.512581659904013498e-02,-8.680000000000090421e-03,-1.023168843567281161e-01,6.641008341136353521e-02,-1.896679000000000004e+00,1.627189950000000440e+00,-3.977147542463833618e-01,-2.974035105227701425e-02,3.755262832810600526e-03,2.806977598005938046e-01,1.449764868969994069e-01,-2.085130600000000278e+00,-1.554594449999999961e+00,4.975047663380144369e-01,-2.345701471411055505e-01,-1.309115263512907468e-01,4.157839197706916234e-01,-9.276355269587638341e-02
1.360000,-2.844582450464722394e-03,-1.417533840326269945e-01,1.378584965191786693e-01,-4.919131668382697997e-01,-5.156522282356774678e-01,-4.710901956392391510e-01,5.198059670485793982e-01,1.412077042471020401e-02,3.973285798721260531e-01,1.161250902577702027e+00,5.154175752703566982e-01,1.635959274748256809e-01,-8.070753781549606237e-03,-1.835333044253064511e-02,-5.936595095016027335e-01,-1.213191242159628702e+00,5.290469380208032701e-01,2.883534089073342410e-01,7.512581659904013498e-02,-8.680000000000090421e-03,-1.023169574540699622e-01,6.641059509275638872e-02,-1.896681046725571473e+00,1.627188341858480047e+00,-3.977132922995466058e-01,-2.974576025557285064e-02,3.755262832810600526e-03,2.806968826324917621e-01,1.449764868969994069e-01,-2.085133085309622381e+00,-1.554592988053163261e+00,4.975033043911777364e-01,-2.345745329816156799e-01,-1.309115263512907468e-01,4.157827502132222519e-01,-9.276355269587638341e-02
1.370000,-2.839824241946923775e-03,-1.417613143801566555e-01,1.378519796004343267e-01,-4.919131668382697997e-01,-5.156522282356774678e-01,-4.710901956392391510e-01,5.198059670485793982e-01,1.413107987649876891e-02,3.973222355941022910e-01,1.161233455813136750e+00,5.154381941739338835e-01,1.635864110577900654e-01,-8.070753781549606237e-03,-1.834540009500098406e-02,-5.936563373625909357e-01,-1.213179346638334266e+00,5.290572474725918628e-01,2.883454785598045800e-01,7.512581659904013498e-02,-8.680000000000090421e-03,-1.023174531007905591e-01,6.641406461980062237e-02,-1.896694924833748352e+00,1.627177437630626722e+00,-3.977033793651345572e-01,-2.978243811289754683e-02,3.755262832810600526e-03,2.806909348718444885e-01,1.449764868969994069e-01,-2.085149937298123035e+00,-1.554583075118751267e+00,4.974933914567656323e-01,-2.346042717848519366e-01,-1.309115263512907468e-01,4.157748198656925909e-01,-9.276355269587638341e-02
1.380000,-2.827368675449354676e-03,-1.417820736576526075e-01,1.378349179273455349e-01,-4.919131668382697997e-01,-5.156522282356774678e-01,-4.710901956392391510e-01,5.198059670485793982e-01,1.415806693724350196e-02,3.973056281721055183e-01,1.161187785402645556e+00,5.154921682954233253e-01,1.635614999247949342e-01,-8.070753781549606237e-03,-1.832464081750503210e-02,-5.936480336515925771e-01,-1.213148207722090310e+00,5.290842345333365282e-01,2.883247192823086280e-01,7.512581659904013498e-02,-8.680000000000090421e-03,-1.023187505556340526e-01,6.642314680370509095e-02,-1.896731253569366116e+00,1.627148893624069670e+00,-3.976774302682646312e-01,-2.987844977131631774e-02,3.755262832810600526e-03,2.806753654137225662e-01,1.449764868969994069e-01,-2.085194050762801954e+00,-1.554557126021881341e+00,4.974674423598957063e-01,-2.346821190754617426e-01,-1.309115263512907468e-01,4.157540605881966389e-01,-9.276355269587638341e-02
1.390000,-2.804012631463288167e-03,-1.418210003976293765e-01,1.378029156622097573e-01,-4.919131668382697997e-01,-5.156522282356774678e-01,-4.710901956392391510e-01,5.198059670485793982e-01,1.420867169921331309e-02,3.972744867801241142e-01,1.161102146574696681e+00,5.155933778193629857e-01,1.635147878368228003e-01,-8.070753781549606237e-03,-1.828571407752825617e-02,-5.936324629556017918e-01,-1.213089817612125199e+00,5.291348392953063584e-01,2.882857925423318313e-01,7.512581659904013498e-02,-8.680000000000090421e-03,-1.023211834768826128e-01,6.644017725244494299e-02,-1.896799375364325524e+00,1.627095369356601706e+00,-3.976287718432936491e-01,-3.005848594370891247e-02,3.755262832810600526e-03,2.806461703587399548e-01,1.449764868969994069e-01,-2.085276770085252807e+00,-1.554508467596910304e+00,4.974187839349247242e-01,-2.348280943503746609e-01,-1.309115263512907468e-01,4.157151338482198422e-01,-9.276355269587638341e-02
1.400000,-2.766973587682125448e-03,-1.418827321372646555e-01,1.377521407740314452e-01,-4.919131668382697997e-01,-5.156522282356774678e-01,-4.710901956392391510e-01,5.198059670485793982e-01,1.428892296073916435e-02,3.972251013884158799e-01,1.160966336747499161e+00,5.157538803424146501e-01,1.634407097492604766e-01,-8.070753781549606237e-03,-1.822398233789298411e-02,-5.936077702597477579e-01,-1.212997220002672183e+00,5.292150905568322461e-01,2.882240608026965800e-01,7.512581659904013498e-02,-8.680000000000090421e-03,-1.023250417106098126e-01,6.646718488853536888e-02,-1.896907405908687227e+00,1.627010488214603257e+00,-3.975516071687495434e-01,-3.034399523952205358e-02,3.755262832810600526e-03,2.805998715540135025e-01,1.449764868969994069e-01,-2.085407950031977542e+00,-1.554431302922366198e+00,4.973416192603806740e-01,-2.350595883740069225e-01,-1.309115263512907468e-01,4.156534021085845909e-01,-9.276355269587638341e-02
1.410000,-2.713872451768658493e-03,-1.419712340304537801e-01,1.376792952740558684e-01,-4.919131668382697997e-01,-5.156522282356774678e-01,-4.710901956392391510e-01,5.198059670485793982e-01,1.440397542188501072e-02,3.971542998738646357e-01,1.160771632582483059e+00,5.159839852647063463e-01,1.633345074774335548e-01,-8.070753781549606237e-03,-1.813548044470387338e-02,-5.935723695024720525e-01,-1.212864467162888538e+00,5.293301430179780942e-01,2.881355589095074277e-01,7.512581659904013498e-02,-8.680000000000090421e-03,-1.023305730789341311e-01,6.650590446680559875e-02,-1.897062284221768147e+00,1.626888798111468137e+00,-3.974409798022631168e-01,-3.075331649552170976e-02,3.755262832810600526e-03,2.805334951341216798e-01,1.449764868969994069e-01,-2.085596016555004262e+00,-1.554320675555879827e+00,4.972309918938942475e-01,-2.353914704734660912e-01,-1.309115263512907468e-01,4.155649002153954941e-01,-9.276355269587638341e-02
1.420000,-2.642716394122323134e-03,-1.420898274598643429e-01,1.375815857396379682e-01,-4.919131668382697997e-01,-5.156522282356774678e-01,-4.710901956392391510e-01,5.198059670485793982e-01,1.455814688011873755e-02,3.970594251303361522e-01,1.160510727037779910e+00,5.162923281811737652e-01,1.631921953621408850e-01,-8.070753781549606237e-03,-1.801688701529331749e-02,-5.935249321307078940e-01,-1.212686577018772693e+00,5.294843144762118037e-01,2.880169654800968648e-01,7.512581659904013498e-02,-8.680000000000090421e-03,-1.023379851682722913e-01,6.655778909217271999e-02,-1.897269822723236743e+00,1.626725732146028669e+00,-3.972927380154999688e-01,-3.130181110654553511e-02,3.755262832810600526e-03,2.804445500620637577e-01,1.449764868969994069e-01,-2.085848027592501985e+00,-1.554172433769116513e+00,4.970827501071310439e-01,-2.358361958337557018e-01,-1.309115263512907468e-01,4.154463067859849312e-01,-9.276355269587638341e-02
1.430000,-2.551881680646467341e-03,-1.422412186489907526e-01,1.374566947458796540e-01,-4.919131668382697997e-01,-5.156522282356774678e-01,-4.710901956392391510e-01,5.198059670485793982e-01,1.475495542598309097e-02,3.969383121790350244e-01,1.160177666421701614e+00,5.166859452729024582e-01,1.630105259351891656e-01,-8.070753781549606237e-03,-1.786549582616688697e-02,-5.934643756550572746e-01,-1.212459490235083148e+00,5.296811230220761502e-01,2.878655742909704829e-01,7.512581659904013498e-02,-8.680000000000090421e-03,-1.023474471175926936e-01,6.662402273741553638e-02,-1.897534757304208064e+00,1.626517569260979901e+00,-3.971034990290919220e-01,-3.200199535625525282e-02,3.755262832810600526e-03,2.803310066702189296e-01,1.449764868969994069e-01,-2.086169733869395415e+00,-1.553983194782708521e+00,4.968935111207229971e-01,-2.364039127929797868e-01,-1.309115263512907468e-01,4.152949155968584938e-01,-9.276355269587638341e-02
1.440000,-2.440096505515608645e-03,-1.424275272742088483e-01,1.373027536624020217e-01,-4.919131668382697997e-01,-5.156522282356774678e-01,-4.710901956392391510e-01,5.198059670485793982e-01,1.499715663876661879e-02,3.967892652788605479e-01,1.159767787446221998e+00,5.171703476984695902e-01,1.627869555849274508e-01,-8.070753781549606237e-03,-1.767918720094879131e-02,-5.933898522049699809e-01,-1.212180027297255824e+00,5.299233242348596606e-01,2.876792656657523595e-01,7.512581659904013498e-02,-8.680000000000090421e-03,-1.023590914066688229e-01,6.670553276094845496e-02,-1.897860797398339683e+00,1.626261394901304946e+00,-3.968706132475692816e-01,-3.286367274788895565e-02,3.755262832810600526e-03,2.801912752013053787e-01,1.449764868969994069e-01,-2.086565639697983698e+00,-1.553750309001185936e+00,4.966606253392004122e-01,-2.371025701375476524e-01,-1.309115263512907468e-01,4.151086069716404259e-01,-9.276355269587638341e-02
1.450000,-2.306423823942690705e-03,-1.426503150768303751e-01,1.371183171250131283e-01,-4.919131668382697997e-01,-5.156522282356774678e-01,-4.710901956392391510e-01,5.198059670485793982e-01,1.528678078217460788e-02,3.966110350367633153e-01,1.159277654280454595e+00,5.177495959852855822e-01,1.625196102217816019e-01,-8.070753781549606237e-03,-1.745639939832726445e-02,-5.933007370839213923e-01,-1.211845845593323645e+00,5.302129483782676012e-01,2.874564778631308326e-01,7.512581659904013498e-02,-8.680000000000090421e-03,-1.023730156443326683e-01,6.680300242459537297e-02,-1.898250676052927410e+00,1.625955061672700319e+00,-3.965921284942923730e-01,-3.389406633501351740e-02,3.755262832810600526e-03,2.800241843493392335e-01,1.449764868969994069e-01,-2.087039063778554748e+00,-1.553471824247909083e+00,4.963821405859235036e-01,-2.379380243973783782e-01,-1.309115263512907468e-01,4.148858191690188435e-01,-9.276355269587638341e-02
1.460000,-2.150244184946348107e-03,-1.429106144751576268e-01,1.369023393588189585e-01,-4.919131668382697997e-01,-5.156522282356774678e-01,-4.710901956392391510e-01,5.198059670485793982e-01,1.562517000000001460e-02,3.964027955181015361e-01,1.158704995604134647e+00,5.184263744209363090e-01,1.622072509437889332e-01,-8.070753781549606237e-03,-1.719610000000001970e-02,-5.931966173245905027e-01,-1.211455396495832781e+00,5.305513375960930755e-01,2.871961784648036087e-01,7.512581659904013498e-02,-8.680000000000090421e-03,-1.023892843567281163e-01,6.691688341136353690e-02,-1.898706199999999900e+00,1.625597150000000379e+00,-3.962667542463833570e-01,-3.509795105227700440e-02,3.755262832810600526e-03,2.798289598005938017e-01,1.449764868969994069e-01,-2.087592200000000009e+00,-1.553146449999999845e+00,4.960567663380144321e-01,-2.389141471411055373e-01,-1.309115263512907468e-01,4.146255197706916196e-01,-9.276355269587638341e-02
1.470000,-1.971238564118162929e-03,-1.432089571765379210e-01,1.366541524107902639e-01,-4.919131668382697997e-01,-5.156522282356774678e-01,-4.710901956392391510e-01,5.198059670485793982e-01,1.601301551179441784e-02,3.961641213569973008e-01,1.158048641661097999e+00,5.192020654445251848e-01,1.618492397021325524e-01,-8.070753781549606237e-03,-1.689775729861971859e-02,-5.930772802440383851e-01,-1.211007882443762229e+00,5.309391831078874580e-01,2.868978357634232590e-01,7.512581659904013498e-02,-8.680000000000090421e-03,-1.024079307755643986e-01,6.704740834321742948e-02,-1.899228299727415470e+00,1.625186928785602447e+00,-3.958938258696579338e-01,-3.647778604616092046e-02,3.755262832810600526e-03,2.796052027745585811e-01,1.449764868969994069e-01,-2.088226178240433217e+00,-1.552773521623274533e+00,4.956838379612890644e-01,-2.400329322712816960e-01,-1.309115263512907468e-01,4.143271770693113254e-01,-9.276355269587638341e-02
1.480000,-1.769371196389927809e-03,-1.435454027894183249e-01,1.363734462462692643e-01,-4.919131668382697997e-01,-5.156522282356774678e-01,-4.710901956392391510e-01,5.198059670485793982e-01,1.645039480853892691e-02,3.958949648666929555e-01,1.157308461312761105e+00,5.200768240380141405e-01,1.614455049666760900e-01,-8.070753781549606237e-03,-1.656131168573932166e-02,-5.929427019988862124e-01,-1.210503214024441609e+00,5.313765624046319358e-01,2.865613901505428829e-01,7.512581659904013498e-02,-8.680000000000090421e-03,-1.024289586263694152e-01,6.719460329885260097e-02,-1.899817079549956045e+00,1.624724316067891916e+00,-3.954732688535574914e-01,-3.803384700573275712e-02,3.755262832810600526e-03,2.793528685648982712e-01,1.449764868969994069e-01,-2.088941125167804280e+00,-1.552352964607174091e+00,4.952632809451885665e-01,-2.412946033195831619e-01,-1.309115263512907468e-01,4.139907314564309493e-01,-9.276355269587638341e-02
1.490000,-1.544872408800902937e-03,-1.439195674354000198e-01,1.360602505756599301e-01,-4.919131668382697997e-01,-5.156522282356774678e-01,-4.710901956392391510e-01,5.198059670485793982e-01,1.693680884831514494e-02,3.955956331499075884e-01,1.156485299091601249e+00,5.210496521175665974e-01,1.609965073914980394e-01,-8.070753781549606237e-03,-1.618714703975761282e-02,-5.927930361404936122e-01,-1.209941967055469192e+00,5.318629764444081642e-01,2.861872255045611602e-01,7.512581659904013498e-02,-8.680000000000090421e-03,-1.024523439167432798e-01,6.735830033146958384e-02,-1.900471867680424198e+00,1.624209839679667144e+00,-3.950055630460803102e-01,-3.976435849339815531e-02,3.755262832810600526e-03,2.790722450804120069e-01,1.449764868969994069e-01,-2.089736225040515372e+00,-1.551885258799696965e+00,4.947955751377114408e-01,-2.426977207420145666e-01,-1.309115263512907468e-01,4.136165668104492266e-01,-9.276355269587638341e-02
1.500000,-1.298221453265078693e-03,-1.443306523612930825e-01,1.357149182047971969e-01,-4.919131668382697997e-01,-5.156522282356774678e-01,-4.710901956392391510e-01,5.198059670485793982e-01,1.747121925197610282e-02,3.952667652091931827e-01,1.155580912254636550e+00,5.221184729248885548e-01,1.605032054804263753e-01,-8.070753781549606237e-03,-1.577606211386457097e-02,-5.926286021701363538e-01,-1.209325339666629473e+00,5.323973868480691429e-01,2.857761405786681252e-01,7.512581659904013498e-02,-8.680000000000090421e-03,-1.024780367246115875e-01,6.753814998654779356e-02,-1.901191266300736871e+00,1.623644597906564124e+00,-3.944917068887140443e-01,-4.166562627565345567e-02,3.755262832810600526e-03,2.787639313859922030e-01,1.449764868969994069e-01,-2.090609780508037918e+00,-1.551371402642330644e+00,4.942817189803451194e-01,-2.442392892141134753e-01,-1.309115263512907468e-01,4.132054818845561917e-01,-9.276355269587638341e-02
1.510000,-1.030129339338434159e-03,-1.447774725511708216e-01,1.353381096451869436e-01,-4.919131668382697997e-01,-5.156522282356774678e-01,-4.710901956392391510e-01,5.198059670485793982e-01,1.805208549881716362e-02,3.949093090572909914e-01,1.154597907836905524e+00,5.232802054185706764e-01,1.599670212525730884e-01,-8.070753781549606237e-03,-1.532924192398683189e-02,-5.924498740941852581e-01,-1.208655109381812975e+00,5.329782530949102037e-01,2.853293203887903862e-01,7.512581659904013498e-02,-8.680000000000090421e-03,-1.025059629864789462e-01,6.773363381961930441e-02,-1.901973201633023081e+00,1.623030220145482261e+00,-3.939331816513668705e-01,-4.373216965383801280e-02,3.755262832810600526e-03,2.784288162435838987e-01,1.449764868969994069e-01,-2.091559273411528252e+00,-1.550812877404983414e+00,4.937231937429979456e-01,-2.459148649261549968e-01,-1.309115263512907468e-01,4.127586616946784526e-01,-9.276355269587638341e-02
1.520000,-7.415216669861973697e-04,-1.452584853384245311e-01,1.349307786782132090e-01,-4.919131668382697997e-01,-5.156522282356774678e-01,-4.710901956392391510e-01,5.198059670485793982e-01,1.867740212224700685e-02,3.945244988274879683e-01,1.153539679704947307e+00,5.245308386654303767e-01,1.593898059078686369e-01,-8.070753781549606237e-03,-1.484822913673310846e-02,-5.922574689792837743e-01,-1.207933590200932272e+00,5.336035697183399984e-01,2.848483076015366766e-01,7.512581659904013498e-02,-8.680000000000090421e-03,-1.025360262856822996e-01,6.794407691404281968e-02,-1.902814974010716975e+00,1.622368827563008375e+00,-3.933319156672996919e-01,-4.595685379488649580e-02,3.755262832810600526e-03,2.780680566531436027e-01,1.449764868969994069e-01,-2.092581425584442378e+00,-1.550211611420916347e+00,4.931219277589308225e-01,-2.477186628783564770e-01,-1.309115263512907468e-01,4.122776489074246875e-01,-9.276355269587638341e-02
1.530000,-4.335214593501066430e-04,-1.457718190178180218e-01,1.344941585400007411e-01,-4.919131668382697997e-01,-5.156522282356774678e-01,-4.710901956392391510e-01,5.198059670485793982e-01,1.934473590545853633e-02,3.941138318839731980e-01,1.152410345610281661e+00,5.258655062318533524e-01,1.587738054925964537e-01,-8.070753781549606237e-03,-1.433489545733961784e-02,-5.920521355075263337e-01,-1.207163589681842231e+00,5.342709035015515973e-01,2.843349739221431860e-01,7.512581659904013498e-02,-8.680000000000090421e-03,-1.025681096406444032e-01,6.816866039877746142e-02,-1.903713307949655764e+00,1.621662993753842263e+00,-3.926902485680578425e-01,-4.833102206208135521e-02,3.755262832810600526e-03,2.776830563935984708e-01,1.449764868969994069e-01,-2.093672259653153400e+00,-1.549569944321674386e+00,4.924802606596889731e-01,-2.496436641760820252e-01,-1.309115263512907468e-01,4.117643152280312524e-01,-9.276355269587638341e-02
1.540000,-1.074319955156688780e-04,-1.463153014575420963e-01,1.340297483801774214e-01,-4.919131668382697997e-01,-5.156522282356774678e-01,-4.710901956392391510e-01,5.198059670485793982e-01,2.005126307709982278e-02,3.936790459321939384e-01,1.151214684242888753e+00,5.272785605751360016e-01,1.581216265649275643e-01,-8.070753781549606237e-03,-1.379141301761555721e-02,-5.918347425316367039e-01,-1.206348366022256036e+00,5.349774306731928109e-01,2.837914914824191115e-01,7.512581659904013498e-02,-8.680000000000090421e-03,-1.026020772931271474e-01,6.840643396615674054e-02,-1.904664402219172770e+00,1.620915705399221807e+00,-3.920108955184027355e-01,-5.084462834580515123e-02,3.755262832810600526e-03,2.772754445638054288e-01,1.449764868969994069e-01,-2.094827159837567176e+00,-1.548890591272019446e+00,4.918009076100338661e-01,-2.516817233250472907e-01,-1.309115263512907468e-01,4.112208327883071779e-01,-9.276355269587638341e-02
1.550000,2.352803567205788947e-04,-1.468864887112691642e-01,1.335392996472665184e-01,-4.919131668382697997e-01,-5.156522282356774678e-01,-4.710901956392391510e-01,5.198059670485793982e-01,2.079380650694502217e-02,3.932220961292122730e-01,1.149958072284689159e+00,5.287636474348264004e-01,1.574362018604550661e-01,-8.070753781549606237e-03,-1.322022576388847889e-02,-5.916062676301458989e-01,-1.205491585141665434e+00,5.357199741030380657e-01,2.832203042286920436e-01,7.512581659904013498e-02,-8.680000000000090421e-03,-1.026377764964850892e-01,6.865632838966234663e-02,-1.905663979913195138e+00,1.620130322925346977e+00,-3.912969114512439006e-01,-5.348636939429289583e-02,3.755262832810600526e-03,2.768470541235101279e-01,1.449764868969994069e-01,-2.096040932751737085e+00,-1.548176607204860611e+00,4.910869235428749757e-01,-2.538236755265238509e-01,-1.309115263512907468e-01,4.106496455345800545e-01,-9.276355269587638341e-02
1.560000,5.930033080838136017e-04,-1.474826936302078839e-01,1.330248020647067930e-01,-4.919131668382697997e-01,-5.156522282356774678e-01,-4.710901956392391510e-01,5.198059670485793982e-01,2.156887290156536685e-02,3.927451321940613194e-01,1.148646421463024092e+00,5.303137802240670551e-01,1.567207559577286080e-01,-8.070753781549606237e-03,-1.262402084494975221e-02,-5.913677856625704221e-01,-1.204597277763257424e+00,5.364950404976583931e-01,2.826240993097533516e-01,7.512581659904013498e-02,-8.680000000000090421e-03,-1.026750393039187609e-01,6.891716804169803479e-02,-1.906707338521338002e+00,1.619310541161806283e+00,-3.905516553025705218e-01,-5.624381714438449198e-02,3.755262832810600526e-03,2.763999004343060673e-01,1.449764868969994069e-01,-2.097307868204481895e+00,-1.547431351056187232e+00,4.903416673942015969e-01,-2.560594439725440430e-01,-1.309115263512907468e-01,4.100534406156413625e-01,-9.276355269587638341e-02
1.570000,9.639958150536556865e-04,-1.481010144751576385e-01,1.324884688830967605e-01,-4.919131668382697997e-01,-5.156522282356774678e-01,-4.710901956392391510e-01,5.198059670485793982e-01,2.237269000000002492e-02,3.922504755181015490e-01,1.147286115604134515e+00,5.319214144209363226e-01,1.559787709437889247e-01,-8.070753781549606237e-03,-1.200570000000001497e-02,-5.911204573245905092e-01,-1.203669796495832722e+00,5.372988575960930824e-01,2.820057784648035692e-01,7.512581659904013498e-02,-8.680000000000090421e-03,-1.027136843567281188e-01,6.918768341136354028e-02,-1.907789399999999969e+00,1.618460350000000325e+00,-3.897787542463833077e-01,-5.910355105227703409e-02,3.755262832810600526e-03,2.759361598005937721e-01,1.449764868969994069e-01,-2.098621800000000093e+00,-1.546658450000000018e+00,4.895687663380144383e-01,-2.583781471411055741e-01,-1.309115263512907468e-01,4.094351197706916357e-01,-9.276355269587638341e-02
1.580000,1.346405247096922088e-03,-1.487383635285630668e-01,1.319327211247042220e-01,-4.919131668382697997e-01,-5.156522282356774678e-01,-4.710901956392391510e-01,5.198059670485793982e-01,2.320124376942710176e-02,3.917405962753771620e-01,1.145883947686642701e+00,5.335785219597904971e-01,1.552139520797023720e-01,-8.070753781549606237e-03,-1.136835094659457632e-02,-5.908655177032283712e-01,-1.202713772915724677e+00,5.381274113655201141e-01,2.813684294113981688e-01,7.512581659904013498e-02,-8.680000000000090421e-03,-1.027535186725659633e-01,6.946652362222842381e-02,-1.908904760843459503e+00,1.617583995051567802e+00,-3.889820679296265293e-01,-6.205129042427721953e-02,3.755262832810600526e-03,2.754581480105396940e-01,1.449764868969994069e-01,-2.099976166738486860e+00,-1.545861763683243240e+00,4.887720800212576044e-01,-2.607682060913759647e-01,-1.309115263512907468e-01,4.087977707172861797e-01,-9.276355269587638341e-02
1.590000,1.738284553900357535e-03,-1.493914957065687887e-01,1.313601705739119996e-01,-4.919131668382697997e-01,-5.156522282356774678e-01,-4.710901956392391510e-01,5.198059670485793982e-01,2.405031560083454450e-02,3.912180905329725733e-01,1.144447056895030013e+00,5.352766656226054520e-01,1.544301934660955167e-01,-8.070753781549606237e-03,-1.071521876858884739e-02,-5.906042648320261046e-01,-1.201734074648715955e+00,5.389764831969275916e-01,2.807152972333923913e-01,7.512581659904013498e-02,-8.680000000000090421e-03,-1.027943394336913174e-01,6.975226895010593064e-02,-1.910047742154969530e+00,1.616685938306809955e+00,-3.881656527071193352e-01,-6.507202674755369065e-02,3.755262832810600526e-03,2.749682988770354441e-01,1.449764868969994069e-01,-2.101364072616748846e+00,-1.545045348460736045e+00,4.879556647987504658e-01,-2.632174517588974361e-01,-1.309115263512907468e-01,4.081446385392804577e-01,-9.276355269587638341e-02
1.600000,2.137609432603377116e-03,-1.500570371710738260e-01,1.307736013103782680e-01,-4.919131668382697997e-01,-5.156522282356774678e-01,-4.710901956392391510e-01,5.198059670485793982e-01,2.491551950469108809e-02,3.906856573613685657e-01,1.142982865673118908e+00,5.370070734303185045e-01,1.536315437086894775e-01,-8.070753781549606237e-03,-1.004967730408381707e-02,-5.903380482462240453e-01,-1.200735762451958344e+00,5.398416871007841733e-01,2.800497557688874095e-01,7.512581659904013498e-02,-8.680000000000090421e-03,-1.028359357752228892e-01,7.004344334082687751e-02,-1.911212439717853373e+00,1.615770818793115460e+00,-3.873337258764880664e-01,-6.815015602088947411e-02,3.755262832810600526e-03,2.744691427786566384e-01,1.449764868969994069e-01,-2.102778348228822036e+00,-1.544213421630104666e+00,4.871237379681191970e-01,-2.657132322507913536e-01,-1.309115263512907468e-01,4.074790970747754204e-01,-9.276355269587638341e-02
1.610000,2.542295495030807116e-03,-1.507315139417862160e-01,1.301759496285981310e-01,-4.919131668382697997e-01,-5.156522282356774678e-01,-4.710901956392391510e-01,5.198059670485793982e-01,2.579233930661718743e-02,3.901460759447986648e-01,1.141499016777551612e+00,5.387607130341707240e-01,1.528221715838346262e-01,-8.070753781549606237e-03,-9.375200533371430556e-03,-5.900682575379391226e-01,-1.199724047295889884e+00,5.407185069027101720e-01,2.793752789981749918e-01,7.512581659904013498e-02,-8.680000000000090421e-03,-1.028780905733924084e-01,7.033852692801353945e-02,-1.912392774066600021e+00,1.614843413233385983e+00,-3.864906299130975720e-01,-7.126961108543423962e-02,3.755262832810600526e-03,2.739632852006223529e-01,1.449764868969994069e-01,-2.104211611366586077e+00,-1.543370325666714171e+00,4.862806420047287026e-01,-2.682425201409627258e-01,-1.309115263512907468e-01,4.068046203040630582e-01,-9.276355269587638341e-02
1.620000,2.950215434925624117e-03,-1.514113805082775710e-01,1.295702822365508433e-01,-4.919131668382697997e-01,-5.156522282356774678e-01,-4.710901956392391510e-01,5.198059670485793982e-01,2.667616584305595659e-02,3.896021826916055697e-01,1.140003310331270781e+00,5.405283661070482415e-01,1.520063317040449835e-01,-8.070753781549606237e-03,-8.695333966880072069e-03,-5.897963109113425473e-01,-1.198704247446152893e+00,5.416023334391489863e-01,2.786954124316836645e-01,7.512581659904013498e-02,-8.680000000000090421e-03,-1.029205822337981163e-01,7.063596855085352288e-02,-1.913582540557959843e+00,1.613908596704460408e+00,-3.856407967049834129e-01,-7.441399395545678086e-02,3.755262832810600526e-03,2.734533852757538019e-01,1.449764868969994069e-01,-2.105656327820379925e+00,-1.542520492458600012e+00,4.854308087966144880e-01,-2.707920197653053695e-01,-1.309115263512907468e-01,4.061247537375716754e-01,-9.276355269587638341e-02
1.630000,3.359216195181692795e-03,-1.520930484420376927e-01,1.289991415622048776e-01,-4.919131668382697997e-01,-5.156522282356774678e-01,-4.710901956392391510e-01,5.198059670485793982e-01,2.756233415694410438e-02,3.890568483445974723e-01,1.138503640876998402e+00,5.423007027348245579e-01,1.511883301835328375e-01,-8.070753781549606237e-03,-8.013666033119953847e-03,-5.895236437378384986e-01,-1.197681745545512655e+00,5.424885017530370890e-01,2.780137444979235428e-01,7.512581659904013498e-02,-8.680000000000090421e-03,-1.029631864796581309e-01,7.093419827187356919e-02,-1.914775459442040084e+00,1.612971303295540171e+00,-3.847887117877832885e-01,-7.756670814909732981e-02,3.755262832810600526e-03,2.729421343254337384e-01,1.449764868969994069e-01,-2.107104872179620170e+00,-1.541668407541399777e+00,4.845787238794143637e-01,-2.733482745169057981e-01,-1.309115263512907468e-01,4.054430858038115537e-01,-9.276355269587638341e-02
1.640000,3.767136135076508928e-03,-1.527729150085290477e-01,1.285163130883191784e-01,-4.919131668382697997e-01,-5.156522282356774678e-01,-4.710901956392391510e-01,5.198059670485793982e-01,2.844616069338287354e-02,3.885129550914043772e-01,1.137007934430717571e+00,5.440683558077020754e-01,1.503724903037432226e-01,-8.070753781549606237e-03,-7.333799466628595359e-03,-5.892516971112419233e-01,-1.196661945695775664e+00,5.433723282894759032e-01,2.773338779314321600e-01,7.512581659904013498e-02,-8.680000000000090421e-03,-1.030056781400638388e-01,7.123163989471353874e-02,-1.915965225933399907e+00,1.612036486766614596e+00,-3.839388785796690740e-01,-8.071109101911985717e-02,3.755262832810600526e-03,2.724322344005652430e-01,1.449764868969994069e-01,-2.108549588633414462e+00,-1.540818574333285618e+00,4.837288906713001491e-01,-2.758977741412483864e-01,-1.309115263512907468e-01,4.047632192373201709e-01,-9.276355269587638341e-02
1.650000,4.171822197503938928e-03,-1.534473917792414377e-01,1.280389968443143012e-01,-4.919131668382697997e-01,-5.156522282356774678e-01,-4.710901956392391510e-01,5.198059670485793982e-01,2.932298049530897288e-02,3.879733736748344763e-01,1.135524085535150274e+00,5.458219954115542949e-01,1.495631181788883435e-01,-8.070753781549606237e-03,-6.659322695916212315e-03,-5.889819064029570006e-01,-1.195650230539706982e+00,5.442491480914020130e-01,2.766594011607197978e-01,7.512581659904013498e-02,-8.680000000000090421e-03,-1.030478329382333580e-01,7.152672348190020069e-02,-1.917145560282146555e+00,1.611109081206885119e+00,-3.830957826162785795e-01,-8.383054608366463656e-02,3.755262832810600526e-03,2.719263768225309574e-01,1.449764868969994069e-01,-2.109982851771178058e+00,-1.539975478369895123e+00,4.828857947079097102e-01,-2.784270620314198141e-01,-1.309115263512907468e-01,4.040887424666078087e-01,-9.276355269587638341e-02
1.660000,4.571147076206961112e-03,-1.541129332437464750e-01,1.275699267947009441e-01,-4.919131668382697997e-01,-5.156522282356774678e-01,-4.710901956392391510e-01,5.198059670485793982e-01,3.018818439916551993e-02,3.874409405032304687e-01,1.134059894313239170e+00,5.475524032192673474e-01,1.487644684214823043e-01,-8.070753781549606237e-03,-5.993781231411175053e-03,-5.887156898171549413e-01,-1.194651918342949592e+00,5.451143519952585947e-01,2.759938596962147606e-01,7.512581659904013498e-02,-8.680000000000090421e-03,-1.030894292797649298e-01,7.181789787262116143e-02,-1.918310257845030398e+00,1.610193961693190623e+00,-3.822638557856472552e-01,-8.690867535700043389e-02,3.755262832810600526e-03,2.714272207241521517e-01,1.449764868969994069e-01,-2.111397127383251249e+00,-1.539143551539263965e+00,4.820538678772783858e-01,-2.809228425233137316e-01,-1.309115263512907468e-01,4.034232010021027715e-01,-9.276355269587638341e-02
1.670000,4.963026383010386150e-03,-1.547660654217521969e-01,1.271117699301340387e-01,-4.919131668382697997e-01,-5.156522282356774678e-01,-4.710901956392391510e-01,5.198059670485793982e-01,3.103725623057294186e-02,3.869184347608258800e-01,1.132623003521626703e+00,5.492505468820821912e-01,1.479807098078754490e-01,-8.070753781549606237e-03,-5.340649053405466945e-03,-5.884544369459526747e-01,-1.193672220075940871e+00,5.459634238266659612e-01,2.753407275182090386e-01,7.512581659904013498e-02,-8.680000000000090421e-03,-1.031302500408902839e-01,7.210364320049865439e-02,-1.919453239156540425e+00,1.609295904948432776e+00,-3.814474405631401721e-01,-8.992941168027683563e-02,3.755262832810600526e-03,2.709373715906479019e-01,1.449764868969994069e-01,-2.112785033261513679e+00,-1.538327136316756771e+00,4.812374526547712472e-01,-2.833720881908351474e-01,-1.309115263512907468e-01,4.027700688240970495e-01,-9.276355269587638341e-02
1.680000,5.345435815053650383e-03,-1.554034144751576252e-01,1.266670754048305481e-01,-4.919131668382697997e-01,-5.156522282356774678e-01,-4.710901956392391510e-01,5.198059670485793982e-01,3.186581000000002217e-02,3.864085555181015486e-01,1.131220835604134667e+00,5.509076544209363657e-01,1.472158909437889240e-01,-8.070753781549606237e-03,-4.703300000000024822e-03,-5.881994973245905367e-01,-1.192716196495832826e+00,5.467919775960929929e-01,2.747033784648035826e-01,7.512581659904013498e-02,-8.680000000000090421e-03,-1.031700843567281145e-01,7.238248341136353792e-02,-1.920568599999999959e+00,1.608419550000000253e+00,-3.806507542463833382e-01,-9.287715105227699330e-02,3.755262832810600526e-03,2.704593598005937682e-01,1.449764868969994069e-01,-2.114139400000000002e+00,-1.537530449999999993e+00,4.804407663380144689e-01,-2.857621471411055381e-01,-1.309115263512907468e-01,4.021327197706916490e-01,-9.276355269587638341e-02
1.690000,5.716428322023493769e-03,-1.560217353201073798e-01,1.262382234849655782e-01,-4.919131668382697997e-01,-5.156522282356774678e-01,-4.710901956392391510e-01,5.198059670485793982e-01,3.266962709843466983e-02,3.859138988421417227e-01,1.129860529745245312e+00,5.525152886178056333e-01,1.464739059298492407e-01,-8.070753781549606237e-03,-4.084979155050287580e-03,-5.879521689866106238e-01,-1.191788715228408124e+00,5.475957946945276822e-01,2.740850576198538557e-01,7.512581659904013498e-02,-8.680000000000090421e-03,-1.032087294095374863e-01,7.265299878102904341e-02,-1.921650661478661926e+00,1.607569358838194518e+00,-3.798778531901961797e-01,-9.573688496016953542e-02,3.755262832810600526e-03,2.699956191668814731e-01,1.449764868969994069e-01,-2.115453331795518199e+00,-1.536757548943812779e+00,4.796678652818272548e-01,-2.880808503096670692e-01,-1.309115263512907468e-01,4.015143989257419221e-01,-9.276355269587638341e-02
1.700000,6.074151273386728042e-03,-1.566179402390460995e-01,1.258273768186130015e-01,-4.919131668382697997e-01,-5.156522282356774678e-01,-4.710901956392391510e-01,5.198059670485793982e-01,3.344469349305501105e-02,3.854369349069907691e-01,1.128548878923580023e+00,5.540654214070463990e-01,1.457584600271227826e-01,-8.070753781549606237e-03,-3.488774236111560900e-03,-5.877136870190351470e-01,-1.190894407850000114e+00,5.483708610891480095e-01,2.734888527009151638e-01,7.512581659904013498e-02,-8.680000000000090421e-03,-1.032459922169711442e-01,7.291383843306473156e-02,-1.922694020086804789e+00,1.606749577074653601e+00,-3.791325970415228008e-01,-9.849433271026114545e-02,3.755262832810600526e-03,2.695484654776774680e-01,1.449764868969994069e-01,-2.116720267248263010e+00,-1.536012292795139400e+00,4.789226091331538759e-01,-2.903166187556872613e-01,-1.309115263512907468e-01,4.009181940068031746e-01,-9.276355269587638341e-02
1.710000,6.416863625622975381e-03,-1.571891274927731674e-01,1.254364364317671343e-01,-4.919131668382697997e-01,-5.156522282356774678e-01,-4.710901956392391510e-01,5.198059670485793982e-01,3.418723692290022431e-02,3.849799851040091037e-01,1.127292266965380430e+00,5.555505082667367978e-01,1.450730353226502845e-01,-8.070753781549606237e-03,-2.917586982384482580e-03,-5.874852121175443420e-01,-1.190037626969409512e+00,5.491134045189932644e-01,2.729176654471880403e-01,7.512581659904013498e-02,-8.680000000000090421e-03,-1.032816914203290859e-01,7.316373285657033765e-02,-1.923693597780827158e+00,1.605964194600778994e+00,-3.784186129743639104e-01,-1.011360737587488762e-01,3.755262832810600526e-03,2.691200750373821116e-01,1.449764868969994069e-01,-2.117934040162433362e+00,-1.535298308727980565e+00,4.782086250659950410e-01,-2.924585709571638215e-01,-1.309115263512907468e-01,4.003470067530761067e-01,-9.276355269587638341e-02
1.720000,6.742953089457413146e-03,-1.577326099324972419e-01,1.250670053523333103e-01,-4.919131668382697997e-01,-5.156522282356774678e-01,-4.710901956392391510e-01,5.198059670485793982e-01,3.489376409454149341e-02,3.845451991522298441e-01,1.126096605597987521e+00,5.569635626100193360e-01,1.444208563949813950e-01,-8.070753781549606237e-03,-2.374104542660421951e-03,-5.872678191416547122e-01,-1.189222403309823317e+00,5.498199316906344780e-01,2.723741830074640213e-01,7.512581659904013498e-02,-8.680000000000090421e-03,-1.033156590728118440e-01,7.340150642394961678e-02,-1.924644692050344164e+00,1.605216906246158315e+00,-3.777392599247088589e-01,-1.036496800424726583e-01,3.755262832810600526e-03,2.687124632075891251e-01,1.449764868969994069e-01,-2.119088940346846694e+00,-1.534618955678325403e+00,4.775292720163399340e-01,-2.944966301061290315e-01,-1.309115263512907468e-01,3.998035243133520322e-01,-9.276355269587638341e-02
1.730000,7.050953297093508210e-03,-1.582459436118907325e-01,1.247203624942849615e-01,-4.919131668382697997e-01,-5.156522282356774678e-01,-4.710901956392391510e-01,5.198059670485793982e-01,3.556109787775303677e-02,3.841345322087150738e-01,1.124967271503321875e+00,5.582982301764424227e-01,1.438048559797092119e-01,-8.070753781549606237e-03,-1.860770863266927866e-03,-5.870624856698972716e-01,-1.188452402790733053e+00,5.504872654738460769e-01,2.718608493280705307e-01,7.512581659904013498e-02,-8.680000000000090421e-03,-1.033477424277739337e-01,7.362608990868427239e-02,-1.925543025989282953e+00,1.604511072436992425e+00,-3.770975928254669540e-01,-1.060238483096675732e-01,3.755262832810600526e-03,2.683274629480439932e-01,1.449764868969994069e-01,-2.120179774415557716e+00,-1.533977288579083664e+00,4.768876049170980846e-01,-2.964216314038546352e-01,-1.309115263512907468e-01,3.992901906339585416e-01,-9.276355269587638341e-02
1.740000,7.339560969445740879e-03,-1.587269563991444421e-01,1.243974489571925551e-01,-4.919131668382697997e-01,-5.156522282356774678e-01,-4.710901956392391510e-01,5.198059670485793982e-01,3.618641450118287306e-02,3.837497219789120506e-01,1.123909043371363659e+00,5.595488634233021230e-01,1.432276406350047604e-01,-8.070753781549606237e-03,-1.379758076013207907e-03,-5.868700805549957877e-01,-1.187730883609852572e+00,5.511125820972758715e-01,2.713798365408167657e-01,7.512581659904013498e-02,-8.680000000000090421e-03,-1.033778057269773010e-01,7.383653300310777379e-02,-1.926384798366976847e+00,1.603849679854518318e+00,-3.764963268413998310e-01,-1.082485324507160285e-01,3.755262832810600526e-03,2.679667033576036972e-01,1.449764868969994069e-01,-2.121201926588471842e+00,-1.533376022595016375e+00,4.762863389330309616e-01,-2.982254293560561154e-01,-1.309115263512907468e-01,3.988091778467047765e-01,-9.276355269587638341e-02
1.750000,7.607653083372380859e-03,-1.591737765890221812e-01,1.240988682595360326e-01,-4.919131668382697997e-01,-5.156522282356774678e-01,-4.710901956392391510e-01,5.198059670485793982e-01,3.676728074802393387e-02,3.833922658270099149e-01,1.122926038953632633e+00,5.607105959169842446e-01,1.426914564071514735e-01,-8.070753781549606237e-03,-9.329378861354757635e-04,-5.866913524790446921e-01,-1.187060653325035853e+00,5.516934483441169323e-01,2.709330163509390266e-01,7.512581659904013498e-02,-8.680000000000090421e-03,-1.034057319888446597e-01,7.403201683617927076e-02,-1.927166733699262835e+00,1.603235302093436676e+00,-3.759378016040526571e-01,-1.103150758289005440e-01,3.755262832810600526e-03,2.676315882151953929e-01,1.449764868969994069e-01,-2.122151419491962177e+00,-1.532817497357669367e+00,4.757278136956837322e-01,-2.999010050680975814e-01,-1.309115263512907468e-01,3.983623576568270930e-01,-9.276355269587638341e-02
1.760000,7.854304038908214644e-03,-1.595848615149152439e-01,1.238249012043469849e-01,-4.919131668382697997e-01,-5.156522282356774678e-01,-4.710901956392391510e-01,5.198059670485793982e-01,3.730169115168490562e-02,3.830633978862954536e-01,1.122021652116667934e+00,5.617794167243060910e-01,1.421981544960798094e-01,-8.070753781549606237e-03,-5.218529602424200331e-04,-5.865269185086874337e-01,-1.186444025936196356e+00,5.522278587477779110e-01,2.705219314250459917e-01,7.512581659904013498e-02,-8.680000000000090421e-03,-1.034314247967129674e-01,7.421186649125749435e-02,-1.927886132319575729e+00,1.602670060320333656e+00,-3.754239454466863357e-01,-1.122163436111559276e-01,3.755262832810600526e-03,2.673232745207755889e-01,1.449764868969994069e-01,-2.123024974959485167e+00,-1.532303641200302824e+00,4.752139575383174108e-01,-3.014425735401965456e-01,-1.309115263512907468e-01,3.979512727309340026e-01,-9.276355269587638341e-02
1.770000,8.078802826497234746e-03,-1.599590261608969388e-01,1.235755351392226753e-01,-4.919131668382697997e-01,-5.156522282356774678e-01,-4.710901956392391510e-01,5.198059670485793982e-01,3.778810519146111324e-02,3.827640661695100865e-01,1.121198489895508077e+00,5.627522448038585479e-01,1.417491569209017588e-01,-8.070753781549606237e-03,-1.476883142607181287e-04,-5.863772526502948335e-01,-1.185882778967223716e+00,5.527142727875541395e-01,2.701477667790642689e-01,7.512581659904013498e-02,-8.680000000000090421e-03,-1.034548100870868320e-01,7.437556352387447722e-02,-1.928540920450043661e+00,1.602155583932108662e+00,-3.749562396392092101e-01,-1.139468550988212980e-01,3.755262832810600526e-03,2.670426510362893247e-01,1.449764868969994069e-01,-2.123820074832196259e+00,-1.531835935392825920e+00,4.747462517308402852e-01,-3.028456909626279225e-01,-1.309115263512907468e-01,3.975771080849523353e-01,-9.276355269587638341e-02
1.780000,8.280670194225467698e-03,-1.602954717737773427e-01,1.233505064011813923e-01,-4.919131668382697997e-01,-5.156522282356774678e-01,-4.710901956392391510e-01,5.198059670485793982e-01,3.822548448820561884e-02,3.824949096792057968e-01,1.120458309547171183e+00,5.636270033973476146e-01,1.413454221854452963e-01,-8.070753781549606237e-03,1.887572986196718594e-04,-5.862426744051426608e-01,-1.185378110547903319e+00,5.531516520842986173e-01,2.698113211661838928e-01,7.512581659904013498e-02,-8.680000000000090421e-03,-1.034758379378918486e-01,7.452275847950964871e-02,-1.929129700272584458e+00,1.601692971214398131e+00,-3.745356826231087122e-01,-1.155029160583930931e-01,3.755262832810600526e-03,2.667903168266290148e-01,1.449764868969994069e-01,-2.124535021759566877e+00,-1.531415378376725256e+00,4.743256947147398428e-01,-3.041073620109294162e-01,-1.309115263512907468e-01,3.972406624720719037e-01,-9.276355269587638341e-02
1.790000,8.459675815053661549e-03,-1.605938144751576369e-01,1.231493538174108227e-01,-4.919131668382697997e-01,-5.156522282356774678e-01,-4.710901956392391510e-01,5.198059670485793982e-01,3.861333000000003596e-02,3.822562355181015059e-01,1.119801955604134536e+00,5.644026944209363794e-01,1.409874109437889156e-01,-8.070753781549606237e-03,4.870999999999937879e-04,-5.861233373245905431e-01,-1.184930596495832766e+00,5.535394975960931108e-01,2.695129784648035987e-01,7.512581659904013498e-02,-8.680000000000090421e-03,-1.034944843567281170e-01,7.465328341136354129e-02,-1.929651799999999806e+00,1.601282750000000199e+00,-3.741627542463833445e-01,-1.168827510522770785e-01,3.755262832810600526e-03,2.665665598005937942e-01,1.449764868969994069e-01,-2.125169000000000086e+00,-1.531042449999999944e+00,4.739527663380144196e-01,-3.052261471411055749e-01,-1.309115263512907468e-01,3.969423197706916095e-01,-9.276355269587638341e-02
1.800000,8.615855454049995907e-03,-1.608541138734848885e-01,1.229714803484646679e-01,-4.919131668382697997e-01,-5.156522282356774678e-01,-4.710901956392391510e-01,5.198059670485793982e-01,3.895171921782543401e-02,3.820479959994397268e-01,1.119229296927814588e+00,5.650794728565872171e-01,1.406750516657962469e-01,-8.070753781549606237e-03,7.473993983272177177e-04,-5.860192175652596536e-01,-1.184540147398341903e+00,5.538778868139184741e-01,2.692526790664763747e-01,7.512581659904013498e-02,-8.680000000000090421e-03,-1.035107530691235789e-01,7.476716439813170523e-02,-1.930107323947072517e+00,1.600924838327300481e+00,-3.738373799984743284e-01,-1.180866357695404961e-01,3.755262832810600526e-03,2.663713352518483624e-01,1.449764868969994069e-01,-2.125722136221445346e+00,-1.530717075752090928e+00,4.736273920901054035e-01,-3.062022698848326785e-01,-1.309115263512907468e-01,3.966820203723643856e-01,-9.276355269587638341e-02
1.810000,8.749528135622911679e-03,-1.610769016761063877e-01,1.228162193800831775e-01,-4.919131668382697997e-01,-5.156522282356774678e-01,-4.710901956392391510e-01,5.198059670485793982e-01,3.924134336123341615e-02,3.818697657573424942e-01,1.118739163762047406e+00,5.656587211434032092e-01,1.404077063026503980e-01,-8.070753781549606237e-03,9.701872009487445825e-04,-5.859301024442110650e-01,-1.184205965694409723e+00,5.541675109573264146e-01,2.690298912638548479e-01,7.512581659904013498e-02,-8.680000000000090421e-03,-1.035246773067874243e-01,7.486463406177862323e-02,-1.930497202601660245e+00,1.600618505098695632e+00,-3.735588952451973643e-01,-1.191170293566650579e-01,3.755262832810600526e-03,2.662042443998822172e-01,1.449764868969994069e-01,-2.126195560302016396e+00,-1.530438590998814075e+00,4.733489073368284950e-01,-3.070377241446634042e-01,-1.309115263512907468e-01,3.964592325697428588e-01,-9.276355269587638341e-02
1.820000,8.861313310753777747e-03,-1.612632103013245111e-01,1.226829018423256923e-01,-4.919131668382697997e-01,-5.156522282356774678e-01,-4.710901956392391510e-01,5.198059670485793982e-01,3.948354457401696133e-02,3.817207188571680176e-01,1.118329284786567568e+00,5.661431235689702302e-01,1.401841359523886832e-01,-8.070753781549606237e-03,1.156495826166854118e-03,-5.858555789941237713e-01,-1.183926502756582400e+00,5.544097121701100361e-01,2.688435826386367244e-01,7.512581659904013498e-02,-8.680000000000090421e-03,-1.035363215958635535e-01,7.494614408531155569e-02,-1.930823242695792086e+00,1.600362330739020900e+00,-3.733260094636747795e-01,-1.199787067482988162e-01,3.755262832810600526e-03,2.660645129309686663e-01,1.449764868969994069e-01,-2.126591466130604680e+00,-1.530205705217291268e+00,4.731160215553058546e-01,-3.077363814892313254e-01,-1.309115263512907468e-01,3.962729239445247353e-01,-9.276355269587638341e-02
1.830000,8.952148024229628770e-03,-1.614146014904509208e-01,1.225709202846955032e-01,-4.919131668382697997e-01,-5.156522282356774678e-01,-4.710901956392391510e-01,5.198059670485793982e-01,3.968035311988129393e-02,3.815996059058668899e-01,1.117996224170489272e+00,5.665367406606989231e-01,1.400024665254369638e-01,-8.070753781549606237e-03,1.307887015293270755e-03,-5.857950225184731519e-01,-1.183699415972892854e+00,5.546065207159742716e-01,2.686921914495102870e-01,7.512581659904013498e-02,-8.680000000000090421e-03,-1.035457835451839559e-01,7.501237773055435820e-02,-1.931088177276763185e+00,1.600154167853971909e+00,-3.731367704772667326e-01,-1.206788909980085062e-01,3.755262832810600526e-03,2.659509695391238382e-01,1.449764868969994069e-01,-2.126913172407498553e+00,-1.530016466230883276e+00,4.729267825688978633e-01,-3.083040984484554103e-01,-1.309115263512907468e-01,3.961215327553982979e-01,-9.276355269587638341e-02
1.840000,9.023304081875960225e-03,-1.615331949198614836e-01,1.224797862633308504e-01,-4.919131668382697997e-01,-5.156522282356774678e-01,-4.710901956392391510e-01,5.198059670485793982e-01,3.983452457811501729e-02,3.815047311623384618e-01,1.117735318625786123e+00,5.668450835771663421e-01,1.398601544101443217e-01,-8.070753781549606237e-03,1.426480444703823180e-03,-5.857475851467089933e-01,-1.183521525828777010e+00,5.547606921742080921e-01,2.685735980200997242e-01,7.512581659904013498e-02,-8.680000000000090421e-03,-1.035531956345221161e-01,7.506426235592147944e-02,-1.931295715778231781e+00,1.599991101888532441e+00,-3.729885286905035291e-01,-1.212273856090323038e-01,3.755262832810600526e-03,2.658620244670659161e-01,1.449764868969994069e-01,-2.127165183444995833e+00,-1.529868224444120184e+00,4.727785407821346597e-01,-3.087488238087449655e-01,-1.309115263512907468e-01,3.960029393259877906e-01,-9.276355269587638341e-02
1.850000,9.076405217789438457e-03,-1.616216968130506082e-01,1.224091778787785023e-01,-4.919131668382697997e-01,-5.156522282356774678e-01,-4.710901956392391510e-01,5.198059670485793982e-01,3.994957703926088621e-02,3.814339296477871621e-01,1.117540614460770021e+00,5.670751884994581493e-01,1.397539521383173444e-01,-8.070753781549606237e-03,1.514982337892951253e-03,-5.857121843894332880e-01,-1.183388772988993365e+00,5.548757446353539402e-01,2.684850961269106273e-01,7.512581659904013498e-02,-8.680000000000090421e-03,-1.035587270028464346e-01,7.510298193419170931e-02,-1.931450594091312700e+00,1.599869411785397544e+00,-3.728779013240171025e-01,-1.216367068650320293e-01,3.755262832810600526e-03,2.657956480471740379e-01,1.449764868969994069e-01,-2.127353249968022553e+00,-1.529757597077633591e+00,4.726679134156482331e-01,-3.090807059082041897e-01,-1.309115263512907468e-01,3.959144374327986382e-01,-9.276355269587638341e-02
1.860000,9.113444261570598573e-03,-1.616834285526858872e-01,1.223589749355984829e-01,-4.919131668382697997e-01,-5.156522282356774678e-01,-4.710901956392391510e-01,5.198059670485793982e-01,4.002982830078673226e-02,3.813845442560789278e-01,1.117404804633572502e+00,5.672356910225098137e-01,1.396798740507550207e-01,-8.070753781549606237e-03,1.576714077528219848e-03,-5.856874916935792541e-01,-1.183296175379540349e+00,5.549559958968797169e-01,2.684233643872753761e-01,7.512581659904013498e-02,-8.680000000000090421e-03,-1.035625852365736344e-01,7.512998957028214908e-02,-1.931558624635674404e+00,1.599784530643399094e+00,-3.728007366494730523e-01,-1.219222161608451427e-01,3.755262832810600526e-03,2.657493492424476411e-01,1.449764868969994069e-01,-2.127484429914747732e+00,-1.529680432403089707e+00,4.725907487411041275e-01,-3.093121999318364512e-01,-1.309115263512907468e-01,3.958527056931633870e-01,-9.276355269587638341e-02
1.870000,9.136800305556660312e-03,-1.617223552926626562e-01,1.223292799278317966e-01,-4.919131668382697997e-01,-5.156522282356774678e-01,-4.710901956392391510e-01,5.198059670485793982e-01,4.008043306275654166e-02,3.813534028640975238e-01,1.117319165805623626e+00,5.673369005464493631e-01,1.396331619627829146e-01,-8.070753781549606237e-03,1.615640817504988835e-03,-5.856719209975884688e-01,-1.183237785269575237e+00,5.550066006588495471e-01,2.683844376472985793e-01,7.512581659904013498e-02,-8.680000000000090421e-03,-1.035650181578221807e-01,7.514702001902198725e-02,-1.931626746430633812e+00,1.599731006375930908e+00,-3.727520782245020703e-01,-1.221022523332377097e-01,3.755262832810600526e-03,2.657201541874650297e-01,1.449764868969994069e-01,-2.127567149237198141e+00,-1.529631773978118670e+00,4.725420903161331454e-01,-3.094581752067493419e-01,-1.309115263512907468e-01,3.958137789531865902e-01,-9.276355269587638341e-02
1.880000,9.149255872054239819e-03,-1.617431145701586082e-01,1.223204244175675193e-01,-4.919131668382697997e-01,-5.156522282356774678e-01,-4.710901956392391510e-01,5.198059670485793982e-01,4.010742012350129032e-02,3.813367954421007511e-01,1.117273495395132432e+00,5.673908746679389159e-01,1.396082508297877556e-01,-8.070753781549606237e-03,1.636400095000954680e-03,-5.856636172865901102e-01,-1.183206646353331282e+00,5.550335877195943235e-01,2.683636783698026274e-01,7.512581659904013498e-02,-8.680000000000090421e-03,-1.035663156126656881e-01,7.515610220292646970e-02,-1.931663075166251575e+00,1.599702462369374079e+00,-3.727261291276321442e-01,-1.221982639916565361e-01,3.755262832810600526e-03,2.657045847293430518e-01,1.449764868969994069e-01,-2.127611262701877060e+00,-1.529605824881248743e+00,4.725161412192632193e-01,-3.095360224973592311e-01,-1.309115263512907468e-01,3.957930196756906382e-01,-9.276355269587638341e-02
1.890000,9.154014080572035403e-03,-1.617510449176882692e-01,1.223329610540785511e-01,-4.919131668382697997e-01,-5.156522282356774678e-01,-4.710901956392391510e-01,5.198059670485793982e-01,4.011772957528985523e-02,3.813304511640769889e-01,1.117256048630567156e+00,5.674114935715159902e-01,1.395987344127521679e-01,-8.070753781549606237e-03,1.644330442530615721e-03,-5.856604451475783124e-01,-1.183194750832036846e+00,5.550438971713829162e-01,2.683557480222729663e-01,7.512581659904013498e-02,-8.680000000000090421e-03,-1.035668112593862850e-01,7.515957172997068947e-02,-1.931676953274428676e+00,1.599691558141520753e+00,-3.727162161932200402e-01,-1.222349418489812184e-01,3.755262832810600526e-03,2.656986369686958338e-01,1.449764868969994069e-01,-2.127628114690377714e+00,-1.529595911946836750e+00,4.725062282848511153e-01,-3.095657613005954323e-01,-1.309115263512907468e-01,3.957850893281609772e-01,-9.276355269587638341e-02
1.900000,9.154715815053653810e-03,-1.617522144751576407e-01,1.223676424448438826e-01,-4.919131668382697997e-01,-5.156522282356774678e-01,-4.710901956392391510e-01,5.198059670485793982e-01,4.011925000000001601e-02,3.813295155181015139e-01,1.117253475604134572e+00,5.674145344209363673e-01,1.395973309437889276e-01,-8.070753781549606237e-03,1.645499999999980312e-03,-5.856599773245905194e-01,-1.183192996495832761e+00,5.550454175960930492e-01,2.683545784648035948e-01,7.512581659904013498e-02,-8.680000000000090421e-03,-1.035668843567281172e-01,7.516008341136354298e-02,-1.931678999999999924e+00,1.599689950000000360e+00,-3.727147542463833396e-01,-1.222403510522770270e-01,3.755262832810600526e-03,2.656977598005937913e-01,1.449764868969994069e-01,-2.127630600000000261e+00,-1.529594449999999828e+00,4.725047663380144147e-01,-3.095701471411055339e-01,-1.309115263512907468e-01,3.957839197706916057e-01,-9.276355269587638341e-02
1.910000,9.153755323777209435e-03,-1.617546157033487586e-01,1.224222604955659682e-01,-4.919131668382697997e-01,-5.156522282356774678e-01,-4.710901956392391510e-01,5.198059670485793982e-01,4.011925000000001601e-02,3.813295155181015139e-01,1.117253475604134572e+00,5.674106924558306453e-01,1.395973309437889276e-01,-8.070753781549606237e-03,1.645499999999980312e-03,-5.856599773245905194e-01,-1.183192996495832761e+00,5.550454175960930492e-01,2.683545784648035948e-01,7.512581659904013498e-02,-8.680000000000090421e-03,-1.035650834355847927e-01,7.516008341136354298e-02,-1.931678999999999924e+00,1.599689950000000360e+00,-3.727147542463833396e-01,-1.222403510522770270e-01,3.755262832810600526e-03,2.656977598005937913e-01,1.449764868969994069e-01,-2.127630600000000261e+00,-1.529594449999999828e+00,4.725047663380144147e-01,-3.095581410001500000e-01,-1.309115263512907468e-01,3.957839197706916057e-01,-9.276355269587638341e-02
1.920000,9.147463415968483391e-03,-1.617703454728705581e-01,1.224834615623743572e-01,-4.919131668382697997e-01,-5.156522282356774678e-01,-4.710901956392391510e-01,5.198059670485793982e-01,4.011925000000001601e-02,3.813295155181015139e-01,1.117253475604134572e+00,5.673855248245956995e-01,1.395973309437889276e-01,-8.070753781549606237e-03,1.645499999999980312e-03,-5.856599773245905194e-01,-1.183192996495832761e+00,5.550454175960930492e-01,2.683545784648035948e-01,7.512581659904013498e-02,-8.680000000000090421e-03,-1.035532861084434292e-01,7.516008341136354298e-02,-1.931678999999999924e+00,1.599689950000000360e+00,-3.727147542463833396e-01,-1.222403510522770270e-01,3.755262832810600526e-03,2.656977598005937913e-01,1.449764868969994069e-01,-2.127630600000000261e+00,-1.529594449999999828e+00,4.725047663380144147e-01,-3.094794921525408915e-01,-1.309115263512907468e-01,3.957839197706916057e-01,-9.276355269587638341e-02
1.930000,9.131650225458571787e-03,-1.618098784491453501e-01,1.225381205068869633e-01,-4.919131668382697997e-01,-5.156522282356774678e-01,-4.710901956392391510e-01,5.198059670485793982e-01,4.011925000000001601e-02,3.813295155181015139e-01,1.117253475604134572e+00,5.673222720625560322e-01,1.395973309437889276e-01,-8.070753781549606237e-03,1.645499999999980312e-03,-5.856599773245905194e-01,-1.183192996495832761e+00,5.550454175960930492e-01,2.683545784648035948e-01,7.512581659904013498e-02,-8.680000000000090421e-03,-1.035236363762373352e-01,7.516008341136354298e-02,-1.931678999999999924e+00,1.599689950000000360e+00,-3.727147542463833396e-01,-1.222403510522770270e-01,3.755262832810600526e-03,2.656977598005937913e-01,1.449764868969994069e-01,-2.127630600000000261e+00,-1.529594449999999828e+00,4.725047663380144147e-01,-3.092818272711670424e-01,-1.309115263512907468e-01,3.957839197706916057e-01,-9.276355269587638341e-02
1.940000,9.103279980951445652e-03,-1.618808040604131637e-01,1.225764418254536164e-01,-4.919131668382697997e-01,-5.156522282356774678e-01,-4.710901956392391510e-01,5.198059670485793982e-01,4.011925000000001601e-02,3.813295155181015139e-01,1.117253475604134572e+00,5.672087910845274861e-01,1.395973309437889276e-01,-8.070753781549606237e-03,1.645499999999980312e-03,-5.856599773245905194e-01,-1.183192996495832761e+00,5.550454175960930492e-01,2.683545784648035948e-01,7.512581659904013498e-02,-8.680000000000090421e-03,-1.034704421677864888e-01,7.516008341136354298e-02,-1.931678999999999924e+00,1.599689950000000360e+00,-3.727147542463833396e-01,-1.222403510522770270e-01,3.755262832810600526e-03,2.656977598005937913e-01,1.449764868969994069e-01,-2.127630600000000261e+00,-1.529594449999999828e+00,4.725047663380144147e-01,-3.089271992148279744e-01,-1.309115263512907468e-01,3.957839197706916057e-01,-9.276355269587638341e-02
1.950000,9.060370649948046654e-03,-1.619880773879216473e-01,1.225916094902452513e-01,-4.919131668382697997e-01,-5.156522282356774678e-01,-4.710901956392391510e-01,5.198059670485793982e-01,4.011925000000001601e-02,3.813295155181015139e-01,1.117253475604134572e+00,5.670371537605138901e-01,1.395973309437889276e-01,-8.070753781549606237e-03,1.645499999999980312e-03,-5.856599773245905194e-01,-1.183192996495832761e+00,5.550454175960930492e-01,2.683545784648035948e-01,7.512581659904013498e-02,-8.680000000000090421e-03,-1.033899871721551122e-01,7.516008341136354298e-02,-1.931678999999999924e+00,1.599689950000000360e+00,-3.727147542463833396e-01,-1.222403510522770270e-01,3.755262832810600526e-03,2.656977598005937913e-01,1.449764868969994069e-01,-2.127630600000000261e+00,-1.529594449999999828e+00,4.725047663380144147e-01,-3.083908325772854453e-01,-1.309115263512907468e-01,3.957839197706916057e-01,-9.276355269587638341e-02
1.960000,9.001893582670379354e-03,-1.621342700561158312e-01,1.225794432848239107e-01,-4.919131668382697997e-01,-5.156522282356774678e-01,-4.710901956392391510e-01,5.198059670485793982e-01,4.011925000000001601e-02,3.813295155181015139e-01,1.117253475604134572e+00,5.668032454914032625e-01,1.395973309437889276e-01,-8.070753781549606237e-03,1.645499999999980312e-03,-5.856599773245905194e-01,-1.183192996495832761e+00,5.550454175960930492e-01,2.683545784648035948e-01,7.512581659904013498e-02,-8.680000000000090421e-03,-1.032803426710094813e-01,7.516008341136354298e-02,-1.931678999999999924e+00,1.599689950000000360e+00,-3.727147542463833396e-01,-1.222403510522770270e-01,3.755262832810600526e-03,2.656977598005937913e-01,1.449764868969994069e-01,-2.127630600000000261e+00,-1.529594449999999828e+00,4.725047663380144147e-01,-3.076598692363146093e-01,-1.309115263512907468e-01,3.957839197706916057e-01,-9.276355269587638341e-02
1.970000,8.927673155985613868e-03,-1.623198211228277232e-01,1.225380649429353985e-01,-4.919131668382697997e-01,-5.156522282356774678e-01,-4.710901956392391510e-01,5.198059670485793982e-01,4.011925000000001601e-02,3.813295155181015139e-01,1.117253475604134572e+00,5.665063637846642353e-01,1.395973309437889276e-01,-8.070753781549606237e-03,1.645499999999980312e-03,-5.856599773245905194e-01,-1.183192996495832761e+00,5.550454175960930492e-01,2.683545784648035948e-01,7.512581659904013498e-02,-8.680000000000090421e-03,-1.031411793709755415e-01,7.516008341136354298e-02,-1.931678999999999924e+00,1.599689950000000360e+00,-3.727147542463833396e-01,-1.222403510522770270e-01,3.755262832810600526e-03,2.656977598005937913e-01,1.449764868969994069e-01,-2.127630600000000261e+00,-1.529594449999999828e+00,4.725047663380144147e-01,-3.067321139027550658e-01,-1.309115263512907468e-01,3.957839197706916057e-01,-9.276355269587638341e-02
1.980000,8.838286417330188521e-03,-1.625432879694662935e-01,1.224675767915768820e-01,-4.919131668382697997e-01,-5.156522282356774678e-01,-4.710901956392391510e-01,5.198059670485793982e-01,4.011925000000001601e-02,3.813295155181015139e-01,1.117253475604134572e+00,5.661488168300424784e-01,1.395973309437889276e-01,-8.070753781549606237e-03,1.645499999999980312e-03,-5.856599773245905194e-01,-1.183192996495832761e+00,5.550454175960930492e-01,2.683545784648035948e-01,7.512581659904013498e-02,-8.680000000000090421e-03,-1.029735792359966207e-01,7.516008341136354298e-02,-1.931678999999999924e+00,1.599689950000000360e+00,-3.727147542463833396e-01,-1.222403510522770270e-01,3.755262832810600526e-03,2.656977598005937913e-01,1.449764868969994069e-01,-2.127630600000000261e+00,-1.529594449999999828e+00,4.725047663380144147e-01,-3.056147796695622421e-01,-1.309115263512907468e-01,3.957839197706916057e-01,-9.276355269587638341e-02
1.990000,8.734962728633900372e-03,-1.628015971912070148e-01,1.223697548068809343e-01,-4.919131668382697997e-01,-5.156522282356774678e-01,-4.710901956392391510e-01,5.198059670485793982e-01,4.011925000000001601e-02,3.813295155181015139e-01,1.117253475604134572e+00,5.657355220752573466e-01,1.395973309437889276e-01,-8.070753781549606237e-03,1.645499999999980312e-03,-5.856599773245905194e-01,-1.183192996495832761e+00,5.550454175960930492e-01,2.683545784648035948e-01,7.512581659904013498e-02,-8.680000000000090421e-03,-1.027798473196910867e-01,7.516008341136354298e-02,-1.931678999999999924e+00,1.599689950000000360e+00,-3.727147542463833396e-01,-1.222403510522770270e-01,3.755262832810600526e-03,2.656977598005937913e-01,1.449764868969994069e-01,-2.127630600000000261e+00,-1.529594449999999828e+00,4.725047663380144147e-01,-3.043232335608586081e-01,-1.309115263512907468e-01,3.957839197706916057e-01,-9.276355269587638341e-02
2.000000,8.619483410244004398e-03,-1.630902954871817634e-01,1.222477570640693456e-01,-4.919131668382697997e-01,-5.156522282356774678e-01,-4.710901956392391510e-01,5.198059670485793982e-01,4.011925000000001601e-02,3.813295155181015139e-01,1.117253475604134572e+00,5.652736048016977488e-01,1.395973309437889276e-01,-8.070753781549606237e-03,1.645499999999980312e-03,-5.856599773245905194e-01,-1.183192996495832761e+00,5.550454175960930492e-01,2.683545784648035948e-01,7.512581659904013498e-02,-8.680000000000090421e-03,-1.025633235977100322e-01,7.516008341136354298e-02,-1.931678999999999924e+00,1.599689950000000360e+00,-3.727147542463833396e-01,-1.222403510522770270e-01,3.755262832810600526e-03,2.656977598005937913e-01,1.449764868969994069e-01,-2.127630600000000261e+00,-1.529594449999999828e+00,4.725047663380144147e-01,-3.028797420809849483e-01,-1.309115263512907468e-01,3.957839197706916057e-01,-9.276355269587638341e-02
2.010000,8.494081384849314423e-03,-1.634038005506684710e-01,1.221058475618934797e-01,-4.919131668382697997e-01,-5.156522282356774678e-01,-4.710901956392391510e-01,5.198059670485793982e-01,4.011925000000001601e-02,3.813295155181015139e-01,1.117253475604134572e+00,5.647719967001190167e-01,1.395973309437889276e-01,-8.070753781549606237e-03,1.645499999999980312e-03,-5.856599773245905194e-01,-1.183192996495832761e+00,5.550454175960930492e-01,2.683545784648035948e-01,7.512581659904013498e-02,-8.680000000000090421e-03,-1.023281948000949876e-01,7.516008341136354298e-02,-1.931678999999999924e+00,1.599689950000000360e+00,-3.727147542463833396e-01,-1.222403510522770270e-01,3.755262832810600526e-03,2.656977598005937913e-01,1.449764868969994069e-01,-2.127630600000000261e+00,-1.529594449999999828e+00,4.725047663380144147e-01,-3.013122167635512993e-01,-1.309115263512907468e-01,3.957839197706916057e-01,-9.276355269587638341e-02
2.020000,8.361340821404310980e-03,-1.637356519592809978e-01,1.219491343959452634e-01,-4.919131668382697997e-01,-5.156522282356774678e-01,-4.710901956392391510e-01,5.198059670485793982e-01,4.011925000000001601e-02,3.813295155181015139e-01,1.117253475604134572e+00,5.642410344463389960e-01,1.395973309437889276e-01,-8.070753781549606237e-03,1.645499999999980312e-03,-5.856599773245905194e-01,-1.183192996495832761e+00,5.550454175960930492e-01,2.683545784648035948e-01,7.512581659904013498e-02,-8.680000000000090421e-03,-1.020793062436356063e-01,7.516008341136354298e-02,-1.931678999999999924e+00,1.599689950000000360e+00,-3.727147542463833396e-01,-1.222403510522770270e-01,3.755262832810600526e-03,2.656977598005937913e-01,1.449764868969994069e-01,-2.127630600000000261e+00,-1.529594449999999828e+00,4.725047663380144147e-01,-2.996529597204887763e-01,-1.309115263512907468e-01,3.957839197706916057e-01,-9.276355269587638341e-02
2.030000,8.224096779053207545e-03,-1.640787620651587564e-01,1.217833203145060605e-01,-4.919131668382697997e-01,-5.156522282356774678e-01,-4.710901956392391510e-01,5.198059670485793982e-01,4.011925000000001601e-02,3.813295155181015139e-01,1.117253475604134572e+00,5.636920582769345822e-01,1.395973309437889276e-01,-8.070753781549606237e-03,1.645499999999980312e-03,-5.856599773245905194e-01,-1.183192996495832761e+00,5.550454175960930492e-01,2.683545784648035948e-01,7.512581659904013498e-02,-8.680000000000090421e-03,-1.018219736642272805e-01,7.516008341136354298e-02,-1.931678999999999924e+00,1.599689950000000360e+00,-3.727147542463833396e-01,-1.222403510522770270e-01,3.755262832810600526e-03,2.656977598005937913e-01,1.449764868969994069e-01,-2.127630600000000261e+00,-1.529594449999999828e+00,4.725047663380144147e-01,-2.979374091910999556e-01,-1.309115263512907468e-01,3.957839197706916057e-01,-9.276355269587638341e-02
2.040000,8.085334851054094829e-03,-1.644256668851565295e-01,1.216986277806189343e-01,-4.919131668382697997e-01,-5.156522282356774678e-01,-4.710901956392391510e-01,5.198059670485793982e-01,4.011925000000001601e-02,3.813295155181015139e-01,1.117253475604134572e+00,5.631370105649381452e-01,1.395973309437889276e-01,-8.070753781549606237e-03,1.645499999999980312e-03,-5.856599773245905194e-01,-1.183192996495832761e+00,5.550454175960930492e-01,2.683545784648035948e-01,7.512581659904013498e-02,-8.680000000000090421e-03,-1.015617950492289506e-01,7.516008341136354298e-02,-1.931678999999999924e+00,1.599689950000000360e+00,-3.727147542463833396e-01,-1.222403510522770270e-01,3.755262832810600526e-03,2.656977598005937913e-01,1.449764868969994069e-01,-2.127630600000000261e+00,-1.529594449999999828e+00,4.725047663380144147e-01,-2.962028850911110345e-01,-1.309115263512907468e-01,3.957839197706916057e-01,-9.276355269587638341e-02
2.050000,7.948090808702996599e-03,-1.647687769910342603e-01,1.216986277806189204e-01,-4.919131668382697997e-01,-5.156522282356774678e-01,-4.710901956392391510e-01,5.198059670485793982e-01,4.011925000000001601e-02,3.813295155181015139e-01,1.117253475604134572e+00,5.625880343955337315e-01,1.395973309437889276e-01,-8.070753781549606237e-03,1.645499999999980312e-03,-5.856599773245905194e-01,-1.183192996495832761e+00,5.550454175960930492e-01,2.683545784648035948e-01,7.512581659904013498e-02,-8.680000000000090421e-03,-1.013044624698206386e-01,7.516008341136354298e-02,-1.931678999999999924e+00,1.599689950000000360e+00,-3.727147542463833396e-01,-1.222403510522770270e-01,3.755262832810600526e-03,2.656977598005937913e-01,1.449764868969994069e-01,-2.127630600000000261e+00,-1.529594449999999828e+00,4.725047663380144147e-01,-2.944873345617223248e-01,-1.309115263512907468e-01,3.957839197706916057e-01,-9.276355269587638341e-02
2.060000,7.815350245257987952e-03,-1.651006283996467872e-01,1.216986277806189343e-01,-4.919131668382697997e-01,-5.156522282356774678e-01,-4.710901956392391510e-01,5.198059670485793982e-01,4.011925000000001601e-02,3.813295155181015139e-01,1.117253475604134572e+00,5.620570721417537108e-01,1.395973309437889276e-01,-8.070753781549606237e-03,1.645499999999980312e-03,-5.856599773245905194e-01,-1.183192996495832761e+00,5.550454175960930492e-01,2.683545784648035948e-01,7.512581659904013498e-02,-8.680000000000090421e-03,-1.010555739133612435e-01,7.516008341136354298e-02,-1.931678999999999924e+00,1.599689950000000360e+00,-3.727147542463833396e-01,-1.222403510522770270e-01,3.755262832810600526e-03,2.656977598005937913e-01,1.449764868969994069e-01,-2.127630600000000261e+00,-1.529594449999999828e+00,4.725047663380144147e-01,-2.928280775186596907e-01,-1.309115263512907468e-01,3.957839197706916057e-01,-9.276355269587638341e-02
2.070000,7.689948219863303180e-03,-1.654141334631334948e-01,1.216986277806189343e-01,-4.919131668382697997e-01,-5.156522282356774678e-01,-4.710901956392391510e-01,5.198059670485793982e-01,4.011925000000001601e-02,3.813295155181015139e-01,1.117253475604134572e+00,5.615554640401749786e-01,1.395973309437889276e-01,-8.070753781549606237e-03,1.645499999999980312e-03,-5.856599773245905194e-01,-1.183192996495832761e+00,5.550454175960930492e-01,2.683545784648035948e-01,7.512581659904013498e-02,-8.680000000000090421e-03,-1.008204451157462128e-01,7.516008341136354298e-02,-1.931678999999999924e+00,1.599689950000000360e+00,-3.727147542463833396e-01,-1.222403510522770270e-01,3.755262832810600526e-03,2.656977598005937913e-01,1.449764868969994069e-01,-2.127630600000000261e+00,-1.529594449999999828e+00,4.725047663380144147e-01,-2.912605522012261527e-01,-1.309115263512907468e-01,3.957839197706916057e-01,-9.276355269587638341e-02
2.080000,7.574468901473404604e-03,-1.657028317591082434e-01,1.216986277806189343e-01,-4.919131668382697997e-01,-5.156522282356774678e-01,-4.710901956392391510e-01,5.198059670485793982e-01,4.011925000000001601e-02,3.813295155181015139e-01,1.117253475604134572e+00,5.610935467666153809e-01,1.395973309437889276e-01,-8.070753781549606237e-03,1.645499999999980312e-03,-5.856599773245905194e-01,-1.183192996495832761e+00,5.550454175960930492e-01,2.683545784648035948e-01,7.512581659904013498e-02,-8.680000000000090421e-03,-1.006039213937651583e-01,7.516008341136354298e-02,-1.931678999999999924e+00,1.599689950000000360e+00,-3.727147542463833396e-01,-1.222403510522770270e-01,3.755262832810600526e-03,2.656977598005937913e-01,1.449764868969994069e-01,-2.127630600000000261e+00,-1.529594449999999828e+00,4.725047663380144147e-01,-2.898170607213524375e-01,-1.309115263512907468e-01,3.957839197706916057e-01,-9.276355269587638341e-02
2.090000,7.471145212777118190e-03,-1.659611409808489646e-01,1.216986277806189204e-01,-4.919131668382697997e-01,-5.156522282356774678e-01,-4.710901956392391510e-01,5.198059670485793982e-01,4.011925000000001601e-02,3.813295155181015139e-01,1.117253475604134572e+00,5.606802520118302491e-01,1.395973309437889276e-01,-8.070753781549606237e-03,1.645499999999980312e-03,-5.856599773245905194e-01,-1.183192996495832761e+00,5.550454175960930492e-01,2.683545784648035948e-01,7.512581659904013498e-02,-8.680000000000090421e-03,-1.004101894774596243e-01,7.516008341136354298e-02,-1.931678999999999924e+00,1.599689950000000360e+00,-3.727147542463833396e-01,-1.222403510522770270e-01,3.755262832810600526e-03,2.656977598005937913e-01,1.449764868969994069e-01,-2.127630600000000261e+00,-1.529594449999999828e+00,4.725047663380144147e-01,-2.885255146126488590e-01,-1.309115263512907468e-01,3.957839197706916057e-01,-9.276355269587638341e-02
2.100000,7.381758474121691976e-03,-1.661846078274875349e-01,1.216986277806189343e-01,-4.919131668382697997e-01,-5.156522282356774678e-01,-4.710901956392391510e-01,5.198059670485793982e-01,4.011925000000001601e-02,3.813295155181015139e-01,1.117253475604134572e+00,5.603227050572084922e-01,1.395973309437889276e-01,-8.070753781549606237e-03,1.645499999999980312e-03,-5.856599773245905194e-01,-1.183192996495832761e+00,5.550454175960930492e-01,2.683545784648035948e-01,7.512581659904013498e-02,-8.680000000000090421e-03,-1.002425893424807035e-01,7.516008341136354298e-02,-1.931678999999999924e+00,1.599689950000000360e+00,-3.727147542463833396e-01,-1.222403510522770270e-01,3.755262832810600526e-03,2.656977598005937913e-01,1.449764868969994069e-01,-2.127630600000000261e+00,-1.529594449999999828e+00,4.725047663380144147e-01,-2.874081803794560352e-01,-1.309115263512907468e-01,3.957839197706916057e-01,-9.276355269587638341e-02
2.110000,7.307538047436929959e-03,-1.663701588941994269e-01,1.216986277806189204e-01,-4.919131668382697997e-01,-5.156522282356774678e-01,-4.710901956392391510e-01,5.198059670485793982e-01,4.011925000000001601e-02,3.813295155181015139e-01,1.117253475604134572e+00,5.600258233504694649e-01,1.395973309437889276e-01,-8.070753781549606237e-03,1.645499999999980312e-03,-5.856599773245905194e-01,-1.183192996495832761e+00,5.550454175960930492e-01,2.683545784648035948e-01,7.512581659904013498e-02,-8.680000000000090421e-03,-1.001034260424467637e-01,7.516008341136354298e-02,-1.931678999999999924e+00,1.599689950000000360e+00,-3.727147542463833396e-01,-1.222403510522770270e-01,3.755262832810600526e-03,2.656977598005937913e-01,1.449764868969994069e-01,-2.127630600000000261e+00,-1.529594449999999828e+00,4.725047663380144147e-01,-2.864804250458964918e-01,-1.309115263512907468e-01,3.957839197706916057e-01,-9.276355269587638341e-02
2.120000,7.249060980159260058e-03,-1.665163515623936108e-01,1.216986277806189343e-01,-4.919131668382697997e-01,-5.156522282356774678e-01,-4.710901956392391510e-01,5.198059670485793982e-01,4.011925000000001601e-02,3.813295155181015139e-01,1.117253475604134572e+00,5.597919150813588374e-01,1.395973309437889276e-01,-8.070753781549606237e-03,1.645499999999980312e-03,-5.856599773245905194e-01,-1.183192996495832761e+00,5.550454175960930492e-01,2.683545784648035948e-01,7.512581659904013498e-02,-8.680000000000090421e-03,-9.999378154130113272e-02,7.516008341136354298e-02,-1.931678999999999924e+00,1.599689950000000360e+00,-3.727147542463833396e-01,-1.222403510522770270e-01,3.755262832810600526e-03,2.656977598005937913e-01,1.449764868969994069e-01,-2.127630600000000261e+00,-1.529594449999999828e+00,4.725047663380144147e-01,-2.857494617049256558e-01,-1.309115263512907468e-01,3.957839197706916057e-01,-9.276355269587638341e-02
2.130000,7.206151649155861059e-03,-1.666236248899020944e-01,1.216986277806189343e-01,-4.919131668382697997e-01,-5.156522282356774678e-01,-4.710901956392391510e-01,5.198059670485793982e-01,4.011925000000001601e-02,3.813295155181015139e-01,1.117253475604134572e+00,5.596202777573452414e-01,1.395973309437889276e-01,-8.070753781549606237e-03,1.645499999999980312e-03,-5.856599773245905194e-01,-1.183192996495832761e+00,5.550454175960930492e-01,2.683545784648035948e-01,7.512581659904013498e-02,-8.680000000000090421e-03,-9.991332654566975613e-02,7.516008341136354298e-02,-1.931678999999999924e+00,1.599689950000000360e+00,-3.727147542463833396e-01,-1.222403510522770270e-01,3.755262832810600526e-03,2.656977598005937913e-01,1.449764868969994069e-01,-2.127630600000000261e+00,-1.529594449999999828e+00,4.725047663380144147e-01,-2.852130950673831267e-01,-1.309115263512907468e-01,3.957839197706916057e-01,-9.276355269587638341e-02
2.140000,7.177781404648735791e-03,-1.666945505011699080e-01,1.216986277806189204e-01,-4.919131668382697997e-01,-5.156522282356774678e-01,-4.710901956392391510e-01,5.198059670485793982e-01,4.011925000000001601e-02,3.813295155181015139e-01,1.117253475604134572e+00,5.595067967793166952e-01,1.395973309437889276e-01,-8.070753781549606237e-03,1.645499999999980312e-03,-5.856599773245905194e-01,-1.183192996495832761e+00,5.550454175960930492e-01,2.683545784648035948e-01,7.512581659904013498e-02,-8.680000000000090421e-03,-9.986013233721890980e-02,7.516008341136354298e-02,-1.931678999999999924e+00,1.599689950000000360e+00,-3.727147542463833396e-01,-1.222403510522770270e-01,3.755262832810600526e-03,2.656977598005937913e-01,1.449764868969994069e-01,-2.127630600000000261e+00,-1.529594449999999828e+00,4.725047663380144147e-01,-2.848584670110440586e-01,-1.309115263512907468e-01,3.957839197706916057e-01,-9.276355269587638341e-02
2.150000,7.161968214138825922e-03,-1.667340834774447000e-01,1.216986277806189343e-01,-4.919131668382697997e-01,-5.156522282356774678e-01,-4.710901956392391510e-01,5.198059670485793982e-01,4.011925000000001601e-02,3.813295155181015139e-01,1.117253475604134572e+00,5.594435440172770280e-01,1.395973309437889276e-01,-8.070753781549606237e-03,1.645499999999980312e-03,-5.856599773245905194e-01,-1.183192996495832761e+00,5.550454175960930492e-01,2.683545784648035948e-01,7.512581659904013498e-02,-8.680000000000090421e-03,-9.983048260501281579e-02,7.516008341136354298e-02,-1.931678999999999924e+00,1.599689950000000360e+00,-3.727147542463833396e-01,-1.222403510522770270e-01,3.755262832810600526e-03,2.656977598005937913e-01,1.449764868969994069e-01,-2.127630600000000261e+00,-1.529594449999999828e+00,4.725047663380144147e-01,-2.846608021296702096e-01,-1.309115263512907468e-01,3.957839197706916057e-01,-9.276355269587638341e-02
2.160000,7.155676306330098144e-03,-1.667498132469664995e-01,1.216986277806189343e-01,-4.919131668382697997e-01,-5.156522282356774678e-01,-4.710901956392391510e-01,5.198059670485793982e-01,4.011925000000001601e-02,3.813295155181015139e-01,1.117253475604134572e+00,5.594183763860420822e-01,1.395973309437889276e-01,-8.070753781549606237e-03,1.645499999999980312e-03,-5.856599773245905194e-01,-1.183192996495832761e+00,5.550454175960930492e-01,2.683545784648035948e-01,7.512581659904013498e-02,-8.680000000000090421e-03,-9.981868527787145229e-02,7.516008341136354298e-02,-1.931678999999999924e+00,1.599689950000000360e+00,-3.727147542463833396e-01,-1.222403510522770270e-01,3.755262832810600526e-03,2.656977598005937913e-01,1.449764868969994069e-01,-2.127630600000000261e+00,-1.529594449999999828e+00,4.725047663380144147e-01,-2.845821532820611011e-01,-1.309115263512907468e-01,3.957839197706916057e-01,-9.276355269587638341e-02
2.170000,7.154715815053653769e-03,-1.667522144751576174e-01,1.216986277806189204e-01,-4.919131668382697997e-01,-5.156522282356774678e-01,-4.710901956392391510e-01,5.198059670485793982e-01,4.011925000000001601e-02,3.813295155181015139e-01,1.117253475604134572e+00,5.594145344209363602e-01,1.395973309437889276e-01,-8.070753781549606237e-03,1.645499999999980312e-03,-5.856599773245905194e-01,-1.183192996495832761e+00,5.550454175960930492e-01,2.683545784648035948e-01,7.512581659904013498e-02,-8.680000000000090421e-03,-9.981688435672812776e-02,7.516008341136354298e-02,-1.931678999999999924e+00,1.599689950000000360e+00,-3.727147542463833396e-01,-1.222403510522770270e-01,3.755262832810600526e-03,2.656977598005937913e-01,1.449764868969994069e-01,-2.127630600000000261e+00,-1.529594449999999828e+00,4.725047663380144147e-01,-2.845701471411055672e-01,-1.309115263512907468e-01,3.957839197706916057e-01,-9.276355269587638341e-02
2.180000,7.154062986401576833e-03,-1.667571106900481992e-01,1.216981179023629983e-01,-4.919131668382697997e-01,-5.156522282356774678e-01,-4.710901956392391510e-01,5.198059670485793982e-01,4.011454963370505999e-02,3.813310823068665201e-01,1.117258306536160095e+00,5.594082672658764466e-01,1.396002033898580685e-01,-8.070753781549606237e-03,1.647197354495383986e-03,-5.856599773245905194e-01,-1.183192996495832761e+00,5.550471149505884494e-01,2.683545784648035948e-01,7.512581659904013498e-02,-8.682284900282360995e-03,-9.981606832091302617e-02,7.515951218629296493e-02,-1.931681121693119119e+00,1.599690766035815503e+00,-3.727147542463833396e-01,-1.222416567095811757e-01,3.755262832810600526e-03,2.656977598005937913e-01,1.449764868969994069e-01,-2.127623418884827089e+00,-1.529597061314608375e+00,4.725080304812748211e-01,-2.845595386755093159e-01,-1.309115263512907468e-01,3.957862046709739179e-01,-9.276355269587638341e-02
2.190000,7.149641824454716285e-03,-1.667902694046496381e-01,1.216946648413452514e-01,-4.919131668382697997e-01,-5.156522282356774678e-01,-4.710901956392391510e-01,5.198059670485793982e-01,4.008271726768766752e-02,3.813416930955389472e-01,1.117291023134566741e+00,5.593658241111865159e-01,1.396196565024242497e-01,-8.070753781549606237e-03,1.658692375557217075e-03,-5.856599773245905194e-01,-1.183192996495832761e+00,5.550586099716502408e-01,2.683545784648035948e-01,7.512581659904013498e-02,-8.697758967096371613e-03,-9.981054186847945764e-02,7.515564366958946141e-02,-1.931695490469446552e+00,1.599696292488248961e+00,-3.727147542463833396e-01,-1.222504990334749020e-01,3.755262832810600526e-03,2.656977598005937913e-01,1.449764868969994069e-01,-2.127574786103411775e+00,-1.529614745962395661e+00,4.725301362910091507e-01,-2.844876947938728140e-01,-1.309115263512907468e-01,3.958016787377879320e-01,-9.276355269587638341e-02
2.200000,7.138085004544177277e-03,-1.668769455539786950e-01,1.216856385802909946e-01,-4.919131668382697997e-01,-5.156522282356774678e-01,-4.710901956392391510e-01,5.198059670485793982e-01,3.999950816433178735e-02,3.813694294633242499e-01,1.117376543601904748e+00,5.592548786400454164e-01,1.396705065100306009e-01,-8.070753781549606237e-03,1.688740107324619016e-03,-5.856599773245905194e-01,-1.183192996495832761e+00,5.550886577034176428e-01,2.683545784648035948e-01,7.512581659904013498e-02,-8.738207836783258575e-03,-9.979609584359128149e-02,7.514553145216774921e-02,-1.931733050134155860e+00,1.599710738513137276e+00,-3.727147542463833396e-01,-1.222736126732959783e-01,3.755262832810600526e-03,2.656977598005937913e-01,1.449764868969994069e-01,-2.127447661084395758e+00,-1.529660973242037869e+00,4.725879203905618553e-01,-2.842998964703265519e-01,-1.309115263512907468e-01,3.958421276074747808e-01,-9.276355269587638341e-02
2.210000,7.116447014294483703e-03,-1.670392304808513972e-01,1.216687384510073272e-01,-4.919131668382697997e-01,-5.156522282356774678e-01,-4.710901956392391510e-01,5.198059670485793982e-01,3.984371463453399015e-02,3.814213606399235457e-01,1.117536664729752438e+00,5.590471539336483442e-01,1.397657136671292544e-01,-8.070753781549606237e-03,1.744998881973824911e-03,-5.856599773245905194e-01,-1.183192996495832761e+00,5.551449164780668522e-01,2.683545784648035948e-01,7.512581659904013498e-02,-8.813940802657186518e-03,-9.976904835577915520e-02,7.512659821069926636e-02,-1.931803373602467122e+00,1.599737786000949402e+00,-3.727147542463833396e-01,-1.223168886537953637e-01,3.755262832810600526e-03,2.656977598005937913e-01,1.449764868969994069e-01,-2.127209643191649402e+00,-1.529747525203036584e+00,4.726961103418103050e-01,-2.839482791287690211e-01,-1.309115263512907468e-01,3.959178605733487122e-01,-9.276355269587638341e-02
2.220000,7.082186936795273162e-03,-1.672961810620954837e-01,1.216419796011028176e-01,-4.919131668382697997e-01,-5.156522282356774678e-01,-4.710901956392391510e-01,5.198059670485793982e-01,3.959704207653968328e-02,3.815035848259216156e-01,1.117790189303246695e+00,5.587182571896559535e-01,1.399164580081257991e-01,-8.070753781549606237e-03,1.834075083471768675e-03,-5.856599773245905194e-01,-1.183192996495832761e+00,5.552339926795648584e-01,2.683545784648035948e-01,7.512581659904013498e-02,-8.933851073904423845e-03,-9.972622325890515005e-02,7.509662064288745442e-02,-1.931914718854339741e+00,1.599780611097823213e+00,-3.727147542463833396e-01,-1.223854088087937830e-01,3.755262832810600526e-03,2.656977598005937913e-01,1.449764868969994069e-01,-2.126832782339158179e+00,-1.529884565513033534e+00,4.728674107293063256e-01,-2.833915528694068708e-01,-1.309115263512907468e-01,3.960377708445959599e-01,-9.276355269587638341e-02
2.230000,7.033151233773003198e-03,-1.676639488347624884e-01,1.216036794542196819e-01,-4.919131668382697997e-01,-5.156522282356774678e-01,-4.710901956392391510e-01,5.198059670485793982e-01,3.924398501477933954e-02,3.816212705131750704e-01,1.118153053505611449e+00,5.582475144406421341e-01,1.401322151014237904e-01,-8.070753781549606237e-03,1.961567911329668845e-03,-5.856599773245905194e-01,-1.183192996495832761e+00,5.553614855074227030e-01,2.683545784648035948e-01,7.512581659904013498e-02,-9.105476034482366116e-03,-9.966492863012731129e-02,7.505371440274297146e-02,-1.932074084889161991e+00,1.599841905726601121e+00,-3.727147542463833396e-01,-1.224834802148383195e-01,3.755262832810600526e-03,2.656977598005937913e-01,1.449764868969994069e-01,-2.126293389605912854e+00,-1.530080708325122441e+00,4.731125892444176806e-01,-2.825947226952950087e-01,-1.309115263512907468e-01,3.962093958051738918e-01,-9.276355269587638341e-02
2.240000,6.967556528762634989e-03,-1.681559091223402691e-01,1.215524441760301999e-01,-4.919131668382697997e-01,-5.156522282356774678e-01,-4.710901956392391510e-01,5.198059670485793982e-01,3.877170313870468427e-02,3.817786978051999625e-01,1.118638454322688158e+00,5.576178052725425660e-01,1.404208318034693981e-01,-8.070753781549606237e-03,2.132114144356628271e-03,-5.856599773245905194e-01,-1.183192996495832761e+00,5.555320317404497388e-01,2.683545784648035948e-01,7.512581659904013498e-02,-9.335057502018656583e-03,-9.958293524886435710e-02,7.499631903585890491e-02,-1.932287267680445675e+00,1.599923899107864145e+00,-3.727147542463833396e-01,-1.226146696248590628e-01,3.755262832810600526e-03,2.656977598005937913e-01,1.449764868969994069e-01,-2.125571847850798779e+00,-1.530343087145163983e+00,4.734405627694695529e-01,-2.815288087388764793e-01,-1.309115263512907468e-01,3.964389772727101580e-01,-9.276355269587638341e-02
2.250000,6.883972390279345654e-03,-1.687827901609649239e-01,1.214871551553484974e-01,-4.919131668382697997e-01,-5.156522282356774678e-01,-4.710901956392391510e-01,5.198059670485793982e-01,3.816989734162500730e-02,3.819792997375598409e-01,1.119256976947464510e+00,5.568153975431030522e-01,1.407886020127958604e-01,-8.070753781549606237e-03,2.349432904413178286e-03,-5.856599773245905194e-01,-1.183192996495832761e+00,5.557493505005062229e-01,2.683545784648035948e-01,7.512581659904013498e-02,-9.627601986710167953e-03,-9.947845507576023871e-02,7.492318291468602620e-02,-1.932558916130516558e+00,1.600028379280968194e+00,-3.727147542463833396e-01,-1.227818379018256467e-01,3.755262832810600526e-03,2.656977598005937913e-01,1.449764868969994069e-01,-2.124652422327482526e+00,-1.530677423699097206e+00,4.738584834618859709e-01,-2.801705664885230651e-01,-1.309115263512907468e-01,3.967315217574016728e-01,-9.276355269587638341e-02
2.260000,6.781304114990206744e-03,-1.695528022256334588e-01,1.214069555070831363e-01,-4.919131668382697997e-01,-5.156522282356774678e-01,-4.710901956392391510e-01,5.198059670485793982e-01,3.743068575954320437e-02,3.822257035982538076e-01,1.120016722184604241e+00,5.558297821003272965e-01,1.412403424240680772e-01,-8.070753781549606237e-03,2.616370420164942576e-03,-5.856599773245905194e-01,-1.183192996495832761e+00,5.560162880162580201e-01,2.683545784648035948e-01,7.512581659904013498e-02,-9.986940950222154140e-03,-9.935011973164881161e-02,7.483334817380801751e-02,-1.932892588025206138e+00,1.600156714625079690e+00,-3.727147542463833396e-01,-1.229871744524039245e-01,3.755262832810600526e-03,2.656977598005937913e-01,1.449764868969994069e-01,-2.123523071299302067e+00,-1.531088096800253595e+00,4.743718248383316793e-01,-2.785022070150745543e-01,-1.309115263512907468e-01,3.970908607209137076e-01,-9.276355269587638341e-02
2.270000,6.658775510885908688e-03,-1.704717667564157046e-01,1.213112366014010846e-01,-4.919131668382697997e-01,-5.156522282356774678e-01,-4.710901956392391510e-01,5.198059670485793982e-01,3.654847980999225560e-02,3.825197722481041285e-01,1.120923433854975837e+00,5.546535075009260130e-01,1.417794682821270080e-01,-8.070753781549606237e-03,2.934944790836118908e-03,-5.856599773245905194e-01,-1.183192996495832761e+00,5.563348623869291965e-01,2.683545784648035948e-01,7.512581659904013498e-02,-1.041579106458719733e-02,-9.919695897651843730e-02,7.472613564521676799e-02,-1.933290805988545191e+00,1.600309875380209856e+00,-3.727147542463833396e-01,-1.232322316606125207e-01,3.755262832810600526e-03,2.656977598005937913e-01,1.449764868969994069e-01,-2.122175256654155184e+00,-1.531578211216670926e+00,4.749844678588531766e-01,-2.765111171983796745e-01,-1.309115263512907468e-01,3.975197108352787057e-01,-9.276355269587638341e-02
2.280000,6.515911680452419336e-03,-1.715432454846668731e-01,1.211996246213852685e-01,-4.919131668382697997e-01,-5.156522282356774678e-01,-4.710901956392391510e-01,5.198059670485793982e-01,3.551986023087112809e-02,3.828626454411445112e-01,1.121980626200183684e+00,5.532820147287644819e-01,1.424080691360343487e-01,-8.070753781549606237e-03,3.306390749963188103e-03,-5.856599773245905194e-01,-1.183192996495832761e+00,5.567063083460562778e-01,2.683545784648035948e-01,7.512581659904013498e-02,-1.091581447110441180e-02,-9.901837918847658515e-02,7.460112979358746177e-02,-1.933755113437453987e+00,1.600488455168251889e+00,-3.727147542463833396e-01,-1.235179593214794924e-01,3.755262832810600526e-03,2.656977598005937913e-01,1.449764868969994069e-01,-2.120603754519386541e+00,-1.532149666538404897e+00,4.756987870110206407e-01,-2.741895799538354717e-01,-1.309115263512907468e-01,3.980197342417959305e-01,-9.276355269587638341e-02
2.290000,6.352521803842728354e-03,-1.727686695592395572e-01,1.210719671496335442e-01,-4.919131668382697997e-01,-5.156522282356774678e-01,-4.710901956392391510e-01,5.198059670485793982e-01,3.434345311928135858e-02,3.832547811450077724e-01,1.123189711287095438e+00,5.517134719133114373e-01,1.431269845931169848e-01,-8.070753781549606237e-03,3.731204429148385349e-03,-5.856599773245905194e-01,-1.183192996495832761e+00,5.571311220252415097e-01,2.683545784648035948e-01,7.512581659904013498e-02,-1.148767903923832850e-02,-9.881414184271447576e-02,7.445816365155397132e-02,-1.934286130536435389e+00,1.600692692514013915e+00,-3.727147542463833396e-01,-1.238447390746988674e-01,3.755262832810600526e-03,2.656977598005937913e-01,1.449764868969994069e-01,-2.118806465876680090e+00,-1.532803226044843647e+00,4.765157363940690782e-01,-2.715344944589280218e-01,-1.309115263512907468e-01,3.985915988099298923e-01,-9.276355269587638341e-02
2.300000,6.168681922048493624e-03,-1.741474686726963150e-01,1.209283197826829387e-01,-4.919131668382697997e-01,-5.156522282356774678e-01,-4.710901956392391510e-01,5.198059670485793982e-01,3.301980597036286574e-02,3.836959968613138927e-01,1.124550126412372730e+00,5.499486090480868450e-01,1.439358800730116128e-01,-8.070753781549606237e-03,4.209188121813397035e-03,-5.856599773245905194e-01,-1.183192996495832761e+00,5.576091057179064503e-01,2.683545784648035948e-01,7.512581659904013498e-02,-1.213111862551815266e-02,-9.858434199047166890e-02,7.429730375498402872e-02,-1.934883610152266620e+00,1.600922492366256833e+00,-3.727147542463833396e-01,-1.242124188382873473e-01,3.755262832810600526e-03,2.656977598005937913e-01,1.449764868969994069e-01,-2.116784227176943478e+00,-1.533538585572020718e+00,4.774349358030402501e-01,-2.685470963797716992e-01,-1.309115263512907468e-01,3.992350383962096627e-01,-9.276355269587638341e-02
2.310000,5.964717720071791712e-03,-1.756772001875215872e-01,1.207689327708288268e-01,-4.919131668382697997e-01,-5.156522282356774678e-01,-4.710901956392391510e-01,5.198059670485793982e-01,3.155126371613060920e-02,3.841855109460580175e-01,1.126059461507000314e+00,5.479905527091104567e-01,1.448333225617091102e-01,-8.070753781549606237e-03,4.739495046952819923e-03,-5.856599773245905194e-01,-1.183192996495832761e+00,5.581394126430458957e-01,2.683545784648035948e-01,7.512581659904013498e-02,-1.284499333243660849e-02,-9.832938673800079021e-02,7.411883507825441086e-02,-1.935546493808691038e+00,1.601177447618727712e+00,-3.727147542463833396e-01,-1.246203472422407477e-01,3.755262832810600526e-03,2.656977598005937913e-01,1.449764868969994069e-01,-2.114540620955199568e+00,-1.534354442379927352e+00,4.784547568129237649e-01,-2.652326780976502762e-01,-1.309115263512907468e-01,3.999489131031281341e-01,-9.276355269587638341e-02
2.320000,5.741187310096766000e-03,-1.773536782623342800e-01,1.205942376798566501e-01,-4.919131668382697997e-01,-5.156522282356774678e-01,-4.710901956392391510e-01,5.198059670485793982e-01,2.994184476431042963e-02,3.847219839299980682e-01,1.127713586540815660e+00,5.458446607733502542e-01,1.458168563655992123e-01,-8.070753781549606237e-03,5.320674112887887469e-03,-5.856599773245905194e-01,-1.183192996495832761e+00,5.587205917089809182e-01,2.683545784648035948e-01,7.512581659904013498e-02,-1.362734976734919674e-02,-9.804997372553200807e-02,7.392324596952626337e-02,-1.936272967641109677e+00,1.601456860631196299e+00,-3.727147542463833396e-01,-1.250674080621907991e-01,3.755262832810600526e-03,2.656977598005937913e-01,1.449764868969994069e-01,-2.112081786445474396e+00,-1.535248564019827455e+00,4.795724088627988935e-01,-2.616003089355561362e-01,-1.309115263512907468e-01,4.007312695380407241e-01,-9.276355269587638341e-02
2.330000,5.498864014661341594e-03,-1.791711029780999609e-01,1.204048340703927633e-01,-4.919131668382697997e-01,-5.156522282356774678e-01,-4.710901956392391510e-01,5.198059670485793982e-01,2.819711703717537460e-02,3.853035598390430749e-01,1.129506778927037658e+00,5.435183571371701161e-01,1.468830788655151043e-01,-8.070753781549606237e-03,5.950714681019991445e-03,-5.856599773245905194e-01,-1.183192996495832761e+00,5.593506322771130135e-01,2.683545784648035948e-01,7.512581659904013498e-02,-1.447548130137318173e-02,-9.774706960623773255e-02,7.371121308602027189e-02,-1.937060518351275018e+00,1.601759764750490644e+00,-3.727147542463833396e-01,-1.255520546530616566e-01,3.755262832810600526e-03,2.656977598005937913e-01,1.449764868969994069e-01,-2.109416230195684694e+00,-1.536217857201569226e+00,4.807840253399759955e-01,-2.576625553847304850e-01,-1.309115263512907468e-01,4.015794010720646900e-01,-9.276355269587638341e-02
2.340000,5.238719149828956721e-03,-1.811221894643428587e-01,1.202735313660821953e-01,-4.919131668382697997e-01,-5.156522282356774678e-01,-4.710901956392391510e-01,5.198059670485793982e-01,2.632407401038219796e-02,3.859279075146407889e-01,1.131431850926797322e+00,5.410209664347792602e-01,1.480277162707775984e-01,-8.070753781549606237e-03,6.627091329584191420e-03,-5.856599773245905194e-01,-1.183192996495832761e+00,5.600270089256772499e-01,2.683545784648035948e-01,7.512581659904013498e-02,-1.538598832828652965e-02,-9.742188852519725883e-02,7.348358632929193057e-02,-1.937905989161980091e+00,1.602084945831531160e+00,-3.727147542463833396e-01,-1.260723443827264090e-01,3.755262832810600526e-03,2.656977598005937913e-01,1.449764868969994069e-01,-2.106554636682528514e+00,-1.537258436660898786e+00,4.820847496641379459e-01,-2.534352013312042295e-01,-1.309115263512907468e-01,4.024899080989780553e-01,-9.276355269587638341e-02
2.350000,4.961904808360185701e-03,-1.831982970253586140e-01,1.202521597770107031e-01,-4.919131668382697997e-01,-5.156522282356774678e-01,-4.710901956392391510e-01,5.198059670485793982e-01,2.433101075180705078e-02,3.865922619341658484e-01,1.133480277053666274e+00,5.383635487566790223e-01,1.492456993732401704e-01,-8.070753781549606237e-03,7.346808617402996594e-03,-5.856599773245905194e-01,-1.183192996495832761e+00,5.607467262134960828e-01,2.683545784648035948e-01,7.512581659904013498e-02,-1.635483852342722866e-02,-9.707587059836128573e-02,7.324137378050675495e-02,-1.938805635771753799e+00,1.602430963758367133e+00,-3.727147542463833396e-01,-1.266259730656639770e-01,3.755262832810600526e-03,2.656977598005937913e-01,1.449764868969994069e-01,-2.103509678926371862e+00,-1.538365694026773811e+00,4.834688213714817828e-01,-2.489369682823366903e-01,-1.309115263512907468e-01,4.034587582941187578e-01,-9.276355269587638341e-02
2.360000,4.669736642884531053e-03,-1.853895582664260577e-01,1.202617342218718910e-01,-4.919131668382697997e-01,-5.156522282356774678e-01,-4.710901956392391510e-01,5.198059670485793982e-01,2.222739996038233454e-02,3.872934655313074459e-01,1.135642321478186112e+00,5.355587343681127432e-01,1.505312393013330530e-01,-8.070753781549606237e-03,8.106445847639700067e-03,-5.856599773245905194e-01,-1.183192996495832761e+00,5.615063634437327256e-01,2.683545784648035948e-01,7.512581659904013498e-02,-1.737742710259202253e-02,-9.671066039151672566e-02,7.298572663571556429e-02,-1.939755182309549575e+00,1.602796173965211679e+00,-3.727147542463833396e-01,-1.272103093966152620e-01,3.755262832810600526e-03,2.656977598005937913e-01,1.449764868969994069e-01,-2.100295829106139767e+00,-1.539534366688676492e+00,4.849296621988600231e-01,-2.441892355933573122e-01,-1.309115263512907468e-01,4.044813468732835204e-01,-9.276355269587638341e-02
2.370000,4.363676649072013511e-03,-1.876850082200199332e-01,1.203090381992036051e-01,-4.919131668382697997e-01,-5.156522282356774678e-01,-4.710901956392391510e-01,5.198059670485793982e-01,2.002376800493220824e-02,3.880280095164574394e-01,1.137907165432398671e+00,5.326205584275126581e-01,1.518779032741081336e-01,-8.070753781549606237e-03,8.902201831552243941e-03,-5.856599773245905194e-01,-1.183192996495832761e+00,5.623021194276452972e-01,2.683545784648035948e-01,7.512581659904013498e-02,-1.844863708093583132e-02,-9.632808539925107050e-02,7.271792414112959735e-02,-1.940749877289440262e+00,1.603178748957477362e+00,-3.727147542463833396e-01,-1.278224293842403214e-01,3.755262832810600526e-03,2.656977598005937913e-01,1.449764868969994069e-01,-2.096929169174202023e+00,-1.540758606663926500e+00,4.864599621679226438e-01,-2.392157606939038783e-01,-1.309115263512907468e-01,4.055525568516273882e-01,-9.276355269587638341e-02
2.380000,4.045315948804979744e-03,-1.900727134720226752e-01,1.204009446374101899e-01,-4.919131668382697997e-01,-5.156522282356774678e-01,-4.710901956392391510e-01,5.198059670485793982e-01,1.773157096300956651e-02,3.887920751970983524e-01,1.140263034614374726e+00,5.295642957049491173e-01,1.532786903552830760e-01,-8.070753781549606237e-03,9.729939652246532775e-03,-5.856599773245905194e-01,-1.183192996495832761e+00,5.631298572483396381e-01,2.683545784648035948e-01,7.512581659904013498e-02,-1.956289953187045211e-02,-9.593013452391728479e-02,7.243935852839594736e-02,-1.941784549565308104e+00,1.603576699832811148e+00,-3.727147542463833396e-01,-1.284591507847743785e-01,3.755262832810600526e-03,2.656977598005937913e-01,1.449764868969994069e-01,-2.093427201471264709e+00,-1.542032049464994614e+00,4.880517656692577866e-01,-2.340423993145646087e-01,-1.309115263512907468e-01,4.066668193025619882e-01,-9.276355269587638341e-02
2.390000,3.716357573349692370e-03,-1.925399012879373262e-01,1.205441690086884038e-01,-4.919131668382697997e-01,-5.156522282356774678e-01,-4.710901956392391510e-01,5.198059670485793982e-01,1.536307065973149637e-02,3.895815752981910407e-01,1.142697326592744034e+00,5.264062953005783640e-01,1.547261072072863564e-01,-8.070753781549606237e-03,1.058523142843028134e-02,-5.856599773245905194e-01,-1.183192996495832761e+00,5.639851490245233467e-01,2.683545784648035948e-01,7.512581659904013498e-02,-2.071425384596395705e-02,-9.551893655459817167e-02,7.215151994987256678e-02,-1.942853664285537851e+00,1.603987897802130247e+00,-3.727147542463833396e-01,-1.291170675356849429e-01,3.755262832810600526e-03,2.656977598005937913e-01,1.449764868969994069e-01,-2.089808659341256813e+00,-1.543347882966815909e+00,4.896965575465342391e-01,-2.286968257134161520e-01,-1.309115263512907468e-01,4.078181736166555105e-01,-9.276355269587638341e-02
2.400000,3.378599246528134203e-03,-1.950730887390990098e-01,1.207449882029688754e-01,-4.919131668382697997e-01,-5.156522282356774678e-01,-4.710901956392391510e-01,5.198059670485793982e-01,1.293121070661628139e-02,3.903921952825627484e-01,1.145196738211223364e+00,5.231638153630914223e-01,1.562122438453011908e-01,-8.070753781549606237e-03,1.146340307816633153e-02,-5.856599773245905194e-01,-1.183192996495832761e+00,5.648633206742593726e-01,2.683545784648035948e-01,7.512581659904013498e-02,-2.189640798983941150e-02,-9.509673864607122440e-02,7.185598141390370230e-02,-1.943951378847707856e+00,1.604410095710657291e+00,-3.727147542463833396e-01,-1.297925841893280696e-01,3.755262832810600526e-03,2.656977598005937913e-01,1.449764868969994069e-01,-2.086093317746219533e+00,-1.544698916274102052e+00,4.913853491806420282e-01,-2.232082529025658513e-01,-1.309115263512907468e-01,4.090003277605309684e-01,-9.276355269587638341e-02
2.410000,3.033916167889590468e-03,-1.976582118288880974e-01,1.210089396224237196e-01,-4.919131668382697997e-01,-5.156522282356774678e-01,-4.710901956392391510e-01,5.198059670485793982e-01,1.044949254041876475e-02,3.912194346712952742e-01,1.147747392993148763e+00,5.198548578081613192e-01,1.577288493913107936e-01,-8.070753781549606237e-03,1.235957908262654351e-02,-5.856599773245905194e-01,-1.183192996495832761e+00,5.657594966787196089e-01,2.683545784648035948e-01,7.512581659904013498e-02,-2.310279876507431024e-02,-9.466588479777304777e-02,7.155438372009498282e-02,-1.945071598853283179e+00,1.604840949558955288e+00,-3.727147542463833396e-01,-1.304819503466051467e-01,3.755262832810600526e-03,2.656977598005937913e-01,1.449764868969994069e-01,-2.082301803881195568e+00,-1.546077648588656261e+00,4.931087645738347347e-01,-2.176071528746895134e-01,-1.309115263512907468e-01,4.102067185357658463e-01,-9.276355269587638341e-02
2.420000,2.684243795882470390e-03,-2.002807546189415144e-01,1.213405180948614603e-01,-4.919131668382697997e-01,-5.156522282356774678e-01,-4.710901956392391510e-01,5.198059670485793982e-01,7.931851461967499156e-03,3.920586483641123610e-01,1.150334968546001368e+00,5.164980030368929720e-01,1.592674078281421379e-01,-8.070753781549606237e-03,1.326872724984505536e-02,-5.856599773245905194e-01,-1.183192996495832761e+00,5.666686448459381520e-01,2.683545784648035948e-01,7.512581659904013498e-02,-2.432665206709923311e-02,-9.422879433276414030e-02,7.124842039458875731e-02,-1.946208034062306247e+00,1.605278040023964348e+00,-3.727147542463833396e-01,-1.311812950906193764e-01,3.755262832810600526e-03,2.656977598005937913e-01,1.449764868969994069e-01,-2.078455407789117082e+00,-1.547476338076684721e+00,4.948571264338703646e-01,-2.119249768295738134e-01,-1.309115263512907468e-01,4.114305718377907484e-01,-9.276355269587638341e-02
2.430000,2.331560631025878134e-03,-2.029258783553659351e-01,1.217428905257442184e-01,-4.919131668382697997e-01,-5.156522282356774678e-01,-4.710901956392391510e-01,5.198059670485793982e-01,5.392532675000033526e-03,3.929050879597681956e-01,1.152944823965940113e+00,5.131122446542697446e-01,1.608192137535111310e-01,-8.070753781549606237e-03,1.418570347847219679e-02,-5.856599773245905194e-01,-1.183192996495832761e+00,5.675856210745652275e-01,2.683545784648035948e-01,7.512581659904013498e-02,-2.556104314409730904e-02,-9.378794037669339889e-02,7.093982262533923833e-02,-1.947354254348090175e+00,1.605718893980035089e+00,-3.727147542463833396e-01,-1.318866614203325627e-01,3.755262832810600526e-03,2.656977598005937913e-01,1.449764868969994069e-01,-2.074575892975694558e+00,-1.548887070736111093e+00,4.966205422581533302e-01,-2.061938754006541752e-01,-1.309115263512907468e-01,4.126649629147888243e-01,-9.276355269587638341e-02
2.440000,1.977870999081430929e-03,-2.055785505949492831e-01,1.222176489255933224e-01,-4.919131668382697997e-01,-5.156522282356774678e-01,-4.710901956392391510e-01,5.198059670485793982e-01,2.845967325000015209e-03,3.937539430764348536e-01,1.155562127242329096e+00,5.097168241876030015e-01,1.623754481340667077e-01,-8.070753781549606237e-03,1.510529652152775917e-02,-5.856599773245905194e-01,-1.183192996495832761e+00,5.685052141176207829e-01,2.683545784648035948e-01,7.512581659904013498e-02,-2.679895685590287166e-02,-9.334582833676284552e-02,7.063034419738783987e-02,-1.948503745651909647e+00,1.606161006019965587e+00,-3.727147542463833396e-01,-1.325940406842214814e-01,3.755262832810600526e-03,2.656977598005937913e-01,1.449764868969994069e-01,-2.070685307024305644e+00,-1.550301829263888820e+00,4.983889904178755437e-01,-2.004464188815569259e-01,-1.309115263512907468e-01,4.139028766265944181e-01,-9.276355269587638341e-02
2.450000,1.625187834224836939e-03,-2.082236743313737315e-01,1.227646212550864424e-01,-4.919131668382697997e-01,-5.156522282356774678e-01,-4.710901956392391510e-01,5.198059670485793982e-01,3.066485380325387373e-04,3.946003826720906882e-01,1.158171982662267840e+00,5.063310658049797741e-01,1.639272540594357008e-01,-8.070753781549606237e-03,1.602227275015490407e-02,-5.856599773245905194e-01,-1.183192996495832761e+00,5.694221903462479695e-01,2.683545784648035948e-01,7.512581659904013498e-02,-2.803334793290095106e-02,-9.290497438069210412e-02,7.032174642813832088e-02,-1.949649965937693574e+00,1.606601859976036328e+00,-3.727147542463833396e-01,-1.332994070139346676e-01,3.755262832810600526e-03,2.656977598005937913e-01,1.449764868969994069e-01,-2.066805792210883119e+00,-1.551712561923315192e+00,5.001524062421585093e-01,-1.947153174526372599e-01,-1.309115263512907468e-01,4.151372677035924941e-01,-9.276355269587638341e-02
2.460000,1.275515462217717728e-03,-2.108462171214271486e-01,1.233817564403947992e-01,-4.919131668382697997e-01,-5.156522282356774678e-01,-4.710901956392391510e-01,5.198059670485793982e-01,-2.210992540418722091e-03,3.954395963649077750e-01,1.160759558215120446e+00,5.029742110337114269e-01,1.654658124962670451e-01,-8.070753781549606237e-03,1.693142091737341245e-02,-5.856599773245905194e-01,-1.183192996495832761e+00,5.703313385134665126e-01,2.683545784648035948e-01,7.512581659904013498e-02,-2.925720123492586699e-02,-9.246788391568319665e-02,7.001578310263209537e-02,-1.950786401146716642e+00,1.607038950441045166e+00,-3.727147542463833396e-01,-1.339987517579488974e-01,3.755262832810600526e-03,2.656977598005937913e-01,1.449764868969994069e-01,-2.062959396118804634e+00,-1.553111251411343652e+00,5.019007681021940837e-01,-1.890331414075215877e-01,-1.309115263512907468e-01,4.163611210056173961e-01,-9.276355269587638341e-02
2.470000,9.308323835791765949e-04,-2.134313402112162084e-01,1.240650951279019254e-01,-4.919131668382697997e-01,-5.156522282356774678e-01,-4.710901956392391510e-01,5.198059670485793982e-01,-4.692710706616216171e-03,3.962668357536402453e-01,1.163310212997045845e+00,4.996652534787813793e-01,1.669824180422766202e-01,-8.070753781549606237e-03,1.782759692183362096e-02,-5.856599773245905194e-01,-1.183192996495832761e+00,5.712275145179266378e-01,2.683545784648035948e-01,7.512581659904013498e-02,-3.046359201016076226e-02,-9.203703006738503389e-02,6.971418540882337589e-02,-1.951906621152291965e+00,1.607469804289343385e+00,-3.727147542463833396e-01,-1.346881179152259744e-01,3.755262832810600526e-03,2.656977598005937913e-01,1.449764868969994069e-01,-2.059167882253780668e+00,-1.554489983725897861e+00,5.036241834953868457e-01,-1.834320413796452776e-01,-1.309115263512907468e-01,4.175675117808522741e-01,-9.276355269587638341e-02
2.480000,5.930740567576132244e-04,-2.159645276623779198e-01,1.248088316900615308e-01,-4.919131668382697997e-01,-5.156522282356774678e-01,-4.710901956392391510e-01,5.198059670485793982e-01,-7.124570659731472785e-03,3.970774557380120084e-01,1.165809624615525397e+00,4.964227735412943820e-01,1.684685546802915102e-01,-8.070753781549606237e-03,1.870576857156968503e-02,-5.856599773245905194e-01,-1.183192996495832761e+00,5.721056861676627747e-01,2.683545784648035948e-01,7.512581659904013498e-02,-3.164574615403623059e-02,-9.161483215885807274e-02,6.941864687285451141e-02,-1.953004335714461970e+00,1.607892002197870429e+00,-3.727147542463833396e-01,-1.353636345688691012e-01,3.755262832810600526e-03,2.656977598005937913e-01,1.449764868969994069e-01,-2.055452540658743832e+00,-1.555841017033184226e+00,5.053129751294946903e-01,-1.779434685687948658e-01,-1.309115263512907468e-01,4.187496659247277320e-01,-9.276355269587638341e-02
2.490000,2.641156813023293193e-04,-2.184317154782925430e-01,1.256054662533813704e-01,-4.919131668382697997e-01,-5.156522282356774678e-01,-4.710901956392391510e-01,5.198059670485793982e-01,-9.493070963009520372e-03,3.978669558391046968e-01,1.168243916593894483e+00,4.932647731369236288e-01,1.699159715322947350e-01,-8.070753781549606237e-03,1.956106034775342492e-02,-5.856599773245905194e-01,-1.183192996495832761e+00,5.729609779438464834e-01,2.683545784648035948e-01,7.512581659904013498e-02,-3.279710046812972513e-02,-9.120363418953897350e-02,6.913080829433113084e-02,-1.954073450434691717e+00,1.608303200167189528e+00,-3.727147542463833396e-01,-1.360215513197796655e-01,3.755262832810600526e-03,2.656977598005937913e-01,1.449764868969994069e-01,-2.051833998528735492e+00,-1.557156850535005299e+00,5.069577670067710873e-01,-1.725978949676464924e-01,-1.309115263512907468e-01,4.199010202388212543e-01,-9.276355269587638341e-02
2.500000,-5.424501896470357992e-05,-2.208194207302953127e-01,1.264460387819333065e-01,-4.919131668382697997e-01,-5.156522282356774678e-01,-4.710901956392391510e-01,5.198059670485793982e-01,-1.178526800493216037e-02,3.986310215197456097e-01,1.170599785775870538e+00,4.902085104143601435e-01,1.713167586134697051e-01,-8.070753781549606237e-03,2.038879816844771029e-02,-5.856599773245905194e-01,-1.183192996495832761e+00,5.737887157645408243e-01,2.683545784648035948e-01,7.512581659904013498e-02,-3.391136291906433897e-02,-9.080568331420517392e-02,6.885224268159748084e-02,-1.955108122710559559e+00,1.608701151042523314e+00,-3.727147542463833396e-01,-1.366582727203137504e-01,3.755262832810600526e-03,2.656977598005937913e-01,1.449764868969994069e-01,-2.048332030825798178e+00,-1.558430293336073413e+00,5.085495705081062301e-01,-1.674245335883072228e-01,-1.309115263512907468e-01,4.210152826897558542e-01,-9.276355269587638341e-02
2.510000,-3.603050127772245911e-04,-2.231148706838892160e-01,1.273204312458584286e-01,-4.919131668382697997e-01,-5.156522282356774678e-01,-4.710901956392391510e-01,5.198059670485793982e-01,-1.398889996038230749e-02,3.993655655048956588e-01,1.172864629730083097e+00,4.872703344737599473e-01,1.726634225862447858e-01,-8.070753781549606237e-03,2.118455415236026457e-02,-5.856599773245905194e-01,-1.183192996495832761e+00,5.745844717484532849e-01,2.683545784648035948e-01,7.512581659904013498e-02,-3.498257289740816511e-02,-9.042310832193953263e-02,6.858444018701151390e-02,-1.956102817690450246e+00,1.609083726034788775e+00,-3.727147542463833396e-01,-1.372703927079387820e-01,3.755262832810600526e-03,2.656977598005937913e-01,1.449764868969994069e-01,-2.044965370893860435e+00,-1.559654533311323421e+00,5.100798704771688508e-01,-1.624510586888537611e-01,-1.309115263512907468e-01,4.220864926680997220e-01,-9.276355269587638341e-02
2.520000,-6.524731782528783719e-04,-2.253061319249566319e-01,1.284829185289846076e-01,-4.919131668382697997e-01,-5.156522282356774678e-01,-4.710901956392391510e-01,5.198059670485793982e-01,-1.609251075180700985e-02,4.000667691020372008e-01,1.175026674154602935e+00,4.844655200851936683e-01,1.739489625143376683e-01,-8.070753781549606237e-03,2.194419138259696284e-02,-5.856599773245905194e-01,-1.183192996495832761e+00,5.753441089786900386e-01,2.683545784648035948e-01,7.512581659904013498e-02,-3.600516147657295551e-02,-9.005789811509495868e-02,6.832879304222032324e-02,-1.957052364228246244e+00,1.609448936241633543e+00,-3.727147542463833396e-01,-1.378547290388900948e-01,3.755262832810600526e-03,2.656977598005937913e-01,1.449764868969994069e-01,-2.041751521073628339e+00,-1.560823205973226102e+00,5.115407113045471466e-01,-1.577033259998744108e-01,-1.309115263512907468e-01,4.231090812472644846e-01,-9.276355269587638341e-02
2.530000,-9.292875197216519945e-04,-2.273822394859724150e-01,1.299742764734212463e-01,-4.919131668382697997e-01,-5.156522282356774678e-01,-4.710901956392391510e-01,5.198059670485793982e-01,-1.808557401038217785e-02,4.007311235215622602e-01,1.177075100281471887e+00,4.818081024070934304e-01,1.751669456168002681e-01,-8.070753781549606237e-03,2.266390867041577495e-02,-5.856599773245905194e-01,-1.183192996495832761e+00,5.760638262665088716e-01,2.683545784648035948e-01,7.512581659904013498e-02,-3.697401167171365799e-02,-8.971188018825898558e-02,6.808658049343514762e-02,-1.957952010838019508e+00,1.609794954168469516e+00,-3.727147542463833396e-01,-1.384083577218276351e-01,3.755262832810600526e-03,2.656977598005937913e-01,1.449764868969994069e-01,-2.038706563317471687e+00,-1.561930463339101127e+00,5.129247830118909279e-01,-1.532050929510068160e-01,-1.309115263512907468e-01,4.240779314424051871e-01,-9.276355269587638341e-02
2.540000,-1.189432384554035133e-03,-2.293333259722152850e-01,1.313660052375356657e-01,-4.919131668382697997e-01,-5.156522282356774678e-01,-4.710901956392391510e-01,5.198059670485793982e-01,-1.995861703717534408e-02,4.013554711971599742e-01,1.179000172281231551e+00,4.793107117047025190e-01,1.763115830220627622e-01,-8.070753781549606237e-03,2.334028531897997319e-02,-5.856599773245905194e-01,-1.183192996495832761e+00,5.767402029150729970e-01,2.683545784648035948e-01,7.512581659904013498e-02,-3.788451869862700938e-02,-8.938669910721851186e-02,6.785895373670680630e-02,-1.958797481648725025e+00,1.610120135249510032e+00,-3.727147542463833396e-01,-1.389286474514924152e-01,3.755262832810600526e-03,2.656977598005937913e-01,1.449764868969994069e-01,-2.035844969804315507e+00,-1.562971042798430688e+00,5.142255073360528783e-01,-1.489777388974805605e-01,-1.309115263512907468e-01,4.249884384693185524e-01,-9.276355269587638341e-02
2.550000,-1.431755679989455202e-03,-2.311507506879809382e-01,1.326536916859089033e-01,-4.919131668382697997e-01,-5.156522282356774678e-01,-4.710901956392391510e-01,5.198059670485793982e-01,-2.170334476431036441e-02,4.019370471062049810e-01,1.180793364667453549e+00,4.769844080685225474e-01,1.773778055219785987e-01,-8.070753781549606237e-03,2.397032588711206502e-02,-5.856599773245905194e-01,-1.183192996495832761e+00,5.773702434832050923e-01,2.683545784648035948e-01,7.512581659904013498e-02,-3.873265023265097529e-02,-8.908379498792423634e-02,6.764692085320081483e-02,-1.959585032358889922e+00,1.610423039368804154e+00,-3.727147542463833396e-01,-1.394132940423632450e-01,3.755262832810600526e-03,2.656977598005937913e-01,1.449764868969994069e-01,-2.033179413554525805e+00,-1.563940335980172458e+00,5.154371238132300359e-01,-1.450399853466550204e-01,-1.309115263512907468e-01,4.258365700033425183e-01,-9.276355269587638341e-02
2.560000,-1.655286089964486118e-03,-2.328272287627936588e-01,1.338339631679500152e-01,-4.919131668382697997e-01,-5.156522282356774678e-01,-4.710901956392391510e-01,5.198059670485793982e-01,-2.331276371613058215e-02,4.024735200901450316e-01,1.182447489701268895e+00,4.748385161327622339e-01,1.783613393258687285e-01,-8.070753781549606237e-03,2.455150495304714298e-02,-5.856599773245905194e-01,-1.183192996495832761e+00,5.779514225491402257e-01,2.683545784648035948e-01,7.512581659904013498e-02,-3.951500666756357916e-02,-8.880438197545545420e-02,6.745133174447266733e-02,-1.960311506191308784e+00,1.610702452381272964e+00,-3.727147542463833396e-01,-1.398603548623132964e-01,3.755262832810600526e-03,2.656977598005937913e-01,1.449764868969994069e-01,-2.030720579044800633e+00,-1.564834457620072561e+00,5.165547758631051645e-01,-1.414076161845607693e-01,-1.309115263512907468e-01,4.266189264382551083e-01,-9.276355269587638341e-02
2.570000,-1.859250291941188030e-03,-2.343569602776189309e-01,1.349045146057382683e-01,-4.919131668382697997e-01,-5.156522282356774678e-01,-4.710901956392391510e-01,5.198059670485793982e-01,-2.478130597036284563e-02,4.029630341748891564e-01,1.183956824795896479e+00,4.728804597937859011e-01,1.792587818145662260e-01,-8.070753781549606237e-03,2.508181187818656760e-02,-5.856599773245905194e-01,-1.183192996495832761e+00,5.784817294742796712e-01,2.683545784648035948e-01,7.512581659904013498e-02,-4.022888137448203671e-02,-8.854942672298457551e-02,6.727286306774304947e-02,-1.960974389847733201e+00,1.610957407633743843e+00,-3.727147542463833396e-01,-1.402682832662666967e-01,3.755262832810600526e-03,2.656977598005937913e-01,1.449764868969994069e-01,-2.028476972823056723e+00,-1.565650314427979417e+00,5.175745968729886792e-01,-1.380931979024393463e-01,-1.309115263512907468e-01,4.273328011451735797e-01,-9.276355269587638341e-02
2.580000,-2.043090173735417556e-03,-2.357357593910756610e-01,1.358641366318021626e-01,-4.919131668382697997e-01,-5.156522282356774678e-01,-4.710901956392391510e-01,5.198059670485793982e-01,-2.610495311928129336e-02,4.034042498911952768e-01,1.185317239921173771e+00,4.711155969285612533e-01,1.800676772944608262e-01,-8.070753781549606237e-03,2.555979557085157061e-02,-5.856599773245905194e-01,-1.183192996495832761e+00,5.789597131669446117e-01,2.683545784648035948e-01,7.512581659904013498e-02,-4.087232096076184179e-02,-8.831962687074178253e-02,6.711200317117310687e-02,-1.961571869463564433e+00,1.611187207485986761e+00,-3.727147542463833396e-01,-1.406359630298551766e-01,3.755262832810600526e-03,2.656977598005937913e-01,1.449764868969994069e-01,-2.026454734123320556e+00,-1.566385673955156266e+00,5.184937962819597956e-01,-1.351057998232830792e-01,-1.309115263512907468e-01,4.279762407314533501e-01,-9.276355269587638341e-02
2.590000,-2.206480050345113741e-03,-2.369611834656483729e-01,1.367127474265402154e-01,-4.919131668382697997e-01,-5.156522282356774678e-01,-4.710901956392391510e-01,5.198059670485793982e-01,-2.728136023087111145e-02,4.037963855950585934e-01,1.186526325008085525e+00,4.695470541131082087e-01,1.807865927515434901e-01,-8.070753781549606237e-03,2.598460925003677827e-02,-5.856599773245905194e-01,-1.183192996495832761e+00,5.793845268461298437e-01,2.683545784648035948e-01,7.512581659904013498e-02,-4.144418552889578278e-02,-8.811538952497965926e-02,6.696903702913961642e-02,-1.962102886562545834e+00,1.611391444831748787e+00,-3.727147542463833396e-01,-1.409627427830745516e-01,3.755262832810600526e-03,2.656977598005937913e-01,1.449764868969994069e-01,-2.024657445480613660e+00,-1.567039233461595016e+00,5.193107456650082332e-01,-1.324507143283755184e-01,-1.309115263512907468e-01,4.285481052995873119e-01,-9.276355269587638341e-02
2.600000,-2.349343880778599625e-03,-2.380326621938995135e-01,1.374514307928834944e-01,-4.919131668382697997e-01,-5.156522282356774678e-01,-4.710901956392391510e-01,5.198059670485793982e-01,-2.830997980999220426e-02,4.041392587880989207e-01,1.187583517353293372e+00,4.681755613409467331e-01,1.814151936054508307e-01,-8.070753781549606237e-03,2.635605520916384226e-02,-5.856599773245905194e-01,-1.183192996495832761e+00,5.797559728052569250e-01,2.683545784648035948e-01,7.512581659904013498e-02,-4.194420893541297990e-02,-8.793680973693780711e-02,6.684403117751031020e-02,-1.962567194011454852e+00,1.611570024619790598e+00,-3.727147542463833396e-01,-1.412484704439415373e-01,3.755262832810600526e-03,2.656977598005937913e-01,1.449764868969994069e-01,-2.023085943345845461e+00,-1.567610688783328987e+00,5.200250648171756973e-01,-1.301291770838314266e-01,-1.309115263512907468e-01,4.290481287061045368e-01,-9.276355269587638341e-02
2.610000,-2.471872484882897680e-03,-2.389516267246817594e-01,1.380824827578571445e-01,-4.919131668382697997e-01,-5.156522282356774678e-01,-4.710901956392391510e-01,5.198059670485793982e-01,-2.919218575954315303e-02,4.044333274379492416e-01,1.188490229023665190e+00,4.669992867415454496e-01,1.819543194635097616e-01,-8.070753781549606237e-03,2.667462957983501859e-02,-5.856599773245905194e-01,-1.183192996495832761e+00,5.800745471759281013e-01,2.683545784648035948e-01,7.512581659904013498e-02,-4.237305904977802656e-02,-8.778364898180743281e-02,6.673681864891906068e-02,-1.962965411974793684e+00,1.611723185374920986e+00,-3.727147542463833396e-01,-1.414935276521501195e-01,3.755262832810600526e-03,2.656977598005937913e-01,1.449764868969994069e-01,-2.021738128700698134e+00,-1.568100803199746096e+00,5.206377078376971390e-01,-1.281380872671365467e-01,-1.309115263512907468e-01,4.294769788204695349e-01,-9.276355269587638341e-02
2.620000,-2.574540760172040060e-03,-2.397216387893503220e-01,1.386094686050876879e-01,-4.919131668382697997e-01,-5.156522282356774678e-01,-4.710901956392391510e-01,5.198059670485793982e-01,-2.993139734162496984e-02,4.046797312986432082e-01,1.189249974260804699e+00,4.660136712987696939e-01,1.824060598747819784e-01,-8.070753781549606237e-03,2.694156709558678808e-02,-5.856599773245905194e-01,-1.183192996495832761e+00,5.803414846916798986e-01,2.683545784648035948e-01,7.512581659904013498e-02,-4.273239801329001969e-02,-8.765531363769600570e-02,6.664698390804105199e-02,-1.963299083869483486e+00,1.611851520719032482e+00,-3.727147542463833396e-01,-1.416988642027284251e-01,3.755262832810600526e-03,2.656977598005937913e-01,1.449764868969994069e-01,-2.020608777672517675e+00,-1.568511476300902707e+00,5.211510492141429030e-01,-1.264697277936879805e-01,-1.309115263512907468e-01,4.298363177839815696e-01,-9.276355269587638341e-02
2.630000,-2.658124898655326793e-03,-2.403485198279749768e-01,1.390372917217364002e-01,-4.919131668382697997e-01,-5.156522282356774678e-01,-4.710901956392391510e-01,5.198059670485793982e-01,-3.053320313870463293e-02,4.048803332310030867e-01,1.189868496885581051e+00,4.652112635693301801e-01,1.827738300841084407e-01,-8.070753781549606237e-03,2.715888585564333116e-02,-5.856599773245905194e-01,-1.183192996495832761e+00,5.805588034517363827e-01,2.683545784648035948e-01,7.512581659904013498e-02,-4.302494249798152759e-02,-8.755083346459190119e-02,6.657384778686817328e-02,-1.963570732319554146e+00,1.611956000892136531e+00,-3.727147542463833396e-01,-1.418660324796949812e-01,3.755262832810600526e-03,2.656977598005937913e-01,1.449764868969994069e-01,-2.019689352149201422e+00,-1.568845812854835930e+00,5.215689699065593210e-01,-1.251114855433345663e-01,-1.309115263512907468e-01,4.301288622686730845e-01,-9.276355269587638341e-02
2.640000,-2.723719603665698472e-03,-2.408404801155527575e-01,1.393722749944553141e-01,-4.919131668382697997e-01,-5.156522282356774678e-01,-4.710901956392391510e-01,5.198059670485793982e-01,-3.100548501477930902e-02,4.050377605230279787e-01,1.190353897702657759e+00,4.645815544012306120e-01,1.830624467861540761e-01,-8.070753781549606237e-03,2.732943208867029405e-02,-5.856599773245905194e-01,-1.183192996495832761e+00,5.807293496847634184e-01,2.683545784648035948e-01,7.512581659904013498e-02,-4.325452396551782153e-02,-8.746884008332893312e-02,6.651645241998410674e-02,-1.963783915110837830e+00,1.612037994273399555e+00,-3.727147542463833396e-01,-1.419972218897157246e-01,3.755262832810600526e-03,2.656977598005937913e-01,1.449764868969994069e-01,-2.018967810394087348e+00,-1.569108191674877251e+00,5.218969434316111933e-01,-1.240455715869160369e-01,-1.309115263512907468e-01,4.303584437362093507e-01,-9.276355269587638341e-02
2.650000,-2.772755306687970170e-03,-2.412082478882198178e-01,1.396222547221730725e-01,-4.919131668382697997e-01,-5.156522282356774678e-01,-4.710901956392391510e-01,5.198059670485793982e-01,-3.135854207653966663e-02,4.051554462102814336e-01,1.190716761905022514e+00,4.641108116522167926e-01,1.832782038794520674e-01,-8.070753781549606237e-03,2.745692491652820116e-02,-5.856599773245905194e-01,-1.183192996495832761e+00,5.808568425126212631e-01,2.683545784648035948e-01,7.512581659904013498e-02,-4.342614892609577421e-02,-8.740754545455109437e-02,6.647354617983962377e-02,-1.963943281145660080e+00,1.612099288902177463e+00,-3.727147542463833396e-01,-1.420952932957602610e-01,3.755262832810600526e-03,2.656977598005937913e-01,1.449764868969994069e-01,-2.018428417660842022e+00,-1.569304334486966379e+00,5.221421219467226038e-01,-1.232487414128041192e-01,-1.309115263512907468e-01,4.305300686967873380e-01,-9.276355269587638341e-02
2.660000,-2.807015384187167700e-03,-2.414651984694637932e-01,1.397966861417183071e-01,-4.919131668382697997e-01,-5.156522282356774678e-01,-4.710901956392391510e-01,5.198059670485793982e-01,-3.160521463453388330e-02,4.052376703962795035e-01,1.190970286478516771e+00,4.637819149082244574e-01,1.834289482204485289e-01,-8.070753781549606237e-03,2.754600111802611717e-02,-5.856599773245905194e-01,-1.183192996495832761e+00,5.809459187141191583e-01,2.683545784648035948e-01,7.512581659904013498e-02,-4.354605919734296643e-02,-8.736472035767710309e-02,6.644356861202782571e-02,-1.964054626397532477e+00,1.612142113999051274e+00,-3.727147542463833396e-01,-1.421638134507586804e-01,3.755262832810600526e-03,2.656977598005937913e-01,1.449764868969994069e-01,-2.018051556808351243e+00,-1.569441374796963329e+00,5.223134223342185134e-01,-1.226920151534421910e-01,-1.309115263512907468e-01,4.306499789680344747e-01,-9.276355269587638341e-02
2.670000,-2.828653374436876020e-03,-2.416274833963366064e-01,1.399067586996463053e-01,-4.919131668382697997e-01,-5.156522282356774678e-01,-4.710901956392391510e-01,5.198059670485793982e-01,-3.176100816433179846e-02,4.052896015728787993e-01,1.191130407606364461e+00,4.635741902018272742e-01,1.835241553775472378e-01,-8.070753781549606237e-03,2.760225989267536123e-02,-5.856599773245905194e-01,-1.183192996495832761e+00,5.810021774887684787e-01,2.683545784648035948e-01,7.512581659904013498e-02,-4.362179216321694641e-02,-8.733767286986496292e-02,6.642463537055932898e-02,-1.964124949865844183e+00,1.612169161486863400e+00,-3.727147542463833396e-01,-1.422070894312580935e-01,3.755262832810600526e-03,2.656977598005937913e-01,1.449764868969994069e-01,-2.017813538915604443e+00,-1.569527926757962044e+00,5.224216122854670186e-01,-1.223403978118844382e-01,-1.309115263512907468e-01,4.307257119339084617e-01,-9.276355269587638341e-02
2.680000,-2.840210194347405487e-03,-2.417141595456655523e-01,1.399655181632011303e-01,-4.919131668382697997e-01,-5.156522282356774678e-01,-4.710901956392391510e-01,5.198059670485793982e-01,-3.184421726768760230e-02,4.053173379406640464e-01,1.191215928073702468e+00,4.634632447306862302e-01,1.835750053851535613e-01,-8.070753781549606237e-03,2.763230762444273542e-02,-5.856599773245905194e-01,-1.183192996495832761e+00,5.810322252205357696e-01,2.683545784648035948e-01,7.512581659904013498e-02,-4.366224103290379521e-02,-8.732322684497680065e-02,6.641452315313761678e-02,-1.964162509530553269e+00,1.612183607511751715e+00,-3.727147542463833396e-01,-1.422302030710791421e-01,3.755262832810600526e-03,2.656977598005937913e-01,1.449764868969994069e-01,-2.017686413896588427e+00,-1.569574154037604252e+00,5.224793963850197231e-01,-1.221525994883383426e-01,-1.309115263512907468e-01,4.307661608035953105e-01,-9.276355269587638341e-02
2.690000,-2.844631356294265168e-03,-2.417473182602670190e-01,1.399879915543410513e-01,-4.919131668382697997e-01,-5.156522282356774678e-01,-4.710901956392391510e-01,5.198059670485793982e-01,-3.187604963370499478e-02,4.053279487293365291e-01,1.191248644672109114e+00,4.634208015759963550e-01,1.835944584977197702e-01,-8.070753781549606237e-03,2.764380264550456850e-02,-5.856599773245905194e-01,-1.183192996495832761e+00,5.810437202415976721e-01,2.683545784648035948e-01,7.512581659904013498e-02,-4.367771509971780930e-02,-8.731770039254321825e-02,6.641065463643411326e-02,-1.964176878306880702e+00,1.612189133964185173e+00,-3.727147542463833396e-01,-1.422390453949728684e-01,3.755262832810600526e-03,2.656977598005937913e-01,1.449764868969994069e-01,-2.017637781115173112e+00,-1.569591838685391760e+00,5.225015021947539973e-01,-1.220807556067018407e-01,-1.309115263512907468e-01,4.307816348704093246e-01,-9.276355269587638341e-02
2.700000,-2.845284184946346440e-03,-2.417522144751576285e-01,1.399913097142175822e-01,-4.919131668382697997e-01,-5.156522282356774678e-01,-4.710901956392391510e-01,5.198059670485793982e-01,-3.188074999999997855e-02,4.053295155181015352e-01,1.191253475604134637e+00,4.634145344209363859e-01,1.835973309437889112e-01,-8.070753781549606237e-03,2.764549999999998259e-02,-5.856599773245905194e-01,-1.183192996495832761e+00,5.810454175960930723e-01,2.683545784648035948e-01,7.512581659904013498e-02,-4.368000000000009375e-02,-8.731688435672813053e-02,6.641008341136353521e-02,-1.964178999999999897e+00,1.612189950000000316e+00,-3.727147542463833396e-01,-1.422403510522770309e-01,3.755262832810600526e-03,2.656977598005937913e-01,1.449764868969994069e-01,-2.017630599999999941e+00,-1.569594449999999863e+00,5.225047663380144591e-01,-1.220701471411055339e-01,-1.309115263512907468e-01,4.307839197706916368e-01,-9.276355269587638341e-02
2.710000,-2.845985919427970051e-03,-2.417533840326270000e-01,1.399902845428305509e-01,-4.919131668382697997e-01,-5.156522282356774678e-01,-4.710901956392391510e-01,5.198059670485793982e-01,-3.187958044253060702e-02,4.053290476951137977e-01,1.191251721267930552e+00,4.634160548456465745e-01,1.835961613863195396e-01,-8.070753781549606237e-03,2.764702042471016766e-02,-5.856590416786150444e-01,-1.183190423469400177e+00,5.810484584455134494e-01,2.683531749958403267e-01,7.512581659904013498e-02,-4.368000000000009375e-02,-8.731681125938628441e-02,6.641059509275638872e-02,-1.964181485309622222e+00,1.612188488053163615e+00,-3.727132922995466391e-01,-1.422447368927871603e-01,3.755262832810600526e-03,2.656965902431244198e-01,1.449764868969994069e-01,-2.017632646725571632e+00,-1.569592841858479471e+00,5.225033043911777586e-01,-1.220755563444013703e-01,-1.309115263512907468e-01,4.307830426025895942e-01,-9.276355269587638341e-02
2.720000,-2.850744127945769105e-03,-2.417613143801566611e-01,1.399833329504609480e-01,-4.919131668382697997e-01,-5.156522282356774678e-01,-4.710901956392391510e-01,5.198059670485793982e-01,-3.187165009500094598e-02,4.053258755561018889e-01,1.191239825746636116e+00,4.634263642974351116e-01,1.835882310387898786e-01,-8.070753781549606237e-03,2.765732987649872909e-02,-5.856526974005913377e-01,-1.183172976704834900e+00,5.810690773490905237e-01,2.683436585788047668e-01,7.512581659904013498e-02,-4.368000000000009375e-02,-8.731631561266568753e-02,6.641406461980062237e-02,-1.964198337298122876e+00,1.612178575118751400e+00,-3.727033793651345350e-01,-1.422744756960234169e-01,3.755262832810600526e-03,2.656886598955947587e-01,1.449764868969994069e-01,-2.017646524833748511e+00,-1.569581937630626367e+00,5.224933914567656545e-01,-1.221122342017260665e-01,-1.309115263512907468e-01,4.307770948419423762e-01,-9.276355269587638341e-02
2.730000,-2.863199694443337769e-03,-2.417820736576526131e-01,1.399651334934588764e-01,-4.919131668382697997e-01,-5.156522282356774678e-01,-4.710901956392391510e-01,5.198059670485793982e-01,-3.185089081750499401e-02,4.053175718451035303e-01,1.191208686830392161e+00,4.634533513581798325e-01,1.835674717612939266e-01,-8.070753781549606237e-03,2.768431693724346387e-02,-5.856360899785945096e-01,-1.183127306294343706e+00,5.811230514705799655e-01,2.683187474458096355e-01,7.512581659904013498e-02,-4.368000000000009375e-02,-8.731501815782219400e-02,6.642314680370509095e-02,-1.964242450762801795e+00,1.612152626021881474e+00,-3.726774302682646089e-01,-1.423523229866332229e-01,3.755262832810600526e-03,2.656679006180988067e-01,1.449764868969994069e-01,-2.017682853569366497e+00,-1.569553393624069315e+00,5.224674423598957285e-01,-1.222082458601448374e-01,-1.309115263512907468e-01,4.307615253838203984e-01,-9.276355269587638341e-02
2.740000,-2.886555738429404713e-03,-2.418210003976293820e-01,1.399309979542887328e-01,-4.919131668382697997e-01,-5.156522282356774678e-01,-4.710901956392391510e-01,5.198059670485793982e-01,-3.181196407752821809e-02,4.053020011491128005e-01,1.191150296720427049e+00,4.635039561201496627e-01,1.835285450213171576e-01,-8.070753781549606237e-03,2.773492169921327327e-02,-5.856049485866131610e-01,-1.183041667466394831e+00,5.812242609945196259e-01,2.682720353578375017e-01,7.512581659904013498e-02,-4.368000000000009375e-02,-8.731258523657363380e-02,6.644017725244494299e-02,-1.964325170085252426e+00,1.612103967596910659e+00,-3.726287718432936269e-01,-1.424982982615461413e-01,3.755262832810600526e-03,2.656289738781220100e-01,1.449764868969994069e-01,-2.017750975364325683e+00,-1.569499869356601351e+00,5.224187839349246909e-01,-1.223882820325374321e-01,-1.309115263512907468e-01,4.307323303288377869e-01,-9.276355269587638341e-02
2.750000,-2.923594782210566564e-03,-2.418827321372646610e-01,1.398768406695432287e-01,-4.919131668382697997e-01,-5.156522282356774678e-01,-4.710901956392391510e-01,5.198059670485793982e-01,-3.175023233789294602e-02,4.052773084532587111e-01,1.191057699110974033e+00,4.635842073816754949e-01,1.834668132816818786e-01,-8.070753781549606237e-03,2.781517296073912626e-02,-5.855555631949048712e-01,-1.182905857639197311e+00,5.813847635175712902e-01,2.681979572702751780e-01,7.512581659904013498e-02,-4.368000000000009375e-02,-8.730872700284643406e-02,6.646718488853536888e-02,-1.964456350031977383e+00,1.612026802922366553e+00,-3.725516071687495767e-01,-1.427297922851784029e-01,3.755262832810600526e-03,2.655672421384867588e-01,1.449764868969994069e-01,-2.017859005908687386e+00,-1.569414988214602680e+00,5.223416192603806962e-01,-1.226737913283505454e-01,-1.309115263512907468e-01,4.306860315241113346e-01,-9.276355269587638341e-02
2.760000,-2.976695918124036121e-03,-2.419712340304537856e-01,1.397991473647037797e-01,-4.919131668382697997e-01,-5.156522282356774678e-01,-4.710901956392391510e-01,5.198059670485793982e-01,-3.166173044470382836e-02,4.052419076959830613e-01,1.190924946271190388e+00,4.636992598428213430e-01,1.833783113884927540e-01,-8.070753781549606237e-03,2.793022542188497437e-02,-5.854847616803535715e-01,-1.182711153474181209e+00,5.816148684398629864e-01,2.680917549984482284e-01,7.512581659904013498e-02,-4.368000000000009375e-02,-8.730319563452211551e-02,6.650590446680559875e-02,-1.964644416555004103e+00,1.611916175555880182e+00,-3.724409798022631501e-01,-1.430616743846375716e-01,3.755262832810600526e-03,2.654787402452976619e-01,1.449764868969994069e-01,-2.018013884221768528e+00,-1.569293298111467783e+00,5.222309918938942142e-01,-1.230831125843502294e-01,-1.309115263512907468e-01,4.306196551042195120e-01,-9.276355269587638341e-02
2.770000,-3.047851975770369745e-03,-2.420898274598643207e-01,1.396949442720938073e-01,-4.919131668382697997e-01,-5.156522282356774678e-01,-4.710901956392391510e-01,5.198059670485793982e-01,-3.154313701529327940e-02,4.051944703242188472e-01,1.190747056127074543e+00,4.638534313010551080e-01,1.832597179590822190e-01,-8.070753781549606237e-03,2.808439688011869773e-02,-5.853898869368251434e-01,-1.182450247929478060e+00,5.819232113563305164e-01,2.679494428831555308e-01,7.512581659904013498e-02,-4.368000000000009375e-02,-8.729578354518395533e-02,6.655778909217271999e-02,-1.964896427592501604e+00,1.611767933769116867e+00,-3.722927380154999466e-01,-1.435063997449271822e-01,3.755262832810600526e-03,2.653601468158870991e-01,1.449764868969994069e-01,-2.018221422723236902e+00,-1.569130232146028314e+00,5.220827501071310106e-01,-1.236316071953740547e-01,-1.309115263512907468e-01,4.305307100321615899e-01,-9.276355269587638341e-02
2.780000,-3.138686689246227707e-03,-2.422412186489907582e-01,1.395617681361932538e-01,-4.919131668382697997e-01,-5.156522282356774678e-01,-4.710901956392391510e-01,5.198059670485793982e-01,-3.139174582616684889e-02,4.051339138485682834e-01,1.190519969343384998e+00,4.640502398469194545e-01,1.831083267699557815e-01,-8.070753781549606237e-03,2.828120542598305809e-02,-5.852687739855240157e-01,-1.182117187313399764e+00,5.823168284480592094e-01,2.677677734562038392e-01,7.512581659904013498e-02,-4.368000000000009375e-02,-8.728632159586355299e-02,6.662402273741553638e-02,-1.965218133869395256e+00,1.611578694782708876e+00,-3.721034990290918998e-01,-1.440741167041512671e-01,3.755262832810600526e-03,2.652087556267606616e-01,1.449764868969994069e-01,-2.018486357304208223e+00,-1.568922069260979324e+00,5.218935111207230193e-01,-1.243317914450837725e-01,-1.309115263512907468e-01,4.304171666403167618e-01,-9.276355269587638341e-02
2.790000,-3.250471864377084234e-03,-2.424275272742088538e-01,1.393976375525374234e-01,-4.919131668382697997e-01,-5.156522282356774678e-01,-4.710901956392391510e-01,5.198059670485793982e-01,-3.120543720094875323e-02,4.050593903984810451e-01,1.190240506405557674e+00,4.642924410597029650e-01,1.829220181447376858e-01,-8.070753781549606237e-03,2.852340663876658244e-02,-5.851197270853495391e-01,-1.181707308337920148e+00,5.828012308736262304e-01,2.675442031059421244e-01,7.512581659904013498e-02,-4.368000000000009375e-02,-8.727467730678742375e-02,6.670553276094845496e-02,-1.965614039697983761e+00,1.611345809001186291e+00,-3.718706132475693149e-01,-1.447727740487191328e-01,3.755262832810600526e-03,2.650224470015425382e-01,1.449764868969994069e-01,-2.018812397398339620e+00,-1.568665894901304592e+00,5.216606253392004344e-01,-1.251934688367174753e-01,-1.309115263512907468e-01,4.302774351714032108e-01,-9.276355269587638341e-02
2.800000,-3.384144545950005644e-03,-2.426503150768303807e-01,1.392010259422976903e-01,-4.919131668382697997e-01,-5.156522282356774678e-01,-4.710901956392391510e-01,5.198059670485793982e-01,-3.098264939832721943e-02,4.049702752774324011e-01,1.189906324701625495e+00,4.645820652031109610e-01,1.826992303421161590e-01,-8.070753781549606237e-03,2.881303078217457847e-02,-5.849414968432523620e-01,-1.181217175172152745e+00,5.833804791604422224e-01,2.672768577427963033e-01,7.512581659904013498e-02,-4.368000000000009375e-02,-8.726075306912357832e-02,6.680300242459537297e-02,-1.966087463778554589e+00,1.611067324247909438e+00,-3.715921284942923508e-01,-1.456082283085498863e-01,3.755262832810600526e-03,2.647996591989210113e-01,1.449764868969994069e-01,-2.019202276052927569e+00,-1.568359561672699964e+00,5.213821405859234703e-01,-1.262238624238420925e-01,-1.309115263512907468e-01,4.301103443194370657e-01,-9.276355269587638341e-02
2.810000,-3.540324184946344772e-03,-2.429106144751576324e-01,1.389708363344034914e-01,-4.919131668382697997e-01,-5.156522282356774678e-01,-4.710901956392391510e-01,5.198059670485793982e-01,-3.072234999999998162e-02,4.048661555181015115e-01,1.189515875604134632e+00,4.649204544209363799e-01,1.824389309437889350e-01,-8.070753781549606237e-03,2.915141999999997652e-02,-5.847332573245904719e-01,-1.180644516495832796e+00,5.840572575960930601e-01,2.669644984648035790e-01,7.512581659904013498e-02,-4.368000000000009375e-02,-8.724448435672813029e-02,6.691688341136353690e-02,-1.966640599999999850e+00,1.610741950000000422e+00,-3.712667542463833348e-01,-1.465843510522770177e-01,3.755262832810600526e-03,2.645393598005937874e-01,1.449764868969994069e-01,-2.019657800000000059e+00,-1.568001650000000025e+00,5.210567663380144543e-01,-1.274277471411055240e-01,-1.309115263512907468e-01,4.299151197706916339e-01,-9.276355269587638341e-02
2.820000,-3.719329805774525613e-03,-2.432089571765379266e-01,1.387063780110003863e-01,-4.919131668382697997e-01,-5.156522282356774678e-01,-4.710901956392391510e-01,5.198059670485793982e-01,-3.042400729861968051e-02,4.047468184375493938e-01,1.189068361552064079e+00,4.653082999327307623e-01,1.821405882424086131e-01,-8.070753781549606237e-03,2.953926551179436935e-02,-5.844945831634862365e-01,-1.179988162552796149e+00,5.848329486196818250e-01,2.666064872231472260e-01,7.512581659904013498e-02,-4.368000000000009375e-02,-8.722583793789184803e-02,6.704740834321741560e-02,-1.967274578240433058e+00,1.610369021623274888e+00,-3.708938258696579671e-01,-1.477031361824531486e-01,3.755262832810600526e-03,2.642410170992134932e-01,1.449764868969994069e-01,-2.020179899727415851e+00,-1.567591428785602092e+00,5.206838379612890311e-01,-1.288075821349894123e-01,-1.309115263512907468e-01,4.296913627446564132e-01,-9.276355269587638341e-02
2.830000,-3.921197173502765504e-03,-2.435454027894183304e-01,1.384073449705673364e-01,-4.919131668382697997e-01,-5.156522282356774678e-01,-4.710901956392391510e-01,5.198059670485793982e-01,-3.008756168573928358e-02,4.046122401923972212e-01,1.188563693132743460e+00,4.657456792294752956e-01,1.818041426295282093e-01,-8.070753781549606237e-03,2.997664480853888883e-02,-5.842254266731820023e-01,-1.179247982204459255e+00,5.857077072131708917e-01,2.662027524876907636e-01,7.512581659904013498e-02,-4.368000000000009375e-02,-8.720481008708683146e-02,6.719460329885260097e-02,-1.967989525167803899e+00,1.609948464607174445e+00,-3.704732688535574692e-01,-1.489648072307546423e-01,3.755262832810600526e-03,2.639045714863330616e-01,1.449764868969994069e-01,-2.020768679549956204e+00,-1.567128816067891561e+00,5.202632809451885887e-01,-1.303636430945612767e-01,-1.309115263512907468e-01,4.294390285349961034e-01,-9.276355269587638341e-02
2.840000,-4.145695961091783871e-03,-2.439195674354000254e-01,1.380737960764919503e-01,-4.919131668382697997e-01,-5.156522282356774678e-01,-4.710901956392391510e-01,5.198059670485793982e-01,-2.971339703975758167e-02,4.044625743340045654e-01,1.188002446163771042e+00,4.662320932692514686e-01,1.814299779835465143e-01,-8.070753781549606237e-03,3.046305884831509991e-02,-5.839260949563965797e-01,-1.178424819983299399e+00,5.866805352927232375e-01,2.657537549125127407e-01,7.512581659904013498e-02,-4.368000000000009375e-02,-8.718142479671298073e-02,6.735830033146958384e-02,-1.968784625040514991e+00,1.609480758799697320e+00,-3.700055630460803435e-01,-1.503679246531860192e-01,3.755262832810600526e-03,2.635304068403513944e-01,1.449764868969994069e-01,-2.021423467680424135e+00,-1.566614339679666568e+00,5.197955751377114630e-01,-1.320941545822266194e-01,-1.309115263512907468e-01,4.291584050505098391e-01,-9.276355269587638341e-02
2.850000,-4.392346916627614187e-03,-2.443306523612930603e-01,1.377061366875825255e-01,-4.919131668382697997e-01,-5.156522282356774678e-01,-4.710901956392391510e-01,5.198059670485793982e-01,-2.930231211386453288e-02,4.042981403636473625e-01,1.187385818774931323e+00,4.667665036729124473e-01,1.810188930576534794e-01,-8.070753781549606237e-03,3.099746925197606473e-02,-5.835972270156821740e-01,-1.177520433146334700e+00,5.877493561000451949e-01,2.652604530014410766e-01,7.512581659904013498e-02,-4.368000000000009375e-02,-8.715573198884465911e-02,6.753814998654779356e-02,-1.969658180508037759e+00,1.608966902642330998e+00,-3.694917068887140221e-01,-1.519094931252849556e-01,3.755262832810600526e-03,2.631193219144583595e-01,1.449764868969994069e-01,-2.022142866300737030e+00,-1.566049097906563770e+00,5.192817189803451416e-01,-1.339954223644819753e-01,-1.309115263512907468e-01,4.288500913560900352e-01,-9.276355269587638341e-02
2.860000,-4.660439030554252432e-03,-2.447774725511707994e-01,1.373051015108713024e-01,-4.919131668382697997e-01,-5.156522282356774678e-01,-4.710901956392391510e-01,5.198059670485793982e-01,-2.885549192398680768e-02,4.041194122876962669e-01,1.186715588490114826e+00,4.673473699197535081e-01,1.805720728677757403e-01,-8.070753781549606237e-03,3.157833549881711166e-02,-5.832397708637799827e-01,-1.176537428728603674e+00,5.889110885937273165e-01,2.647242687735877897e-01,7.512581659904013498e-02,-4.368000000000009375e-02,-8.712780572697730042e-02,6.773363381961930441e-02,-1.970607673411527871e+00,1.608408377404983769e+00,-3.689331816513669038e-01,-1.535850688373264217e-01,3.755262832810600526e-03,2.626725017245806204e-01,1.449764868969994069e-01,-2.022924801633023240e+00,-1.565434720145481906e+00,5.187231937429979123e-01,-1.360619657426664908e-01,-1.309115263512907468e-01,4.285149762136817309e-01,-9.276355269587638341e-02
2.870000,-4.949046702906495510e-03,-2.452584853384245367e-01,1.368717383759696926e-01,-4.919131668382697997e-01,-5.156522282356774678e-01,-4.710901956392391510e-01,5.198059670485793982e-01,-2.837447913673307037e-02,4.039270071727947831e-01,1.185994069309234122e+00,4.679726865431833582e-01,1.800910600805220030e-01,-8.070753781549606237e-03,3.220365212224696877e-02,-5.828549606339770150e-01,-1.175479200596645457e+00,5.901617218405870169e-01,2.641470534288832828e-01,7.512581659904013498e-02,-4.368000000000009375e-02,-8.709774242777393316e-02,6.794407691404281968e-02,-1.971629825584442219e+00,1.607807111420916701e+00,-3.683319156672997252e-01,-1.553888667895279574e-01,3.755262832810600526e-03,2.621914889373268553e-01,1.449764868969994069e-01,-2.023766574010717356e+00,-1.564773327563008021e+00,5.181219277589308447e-01,-1.382866498837150293e-01,-1.309115263512907468e-01,4.281542166232414348e-01,-9.276355269587638341e-02
2.880000,-5.257046910542579297e-03,-2.457718190178180273e-01,1.364073926036512285e-01,-4.919131668382697997e-01,-5.156522282356774678e-01,-4.710901956392391510e-01,5.198059670485793982e-01,-2.786114545733959363e-02,4.037216737010373424e-01,1.185224068790144081e+00,4.686400203263948461e-01,1.795777264011285401e-01,-8.070753781549606237e-03,3.287098590545848437e-02,-5.824442936904622448e-01,-1.174349866501979811e+00,5.914963894070101036e-01,2.635310530136111273e-01,7.512581659904013498e-02,-4.368000000000009375e-02,-8.706565907281185734e-02,6.816866039877746142e-02,-1.972720659653153241e+00,1.607165444321674741e+00,-3.676902485680578758e-01,-1.573138680872534778e-01,3.755262832810600526e-03,2.616781552579334202e-01,1.449764868969994069e-01,-2.024664907949655923e+00,-1.564067493753841909e+00,5.174802606596888843e-01,-1.406608181509098332e-01,-1.309115263512907468e-01,4.277692163636963585e-01,-9.276355269587638341e-02
2.890000,-5.583136374377024001e-03,-2.463153014575421018e-01,1.359136916285925700e-01,-4.919131668382697997e-01,-5.156522282356774678e-01,-4.710901956392391510e-01,5.198059670485793982e-01,-2.731766301761551913e-02,4.035042807251477126e-01,1.184408845130557886e+00,4.693465474980361707e-01,1.790342439614044656e-01,-8.070753781549606237e-03,3.357751307709978816e-02,-5.820095077386829852e-01,-1.173154205134586903e+00,5.929094437502926418e-01,2.628788740859422379e-01,7.512581659904013498e-02,-4.368000000000009375e-02,-8.703169142032909922e-02,6.840643396615674054e-02,-1.973875559837567017e+00,1.606486091272019801e+00,-3.670108955184027688e-01,-1.593519272362187711e-01,3.755262832810600526e-03,2.611346728182093457e-01,1.449764868969994069e-01,-2.025616002219172707e+00,-1.563320205399221230e+00,5.168009076100338328e-01,-1.431744244346336847e-01,-1.309115263512907468e-01,4.273616045339032610e-01,-9.276355269587638341e-02
2.900000,-5.925848726613264401e-03,-2.468864887112691697e-01,1.353925295362318759e-01,-4.919131668382697997e-01,-5.156522282356774678e-01,-4.710901956392391510e-01,5.198059670485793982e-01,-2.674647576388845122e-02,4.032758058236569076e-01,1.183552064249967284e+00,4.700890909278813701e-01,1.784630567076773977e-01,-8.070753781549606237e-03,3.432005650694497367e-02,-5.815525579357012642e-01,-1.171897593176387309e+00,5.943945306099830406e-01,2.621934493814697675e-01,7.512581659904013498e-02,-4.368000000000009375e-02,-8.699599221697115747e-02,6.865632838966233276e-02,-1.975089332751736926e+00,1.605772107204860966e+00,-3.662969114512439339e-01,-1.614938794376952758e-01,3.755262832810600526e-03,2.605634855644822778e-01,1.449764868969994069e-01,-2.026615579913195297e+00,-1.562534822925346623e+00,5.160869235428749979e-01,-1.458161654831213738e-01,-1.309115263512907468e-01,4.269332140936079600e-01,-9.276355269587638341e-02
2.910000,-6.283571677976506481e-03,-2.474826936302078895e-01,1.348460511854143173e-01,-4.919131668382697997e-01,-5.156522282356774678e-01,-4.710901956392391510e-01,5.198059670485793982e-01,-2.615027084494971413e-02,4.030373238560814309e-01,1.182657756871559274e+00,4.708641573225016974e-01,1.778668517887386502e-01,-8.070753781549606237e-03,3.509512290156532877e-02,-5.810755940005503106e-01,-1.170585942354722242e+00,5.959446633992238063e-01,2.614780034787432816e-01,7.512581659904013498e-02,-4.368000000000009375e-02,-8.695872940953748575e-02,6.891716804169803479e-02,-1.976356268204481736e+00,1.605026851056187365e+00,-3.655516553025704996e-01,-1.637296478837155234e-01,3.755262832810600526e-03,2.599672806455435303e-01,1.449764868969994069e-01,-2.027658938521338161e+00,-1.561715041161805928e+00,5.153416673942016191e-01,-1.485736132332130255e-01,-1.309115263512907468e-01,4.264860604044039549e-01,-9.276355269587638341e-02
2.920000,-6.654564184946339458e-03,-2.481010144751576163e-01,1.342766356103677616e-01,-4.919131668382697997e-01,-5.156522282356774678e-01,-4.710901956392391510e-01,5.198059670485793982e-01,-2.553194999999999423e-02,4.027899955181015179e-01,1.181730275604134572e+00,4.716679744209363312e-01,1.772485309437889234e-01,-8.070753781549606237e-03,3.589893999999996949e-02,-5.805809373245904847e-01,-1.169225636495832887e+00,5.975522975960930738e-01,2.607360184648035983e-01,7.512581659904013498e-02,-4.368000000000009375e-02,-8.692008435672812783e-02,6.918768341136352640e-02,-1.977670199999999934e+00,1.604253950000000373e+00,-3.647787542463833410e-01,-1.660483510522769990e-01,3.755262832810600526e-03,2.593489598005938035e-01,1.449764868969994069e-01,-2.028741000000000128e+00,-1.560864849999999970e+00,5.145687663380144050e-01,-1.514333471411054843e-01,-1.309115263512907468e-01,4.260223197706916043e-01,-9.276355269587638341e-02
2.930000,-7.036973616989614967e-03,-2.487383635285630723e-01,1.336868784261628362e-01,-4.919131668382697997e-01,-5.156522282356774678e-01,-4.710901956392391510e-01,5.198059670485793982e-01,-2.489460094659453823e-02,4.025350558967393244e-01,1.180774252024026527e+00,4.724965281903634184e-01,1.766111818903834674e-01,-8.070753781549606237e-03,3.672749376942706367e-02,-5.800710580818662088e-01,-1.167823468578340851e+00,5.992094051349472483e-01,2.599711996007170733e-01,7.512581659904013498e-02,-4.368000000000009375e-02,-8.688025004089028336e-02,6.946652362222842381e-02,-1.979024566738486479e+00,1.603457263683243372e+00,-3.639820679296265071e-01,-1.684384100025474451e-01,3.755262832810600526e-03,2.587116107471883475e-01,1.449764868969994069e-01,-2.029856360843459662e+00,-1.559988495051567448e+00,5.137720800212576266e-01,-1.543810865131057253e-01,-1.309115263512907468e-01,4.255443079806375262e-01,-9.276355269587638341e-02
2.940000,-7.428852923793040873e-03,-2.493914957065687943e-01,1.330795729994182497e-01,-4.919131668382697997e-01,-5.156522282356774678e-01,-4.710901956392391510e-01,5.198059670485793982e-01,-2.424146876858882665e-02,4.022738030255370578e-01,1.179794553757017805e+00,4.733456000217708404e-01,1.759580497123777731e-01,-8.070753781549606237e-03,3.757656560083448560e-02,-5.795485523394615646e-01,-1.166386577786728163e+00,6.009075487977620922e-01,2.591874409871102181e-01,7.512581659904013498e-02,-4.368000000000009375e-02,-8.683942927976492920e-02,6.975226895010591677e-02,-1.980412472616748687e+00,1.602640848460736400e+00,-3.631656527071194240e-01,-1.708876556700688609e-01,3.755262832810600526e-03,2.580584785691826255e-01,1.449764868969994069e-01,-2.030999342154969689e+00,-1.559090438306809601e+00,5.129556647987505436e-01,-1.574018228363821548e-01,-1.309115263512907468e-01,4.250544588471332208e-01,-9.276355269587638341e-02
2.950000,-7.828177802496069995e-03,-2.500570371710738593e-01,1.324576901889513436e-01,-4.919131668382697997e-01,-5.156522282356774678e-01,-4.710901956392391510e-01,5.198059670485793982e-01,-2.357592730408377898e-02,4.020075864397350540e-01,1.178796241560260194e+00,4.742108039256274221e-01,1.752925082478727081e-01,-8.070753781549606237e-03,3.844176950469105347e-02,-5.790161191678575570e-01,-1.164922386564817058e+00,6.026379566054751447e-01,2.583887912297041511e-01,7.512581659904013498e-02,-4.368000000000009375e-02,-8.679783293823335744e-02,7.004344334082687751e-02,-1.981826748228821877e+00,1.601808921630105020e+00,-3.623337258764880997e-01,-1.733834361619628062e-01,3.755262832810600526e-03,2.573929371046775882e-01,1.449764868969994069e-01,-2.032164039717853310e+00,-1.558175318793115105e+00,5.121237379681191637e-01,-1.604799521097179937e-01,-1.309115263512907468e-01,4.245553027487544706e-01,-9.276355269587638341e-02
2.960000,-8.232863864923490455e-03,-2.507315139417862215e-01,1.318243565076099300e-01,-4.919131668382697997e-01,-5.156522282356774678e-01,-4.710901956392391510e-01,5.198059670485793982e-01,-2.290145053337140635e-02,4.017377957314500758e-01,1.177784526404191734e+00,4.750876237275535319e-01,1.746180314771603459e-01,-8.070753781549606237e-03,3.931858930661713547e-02,-5.784765377512877116e-01,-1.163438537669249984e+00,6.043915962093273642e-01,2.575794191048493276e-01,7.512581659904013498e-02,-4.368000000000009375e-02,-8.675567814006383827e-02,7.033852692801353945e-02,-1.983260011366585696e+00,1.600965825666714526e+00,-3.614906299130976053e-01,-1.759127240521341784e-01,3.755262832810600526e-03,2.567184603339652260e-01,1.449764868969994069e-01,-2.033344374066599958e+00,-1.557247913233385628e+00,5.112806420047286693e-01,-1.635994071742626899e-01,-1.309115263512907468e-01,4.240494451707201851e-01,-9.276355269587638341e-02
2.970000,-8.640783804818316996e-03,-2.514113805082775488e-01,1.311828306049688808e-01,-4.919131668382697997e-01,-5.156522282356774678e-01,-4.710901956392391510e-01,5.198059670485793982e-01,-2.222158396688003398e-02,4.014658491048535560e-01,1.176764726554454743e+00,4.759714502639922906e-01,1.739381649106689631e-01,-8.070753781549606237e-03,4.020241584305592197e-02,-5.779326444980945610e-01,-1.161942831222968930e+00,6.061592492822048817e-01,2.567635792250596571e-01,7.512581659904013498e-02,-4.368000000000009375e-02,-8.671318647965813031e-02,7.063596855085352288e-02,-1.984704727820379766e+00,1.600115992458600367e+00,-3.606407967049833907e-01,-1.784622236764768499e-01,3.755262832810600526e-03,2.560385937674738432e-01,1.449764868969994069e-01,-2.034534140557959780e+00,-1.556313096704460053e+00,5.104308087966145102e-01,-1.667437900442853005e-01,-1.309115263512907468e-01,4.235395452458516896e-01,-9.276355269587638341e-02
2.980000,-9.049784565074376133e-03,-2.520930484420376705e-01,1.305364780193367380e-01,-4.919131668382697997e-01,-5.156522282356774678e-01,-4.710901956392391510e-01,5.198059670485793982e-01,-2.153991603311993311e-02,4.011931819313495073e-01,1.175742224653814505e+00,4.768576185778804488e-01,1.732564969769088692e-01,-8.070753781549606237e-03,4.108858415694405242e-02,-5.773873101510864636e-01,-1.160443161768696552e+00,6.079315859099811981e-01,2.559455777045475111e-01,7.512581659904013498e-02,-4.368000000000009375e-02,-8.667058223379811577e-02,7.093419827187355531e-02,-1.986153272179620011e+00,1.599263907541400354e+00,-3.597887117877832663e-01,-1.810184784280772230e-01,3.755262832810600526e-03,2.553569258337137216e-01,1.449764868969994069e-01,-2.035727059442040243e+00,-1.555375803295539816e+00,5.095787238794143859e-01,-1.698965042379257662e-01,-1.309115263512907468e-01,4.230282942955315706e-01,-9.276355269587638341e-02
2.990000,-9.457704504969202675e-03,-2.527729150085290533e-01,1.299904762120517310e-01,-4.919131668382697997e-01,-5.156522282356774678e-01,-4.710901956392391510e-01,5.198059670485793982e-01,-2.086004946662855727e-02,4.009212353047529320e-01,1.174722424804077514e+00,4.777414451143192076e-01,1.725766304104174864e-01,-8.070753781549606237e-03,4.197241069338283892e-02,-5.768434168978934240e-01,-1.158947455322415721e+00,6.096992389828588266e-01,2.551297378247578962e-01,7.512581659904013498e-02,-4.368000000000009375e-02,-8.662809057339240781e-02,7.123163989471353874e-02,-1.987597988633414303e+00,1.598414074333285972e+00,-3.589388785796690517e-01,-1.835679780524198668e-01,3.755262832810600526e-03,2.546770592672223943e-01,1.449764868969994069e-01,-2.036916825933400066e+00,-1.554440986766614241e+00,5.087288906713001158e-01,-1.730408871079483768e-01,-1.309115263512907468e-01,4.225183943706630751e-01,-9.276355269587638341e-02
3.000000,-9.862390567396621399e-03,-2.534473917792414155e-01,1.294616786591178959e-01,-4.919131668382697997e-01,-5.156522282356774678e-01,-4.710901956392391510e-01,5.198059670485793982e-01,-2.018557269591618811e-02,4.006514445964680093e-01,1.173710709648008832e+00,4.786182649162453173e-01,1.719021536397051242e-01,-8.070753781549606237e-03,4.284923049530890704e-02,-5.763038354813234676e-01,-1.157463606426848424e+00,6.114528785867109351e-01,2.543203656999030171e-01,7.512581659904013498e-02,-4.368000000000009375e-02,-8.658593577522288864e-02,7.152672348190020069e-02,-1.989031251771177899e+00,1.597570978369895478e+00,-3.580957826162786128e-01,-1.860972659425912390e-01,3.755262832810600526e-03,2.540025824965099766e-01,1.449764868969994069e-01,-2.038097160282146714e+00,-1.553513581206884764e+00,5.078857947079097324e-01,-1.761603421724930729e-01,-1.309115263512907468e-01,4.220125367926287896e-01,-9.276355269587638341e-02
3.010000,-1.026171544609965486e-02,-2.541129332437464527e-01,1.289371971440493037e-01,-4.919131668382697997e-01,-5.156522282356774678e-01,-4.710901956392391510e-01,5.198059670485793982e-01,-1.952003123141113697e-02,4.003852280106660055e-01,1.172712397451251443e+00,4.794834688201018436e-01,1.712366121752000869e-01,-8.070753781549606237e-03,4.371443439916548185e-02,-5.757714023097194600e-01,-1.155999415204937320e+00,6.131832863944240986e-01,2.535217159424970057e-01,7.512581659904013498e-02,-4.368000000000009375e-02,-8.654433943369131688e-02,7.181789787262116143e-02,-1.990445527383251090e+00,1.596739051539264320e+00,-3.572638557856472885e-01,-1.885930464344852120e-01,3.755262832810600526e-03,2.533370410320049393e-01,1.449764868969994069e-01,-2.039261857845030335e+00,-1.552598461693190268e+00,5.070538678772783525e-01,-1.792384714458289396e-01,-1.309115263512907468e-01,4.215133806942499839e-01,-9.276355269587638341e-02
3.020000,-1.065359475290307903e-02,-2.547660654217521747e-01,1.284193881522544545e-01,-4.919131668382697997e-01,-5.156522282356774678e-01,-4.710901956392391510e-01,5.198059670485793982e-01,-1.886689905340542886e-02,4.001239751394636834e-01,1.171732699184242721e+00,4.803325406515092655e-01,1.705834799971943649e-01,-8.070753781549606237e-03,4.456350623057290378e-02,-5.752488965673149268e-01,-1.154562524413324853e+00,6.148814300572389424e-01,2.527379573288901504e-01,7.512581659904013498e-02,-4.368000000000009375e-02,-8.650351867256596272e-02,7.210364320049865439e-02,-1.991833433261513520e+00,1.595922636316757126e+00,-3.564474405631401499e-01,-1.910422921020066278e-01,3.755262832810600526e-03,2.526839088539992173e-01,1.449764868969994069e-01,-2.040404839156540362e+00,-1.551700404948432421e+00,5.062374526547712694e-01,-1.822592077691053691e-01,-1.309115263512907468e-01,4.210235315607456785e-01,-9.276355269587638341e-02
3.030000,-1.103600418494635194e-02,-2.554034144751576307e-01,1.279105479744943874e-01,-4.919131668382697997e-01,-5.156522282356774678e-01,-4.710901956392391510e-01,5.198059670485793982e-01,-1.822954999999997286e-02,3.998690355181015454e-01,1.170776675604134676e+00,4.811610944209363527e-01,1.699461309437889089e-01,-8.070753781549606237e-03,4.539205999999999103e-02,-5.747390173245905398e-01,-1.153160356495832817e+00,6.165385375960931169e-01,2.519731384648035699e-01,7.512581659904013498e-02,-4.368000000000009375e-02,-8.646368435672811825e-02,7.238248341136353792e-02,-1.993187799999999843e+00,1.595125950000000348e+00,-3.556507542463833160e-01,-1.934323510522770739e-01,3.755262832810600526e-03,2.520465598005937613e-01,1.449764868969994069e-01,-2.041520199999999896e+00,-1.550824049999999898e+00,5.054407663380144911e-01,-1.852069471411055823e-01,-1.309115263512907468e-01,4.205455197706916004e-01,-9.276355269587638341e-02
3.040000,-1.140699669191618665e-02,-2.560217353201073576e-01,1.274128880520626894e-01,-4.919131668382697997e-01,-5.156522282356774678e-01,-4.710901956392391510e-01,5.198059670485793982e-01,-1.761122915505024950e-02,3.996217071801216325e-01,1.169849194336709974e+00,4.819649115193710420e-01,1.693278100988391821e-01,-8.070753781549606237e-03,4.619587709843463175e-02,-5.742443606486307139e-01,-1.151800050636943240e+00,6.181461717929623845e-01,2.512311534508639421e-01,7.512581659904013498e-02,-4.368000000000009375e-02,-8.642503930391876033e-02,7.265299878102904341e-02,-1.994501731795518040e+00,1.594353048943813134e+00,-3.548778531901961575e-01,-1.957510542208385496e-01,3.755262832810600526e-03,2.514282389556440345e-01,1.449764868969994069e-01,-2.042602261478662307e+00,-1.549973858838193941e+00,5.046678652818272770e-01,-1.880666810489980412e-01,-1.309115263512907468e-01,4.200817791369793053e-01,-9.276355269587638341e-02
3.050000,-1.176471964327942786e-02,-2.566179402390461051e-01,1.269285116597168028e-01,-4.919131668382697997e-01,-5.156522282356774678e-01,-4.710901956392391510e-01,5.198059670485793982e-01,-1.701502423611151241e-02,3.993832252125461557e-01,1.168954886958301964e+00,4.827399779139913694e-01,1.687316051799004624e-01,-8.070753781549606237e-03,4.697094349305500072e-02,-5.737673967134797604e-01,-1.150488399815278173e+00,6.196963045822030391e-01,2.505157075481374562e-01,7.512581659904013498e-02,-4.368000000000009375e-02,-8.638777649648508861e-02,7.291383843306474544e-02,-1.995768667248262851e+00,1.593607792795139755e+00,-3.541325970415227786e-01,-1.979868226668587972e-01,3.755262832810600526e-03,2.508320340367053425e-01,1.449764868969994069e-01,-2.043645620086804726e+00,-1.549154077074653246e+00,5.039226091331538981e-01,-1.908241287990897206e-01,-1.309115263512907468e-01,4.196346254477753002e-01,-9.276355269587638341e-02
3.060000,-1.210743199551566826e-02,-2.571891274927731730e-01,1.264593922057339059e-01,-4.919131668382697997e-01,-5.156522282356774678e-01,-4.710901956392391510e-01,5.198059670485793982e-01,-1.644383698238444450e-02,3.991547503110552952e-01,1.168098106077711362e+00,4.834825213438365688e-01,1.681604179261733945e-01,-8.070753781549606237e-03,4.771348692290018623e-02,-5.733104469104981504e-01,-1.149231787857078579e+00,6.211813914418934379e-01,2.498302828436649581e-01,7.512581659904013498e-02,-4.368000000000009375e-02,-8.635207729312714686e-02,7.316373285657033765e-02,-1.996982440162432981e+00,1.592893808727980920e+00,-3.534186129743639437e-01,-2.001287748683353018e-01,3.755262832810600526e-03,2.502608467829782746e-01,1.449764868969994069e-01,-2.044645197780827317e+00,-1.548368694600778639e+00,5.032086250659950633e-01,-1.934658698475774097e-01,-1.309115263512907468e-01,4.192062350074799992e-01,-9.276355269587638341e-02
3.070000,-1.243352145935011643e-02,-2.577326099324972475e-01,1.260073539785253605e-01,-4.919131668382697997e-01,-5.156522282356774678e-01,-4.710901956392391510e-01,5.198059670485793982e-01,-1.590035454266036652e-02,3.989373573351656654e-01,1.167282882418125167e+00,4.841890485154778379e-01,1.676169354864492922e-01,-8.070753781549606237e-03,4.842001409454148309e-02,-5.728756609587187798e-01,-1.148036126489685671e+00,6.225944457851760871e-01,2.491781039159960409e-01,7.512581659904013498e-02,-4.368000000000009375e-02,-8.631810964064440261e-02,7.340150642394961678e-02,-1.998137340346846536e+00,1.592214455678325757e+00,-3.527392599247088367e-01,-2.021668340173005673e-01,3.755262832810600526e-03,2.497173643432541723e-01,1.449764868969994069e-01,-2.045596292050344545e+00,-1.547621406246157960e+00,5.025292720163399007e-01,-1.959794761313012612e-01,-1.309115263512907468e-01,4.187986231776869017e-01,-9.276355269587638341e-02
3.080000,-1.274152166698620109e-02,-2.582459436118906826e-01,1.255740560993299781e-01,-4.919131668382697997e-01,-5.156522282356774678e-01,-4.710901956392391510e-01,5.198059670485793982e-01,-1.538702086326688978e-02,3.987320238634082803e-01,1.166512881899034904e+00,4.848563822986893812e-01,1.671036018070558293e-01,-8.070753781549606237e-03,4.908734787775299868e-02,-5.724649940152040095e-01,-1.146906792395020025e+00,6.239291133515990628e-01,2.485621035007238855e-01,7.512581659904013498e-02,-4.368000000000009375e-02,-8.628602628568229904e-02,7.362608990868427239e-02,-1.999228174415557779e+00,1.591572788579084019e+00,-3.520975928254669873e-01,-2.040918353150261155e-01,3.755262832810600526e-03,2.492040306638607094e-01,1.449764868969994069e-01,-2.046494625989283112e+00,-1.546915572436991848e+00,5.018876049170980513e-01,-1.983536443984960929e-01,-1.309115263512907468e-01,4.184136229181417699e-01,-9.276355269587638341e-02
3.090000,-1.303012933933843029e-02,-2.587269563991444477e-01,1.251609803798303111e-01,-4.919131668382697997e-01,-5.156522282356774678e-01,-4.710901956392391510e-01,5.198059670485793982e-01,-1.490600807601318023e-02,3.985396187485067965e-01,1.165791362718154422e+00,4.854816989221192314e-01,1.666225890198021198e-01,-8.070753781549606237e-03,4.971266450118282804e-02,-5.720801837854010419e-01,-1.145848564263061808e+00,6.251797465984587632e-01,2.479848881560194340e-01,7.512581659904013498e-02,-4.368000000000009375e-02,-8.625596298647894566e-02,7.383653300310777379e-02,-2.000250326588472127e+00,1.590971522595016729e+00,-3.514963268413998643e-01,-2.058956332672275402e-01,3.755262832810600526e-03,2.487230178766069999e-01,1.449764868969994069e-01,-2.047336398366977228e+00,-1.546254179854518185e+00,5.012863389330308728e-01,-2.005783285395445203e-01,-1.309115263512907468e-01,4.180528633277015294e-01,-9.276355269587638341e-02
3.100000,-1.329822145326507374e-02,-2.591737765890221867e-01,1.247694237555799779e-01,-4.919131668382697997e-01,-5.156522282356774678e-01,-4.710901956392391510e-01,5.198059670485793982e-01,-1.445918788613543768e-02,3.983608906725557008e-01,1.165121132433337703e+00,4.860625651689602922e-01,1.661757688299243807e-01,-8.070753781549606237e-03,5.029353074802389578e-02,-5.717227276334988506e-01,-1.144865559845330782e+00,6.263414790921408848e-01,2.474487039281661471e-01,7.512581659904013498e-02,-4.368000000000009375e-02,-8.622803672461158697e-02,7.403201683617927076e-02,-2.001199819491962018e+00,1.590412997357669500e+00,-3.509378016040526349e-01,-2.075712089792690618e-01,3.755262832810600526e-03,2.482761976867292608e-01,1.449764868969994069e-01,-2.048118333699262994e+00,-1.545639802093436099e+00,5.007278136956837544e-01,-2.026448719177290636e-01,-1.309115263512907468e-01,4.177177481852932250e-01,-9.276355269587638341e-02
3.110000,-1.354487240880090405e-02,-2.595848615149152216e-01,1.244004958847376996e-01,-4.919131668382697997e-01,-5.156522282356774678e-01,-4.710901956392391510e-01,5.198059670485793982e-01,-1.404810296024238889e-02,3.981964567021984980e-01,1.164504505044498206e+00,4.865969755726212154e-01,1.657646839040313180e-01,-8.070753781549606237e-03,5.082794115168485366e-02,-5.713938596927844449e-01,-1.143961173008366083e+00,6.274102998994628422e-01,2.469554020170944830e-01,7.512581659904013498e-02,-4.368000000000009375e-02,-8.620234391674327923e-02,7.421186649125749435e-02,-2.002073374959485008e+00,1.589899141200303401e+00,-3.504239454466863690e-01,-2.091127774513680260e-01,3.755262832810600526e-03,2.478651127608361981e-01,1.449764868969994069e-01,-2.048837732319575888e+00,-1.545074560320333301e+00,5.002139575383174330e-01,-2.045461396999844195e-01,-1.309115263512907468e-01,4.174094344908734211e-01,-9.276355269587638341e-02
3.120000,-1.376937119638992763e-02,-2.599590261608969444e-01,1.240551223585893703e-01,-4.919131668382697997e-01,-5.156522282356774678e-01,-4.710901956392391510e-01,5.198059670485793982e-01,-1.367393831426068004e-02,3.980467908438057867e-01,1.163943258075525566e+00,4.870833896123974438e-01,1.653905192580496231e-01,-8.070753781549606237e-03,5.131435519146107516e-02,-5.710945279759991333e-01,-1.143138010787206227e+00,6.283831279790152990e-01,2.465064044419164324e-01,7.512581659904013498e-02,-4.368000000000009375e-02,-8.617895862636941462e-02,7.437556352387447722e-02,-2.002868474832196100e+00,1.589431435392826053e+00,-3.499562396392091879e-01,-2.105158948737994029e-01,3.755262832810600526e-03,2.474909481148545032e-01,1.449764868969994069e-01,-2.049492520450043820e+00,-1.544560083932108530e+00,4.997462517308403074e-01,-2.062766511876498177e-01,-1.309115263512907468e-01,4.171288110063871568e-01,-9.276355269587638341e-02
3.130000,-1.397123856411815711e-02,-2.602954717737773205e-01,1.237340537618070724e-01,-4.919131668382697997e-01,-5.156522282356774678e-01,-4.710901956392391510e-01,5.198059670485793982e-01,-1.333749270138029699e-02,3.979122125986536695e-01,1.163438589656205169e+00,4.875207689091419772e-01,1.650540736451692470e-01,-8.070753781549606237e-03,5.175173448820557381e-02,-5.708253714856947880e-01,-1.142397830438869555e+00,6.292578865725042547e-01,2.461026697064599700e-01,7.512581659904013498e-02,-4.368000000000009375e-02,-8.615793077556439805e-02,7.452275847950964871e-02,-2.003583421759566718e+00,1.589010878376725611e+00,-3.495356826231087455e-01,-2.117775659221008411e-01,3.755262832810600526e-03,2.471545025019740993e-01,1.449764868969994069e-01,-2.050081300272584617e+00,-1.544097471214397999e+00,4.993256947147398650e-01,-2.078327121472215988e-01,-1.309115263512907468e-01,4.168764767967268470e-01,-9.276355269587638341e-02
3.140000,-1.415024418494635443e-02,-2.605938144751576147e-01,1.234378805486167352e-01,-4.919131668382697997e-01,-5.156522282356774678e-01,-4.710901956392391510e-01,5.198059670485793982e-01,-1.303914999999996813e-02,3.977928755181014964e-01,1.162991075604134616e+00,4.879086144209363596e-01,1.647557309437888973e-01,-8.070753781549606237e-03,5.213957999999999787e-02,-5.705866973245905527e-01,-1.141741476495832686e+00,6.300335775960931306e-01,2.457446584648035892e-01,7.512581659904013498e-02,-4.368000000000009375e-02,-8.613928435672812967e-02,7.465328341136354129e-02,-2.004217399999999927e+00,1.588637950000000298e+00,-3.491627542463833223e-01,-2.128963510522770552e-01,3.755262832810600526e-03,2.468561598005937774e-01,1.449764868969994069e-01,-2.050603399999999965e+00,-1.543687250000000066e+00,4.989527663380144418e-01,-2.092125471411055981e-01,-1.309115263512907468e-01,4.166527197706916263e-01,-9.276355269587638341e-02
3.150000,-1.430642382394269226e-02,-2.608541138734848386e-01,1.231670533760259173e-01,-4.919131668382697997e-01,-5.156522282356774678e-01,-4.710901956392391510e-01,5.198059670485793982e-01,-1.277885060167274073e-02,3.976887557587706068e-01,1.162600626506643753e+00,4.882470036387617784e-01,1.644954315454616733e-01,-8.070753781549606237e-03,5.247796921782539592e-02,-5.703784578059287735e-01,-1.141168817819512737e+00,6.307103560317438573e-01,2.454322991868108927e-01,7.512581659904013498e-02,-4.368000000000009375e-02,-8.612301564433266776e-02,7.476716439813170523e-02,-2.004770536221445631e+00,1.588312575752091282e+00,-3.488373799984743062e-01,-2.138724737960042144e-01,3.755262832810600526e-03,2.465958604022665535e-01,1.449764868969994069e-01,-2.051058923947072898e+00,-1.543329338327299904e+00,4.986273920901054257e-01,-2.104164318583690574e-01,-1.309115263512907468e-01,4.164574952219461945e-01,-9.276355269587638341e-02
3.160000,-1.444009650551560456e-02,-2.610769016761063654e-01,1.229219081756158377e-01,-4.919131668382697997e-01,-5.156522282356774678e-01,-4.710901956392391510e-01,5.198059670485793982e-01,-1.255606279905121733e-02,3.975996406377220183e-01,1.162266444802711574e+00,4.885366277821697745e-01,1.642726437428401465e-01,-8.070753781549606237e-03,5.276759336123337807e-02,-5.702002275638314854e-01,-1.140678684653745556e+00,6.312896043185598494e-01,2.451649538236650716e-01,7.512581659904013498e-02,-4.368000000000009375e-02,-8.610909140666882233e-02,7.486463406177862323e-02,-2.005243960302016237e+00,1.588034090998814207e+00,-3.485588952451973976e-01,-2.147079280558348846e-01,3.755262832810600526e-03,2.463730725996450266e-01,1.449764868969994069e-01,-2.051448802601660404e+00,-1.543023005098695499e+00,4.983489073368284616e-01,-2.114468254454935914e-01,-1.309115263512907468e-01,4.162904043699800494e-01,-9.276355269587638341e-02
3.170000,-1.455188168064645501e-02,-2.612632103013244889e-01,1.227026948782464072e-01,-4.919131668382697997e-01,-5.156522282356774678e-01,-4.710901956392391510e-01,5.198059670485793982e-01,-1.236975417383313555e-02,3.975251171876347800e-01,1.161986981864884250e+00,4.887788289949532849e-01,1.640863351176220786e-01,-8.070753781549606237e-03,5.300979457401688855e-02,-5.700511806636570089e-01,-1.140268805678265718e+00,6.317740067441268703e-01,2.449413834734033846e-01,7.512581659904013498e-02,-4.368000000000009375e-02,-8.609744711759269309e-02,7.494614408531152794e-02,-2.005639866130604521e+00,1.587801205217291844e+00,-3.483260094636747572e-01,-2.154065854004026948e-01,3.755262832810600526e-03,2.461867639744269309e-01,1.449764868969994069e-01,-2.051774842695792245e+00,-1.542766830739020545e+00,4.981160215553058768e-01,-2.123085028371272109e-01,-1.309115263512907468e-01,4.161506729010664984e-01,-9.276355269587638341e-02
3.180000,-1.464271639412232165e-02,-2.614146014904509263e-01,1.225096083656225243e-01,-4.919131668382697997e-01,-5.156522282356774678e-01,-4.710901956392391510e-01,5.198059670485793982e-01,-1.221836298470669116e-02,3.974645607119842161e-01,1.161759895081194705e+00,4.889756375408176314e-01,1.639349439284956411e-01,-8.070753781549606237e-03,5.320660311988125585e-02,-5.699300677123558811e-01,-1.139935745062187422e+00,6.321676238358556743e-01,2.447597140464516374e-01,7.512581659904013498e-02,-4.368000000000009375e-02,-8.608798516827229075e-02,7.501237773055435820e-02,-2.005961572407498394e+00,1.587611966230883631e+00,-3.481367704772667659e-01,-2.159743023596268907e-01,3.755262832810600526e-03,2.460353727853004935e-01,1.449764868969994069e-01,-2.052039777276763566e+00,-1.542558667853971777e+00,4.979267825688978300e-01,-2.130086870868370119e-01,-1.309115263512907468e-01,4.160371295092216704e-01,-9.276355269587638341e-02
3.190000,-1.471387245176865831e-02,-2.615331949198614891e-01,1.223428199477570727e-01,-4.919131668382697997e-01,-5.156522282356774678e-01,-4.710901956392391510e-01,5.198059670485793982e-01,-1.209976955529612833e-02,3.974171233402200021e-01,1.161582004937078860e+00,4.891298089990513964e-01,1.638163504990850783e-01,-8.070753781549606237e-03,5.336077457811499308e-02,-5.698351929688274531e-01,-1.139674839517484273e+00,6.324759667523230933e-01,2.446174019311589676e-01,7.512581659904013498e-02,-4.368000000000009375e-02,-8.608057307893413057e-02,7.506426235592147944e-02,-2.006213583444995674e+00,1.587463724444120539e+00,-3.479885286905035624e-01,-2.164190277199165013e-01,3.755262832810600526e-03,2.459167793558899306e-01,1.449764868969994069e-01,-2.052247315778231940e+00,-1.542395601888532086e+00,4.977785407821346264e-01,-2.135571816978608650e-01,-1.309115263512907468e-01,4.159481844371637482e-01,-9.276355269587638341e-02
3.200000,-1.476697358768213134e-02,-2.616216968130505860e-01,1.222025074952587248e-01,-4.919131668382697997e-01,-5.156522282356774678e-01,-4.710901956392391510e-01,5.198059670485793982e-01,-1.201126766210701066e-02,3.973817225829443522e-01,1.161449252097295215e+00,4.892448614601972445e-01,1.637278486058959537e-01,-8.070753781549606237e-03,5.347582703926084813e-02,-5.697643914542761534e-01,-1.139480135352468171e+00,6.327060716746147895e-01,2.445111996593320181e-01,7.512581659904013498e-02,-4.368000000000009375e-02,-8.607504171060981202e-02,7.510298193419170931e-02,-2.006401649968022394e+00,1.587353097077634168e+00,-3.478779013240171358e-01,-2.167509098193756700e-01,3.755262832810600526e-03,2.458282774627008060e-01,1.449764868969994069e-01,-2.052402194091312637e+00,-1.542273911785397189e+00,4.976679134156481998e-01,-2.139665029538605490e-01,-1.309115263512907468e-01,4.158818080172719256e-01,-9.276355269587638341e-02
3.210000,-1.480401263146329145e-02,-2.616834285526858372e-01,1.220888822502575743e-01,-4.919131668382697997e-01,-5.156522282356774678e-01,-4.710901956392391510e-01,5.198059670485793982e-01,-1.194953592247174207e-02,3.973570298870902073e-01,1.161356654487842199e+00,4.893251127217230767e-01,1.636661168662606747e-01,-8.070753781549606237e-03,5.355607830078669418e-02,-5.697150060625679746e-01,-1.139344325525270651e+00,6.328665741976664538e-01,2.444371215717696944e-01,7.512581659904013498e-02,-4.368000000000009375e-02,-8.607118347688261228e-02,7.512998957028214908e-02,-2.006532829914747573e+00,1.587275932403090062e+00,-3.478007366494730301e-01,-2.169824038430079316e-01,3.755262832810600526e-03,2.457665457230655548e-01,1.449764868969994069e-01,-2.052510224635674341e+00,-1.542189030643398517e+00,4.975907487411041497e-01,-2.142520122496736623e-01,-1.309115263512907468e-01,4.158355092125454178e-01,-9.276355269587638341e-02
3.220000,-1.482736867544935319e-02,-2.617223552926626340e-01,1.220022103338320868e-01,-4.919131668382697997e-01,-5.156522282356774678e-01,-4.710901956392391510e-01,5.198059670485793982e-01,-1.191060918249497308e-02,3.973414591910995330e-01,1.161298264377877087e+00,4.893757174836929069e-01,1.636271901262839057e-01,-8.070753781549606237e-03,5.360668306275650358e-02,-5.696838646705865150e-01,-1.139258686697321776e+00,6.329677837216061143e-01,2.443904094837975882e-01,7.512581659904013498e-02,-4.368000000000009375e-02,-8.606875055563406596e-02,7.514702001902198725e-02,-2.006615549237197982e+00,1.587227273978119024e+00,-3.477520782245020481e-01,-2.171283791179208222e-01,3.755262832810600526e-03,2.457276189830887581e-01,1.449764868969994069e-01,-2.052578346430633971e+00,-1.542135506375930554e+00,4.975420903161331676e-01,-2.144320484220662293e-01,-1.309115263512907468e-01,4.158063141575628618e-01,-9.276355269587638341e-02
3.230000,-1.483982424194691882e-02,-2.617431145701585860e-01,1.219428277496005936e-01,-4.919131668382697997e-01,-5.156522282356774678e-01,-4.710901956392391510e-01,5.198059670485793982e-01,-1.188984990499902805e-02,3.973331554801011745e-01,1.161267125461633132e+00,4.894027045444376278e-01,1.636064308487879537e-01,-8.070753781549606237e-03,5.363367012350122448e-02,-5.696672572485897978e-01,-1.139213016286830582e+00,6.330217578430955561e-01,2.443654983508024570e-01,7.512581659904013498e-02,-4.368000000000009375e-02,-8.606745310079055855e-02,7.515610220292645582e-02,-2.006659662701876901e+00,1.587201324881249098e+00,-3.477261291276321220e-01,-2.172062264085306005e-01,3.755262832810600526e-03,2.457068597055928338e-01,1.449764868969994069e-01,-2.052614675166251956e+00,-1.542106962369373502e+00,4.975161412192632415e-01,-2.145280600804849724e-01,-1.309115263512907468e-01,4.157907446994408840e-01,-9.276355269587638341e-02
3.240000,-1.484458245046472828e-02,-2.617510449176882470e-01,1.219111477873419253e-01,-4.919131668382697997e-01,-5.156522282356774678e-01,-4.710901956392391510e-01,5.198059670485793982e-01,-1.188191955746934619e-02,3.973299833410892656e-01,1.161255229940338696e+00,4.894130139962261650e-01,1.635985005012582927e-01,-8.070753781549606237e-03,5.364397957528981714e-02,-5.696609129705659802e-01,-1.139195569522265306e+00,6.330423767466727414e-01,2.443559819337668415e-01,7.512581659904013498e-02,-4.368000000000009375e-02,-8.606695745406996167e-02,7.515957172997068947e-02,-2.006676514690377555e+00,1.587191411946836883e+00,-3.477162161932200179e-01,-2.172359652117669127e-01,3.755262832810600526e-03,2.456989293580631450e-01,1.449764868969994069e-01,-2.052628553274428835e+00,-1.542096058141520398e+00,4.975062282848511375e-01,-2.145647379378097241e-01,-1.309115263512907468e-01,4.157847969387936660e-01,-9.276355269587638341e-02
3.250000,-1.484528418494634669e-02,-2.617522144751576185e-01,1.219076603488812027e-01,-4.919131668382697997e-01,-5.156522282356774678e-01,-4.710901956392391510e-01,5.198059670485793982e-01,-1.188074999999998160e-02,3.973295155181015281e-01,1.161253475604134611e+00,4.894145344209363535e-01,1.635973309437889212e-01,-8.070753781549606237e-03,5.364549999999997792e-02,-5.696599773245905052e-01,-1.139192996495832721e+00,6.330454175960931185e-01,2.443545784648036012e-01,7.512581659904013498e-02,-4.368000000000009375e-02,-8.606688435672812942e-02,7.516008341136354298e-02,-2.006679000000000102e+00,1.587189950000000405e+00,-3.477147542463833174e-01,-2.172403510522770143e-01,3.755262832810600526e-03,2.456977598005937735e-01,1.449764868969994069e-01,-2.052630600000000083e+00,-1.542094450000000005e+00,4.975047663380144369e-01,-2.145701471411055605e-01,-1.309115263512907468e-01,4.157839197706916234e-01,-9.276355269587638341e-02
3.260000,-1.484432369366990231e-02,-2.617546157033487364e-01,1.219297949614630838e-01,-4.919131668382697997e-01,-5.156522282356774678e-01,-4.710901956392391510e-01,5.198059670485793982e-01,-1.188074999999998160e-02,3.973295155181015281e-01,1.161253475604134611e+00,4.894145344209363535e-01,1.635973309437889212e-01,-8.070753781549606237e-03,5.364549999999997792e-02,-5.696599773245905052e-01,-1.139192996495832721e+00,6.330415756309872855e-01,2.443545784648036012e-01,7.512581659904013498e-02,-4.368000000000009375e-02,-8.606868527787145395e-02,7.516008341136354298e-02,-2.006679000000000102e+00,1.587189950000000405e+00,-3.477147542463833174e-01,-2.172283449113214804e-01,3.755262832810600526e-03,2.456977598005937735e-01,1.449764868969994069e-01,-2.052630600000000083e+00,-1.542094450000000005e+00,4.975047663380144369e-01,-2.145701471411055605e-01,-1.309115263512907468e-01,4.157839197706916234e-01,-9.276355269587638341e-02
3.270000,-1.483803178586117627e-02,-2.617703454728705359e-01,1.219637609743121076e-01,-4.919131668382697997e-01,-5.156522282356774678e-01,-4.710901956392391510e-01,5.198059670485793982e-01,-1.188074999999998160e-02,3.973295155181015281e-01,1.161253475604134611e+00,4.894145344209363535e-01,1.635973309437889212e-01,-8.070753781549606237e-03,5.364549999999997792e-02,-5.696599773245905052e-01,-1.139192996495832721e+00,6.330164079997523396e-01,2.443545784648036012e-01,7.512581659904013498e-02,-4.368000000000009375e-02,-8.608048260501281745e-02,7.516008341136354298e-02,-2.006679000000000102e+00,1.587189950000000405e+00,-3.477147542463833174e-01,-2.171496960637123996e-01,3.755262832810600526e-03,2.456977598005937735e-01,1.449764868969994069e-01,-2.052630600000000083e+00,-1.542094450000000005e+00,4.975047663380144369e-01,-2.145701471411055605e-01,-1.309115263512907468e-01,4.157839197706916234e-01,-9.276355269587638341e-02
3.280000,-1.482221859535126467e-02,-2.618098784491453279e-01,1.219959463348154888e-01,-4.919131668382697997e-01,-5.156522282356774678e-01,-4.710901956392391510e-01,5.198059670485793982e-01,-1.188074999999998160e-02,3.973295155181015281e-01,1.161253475604134611e+00,4.894145344209363535e-01,1.635973309437889212e-01,-8.070753781549606237e-03,5.364549999999997792e-02,-5.696599773245905052e-01,-1.139192996495832721e+00,6.329531552377127834e-01,2.443545784648036012e-01,7.512581659904013498e-02,-4.368000000000009375e-02,-8.611013233721889759e-02,7.516008341136354298e-02,-2.006679000000000102e+00,1.587189950000000405e+00,-3.477147542463833174e-01,-2.169520311823384950e-01,3.755262832810600526e-03,2.456977598005937735e-01,1.449764868969994069e-01,-2.052630600000000083e+00,-1.542094450000000005e+00,4.975047663380144369e-01,-2.145701471411055605e-01,-1.309115263512907468e-01,4.157839197706916234e-01,-9.276355269587638341e-02
3.290000,-1.479384835084413853e-02,-2.618808040604131415e-01,1.220160423714705261e-01,-4.919131668382697997e-01,-5.156522282356774678e-01,-4.710901956392391510e-01,5.198059670485793982e-01,-1.188074999999998160e-02,3.973295155181015281e-01,1.161253475604134611e+00,4.894145344209363535e-01,1.635973309437889212e-01,-8.070753781549606237e-03,5.364549999999997792e-02,-5.696599773245905052e-01,-1.139192996495832721e+00,6.328396742596842373e-01,2.443545784648036012e-01,7.512581659904013498e-02,-4.368000000000009375e-02,-8.616332654566975779e-02,7.516008341136354298e-02,-2.006679000000000102e+00,1.587189950000000405e+00,-3.477147542463833174e-01,-2.165974031259994548e-01,3.755262832810600526e-03,2.456977598005937735e-01,1.449764868969994069e-01,-2.052630600000000083e+00,-1.542094450000000005e+00,4.975047663380144369e-01,-2.145701471411055605e-01,-1.309115263512907468e-01,4.157839197706916234e-01,-9.276355269587638341e-02
3.300000,-1.475093901984073780e-02,-2.619880773879216251e-01,1.220167139242081394e-01,-4.919131668382697997e-01,-5.156522282356774678e-01,-4.710901956392391510e-01,5.198059670485793982e-01,-1.188074999999998160e-02,3.973295155181015281e-01,1.161253475604134611e+00,4.894145344209363535e-01,1.635973309437889212e-01,-8.070753781549606237e-03,5.364549999999997792e-02,-5.696599773245905052e-01,-1.139192996495832721e+00,6.326680369356706413e-01,2.443545784648036012e-01,7.512581659904013498e-02,-4.368000000000009375e-02,-8.624378154130113439e-02,7.516008341136354298e-02,-2.006679000000000102e+00,1.587189950000000405e+00,-3.477147542463833174e-01,-2.160610364884569257e-01,3.755262832810600526e-03,2.456977598005937735e-01,1.449764868969994069e-01,-2.052630600000000083e+00,-1.542094450000000005e+00,4.975047663380144369e-01,-2.145701471411055605e-01,-1.309115263512907468e-01,4.157839197706916234e-01,-9.276355269587638341e-02
3.310000,-1.469246195256307223e-02,-2.621342700561157812e-01,1.219932715179148225e-01,-4.919131668382697997e-01,-5.156522282356774678e-01,-4.710901956392391510e-01,5.198059670485793982e-01,-1.188074999999998160e-02,3.973295155181015281e-01,1.161253475604134611e+00,4.894145344209363535e-01,1.635973309437889212e-01,-8.070753781549606237e-03,5.364549999999997792e-02,-5.696599773245905052e-01,-1.139192996495832721e+00,6.324341286665600137e-01,2.443545784648036012e-01,7.512581659904013498e-02,-4.368000000000009375e-02,-8.635342604244676534e-02,7.516008341136354298e-02,-2.006679000000000102e+00,1.587189950000000405e+00,-3.477147542463833174e-01,-2.153300731474860896e-01,3.755262832810600526e-03,2.456977598005937735e-01,1.449764868969994069e-01,-2.052630600000000083e+00,-1.542094450000000005e+00,4.975047663380144369e-01,-2.145701471411055605e-01,-1.309115263512907468e-01,4.157839197706916234e-01,-9.276355269587638341e-02
3.320000,-1.461824152587830501e-02,-2.623198211228277010e-01,1.219433509018185841e-01,-4.919131668382697997e-01,-5.156522282356774678e-01,-4.710901956392391510e-01,5.198059670485793982e-01,-1.188074999999998160e-02,3.973295155181015281e-01,1.161253475604134611e+00,4.894145344209363535e-01,1.635973309437889212e-01,-8.070753781549606237e-03,5.364549999999997792e-02,-5.696599773245905052e-01,-1.139192996495832721e+00,6.321372469598208754e-01,2.443545784648036012e-01,7.512581659904013498e-02,-4.368000000000009375e-02,-8.649258934248070518e-02,7.516008341136354298e-02,-2.006679000000000102e+00,1.587189950000000405e+00,-3.477147542463833174e-01,-2.144023178139264907e-01,3.755262832810600526e-03,2.456977598005937735e-01,1.449764868969994069e-01,-2.052630600000000083e+00,-1.542094450000000005e+00,4.975047663380144369e-01,-2.145701471411055605e-01,-1.309115263512907468e-01,4.157839197706916234e-01,-9.276355269587638341e-02
3.330000,-1.452885478722288140e-02,-2.625432879694662991e-01,1.218666007222953540e-01,-4.919131668382697997e-01,-5.156522282356774678e-01,-4.710901956392391510e-01,5.198059670485793982e-01,-1.188074999999998160e-02,3.973295155181015281e-01,1.161253475604134611e+00,4.894145344209363535e-01,1.635973309437889212e-01,-8.070753781549606237e-03,5.364549999999997792e-02,-5.696599773245905052e-01,-1.139192996495832721e+00,6.317797000051992296e-01,2.443545784648036012e-01,7.512581659904013498e-02,-4.368000000000009375e-02,-8.666018947745962597e-02,7.516008341136354298e-02,-2.006679000000000102e+00,1.587189950000000405e+00,-3.477147542463833174e-01,-2.132849835807337224e-01,3.755262832810600526e-03,2.456977598005937735e-01,1.449764868969994069e-01,-2.052630600000000083e+00,-1.542094450000000005e+00,4.975047663380144369e-01,-2.145701471411055605e-01,-1.309115263512907468e-01,4.157839197706916234e-01,-9.276355269587638341e-02
3.340000,-1.442553109852659499e-02,-2.628015971912069926e-01,1.217643809582764913e-01,-4.919131668382697997e-01,-5.156522282356774678e-01,-4.710901956392391510e-01,5.198059670485793982e-01,-1.188074999999998160e-02,3.973295155181015281e-01,1.161253475604134611e+00,4.894145344209363535e-01,1.635973309437889212e-01,-8.070753781549606237e-03,5.364549999999997792e-02,-5.696599773245905052e-01,-1.139192996495832721e+00,6.313664052504140978e-01,2.443545784648036012e-01,7.512581659904013498e-02,-4.368000000000009375e-02,-8.685392139376515996e-02,7.516008341136354298e-02,-2.006679000000000102e+00,1.587189950000000405e+00,-3.477147542463833174e-01,-2.119934374720301440e-01,3.755262832810600526e-03,2.456977598005937735e-01,1.449764868969994069e-01,-2.052630600000000083e+00,-1.542094450000000005e+00,4.975047663380144369e-01,-2.145701471411055605e-01,-1.309115263512907468e-01,4.157839197706916234e-01,-9.276355269587638341e-02
3.350000,-1.431005178013669728e-02,-2.630902954871817689e-01,1.216394735292730678e-01,-4.919131668382697997e-01,-5.156522282356774678e-01,-4.710901956392391510e-01,5.198059670485793982e-01,-1.188074999999998160e-02,3.973295155181015281e-01,1.161253475604134611e+00,4.894145344209363535e-01,1.635973309437889212e-01,-8.070753781549606237e-03,5.364549999999997792e-02,-5.696599773245905052e-01,-1.139192996495832721e+00,6.309044879768545000e-01,2.443545784648036012e-01,7.512581659904013498e-02,-4.368000000000009375e-02,-8.707044511574621448e-02,7.516008341136354298e-02,-2.006679000000000102e+00,1.587189950000000405e+00,-3.477147542463833174e-01,-2.105499459921564287e-01,3.755262832810600526e-03,2.456977598005937735e-01,1.449764868969994069e-01,-2.052630600000000083e+00,-1.542094450000000005e+00,4.975047663380144369e-01,-2.145701471411055605e-01,-1.309115263512907468e-01,4.157839197706916234e-01,-9.276355269587638341e-02
3.360000,-1.418464975474201251e-02,-2.634038005506684765e-01,1.214958056127260350e-01,-4.919131668382697997e-01,-5.156522282356774678e-01,-4.710901956392391510e-01,5.198059670485793982e-01,-1.188074999999998160e-02,3.973295155181015281e-01,1.161253475604134611e+00,4.894145344209363535e-01,1.635973309437889212e-01,-8.070753781549606237e-03,5.364549999999997792e-02,-5.696599773245905052e-01,-1.139192996495832721e+00,6.304028798752757679e-01,2.443545784648036012e-01,7.512581659904013498e-02,-4.368000000000009375e-02,-8.730557391336124518e-02,7.516008341136354298e-02,-2.006679000000000102e+00,1.587189950000000405e+00,-3.477147542463833174e-01,-2.089824206747228630e-01,3.755262832810600526e-03,2.456977598005937735e-01,1.449764868969994069e-01,-2.052630600000000083e+00,-1.542094450000000005e+00,4.975047663380144369e-01,-2.145701471411055605e-01,-1.309115263512907468e-01,4.157839197706916234e-01,-9.276355269587638341e-02
3.370000,-1.405190919129700386e-02,-2.637356519592810034e-01,1.213381852670142036e-01,-4.919131668382697997e-01,-5.156522282356774678e-01,-4.710901956392391510e-01,5.198059670485793982e-01,-1.188074999999998160e-02,3.973295155181015281e-01,1.161253475604134611e+00,4.894145344209363535e-01,1.635973309437889212e-01,-8.070753781549606237e-03,5.364549999999997792e-02,-5.696599773245905052e-01,-1.139192996495832721e+00,6.298719176214957471e-01,2.443545784648036012e-01,7.512581659904013498e-02,-4.368000000000009375e-02,-8.755446246982064029e-02,7.516008341136354298e-02,-2.006679000000000102e+00,1.587189950000000405e+00,-3.477147542463833174e-01,-2.073231636316602566e-01,3.755262832810600526e-03,2.456977598005937735e-01,1.449764868969994069e-01,-2.052630600000000083e+00,-1.542094450000000005e+00,4.975047663380144369e-01,-2.145701471411055605e-01,-1.309115263512907468e-01,4.157839197706916234e-01,-9.276355269587638341e-02
3.380000,-1.391466514894590563e-02,-2.640787620651587342e-01,1.211720480299271624e-01,-4.919131668382697997e-01,-5.156522282356774678e-01,-4.710901956392391510e-01,5.198059670485793982e-01,-1.188074999999998160e-02,3.973295155181015281e-01,1.161253475604134611e+00,4.894145344209363535e-01,1.635973309437889212e-01,-8.070753781549606237e-03,5.364549999999997792e-02,-5.696599773245905052e-01,-1.139192996495832721e+00,6.293229414520913334e-01,2.443545784648036012e-01,7.512581659904013498e-02,-4.368000000000009375e-02,-8.781179504922895229e-02,7.516008341136354298e-02,-2.006679000000000102e+00,1.587189950000000405e+00,-3.477147542463833174e-01,-2.056076131022715192e-01,3.755262832810600526e-03,2.456977598005937735e-01,1.449764868969994069e-01,-2.052630600000000083e+00,-1.542094450000000005e+00,4.975047663380144369e-01,-2.145701471411055605e-01,-1.309115263512907468e-01,4.157839197706916234e-01,-9.276355269587638341e-02
3.390000,-1.377590322094678771e-02,-2.644256668851565073e-01,1.210875734964585310e-01,-4.919131668382697997e-01,-5.156522282356774678e-01,-4.710901956392391510e-01,5.198059670485793982e-01,-1.188074999999998160e-02,3.973295155181015281e-01,1.161253475604134611e+00,4.894145344209363535e-01,1.635973309437889212e-01,-8.070753781549606237e-03,5.364549999999997792e-02,-5.696599773245905052e-01,-1.139192996495832721e+00,6.287678937400947854e-01,2.443545784648036012e-01,7.512581659904013498e-02,-4.368000000000009375e-02,-8.807197366422729601e-02,7.516008341136354298e-02,-2.006679000000000102e+00,1.587189950000000405e+00,-3.477147542463833174e-01,-2.038730890022825426e-01,3.755262832810600526e-03,2.456977598005937735e-01,1.449764868969994069e-01,-2.052630600000000083e+00,-1.542094450000000005e+00,4.975047663380144369e-01,-2.145701471411055605e-01,-1.309115263512907468e-01,4.157839197706916234e-01,-9.276355269587638341e-02
3.400000,-1.363865917859568948e-02,-2.647687769910342381e-01,1.210913129064856986e-01,-4.919131668382697997e-01,-5.156522282356774678e-01,-4.710901956392391510e-01,5.198059670485793982e-01,-1.188074999999998160e-02,3.973295155181015281e-01,1.161253475604134611e+00,4.894145344209363535e-01,1.635973309437889212e-01,-8.070753781549606237e-03,5.364549999999997792e-02,-5.696599773245905052e-01,-1.139192996495832721e+00,6.282189175706904827e-01,2.443545784648036012e-01,7.512581659904013498e-02,-4.368000000000009375e-02,-8.832930624363560801e-02,7.516008341136354298e-02,-2.006679000000000102e+00,1.587189950000000405e+00,-3.477147542463833174e-01,-2.021575384728938052e-01,3.755262832810600526e-03,2.456977598005937735e-01,1.449764868969994069e-01,-2.052630600000000083e+00,-1.542094450000000005e+00,4.975047663380144369e-01,-2.145701471411055605e-01,-1.309115263512907468e-01,4.157839197706916234e-01,-9.276355269587638341e-02
3.410000,-1.350591861515068083e-02,-2.651006283996467650e-01,1.210949308267560975e-01,-4.919131668382697997e-01,-5.156522282356774678e-01,-4.710901956392391510e-01,5.198059670485793982e-01,-1.188074999999998160e-02,3.973295155181015281e-01,1.161253475604134611e+00,4.894145344209363535e-01,1.635973309437889212e-01,-8.070753781549606237e-03,5.364549999999997792e-02,-5.696599773245905052e-01,-1.139192996495832721e+00,6.276879553169103509e-01,2.443545784648036012e-01,7.512581659904013498e-02,-4.368000000000009375e-02,-8.857819480009498925e-02,7.516008341136354298e-02,-2.006679000000000102e+00,1.587189950000000405e+00,-3.477147542463833174e-01,-2.004982814298311988e-01,3.755262832810600526e-03,2.456977598005937735e-01,1.449764868969994069e-01,-2.052630600000000083e+00,-1.542094450000000005e+00,4.975047663380144369e-01,-2.145701471411055605e-01,-1.309115263512907468e-01,4.157839197706916234e-01,-9.276355269587638341e-02
3.420000,-1.338051658975599606e-02,-2.654141334631334725e-01,1.210983498272980713e-01,-4.919131668382697997e-01,-5.156522282356774678e-01,-4.710901956392391510e-01,5.198059670485793982e-01,-1.188074999999998160e-02,3.973295155181015281e-01,1.161253475604134611e+00,4.894145344209363535e-01,1.635973309437889212e-01,-8.070753781549606237e-03,5.364549999999997792e-02,-5.696599773245905052e-01,-1.139192996495832721e+00,6.271863472153316188e-01,2.443545784648036012e-01,7.512581659904013498e-02,-4.368000000000009375e-02,-8.881332359771003382e-02,7.516008341136354298e-02,-2.006679000000000102e+00,1.587189950000000405e+00,-3.477147542463833174e-01,-1.989307561123976331e-01,3.755262832810600526e-03,2.456977598005937735e-01,1.449764868969994069e-01,-2.052630600000000083e+00,-1.542094450000000005e+00,4.975047663380144369e-01,-2.145701471411055605e-01,-1.309115263512907468e-01,4.157839197706916234e-01,-9.276355269587638341e-02
3.430000,-1.326503727136609835e-02,-2.657028317591082489e-01,1.211014992339286001e-01,-4.919131668382697997e-01,-5.156522282356774678e-01,-4.710901956392391510e-01,5.198059670485793982e-01,-1.188074999999998160e-02,3.973295155181015281e-01,1.161253475604134611e+00,4.894145344209363535e-01,1.635973309437889212e-01,-8.070753781549606237e-03,5.364549999999997792e-02,-5.696599773245905052e-01,-1.139192996495832721e+00,6.267244299417720210e-01,2.443545784648036012e-01,7.512581659904013498e-02,-4.368000000000009375e-02,-8.902984731969108834e-02,7.516008341136354298e-02,-2.006679000000000102e+00,1.587189950000000405e+00,-3.477147542463833174e-01,-1.974872646325239178e-01,3.755262832810600526e-03,2.456977598005937735e-01,1.449764868969994069e-01,-2.052630600000000083e+00,-1.542094450000000005e+00,4.975047663380144369e-01,-2.145701471411055605e-01,-1.309115263512907468e-01,4.157839197706916234e-01,-9.276355269587638341e-02
3.440000,-1.316171358266981020e-02,-2.659611409808489424e-01,1.211043178918696783e-01,-4.919131668382697997e-01,-5.156522282356774678e-01,-4.710901956392391510e-01,5.198059670485793982e-01,-1.188074999999998160e-02,3.973295155181015281e-01,1.161253475604134611e+00,4.894145344209363535e-01,1.635973309437889212e-01,-8.070753781549606237e-03,5.364549999999997792e-02,-5.696599773245905052e-01,-1.139192996495832721e+00,6.263111351869868892e-01,2.443545784648036012e-01,7.512581659904013498e-02,-4.368000000000009375e-02,-8.922357923599662233e-02,7.516008341136354298e-02,-2.006679000000000102e+00,1.587189950000000405e+00,-3.477147542463833174e-01,-1.961957185238203394e-01,3.755262832810600526e-03,2.456977598005937735e-01,1.449764868969994069e-01,-2.052630600000000083e+00,-1.542094450000000005e+00,4.975047663380144369e-01,-2.145701471411055605e-01,-1.309115263512907468e-01,4.157839197706916234e-01,-9.276355269587638341e-02
3.450000,-1.307232684401438486e-02,-2.661846078274875405e-01,1.211067569345790351e-01,-4.919131668382697997e-01,-5.156522282356774678e-01,-4.710901956392391510e-01,5.198059670485793982e-01,-1.188074999999998160e-02,3.973295155181015281e-01,1.161253475604134611e+00,4.894145344209363535e-01,1.635973309437889212e-01,-8.070753781549606237e-03,5.364549999999997792e-02,-5.696599773245905052e-01,-1.139192996495832721e+00,6.259535882323652434e-01,2.443545784648036012e-01,7.512581659904013498e-02,-4.368000000000009375e-02,-8.939117937097554312e-02,7.516008341136354298e-02,-2.006679000000000102e+00,1.587189950000000405e+00,-3.477147542463833174e-01,-1.950783842906275156e-01,3.755262832810600526e-03,2.456977598005937735e-01,1.449764868969994069e-01,-2.052630600000000083e+00,-1.542094450000000005e+00,4.975047663380144369e-01,-2.145701471411055605e-01,-1.309115263512907468e-01,4.157839197706916234e-01,-9.276355269587638341e-02
3.460000,-1.299810641732962284e-02,-2.663701588941994602e-01,1.211087825541648094e-01,-4.919131668382697997e-01,-5.156522282356774678e-01,-4.710901956392391510e-01,5.198059670485793982e-01,-1.188074999999998160e-02,3.973295155181015281e-01,1.161253475604134611e+00,4.894145344209363535e-01,1.635973309437889212e-01,-8.070753781549606237e-03,5.364549999999997792e-02,-5.696599773245905052e-01,-1.139192996495832721e+00,6.256567065256262161e-01,2.443545784648036012e-01,7.512581659904013498e-02,-4.368000000000009375e-02,-8.953034267100948296e-02,7.516008341136354298e-02,-2.006679000000000102e+00,1.587189950000000405e+00,-3.477147542463833174e-01,-1.941506289570679722e-01,3.755262832810600526e-03,2.456977598005937735e-01,1.449764868969994069e-01,-2.052630600000000083e+00,-1.542094450000000005e+00,4.975047663380144369e-01,-2.145701471411055605e-01,-1.309115263512907468e-01,4.157839197706916234e-01,-9.276355269587638341e-02
3.470000,-1.293962935005195380e-02,-2.665163515623936163e-01,1.211103787695122225e-01,-4.919131668382697997e-01,-5.156522282356774678e-01,-4.710901956392391510e-01,5.198059670485793982e-01,-1.188074999999998160e-02,3.973295155181015281e-01,1.161253475604134611e+00,4.894145344209363535e-01,1.635973309437889212e-01,-8.070753781549606237e-03,5.364549999999997792e-02,-5.696599773245905052e-01,-1.139192996495832721e+00,6.254227982565154775e-01,2.443545784648036012e-01,7.512581659904013498e-02,-4.368000000000009375e-02,-8.963998717215511391e-02,7.516008341136354298e-02,-2.006679000000000102e+00,1.587189950000000405e+00,-3.477147542463833174e-01,-1.934196656160971362e-01,3.755262832810600526e-03,2.456977598005937735e-01,1.449764868969994069e-01,-2.052630600000000083e+00,-1.542094450000000005e+00,4.975047663380144369e-01,-2.145701471411055605e-01,-1.309115263512907468e-01,4.157839197706916234e-01,-9.276355269587638341e-02
3.480000,-1.289672001904855481e-02,-2.666236248899021000e-01,1.211115501884094531e-01,-4.919131668382697997e-01,-5.156522282356774678e-01,-4.710901956392391510e-01,5.198059670485793982e-01,-1.188074999999998160e-02,3.973295155181015281e-01,1.161253475604134611e+00,4.894145344209363535e-01,1.635973309437889212e-01,-8.070753781549606237e-03,5.364549999999997792e-02,-5.696599773245905052e-01,-1.139192996495832721e+00,6.252511609325018815e-01,2.443545784648036012e-01,7.512581659904013498e-02,-4.368000000000009375e-02,-8.972044216778649051e-02,7.516008341136354298e-02,-2.006679000000000102e+00,1.587189950000000405e+00,-3.477147542463833174e-01,-1.928832989785546070e-01,3.755262832810600526e-03,2.456977598005937735e-01,1.449764868969994069e-01,-2.052630600000000083e+00,-1.542094450000000005e+00,4.975047663380144369e-01,-2.145701471411055605e-01,-1.309115263512907468e-01,4.157839197706916234e-01,-9.276355269587638341e-02
3.490000,-1.286834977454142867e-02,-2.666945505011699136e-01,1.211123247606520070e-01,-4.919131668382697997e-01,-5.156522282356774678e-01,-4.710901956392391510e-01,5.198059670485793982e-01,-1.188074999999998160e-02,3.973295155181015281e-01,1.161253475604134611e+00,4.894145344209363535e-01,1.635973309437889212e-01,-8.070753781549606237e-03,5.364549999999997792e-02,-5.696599773245905052e-01,-1.139192996495832721e+00,6.251376799544734464e-01,2.443545784648036012e-01,7.512581659904013498e-02,-4.368000000000009375e-02,-8.977363637623733683e-02,7.516008341136354298e-02,-2.006679000000000102e+00,1.587189950000000405e+00,-3.477147542463833174e-01,-1.925286709222155390e-01,3.755262832810600526e-03,2.456977598005937735e-01,1.449764868969994069e-01,-2.052630600000000083e+00,-1.542094450000000005e+00,4.975047663380144369e-01,-2.145701471411055605e-01,-1.309115263512907468e-01,4.157839197706916234e-01,-9.276355269587638341e-02
3.500000,-1.285253658403151880e-02,-2.667340834774447056e-01,1.211127565203830997e-01,-4.919131668382697997e-01,-5.156522282356774678e-01,-4.710901956392391510e-01,5.198059670485793982e-01,-1.188074999999998160e-02,3.973295155181015281e-01,1.161253475604134611e+00,4.894145344209363535e-01,1.635973309437889212e-01,-8.070753781549606237e-03,5.364549999999997792e-02,-5.696599773245905052e-01,-1.139192996495832721e+00,6.250744271924337792e-01,2.443545784648036012e-01,7.512581659904013498e-02,-4.368000000000009375e-02,-8.980328610844343085e-02,7.516008341136354298e-02,-2.006679000000000102e+00,1.587189950000000405e+00,-3.477147542463833174e-01,-1.923310060408416899e-01,3.755262832810600526e-03,2.456977598005937735e-01,1.449764868969994069e-01,-2.052630600000000083e+00,-1.542094450000000005e+00,4.975047663380144369e-01,-2.145701471411055605e-01,-1.309115263512907468e-01,4.157839197706916234e-01,-9.276355269587638341e-02
3.510000,-1.284624467622279102e-02,-2.667498132469665051e-01,1.211129283178988270e-01,-4.919131668382697997e-01,-5.156522282356774678e-01,-4.710901956392391510e-01,5.198059670485793982e-01,-1.188074999999998160e-02,3.973295155181015281e-01,1.161253475604134611e+00,4.894145344209363535e-01,1.635973309437889212e-01,-8.070753781549606237e-03,5.364549999999997792e-02,-5.696599773245905052e-01,-1.139192996495832721e+00,6.250492595611988333e-01,2.443545784648036012e-01,7.512581659904013498e-02,-4.368000000000009375e-02,-8.981508343558479435e-02,7.516008341136354298e-02,-2.006679000000000102e+00,1.587189950000000405e+00,-3.477147542463833174e-01,-1.922523571932325814e-01,3.755262832810600526e-03,2.456977598005937735e-01,1.449764868969994069e-01,-2.052630600000000083e+00,-1.542094450000000005e+00,4.975047663380144369e-01,-2.145701471411055605e-01,-1.309115263512907468e-01,4.157839197706916234e-01,-9.276355269587638341e-02
3.520000,-1.284528418494634665e-02,-2.667522144751576230e-01,1.211129545438866112e-01,-4.919131668382697997e-01,-5.156522282356774678e-01,-4.710901956392391510e-01,5.198059670485793982e-01,-1.188074999999998160e-02,3.973295155181015281e-01,1.161253475604134611e+00,4.894145344209363535e-01,1.635973309437889212e-01,-8.070753781549606237e-03,5.364549999999997792e-02,-5.696599773245905052e-01,-1.139192996495832721e+00,6.250454175960931114e-01,2.443545784648036012e-01,7.512581659904013498e-02,-4.368000000000009375e-02,-8.981688435672811888e-02,7.516008341136354298e-02,-2.006679000000000102e+00,1.587189950000000405e+00,-3.477147542463833174e-01,-1.922403510522770476e-01,3.755262832810600526e-03,2.456977598005937735e-01,1.449764868969994069e-01,-2.052630600000000083e+00,-1.542094450000000005e+00,4.975047663380144369e-01,-2.145701471411055605e-01,-1.309115263512907468e-01,4.157839197706916234e-01,-9.276355269587638341e-02
3.530000,-1.284463135629426885e-02,-2.667571106900482047e-01,1.211118516155063607e-01,-4.919131668382697997e-01,-5.156522282356774678e-01,-4.710901956392391510e-01,5.198059670485793982e-01,-1.187905264550458140e-02,3.973295155181015281e-01,1.161253475604134611e+00,4.894162317754317537e-01,1.635973309437889212e-01,-8.070753781549606237e-03,5.364079963370502191e-02,-5.696615441133555668e-01,-1.139197827427858023e+00,6.250391504410330867e-01,2.443574509108727422e-01,7.512581659904013498e-02,-4.367771509971782318e-02,-8.981770039254322047e-02,7.515951218629296493e-02,-2.006671818884827374e+00,1.587192561314608508e+00,-3.477180183896437238e-01,-1.922297425866807963e-01,3.755262832810600526e-03,2.457000447008760580e-01,1.449764868969994069e-01,-2.052632721693119500e+00,-1.542095266035814927e+00,4.975047663380144369e-01,-2.145714527984096953e-01,-1.309115263512907468e-01,4.157839197706916234e-01,-9.276355269587638341e-02
3.540000,-1.284021019434740916e-02,-2.667902694046496714e-01,1.211043821336339893e-01,-4.919131668382697997e-01,-5.156522282356774678e-01,-4.710901956392391510e-01,5.198059670485793982e-01,-1.186755762444274484e-02,3.973295155181015281e-01,1.161253475604134611e+00,4.894277267964936007e-01,1.635973309437889212e-01,-8.070753781549606237e-03,5.360896726768762943e-02,-5.696721549020279385e-01,-1.139230544026264891e+00,6.249967072863432671e-01,2.443769040234389234e-01,7.512581659904013498e-02,-4.366224103290380909e-02,-8.982322684497678900e-02,7.515564366958946141e-02,-2.006623186103411616e+00,1.587210245962396016e+00,-3.477401241993780534e-01,-1.921578987050442944e-01,3.755262832810600526e-03,2.457155187676900721e-01,1.449764868969994069e-01,-2.052647090469446489e+00,-1.542100792488248606e+00,4.975047663380144369e-01,-2.145802951223034216e-01,-1.309115263512907468e-01,4.157839197706916234e-01,-9.276355269587638341e-02
3.550000,-1.282865337443686929e-02,-2.668769455539786728e-01,1.210848562304256415e-01,-4.919131668382697997e-01,-5.156522282356774678e-01,-4.710901956392391510e-01,5.198059670485793982e-01,-1.183750989267534290e-02,3.973295155181015281e-01,1.161253475604134611e+00,4.894577745282610026e-01,1.635973309437889212e-01,-8.070753781549606237e-03,5.352575816433174927e-02,-5.696998912698132411e-01,-1.139316064493602898e+00,6.248857618152020565e-01,2.444277540310452745e-01,7.512581659904013498e-02,-4.362179216321692560e-02,-8.983767286986496514e-02,7.514553145216774921e-02,-2.006496061084395599e+00,1.587256473242038224e+00,-3.477979082989307580e-01,-1.919701003814980322e-01,3.755262832810600526e-03,2.457559676373769486e-01,1.449764868969994069e-01,-2.052684650134156019e+00,-1.542115238513136699e+00,4.975047663380144369e-01,-2.146034087621244979e-01,-1.309115263512907468e-01,4.157839197706916234e-01,-9.276355269587638341e-02
3.560000,-1.280701538418717658e-02,-2.670392304808513750e-01,1.210482943424638219e-01,-4.919131668382697997e-01,-5.156522282356774678e-01,-4.710901956392391510e-01,5.198059670485793982e-01,-1.178125111802614047e-02,3.973295155181015281e-01,1.161253475604134611e+00,4.895140333029102120e-01,1.635973309437889212e-01,-8.070753781549606237e-03,5.336996463453395206e-02,-5.697518224464125369e-01,-1.139476185621450588e+00,6.246780371088049844e-01,2.445229611881439280e-01,7.512581659904013498e-02,-4.354605919734300112e-02,-8.986472035767709143e-02,7.512659821069926636e-02,-2.006258043191649243e+00,1.587343025203036939e+00,-3.479060982501792076e-01,-1.916184830399405015e-01,3.755262832810600526e-03,2.458317006032508800e-01,1.449764868969994069e-01,-2.052754973602467281e+00,-1.542142286000948825e+00,4.975047663380144369e-01,-2.146466847426238833e-01,-1.309115263512907468e-01,4.157839197706916234e-01,-9.276355269587638341e-02
3.570000,-1.277275530668796691e-02,-2.672961810620954615e-01,1.209903960816321317e-01,-4.919131668382697997e-01,-5.156522282356774678e-01,-4.710901956392391510e-01,5.198059670485793982e-01,-1.169217491652819324e-02,3.973295155181015281e-01,1.161253475604134611e+00,4.896031095044081627e-01,1.635973309437889212e-01,-8.070753781549606237e-03,5.312329207653964519e-02,-5.698340466324106623e-01,-1.139729710194944845e+00,6.243491403648125937e-01,2.446737055291404728e-01,7.512581659904013498e-02,-4.342614892609576727e-02,-8.990754545455109659e-02,7.509662064288745442e-02,-2.005881182339157576e+00,1.587480065513033889e+00,-3.480773986376752283e-01,-1.910617567805783512e-01,3.755262832810600526e-03,2.459516108744981278e-01,1.449764868969994069e-01,-2.052866318854339678e+00,-1.542185111097822858e+00,4.975047663380144369e-01,-2.147152048976223027e-01,-1.309115263512907468e-01,4.157839197706916234e-01,-9.276355269587638341e-02
3.580000,-1.272371960366569695e-02,-2.676639488347625218e-01,1.209075089535712189e-01,-4.919131668382697997e-01,-5.156522282356774678e-01,-4.710901956392391510e-01,5.198059670485793982e-01,-1.156468208867029307e-02,3.973295155181015281e-01,1.161253475604134611e+00,4.897306023322660629e-01,1.635973309437889212e-01,-8.070753781549606237e-03,5.277023501477930145e-02,-5.699517323196641172e-01,-1.140092574397309599e+00,6.238783976157987743e-01,2.448894626224384363e-01,7.512581659904013498e-02,-4.325452396551782153e-02,-8.996884008332893534e-02,7.505371440274297146e-02,-2.005341789605912695e+00,1.587676208325123017e+00,-3.483225771527865833e-01,-1.902649266064664890e-01,3.755262832810600526e-03,2.461232358350760596e-01,1.449764868969994069e-01,-2.053025684889162150e+00,-1.542246405726600766e+00,4.975047663380144369e-01,-2.148132763036668391e-01,-1.309115263512907468e-01,4.157839197706916234e-01,-9.276355269587638341e-02
3.590000,-1.265812489865533221e-02,-2.681559091223402191e-01,1.207965972138546062e-01,-4.919131668382697997e-01,-5.156522282356774678e-01,-4.710901956392391510e-01,5.198059670485793982e-01,-1.139413585564334232e-02,3.973295155181015281e-01,1.161253475604134611e+00,4.899011485652929876e-01,1.635973309437889212e-01,-8.070753781549606237e-03,5.229795313870467394e-02,-5.701091596116889537e-01,-1.140577975214386308e+00,6.232486884476993172e-01,2.451780793244840440e-01,7.512581659904013498e-02,-4.302494249798154147e-02,-9.005083346459188953e-02,7.499631903585890491e-02,-2.004620247850798620e+00,1.587938587145164337e+00,-3.486505506778384000e-01,-1.891990126500480429e-01,3.755262832810600526e-03,2.463528173026123258e-01,1.449764868969994069e-01,-2.053238867680446056e+00,-1.542328399107863790e+00,4.975047663380144369e-01,-2.149444657136875825e-01,-1.309115263512907468e-01,4.157839197706916234e-01,-9.276355269587638341e-02
3.600000,-1.257454076017203853e-02,-2.687827901609649572e-01,1.206552110834799157e-01,-4.919131668382697997e-01,-5.156522282356774678e-01,-4.710901956392391510e-01,5.198059670485793982e-01,-1.117681709558678363e-02,3.973295155181015281e-01,1.161253475604134611e+00,4.901184673253495827e-01,1.635973309437889212e-01,-8.070753781549606237e-03,5.169614734162496922e-02,-5.703097615440488877e-01,-1.141196497839162660e+00,6.224462807182596924e-01,2.455458495338105340e-01,7.512581659904013498e-02,-4.273239801329001969e-02,-9.015531363769600792e-02,7.492318291468602620e-02,-2.003700822327482811e+00,1.588272923699097561e+00,-3.490684713702548736e-01,-1.878407703996945455e-01,3.755262832810600526e-03,2.466453617873038684e-01,1.449764868969994069e-01,-2.053510516130516717e+00,-1.542432879280967839e+00,4.975047663380144369e-01,-2.151116339906541663e-01,-1.309115263512907468e-01,4.157839197706916234e-01,-9.276355269587638341e-02
3.610000,-1.247187248488290656e-02,-2.695528022256334366e-01,1.205223892149969445e-01,-4.919131668382697997e-01,-5.156522282356774678e-01,-4.710901956392391510e-01,5.198059670485793982e-01,-1.090987957983503669e-02,3.973295155181015281e-01,1.161253475604134611e+00,4.903854048411013244e-01,1.635973309437889212e-01,-8.070753781549606237e-03,5.095693575954320792e-02,-5.705561654047427433e-01,-1.141956243076302169e+00,6.214606652754840477e-01,2.459975899450827230e-01,7.512581659904013498e-02,-4.237305904977804738e-02,-9.028364898180742115e-02,7.483334817380803139e-02,-2.002571471299302353e+00,1.588683596800254172e+00,-3.495818127467005265e-01,-1.861724109262461180e-01,3.755262832810600526e-03,2.470047007508158199e-01,1.449764868969994069e-01,-2.053844188025206297e+00,-1.542561214625079113e+00,4.975047663380144369e-01,-2.153169705412324442e-01,-1.309115263512907468e-01,4.157839197706916234e-01,-9.276355269587638341e-02
3.620000,-1.234934388077860157e-02,-2.704717667564157102e-01,1.204216419078102396e-01,-4.919131668382697997e-01,-5.156522282356774678e-01,-4.710901956392391510e-01,5.198059670485793982e-01,-1.059130520916384648e-02,3.973295155181015281e-01,1.161253475604134611e+00,4.907039792117725008e-01,1.635973309437889212e-01,-8.070753781549606237e-03,5.007472980999221751e-02,-5.708502340545931197e-01,-1.142862954746673987e+00,6.202843906760827641e-01,2.465367158031416817e-01,7.512581659904013498e-02,-4.194420893541298684e-02,-9.043680973693779546e-02,7.472613564521676799e-02,-2.001223656654154581e+00,1.589173711216671281e+00,-3.501944557672220792e-01,-1.841813211095511826e-01,3.755262832810600526e-03,2.474335508651809012e-01,1.449764868969994069e-01,-2.054242405988545350e+00,-1.542714375380209724e+00,4.975047663380144369e-01,-2.155620277494410542e-01,-1.309115263512907468e-01,4.157839197706916234e-01,-9.276355269587638341e-02
3.630000,-1.220648005034512089e-02,-2.715432454846668509e-01,1.203041661834809012e-01,-4.919131668382697997e-01,-5.156522282356774678e-01,-4.710901956392391510e-01,5.198059670485793982e-01,-1.021985925003679289e-02,3.973295155181015281e-01,1.161253475604134611e+00,4.910754251708995266e-01,1.635973309437889212e-01,-8.070753781549606237e-03,4.904611023087115246e-02,-5.711931072476335025e-01,-1.143920147091881834e+00,6.189128979039213441e-01,2.471653166570489946e-01,7.512581659904013498e-02,-4.144418552889579666e-02,-9.061538952497966148e-02,7.460112979358746177e-02,-1.999652154519386382e+00,1.589745166538405252e+00,-3.509087749193894878e-01,-1.818597838650071186e-01,3.755262832810600526e-03,2.479335742716980706e-01,1.449764868969994069e-01,-2.054706713437453924e+00,-1.542892955168251534e+00,4.975047663380144369e-01,-2.158477554103079843e-01,-1.309115263512907468e-01,4.157839197706916234e-01,-9.276355269587638341e-02
3.640000,-1.204309017373542297e-02,-2.727686695592395627e-01,1.201698014175058421e-01,-4.919131668382697997e-01,-5.156522282356774678e-01,-4.710901956392391510e-01,5.198059670485793982e-01,-9.795045570851583505e-03,3.973295155181015281e-01,1.161253475604134611e+00,4.915002388500847585e-01,1.635973309437889212e-01,-8.070753781549606237e-03,4.786970311928133437e-02,-5.715852429514967081e-01,-1.145129232178793588e+00,6.173443550884681885e-01,2.478842321141316585e-01,7.512581659904013498e-02,-4.087232096076186261e-02,-9.081962687074177087e-02,7.445816365155398520e-02,-1.997854865876679931e+00,1.590398726044844002e+00,-3.517257243024379809e-01,-1.792046983700995300e-01,3.755262832810600526e-03,2.485054388398320047e-01,1.449764868969994069e-01,-2.055237730536435770e+00,-1.543097192514013560e+00,4.975047663380144369e-01,-2.161745351635273871e-01,-1.309115263512907468e-01,4.157839197706916234e-01,-9.276355269587638341e-02
3.650000,-1.185925029194119691e-02,-2.741474686726962373e-01,1.200186058988117893e-01,-4.919131668382697997e-01,-5.156522282356774678e-01,-4.710901956392391510e-01,5.198059670485793982e-01,-9.317061878186594370e-03,3.973295155181015281e-01,1.161253475604134611e+00,4.919782225427497546e-01,1.635973309437889212e-01,-8.070753781549606237e-03,4.654605597036290399e-02,-5.720264586678028840e-01,-1.146489647304070880e+00,6.155794922232435962e-01,2.486931275940262587e-01,7.512581659904013498e-02,-4.022888137448207141e-02,-9.104942672298456385e-02,7.429730375498402872e-02,-1.995832627176943319e+00,1.591134085572020851e+00,-3.526449237114090973e-01,-1.762173002909433461e-01,3.755262832810600526e-03,2.491488784261118028e-01,1.449764868969994069e-01,-2.055835210152266779e+00,-1.543326992366256256e+00,4.975047663380144369e-01,-2.165422149271158392e-01,-1.309115263512907468e-01,4.157839197706916234e-01,-9.276355269587638341e-02
3.660000,-1.165528608996448806e-02,-2.756772001875215650e-01,1.198508427727470044e-01,-4.919131668382697997e-01,-5.156522282356774678e-01,-4.710901956392391510e-01,5.198059670485793982e-01,-8.786754953047148931e-03,3.973295155181015281e-01,1.161253475604134611e+00,4.925085294678892001e-01,1.635973309437889212e-01,-8.070753781549606237e-03,4.507751371613059194e-02,-5.725159727525469533e-01,-1.147998982398698464e+00,6.136214358842672079e-01,2.495905700827237839e-01,7.512581659904013498e-02,-3.951500666756358610e-02,-9.130438197545544254e-02,7.411883507825441086e-02,-1.993589020955199409e+00,1.591949942379927707e+00,-3.536647447212926121e-01,-1.729028820088218121e-01,3.755262832810600526e-03,2.498627531330303020e-01,1.449764868969994069e-01,-2.056498093808690975e+00,-1.543581947618727357e+00,4.975047663380144369e-01,-2.169501433310692673e-01,-1.309115263512907468e-01,4.157839197706916234e-01,-9.276355269587638341e-02
3.670000,-1.143175567998946235e-02,-2.773536782623342578e-01,1.196669660084542924e-01,-4.919131668382697997e-01,-5.156522282356774678e-01,-4.710901956392391510e-01,5.198059670485793982e-01,-8.205575887112083119e-03,3.973295155181015281e-01,1.161253475604134611e+00,4.930897085338242780e-01,1.635973309437889212e-01,-8.070753781549606237e-03,4.346809476431041236e-02,-5.730524457364870594e-01,-1.149653107432513810e+00,6.114755439485070054e-01,2.505741038866138859e-01,7.512581659904013498e-02,-3.873265023265099610e-02,-9.158379498792422468e-02,7.392324596952626337e-02,-1.991130186445474237e+00,1.592844064019827810e+00,-3.547823967711677406e-01,-1.692705128467276721e-01,3.755262832810600526e-03,2.506451095679428920e-01,1.449764868969994069e-01,-2.057224567641109836e+00,-1.543861360631196167e+00,4.975047663380144369e-01,-2.173972041510193187e-01,-1.309115263512907468e-01,4.157839197706916234e-01,-9.276355269587638341e-02
3.680000,-1.118943238455403708e-02,-2.791711029780999387e-01,1.195021654135684369e-01,-4.919131668382697997e-01,-5.156522282356774678e-01,-4.710901956392391510e-01,5.198059670485793982e-01,-7.575535318979979144e-03,3.973295155181015281e-01,1.161253475604134611e+00,4.937197491019563733e-01,1.635973309437889212e-01,-8.070753781549606237e-03,4.172336703717535733e-02,-5.736340216455321217e-01,-1.151446299818735808e+00,6.091492403123268673e-01,2.516403263865297779e-01,7.512581659904013498e-02,-3.788451869862700938e-02,-9.188669910721851408e-02,7.371121308602027189e-02,-1.988464630195684535e+00,1.593813357201569580e+00,-3.559940132483448982e-01,-1.653327592959020209e-01,3.755262832810600526e-03,2.514932411019668579e-01,1.449764868969994069e-01,-2.058012118351275177e+00,-1.544164264750490290e+00,4.975047663380144369e-01,-2.178818507418901484e-01,-1.309115263512907468e-01,4.157839197706916234e-01,-9.276355269587638341e-02
3.690000,-1.092928751972165394e-02,-2.811221894643428643e-01,1.194644964425353728e-01,-4.919131668382697997e-01,-5.156522282356774678e-01,-4.710901956392391510e-01,5.198059670485793982e-01,-6.899158670415779168e-03,3.973295155181015281e-01,1.161253475604134611e+00,4.943961257505205542e-01,1.635973309437889212e-01,-8.070753781549606237e-03,3.985032401038218763e-02,-5.742583693211298357e-01,-1.153371371818495472e+00,6.066518496099360114e-01,2.527849637917922720e-01,7.512581659904013498e-02,-3.697401167171366493e-02,-9.221188018825898780e-02,7.348358632929193057e-02,-1.985603036682528355e+00,1.594853936660899141e+00,-3.572947375725067931e-01,-1.611054052423757654e-01,3.755262832810600526e-03,2.524037481288802232e-01,1.449764868969994069e-01,-2.058857589161980250e+00,-1.544489445831530805e+00,4.975047663380144369e-01,-2.184021404715549286e-01,-1.309115263512907468e-01,4.157839197706916234e-01,-9.276355269587638341e-02
3.700000,-1.065247317825288378e-02,-2.831982970253585918e-01,1.194547914913626357e-01,-4.919131668382697997e-01,-5.156522282356774678e-01,-4.710901956392391510e-01,5.198059670485793982e-01,-6.179441382596975729e-03,3.973295155181015281e-01,1.161253475604134611e+00,4.951158430383393871e-01,1.635973309437889212e-01,-8.070753781549606237e-03,3.785726075180704392e-02,-5.749227237406547841e-01,-1.155419797945364424e+00,6.039944319318357735e-01,2.540029468942548441e-01,7.512581659904013498e-02,-3.600516147657296939e-02,-9.255789811509494702e-02,7.324137378050675495e-02,-1.982558078926371925e+00,1.595961194026774166e+00,-3.586788092798506300e-01,-1.566071721935082539e-01,3.755262832810600526e-03,2.533725983240209256e-01,1.449764868969994069e-01,-2.059757235771753958e+00,-1.544835463758366778e+00,4.975047663380144369e-01,-2.189557691544924689e-01,-1.309115263512907468e-01,4.157839197706916234e-01,-9.276355269587638341e-02
3.710000,-1.036030501277722740e-02,-2.853895582664260355e-01,1.194792399389379145e-01,-4.919131668382697997e-01,-5.156522282356774678e-01,-4.710901956392391510e-01,5.198059670485793982e-01,-5.419804152360273991e-03,3.973295155181015281e-01,1.161253475604134611e+00,4.958754802685760854e-01,1.635973309437889212e-01,-8.070753781549606237e-03,3.575364996038232768e-02,-5.756239273377964372e-01,-1.157581842369884262e+00,6.011896175432694944e-01,2.552884868223477266e-01,7.512581659904013498e-02,-3.498257289740817899e-02,-9.292310832193952097e-02,7.298572663571556429e-02,-1.979344229106139608e+00,1.597129866688676847e+00,-3.601396501072289258e-01,-1.518594395045288481e-01,3.755262832810600526e-03,2.543951869031856883e-01,1.449764868969994069e-01,-2.060706782309549734e+00,-1.545200673965211324e+00,4.975047663380144369e-01,-2.195401054854437817e-01,-1.309115263512907468e-01,4.157839197706916234e-01,-9.276355269587638341e-02
3.720000,-1.005424501896471159e-02,-2.876850082200199110e-01,1.195441163995656364e-01,-4.919131668382697997e-01,-5.156522282356774678e-01,-4.710901956392391510e-01,5.198059670485793982e-01,-4.624048168447728382e-03,3.973295155181015281e-01,1.161253475604134611e+00,4.966712362524886015e-01,1.635973309437889212e-01,-8.070753781549606237e-03,3.355001800493220832e-02,-5.763584713229464862e-01,-1.159846686324096821e+00,5.982514416026694093e-01,2.566351507951227795e-01,7.512581659904013498e-02,-3.391136291906436673e-02,-9.330568331420516226e-02,7.271792414112961123e-02,-1.975977569174201864e+00,1.598354106663926855e+00,-3.616699500762915465e-01,-1.468859646050754419e-01,3.755262832810600526e-03,2.554663968815295005e-01,1.449764868969994069e-01,-2.061701477289440199e+00,-1.545583248957477007e+00,4.975047663380144369e-01,-2.201522254730688133e-01,-1.309115263512907468e-01,4.157839197706916234e-01,-9.276355269587638341e-02
3.730000,-9.735884318697677828e-03,-2.900727134720226807e-01,1.196555705354141186e-01,-4.919131668382697997e-01,-5.156522282356774678e-01,-4.710901956392391510e-01,5.198059670485793982e-01,-3.796310347753444753e-03,3.973295155181015281e-01,1.161253475604134611e+00,4.974989740731828869e-01,1.635973309437889212e-01,-8.070753781549606237e-03,3.125782096300956658e-02,-5.771225370035872881e-01,-1.162202555506072876e+00,5.951951788801058685e-01,2.580359378762977496e-01,7.512581659904013498e-02,-3.279710046812975288e-02,-9.370363418953896184e-02,7.243935852839594736e-02,-1.972475601471264550e+00,1.599627549464994969e+00,-3.632617535776266893e-01,-1.417126032257361723e-01,3.755262832810600526e-03,2.565806593324641005e-01,1.449764868969994069e-01,-2.062736149565308263e+00,-1.545981199832810793e+00,4.975047663380144369e-01,-2.207889468736028982e-01,-1.309115263512907468e-01,4.157839197706916234e-01,-9.276355269587638341e-02
3.740000,-9.406925943242390453e-03,-2.925399012879373317e-01,1.198193857646054628e-01,-4.919131668382697997e-01,-5.156522282356774678e-01,-4.710901956392391510e-01,5.198059670485793982e-01,-2.941018571569695324e-03,3.973295155181015281e-01,1.161253475604134611e+00,4.983542658493666511e-01,1.635973309437889212e-01,-8.070753781549606237e-03,2.888932065973149471e-02,-5.779120371046799765e-01,-1.164636847484441962e+00,5.920371784757351152e-01,2.594833547283009745e-01,7.512581659904013498e-02,-3.164574615403624447e-02,-9.411483215885807496e-02,7.215151994987258066e-02,-1.968857059341256432e+00,1.600943382966816042e+00,-3.649065454549030862e-01,-1.363670296245877434e-01,3.755262832810600526e-03,2.577320136465576228e-01,1.449764868969994069e-01,-2.063805264285537788e+00,-1.546392397802129892e+00,4.975047663380144369e-01,-2.214468636245134625e-01,-1.309115263512907468e-01,4.157839197706916234e-01,-9.276355269587638341e-02
3.750000,-9.069167616420832287e-03,-2.950730887390989876e-01,1.200407184924425913e-01,-4.919131668382697997e-01,-5.156522282356774678e-01,-4.710901956392391510e-01,5.198059670485793982e-01,-2.062846921833645999e-03,3.973295155181015281e-01,1.161253475604134611e+00,4.992324374991026770e-01,1.635973309437889212e-01,-8.070753781549606237e-03,2.645746070661628147e-02,-5.787226570890517952e-01,-1.167136259102921514e+00,5.887946985382481735e-01,2.609694913663158644e-01,7.512581659904013498e-02,-3.046359201016079349e-02,-9.453703006738500836e-02,7.185598141390371618e-02,-1.965141717746219374e+00,1.602294416274102407e+00,-3.665953370890109309e-01,-1.308784568137374149e-01,3.755262832810600526e-03,2.589141677904330807e-01,1.449764868969994069e-01,-2.064902978847707793e+00,-1.546814595710656715e+00,4.975047663380144369e-01,-2.221223802781565615e-01,-1.309115263512907468e-01,4.157839197706916234e-01,-9.276355269587638341e-02
3.760000,-8.724484537782292021e-03,-2.976582118288880752e-01,1.203238330481996715e-01,-4.919131668382697997e-01,-5.156522282356774678e-01,-4.710901956392391510e-01,5.198059670485793982e-01,-1.166670917373437491e-03,3.973295155181015281e-01,1.161253475604134611e+00,5.001286135035628577e-01,1.635973309437889212e-01,-8.070753781549606237e-03,2.397574254041878045e-02,-5.795498964777842099e-01,-1.169686913884846691e+00,5.854857409833181814e-01,2.624860969123254395e-01,7.512581659904013498e-02,-2.925720123492589822e-02,-9.496788391568319887e-02,7.155438372009498282e-02,-1.961350203881195409e+00,1.603673148588656616e+00,-3.683187524822036374e-01,-1.252773567858611048e-01,3.755262832810600526e-03,2.601205585656679586e-01,1.449764868969994069e-01,-2.066023198853283116e+00,-1.547245449558955155e+00,4.975047663380144369e-01,-2.228117464354336663e-01,-1.309115263512907468e-01,4.157839197706916234e-01,-9.276355269587638341e-02
3.770000,-8.374812165775170208e-03,-3.002807546189414922e-01,1.206718492468768916e-01,-4.919131668382697997e-01,-5.156522282356774678e-01,-4.710901956392391510e-01,5.198059670485793982e-01,-2.575227501549247691e-04,3.973295155181015281e-01,1.161253475604134611e+00,5.010377616707814008e-01,1.635973309437889212e-01,-8.070753781549606237e-03,2.145810146196751658e-02,-5.803891101706013522e-01,-1.172274489437699518e+00,5.821288862120497232e-01,2.640246553491567560e-01,7.512581659904013498e-02,-2.803334793290097882e-02,-9.540497438069209246e-02,7.124842039458875731e-02,-1.957503807789116923e+00,1.605071838076685076e+00,-3.700671143422392118e-01,-1.195951807407454187e-01,3.755262832810600526e-03,2.613444118676929162e-01,1.449764868969994069e-01,-2.067159634062306406e+00,-1.547682540023963993e+00,4.975047663380144369e-01,-2.235110911794478961e-01,-1.309115263512907468e-01,4.157839197706916234e-01,-9.276355269587638341e-02
3.780000,-8.022129000918578820e-03,-3.029258783553658851e-01,1.210865202442387434e-01,-4.919131668382697997e-01,-5.156522282356774678e-01,-4.710901956392391510e-01,5.198059670485793982e-01,6.594534784722157900e-04,3.973295155181015281e-01,1.161253475604134611e+00,5.019547378994085873e-01,1.635973309437889212e-01,-8.070753781549606237e-03,1.891878267500005095e-02,-5.812355497662571313e-01,-1.174884344857638263e+00,5.787431278294264958e-01,2.655764612745257769e-01,7.512581659904013498e-02,-2.679895685590290288e-02,-9.584582833676283387e-02,7.093982262533923833e-02,-1.953624292975694399e+00,1.606482570736111448e+00,-3.718305301665221774e-01,-1.138640793118257805e-01,3.755262832810600526e-03,2.625788029446909921e-01,1.449764868969994069e-01,-2.068305854348090556e+00,-1.548123393980034734e+00,4.975047663380144369e-01,-2.242164575091610823e-01,-1.309115263512907468e-01,4.157839197706916234e-01,-9.276355269587638341e-02
3.790000,-7.668439368974130747e-03,-3.055785505949492609e-01,1.215680575654895096e-01,-4.919131668382697997e-01,-5.156522282356774678e-01,-4.710901956392391510e-01,5.198059670485793982e-01,1.579046521527779912e-03,3.973295155181015281e-01,1.161253475604134611e+00,5.028743309424641428e-01,1.635973309437889212e-01,-8.070753781549606237e-03,1.637221732500002830e-02,-5.820844048829239004e-01,-1.177501648134027246e+00,5.753477073627597527e-01,2.671326956550813536e-01,7.512581659904013498e-02,-2.556104314409733680e-02,-9.628794037669338723e-02,7.063034419738785374e-02,-1.949733707024305485e+00,1.607897329263889175e+00,-3.735989783262444464e-01,-1.081166227927285034e-01,3.755262832810600526e-03,2.638167166564965305e-01,1.449764868969994069e-01,-2.069455345651909806e+00,-1.548565506019965232e+00,4.975047663380144369e-01,-2.249238367730499732e-01,-1.309115263512907468e-01,4.157839197706916234e-01,-9.276355269587638341e-02
3.800000,-7.315756204117537624e-03,-3.082236743313737093e-01,1.221150177704242307e-01,-4.919131668382697997e-01,-5.156522282356774678e-01,-4.710901956392391510e-01,5.198059670485793982e-01,2.496022750154922205e-03,3.973295155181015281e-01,1.161253475604134611e+00,5.037913071710912183e-01,1.635973309437889212e-01,-8.070753781549606237e-03,1.383289853803255573e-02,-5.829308444785796794e-01,-1.180111503553965990e+00,5.719619489801365253e-01,2.686845015804503745e-01,7.512581659904013498e-02,-2.432665206709926087e-02,-9.672879433276412864e-02,7.032174642813833476e-02,-1.945854192210882960e+00,1.609308061923315547e+00,-3.753623941505274120e-01,-1.023855213638088651e-01,3.755262832810600526e-03,2.650511077334946064e-01,1.449764868969994069e-01,-2.070601565937693955e+00,-1.549006359976035974e+00,4.975047663380144369e-01,-2.256292031027631595e-01,-1.309115263512907468e-01,4.157839197706916234e-01,-9.276355269587638341e-02
3.810000,-6.966083832110417547e-03,-3.108462171214271264e-01,1.227242613652308884e-01,-4.919131668382697997e-01,-5.156522282356774678e-01,-4.710901956392391510e-01,5.198059670485793982e-01,3.405170917373434494e-03,3.973295155181015281e-01,1.161253475604134611e+00,5.047004553383097614e-01,1.635973309437889212e-01,-8.070753781549606237e-03,1.131525745958129013e-02,-5.837700581713967107e-01,-1.182699079106818596e+00,5.686050942088681781e-01,2.702230600172816910e-01,7.512581659904013498e-02,-2.310279876507433799e-02,-9.716588479777303611e-02,7.001578310263209537e-02,-1.942007796118804697e+00,1.610706751411344007e+00,-3.771107560105629863e-01,-9.670334531869316519e-02,3.755262832810600526e-03,2.662749610355195640e-01,1.449764868969994069e-01,-2.071738001146716801e+00,-1.549443450441044812e+00,4.975047663380144369e-01,-2.263285478467774170e-01,-1.309115263512907468e-01,4.157839197706916234e-01,-9.276355269587638341e-02
3.820000,-6.621400753471874678e-03,-3.134313402112162139e-01,1.233909896138848522e-01,-4.919131668382697997e-01,-5.156522282356774678e-01,-4.710901956392391510e-01,5.198059670485793982e-01,4.301346921833646038e-03,3.973295155181015281e-01,1.161253475604134611e+00,5.055966313427699976e-01,1.635973309437889212e-01,-8.070753781549606237e-03,8.833539293383785643e-03,-5.845972975601292365e-01,-1.185249733888743773e+00,5.652961366539381860e-01,2.717396655632912661e-01,7.512581659904013498e-02,-2.189640798983943926e-02,-9.759673864607121274e-02,6.971418540882337589e-02,-1.938216282253780731e+00,1.612085483725898216e+00,-3.788341714037556929e-01,-9.110224529081684119e-02,3.755262832810600526e-03,2.674813518107544419e-01,1.449764868969994069e-01,-2.072858221152292124e+00,-1.549874304289343030e+00,4.975047663380144369e-01,-2.270179140040544941e-01,-1.309115263512907468e-01,4.157839197706916234e-01,-9.276355269587638341e-02
3.830000,-6.283642426650318247e-03,-3.159645276623778698e-01,1.241088593112382732e-01,-4.919131668382697997e-01,-5.156522282356774678e-01,-4.710901956392391510e-01,5.198059670485793982e-01,5.179518571569693627e-03,3.973295155181015281e-01,1.161253475604134611e+00,5.064748029925060235e-01,1.635973309437889212e-01,-8.070753781549606237e-03,6.401679340268572396e-03,-5.854079175445009442e-01,-1.187749145507223325e+00,5.620536567164511332e-01,2.732258022013061005e-01,7.512581659904013498e-02,-2.071425384596399175e-02,-9.801893655459816002e-02,6.941864687285451141e-02,-1.934500940658743673e+00,1.613436517033184359e+00,-3.805229630378634820e-01,-8.561367247996655439e-02,3.755262832810600526e-03,2.686635059546298998e-01,1.449764868969994069e-01,-2.073955935714462129e+00,-1.550296502197870074e+00,4.975047663380144369e-01,-2.276934306576975930e-01,-1.309115263512907468e-01,4.157839197706916234e-01,-9.276355269587638341e-02
3.840000,-5.954684051195046485e-03,-3.184317154782924097e-01,1.248701699088725914e-01,-4.919131668382697997e-01,-5.156522282356774678e-01,-4.710901956392391510e-01,5.198059670485793982e-01,6.034810347753399688e-03,3.973295155181015281e-01,1.161253475604134611e+00,5.073300947686897322e-01,1.635973309437889212e-01,-8.070753781549606237e-03,4.033179036990618485e-03,-5.861974176455936325e-01,-1.190183437485592410e+00,5.588956563120806020e-01,2.746732190533093254e-01,7.512581659904013498e-02,-1.956289953187054231e-02,-9.843013452391724538e-02,6.913080829433115859e-02,-1.930882398528735777e+00,1.614752350535005654e+00,-3.821677549151398234e-01,-8.026809887881838912e-02,3.755262832810600526e-03,2.698148602687233666e-01,1.449764868969994069e-01,-2.075025050434691654e+00,-1.550707700167189174e+00,4.975047663380144369e-01,-2.283513474086081296e-01,-1.309115263512907468e-01,4.157839197706916234e-01,-9.276355269587638341e-02
3.850000,-5.636323350927995371e-03,-3.208194207302952905e-01,1.256661121984832263e-01,-4.919131668382697997e-01,-5.156522282356774678e-01,-4.710901956392391510e-01,5.198059670485793982e-01,6.862548168447732758e-03,3.973295155181015281e-01,1.161253475604134611e+00,5.081578325893840731e-01,1.635973309437889212e-01,-8.070753781549606237e-03,1.740981995067857058e-03,-5.869614833262345455e-01,-1.192539306667568466e+00,5.558393935895169502e-01,2.760740061344843510e-01,7.512581659904013498e-02,-1.844863708093586255e-02,-9.882808539925105884e-02,6.885224268159748084e-02,-1.927380430825798019e+00,1.616025793336073768e+00,-3.837595584164750773e-01,-7.509473749947881416e-02,3.755262832810600526e-03,2.709291227196580221e-01,1.449764868969994069e-01,-2.076059722710559718e+00,-1.551105651042522959e+00,4.975047663380144369e-01,-2.289880688091422423e-01,-1.309115263512907468e-01,4.157839197706916234e-01,-9.276355269587638341e-02
3.860000,-5.330263357115492574e-03,-3.231148706838890550e-01,1.264870636049136576e-01,-4.919131668382697997e-01,-5.156522282356774678e-01,-4.710901956392391510e-01,5.198059670485793982e-01,7.658304152360240202e-03,3.973295155181015281e-01,1.161253475604134611e+00,5.089535885732965337e-01,1.635973309437889212e-01,-8.070753781549606237e-03,-4.626499603821686291e-04,-5.876960273113845945e-01,-1.194804150621781025e+00,5.529012176489168651e-01,2.774206701072593484e-01,7.512581659904013498e-02,-1.737742710259210233e-02,-9.921066039151668625e-02,6.858444018701154166e-02,-1.924013770893860498e+00,1.617250033311323776e+00,-3.852898583855376424e-01,-7.012126260002563005e-02,3.755262832810600526e-03,2.720003326980017788e-01,1.449764868969994069e-01,-2.077054417690450183e+00,-1.551488226034788642e+00,4.975047663380144369e-01,-2.296001887967672461e-01,-1.309115263512907468e-01,4.157839197706916234e-01,-9.276355269587638341e-02
3.870000,-5.038095191639821446e-03,-3.253061319249566097e-01,1.278077612149340903e-01,-4.919131668382697997e-01,-5.156522282356774678e-01,-4.710901956392391510e-01,5.198059670485793982e-01,8.417941382596987043e-03,3.973295155181015281e-01,1.161253475604134611e+00,5.097132258035332875e-01,1.635973309437889212e-01,-8.070753781549606237e-03,-2.566260751807006302e-03,-5.883972309085261365e-01,-1.196966195046301085e+00,5.500964032603503640e-01,2.787062100353522864e-01,7.512581659904013498e-02,-1.635483852342725294e-02,-9.957587059836127408e-02,6.832879304222033712e-02,-1.920799921073628180e+00,1.618418705973226457e+00,-3.867506992129159382e-01,-6.537352991104596056e-02,3.755262832810600526e-03,2.730229212771666525e-01,1.449764868969994069e-01,-2.078003964228246403e+00,-1.551853436241633188e+00,4.975047663380144369e-01,-2.301845251277185866e-01,-1.309115263512907468e-01,4.157839197706916234e-01,-9.276355269587638341e-02
3.880000,-4.761280850171063436e-03,-3.273822394859722817e-01,1.291161195625942781e-01,-4.919131668382697997e-01,-5.156522282356774678e-01,-4.710901956392391510e-01,5.198059670485793982e-01,9.137658670415754053e-03,3.973295155181015281e-01,1.161253475604134611e+00,5.104329430913521204e-01,1.635973309437889212e-01,-8.070753781549606237e-03,-4.559324010382049402e-03,-5.890615853280511960e-01,-1.199014621173169814e+00,5.474389855822503481e-01,2.799241931378148585e-01,7.512581659904013498e-02,-1.538598832828660251e-02,-9.992188852519723330e-02,6.808658049343516150e-02,-1.917754963317471972e+00,1.619525963339101482e+00,-3.881347709202597196e-01,-6.087529686217867109e-02,3.755262832810600526e-03,2.739917714723072995e-01,1.449764868969994069e-01,-2.078903610838019667e+00,-1.552199454168468939e+00,4.975047663380144369e-01,-2.307381538106560992e-01,-1.309115263512907468e-01,4.157839197706916234e-01,-9.276355269587638341e-02
3.890000,-4.501135985338662951e-03,-3.293333259722153183e-01,1.303356070484926188e-01,-4.919131668382697997e-01,-5.156522282356774678e-01,-4.710901956392391510e-01,5.198059670485793982e-01,9.814035318979993927e-03,3.973295155181015281e-01,1.161253475604134611e+00,5.111093197399163568e-01,1.635973309437889212e-01,-8.070753781549606237e-03,-6.432367037175337060e-03,-5.896859330036490210e-01,-1.200939693172929701e+00,5.449415948798592702e-01,2.810688305430774081e-01,7.512581659904013498e-02,-1.447548130137320255e-02,-1.002470696062377209e-01,6.785895373670682018e-02,-1.914893369804315348e+00,1.620566542798431042e+00,-3.894354952444217810e-01,-5.664794280865216580e-02,3.755262832810600526e-03,2.749022784992206647e-01,1.449764868969994069e-01,-2.079749081648725184e+00,-1.552524635249509455e+00,4.975047663380144369e-01,-2.312584435403209071e-01,-1.309115263512907468e-01,4.157839197706916234e-01,-9.276355269587638341e-02
3.900000,-4.258812689903248086e-03,-3.311507506879809437e-01,1.314626349727323618e-01,-4.919131668382697997e-01,-5.156522282356774678e-01,-4.710901956392391510e-01,5.198059670485793982e-01,1.044407588711207188e-02,3.973295155181015281e-01,1.161253475604134611e+00,5.117393603080484521e-01,1.635973309437889212e-01,-8.070753781549606237e-03,-8.177094764310322700e-03,-5.902675089126939723e-01,-1.202732885559151699e+00,5.426152912436793541e-01,2.821350530429932446e-01,7.512581659904013498e-02,-1.362734976734925052e-02,-1.005499737255319964e-01,6.764692085320082870e-02,-1.912227813554525868e+00,1.621535835980172813e+00,-3.906471117215988276e-01,-5.271018925782668119e-02,3.755262832810600526e-03,2.757504100332446306e-01,1.449764868969994069e-01,-2.080536632358890081e+00,-1.552827539368803800e+00,4.975047663380144369e-01,-2.317430901311917368e-01,-1.309115263512907468e-01,4.157839197706916234e-01,-9.276355269587638341e-02
3.910000,-4.035282279928217170e-03,-3.328272287627936366e-01,1.324945309836088880e-01,-4.919131668382697997e-01,-5.156522282356774678e-01,-4.710901956392391510e-01,5.198059670485793982e-01,1.102525495304715678e-02,3.973295155181015281e-01,1.161253475604134611e+00,5.123205393739834745e-01,1.635973309437889212e-01,-8.070753781549606237e-03,-9.786513716130554319e-03,-5.908039818966340784e-01,-1.204387010592966822e+00,5.404693993079190406e-01,2.831185868468833466e-01,7.512581659904013498e-02,-1.284499333243663624e-02,-1.008293867380007924e-01,6.745133174447268121e-02,-1.909768979044800474e+00,1.622429957620072916e+00,-3.917647637714739561e-01,-4.907782009573240234e-02,3.755262832810600526e-03,2.765327664681572761e-01,1.449764868969994069e-01,-2.081263106191308943e+00,-1.553106952381272610e+00,4.975047663380144369e-01,-2.321901509511418160e-01,-1.309115263512907468e-01,4.157839197706916234e-01,-9.276355269587638341e-02
3.920000,-3.831318077951518727e-03,-3.343569602776189087e-01,1.334295537997142733e-01,-4.919131668382697997e-01,-5.156522282356774678e-01,-4.710901956392391510e-01,5.198059670485793982e-01,1.155556187818657446e-02,3.973295155181015281e-01,1.161253475604134611e+00,5.128508462991229200e-01,1.635973309437889212e-01,-8.070753781549606237e-03,-1.125505597036278310e-02,-5.912934959813781477e-01,-1.205896345687594406e+00,5.385113429689427633e-01,2.840160293355808441e-01,7.512581659904013498e-02,-1.213111862551818909e-02,-1.010843419904716572e-01,6.727286306774306335e-02,-1.907525372823056786e+00,1.623245814427979550e+00,-3.927845847813574709e-01,-4.576340181361103487e-02,3.755262832810600526e-03,2.772466411750756921e-01,1.449764868969994069e-01,-2.081925989847733138e+00,-1.553361907633743488e+00,4.975047663380144369e-01,-2.325980793550951886e-01,-1.309115263512907468e-01,4.157839197706916234e-01,-9.276355269587638341e-02
3.930000,-3.647478196157275324e-03,-3.357357593910756943e-01,1.342669092685760956e-01,-4.919131668382697997e-01,-5.156522282356774678e-01,-4.710901956392391510e-01,5.198059670485793982e-01,1.203354557085160349e-02,3.973295155181015281e-01,1.161253475604134611e+00,5.133288299917879716e-01,1.635973309437889212e-01,-8.070753781549606237e-03,-1.257870311928133145e-02,-5.917347116976843235e-01,-1.207256760812871921e+00,5.367464801037179489e-01,2.848249248154754998e-01,7.512581659904013498e-02,-1.148767903923834238e-02,-1.013141418427144641e-01,6.711200317117310687e-02,-1.905503134123320175e+00,1.623981173955156621e+00,-3.937037841903286983e-01,-4.277600373445460125e-02,3.755262832810600526e-03,2.778900807613555179e-01,1.449764868969994069e-01,-2.082523469463564592e+00,-1.553591707485986184e+00,4.975047663380144369e-01,-2.329657591186836685e-01,-1.309115263512907468e-01,4.157839197706916234e-01,-9.276355269587638341e-02
3.940000,-3.484088319547586077e-03,-3.369611834656484062e-01,1.350067703853455869e-01,-4.919131668382697997e-01,-5.156522282356774678e-01,-4.710901956392391510e-01,5.198059670485793982e-01,1.245835925003679727e-02,3.973295155181015281e-01,1.161253475604134611e+00,5.137536436709730925e-01,1.635973309437889212e-01,-8.070753781549606237e-03,-1.375511023087109402e-02,-5.921268474015475292e-01,-1.208465845899783675e+00,5.351779372882650154e-01,2.855438402725581359e-01,7.512581659904013498e-02,-1.091581447110442915e-02,-1.015183791884765735e-01,6.696903702913961642e-02,-1.903705845480613501e+00,1.624634733461595371e+00,-3.945207335733771359e-01,-4.012091823954716530e-02,3.755262832810600526e-03,2.784619453294894242e-01,1.449764868969994069e-01,-2.083054486562545993e+00,-1.553795944831748432e+00,4.975047663380144369e-01,-2.332925388719030713e-01,-1.309115263512907468e-01,4.157839197706916234e-01,-9.276355269587638341e-02
3.950000,-3.341224489114094989e-03,-3.380326621938996023e-01,1.356503037759421160e-01,-4.919131668382697997e-01,-5.156522282356774678e-01,-4.710901956392391510e-01,5.198059670485793982e-01,1.282980520916387167e-02,3.973295155181015281e-01,1.161253475604134611e+00,5.141250896301001738e-01,1.635973309437889212e-01,-8.070753781549606237e-03,-1.478372980999222847e-02,-5.924697205945879119e-01,-1.209523038244991300e+00,5.338064445161034843e-01,2.861724411264655044e-01,7.512581659904013498e-02,-1.041579106458721121e-02,-1.016969589765184395e-01,6.684403117751032408e-02,-1.902134343345845302e+00,1.625206188783329342e+00,-3.952350527255446000e-01,-3.779938099500290694e-02,3.755262832810600526e-03,2.789619687360066491e-01,1.449764868969994069e-01,-2.083518794011455011e+00,-1.553974524619790243e+00,4.975047663380144369e-01,-2.335782665327700292e-01,-1.309115263512907468e-01,4.157839197706916234e-01,-9.276355269587638341e-02
3.960000,-3.218695885009798668e-03,-3.389516267246818204e-01,1.361997048979758651e-01,-4.919131668382697997e-01,-5.156522282356774678e-01,-4.710901956392391510e-01,5.198059670485793982e-01,1.314837957983504280e-02,3.973295155181015281e-01,1.161253475604134611e+00,5.144436640007713502e-01,1.635973309437889212e-01,-8.070753781549606237e-03,-1.566593575954317030e-02,-5.927637892444382883e-01,-1.210429749915363118e+00,5.326301699167022008e-01,2.867115669845243797e-01,7.512581659904013498e-02,-9.986940950222171487e-03,-1.018501197316488138e-01,6.673681864891906068e-02,-1.900786528700697975e+00,1.625696303199746451e+00,-3.958476957460660417e-01,-3.580829117830808261e-02,3.755262832810600526e-03,2.793908188503717027e-01,1.449764868969994069e-01,-2.083917011974794065e+00,-1.554127685374920631e+00,4.975047663380144369e-01,-2.338233237409786391e-01,-1.309115263512907468e-01,4.157839197706916234e-01,-9.276355269587638341e-02
3.970000,-3.116027609720654554e-03,-3.397216387893503553e-01,1.366582438277109957e-01,-4.919131668382697997e-01,-5.156522282356774678e-01,-4.710901956392391510e-01,5.198059670485793982e-01,1.341531709558681749e-02,3.973295155181015281e-01,1.161253475604134611e+00,5.147106015165231474e-01,1.635973309437889212e-01,-8.070753781549606237e-03,-1.640514734162500793e-02,-5.930101931051321440e-01,-1.211189495152502849e+00,5.316445544739264450e-01,2.871633073957966520e-01,7.512581659904013498e-02,-9.627601986710171422e-03,-1.019784550757602409e-01,6.664698390804105199e-02,-1.899657177672517294e+00,1.626106976300903062e+00,-3.963610371225118056e-01,-3.413993170485951634e-02,3.755262832810600526e-03,2.797501578138836820e-01,1.449764868969994069e-01,-2.084250683869483645e+00,-1.554256020719032128e+00,4.975047663380144369e-01,-2.340286602915569447e-01,-1.309115263512907468e-01,4.157839197706916234e-01,-9.276355269587638341e-02
3.980000,-3.032443471237364352e-03,-3.403485198279750379e-01,1.370303229840633963e-01,-4.919131668382697997e-01,-5.156522282356774678e-01,-4.710901956392391510e-01,5.198059670485793982e-01,1.363263585564337445e-02,3.973295155181015281e-01,1.161253475604134611e+00,5.149279202765797425e-01,1.635973309437889212e-01,-8.070753781549606237e-03,-1.700695313870469877e-02,-5.932107950374920780e-01,-1.211808017777279201e+00,5.308421467444868203e-01,2.875310776051230865e-01,7.512581659904013498e-02,-9.335057502018649644e-03,-1.020829352488643454e-01,6.657384778686817328e-02,-1.898737752149201263e+00,1.626441312854836285e+00,-3.967789578149282237e-01,-3.278168945450604665e-02,3.755262832810600526e-03,2.800427022985752523e-01,1.449764868969994069e-01,-2.084522332319554305e+00,-1.554360500892136177e+00,4.975047663380144369e-01,-2.341958285685235008e-01,-1.309115263512907468e-01,4.157839197706916234e-01,-9.276355269587638341e-02
3.990000,-2.966848766227004816e-03,-3.408404801155527353e-01,1.373215474968337291e-01,-4.919131668382697997e-01,-5.156522282356774678e-01,-4.710901956392391510e-01,5.198059670485793982e-01,1.380318208867030438e-02,3.973295155181015281e-01,1.161253475604134611e+00,5.150984665096066673e-01,1.635973309437889212e-01,-8.070753781549606237e-03,-1.747923501477927077e-02,-5.933682223295169145e-01,-1.212293418594355909e+00,5.302124375763873632e-01,2.878196943071686942e-01,7.512581659904013498e-02,-9.105476034482397341e-03,-1.021649286301272996e-01,6.651645241998412061e-02,-1.898016210394087189e+00,1.626703691674877827e+00,-3.971069313399800405e-01,-3.171577549808768381e-02,3.755262832810600526e-03,2.802722837661114630e-01,1.449764868969994069e-01,-2.084735515110837767e+00,-1.554442494273399200e+00,4.975047663380144369e-01,-2.343270179785442164e-01,-1.309115263512907468e-01,4.157839197706916234e-01,-9.276355269587638341e-02
4.000000,-2.917813063204734852e-03,-3.412082478882197956e-01,1.375388081648144245e-01,-4.919131668382697997e-01,-5.156522282356774678e-01,-4.710901956392391510e-01,5.198059670485793982e-01,1.393067491652821149e-02,3.973295155181015281e-01,1.161253475604134611e+00,5.152259593374645119e-01,1.635973309437889212e-01,-8.070753781549606237e-03,-1.783229207653962839e-02,-5.934859080167703693e-01,-1.212656282796720664e+00,5.297416948273735438e-01,2.880354514004667132e-01,7.512581659904013498e-02,-8.933851073904444662e-03,-1.022262232589051384e-01,6.647354617983962377e-02,-1.897476817660842308e+00,1.626899834486966734e+00,-3.973521098550913955e-01,-3.091894532397582163e-02,3.755262832810600526e-03,2.804439087266894504e-01,1.449764868969994069e-01,-2.084894881145660239e+00,-1.554503788902176886e+00,4.975047663380144369e-01,-2.344250893845887806e-01,-1.309115263512907468e-01,4.157839197706916234e-01,-9.276355269587638341e-02
4.010000,-2.883552985705509566e-03,-3.414651984694639930e-01,1.376903760814016109e-01,-4.919131668382697997e-01,-5.156522282356774678e-01,-4.710901956392391510e-01,5.198059670485793982e-01,1.401975111802619516e-02,3.973295155181015281e-01,1.161253475604134611e+00,5.153150355389625181e-01,1.635973309437889212e-01,-8.070753781549606237e-03,-1.807896463453404629e-02,-5.935681322027684947e-01,-1.212909807370214921e+00,5.294127980833810421e-01,2.881861957414632580e-01,7.512581659904013498e-02,-8.813940802657162232e-03,-1.022690483557791713e-01,6.644356861202781184e-02,-1.897099956808350640e+00,1.627036874796963684e+00,-3.975234102425875271e-01,-3.036221906461339382e-02,3.755262832810600526e-03,2.805638189979366981e-01,1.449764868969994069e-01,-2.085006226397532636e+00,-1.554546613999050919e+00,4.975047663380144369e-01,-2.344936095395872000e-01,-1.309115263512907468e-01,4.157839197706916234e-01,-9.276355269587638341e-02
4.020000,-2.861914995455816860e-03,-3.416274833963366397e-01,1.377860070430942385e-01,-4.919131668382697997e-01,-5.156522282356774678e-01,-4.710901956392391510e-01,5.198059670485793982e-01,1.407600989267539932e-02,3.973295155181015281e-01,1.161253475604134611e+00,5.153712943136117275e-01,1.635973309437889212e-01,-8.070753781549606237e-03,-1.823475816433183655e-02,-5.936200633793677905e-01,-1.213069928498062611e+00,5.292050733769839699e-01,2.882814028985619115e-01,7.512581659904013498e-02,-8.738207836783237759e-03,-1.022960958435912837e-01,6.642463537055932898e-02,-1.896861938915604062e+00,1.627123426757962399e+00,-3.976316001938359768e-01,-3.001060172305591855e-02,3.755262832810600526e-03,2.806395519638106295e-01,1.449764868969994069e-01,-2.085076549865844342e+00,-1.554573661486863045e+00,4.975047663380144369e-01,-2.345368855200866132e-01,-1.309115263512907468e-01,4.157839197706916234e-01,-9.276355269587638341e-02
4.030000,-2.850358175545280454e-03,-3.417141595456656966e-01,1.378370528111878823e-01,-4.919131668382697997e-01,-5.156522282356774678e-01,-4.710901956392391510e-01,5.198059670485793982e-01,1.410605762444278911e-02,3.973295155181015281e-01,1.161253475604134611e+00,5.154013420453791294e-01,1.635973309437889212e-01,-8.070753781549606237e-03,-1.831796726768769590e-02,-5.936477997471530932e-01,-1.213155448965400618e+00,5.290941279058428703e-01,2.883322529061682626e-01,7.512581659904013498e-02,-8.697758967096361205e-03,-1.023105418684794599e-01,6.641452315313760291e-02,-1.896734813896588268e+00,1.627169654037604607e+00,-3.976893842933886813e-01,-2.982280339950965642e-02,3.755262832810600526e-03,2.806800008334975338e-01,1.449764868969994069e-01,-2.085114109530553428e+00,-1.554588107511751360e+00,4.975047663380144369e-01,-2.345599991599076617e-01,-1.309115263512907468e-01,4.157839197706916234e-01,-9.276355269587638341e-02
4.040000,-2.845937013598425977e-03,-3.417473182602671078e-01,1.378565751767774905e-01,-4.919131668382697997e-01,-5.156522282356774678e-01,-4.710901956392391510e-01,5.198059670485793982e-01,1.411755264550461353e-02,3.973295155181015281e-01,1.161253475604134611e+00,5.154128370664409209e-01,1.635973309437889212e-01,-8.070753781549606237e-03,-1.834979963370504674e-02,-5.936584105358255758e-01,-1.213188165563807264e+00,5.290516847511530507e-01,2.883517060187344438e-01,7.512581659904013498e-02,-8.682284900282367934e-03,-1.023160683209130284e-01,6.641065463643411326e-02,-1.896686181115172953e+00,1.627187338685391893e+00,-3.977114901031229555e-01,-2.975095951787326554e-02,3.755262832810600526e-03,2.806954749003114924e-01,1.449764868969994069e-01,-2.085128478306880861e+00,-1.554593633964184818e+00,4.975047663380144369e-01,-2.345688414838013880e-01,-1.309115263512907468e-01,4.157839197706916234e-01,-9.276355269587638341e-02
4.050000,-2.845284184946344705e-03,-3.417522144751576896e-01,1.378594575843567760e-01,-4.919131668382697997e-01,-5.156522282356774678e-01,-4.710901956392391510e-01,5.198059670485793982e-01,1.411925000000002588e-02,3.973295155181015281e-01,1.161253475604134611e+00,5.154145344209363211e-01,1.635973309437889212e-01,-8.070753781549606237e-03,-1.835450000000003051e-02,-5.936599773245905265e-01,-1.213192996495832787e+00,5.290454175960930261e-01,2.883545784648036125e-01,7.512581659904013498e-02,-8.680000000000083482e-03,-1.023168843567281300e-01,6.641008341136353521e-02,-1.896678999999999782e+00,1.627189950000000440e+00,-3.977147542463833618e-01,-2.974035105227695874e-02,3.755262832810600526e-03,2.806977598005938046e-01,1.449764868969994069e-01,-2.085130600000000278e+00,-1.554594449999999961e+00,4.975047663380144369e-01,-2.345701471411055505e-01,-1.309115263512907468e-01,4.157839197706916234e-01,-9.276355269587638341e-02
4.060000,-2.844582450464722828e-03,-3.417533840326270611e-01,1.378584965191786693e-01,-4.919131668382697997e-01,-5.156522282356774678e-01,-4.710901956392391510e-01,5.198059670485793982e-01,1.412077042471020401e-02,3.973285798721260531e-01,1.161250902577702027e+00,5.154175752703566982e-01,1.635959274748256809e-01,-8.070753781549606237e-03,-1.835333044253064511e-02,-5.936595095016027335e-01,-1.213191242159628702e+00,5.290469380208032701e-01,2.883534089073342410e-01,7.512581659904013498e-02,-8.680000000000090421e-03,-1.023169574540699622e-01,6.641059509275638872e-02,-1.896681046725571473e+00,1.627188341858480047e+00,-3.977132922995466058e-01,-2.974576025557285064e-02,3.755262832810600526e-03,2.806968826324917621e-01,1.449764868969994069e-01,-2.085133085309622381e+00,-1.554592988053163261e+00,4.975033043911777364e-01,-2.345745329816156799e-01,-1.309115263512907468e-01,4.157827502132222519e-01,-9.276355269587638341e-02
4.070000,-2.839824241946924208e-03,-3.417613143801567221e-01,1.378519796004343267e-01,-4.919131668382697997e-01,-5.156522282356774678e-01,-4.710901956392391510e-01,5.198059670485793982e-01,1.413107987649876718e-02,3.973222355941022910e-01,1.161233455813136750e+00,5.154381941739338835e-01,1.635864110577900654e-01,-8.070753781549606237e-03,-1.834540009500098406e-02,-5.936563373625909357e-01,-1.213179346638334266e+00,5.290572474725918628e-01,2.883454785598045800e-01,7.512581659904013498e-02,-8.680000000000090421e-03,-1.023174531007905591e-01,6.641406461980062237e-02,-1.896694924833748352e+00,1.627177437630626722e+00,-3.977033793651345572e-01,-2.978243811289754683e-02,3.755262832810600526e-03,2.806909348718444885e-01,1.449764868969994069e-01,-2.085149937298123035e+00,-1.554583075118751267e+00,4.974933914567656323e-01,-2.346042717848519366e-01,-1.309115263512907468e-01,4.157748198656925909e-01,-9.276355269587638341e-02
4.080000,-2.827368675449355977e-03,-3.417820736576526741e-01,1.378349179273455349e-01,-4.919131668382697997e-01,-5.156522282356774678e-01,-4.710901956392391510e-01,5.198059670485793982e-01,1.415806693724350022e-02,3.973056281721055183e-01,1.161187785402645556e+00,5.154921682954233253e-01,1.635614999247949342e-01,-8.070753781549606237e-03,-1.832464081750503210e-02,-5.936480336515925771e-01,-1.213148207722090310e+00,5.290842345333365282e-01,2.883247192823086280e-01,7.512581659904013498e-02,-8.680000000000090421e-03,-1.023187505556340526e-01,6.642314680370509095e-02,-1.896731253569366116e+00,1.627148893624069670e+00,-3.976774302682646312e-01,-2.987844977131631774e-02,3.755262832810600526e-03,2.806753654137225662e-01,1.449764868969994069e-01,-2.085194050762801954e+00,-1.554557126021881341e+00,4.974674423598957063e-01,-2.346821190754617426e-01,-1.309115263512907468e-01,4.157540605881966389e-01,-9.276355269587638341e-02
4.090000,-2.804012631463290769e-03,-3.418210003976294709e-01,1.378029156622097018e-01,-4.919131668382697997e-01,-5.156522282356774678e-01,-4.710901956392391510e-01,5.198059670485793982e-01,1.420867169921330789e-02,3.972744867801241142e-01,1.161102146574696681e+00,5.155933778193629857e-01,1.635147878368228003e-01,-8.070753781549606237e-03,-1.828571407752826311e-02,-5.936324629556017918e-01,-1.213089817612125199e+00,5.291348392953063584e-01,2.882857925423318313e-01,7.512581659904013498e-02,-8.680000000000090421e-03,-1.023211834768826128e-01,6.644017725244492911e-02,-1.896799375364325524e+00,1.627095369356601706e+00,-3.976287718432936491e-01,-3.005848594370891247e-02,3.755262832810600526e-03,2.806461703587399548e-01,1.449764868969994069e-01,-2.085276770085252807e+00,-1.554508467596910304e+00,4.974187839349247242e-01,-2.348280943503746332e-01,-1.309115263512907468e-01,4.157151338482198977e-01,-9.276355269587638341e-02
4.100000,-2.766973587682130219e-03,-3.418827321372647221e-01,1.377521407740315007e-01,-4.919131668382697997e-01,-5.156522282356774678e-01,-4.710901956392391510e-01,5.198059670485793982e-01,1.428892296073915567e-02,3.972251013884158799e-01,1.160966336747499161e+00,5.157538803424146501e-01,1.634407097492604766e-01,-8.070753781549606237e-03,-1.822398233789299105e-02,-5.936077702597477579e-01,-1.212997220002672183e+00,5.292150905568322461e-01,2.882240608026965800e-01,7.512581659904013498e-02,-8.680000000000090421e-03,-1.023250417106098126e-01,6.646718488853536888e-02,-1.896907405908687227e+00,1.627010488214603257e+00,-3.975516071687495434e-01,-3.034399523952202582e-02,3.755262832810600526e-03,2.805998715540135025e-01,1.449764868969994069e-01,-2.085407950031977542e+00,-1.554431302922366198e+00,4.973416192603806740e-01,-2.350595883740068948e-01,-1.309115263512907468e-01,4.156534021085845909e-01,-9.276355269587638341e-02
4.110000,-2.713872451768658926e-03,-3.419712340304538190e-01,1.376792952740558684e-01,-4.919131668382697997e-01,-5.156522282356774678e-01,-4.710901956392391510e-01,5.198059670485793982e-01,1.440397542188500898e-02,3.971542998738646357e-01,1.160771632582483059e+00,5.159839852647063463e-01,1.633345074774335548e-01,-8.070753781549606237e-03,-1.813548044470387338e-02,-5.935723695024720525e-01,-1.212864467162888538e+00,5.293301430179780942e-01,2.881355589095074277e-01,7.512581659904013498e-02,-8.680000000000090421e-03,-1.023305730789341311e-01,6.650590446680559875e-02,-1.897062284221768147e+00,1.626888798111468137e+00,-3.974409798022631723e-01,-3.075331649552168201e-02,3.755262832810600526e-03,2.805334951341216798e-01,1.449764868969994069e-01,-2.085596016555004262e+00,-1.554320675555879827e+00,4.972309918938942475e-01,-2.353914704734660912e-01,-1.309115263512907468e-01,4.155649002153954941e-01,-9.276355269587638341e-02
4.120000,-2.642716394122325303e-03,-3.420898274598643818e-01,1.375815857396379682e-01,-4.919131668382697997e-01,-5.156522282356774678e-01,-4.710901956392391510e-01,5.198059670485793982e-01,1.455814688011873234e-02,3.970594251303361522e-01,1.160510727037779910e+00,5.162923281811737652e-01,1.631921953621408850e-01,-8.070753781549606237e-03,-1.801688701529331749e-02,-5.935249321307078940e-01,-1.212686577018772693e+00,5.294843144762118037e-01,2.880169654800968648e-01,7.512581659904013498e-02,-8.680000000000090421e-03,-1.023379851682722913e-01,6.655778909217271999e-02,-1.897269822723236743e+00,1.626725732146028669e+00,-3.972927380154999688e-01,-3.130181110654550736e-02,3.755262832810600526e-03,2.804445500620637577e-01,1.449764868969994069e-01,-2.085848027592501985e+00,-1.554172433769116513e+00,4.970827501071310439e-01,-2.358361958337556741e-01,-1.309115263512907468e-01,4.154463067859849312e-01,-9.276355269587638341e-02
4.130000,-2.551881680646472979e-03,-3.422412186489908192e-01,1.374566947458799038e-01,-4.919131668382697997e-01,-5.156522282356774678e-01,-4.710901956392391510e-01,5.198059670485793982e-01,1.475495542598307883e-02,3.969383121790350244e-01,1.160177666421701836e+00,5.166859452729024582e-01,1.630105259351891656e-01,-8.070753781549606237e-03,-1.786549582616689391e-02,-5.934643756550572746e-01,-1.212459490235083148e+00,5.296811230220761502e-01,2.878655742909704829e-01,7.512581659904013498e-02,-8.680000000000090421e-03,-1.023474471175926936e-01,6.662402273741552250e-02,-1.897534757304207842e+00,1.626517569260979901e+00,-3.971034990290919220e-01,-3.200199535625519731e-02,3.755262832810600526e-03,2.803310066702189296e-01,1.449764868969994069e-01,-2.086169733869395415e+00,-1.553983194782708521e+00,4.968935111207230526e-01,-2.364039127929797590e-01,-1.309115263512907468e-01,4.152949155968584938e-01,-9.276355269587638341e-02
4.140000,-2.440096505515617752e-03,-3.424275272742088871e-01,1.373027536624019940e-01,-4.919131668382697997e-01,-5.156522282356774678e-01,-4.710901956392391510e-01,5.198059670485793982e-01,1.499715663876659971e-02,3.967892652788605479e-01,1.159767787446221998e+00,5.171703476984694792e-01,1.627869555849274508e-01,-8.070753781549606237e-03,-1.767918720094880519e-02,-5.933898522049700919e-01,-1.212180027297255824e+00,5.299233242348596606e-01,2.876792656657523595e-01,7.512581659904013498e-02,-8.680000000000090421e-03,-1.023590914066688229e-01,6.670553276094844108e-02,-1.897860797398339461e+00,1.626261394901304946e+00,-3.968706132475693371e-01,-3.286367274788887238e-02,3.755262832810600526e-03,2.801912752013053787e-01,1.449764868969994069e-01,-2.086565639697983698e+00,-1.553750309001185936e+00,4.966606253392004122e-01,-2.371025701375475969e-01,-1.309115263512907468e-01,4.151086069716404259e-01,-9.276355269587638341e-02
4.150000,-2.306423823942691572e-03,-3.426503150768304695e-01,1.371183171250131283e-01,-4.919131668382697997e-01,-5.156522282356774678e-01,-4.710901956392391510e-01,5.198059670485793982e-01,1.528678078217460615e-02,3.966110350367633153e-01,1.159277654280454595e+00,5.177495959852855822e-01,1.625196102217816019e-01,-8.070753781549606237e-03,-1.745639939832726445e-02,-5.933007370839213923e-01,-1.211845845593323645e+00,5.302129483782676012e-01,2.874564778631308326e-01,7.512581659904013498e-02,-8.680000000000090421e-03,-1.023730156443326683e-01,6.680300242459537297e-02,-1.898250676052927410e+00,1.625955061672700319e+00,-3.965921284942923730e-01,-3.389406633501351740e-02,3.755262832810600526e-03,2.800241843493392335e-01,1.449764868969994069e-01,-2.087039063778554748e+00,-1.553471824247909083e+00,4.963821405859235036e-01,-2.379380243973783782e-01,-1.309115263512907468e-01,4.148858191690188990e-01,-9.276355269587638341e-02
4.160000,-2.150244184946352444e-03,-3.429106144751576934e-01,1.369023393588189585e-01,-4.919131668382697997e-01,-5.156522282356774678e-01,-4.710901956392391510e-01,5.198059670485793982e-01,1.562517000000000766e-02,3.964027955181015361e-01,1.158704995604134647e+00,5.184263744209363090e-01,1.622072509437889332e-01,-8.070753781549606237e-03,-1.719610000000003358e-02,-5.931966173245905027e-01,-1.211455396495832781e+00,5.305513375960930755e-01,2.871961784648036087e-01,7.512581659904013498e-02,-8.680000000000090421e-03,-1.023892843567281163e-01,6.691688341136353690e-02,-1.898706199999999900e+00,1.625597150000000379e+00,-3.962667542463833570e-01,-3.509795105227697665e-02,3.755262832810600526e-03,2.798289598005938017e-01,1.449764868969994069e-01,-2.087592200000000009e+00,-1.553146449999999845e+00,4.960567663380144321e-01,-2.389141471411055095e-01,-1.309115263512907468e-01,4.146255197706916196e-01,-9.276355269587638341e-02
4.170000,-1.971238564118172037e-03,-3.432089571765379876e-01,1.366541524107901806e-01,-4.919131668382697997e-01,-5.156522282356774678e-01,-4.710901956392391510e-01,5.198059670485793982e-01,1.601301551179439703e-02,3.961641213569973008e-01,1.158048641661097999e+00,5.192020654445250738e-01,1.618492397021325802e-01,-8.070753781549606237e-03,-1.689775729861972553e-02,-5.930772802440383851e-01,-1.211007882443762229e+00,5.309391831078874580e-01,2.868978357634233145e-01,7.512581659904013498e-02,-8.680000000000090421e-03,-1.024079307755643847e-01,6.704740834321741560e-02,-1.899228299727415470e+00,1.625186928785602447e+00,-3.958938258696579893e-01,-3.647778604616086495e-02,3.755262832810600526e-03,2.796052027745585811e-01,1.449764868969994069e-01,-2.088226178240433217e+00,-1.552773521623274533e+00,4.956838379612890644e-01,-2.400329322712816404e-01,-1.309115263512907468e-01,4.143271770693113254e-01,-9.276355269587638341e-02
4.180000,-1.769371196389942121e-03,-3.435454027894183637e-01,1.363734462462692643e-01,-4.919131668382697997e-01,-5.156522282356774678e-01,-4.710901956392391510e-01,5.198059670485793982e-01,1.645039480853889569e-02,3.958949648666930110e-01,1.157308461312761105e+00,5.200768240380141405e-01,1.614455049666761177e-01,-8.070753781549606237e-03,-1.656131168573934248e-02,-5.929427019988862124e-01,-1.210503214024441831e+00,5.313765624046319358e-01,2.865613901505429384e-01,7.512581659904013498e-02,-8.680000000000090421e-03,-1.024289586263694152e-01,6.719460329885258709e-02,-1.899817079549956045e+00,1.624724316067891916e+00,-3.954732688535574914e-01,-3.803384700573264610e-02,3.755262832810600526e-03,2.793528685648982712e-01,1.449764868969994069e-01,-2.088941125167803836e+00,-1.552352964607174091e+00,4.952632809451885665e-01,-2.412946033195830786e-01,-1.309115263512907468e-01,4.139907314564309493e-01,-9.276355269587638341e-02
4.190000,-1.544872408800902937e-03,-3.439195674354000865e-01,1.360602505756599301e-01,-4.919131668382697997e-01,-5.156522282356774678e-01,-4.710901956392391510e-01,5.198059670485793982e-01,1.693680884831514494e-02,3.955956331499075884e-01,1.156485299091601249e+00,5.210496521175665974e-01,1.609965073914980394e-01,-8.070753781549606237e-03,-1.618714703975761282e-02,-5.927930361404936122e-01,-1.209941967055469192e+00,5.318629764444081642e-01,2.861872255045611602e-01,7.512581659904013498e-02,-8.680000000000090421e-03,-1.024523439167432798e-01,6.735830033146958384e-02,-1.900471867680424198e+00,1.624209839679667144e+00,-3.950055630460803102e-01,-3.976435849339815531e-02,3.755262832810600526e-03,2.790722450804120069e-01,1.449764868969994069e-01,-2.089736225040515372e+00,-1.551885258799696965e+00,4.947955751377114408e-01,-2.426977207420145666e-01,-1.309115263512907468e-01,4.136165668104492266e-01,-9.276355269587638341e-02
4.200000,-1.298221453265084330e-03,-3.443306523612931214e-01,1.357149182047971969e-01,-4.919131668382697997e-01,-5.156522282356774678e-01,-4.710901956392391510e-01,5.198059670485793982e-01,1.747121925197608894e-02,3.952667652091931827e-01,1.155580912254636550e+00,5.221184729248885548e-01,1.605032054804264030e-01,-8.070753781549606237e-03,-1.577606211386458485e-02,-5.926286021701363538e-01,-1.209325339666629695e+00,5.323973868480691429e-01,2.857761405786681808e-01,7.512581659904013498e-02,-8.680000000000090421e-03,-1.024780367246115875e-01,6.753814998654779356e-02,-1.901191266300736871e+00,1.623644597906564124e+00,-3.944917068887140443e-01,-4.166562627565340016e-02,3.755262832810600526e-03,2.787639313859922030e-01,1.449764868969994069e-01,-2.090609780508037918e+00,-1.551371402642330644e+00,4.942817189803451194e-01,-2.442392892141134197e-01,-1.309115263512907468e-01,4.132054818845561917e-01,-9.276355269587638341e-02
4.210000,-1.030129339338445651e-03,-3.447774725511708604e-01,1.353381096451869714e-01,-4.919131668382697997e-01,-5.156522282356774678e-01,-4.710901956392391510e-01,5.198059670485793982e-01,1.805208549881713934e-02,3.949093090572909914e-01,1.154597907836905746e+00,5.232802054185705654e-01,1.599670212525731161e-01,-8.070753781549606237e-03,-1.532924192398685270e-02,-5.924498740941852581e-01,-1.208655109381812975e+00,5.329782530949102037e-01,2.853293203887904417e-01,7.512581659904013498e-02,-8.680000000000090421e-03,-1.025059629864789462e-01,6.773363381961930441e-02,-1.901973201633023081e+00,1.623030220145482261e+00,-3.939331816513668705e-01,-4.373216965383791566e-02,3.755262832810600526e-03,2.784288162435838987e-01,1.449764868969994069e-01,-2.091559273411528252e+00,-1.550812877404983414e+00,4.937231937429980011e-01,-2.459148649261549413e-01,-1.309115263512907468e-01,4.127586616946784526e-01,-9.276355269587638341e-02
4.220000,-7.415216669862160180e-04,-3.452584853384245700e-01,1.349307786782132368e-01,-4.919131668382697997e-01,-5.156522282356774678e-01,-4.710901956392391510e-01,5.198059670485793982e-01,1.867740212224697216e-02,3.945244988274880238e-01,1.153539679704947529e+00,5.245308386654302657e-01,1.593898059078686646e-01,-8.070753781549606237e-03,-1.484822913673313621e-02,-5.922574689792837743e-01,-1.207933590200932494e+00,5.336035697183399984e-01,2.848483076015367321e-01,7.512581659904013498e-02,-8.680000000000090421e-03,-1.025360262856822996e-01,6.794407691404280580e-02,-1.902814974010716975e+00,1.622368827563008375e+00,-3.933319156672997474e-01,-4.595685379488635702e-02,3.755262832810600526e-03,2.780680566531436027e-01,1.449764868969994069e-01,-2.092581425584442378e+00,-1.550211611420916347e+00,4.931219277589308225e-01,-2.477186628783563660e-01,-1.309115263512907468e-01,4.122776489074247430e-01,-9.276355269587638341e-02
4.230000,-4.335214593501049082e-04,-3.457718190178181161e-01,1.344941585400007411e-01,-4.919131668382697997e-01,-5.156522282356774678e-01,-4.710901956392391510e-01,5.198059670485793982e-01,1.934473590545854327e-02,3.941138318839731980e-01,1.152410345610281661e+00,5.258655062318534634e-01,1.587738054925964259e-01,-8.070753781549606237e-03,-1.433489545733961784e-02,-5.920521355075263337e-01,-1.207163589681842231e+00,5.342709035015515973e-01,2.843349739221431860e-01,7.512581659904013498e-02,-8.680000000000090421e-03,-1.025681096406444032e-01,6.816866039877746142e-02,-1.903713307949655764e+00,1.621662993753842263e+00,-3.926902485680578425e-01,-4.833102206208138296e-02,3.755262832810600526e-03,2.776830563935984708e-01,1.449764868969994069e-01,-2.093672259653153400e+00,-1.549569944321674386e+00,4.924802606596889176e-01,-2.496436641760820530e-01,-1.309115263512907468e-01,4.117643152280312524e-01,-9.276355269587638341e-02
4.240000,-1.074319955156732148e-04,-3.463153014575421351e-01,1.340297483801774214e-01,-4.919131668382697997e-01,-5.156522282356774678e-01,-4.710901956392391510e-01,5.198059670485793982e-01,2.005126307709981237e-02,3.936790459321939384e-01,1.151214684242888753e+00,5.272785605751360016e-01,1.581216265649275643e-01,-8.070753781549606237e-03,-1.379141301761556415e-02,-5.918347425316367039e-01,-1.206348366022256036e+00,5.349774306731928109e-01,2.837914914824191115e-01,7.512581659904013498e-02,-8.680000000000090421e-03,-1.026020772931271474e-01,6.840643396615674054e-02,-1.904664402219172770e+00,1.620915705399221807e+00,-3.920108955184027355e-01,-5.084462834580512347e-02,3.755262832810600526e-03,2.772754445638054288e-01,1.449764868969994069e-01,-2.094827159837567176e+00,-1.548890591272019446e+00,4.918009076100338661e-01,-2.516817233250472352e-01,-1.309115263512907468e-01,4.112208327883071779e-01,-9.276355269587638341e-02
4.250000,2.352803567205676190e-04,-3.468864887112692030e-01,1.335392996472665461e-01,-4.919131668382697997e-01,-5.156522282356774678e-01,-4.710901956392391510e-01,5.198059670485793982e-01,2.079380650694500135e-02,3.932220961292123285e-01,1.149958072284689159e+00,5.287636474348262894e-01,1.574362018604550939e-01,-8.070753781549606237e-03,-1.322022576388849624e-02,-5.916062676301458989e-01,-1.205491585141665434e+00,5.357199741030380657e-01,2.832203042286920436e-01,7.512581659904013498e-02,-8.680000000000090421e-03,-1.026377764964850892e-01,6.865632838966233276e-02,-1.905663979913195138e+00,1.620130322925346977e+00,-3.912969114512439006e-01,-5.348636939429281256e-02,3.755262832810600526e-03,2.768470541235101279e-01,1.449764868969994069e-01,-2.096040932751737085e+00,-1.548176607204860611e+00,4.910869235428750312e-01,-2.538236755265237399e-01,-1.309115263512907468e-01,4.106496455345801100e-01,-9.276355269587638341e-02
4.260000,5.930033080837936524e-04,-3.474826936302079505e-01,1.330248020647068763e-01,-4.919131668382697997e-01,-5.156522282356774678e-01,-4.710901956392391510e-01,5.198059670485793982e-01,2.156887290156532175e-02,3.927451321940613194e-01,1.148646421463024092e+00,5.303137802240669441e-01,1.567207559577286358e-01,-8.070753781549606237e-03,-1.262402084494978691e-02,-5.913677856625704221e-01,-1.204597277763257424e+00,5.364950404976583931e-01,2.826240993097533516e-01,7.512581659904013498e-02,-8.680000000000090421e-03,-1.026750393039187609e-01,6.891716804169802091e-02,-1.906707338521337780e+00,1.619310541161806283e+00,-3.905516553025705218e-01,-5.624381714438435320e-02,3.755262832810600526e-03,2.763999004343061228e-01,1.449764868969994069e-01,-2.097307868204481895e+00,-1.547431351056187232e+00,4.903416673942016524e-01,-2.560594439725439320e-01,-1.309115263512907468e-01,4.100534406156414180e-01,-9.276355269587638341e-02
4.270000,9.639958150536595896e-04,-3.481010144751577329e-01,1.324884688830967883e-01,-4.919131668382697997e-01,-5.156522282356774678e-01,-4.710901956392391510e-01,5.198059670485793982e-01,2.237269000000003533e-02,3.922504755181014935e-01,1.147286115604134515e+00,5.319214144209364337e-01,1.559787709437888970e-01,-8.070753781549606237e-03,-1.200570000000000803e-02,-5.911204573245905092e-01,-1.203669796495832722e+00,5.372988575960930824e-01,2.820057784648035692e-01,7.512581659904013498e-02,-8.680000000000090421e-03,-1.027136843567281188e-01,6.918768341136354028e-02,-1.907789399999999969e+00,1.618460350000000325e+00,-3.897787542463833077e-01,-5.910355105227706185e-02,3.755262832810600526e-03,2.759361598005937721e-01,1.449764868969994069e-01,-2.098621800000000093e+00,-1.546658450000000018e+00,4.895687663380144383e-01,-2.583781471411055741e-01,-1.309115263512907468e-01,4.094351197706915801e-01,-9.276355269587638341e-02
4.280000,1.346405247096918618e-03,-3.487383635285631334e-01,1.319327211247042220e-01,-4.919131668382697997e-01,-5.156522282356774678e-01,-4.710901956392391510e-01,5.198059670485793982e-01,2.320124376942709482e-02,3.917405962753771620e-01,1.145883947686642701e+00,5.335785219597904971e-01,1.552139520797023997e-01,-8.070753781549606237e-03,-1.136835094659457632e-02,-5.908655177032283712e-01,-1.202713772915724677e+00,5.381274113655201141e-01,2.813684294113981688e-01,7.512581659904013498e-02,-8.680000000000090421e-03,-1.027535186725659633e-01,6.946652362222842381e-02,-1.908904760843459503e+00,1.617583995051567802e+00,-3.889820679296265293e-01,-6.205129042427719177e-02,3.755262832810600526e-03,2.754581480105396940e-01,1.449764868969994069e-01,-2.099976166738486860e+00,-1.545861763683243240e+00,4.887720800212576044e-01,-2.607682060913759647e-01,-1.309115263512907468e-01,4.087977707172861797e-01,-9.276355269587638341e-02
4.290000,1.738284553900345392e-03,-3.493914957065688554e-01,1.313601705739119718e-01,-4.919131668382697997e-01,-5.156522282356774678e-01,-4.710901956392391510e-01,5.198059670485793982e-01,2.405031560083452369e-02,3.912180905329726288e-01,1.144447056895030013e+00,5.352766656226053410e-01,1.544301934660955444e-01,-8.070753781549606237e-03,-1.071521876858886474e-02,-5.906042648320261046e-01,-1.201734074648715955e+00,5.389764831969275916e-01,2.807152972333924468e-01,7.512581659904013498e-02,-8.680000000000090421e-03,-1.027943394336913174e-01,6.975226895010591677e-02,-1.910047742154969530e+00,1.616685938306809955e+00,-3.881656527071193907e-01,-6.507202674755360738e-02,3.755262832810600526e-03,2.749682988770354441e-01,1.449764868969994069e-01,-2.101364072616748846e+00,-1.545045348460736045e+00,4.879556647987505213e-01,-2.632174517588973806e-01,-1.309115263512907468e-01,4.081446385392804577e-01,-9.276355269587638341e-02
4.300000,2.137609432603358034e-03,-3.500570371710738926e-01,1.307736013103782957e-01,-4.919131668382697997e-01,-5.156522282356774678e-01,-4.710901956392391510e-01,5.198059670485793982e-01,2.491551950469104992e-02,3.906856573613685657e-01,1.142982865673119131e+00,5.370070734303183935e-01,1.536315437086895053e-01,-8.070753781549606237e-03,-1.004967730408384483e-02,-5.903380482462240453e-01,-1.200735762451958566e+00,5.398416871007840623e-01,2.800497557688874095e-01,7.512581659904013498e-02,-8.680000000000090421e-03,-1.028359357752228892e-01,7.004344334082686363e-02,-1.911212439717853151e+00,1.615770818793115460e+00,-3.873337258764881219e-01,-6.815015602088933533e-02,3.755262832810600526e-03,2.744691427786566384e-01,1.449764868969994069e-01,-2.102778348228822036e+00,-1.544213421630104666e+00,4.871237379681192525e-01,-2.657132322507911870e-01,-1.309115263512907468e-01,4.074790970747754759e-01,-9.276355269587638341e-02
4.310000,2.542295495030815790e-03,-3.507315139417863104e-01,1.301759496285980755e-01,-4.919131668382697997e-01,-5.156522282356774678e-01,-4.710901956392391510e-01,5.198059670485793982e-01,2.579233930661720825e-02,3.901460759447986648e-01,1.141499016777551612e+00,5.387607130341707240e-01,1.528221715838345984e-01,-8.070753781549606237e-03,-9.375200533371416678e-03,-5.900682575379391226e-01,-1.199724047295889884e+00,5.407185069027102831e-01,2.793752789981749918e-01,7.512581659904013498e-02,-8.680000000000090421e-03,-1.028780905733924084e-01,7.033852692801355333e-02,-1.912392774066600021e+00,1.614843413233385983e+00,-3.864906299130975720e-01,-7.126961108543430901e-02,3.755262832810600526e-03,2.739632852006223529e-01,1.449764868969994069e-01,-2.104211611366586077e+00,-1.543370325666714171e+00,4.862806420047287026e-01,-2.682425201409628368e-01,-1.309115263512907468e-01,4.068046203040630027e-01,-9.276355269587638341e-02
4.320000,2.950215434925624117e-03,-3.514113805082776376e-01,1.295702822365508433e-01,-4.919131668382697997e-01,-5.156522282356774678e-01,-4.710901956392391510e-01,5.198059670485793982e-01,2.667616584305595659e-02,3.896021826916055697e-01,1.140003310331270781e+00,5.405283661070482415e-01,1.520063317040449835e-01,-8.070753781549606237e-03,-8.695333966880072069e-03,-5.897963109113425473e-01,-1.198704247446152893e+00,5.416023334391489863e-01,2.786954124316836645e-01,7.512581659904013498e-02,-8.680000000000090421e-03,-1.029205822337981163e-01,7.063596855085352288e-02,-1.913582540557959843e+00,1.613908596704460408e+00,-3.856407967049834129e-01,-7.441399395545678086e-02,3.755262832810600526e-03,2.734533852757538019e-01,1.449764868969994069e-01,-2.105656327820379925e+00,-1.542520492458600012e+00,4.854308087966144880e-01,-2.707920197653053695e-01,-1.309115263512907468e-01,4.061247537375716754e-01,-9.276355269587638341e-02
4.330000,3.359216195181683254e-03,-3.520930484420377593e-01,1.289991415622048776e-01,-4.919131668382697997e-01,-5.156522282356774678e-01,-4.710901956392391510e-01,5.198059670485793982e-01,2.756233415694408703e-02,3.890568483445974723e-01,1.138503640876998402e+00,5.423007027348244469e-01,1.511883301835328652e-01,-8.070753781549606237e-03,-8.013666033119971194e-03,-5.895236437378384986e-01,-1.197681745545512655e+00,5.424885017530370890e-01,2.780137444979235428e-01,7.512581659904013498e-02,-8.680000000000090421e-03,-1.029631864796581309e-01,7.093419827187355531e-02,-1.914775459442040084e+00,1.612971303295540171e+00,-3.847887117877832885e-01,-7.756670814909724654e-02,3.755262832810600526e-03,2.729421343254337384e-01,1.449764868969994069e-01,-2.107104872179620170e+00,-1.541668407541399777e+00,4.845787238794143637e-01,-2.733482745169057426e-01,-1.309115263512907468e-01,4.054430858038115537e-01,-9.276355269587638341e-02
4.340000,3.767136135076491581e-03,-3.527729150085290866e-01,1.285163130883192062e-01,-4.919131668382697997e-01,-5.156522282356774678e-01,-4.710901956392391510e-01,5.198059670485793982e-01,2.844616069338283884e-02,3.885129550914044327e-01,1.137007934430717571e+00,5.440683558077019644e-01,1.503724903037432503e-01,-8.070753781549606237e-03,-7.333799466628623115e-03,-5.892516971112419233e-01,-1.196661945695775664e+00,5.433723282894759032e-01,2.773338779314322156e-01,7.512581659904013498e-02,-8.680000000000090421e-03,-1.030056781400638388e-01,7.123163989471352486e-02,-1.915965225933399907e+00,1.612036486766614596e+00,-3.839388785796690740e-01,-8.071109101911973227e-02,3.755262832810600526e-03,2.724322344005652430e-01,1.449764868969994069e-01,-2.108549588633414462e+00,-1.540818574333285618e+00,4.837288906713002046e-01,-2.758977741412482754e-01,-1.309115263512907468e-01,4.047632192373202265e-01,-9.276355269587638341e-02
4.350000,4.171822197503950204e-03,-3.534473917792415043e-01,1.280389968443143012e-01,-4.919131668382697997e-01,-5.156522282356774678e-01,-4.710901956392391510e-01,5.198059670485793982e-01,2.932298049530899370e-02,3.879733736748344763e-01,1.135524085535150274e+00,5.458219954115542949e-01,1.495631181788883157e-01,-8.070753781549606237e-03,-6.659322695916194967e-03,-5.889819064029570006e-01,-1.195650230539706982e+00,5.442491480914020130e-01,2.766594011607197423e-01,7.512581659904013498e-02,-8.680000000000090421e-03,-1.030478329382333580e-01,7.152672348190021456e-02,-1.917145560282146555e+00,1.611109081206885119e+00,-3.830957826162785240e-01,-8.383054608366471983e-02,3.755262832810600526e-03,2.719263768225309019e-01,1.449764868969994069e-01,-2.109982851771178503e+00,-1.539975478369895123e+00,4.828857947079096546e-01,-2.784270620314199252e-01,-1.309115263512907468e-01,4.040887424666078087e-01,-9.276355269587638341e-02
4.360000,4.571147076206961979e-03,-3.541129332437465416e-01,1.275699267947009719e-01,-4.919131668382697997e-01,-5.156522282356774678e-01,-4.710901956392391510e-01,5.198059670485793982e-01,3.018818439916551993e-02,3.874409405032304687e-01,1.134059894313239170e+00,5.475524032192673474e-01,1.487644684214823043e-01,-8.070753781549606237e-03,-5.993781231411171584e-03,-5.887156898171549413e-01,-1.194651918342949592e+00,5.451143519952585947e-01,2.759938596962147606e-01,7.512581659904013498e-02,-8.680000000000090421e-03,-1.030894292797649298e-01,7.181789787262116143e-02,-1.918310257845030398e+00,1.610193961693190623e+00,-3.822638557856472552e-01,-8.690867535700044777e-02,3.755262832810600526e-03,2.714272207241521517e-01,1.449764868969994069e-01,-2.111397127383251693e+00,-1.539143551539263965e+00,4.820538678772783858e-01,-2.809228425233137316e-01,-1.309115263512907468e-01,4.034232010021027715e-01,-9.276355269587638341e-02
4.370000,4.963026383010390487e-03,-3.547660654217522636e-01,1.271117699301340387e-01,-4.919131668382697997e-01,-5.156522282356774678e-01,-4.710901956392391510e-01,5.198059670485793982e-01,3.103725623057295227e-02,3.869184347608258800e-01,1.132623003521626481e+00,5.492505468820821912e-01,1.479807098078754490e-01,-8.070753781549606237e-03,-5.340649053405460006e-03,-5.884544369459526747e-01,-1.193672220075940871e+00,5.459634238266659612e-01,2.753407275182090386e-01,7.512581659904013498e-02,-8.680000000000090421e-03,-1.031302500408902839e-01,7.210364320049866826e-02,-1.919453239156540425e+00,1.609295904948432776e+00,-3.814474405631401721e-01,-8.992941168027686338e-02,3.755262832810600526e-03,2.709373715906479019e-01,1.449764868969994069e-01,-2.112785033261513679e+00,-1.538327136316756771e+00,4.812374526547712472e-01,-2.833720881908351474e-01,-1.309115263512907468e-01,4.027700688240970495e-01,-9.276355269587638341e-02
4.380000,5.345435815053646914e-03,-3.554034144751576640e-01,1.266670754048305481e-01,-4.919131668382697997e-01,-5.156522282356774678e-01,-4.710901956392391510e-01,5.198059670485793982e-01,3.186581000000000830e-02,3.864085555181015486e-01,1.131220835604134667e+00,5.509076544209363657e-01,1.472158909437889240e-01,-8.070753781549606237e-03,-4.703300000000035230e-03,-5.881994973245905367e-01,-1.192716196495832826e+00,5.467919775960929929e-01,2.747033784648035826e-01,7.512581659904013498e-02,-8.680000000000090421e-03,-1.031700843567281145e-01,7.238248341136353792e-02,-1.920568599999999959e+00,1.608419550000000253e+00,-3.806507542463833382e-01,-9.287715105227696555e-02,3.755262832810600526e-03,2.704593598005937682e-01,1.449764868969994069e-01,-2.114139400000000002e+00,-1.537530449999999993e+00,4.804407663380144689e-01,-2.857621471411054825e-01,-1.309115263512907468e-01,4.021327197706916490e-01,-9.276355269587638341e-02
4.390000,5.716428322023483360e-03,-3.560217353201073909e-01,1.262382234849655782e-01,-4.919131668382697997e-01,-5.156522282356774678e-01,-4.710901956392391510e-01,5.198059670485793982e-01,3.266962709843465595e-02,3.859138988421417782e-01,1.129860529745245312e+00,5.525152886178056333e-01,1.464739059298492685e-01,-8.070753781549606237e-03,-4.084979155050308397e-03,-5.879521689866106238e-01,-1.191788715228408124e+00,5.475957946945276822e-01,2.740850576198538557e-01,7.512581659904013498e-02,-8.680000000000090421e-03,-1.032087294095374724e-01,7.265299878102904341e-02,-1.921650661478661926e+00,1.607569358838194518e+00,-3.798778531901961797e-01,-9.573688496016945215e-02,3.755262832810600526e-03,2.699956191668815286e-01,1.449764868969994069e-01,-2.115453331795518199e+00,-1.536757548943812779e+00,4.796678652818273103e-01,-2.880808503096669582e-01,-1.309115263512907468e-01,4.015143989257419221e-01,-9.276355269587638341e-02
4.400000,6.074151273386738450e-03,-3.566179402390461939e-01,1.258273768186130015e-01,-4.919131668382697997e-01,-5.156522282356774678e-01,-4.710901956392391510e-01,5.198059670485793982e-01,3.344469349305503880e-02,3.854369349069907691e-01,1.128548878923580023e+00,5.540654214070463990e-01,1.457584600271227548e-01,-8.070753781549606237e-03,-3.488774236111547022e-03,-5.877136870190351470e-01,-1.190894407850000114e+00,5.483708610891481205e-01,2.734888527009151082e-01,7.512581659904013498e-02,-8.680000000000090421e-03,-1.032459922169711442e-01,7.291383843306474544e-02,-1.922694020086804789e+00,1.606749577074653601e+00,-3.791325970415227453e-01,-9.849433271026122871e-02,3.755262832810600526e-03,2.695484654776774125e-01,1.449764868969994069e-01,-2.116720267248263010e+00,-1.536012292795139400e+00,4.789226091331538759e-01,-2.903166187556873168e-01,-1.309115263512907468e-01,4.009181940068031746e-01,-9.276355269587638341e-02
4.410000,6.416863625622980585e-03,-3.571891274927732618e-01,1.254364364317671343e-01,-4.919131668382697997e-01,-5.156522282356774678e-01,-4.710901956392391510e-01,5.198059670485793982e-01,3.418723692290022431e-02,3.849799851040091037e-01,1.127292266965380430e+00,5.555505082667367978e-01,1.450730353226502567e-01,-8.070753781549606237e-03,-2.917586982384479111e-03,-5.874852121175443420e-01,-1.190037626969409512e+00,5.491134045189932644e-01,2.729176654471880403e-01,7.512581659904013498e-02,-8.680000000000090421e-03,-1.032816914203290859e-01,7.316373285657033765e-02,-1.923693597780827158e+00,1.605964194600778994e+00,-3.784186129743639104e-01,-1.011360737587489178e-01,3.755262832810600526e-03,2.691200750373821116e-01,1.449764868969994069e-01,-2.117934040162433362e+00,-1.535298308727980565e+00,4.782086250659950410e-01,-2.924585709571638215e-01,-1.309115263512907468e-01,4.003470067530761067e-01,-9.276355269587638341e-02
4.420000,6.742953089457409677e-03,-3.577326099324972808e-01,1.250670053523333103e-01,-4.919131668382697997e-01,-5.156522282356774678e-01,-4.710901956392391510e-01,5.198059670485793982e-01,3.489376409454149341e-02,3.845451991522298441e-01,1.126096605597987521e+00,5.569635626100193360e-01,1.444208563949814228e-01,-8.070753781549606237e-03,-2.374104542660428890e-03,-5.872678191416547122e-01,-1.189222403309823317e+00,5.498199316906344780e-01,2.723741830074640213e-01,7.512581659904013498e-02,-8.680000000000090421e-03,-1.033156590728118440e-01,7.340150642394960290e-02,-1.924644692050344164e+00,1.605216906246158315e+00,-3.777392599247088589e-01,-1.036496800424726444e-01,3.755262832810600526e-03,2.687124632075891251e-01,1.449764868969994069e-01,-2.119088940346846694e+00,-1.534618955678325403e+00,4.775292720163399340e-01,-2.944966301061290315e-01,-1.309115263512907468e-01,3.998035243133520322e-01,-9.276355269587638341e-02
4.430000,7.050953297093499536e-03,-3.582459436118907714e-01,1.247203624942849337e-01,-4.919131668382697997e-01,-5.156522282356774678e-01,-4.710901956392391510e-01,5.198059670485793982e-01,3.556109787775302289e-02,3.841345322087150738e-01,1.124967271503321875e+00,5.582982301764423116e-01,1.438048559797092119e-01,-8.070753781549606237e-03,-1.860770863266941744e-03,-5.870624856698972716e-01,-1.188452402790733053e+00,5.504872654738460769e-01,2.718608493280705307e-01,7.512581659904013498e-02,-8.680000000000090421e-03,-1.033477424277739337e-01,7.362608990868425851e-02,-1.925543025989282953e+00,1.604511072436992425e+00,-3.770975928254670095e-01,-1.060238483096675038e-01,3.755262832810600526e-03,2.683274629480439932e-01,1.449764868969994069e-01,-2.120179774415557716e+00,-1.533977288579083664e+00,4.768876049170980846e-01,-2.964216314038545796e-01,-1.309115263512907468e-01,3.992901906339585416e-01,-9.276355269587638341e-02
4.440000,7.339560969445758226e-03,-3.587269563991445365e-01,1.243974489571925413e-01,-4.919131668382697997e-01,-5.156522282356774678e-01,-4.710901956392391510e-01,5.198059670485793982e-01,3.618641450118291469e-02,3.837497219789120506e-01,1.123909043371363659e+00,5.595488634233021230e-01,1.432276406350047049e-01,-8.070753781549606237e-03,-1.379758076013180151e-03,-5.868700805549957877e-01,-1.187730883609852572e+00,5.511125820972759826e-01,2.713798365408167657e-01,7.512581659904013498e-02,-8.680000000000090421e-03,-1.033778057269773010e-01,7.383653300310777379e-02,-1.926384798366976847e+00,1.603849679854518318e+00,-3.764963268413997755e-01,-1.082485324507161673e-01,3.755262832810600526e-03,2.679667033576036417e-01,1.449764868969994069e-01,-2.121201926588472286e+00,-1.533376022595016375e+00,4.762863389330309061e-01,-2.982254293560562264e-01,-1.309115263512907468e-01,3.988091778467047765e-01,-9.276355269587638341e-02
4.450000,7.607653083372394737e-03,-3.591737765890222756e-01,1.240988682595360187e-01,-4.919131668382697997e-01,-5.156522282356774678e-01,-4.710901956392391510e-01,5.198059670485793982e-01,3.676728074802395468e-02,3.833922658270098593e-01,1.122926038953632633e+00,5.607105959169842446e-01,1.426914564071514457e-01,-8.070753781549606237e-03,-9.329378861354514774e-04,-5.866913524790446921e-01,-1.187060653325035853e+00,5.516934483441169323e-01,2.709330163509390266e-01,7.512581659904013498e-02,-8.680000000000090421e-03,-1.034057319888446597e-01,7.403201683617928464e-02,-1.927166733699262835e+00,1.603235302093436454e+00,-3.759378016040526571e-01,-1.103150758289006550e-01,3.755262832810600526e-03,2.676315882151953929e-01,1.449764868969994069e-01,-2.122151419491962621e+00,-1.532817497357669367e+00,4.757278136956837322e-01,-2.999010050680976924e-01,-1.309115263512907468e-01,3.983623576568270375e-01,-9.276355269587638341e-02
4.460000,7.854304038908214644e-03,-3.595848615149153105e-01,1.238249012043469710e-01,-4.919131668382697997e-01,-5.156522282356774678e-01,-4.710901956392391510e-01,5.198059670485793982e-01,3.730169115168490562e-02,3.830633978862954536e-01,1.122021652116667934e+00,5.617794167243060910e-01,1.421981544960798094e-01,-8.070753781549606237e-03,-5.218529602424200331e-04,-5.865269185086874337e-01,-1.186444025936196356e+00,5.522278587477779110e-01,2.705219314250459917e-01,7.512581659904013498e-02,-8.680000000000090421e-03,-1.034314247967129674e-01,7.421186649125749435e-02,-1.927886132319575729e+00,1.602670060320333656e+00,-3.754239454466863357e-01,-1.122163436111559276e-01,3.755262832810600526e-03,2.673232745207755889e-01,1.449764868969994069e-01,-2.123024974959485167e+00,-1.532303641200302824e+00,4.752139575383174108e-01,-3.014425735401965456e-01,-1.309115263512907468e-01,3.979512727309340026e-01,-9.276355269587638341e-02
4.470000,8.078802826497233011e-03,-3.599590261608970332e-01,1.235755351392226753e-01,-4.919131668382697997e-01,-5.156522282356774678e-01,-4.710901956392391510e-01,5.198059670485793982e-01,3.778810519146110630e-02,3.827640661695100865e-01,1.121198489895508077e+00,5.627522448038585479e-01,1.417491569209017588e-01,-8.070753781549606237e-03,-1.476883142607215982e-04,-5.863772526502948335e-01,-1.185882778967223716e+00,5.527142727875541395e-01,2.701477667790642689e-01,7.512581659904013498e-02,-8.680000000000090421e-03,-1.034548100870868320e-01,7.437556352387447722e-02,-1.928540920450043661e+00,1.602155583932108662e+00,-3.749562396392092101e-01,-1.139468550988212842e-01,3.755262832810600526e-03,2.670426510362893247e-01,1.449764868969994069e-01,-2.123820074832196259e+00,-1.531835935392825920e+00,4.747462517308402852e-01,-3.028456909626279225e-01,-1.309115263512907468e-01,3.975771080849523353e-01,-9.276355269587638341e-02
4.480000,8.280670194225479841e-03,-3.602954717737774093e-01,1.233505064011813784e-01,-4.919131668382697997e-01,-5.156522282356774678e-01,-4.710901956392391510e-01,5.198059670485793982e-01,3.822548448820563965e-02,3.824949096792057412e-01,1.120458309547171183e+00,5.636270033973476146e-01,1.413454221854452686e-01,-8.070753781549606237e-03,1.887572986196892066e-04,-5.862426744051426608e-01,-1.185378110547903097e+00,5.531516520842987283e-01,2.698113211661838928e-01,7.512581659904013498e-02,-8.680000000000090421e-03,-1.034758379378918486e-01,7.452275847950966259e-02,-1.929129700272584458e+00,1.601692971214398131e+00,-3.745356826231087122e-01,-1.155029160583931902e-01,3.755262832810600526e-03,2.667903168266290148e-01,1.449764868969994069e-01,-2.124535021759566877e+00,-1.531415378376725256e+00,4.743256947147397873e-01,-3.041073620109294717e-01,-1.309115263512907468e-01,3.972406624720719037e-01,-9.276355269587638341e-02
4.490000,8.459675815053661549e-03,-3.605938144751577035e-01,1.231493538174108088e-01,-4.919131668382697997e-01,-5.156522282356774678e-01,-4.710901956392391510e-01,5.198059670485793982e-01,3.861333000000003596e-02,3.822562355181015059e-01,1.119801955604134536e+00,5.644026944209363794e-01,1.409874109437889156e-01,-8.070753781549606237e-03,4.870999999999937879e-04,-5.861233373245905431e-01,-1.184930596495832766e+00,5.535394975960931108e-01,2.695129784648035987e-01,7.512581659904013498e-02,-8.680000000000090421e-03,-1.034944843567281170e-01,7.465328341136354129e-02,-1.929651799999999806e+00,1.601282750000000199e+00,-3.741627542463833445e-01,-1.168827510522770785e-01,3.755262832810600526e-03,2.665665598005937942e-01,1.449764868969994069e-01,-2.125169000000000086e+00,-1.531042449999999944e+00,4.739527663380144196e-01,-3.052261471411055749e-01,-1.309115263512907468e-01,3.969423197706916095e-01,-9.276355269587638341e-02
4.500000,8.615855454050001111e-03,-3.608541138734849274e-01,1.229714803484646540e-01,-4.919131668382697997e-01,-5.156522282356774678e-01,-4.710901956392391510e-01,5.198059670485793982e-01,3.895171921782544094e-02,3.820479959994397268e-01,1.119229296927814588e+00,5.650794728565872171e-01,1.406750516657962191e-01,-8.070753781549606237e-03,7.473993983272246566e-04,-5.860192175652596536e-01,-1.184540147398341903e+00,5.538778868139184741e-01,2.692526790664763747e-01,7.512581659904013498e-02,-8.680000000000090421e-03,-1.035107530691235789e-01,7.476716439813170523e-02,-1.930107323947072739e+00,1.600924838327300481e+00,-3.738373799984742729e-01,-1.180866357695405378e-01,3.755262832810600526e-03,2.663713352518483624e-01,1.449764868969994069e-01,-2.125722136221445346e+00,-1.530717075752090928e+00,4.736273920901054035e-01,-3.062022698848327340e-01,-1.309115263512907468e-01,3.966820203723643856e-01,-9.276355269587638341e-02
4.510000,8.749528135622913413e-03,-3.610769016761064543e-01,1.228162193800831775e-01,-4.919131668382697997e-01,-5.156522282356774678e-01,-4.710901956392391510e-01,5.198059670485793982e-01,3.924134336123341615e-02,3.818697657573424942e-01,1.118739163762047406e+00,5.656587211434032092e-01,1.404077063026503980e-01,-8.070753781549606237e-03,9.701872009487445825e-04,-5.859301024442110650e-01,-1.184205965694409723e+00,5.541675109573264146e-01,2.690298912638548479e-01,7.512581659904013498e-02,-8.680000000000090421e-03,-1.035246773067874243e-01,7.486463406177862323e-02,-1.930497202601660245e+00,1.600618505098695632e+00,-3.735588952451973643e-01,-1.191170293566650579e-01,3.755262832810600526e-03,2.662042443998822172e-01,1.449764868969994069e-01,-2.126195560302016396e+00,-1.530438590998814075e+00,4.733489073368284950e-01,-3.070377241446634042e-01,-1.309115263512907468e-01,3.964592325697428588e-01,-9.276355269587638341e-02
4.520000,8.861313310753777747e-03,-3.612632103013245777e-01,1.226829018423256784e-01,-4.919131668382697997e-01,-5.156522282356774678e-01,-4.710901956392391510e-01,5.198059670485793982e-01,3.948354457401696133e-02,3.817207188571680176e-01,1.118329284786567568e+00,5.661431235689702302e-01,1.401841359523886832e-01,-8.070753781549606237e-03,1.156495826166854118e-03,-5.858555789941237713e-01,-1.183926502756582400e+00,5.544097121701100361e-01,2.688435826386367244e-01,7.512581659904013498e-02,-8.680000000000090421e-03,-1.035363215958635535e-01,7.494614408531155569e-02,-1.930823242695792086e+00,1.600362330739020900e+00,-3.733260094636747795e-01,-1.199787067482988162e-01,3.755262832810600526e-03,2.660645129309686663e-01,1.449764868969994069e-01,-2.126591466130604680e+00,-1.530205705217291268e+00,4.731160215553058546e-01,-3.077363814892313254e-01,-1.309115263512907468e-01,3.962729239445247353e-01,-9.276355269587638341e-02
4.530000,8.952148024229628770e-03,-3.614146014904510151e-01,1.225709202846954893e-01,-4.919131668382697997e-01,-5.156522282356774678e-01,-4.710901956392391510e-01,5.198059670485793982e-01,3.968035311988129393e-02,3.815996059058668899e-01,1.117996224170489272e+00,5.665367406606989231e-01,1.400024665254369638e-01,-8.070753781549606237e-03,1.307887015293270755e-03,-5.857950225184731519e-01,-1.183699415972892854e+00,5.546065207159742716e-01,2.686921914495102870e-01,7.512581659904013498e-02,-8.680000000000090421e-03,-1.035457835451839559e-01,7.501237773055435820e-02,-1.931088177276763185e+00,1.600154167853971909e+00,-3.731367704772667326e-01,-1.206788909980085062e-01,3.755262832810600526e-03,2.659509695391238382e-01,1.449764868969994069e-01,-2.126913172407498553e+00,-1.530016466230883276e+00,4.729267825688978633e-01,-3.083040984484554103e-01,-1.309115263512907468e-01,3.961215327553982979e-01,-9.276355269587638341e-02
4.540000,9.023304081875961960e-03,-3.615331949198615780e-01,1.224797862633308504e-01,-4.919131668382697997e-01,-5.156522282356774678e-01,-4.710901956392391510e-01,5.198059670485793982e-01,3.983452457811501729e-02,3.815047311623384618e-01,1.117735318625786123e+00,5.668450835771663421e-01,1.398601544101443217e-01,-8.070753781549606237e-03,1.426480444703826650e-03,-5.857475851467089933e-01,-1.183521525828777010e+00,5.547606921742080921e-01,2.685735980200997242e-01,7.512581659904013498e-02,-8.680000000000090421e-03,-1.035531956345221161e-01,7.506426235592147944e-02,-1.931295715778231781e+00,1.599991101888532441e+00,-3.729885286905035291e-01,-1.212273856090323176e-01,3.755262832810600526e-03,2.658620244670659161e-01,1.449764868969994069e-01,-2.127165183444995833e+00,-1.529868224444120184e+00,4.727785407821346597e-01,-3.087488238087449655e-01,-1.309115263512907468e-01,3.960029393259877906e-01,-9.276355269587638341e-02
4.550000,9.076405217789440191e-03,-3.616216968130506748e-01,1.224091778787785023e-01,-4.919131668382697997e-01,-5.156522282356774678e-01,-4.710901956392391510e-01,5.198059670485793982e-01,3.994957703926090009e-02,3.814339296477871621e-01,1.117540614460770021e+00,5.670751884994581493e-01,1.397539521383173444e-01,-8.070753781549606237e-03,1.514982337892958192e-03,-5.857121843894332880e-01,-1.183388772988993365e+00,5.548757446353539402e-01,2.684850961269106273e-01,7.512581659904013498e-02,-8.680000000000090421e-03,-1.035587270028464346e-01,7.510298193419170931e-02,-1.931450594091312700e+00,1.599869411785397322e+00,-3.728779013240171025e-01,-1.216367068650320571e-01,3.755262832810600526e-03,2.657956480471740379e-01,1.449764868969994069e-01,-2.127353249968022553e+00,-1.529757597077633591e+00,4.726679134156482331e-01,-3.090807059082042452e-01,-1.309115263512907468e-01,3.959144374327986382e-01,-9.276355269587638341e-02
4.560000,9.113444261570598573e-03,-3.616834285526859261e-01,1.223589749355984829e-01,-4.919131668382697997e-01,-5.156522282356774678e-01,-4.710901956392391510e-01,5.198059670485793982e-01,4.002982830078673226e-02,3.813845442560789278e-01,1.117404804633572502e+00,5.672356910225098137e-01,1.396798740507550207e-01,-8.070753781549606237e-03,1.576714077528219848e-03,-5.856874916935792541e-01,-1.183296175379540349e+00,5.549559958968797169e-01,2.684233643872753761e-01,7.512581659904013498e-02,-8.680000000000090421e-03,-1.035625852365736344e-01,7.512998957028214908e-02,-1.931558624635674404e+00,1.599784530643399094e+00,-3.728007366494730523e-01,-1.219222161608451427e-01,3.755262832810600526e-03,2.657493492424476411e-01,1.449764868969994069e-01,-2.127484429914747732e+00,-1.529680432403089707e+00,4.725907487411041275e-01,-3.093121999318364512e-01,-1.309115263512907468e-01,3.958527056931633870e-01,-9.276355269587638341e-02
4.570000,9.136800305556670720e-03,-3.617223552926627228e-01,1.223292799278318105e-01,-4.919131668382697997e-01,-5.156522282356774678e-01,-4.710901956392391510e-01,5.198059670485793982e-01,4.008043306275656248e-02,3.813534028640975238e-01,1.117319165805623626e+00,5.673369005464494741e-01,1.396331619627828868e-01,-8.070753781549606237e-03,1.615640817505009652e-03,-5.856719209975884688e-01,-1.183237785269575237e+00,5.550066006588495471e-01,2.683844376472985793e-01,7.512581659904013498e-02,-8.680000000000090421e-03,-1.035650181578221807e-01,7.514702001902198725e-02,-1.931626746430633812e+00,1.599731006375930908e+00,-3.727520782245020703e-01,-1.221022523332377790e-01,3.755262832810600526e-03,2.657201541874650297e-01,1.449764868969994069e-01,-2.127567149237198585e+00,-1.529631773978118670e+00,4.725420903161331454e-01,-3.094581752067493974e-01,-1.309115263512907468e-01,3.958137789531865902e-01,-9.276355269587638341e-02
4.580000,9.149255872054232880e-03,-3.617431145701586748e-01,1.223204244175675193e-01,-4.919131668382697997e-01,-5.156522282356774678e-01,-4.710901956392391510e-01,5.198059670485793982e-01,4.010742012350126950e-02,3.813367954421007511e-01,1.117273495395132432e+00,5.673908746679389159e-01,1.396082508297877556e-01,-8.070753781549606237e-03,1.636400095000944271e-03,-5.856636172865901102e-01,-1.183206646353331282e+00,5.550335877195943235e-01,2.683636783698026274e-01,7.512581659904013498e-02,-8.680000000000090421e-03,-1.035663156126656742e-01,7.515610220292645582e-02,-1.931663075166251575e+00,1.599702462369374079e+00,-3.727261291276321442e-01,-1.221982639916564944e-01,3.755262832810600526e-03,2.657045847293430518e-01,1.449764868969994069e-01,-2.127611262701877060e+00,-1.529605824881248743e+00,4.725161412192632193e-01,-3.095360224973591756e-01,-1.309115263512907468e-01,3.957930196756906382e-01,-9.276355269587638341e-02
4.590000,9.154014080572035403e-03,-3.617510449176883358e-01,1.223329610540785511e-01,-4.919131668382697997e-01,-5.156522282356774678e-01,-4.710901956392391510e-01,5.198059670485793982e-01,4.011772957528985523e-02,3.813304511640769889e-01,1.117256048630567156e+00,5.674114935715159902e-01,1.395987344127521679e-01,-8.070753781549606237e-03,1.644330442530615721e-03,-5.856604451475783124e-01,-1.183194750832036846e+00,5.550438971713829162e-01,2.683557480222729663e-01,7.512581659904013498e-02,-8.680000000000090421e-03,-1.035668112593862850e-01,7.515957172997068947e-02,-1.931676953274428676e+00,1.599691558141520753e+00,-3.727162161932200402e-01,-1.222349418489812184e-01,3.755262832810600526e-03,2.656986369686958338e-01,1.449764868969994069e-01,-2.127628114690377714e+00,-1.529595911946836750e+00,4.725062282848511153e-01,-3.095657613005954323e-01,-1.309115263512907468e-01,3.957850893281609772e-01,-9.276355269587638341e-02
4.600000,9.154715815053653810e-03,-3.617522144751577073e-01,1.223676424448438826e-01,-4.919131668382697997e-01,-5.156522282356774678e-01,-4.710901956392391510e-01,5.198059670485793982e-01,4.011925000000001601e-02,3.813295155181015139e-01,1.117253475604134572e+00,5.674145344209363673e-01,1.395973309437889276e-01,-8.070753781549606237e-03,1.645499999999980312e-03,-5.856599773245905194e-01,-1.183192996495832761e+00,5.550454175960930492e-01,2.683545784648035948e-01,7.512581659904013498e-02,-8.680000000000090421e-03,-1.035668843567281172e-01,7.516008341136354298e-02,-1.931678999999999924e+00,1.599689950000000360e+00,-3.727147542463833396e-01,-1.222403510522770270e-01,3.755262832810600526e-03,2.656977598005937913e-01,1.449764868969994069e-01,-2.127630600000000261e+00,-1.529594449999999828e+00,4.725047663380144147e-01,-3.095701471411055339e-01,-1.309115263512907468e-01,3.957839197706916057e-01,-9.276355269587638341e-02
4.610000,9.153755323777209435e-03,-3.617546157033488252e-01,1.224222604955659682e-01,-4.919131668382697997e-01,-5.156522282356774678e-01,-4.710901956392391510e-01,5.198059670485793982e-01,4.011925000000001601e-02,3.813295155181015139e-01,1.117253475604134572e+00,5.674106924558306453e-01,1.395973309437889276e-01,-8.070753781549606237e-03,1.645499999999980312e-03,-5.856599773245905194e-01,-1.183192996495832761e+00,5.550454175960930492e-01,2.683545784648035948e-01,7.512581659904013498e-02,-8.680000000000090421e-03,-1.035650834355847927e-01,7.516008341136354298e-02,-1.931678999999999924e+00,1.599689950000000360e+00,-3.727147542463833396e-01,-1.222403510522770270e-01,3.755262832810600526e-03,2.656977598005937913e-01,1.449764868969994069e-01,-2.127630600000000261e+00,-1.529594449999999828e+00,4.725047663380144147e-01,-3.095581410001500000e-01,-1.309115263512907468e-01,3.957839197706916057e-01,-9.276355269587638341e-02
4.620000,9.147463415968483391e-03,-3.617703454728706247e-01,1.224834615623743572e-01,-4.919131668382697997e-01,-5.156522282356774678e-01,-4.710901956392391510e-01,5.198059670485793982e-01,4.011925000000001601e-02,3.813295155181015139e-01,1.117253475604134572e+00,5.673855248245956995e-01,1.395973309437889276e-01,-8.070753781549606237e-03,1.645499999999980312e-03,-5.856599773245905194e-01,-1.183192996495832761e+00,5.550454175960930492e-01,2.683545784648035948e-01,7.512581659904013498e-02,-8.680000000000090421e-03,-1.035532861084434292e-01,7.516008341136354298e-02,-1.931678999999999924e+00,1.599689950000000360e+00,-3.727147542463833396e-01,-1.222403510522770270e-01,3.755262832810600526e-03,2.656977598005937913e-01,1.449764868969994069e-01,-2.127630600000000261e+00,-1.529594449999999828e+00,4.725047663380144147e-01,-3.094794921525408915e-01,-1.309115263512907468e-01,3.957839197706916057e-01,-9.276355269587638341e-02
4.630000,9.131650225458571787e-03,-3.618098784491454167e-01,1.225381205068869633e-01,-4.919131668382697997e-01,-5.156522282356774678e-01,-4.710901956392391510e-01,5.198059670485793982e-01,4.011925000000001601e-02,3.813295155181015139e-01,1.117253475604134572e+00,5.673222720625560322e-01,1.395973309437889276e-01,-8.070753781549606237e-03,1.645499999999980312e-03,-5.856599773245905194e-01,-1.183192996495832761e+00,5.550454175960930492e-01,2.683545784648035948e-01,7.512581659904013498e-02,-8.680000000000090421e-03,-1.035236363762373352e-01,7.516008341136354298e-02,-1.931678999999999924e+00,1.599689950000000360e+00,-3.727147542463833396e-01,-1.222403510522770270e-01,3.755262832810600526e-03,2.656977598005937913e-01,1.449764868969994069e-01,-2.127630600000000261e+00,-1.529594449999999828e+00,4.725047663380144147e-01,-3.092818272711670424e-01,-1.309115263512907468e-01,3.957839197706916057e-01,-9.276355269587638341e-02
4.640000,9.103279980951447387e-03,-3.618808040604132303e-01,1.225764418254536164e-01,-4.919131668382697997e-01,-5.156522282356774678e-01,-4.710901956392391510e-01,5.198059670485793982e-01,4.011925000000001601e-02,3.813295155181015139e-01,1.117253475604134572e+00,5.672087910845274861e-01,1.395973309437889276e-01,-8.070753781549606237e-03,1.645499999999980312e-03,-5.856599773245905194e-01,-1.183192996495832761e+00,5.550454175960930492e-01,2.683545784648035948e-01,7.512581659904013498e-02,-8.680000000000090421e-03,-1.034704421677864888e-01,7.516008341136354298e-02,-1.931678999999999924e+00,1.599689950000000360e+00,-3.727147542463833396e-01,-1.222403510522770270e-01,3.755262832810600526e-03,2.656977598005937913e-01,1.449764868969994069e-01,-2.127630600000000261e+00,-1.529594449999999828e+00,4.725047663380144147e-01,-3.089271992148279744e-01,-1.309115263512907468e-01,3.957839197706916057e-01,-9.276355269587638341e-02
4.650000,9.060370649948043184e-03,-3.619880773879217140e-01,1.225916094902452513e-01,-4.919131668382697997e-01,-5.156522282356774678e-01,-4.710901956392391510e-01,5.198059670485793982e-01,4.011925000000001601e-02,3.813295155181015139e-01,1.117253475604134572e+00,5.670371537605138901e-01,1.395973309437889276e-01,-8.070753781549606237e-03,1.645499999999980312e-03,-5.856599773245905194e-01,-1.183192996495832761e+00,5.550454175960930492e-01,2.683545784648035948e-01,7.512581659904013498e-02,-8.680000000000090421e-03,-1.033899871721550984e-01,7.516008341136354298e-02,-1.931678999999999924e+00,1.599689950000000360e+00,-3.727147542463833396e-01,-1.222403510522770270e-01,3.755262832810600526e-03,2.656977598005937913e-01,1.449764868969994069e-01,-2.127630600000000261e+00,-1.529594449999999828e+00,4.725047663380144147e-01,-3.083908325772853898e-01,-1.309115263512907468e-01,3.957839197706916057e-01,-9.276355269587638341e-02
4.660000,9.001893582670375885e-03,-3.621342700561159256e-01,1.225794432848239107e-01,-4.919131668382697997e-01,-5.156522282356774678e-01,-4.710901956392391510e-01,5.198059670485793982e-01,4.011925000000001601e-02,3.813295155181015139e-01,1.117253475604134572e+00,5.668032454914032625e-01,1.395973309437889276e-01,-8.070753781549606237e-03,1.645499999999980312e-03,-5.856599773245905194e-01,-1.183192996495832761e+00,5.550454175960930492e-01,2.683545784648035948e-01,7.512581659904013498e-02,-8.680000000000090421e-03,-1.032803426710094813e-01,7.516008341136354298e-02,-1.931678999999999924e+00,1.599689950000000360e+00,-3.727147542463833396e-01,-1.222403510522770270e-01,3.755262832810600526e-03,2.656977598005937913e-01,1.449764868969994069e-01,-2.127630600000000261e+00,-1.529594449999999828e+00,4.725047663380144147e-01,-3.076598692363146093e-01,-1.309115263512907468e-01,3.957839197706916057e-01,-9.276355269587638341e-02
4.670000,8.927673155985613868e-03,-3.623198211228277898e-01,1.225380649429353846e-01,-4.919131668382697997e-01,-5.156522282356774678e-01,-4.710901956392391510e-01,5.198059670485793982e-01,4.011925000000001601e-02,3.813295155181015139e-01,1.117253475604134572e+00,5.665063637846642353e-01,1.395973309437889276e-01,-8.070753781549606237e-03,1.645499999999980312e-03,-5.856599773245905194e-01,-1.183192996495832761e+00,5.550454175960930492e-01,2.683545784648035948e-01,7.512581659904013498e-02,-8.680000000000090421e-03,-1.031411793709755415e-01,7.516008341136354298e-02,-1.931678999999999924e+00,1.599689950000000360e+00,-3.727147542463833396e-01,-1.222403510522770270e-01,3.755262832810600526e-03,2.656977598005937913e-01,1.449764868969994069e-01,-2.127630600000000261e+00,-1.529594449999999828e+00,4.725047663380144147e-01,-3.067321139027550103e-01,-1.309115263512907468e-01,3.957839197706916057e-01,-9.276355269587638341e-02
4.680000,8.838286417330190256e-03,-3.625432879694663879e-01,1.224675767915768820e-01,-4.919131668382697997e-01,-5.156522282356774678e-01,-4.710901956392391510e-01,5.198059670485793982e-01,4.011925000000001601e-02,3.813295155181015139e-01,1.117253475604134572e+00,5.661488168300424784e-01,1.395973309437889276e-01,-8.070753781549606237e-03,1.645499999999980312e-03,-5.856599773245905194e-01,-1.183192996495832761e+00,5.550454175960930492e-01,2.683545784648035948e-01,7.512581659904013498e-02,-8.680000000000090421e-03,-1.029735792359966207e-01,7.516008341136354298e-02,-1.931678999999999924e+00,1.599689950000000360e+00,-3.727147542463833396e-01,-1.222403510522770270e-01,3.755262832810600526e-03,2.656977598005937913e-01,1.449764868969994069e-01,-2.127630600000000261e+00,-1.529594449999999828e+00,4.725047663380144147e-01,-3.056147796695622421e-01,-1.309115263512907468e-01,3.957839197706916057e-01,-9.276355269587638341e-02
4.690000,8.734962728633893433e-03,-3.628015971912070814e-01,1.223697548068809204e-01,-4.919131668382697997e-01,-5.156522282356774678e-01,-4.710901956392391510e-01,5.198059670485793982e-01,4.011925000000001601e-02,3.813295155181015139e-01,1.117253475604134572e+00,5.657355220752573466e-01,1.395973309437889276e-01,-8.070753781549606237e-03,1.645499999999980312e-03,-5.856599773245905194e-01,-1.183192996495832761e+00,5.550454175960930492e-01,2.683545784648035948e-01,7.512581659904013498e-02,-8.680000000000090421e-03,-1.027798473196910728e-01,7.516008341136354298e-02,-1.931678999999999924e+00,1.599689950000000360e+00,-3.727147542463833396e-01,-1.222403510522770270e-01,3.755262832810600526e-03,2.656977598005937913e-01,1.449764868969994069e-01,-2.127630600000000261e+00,-1.529594449999999828e+00,4.725047663380144147e-01,-3.043232335608585526e-01,-1.309115263512907468e-01,3.957839197706916057e-01,-9.276355269587638341e-02
4.700000,8.619483410244000929e-03,-3.630902954871818578e-01,1.222477570640693456e-01,-4.919131668382697997e-01,-5.156522282356774678e-01,-4.710901956392391510e-01,5.198059670485793982e-01,4.011925000000001601e-02,3.813295155181015139e-01,1.117253475604134572e+00,5.652736048016977488e-01,1.395973309437889276e-01,-8.070753781549606237e-03,1.645499999999980312e-03,-5.856599773245905194e-01,-1.183192996495832761e+00,5.550454175960930492e-01,2.683545784648035948e-01,7.512581659904013498e-02,-8.680000000000090421e-03,-1.025633235977100183e-01,7.516008341136354298e-02,-1.931678999999999924e+00,1.599689950000000360e+00,-3.727147542463833396e-01,-1.222403510522770270e-01,3.755262832810600526e-03,2.656977598005937913e-01,1.449764868969994069e-01,-2.127630600000000261e+00,-1.529594449999999828e+00,4.725047663380144147e-01,-3.028797420809848928e-01,-1.309115263512907468e-01,3.957839197706916057e-01,-9.276355269587638341e-02
4.710000,8.494081384849316158e-03,-3.634038005506685654e-01,1.221058475618934935e-01,-4.919131668382697997e-01,-5.156522282356774678e-01,-4.710901956392391510e-01,5.198059670485793982e-01,4.011925000000001601e-02,3.813295155181015139e-01,1.117253475604134572e+00,5.647719967001190167e-01,1.395973309437889276e-01,-8.070753781549606237e-03,1.645499999999980312e-03,-5.856599773245905194e-01,-1.183192996495832761e+00,5.550454175960930492e-01,2.683545784648035948e-01,7.512581659904013498e-02,-8.680000000000090421e-03,-1.023281948000949876e-01,7.516008341136354298e-02,-1.931678999999999924e+00,1.599689950000000360e+00,-3.727147542463833396e-01,-1.222403510522770270e-01,3.755262832810600526e-03,2.656977598005937913e-01,1.449764868969994069e-01,-2.127630600000000261e+00,-1.529594449999999828e+00,4.725047663380144147e-01,-3.013122167635513549e-01,-1.309115263512907468e-01,3.957839197706916057e-01,-9.276355269587638341e-02
4.720000,8.361340821404312715e-03,-3.637356519592810367e-01,1.219491343959452634e-01,-4.919131668382697997e-01,-5.156522282356774678e-01,-4.710901956392391510e-01,5.198059670485793982e-01,4.011925000000001601e-02,3.813295155181015139e-01,1.117253475604134572e+00,5.642410344463389960e-01,1.395973309437889276e-01,-8.070753781549606237e-03,1.645499999999980312e-03,-5.856599773245905194e-01,-1.183192996495832761e+00,5.550454175960930492e-01,2.683545784648035948e-01,7.512581659904013498e-02,-8.680000000000090421e-03,-1.020793062436356063e-01,7.516008341136354298e-02,-1.931678999999999924e+00,1.599689950000000360e+00,-3.727147542463833396e-01,-1.222403510522770270e-01,3.755262832810600526e-03,2.656977598005937913e-01,1.449764868969994069e-01,-2.127630600000000261e+00,-1.529594449999999828e+00,4.725047663380144147e-01,-2.996529597204887763e-01,-1.309115263512907468e-01,3.957839197706916057e-01,-9.276355269587638341e-02
4.730000,8.224096779053204076e-03,-3.640787620651588230e-01,1.217833203145060467e-01,-4.919131668382697997e-01,-5.156522282356774678e-01,-4.710901956392391510e-01,5.198059670485793982e-01,4.011925000000001601e-02,3.813295155181015139e-01,1.117253475604134572e+00,5.636920582769345822e-01,1.395973309437889276e-01,-8.070753781549606237e-03,1.645499999999980312e-03,-5.856599773245905194e-01,-1.183192996495832761e+00,5.550454175960930492e-01,2.683545784648035948e-01,7.512581659904013498e-02,-8.680000000000090421e-03,-1.018219736642272805e-01,7.516008341136354298e-02,-1.931678999999999924e+00,1.599689950000000360e+00,-3.727147542463833396e-01,-1.222403510522770270e-01,3.755262832810600526e-03,2.656977598005937913e-01,1.449764868969994069e-01,-2.127630600000000261e+00,-1.529594449999999828e+00,4.725047663380144147e-01,-2.979374091910999001e-01,-1.309115263512907468e-01,3.957839197706916057e-01,-9.276355269587638341e-02
4.740000,8.085334851054091360e-03,-3.644256668851565961e-01,1.216986277806189204e-01,-4.919131668382697997e-01,-5.156522282356774678e-01,-4.710901956392391510e-01,5.198059670485793982e-01,4.011925000000001601e-02,3.813295155181015139e-01,1.117253475604134572e+00,5.631370105649381452e-01,1.395973309437889276e-01,-8.070753781549606237e-03,1.645499999999980312e-03,-5.856599773245905194e-01,-1.183192996495832761e+00,5.550454175960930492e-01,2.683545784648035948e-01,7.512581659904013498e-02,-8.680000000000090421e-03,-1.015617950492289367e-01,7.516008341136354298e-02,-1.931678999999999924e+00,1.599689950000000360e+00,-3.727147542463833396e-01,-1.222403510522770270e-01,3.755262832810600526e-03,2.656977598005937913e-01,1.449764868969994069e-01,-2.127630600000000261e+00,-1.529594449999999828e+00,4.725047663380144147e-01,-2.962028850911110345e-01,-1.309115263512907468e-01,3.957839197706916057e-01,-9.276355269587638341e-02
4.750000,7.948090808702994864e-03,-3.647687769910343825e-01,1.216986277806189204e-01,-4.919131668382697997e-01,-5.156522282356774678e-01,-4.710901956392391510e-01,5.198059670485793982e-01,4.011925000000001601e-02,3.813295155181015139e-01,1.117253475604134572e+00,5.625880343955337315e-01,1.395973309437889276e-01,-8.070753781549606237e-03,1.645499999999980312e-03,-5.856599773245905194e-01,-1.183192996495832761e+00,5.550454175960930492e-01,2.683545784648035948e-01,7.512581659904013498e-02,-8.680000000000090421e-03,-1.013044624698206386e-01,7.516008341136354298e-02,-1.931678999999999924e+00,1.599689950000000360e+00,-3.727147542463833396e-01,-1.222403510522770270e-01,3.755262832810600526e-03,2.656977598005937913e-01,1.449764868969994069e-01,-2.127630600000000261e+00,-1.529594449999999828e+00,4.725047663380144147e-01,-2.944873345617223248e-01,-1.309115263512907468e-01,3.957839197706916057e-01,-9.276355269587638341e-02
4.760000,7.815350245257991421e-03,-3.651006283996468538e-01,1.216986277806189204e-01,-4.919131668382697997e-01,-5.156522282356774678e-01,-4.710901956392391510e-01,5.198059670485793982e-01,4.011925000000001601e-02,3.813295155181015139e-01,1.117253475604134572e+00,5.620570721417537108e-01,1.395973309437889276e-01,-8.070753781549606237e-03,1.645499999999980312e-03,-5.856599773245905194e-01,-1.183192996495832761e+00,5.550454175960930492e-01,2.683545784648035948e-01,7.512581659904013498e-02,-8.680000000000090421e-03,-1.010555739133612574e-01,7.516008341136354298e-02,-1.931678999999999924e+00,1.599689950000000360e+00,-3.727147542463833396e-01,-1.222403510522770270e-01,3.755262832810600526e-03,2.656977598005937913e-01,1.449764868969994069e-01,-2.127630600000000261e+00,-1.529594449999999828e+00,4.725047663380144147e-01,-2.928280775186598017e-01,-1.309115263512907468e-01,3.957839197706916057e-01,-9.276355269587638341e-02
4.770000,7.689948219863296242e-03,-3.654141334631336169e-01,1.216986277806189343e-01,-4.919131668382697997e-01,-5.156522282356774678e-01,-4.710901956392391510e-01,5.198059670485793982e-01,4.011925000000001601e-02,3.813295155181015139e-01,1.117253475604134572e+00,5.615554640401749786e-01,1.395973309437889276e-01,-8.070753781549606237e-03,1.645499999999980312e-03,-5.856599773245905194e-01,-1.183192996495832761e+00,5.550454175960930492e-01,2.683545784648035948e-01,7.512581659904013498e-02,-8.680000000000090421e-03,-1.008204451157461989e-01,7.516008341136354298e-02,-1.931678999999999924e+00,1.599689950000000360e+00,-3.727147542463833396e-01,-1.222403510522770270e-01,3.755262832810600526e-03,2.656977598005937913e-01,1.449764868969994069e-01,-2.127630600000000261e+00,-1.529594449999999828e+00,4.725047663380144147e-01,-2.912605522012260972e-01,-1.309115263512907468e-01,3.957839197706916057e-01,-9.276355269587638341e-02
4.780000,7.574468901473403737e-03,-3.657028317591083377e-01,1.216986277806189343e-01,-4.919131668382697997e-01,-5.156522282356774678e-01,-4.710901956392391510e-01,5.198059670485793982e-01,4.011925000000001601e-02,3.813295155181015139e-01,1.117253475604134572e+00,5.610935467666153809e-01,1.395973309437889276e-01,-8.070753781549606237e-03,1.645499999999980312e-03,-5.856599773245905194e-01,-1.183192996495832761e+00,5.550454175960930492e-01,2.683545784648035948e-01,7.512581659904013498e-02,-8.680000000000090421e-03,-1.006039213937651583e-01,7.516008341136354298e-02,-1.931678999999999924e+00,1.599689950000000360e+00,-3.727147542463833396e-01,-1.222403510522770270e-01,3.755262832810600526e-03,2.656977598005937913e-01,1.449764868969994069e-01,-2.127630600000000261e+00,-1.529594449999999828e+00,4.725047663380144147e-01,-2.898170607213524375e-01,-1.309115263512907468e-01,3.957839197706916057e-01,-9.276355269587638341e-02
4.790000,7.471145212777117323e-03,-3.659611409808490312e-01,1.216986277806189204e-01,-4.919131668382697997e-01,-5.156522282356774678e-01,-4.710901956392391510e-01,5.198059670485793982e-01,4.011925000000001601e-02,3.813295155181015139e-01,1.117253475604134572e+00,5.606802520118302491e-01,1.395973309437889276e-01,-8.070753781549606237e-03,1.645499999999980312e-03,-5.856599773245905194e-01,-1.183192996495832761e+00,5.550454175960930492e-01,2.683545784648035948e-01,7.512581659904013498e-02,-8.680000000000090421e-03,-1.004101894774596104e-01,7.516008341136354298e-02,-1.931678999999999924e+00,1.599689950000000360e+00,-3.727147542463833396e-01,-1.222403510522770270e-01,3.755262832810600526e-03,2.656977598005937913e-01,1.449764868969994069e-01,-2.127630600000000261e+00,-1.529594449999999828e+00,4.725047663380144147e-01,-2.885255146126488590e-01,-1.309115263512907468e-01,3.957839197706916057e-01,-9.276355269587638341e-02
4.800000,7.381758474121693711e-03,-3.661846078274876293e-01,1.216986277806189204e-01,-4.919131668382697997e-01,-5.156522282356774678e-01,-4.710901956392391510e-01,5.198059670485793982e-01,4.011925000000001601e-02,3.813295155181015139e-01,1.117253475604134572e+00,5.603227050572084922e-01,1.395973309437889276e-01,-8.070753781549606237e-03,1.645499999999980312e-03,-5.856599773245905194e-01,-1.183192996495832761e+00,5.550454175960930492e-01,2.683545784648035948e-01,7.512581659904013498e-02,-8.680000000000090421e-03,-1.002425893424807035e-01,7.516008341136354298e-02,-1.931678999999999924e+00,1.599689950000000360e+00,-3.727147542463833396e-01,-1.222403510522770270e-01,3.755262832810600526e-03,2.656977598005937913e-01,1.449764868969994069e-01,-2.127630600000000261e+00,-1.529594449999999828e+00,4.725047663380144147e-01,-2.874081803794560352e-01,-1.309115263512907468e-01,3.957839197706916057e-01,-9.276355269587638341e-02
4.810000,7.307538047436924755e-03,-3.663701588941995491e-01,1.216986277806189343e-01,-4.919131668382697997e-01,-5.156522282356774678e-01,-4.710901956392391510e-01,5.198059670485793982e-01,4.011925000000001601e-02,3.813295155181015139e-01,1.117253475604134572e+00,5.600258233504694649e-01,1.395973309437889276e-01,-8.070753781549606237e-03,1.645499999999980312e-03,-5.856599773245905194e-01,-1.183192996495832761e+00,5.550454175960930492e-01,2.683545784648035948e-01,7.512581659904013498e-02,-8.680000000000090421e-03,-1.001034260424467637e-01,7.516008341136354298e-02,-1.931678999999999924e+00,1.599689950000000360e+00,-3.727147542463833396e-01,-1.222403510522770270e-01,3.755262832810600526e-03,2.656977598005937913e-01,1.449764868969994069e-01,-2.127630600000000261e+00,-1.529594449999999828e+00,4.725047663380144147e-01,-2.864804250458964363e-01,-1.309115263512907468e-01,3.957839197706916057e-01,-9.276355269587638341e-02
4.820000,7.249060980159258323e-03,-3.665163515623937052e-01,1.216986277806189343e-01,-4.919131668382697997e-01,-5.156522282356774678e-01,-4.710901956392391510e-01,5.198059670485793982e-01,4.011925000000001601e-02,3.813295155181015139e-01,1.117253475604134572e+00,5.597919150813587263e-01,1.395973309437889276e-01,-8.070753781549606237e-03,1.645499999999980312e-03,-5.856599773245905194e-01,-1.183192996495832761e+00,5.550454175960930492e-01,2.683545784648035948e-01,7.512581659904013498e-02,-8.680000000000090421e-03,-9.999378154130113272e-02,7.516008341136354298e-02,-1.931678999999999924e+00,1.599689950000000360e+00,-3.727147542463833396e-01,-1.222403510522770270e-01,3.755262832810600526e-03,2.656977598005937913e-01,1.449764868969994069e-01,-2.127630600000000261e+00,-1.529594449999999828e+00,4.725047663380144147e-01,-2.857494617049256003e-01,-1.309115263512907468e-01,3.957839197706916057e-01,-9.276355269587638341e-02
4.830000,7.206151649155861927e-03,-3.666236248899021888e-01,1.216986277806189343e-01,-4.919131668382697997e-01,-5.156522282356774678e-01,-4.710901956392391510e-01,5.198059670485793982e-01,4.011925000000001601e-02,3.813295155181015139e-01,1.117253475604134572e+00,5.596202777573452414e-01,1.395973309437889276e-01,-8.070753781549606237e-03,1.645499999999980312e-03,-5.856599773245905194e-01,-1.183192996495832761e+00,5.550454175960930492e-01,2.683545784648035948e-01,7.512581659904013498e-02,-8.680000000000090421e-03,-9.991332654566975613e-02,7.516008341136354298e-02,-1.931678999999999924e+00,1.599689950000000360e+00,-3.727147542463833396e-01,-1.222403510522770270e-01,3.755262832810600526e-03,2.656977598005937913e-01,1.449764868969994069e-01,-2.127630600000000261e+00,-1.529594449999999828e+00,4.725047663380144147e-01,-2.852130950673831267e-01,-1.309115263512907468e-01,3.957839197706916057e-01,-9.276355269587638341e-02
4.840000,7.177781404648736659e-03,-3.666945505011700024e-01,1.216986277806189204e-01,-4.919131668382697997e-01,-5.156522282356774678e-01,-4.710901956392391510e-01,5.198059670485793982e-01,4.011925000000001601e-02,3.813295155181015139e-01,1.117253475604134572e+00,5.595067967793166952e-01,1.395973309437889276e-01,-8.070753781549606237e-03,1.645499999999980312e-03,-5.856599773245905194e-01,-1.183192996495832761e+00,5.550454175960930492e-01,2.683545784648035948e-01,7.512581659904013498e-02,-8.680000000000090421e-03,-9.986013233721890980e-02,7.516008341136354298e-02,-1.931678999999999924e+00,1.599689950000000360e+00,-3.727147542463833396e-01,-1.222403510522770270e-01,3.755262832810600526e-03,2.656977598005937913e-01,1.449764868969994069e-01,-2.127630600000000261e+00,-1.529594449999999828e+00,4.725047663380144147e-01,-2.848584670110441142e-01,-1.309115263512907468e-01,3.957839197706916057e-01,-9.276355269587638341e-02
4.850000,7.161968214138825055e-03,-3.667340834774447944e-01,1.216986277806189343e-01,-4.919131668382697997e-01,-5.156522282356774678e-01,-4.710901956392391510e-01,5.198059670485793982e-01,4.011925000000001601e-02,3.813295155181015139e-01,1.117253475604134572e+00,5.594435440172770280e-01,1.395973309437889276e-01,-8.070753781549606237e-03,1.645499999999980312e-03,-5.856599773245905194e-01,-1.183192996495832761e+00,5.550454175960930492e-01,2.683545784648035948e-01,7.512581659904013498e-02,-8.680000000000090421e-03,-9.983048260501281579e-02,7.516008341136354298e-02,-1.931678999999999924e+00,1.599689950000000360e+00,-3.727147542463833396e-01,-1.222403510522770270e-01,3.755262832810600526e-03,2.656977598005937913e-01,1.449764868969994069e-01,-2.127630600000000261e+00,-1.529594449999999828e+00,4.725047663380144147e-01,-2.846608021296702096e-01,-1.309115263512907468e-01,3.957839197706916057e-01,-9.276355269587638341e-02
4.860000,7.155676306330098144e-03,-3.667498132469665939e-01,1.216986277806189343e-01,-4.919131668382697997e-01,-5.156522282356774678e-01,-4.710901956392391510e-01,5.198059670485793982e-01,4.011925000000001601e-02,3.813295155181015139e-01,1.117253475604134572e+00,5.594183763860420822e-01,1.395973309437889276e-01,-8.070753781549606237e-03,1.645499999999980312e-03,-5.856599773245905194e-01,-1.183192996495832761e+00,5.550454175960930492e-01,2.683545784648035948e-01,7.512581659904013498e-02,-8.680000000000090421e-03,-9.981868527787145229e-02,7.516008341136354298e-02,-1.931678999999999924e+00,1.599689950000000360e+00,-3.727147542463833396e-01,-1.222403510522770270e-01,3.755262832810600526e-03,2.656977598005937913e-01,1.449764868969994069e-01,-2.127630600000000261e+00,-1.529594449999999828e+00,4.725047663380144147e-01,-2.845821532820611011e-01,-1.309115263512907468e-01,3.957839197706916057e-01,-9.276355269587638341e-02
4.870000,7.154715815053653769e-03,-3.667522144751577118e-01,1.216986277806189204e-01,-4.919131668382697997e-01,-5.156522282356774678e-01,-4.710901956392391510e-01,5.198059670485793982e-01,4.011925000000001601e-02,3.813295155181015139e-01,1.117253475604134572e+00,5.594145344209363602e-01,1.395973309437889276e-01,-8.070753781549606237e-03,1.645499999999980312e-03,-5.856599773245905194e-01,-1.183192996495832761e+00,5.550454175960930492e-01,2.683545784648035948e-01,7.512581659904013498e-02,-8.680000000000090421e-03,-9.981688435672812776e-02,7.516008341136354298e-02,-1.931678999999999924e+00,1.599689950000000360e+00,-3.727147542463833396e-01,-1.222403510522770270e-01,3.755262832810600526e-03,2.656977598005937913e-01,1.449764868969994069e-01,-2.127630600000000261e+00,-1.529594449999999828e+00,4.725047663380144147e-01,-2.845701471411055672e-01,-1.309115263512907468e-01,3.957839197706916057e-01,-9.276355269587638341e-02
4.880000,7.154062986401576833e-03,-3.667571106900482936e-01,1.216981179023629983e-01,-4.919131668382697997e-01,-5.156522282356774678e-01,-4.710901956392391510e-01,5.198059670485793982e-01,4.011454963370505999e-02,3.813310823068665201e-01,1.117258306536160095e+00,5.594082672658764466e-01,1.396002033898580685e-01,-8.070753781549606237e-03,1.647197354495383986e-03,-5.856599773245905194e-01,-1.183192996495832761e+00,5.550471149505884494e-01,2.683545784648035948e-01,7.512581659904013498e-02,-8.682284900282360995e-03,-9.981606832091302617e-02,7.515951218629296493e-02,-1.931681121693119119e+00,1.599690766035815503e+00,-3.727147542463833396e-01,-1.222416567095811757e-01,3.755262832810600526e-03,2.656977598005937913e-01,1.449764868969994069e-01,-2.127623418884827089e+00,-1.529597061314608375e+00,4.725080304812748211e-01,-2.845595386755093159e-01,-1.309115263512907468e-01,3.957862046709739179e-01,-9.276355269587638341e-02
4.890000,7.149641824454716285e-03,-3.667902694046497603e-01,1.216946648413452514e-01,-4.919131668382697997e-01,-5.156522282356774678e-01,-4.710901956392391510e-01,5.198059670485793982e-01,4.008271726768767446e-02,3.813416930955389472e-01,1.117291023134566741e+00,5.593658241111865159e-01,1.396196565024242497e-01,-8.070753781549606237e-03,1.658692375557217075e-03,-5.856599773245905194e-01,-1.183192996495832761e+00,5.550586099716502408e-01,2.683545784648035948e-01,7.512581659904013498e-02,-8.697758967096368143e-03,-9.981054186847945764e-02,7.515564366958946141e-02,-1.931695490469446552e+00,1.599696292488248961e+00,-3.727147542463833396e-01,-1.222504990334749020e-01,3.755262832810600526e-03,2.656977598005937913e-01,1.449764868969994069e-01,-2.127574786103411775e+00,-1.529614745962395661e+00,4.725301362910091507e-01,-2.844876947938728140e-01,-1.309115263512907468e-01,3.958016787377879320e-01,-9.276355269587638341e-02
4.900000,7.138085004544177277e-03,-3.668769455539787616e-01,1.216856385802909946e-01,-4.919131668382697997e-01,-5.156522282356774678e-01,-4.710901956392391510e-01,5.198059670485793982e-01,3.999950816433178735e-02,3.813694294633242499e-01,1.117376543601904748e+00,5.592548786400454164e-01,1.396705065100306009e-01,-8.070753781549606237e-03,1.688740107324619016e-03,-5.856599773245905194e-01,-1.183192996495832761e+00,5.550886577034176428e-01,2.683545784648035948e-01,7.512581659904013498e-02,-8.738207836783258575e-03,-9.979609584359128149e-02,7.514553145216774921e-02,-1.931733050134155860e+00,1.599710738513137276e+00,-3.727147542463833396e-01,-1.222736126732959783e-01,3.755262832810600526e-03,2.656977598005937913e-01,1.449764868969994069e-01,-2.127447661084395758e+00,-1.529660973242037869e+00,4.725879203905618553e-01,-2.842998964703265519e-01,-1.309115263512907468e-01,3.958421276074747808e-01,-9.276355269587638341e-02
4.910000,7.116447014294483703e-03,-3.670392304808514639e-01,1.216687384510073272e-01,-4.919131668382697997e-01,-5.156522282356774678e-01,-4.710901956392391510e-01,5.198059670485793982e-01,3.984371463453399015e-02,3.814213606399235457e-01,1.117536664729752438e+00,5.590471539336483442e-01,1.397657136671292544e-01,-8.070753781549606237e-03,1.744998881973824911e-03,-5.856599773245905194e-01,-1.183192996495832761e+00,5.551449164780668522e-01,2.683545784648035948e-01,7.512581659904013498e-02,-8.813940802657186518e-03,-9.976904835577915520e-02,7.512659821069926636e-02,-1.931803373602467122e+00,1.599737786000949402e+00,-3.727147542463833396e-01,-1.223168886537953637e-01,3.755262832810600526e-03,2.656977598005937913e-01,1.449764868969994069e-01,-2.127209643191649402e+00,-1.529747525203036584e+00,4.726961103418103050e-01,-2.839482791287690211e-01,-1.309115263512907468e-01,3.959178605733487122e-01,-9.276355269587638341e-02
4.920000,7.082186936795274897e-03,-3.672961810620955503e-01,1.216419796011028176e-01,-4.919131668382697997e-01,-5.156522282356774678e-01,-4.710901956392391510e-01,5.198059670485793982e-01,3.959704207653969021e-02,3.815035848259216156e-01,1.117790189303246695e+00,5.587182571896559535e-01,1.399164580081257991e-01,-8.070753781549606237e-03,1.834075083471765205e-03,-5.856599773245905194e-01,-1.183192996495832761e+00,5.552339926795648584e-01,2.683545784648035948e-01,7.512581659904013498e-02,-8.933851073904416906e-03,-9.972622325890515005e-02,7.509662064288745442e-02,-1.931914718854339519e+00,1.599780611097823213e+00,-3.727147542463833396e-01,-1.223854088087937830e-01,3.755262832810600526e-03,2.656977598005937913e-01,1.449764868969994069e-01,-2.126832782339158179e+00,-1.529884565513033534e+00,4.728674107293063256e-01,-2.833915528694068708e-01,-1.309115263512907468e-01,3.960377708445959599e-01,-9.276355269587638341e-02
4.930000,7.033151233773005800e-03,-3.676639488347625551e-01,1.216036794542196819e-01,-4.919131668382697997e-01,-5.156522282356774678e-01,-4.710901956392391510e-01,5.198059670485793982e-01,3.924398501477935342e-02,3.816212705131750704e-01,1.118153053505611449e+00,5.582475144406421341e-01,1.401322151014237627e-01,-8.070753781549606237e-03,1.961567911329665376e-03,-5.856599773245905194e-01,-1.183192996495832761e+00,5.553614855074227030e-01,2.683545784648035948e-01,7.512581659904013498e-02,-9.105476034482355707e-03,-9.966492863012731129e-02,7.505371440274297146e-02,-1.932074084889161991e+00,1.599841905726601121e+00,-3.727147542463833396e-01,-1.224834802148383195e-01,3.755262832810600526e-03,2.656977598005937913e-01,1.449764868969994069e-01,-2.126293389605913298e+00,-1.530080708325122441e+00,4.731125892444176806e-01,-2.825947226952950087e-01,-1.309115263512907468e-01,3.962093958051738918e-01,-9.276355269587638341e-02
4.940000,6.967556528762634989e-03,-3.681559091223403635e-01,1.215524441760301999e-01,-4.919131668382697997e-01,-5.156522282356774678e-01,-4.710901956392391510e-01,5.198059670485793982e-01,3.877170313870468427e-02,3.817786978051999625e-01,1.118638454322688158e+00,5.576178052725425660e-01,1.404208318034693981e-01,-8.070753781549606237e-03,2.132114144356628271e-03,-5.856599773245905194e-01,-1.183192996495832761e+00,5.555320317404497388e-01,2.683545784648035948e-01,7.512581659904013498e-02,-9.335057502018656583e-03,-9.958293524886435710e-02,7.499631903585890491e-02,-1.932287267680445675e+00,1.599923899107864145e+00,-3.727147542463833396e-01,-1.226146696248590628e-01,3.755262832810600526e-03,2.656977598005937913e-01,1.449764868969994069e-01,-2.125571847850798779e+00,-1.530343087145163983e+00,4.734405627694695529e-01,-2.815288087388764793e-01,-1.309115263512907468e-01,3.964389772727101580e-01,-9.276355269587638341e-02
4.950000,6.883972390279345654e-03,-3.687827901609650461e-01,1.214871551553484974e-01,-4.919131668382697997e-01,-5.156522282356774678e-01,-4.710901956392391510e-01,5.198059670485793982e-01,3.816989734162500730e-02,3.819792997375598409e-01,1.119256976947464510e+00,5.568153975431030522e-01,1.407886020127958604e-01,-8.070753781549606237e-03,2.349432904413178286e-03,-5.856599773245905194e-01,-1.183192996495832761e+00,5.557493505005062229e-01,2.683545784648035948e-01,7.512581659904013498e-02,-9.627601986710167953e-03,-9.947845507576023871e-02,7.492318291468602620e-02,-1.932558916130516558e+00,1.600028379280968194e+00,-3.727147542463833396e-01,-1.227818379018256467e-01,3.755262832810600526e-03,2.656977598005937913e-01,1.449764868969994069e-01,-2.124652422327482526e+00,-1.530677423699097206e+00,4.738584834618859709e-01,-2.801705664885230651e-01,-1.309115263512907468e-01,3.967315217574016728e-01,-9.276355269587638341e-02
4.960000,6.781304114990211948e-03,-3.695528022256335254e-01,1.214069555070831363e-01,-4.919131668382697997e-01,-5.156522282356774678e-01,-4.710901956392391510e-01,5.198059670485793982e-01,3.743068575954323907e-02,3.822257035982538076e-01,1.120016722184604019e+00,5.558297821003272965e-01,1.412403424240680772e-01,-8.070753781549606237e-03,2.616370420164928698e-03,-5.856599773245905194e-01,-1.183192996495832761e+00,5.560162880162580201e-01,2.683545784648035948e-01,7.512581659904013498e-02,-9.986940950222136792e-03,-9.935011973164882548e-02,7.483334817380803139e-02,-1.932892588025206138e+00,1.600156714625079690e+00,-3.727147542463833396e-01,-1.229871744524039107e-01,3.755262832810600526e-03,2.656977598005937913e-01,1.449764868969994069e-01,-2.123523071299302067e+00,-1.531088096800253595e+00,4.743718248383316238e-01,-2.785022070150746099e-01,-1.309115263512907468e-01,3.970908607209136520e-01,-9.276355269587638341e-02
4.970000,6.658775510885913893e-03,-3.704717667564157435e-01,1.213112366014011817e-01,-4.919131668382697997e-01,-5.156522282356774678e-01,-4.710901956392391510e-01,5.198059670485793982e-01,3.654847980999229723e-02,3.825197722481040730e-01,1.120923433854975837e+00,5.546535075009260130e-01,1.417794682821269803e-01,-8.070753781549606237e-03,2.934944790836101561e-03,-5.856599773245905194e-01,-1.183192996495832761e+00,5.563348623869291965e-01,2.683545784648035948e-01,7.512581659904013498e-02,-1.041579106458717652e-02,-9.919695897651845118e-02,7.472613564521676799e-02,-1.933290805988545191e+00,1.600309875380209856e+00,-3.727147542463833396e-01,-1.232322316606125068e-01,3.755262832810600526e-03,2.656977598005937913e-01,1.449764868969994069e-01,-2.122175256654155184e+00,-1.531578211216670926e+00,4.749844678588531210e-01,-2.765111171983797855e-01,-1.309115263512907468e-01,3.975197108352787057e-01,-9.276355269587638341e-02
4.980000,6.515911680452419336e-03,-3.715432454846669952e-01,1.211996246213852685e-01,-4.919131668382697997e-01,-5.156522282356774678e-01,-4.710901956392391510e-01,5.198059670485793982e-01,3.551986023087112809e-02,3.828626454411445112e-01,1.121980626200183684e+00,5.532820147287644819e-01,1.424080691360343487e-01,-8.070753781549606237e-03,3.306390749963188103e-03,-5.856599773245905194e-01,-1.183192996495832761e+00,5.567063083460562778e-01,2.683545784648035948e-01,7.512581659904013498e-02,-1.091581447110441180e-02,-9.901837918847658515e-02,7.460112979358746177e-02,-1.933755113437453987e+00,1.600488455168251889e+00,-3.727147542463833396e-01,-1.235179593214794924e-01,3.755262832810600526e-03,2.656977598005937913e-01,1.449764868969994069e-01,-2.120603754519386541e+00,-1.532149666538404897e+00,4.756987870110206407e-01,-2.741895799538354717e-01,-1.309115263512907468e-01,3.980197342417959305e-01,-9.276355269587638341e-02
4.990000,6.352521803842728354e-03,-3.727686695592396515e-01,1.210719671496335442e-01,-4.919131668382697997e-01,-5.156522282356774678e-01,-4.710901956392391510e-01,5.198059670485793982e-01,3.434345311928135858e-02,3.832547811450077724e-01,1.123189711287095438e+00,5.517134719133114373e-01,1.431269845931169848e-01,-8.070753781549606237e-03,3.731204429148385349e-03,-5.856599773245905194e-01,-1.183192996495832761e+00,5.571311220252415097e-01,2.683545784648035948e-01,7.512581659904013498e-02,-1.148767903923832850e-02,-9.881414184271447576e-02,7.445816365155397132e-02,-1.934286130536435389e+00,1.600692692514013915e+00,-3.727147542463833396e-01,-1.238447390746988674e-01,3.755262832810600526e-03,2.656977598005937913e-01,1.449764868969994069e-01,-2.118806465876680090e+00,-1.532803226044843647e+00,4.765157363940690782e-01,-2.715344944589280218e-01,-1.309115263512907468e-01,3.985915988099298923e-01,-9.276355269587638341e-02
5.000000,6.168681922048502297e-03,-3.741474686726963261e-01,1.209283197826829248e-01,-4.919131668382697997e-01,-5.156522282356774678e-01,-4.710901956392391510e-01,5.198059670485793982e-01,3.301980597036292819e-02,3.836959968613138927e-01,1.124550126412372730e+00,5.499486090480869560e-01,1.439358800730115850e-01,-8.070753781549606237e-03,4.209188121813374484e-03,-5.856599773245905194e-01,-1.183192996495832761e+00,5.576091057179064503e-01,2.683545784648035948e-01,7.512581659904013498e-02,-1.213111862551812317e-02,-9.858434199047168278e-02,7.429730375498402872e-02,-1.934883610152266620e+00,1.600922492366256833e+00,-3.727147542463833396e-01,-1.242124188382873334e-01,3.755262832810600526e-03,2.656977598005937913e-01,1.449764868969994069e-01,-2.116784227176943478e+00,-1.533538585572020496e+00,4.774349358030401946e-01,-2.685470963797718102e-01,-1.309115263512907468e-01,3.992350383962096627e-01,-9.276355269587638341e-02
5.010000,5.964717720071801253e-03,-3.756772001875215983e-01,1.207689327708288268e-01,-4.919131668382697997e-01,-5.156522282356774678e-01,-4.710901956392391510e-01,5.198059670485793982e-01,3.155126371613068553e-02,3.841855109460579620e-01,1.126059461507000314e+00,5.479905527091105677e-01,1.448333225617090547e-01,-8.070753781549606237e-03,4.739495046952795637e-03,-5.856599773245905194e-01,-1.183192996495832761e+00,5.581394126430458957e-01,2.683545784648035948e-01,7.512581659904013498e-02,-1.284499333243657379e-02,-9.832938673800080409e-02,7.411883507825442474e-02,-1.935546493808690816e+00,1.601177447618727712e+00,-3.727147542463833396e-01,-1.246203472422407338e-01,3.755262832810600526e-03,2.656977598005937913e-01,1.449764868969994069e-01,-2.114540620955200012e+00,-1.534354442379927352e+00,4.784547568129237094e-01,-2.652326780976504428e-01,-1.309115263512907468e-01,3.999489131031280786e-01,-9.276355269587638341e-02
5.020000,5.741187310096755592e-03,-3.773536782623344576e-01,1.205942376798566362e-01,-4.919131668382697997e-01,-5.156522282356774678e-01,-4.710901956392391510e-01,5.198059670485793982e-01,2.994184476431035677e-02,3.847219839299980682e-01,1.127713586540815660e+00,5.458446607733501432e-01,1.458168563655992678e-01,-8.070753781549606237e-03,5.320674112887915225e-03,-5.856599773245905194e-01,-1.183192996495832761e+00,5.587205917089810292e-01,2.683545784648035948e-01,7.512581659904013498e-02,-1.362734976734923317e-02,-9.804997372553200807e-02,7.392324596952624949e-02,-1.936272967641109899e+00,1.601456860631196299e+00,-3.727147542463833396e-01,-1.250674080621908268e-01,3.755262832810600526e-03,2.656977598005937913e-01,1.449764868969994069e-01,-2.112081786445474396e+00,-1.535248564019827455e+00,4.795724088627989490e-01,-2.616003089355559696e-01,-1.309115263512907468e-01,4.007312695380407797e-01,-9.276355269587638341e-02
5.030000,5.498864014661341594e-03,-3.791711029781000275e-01,1.204048340703927633e-01,-4.919131668382697997e-01,-5.156522282356774678e-01,-4.710901956392391510e-01,5.198059670485793982e-01,2.819711703717537460e-02,3.853035598390430749e-01,1.129506778927037658e+00,5.435183571371701161e-01,1.468830788655151043e-01,-8.070753781549606237e-03,5.950714681019991445e-03,-5.856599773245905194e-01,-1.183192996495832761e+00,5.593506322771130135e-01,2.683545784648035948e-01,7.512581659904013498e-02,-1.447548130137318173e-02,-9.774706960623773255e-02,7.371121308602027189e-02,-1.937060518351275018e+00,1.601759764750490644e+00,-3.727147542463833396e-01,-1.255520546530616566e-01,3.755262832810600526e-03,2.656977598005937913e-01,1.449764868969994069e-01,-2.109416230195684694e+00,-1.536217857201569226e+00,4.807840253399759955e-01,-2.576625553847304850e-01,-1.309115263512907468e-01,4.015794010720646900e-01,-9.276355269587638341e-02
5.040000,5.238719149828956721e-03,-3.811221894643429531e-01,1.202735313660821814e-01,-4.919131668382697997e-01,-5.156522282356774678e-01,-4.710901956392391510e-01,5.198059670485793982e-01,2.632407401038219796e-02,3.859279075146407889e-01,1.131431850926797322e+00,5.410209664347792602e-01,1.480277162707775984e-01,-8.070753781549606237e-03,6.627091329584191420e-03,-5.856599773245905194e-01,-1.183192996495832761e+00,5.600270089256772499e-01,2.683545784648035948e-01,7.512581659904013498e-02,-1.538598832828652965e-02,-9.742188852519725883e-02,7.348358632929193057e-02,-1.937905989161980091e+00,1.602084945831531160e+00,-3.727147542463833396e-01,-1.260723443827264090e-01,3.755262832810600526e-03,2.656977598005937913e-01,1.449764868969994069e-01,-2.106554636682528514e+00,-1.537258436660898786e+00,4.820847496641379459e-01,-2.534352013312042295e-01,-1.309115263512907468e-01,4.024899080989780553e-01,-9.276355269587638341e-02
5.050000,4.961904808360198711e-03,-3.831982970253586251e-01,1.202521597770106893e-01,-4.919131668382697997e-01,-5.156522282356774678e-01,-4.710901956392391510e-01,5.198059670485793982e-01,2.433101075180714445e-02,3.865922619341657929e-01,1.133480277053666274e+00,5.383635487566792444e-01,1.492456993732401149e-01,-8.070753781549606237e-03,7.346808617402963634e-03,-5.856599773245905194e-01,-1.183192996495832761e+00,5.607467262134960828e-01,2.683545784648035948e-01,7.512581659904013498e-02,-1.635483852342718356e-02,-9.707587059836131349e-02,7.324137378050676883e-02,-1.938805635771753577e+00,1.602430963758367133e+00,-3.727147542463833396e-01,-1.266259730656639215e-01,3.755262832810600526e-03,2.656977598005937913e-01,1.449764868969994069e-01,-2.103509678926371862e+00,-1.538365694026773811e+00,4.834688213714817273e-01,-2.489369682823369123e-01,-1.309115263512907468e-01,4.034587582941187023e-01,-9.276355269587638341e-02
5.060000,4.669736642884517175e-03,-3.853895582664262354e-01,1.202617342218718771e-01,-4.919131668382697997e-01,-5.156522282356774678e-01,-4.710901956392391510e-01,5.198059670485793982e-01,2.222739996038223739e-02,3.872934655313074459e-01,1.135642321478186112e+00,5.355587343681126322e-01,1.505312393013331085e-01,-8.070753781549606237e-03,8.106445847639734761e-03,-5.856599773245905194e-01,-1.183192996495832761e+00,5.615063634437328366e-01,2.683545784648035948e-01,7.512581659904013498e-02,-1.737742710259206763e-02,-9.671066039151671179e-02,7.298572663571553654e-02,-1.939755182309549575e+00,1.602796173965211679e+00,-3.727147542463833396e-01,-1.272103093966152898e-01,3.755262832810600526e-03,2.656977598005937913e-01,1.449764868969994069e-01,-2.100295829106139767e+00,-1.539534366688676492e+00,4.849296621988601341e-01,-2.441892355933570902e-01,-1.309115263512907468e-01,4.044813468732836315e-01,-9.276355269587638341e-02
5.070000,4.363676649072013511e-03,-3.876850082200199998e-01,1.203090381992035912e-01,-4.919131668382697997e-01,-5.156522282356774678e-01,-4.710901956392391510e-01,5.198059670485793982e-01,2.002376800493220824e-02,3.880280095164574394e-01,1.137907165432398671e+00,5.326205584275126581e-01,1.518779032741081336e-01,-8.070753781549606237e-03,8.902201831552243941e-03,-5.856599773245905194e-01,-1.183192996495832761e+00,5.623021194276452972e-01,2.683545784648035948e-01,7.512581659904013498e-02,-1.844863708093583132e-02,-9.632808539925107050e-02,7.271792414112959735e-02,-1.940749877289440262e+00,1.603178748957477362e+00,-3.727147542463833396e-01,-1.278224293842403214e-01,3.755262832810600526e-03,2.656977598005937913e-01,1.449764868969994069e-01,-2.096929169174202023e+00,-1.540758606663926500e+00,4.864599621679226438e-01,-2.392157606939038783e-01,-1.309115263512907468e-01,4.055525568516273882e-01,-9.276355269587638341e-02
5.080000,4.045315948804979744e-03,-3.900727134720227696e-01,1.204009446374101761e-01,-4.919131668382697997e-01,-5.156522282356774678e-01,-4.710901956392391510e-01,5.198059670485793982e-01,1.773157096300956651e-02,3.887920751970983524e-01,1.140263034614374726e+00,5.295642957049491173e-01,1.532786903552830760e-01,-8.070753781549606237e-03,9.729939652246532775e-03,-5.856599773245905194e-01,-1.183192996495832761e+00,5.631298572483396381e-01,2.683545784648035948e-01,7.512581659904013498e-02,-1.956289953187045211e-02,-9.593013452391728479e-02,7.243935852839594736e-02,-1.941784549565308104e+00,1.603576699832811148e+00,-3.727147542463833396e-01,-1.284591507847743785e-01,3.755262832810600526e-03,2.656977598005937913e-01,1.449764868969994069e-01,-2.093427201471264709e+00,-1.542032049464994614e+00,4.880517656692577866e-01,-2.340423993145646087e-01,-1.309115263512907468e-01,4.066668193025619882e-01,-9.276355269587638341e-02
5.090000,3.716357573349706681e-03,-3.925399012879373095e-01,1.205441690086883760e-01,-4.919131668382697997e-01,-5.156522282356774678e-01,-4.710901956392391510e-01,5.198059670485793982e-01,1.536307065973159872e-02,3.895815752981909852e-01,1.142697326592743812e+00,5.264062953005784751e-01,1.547261072072863008e-01,-8.070753781549606237e-03,1.058523142843024317e-02,-5.856599773245905194e-01,-1.183192996495832761e+00,5.639851490245233467e-01,2.683545784648035948e-01,7.512581659904013498e-02,-2.071425384596390501e-02,-9.551893655459818555e-02,7.215151994987258066e-02,-1.942853664285537629e+00,1.603987897802130247e+00,-3.727147542463833396e-01,-1.291170675356849151e-01,3.755262832810600526e-03,2.656977598005937913e-01,1.449764868969994069e-01,-2.089808659341256813e+00,-1.543347882966815687e+00,4.896965575465341836e-01,-2.286968257134164018e-01,-1.309115263512907468e-01,4.078181736166554550e-01,-9.276355269587638341e-02
5.100000,3.378599246528118157e-03,-3.950730887390991874e-01,1.207449882029688615e-01,-4.919131668382697997e-01,-5.156522282356774678e-01,-4.710901956392391510e-01,5.198059670485793982e-01,1.293121070661616516e-02,3.903921952825628039e-01,1.145196738211223586e+00,5.231638153630912003e-01,1.562122438453012740e-01,-8.070753781549606237e-03,1.146340307816637316e-02,-5.856599773245905194e-01,-1.183192996495832761e+00,5.648633206742594837e-01,2.683545784648035948e-01,7.512581659904013498e-02,-2.189640798983946701e-02,-9.509673864607121052e-02,7.185598141390370230e-02,-1.943951378847707856e+00,1.604410095710657291e+00,-3.727147542463833396e-01,-1.297925841893280974e-01,3.755262832810600526e-03,2.656977598005937913e-01,1.449764868969994069e-01,-2.086093317746219089e+00,-1.544698916274102052e+00,4.913853491806421392e-01,-2.232082529025655737e-01,-1.309115263512907468e-01,4.090003277605309684e-01,-9.276355269587638341e-02
5.110000,3.033916167889590468e-03,-3.976582118288881640e-01,1.210089396224237057e-01,-4.919131668382697997e-01,-5.156522282356774678e-01,-4.710901956392391510e-01,5.198059670485793982e-01,1.044949254041876475e-02,3.912194346712952742e-01,1.147747392993148763e+00,5.198548578081613192e-01,1.577288493913107936e-01,-8.070753781549606237e-03,1.235957908262654351e-02,-5.856599773245905194e-01,-1.183192996495832761e+00,5.657594966787196089e-01,2.683545784648035948e-01,7.512581659904013498e-02,-2.310279876507431024e-02,-9.466588479777304777e-02,7.155438372009498282e-02,-1.945071598853283179e+00,1.604840949558955288e+00,-3.727147542463833396e-01,-1.304819503466051467e-01,3.755262832810600526e-03,2.656977598005937913e-01,1.449764868969994069e-01,-2.082301803881195568e+00,-1.546077648588656261e+00,4.931087645738347347e-01,-2.176071528746895134e-01,-1.309115263512907468e-01,4.102067185357658463e-01,-9.276355269587638341e-02
5.120000,2.684243795882470390e-03,-4.002807546189415810e-01,1.213405180948614465e-01,-4.919131668382697997e-01,-5.156522282356774678e-01,-4.710901956392391510e-01,5.198059670485793982e-01,7.931851461967499156e-03,3.920586483641123610e-01,1.150334968546001368e+00,5.164980030368929720e-01,1.592674078281421379e-01,-8.070753781549606237e-03,1.326872724984505536e-02,-5.856599773245905194e-01,-1.183192996495832761e+00,5.666686448459381520e-01,2.683545784648035948e-01,7.512581659904013498e-02,-2.432665206709923311e-02,-9.422879433276414030e-02,7.124842039458875731e-02,-1.946208034062306247e+00,1.605278040023964348e+00,-3.727147542463833396e-01,-1.311812950906193764e-01,3.755262832810600526e-03,2.656977598005937913e-01,1.449764868969994069e-01,-2.078455407789117082e+00,-1.547476338076684721e+00,4.948571264338703646e-01,-2.119249768295738134e-01,-1.309115263512907468e-01,4.114305718377907484e-01,-9.276355269587638341e-02
5.130000,2.331560631025892880e-03,-4.029258783553659184e-01,1.217428905257441907e-01,-4.919131668382697997e-01,-5.156522282356774678e-01,-4.710901956392391510e-01,5.198059670485793982e-01,5.392532675000139344e-03,3.929050879597681400e-01,1.152944823965940113e+00,5.131122446542698556e-01,1.608192137535110755e-01,-8.070753781549606237e-03,1.418570347847215862e-02,-5.856599773245905194e-01,-1.183192996495832761e+00,5.675856210745652275e-01,2.683545784648035948e-01,7.512581659904013498e-02,-2.556104314409725353e-02,-9.378794037669342665e-02,7.093982262533925220e-02,-1.947354254348090175e+00,1.605718893980035089e+00,-3.727147542463833396e-01,-1.318866614203325627e-01,3.755262832810600526e-03,2.656977598005937913e-01,1.449764868969994069e-01,-2.074575892975694558e+00,-1.548887070736110871e+00,4.966205422581532192e-01,-2.061938754006544250e-01,-1.309115263512907468e-01,4.126649629147887688e-01,-9.276355269587638341e-02
5.140000,1.977870999081444807e-03,-4.055785505949492387e-01,1.222176489255932808e-01,-4.919131668382697997e-01,-5.156522282356774678e-01,-4.710901956392391510e-01,5.198059670485793982e-01,2.845967325000114956e-03,3.937539430764348536e-01,1.155562127242328874e+00,5.097168241876031125e-01,1.623754481340666245e-01,-8.070753781549606237e-03,1.510529652152772448e-02,-5.856599773245905194e-01,-1.183192996495832761e+00,5.685052141176207829e-01,2.683545784648035948e-01,7.512581659904013498e-02,-2.679895685590282309e-02,-9.334582833676285940e-02,7.063034419738785374e-02,-1.948503745651909647e+00,1.606161006019965587e+00,-3.727147542463833396e-01,-1.325940406842214259e-01,3.755262832810600526e-03,2.656977598005937913e-01,1.449764868969994069e-01,-2.070685307024305644e+00,-1.550301829263888820e+00,4.983889904178754882e-01,-2.004464188815571202e-01,-1.309115263512907468e-01,4.139028766265943626e-01,-9.276355269587638341e-02
5.150000,1.625187834224836939e-03,-4.082236743313737981e-01,1.227646212550864008e-01,-4.919131668382697997e-01,-5.156522282356774678e-01,-4.710901956392391510e-01,5.198059670485793982e-01,3.066485380325387373e-04,3.946003826720906882e-01,1.158171982662267840e+00,5.063310658049797741e-01,1.639272540594357008e-01,-8.070753781549606237e-03,1.602227275015490407e-02,-5.856599773245905194e-01,-1.183192996495832761e+00,5.694221903462479695e-01,2.683545784648035948e-01,7.512581659904013498e-02,-2.803334793290095106e-02,-9.290497438069210412e-02,7.032174642813832088e-02,-1.949649965937693574e+00,1.606601859976036328e+00,-3.727147542463833396e-01,-1.332994070139346676e-01,3.755262832810600526e-03,2.656977598005937913e-01,1.449764868969994069e-01,-2.066805792210883119e+00,-1.551712561923315192e+00,5.001524062421585093e-01,-1.947153174526372599e-01,-1.309115263512907468e-01,4.151372677035924941e-01,-9.276355269587638341e-02
5.160000,1.275515462217717728e-03,-4.108462171214272152e-01,1.233817564403947575e-01,-4.919131668382697997e-01,-5.156522282356774678e-01,-4.710901956392391510e-01,5.198059670485793982e-01,-2.210992540418722091e-03,3.954395963649077750e-01,1.160759558215120446e+00,5.029742110337114269e-01,1.654658124962670451e-01,-8.070753781549606237e-03,1.693142091737341245e-02,-5.856599773245905194e-01,-1.183192996495832761e+00,5.703313385134665126e-01,2.683545784648035948e-01,7.512581659904013498e-02,-2.925720123492586699e-02,-9.246788391568319665e-02,7.001578310263209537e-02,-1.950786401146716642e+00,1.607038950441045166e+00,-3.727147542463833396e-01,-1.339987517579488974e-01,3.755262832810600526e-03,2.656977598005937913e-01,1.449764868969994069e-01,-2.062959396118804634e+00,-1.553111251411343652e+00,5.019007681021940837e-01,-1.890331414075215877e-01,-1.309115263512907468e-01,4.163611210056173961e-01,-9.276355269587638341e-02
5.170000,9.308323835791887380e-04,-4.134313402112161917e-01,1.240650951279018838e-01,-4.919131668382697997e-01,-5.156522282356774678e-01,-4.710901956392391510e-01,5.198059670485793982e-01,-4.692710706616132904e-03,3.962668357536402453e-01,1.163310212997045623e+00,4.996652534787814903e-01,1.669824180422765647e-01,-8.070753781549606237e-03,1.782759692183358974e-02,-5.856599773245905194e-01,-1.183192996495832761e+00,5.712275145179266378e-01,2.683545784648035948e-01,7.512581659904013498e-02,-3.046359201016072063e-02,-9.203703006738504777e-02,6.971418540882337589e-02,-1.951906621152291965e+00,1.607469804289343385e+00,-3.727147542463833396e-01,-1.346881179152259467e-01,3.755262832810600526e-03,2.656977598005937913e-01,1.449764868969994069e-01,-2.059167882253781112e+00,-1.554489983725897861e+00,5.036241834953867347e-01,-1.834320413796454718e-01,-1.309115263512907468e-01,4.175675117808522741e-01,-9.276355269587638341e-02
5.180000,5.930740567576305716e-04,-4.159645276623778476e-01,1.248088316900614891e-01,-4.919131668382697997e-01,-5.156522282356774678e-01,-4.710901956392391510e-01,5.198059670485793982e-01,-7.124570659731344416e-03,3.970774557380120084e-01,1.165809624615525175e+00,4.964227735412945486e-01,1.684685546802914269e-01,-8.070753781549606237e-03,1.870576857156963993e-02,-5.856599773245905194e-01,-1.183192996495832761e+00,5.721056861676626637e-01,2.683545784648035948e-01,7.512581659904013498e-02,-3.164574615403617508e-02,-9.161483215885810050e-02,6.941864687285451141e-02,-1.953004335714461970e+00,1.607892002197870429e+00,-3.727147542463833396e-01,-1.353636345688690734e-01,3.755262832810600526e-03,2.656977598005937913e-01,1.449764868969994069e-01,-2.055452540658743832e+00,-1.555841017033184004e+00,5.053129751294945793e-01,-1.779434685687951712e-01,-1.309115263512907468e-01,4.187496659247277320e-01,-9.276355269587638341e-02
5.190000,2.641156813023293193e-04,-4.184317154782926096e-01,1.256054662533813149e-01,-4.919131668382697997e-01,-5.156522282356774678e-01,-4.710901956392391510e-01,5.198059670485793982e-01,-9.493070963009520372e-03,3.978669558391046968e-01,1.168243916593894483e+00,4.932647731369236288e-01,1.699159715322947350e-01,-8.070753781549606237e-03,1.956106034775342492e-02,-5.856599773245905194e-01,-1.183192996495832761e+00,5.729609779438464834e-01,2.683545784648035948e-01,7.512581659904013498e-02,-3.279710046812972513e-02,-9.120363418953897350e-02,6.913080829433113084e-02,-1.954073450434691717e+00,1.608303200167189528e+00,-3.727147542463833396e-01,-1.360215513197796655e-01,3.755262832810600526e-03,2.656977598005937913e-01,1.449764868969994069e-01,-2.051833998528735492e+00,-1.557156850535005299e+00,5.069577670067710873e-01,-1.725978949676464924e-01,-1.309115263512907468e-01,4.199010202388212543e-01,-9.276355269587638341e-02
5.200000,-5.424501896470357992e-05,-4.208194207302953793e-01,1.264460387819332787e-01,-4.919131668382697997e-01,-5.156522282356774678e-01,-4.710901956392391510e-01,5.198059670485793982e-01,-1.178526800493216037e-02,3.986310215197456097e-01,1.170599785775870538e+00,4.902085104143601435e-01,1.713167586134697051e-01,-8.070753781549606237e-03,2.038879816844771029e-02,-5.856599773245905194e-01,-1.183192996495832761e+00,5.737887157645408243e-01,2.683545784648035948e-01,7.512581659904013498e-02,-3.391136291906433897e-02,-9.080568331420517392e-02,6.885224268159748084e-02,-1.955108122710559559e+00,1.608701151042523314e+00,-3.727147542463833396e-01,-1.366582727203137504e-01,3.755262832810600526e-03,2.656977598005937913e-01,1.449764868969994069e-01,-2.048332030825798178e+00,-1.558430293336073413e+00,5.085495705081062301e-01,-1.674245335883072228e-01,-1.309115263512907468e-01,4.210152826897558542e-01,-9.276355269587638341e-02
5.210000,-3.603050127772081113e-04,-4.231148706838891438e-01,1.273204312458584009e-01,-4.919131668382697997e-01,-5.156522282356774678e-01,-4.710901956392391510e-01,5.198059670485793982e-01,-1.398889996038218606e-02,3.993655655048956032e-01,1.172864629730082875e+00,4.872703344737601139e-01,1.726634225862447025e-01,-8.070753781549606237e-03,2.118455415236022293e-02,-5.856599773245905194e-01,-1.183192996495832761e+00,5.745844717484532849e-01,2.683545784648035948e-01,7.512581659904013498e-02,-3.498257289740810960e-02,-9.042310832193954651e-02,6.858444018701154166e-02,-1.956102817690450246e+00,1.609083726034788775e+00,-3.727147542463833396e-01,-1.372703927079387543e-01,3.755262832810600526e-03,2.656977598005937913e-01,1.449764868969994069e-01,-2.044965370893860879e+00,-1.559654533311323421e+00,5.100798704771687397e-01,-1.624510586888540109e-01,-1.309115263512907468e-01,4.220864926680996110e-01,-9.276355269587638341e-02
5.220000,-6.524731782528670962e-04,-4.253061319249565875e-01,1.284829185289845244e-01,-4.919131668382697997e-01,-5.156522282356774678e-01,-4.710901956392391510e-01,5.198059670485793982e-01,-1.609251075180693352e-02,4.000667691020372008e-01,1.175026674154602935e+00,4.844655200851937793e-01,1.739489625143376128e-01,-8.070753781549606237e-03,2.194419138259693508e-02,-5.856599773245905194e-01,-1.183192996495832761e+00,5.753441089786900386e-01,2.683545784648035948e-01,7.512581659904013498e-02,-3.600516147657291388e-02,-9.005789811509497256e-02,6.832879304222033712e-02,-1.957052364228246022e+00,1.609448936241633543e+00,-3.727147542463833396e-01,-1.378547290388900670e-01,3.755262832810600526e-03,2.656977598005937913e-01,1.449764868969994069e-01,-2.041751521073628339e+00,-1.560823205973226102e+00,5.115407113045470355e-01,-1.577033259998745773e-01,-1.309115263512907468e-01,4.231090812472644291e-01,-9.276355269587638341e-02
5.230000,-9.292875197216519945e-04,-4.273822394859724816e-01,1.299742764734212463e-01,-4.919131668382697997e-01,-5.156522282356774678e-01,-4.710901956392391510e-01,5.198059670485793982e-01,-1.808557401038217785e-02,4.007311235215622602e-01,1.177075100281471887e+00,4.818081024070934304e-01,1.751669456168002681e-01,-8.070753781549606237e-03,2.266390867041577495e-02,-5.856599773245905194e-01,-1.183192996495832761e+00,5.760638262665088716e-01,2.683545784648035948e-01,7.512581659904013498e-02,-3.697401167171365799e-02,-8.971188018825898558e-02,6.808658049343514762e-02,-1.957952010838019508e+00,1.609794954168469516e+00,-3.727147542463833396e-01,-1.384083577218276351e-01,3.755262832810600526e-03,2.656977598005937913e-01,1.449764868969994069e-01,-2.038706563317471687e+00,-1.561930463339101127e+00,5.129247830118909279e-01,-1.532050929510068160e-01,-1.309115263512907468e-01,4.240779314424051871e-01,-9.276355269587638341e-02
5.240000,-1.189432384554035133e-03,-4.293333259722153517e-01,1.313660052375356657e-01,-4.919131668382697997e-01,-5.156522282356774678e-01,-4.710901956392391510e-01,5.198059670485793982e-01,-1.995861703717534408e-02,4.013554711971599742e-01,1.179000172281231551e+00,4.793107117047025190e-01,1.763115830220627622e-01,-8.070753781549606237e-03,2.334028531897997319e-02,-5.856599773245905194e-01,-1.183192996495832761e+00,5.767402029150729970e-01,2.683545784648035948e-01,7.512581659904013498e-02,-3.788451869862700938e-02,-8.938669910721851186e-02,6.785895373670680630e-02,-1.958797481648725025e+00,1.610120135249510032e+00,-3.727147542463833396e-01,-1.389286474514924152e-01,3.755262832810600526e-03,2.656977598005937913e-01,1.449764868969994069e-01,-2.035844969804315507e+00,-1.562971042798430688e+00,5.142255073360528783e-01,-1.489777388974805605e-01,-1.309115263512907468e-01,4.249884384693185524e-01,-9.276355269587638341e-02
5.250000,-1.431755679989446528e-03,-4.311507506879809215e-01,1.326536916859084037e-01,-4.919131668382697997e-01,-5.156522282356774678e-01,-4.710901956392391510e-01,5.198059670485793982e-01,-2.170334476431030890e-02,4.019370471062049810e-01,1.180793364667453549e+00,4.769844080685226029e-01,1.773778055219785710e-01,-8.070753781549606237e-03,2.397032588711204421e-02,-5.856599773245905194e-01,-1.183192996495832761e+00,5.773702434832050923e-01,2.683545784648035948e-01,7.512581659904013498e-02,-3.873265023265094753e-02,-8.908379498792425022e-02,6.764692085320082870e-02,-1.959585032358889922e+00,1.610423039368804154e+00,-3.727147542463833396e-01,-1.394132940423632172e-01,3.755262832810600526e-03,2.656977598005937913e-01,1.449764868969994069e-01,-2.033179413554526249e+00,-1.563940335980172458e+00,5.154371238132299249e-01,-1.450399853466551314e-01,-1.309115263512907468e-01,4.258365700033424628e-01,-9.276355269587638341e-02
5.260000,-1.655286089964475710e-03,-4.328272287627936699e-01,1.338339631679499320e-01,-4.919131668382697997e-01,-5.156522282356774678e-01,-4.710901956392391510e-01,5.198059670485793982e-01,-2.331276371613051623e-02,4.024735200901450316e-01,1.182447489701268672e+00,4.748385161327623449e-01,1.783613393258686730e-01,-8.070753781549606237e-03,2.455150495304711522e-02,-5.856599773245905194e-01,-1.183192996495832761e+00,5.779514225491402257e-01,2.683545784648035948e-01,7.512581659904013498e-02,-3.951500666756354446e-02,-8.880438197545546808e-02,6.745133174447268121e-02,-1.960311506191308784e+00,1.610702452381272964e+00,-3.727147542463833396e-01,-1.398603548623132964e-01,3.755262832810600526e-03,2.656977598005937913e-01,1.449764868969994069e-01,-2.030720579044800633e+00,-1.564834457620072561e+00,5.165547758631050534e-01,-1.414076161845609358e-01,-1.309115263512907468e-01,4.266189264382550528e-01,-9.276355269587638341e-02
5.270000,-1.859250291941191499e-03,-4.343569602776189975e-01,1.349045146057382683e-01,-4.919131668382697997e-01,-5.156522282356774678e-01,-4.710901956392391510e-01,5.198059670485793982e-01,-2.478130597036286645e-02,4.029630341748891564e-01,1.183956824795896479e+00,4.728804597937858456e-01,1.792587818145662260e-01,-8.070753781549606237e-03,2.508181187818657801e-02,-5.856599773245905194e-01,-1.183192996495832761e+00,5.784817294742796712e-01,2.683545784648035948e-01,7.512581659904013498e-02,-4.022888137448205059e-02,-8.854942672298456163e-02,6.727286306774304947e-02,-1.960974389847733201e+00,1.610957407633743843e+00,-3.727147542463833396e-01,-1.402682832662667245e-01,3.755262832810600526e-03,2.656977598005937913e-01,1.449764868969994069e-01,-2.028476972823056723e+00,-1.565650314427979417e+00,5.175745968729886792e-01,-1.380931979024392908e-01,-1.309115263512907468e-01,4.273328011451735797e-01,-9.276355269587638341e-02
5.280000,-2.043090173735417556e-03,-4.357357593910757276e-01,1.358641366318021626e-01,-4.919131668382697997e-01,-5.156522282356774678e-01,-4.710901956392391510e-01,5.198059670485793982e-01,-2.610495311928129336e-02,4.034042498911952768e-01,1.185317239921173771e+00,4.711155969285612533e-01,1.800676772944608262e-01,-8.070753781549606237e-03,2.555979557085157061e-02,-5.856599773245905194e-01,-1.183192996495832761e+00,5.789597131669446117e-01,2.683545784648035948e-01,7.512581659904013498e-02,-4.087232096076184179e-02,-8.831962687074178253e-02,6.711200317117310687e-02,-1.961571869463564433e+00,1.611187207485986761e+00,-3.727147542463833396e-01,-1.406359630298551766e-01,3.755262832810600526e-03,2.656977598005937913e-01,1.449764868969994069e-01,-2.026454734123320556e+00,-1.566385673955156266e+00,5.184937962819597956e-01,-1.351057998232830792e-01,-1.309115263512907468e-01,4.279762407314533501e-01,-9.276355269587638341e-02
5.290000,-2.206480050345113741e-03,-4.369611834656484395e-01,1.367127474265402154e-01,-4.919131668382697997e-01,-5.156522282356774678e-01,-4.710901956392391510e-01,5.198059670485793982e-01,-2.728136023087111145e-02,4.037963855950585934e-01,1.186526325008085525e+00,4.695470541131082087e-01,1.807865927515434901e-01,-8.070753781549606237e-03,2.598460925003677827e-02,-5.856599773245905194e-01,-1.183192996495832761e+00,5.793845268461298437e-01,2.683545784648035948e-01,7.512581659904013498e-02,-4.144418552889578278e-02,-8.811538952497965926e-02,6.696903702913961642e-02,-1.962102886562545834e+00,1.611391444831748787e+00,-3.727147542463833396e-01,-1.409627427830745516e-01,3.755262832810600526e-03,2.656977598005937913e-01,1.449764868969994069e-01,-2.024657445480613660e+00,-1.567039233461595016e+00,5.193107456650082332e-01,-1.324507143283755184e-01,-1.309115263512907468e-01,4.285481052995873119e-01,-9.276355269587638341e-02
5.300000,-2.349343880778597890e-03,-4.380326621938995801e-01,1.374514307928834944e-01,-4.919131668382697997e-01,-5.156522282356774678e-01,-4.710901956392391510e-01,5.198059670485793982e-01,-2.830997980999219038e-02,4.041392587880989207e-01,1.187583517353293150e+00,4.681755613409467331e-01,1.814151936054508307e-01,-8.070753781549606237e-03,2.635605520916383532e-02,-5.856599773245905194e-01,-1.183192996495832761e+00,5.797559728052569250e-01,2.683545784648035948e-01,7.512581659904013498e-02,-4.194420893541297296e-02,-8.793680973693780711e-02,6.684403117751032408e-02,-1.962567194011454852e+00,1.611570024619790598e+00,-3.727147542463833396e-01,-1.412484704439415373e-01,3.755262832810600526e-03,2.656977598005937913e-01,1.449764868969994069e-01,-2.023085943345845461e+00,-1.567610688783328987e+00,5.200250648171756973e-01,-1.301291770838314266e-01,-1.309115263512907468e-01,4.290481287061045368e-01,-9.276355269587638341e-02
5.310000,-2.471872484882908089e-03,-4.389516267246819092e-01,1.380824827578572001e-01,-4.919131668382697997e-01,-5.156522282356774678e-01,-4.710901956392391510e-01,5.198059670485793982e-01,-2.919218575954322242e-02,4.044333274379492971e-01,1.188490229023665190e+00,4.669992867415453941e-01,1.819543194635097894e-01,-8.070753781549606237e-03,2.667462957983504634e-02,-5.856599773245905194e-01,-1.183192996495832761e+00,5.800745471759281013e-01,2.683545784648035948e-01,7.512581659904013498e-02,-4.237305904977806126e-02,-8.778364898180741893e-02,6.673681864891904680e-02,-1.962965411974793684e+00,1.611723185374920986e+00,-3.727147542463833396e-01,-1.414935276521501473e-01,3.755262832810600526e-03,2.656977598005937913e-01,1.449764868969994069e-01,-2.021738128700698134e+00,-1.568100803199746096e+00,5.206377078376972500e-01,-1.281380872671363802e-01,-1.309115263512907468e-01,4.294769788204695904e-01,-9.276355269587638341e-02
5.320000,-2.574540760172040060e-03,-4.397216387893503331e-01,1.386094686050876879e-01,-4.919131668382697997e-01,-5.156522282356774678e-01,-4.710901956392391510e-01,5.198059670485793982e-01,-2.993139734162496984e-02,4.046797312986432082e-01,1.189249974260804699e+00,4.660136712987696939e-01,1.824060598747819784e-01,-8.070753781549606237e-03,2.694156709558678808e-02,-5.856599773245905194e-01,-1.183192996495832761e+00,5.803414846916798986e-01,2.683545784648035948e-01,7.512581659904013498e-02,-4.273239801329001969e-02,-8.765531363769600570e-02,6.664698390804105199e-02,-1.963299083869483486e+00,1.611851520719032482e+00,-3.727147542463833396e-01,-1.416988642027284251e-01,3.755262832810600526e-03,2.656977598005937913e-01,1.449764868969994069e-01,-2.020608777672517675e+00,-1.568511476300902707e+00,5.211510492141429030e-01,-1.264697277936879805e-01,-1.309115263512907468e-01,4.298363177839815696e-01,-9.276355269587638341e-02
5.330000,-2.658124898655326793e-03,-4.403485198279750157e-01,1.390372917217364002e-01,-4.919131668382697997e-01,-5.156522282356774678e-01,-4.710901956392391510e-01,5.198059670485793982e-01,-3.053320313870463293e-02,4.048803332310030867e-01,1.189868496885581051e+00,4.652112635693301801e-01,1.827738300841084407e-01,-8.070753781549606237e-03,2.715888585564333116e-02,-5.856599773245905194e-01,-1.183192996495832761e+00,5.805588034517363827e-01,2.683545784648035948e-01,7.512581659904013498e-02,-4.302494249798152759e-02,-8.755083346459190119e-02,6.657384778686817328e-02,-1.963570732319554146e+00,1.611956000892136531e+00,-3.727147542463833396e-01,-1.418660324796949812e-01,3.755262832810600526e-03,2.656977598005937913e-01,1.449764868969994069e-01,-2.019689352149201422e+00,-1.568845812854835930e+00,5.215689699065593210e-01,-1.251114855433345663e-01,-1.309115263512907468e-01,4.301288622686730845e-01,-9.276355269587638341e-02
5.340000,-2.723719603665691533e-03,-4.408404801155527686e-01,1.393722749944553141e-01,-4.919131668382697997e-01,-5.156522282356774678e-01,-4.710901956392391510e-01,5.198059670485793982e-01,-3.100548501477926738e-02,4.050377605230279787e-01,1.190353897702657759e+00,4.645815544012306675e-01,1.830624467861540206e-01,-8.070753781549606237e-03,2.732943208867028018e-02,-5.856599773245905194e-01,-1.183192996495832761e+00,5.807293496847633074e-01,2.683545784648035948e-01,7.512581659904013498e-02,-4.325452396551780071e-02,-8.746884008332894700e-02,6.651645241998410674e-02,-1.963783915110837608e+00,1.612037994273399555e+00,-3.727147542463833396e-01,-1.419972218897157246e-01,3.755262832810600526e-03,2.656977598005937913e-01,1.449764868969994069e-01,-2.018967810394087348e+00,-1.569108191674877251e+00,5.218969434316111933e-01,-1.240455715869161479e-01,-1.309115263512907468e-01,4.303584437362093507e-01,-9.276355269587638341e-02
5.350000,-2.772755306687964966e-03,-4.412082478882197734e-01,1.396222547221728782e-01,-4.919131668382697997e-01,-5.156522282356774678e-01,-4.710901956392391510e-01,5.198059670485793982e-01,-3.135854207653963194e-02,4.051554462102814336e-01,1.190716761905022514e+00,4.641108116522168481e-01,1.832782038794520396e-01,-8.070753781549606237e-03,2.745692491652818729e-02,-5.856599773245905194e-01,-1.183192996495832761e+00,5.808568425126212631e-01,2.683545784648035948e-01,7.512581659904013498e-02,-4.342614892609575339e-02,-8.740754545455109437e-02,6.647354617983962377e-02,-1.963943281145660080e+00,1.612099288902177463e+00,-3.727147542463833396e-01,-1.420952932957602610e-01,3.755262832810600526e-03,2.656977598005937913e-01,1.449764868969994069e-01,-2.018428417660842467e+00,-1.569304334486966379e+00,5.221421219467224928e-01,-1.232487414128042302e-01,-1.309115263512907468e-01,4.305300686967872825e-01,-9.276355269587638341e-02
5.360000,-2.807015384187167700e-03,-4.414651984694638043e-01,1.397966861417183071e-01,-4.919131668382697997e-01,-5.156522282356774678e-01,-4.710901956392391510e-01,5.198059670485793982e-01,-3.160521463453388330e-02,4.052376703962795035e-01,1.190970286478516771e+00,4.637819149082244574e-01,1.834289482204485289e-01,-8.070753781549606237e-03,2.754600111802611717e-02,-5.856599773245905194e-01,-1.183192996495832761e+00,5.809459187141191583e-01,2.683545784648035948e-01,7.512581659904013498e-02,-4.354605919734296643e-02,-8.736472035767710309e-02,6.644356861202782571e-02,-1.964054626397532477e+00,1.612142113999051274e+00,-3.727147542463833396e-01,-1.421638134507586804e-01,3.755262832810600526e-03,2.656977598005937913e-01,1.449764868969994069e-01,-2.018051556808351243e+00,-1.569441374796963329e+00,5.223134223342185134e-01,-1.226920151534421910e-01,-1.309115263512907468e-01,4.306499789680344747e-01,-9.276355269587638341e-02
5.370000,-2.828653374436876020e-03,-4.416274833963366175e-01,1.399067586996463053e-01,-4.919131668382697997e-01,-5.156522282356774678e-01,-4.710901956392391510e-01,5.198059670485793982e-01,-3.176100816433179846e-02,4.052896015728787993e-01,1.191130407606364461e+00,4.635741902018272742e-01,1.835241553775472378e-01,-8.070753781549606237e-03,2.760225989267536123e-02,-5.856599773245905194e-01,-1.183192996495832761e+00,5.810021774887684787e-01,2.683545784648035948e-01,7.512581659904013498e-02,-4.362179216321694641e-02,-8.733767286986496292e-02,6.642463537055932898e-02,-1.964124949865844183e+00,1.612169161486863400e+00,-3.727147542463833396e-01,-1.422070894312580935e-01,3.755262832810600526e-03,2.656977598005937913e-01,1.449764868969994069e-01,-2.017813538915604443e+00,-1.569527926757962044e+00,5.224216122854670186e-01,-1.223403978118844382e-01,-1.309115263512907468e-01,4.307257119339084617e-01,-9.276355269587638341e-02
5.380000,-2.840210194347408956e-03,-4.417141595456656189e-01,1.399655181632010748e-01,-4.919131668382697997e-01,-5.156522282356774678e-01,-4.710901956392391510e-01,5.198059670485793982e-01,-3.184421726768763700e-02,4.053173379406640464e-01,1.191215928073702468e+00,4.634632447306861747e-01,1.835750053851535890e-01,-8.070753781549606237e-03,2.763230762444274582e-02,-5.856599773245905194e-01,-1.183192996495832761e+00,5.810322252205357696e-01,2.683545784648035948e-01,7.512581659904013498e-02,-4.366224103290381603e-02,-8.732322684497680065e-02,6.641452315313760291e-02,-1.964162509530553269e+00,1.612183607511751715e+00,-3.727147542463833396e-01,-1.422302030710791421e-01,3.755262832810600526e-03,2.656977598005937913e-01,1.449764868969994069e-01,-2.017686413896588427e+00,-1.569574154037604252e+00,5.224793963850197231e-01,-1.221525994883382316e-01,-1.309115263512907468e-01,4.307661608035953105e-01,-9.276355269587638341e-02
5.390000,-2.844631356294266902e-03,-4.417473182602670856e-01,1.399879915543411069e-01,-4.919131668382697997e-01,-5.156522282356774678e-01,-4.710901956392391510e-01,5.198059670485793982e-01,-3.187604963370500866e-02,4.053279487293365291e-01,1.191248644672109114e+00,4.634208015759962995e-01,1.835944584977197702e-01,-8.070753781549606237e-03,2.764380264550457544e-02,-5.856599773245905194e-01,-1.183192996495832761e+00,5.810437202415976721e-01,2.683545784648035948e-01,7.512581659904013498e-02,-4.367771509971781624e-02,-8.731770039254321825e-02,6.641065463643411326e-02,-1.964176878306880702e+00,1.612189133964185173e+00,-3.727147542463833396e-01,-1.422390453949728684e-01,3.755262832810600526e-03,2.656977598005937913e-01,1.449764868969994069e-01,-2.017637781115173112e+00,-1.569591838685391760e+00,5.225015021947539973e-01,-1.220807556067017852e-01,-1.309115263512907468e-01,4.307816348704093246e-01,-9.276355269587638341e-02
5.400000,-2.845284184946346440e-03,-4.417522144751576674e-01,1.399913097142175822e-01,-4.919131668382697997e-01,-5.156522282356774678e-01,-4.710901956392391510e-01,5.198059670485793982e-01,-3.188074999999997855e-02,4.053295155181015352e-01,1.191253475604134637e+00,4.634145344209363859e-01,1.835973309437889112e-01,-8.070753781549606237e-03,2.764549999999998259e-02,-5.856599773245905194e-01,-1.183192996495832761e+00,5.810454175960930723e-01,2.683545784648035948e-01,7.512581659904013498e-02,-4.368000000000009375e-02,-8.731688435672813053e-02,6.641008341136353521e-02,-1.964178999999999897e+00,1.612189950000000316e+00,-3.727147542463833396e-01,-1.422403510522770309e-01,3.755262832810600526e-03,2.656977598005937913e-01,1.449764868969994069e-01,-2.017630599999999941e+00,-1.569594449999999863e+00,5.225047663380144591e-01,-1.220701471411055339e-01,-1.309115263512907468e-01,4.307839197706916368e-01,-9.276355269587638341e-02
5.410000,-2.845985919427970051e-03,-4.417533840326270389e-01,1.399902845428305509e-01,-4.919131668382697997e-01,-5.156522282356774678e-01,-4.710901956392391510e-01,5.198059670485793982e-01,-3.187958044253060702e-02,4.053290476951137977e-01,1.191251721267930552e+00,4.634160548456465745e-01,1.835961613863195396e-01,-8.070753781549606237e-03,2.764702042471016766e-02,-5.856590416786150444e-01,-1.183190423469400177e+00,5.810484584455134494e-01,2.683531749958403267e-01,7.512581659904013498e-02,-4.368000000000009375e-02,-8.731681125938628441e-02,6.641059509275638872e-02,-1.964181485309622222e+00,1.612188488053163615e+00,-3.727132922995466391e-01,-1.422447368927871603e-01,3.755262832810600526e-03,2.656965902431244198e-01,1.449764868969994069e-01,-2.017632646725571632e+00,-1.569592841858479471e+00,5.225033043911777586e-01,-1.220755563444013703e-01,-1.309115263512907468e-01,4.307830426025895942e-01,-9.276355269587638341e-02
5.420000,-2.850744127945768671e-03,-4.417613143801566999e-01,1.399833329504609480e-01,-4.919131668382697997e-01,-5.156522282356774678e-01,-4.710901956392391510e-01,5.198059670485793982e-01,-3.187165009500094598e-02,4.053258755561018889e-01,1.191239825746636116e+00,4.634263642974351116e-01,1.835882310387898786e-01,-8.070753781549606237e-03,2.765732987649872909e-02,-5.856526974005913377e-01,-1.183172976704834900e+00,5.810690773490905237e-01,2.683436585788047668e-01,7.512581659904013498e-02,-4.368000000000009375e-02,-8.731631561266568753e-02,6.641406461980062237e-02,-1.964198337298122876e+00,1.612178575118751400e+00,-3.727033793651345350e-01,-1.422744756960234169e-01,3.755262832810600526e-03,2.656886598955947587e-01,1.449764868969994069e-01,-2.017646524833748511e+00,-1.569581937630626367e+00,5.224933914567656545e-01,-1.221122342017260665e-01,-1.309115263512907468e-01,4.307770948419423762e-01,-9.276355269587638341e-02
5.430000,-2.863199694443336902e-03,-4.417820736576526519e-01,1.399651334934588764e-01,-4.919131668382697997e-01,-5.156522282356774678e-01,-4.710901956392391510e-01,5.198059670485793982e-01,-3.185089081750499401e-02,4.053175718451035303e-01,1.191208686830392161e+00,4.634533513581798325e-01,1.835674717612939266e-01,-8.070753781549606237e-03,2.768431693724346387e-02,-5.856360899785945096e-01,-1.183127306294343706e+00,5.811230514705799655e-01,2.683187474458096355e-01,7.512581659904013498e-02,-4.368000000000009375e-02,-8.731501815782219400e-02,6.642314680370509095e-02,-1.964242450762801795e+00,1.612152626021881474e+00,-3.726774302682646089e-01,-1.423523229866332229e-01,3.755262832810600526e-03,2.656679006180988067e-01,1.449764868969994069e-01,-2.017682853569366497e+00,-1.569553393624069315e+00,5.224674423598957285e-01,-1.222082458601448374e-01,-1.309115263512907468e-01,4.307615253838203984e-01,-9.276355269587638341e-02
5.440000,-2.886555738429404713e-03,-4.418210003976294487e-01,1.399309979542887328e-01,-4.919131668382697997e-01,-5.156522282356774678e-01,-4.710901956392391510e-01,5.198059670485793982e-01,-3.181196407752821809e-02,4.053020011491128005e-01,1.191150296720427049e+00,4.635039561201496627e-01,1.835285450213171576e-01,-8.070753781549606237e-03,2.773492169921327327e-02,-5.856049485866131610e-01,-1.183041667466394831e+00,5.812242609945196259e-01,2.682720353578375017e-01,7.512581659904013498e-02,-4.368000000000009375e-02,-8.731258523657363380e-02,6.644017725244494299e-02,-1.964325170085252426e+00,1.612103967596910659e+00,-3.726287718432936269e-01,-1.424982982615461413e-01,3.755262832810600526e-03,2.656289738781220100e-01,1.449764868969994069e-01,-2.017750975364325683e+00,-1.569499869356601351e+00,5.224187839349246909e-01,-1.223882820325374321e-01,-1.309115263512907468e-01,4.307323303288377869e-01,-9.276355269587638341e-02
5.450000,-2.923594782210566564e-03,-4.418827321372646999e-01,1.398768406695432287e-01,-4.919131668382697997e-01,-5.156522282356774678e-01,-4.710901956392391510e-01,5.198059670485793982e-01,-3.175023233789294602e-02,4.052773084532587111e-01,1.191057699110974033e+00,4.635842073816754949e-01,1.834668132816818786e-01,-8.070753781549606237e-03,2.781517296073912626e-02,-5.855555631949048712e-01,-1.182905857639197311e+00,5.813847635175712902e-01,2.681979572702751780e-01,7.512581659904013498e-02,-4.368000000000009375e-02,-8.730872700284643406e-02,6.646718488853536888e-02,-1.964456350031977383e+00,1.612026802922366553e+00,-3.725516071687495767e-01,-1.427297922851784029e-01,3.755262832810600526e-03,2.655672421384867588e-01,1.449764868969994069e-01,-2.017859005908687386e+00,-1.569414988214602680e+00,5.223416192603806962e-01,-1.226737913283505454e-01,-1.309115263512907468e-01,4.306860315241113346e-01,-9.276355269587638341e-02
5.460000,-2.976695918124033086e-03,-4.419712340304537967e-01,1.397991473647037797e-01,-4.919131668382697997e-01,-5.156522282356774678e-01,-4.710901956392391510e-01,5.198059670485793982e-01,-3.166173044470383530e-02,4.052419076959830613e-01,1.190924946271190388e+00,4.636992598428213430e-01,1.833783113884927818e-01,-8.070753781549606237e-03,2.793022542188496743e-02,-5.854847616803535715e-01,-1.182711153474181209e+00,5.816148684398629864e-01,2.680917549984482284e-01,7.512581659904013498e-02,-4.368000000000009375e-02,-8.730319563452211551e-02,6.650590446680559875e-02,-1.964644416555004103e+00,1.611916175555880182e+00,-3.724409798022631501e-01,-1.430616743846375716e-01,3.755262832810600526e-03,2.654787402452976619e-01,1.449764868969994069e-01,-2.018013884221768528e+00,-1.569293298111467783e+00,5.222309918938942142e-01,-1.230831125843502016e-01,-1.309115263512907468e-01,4.306196551042195120e-01,-9.276355269587638341e-02
5.470000,-3.047851975770366276e-03,-4.420898274598643596e-01,1.396949442720937795e-01,-4.919131668382697997e-01,-5.156522282356774678e-01,-4.710901956392391510e-01,5.198059670485793982e-01,-3.154313701529328634e-02,4.051944703242188472e-01,1.190747056127074543e+00,4.638534313010550525e-01,1.832597179590822190e-01,-8.070753781549606237e-03,2.808439688011869079e-02,-5.853898869368251434e-01,-1.182450247929478060e+00,5.819232113563305164e-01,2.679494428831555308e-01,7.512581659904013498e-02,-4.368000000000009375e-02,-8.729578354518395533e-02,6.655778909217271999e-02,-1.964896427592501604e+00,1.611767933769116867e+00,-3.722927380154999466e-01,-1.435063997449271544e-01,3.755262832810600526e-03,2.653601468158870991e-01,1.449764868969994069e-01,-2.018221422723236902e+00,-1.569130232146028314e+00,5.220827501071310106e-01,-1.236316071953740270e-01,-1.309115263512907468e-01,4.305307100321615899e-01,-9.276355269587638341e-02
5.480000,-3.138686689246227707e-03,-4.422412186489907970e-01,1.395617681361932538e-01,-4.919131668382697997e-01,-5.156522282356774678e-01,-4.710901956392391510e-01,5.198059670485793982e-01,-3.139174582616684889e-02,4.051339138485682834e-01,1.190519969343384998e+00,4.640502398469194545e-01,1.831083267699557815e-01,-8.070753781549606237e-03,2.828120542598305809e-02,-5.852687739855240157e-01,-1.182117187313399764e+00,5.823168284480592094e-01,2.677677734562038392e-01,7.512581659904013498e-02,-4.368000000000009375e-02,-8.728632159586355299e-02,6.662402273741553638e-02,-1.965218133869395256e+00,1.611578694782708876e+00,-3.721034990290918998e-01,-1.440741167041512671e-01,3.755262832810600526e-03,2.652087556267606616e-01,1.449764868969994069e-01,-2.018486357304208223e+00,-1.568922069260979324e+00,5.218935111207230193e-01,-1.243317914450837725e-01,-1.309115263512907468e-01,4.304171666403167618e-01,-9.276355269587638341e-02
5.490000,-3.250471864377084234e-03,-4.424275272742089204e-01,1.393976375525374234e-01,-4.919131668382697997e-01,-5.156522282356774678e-01,-4.710901956392391510e-01,5.198059670485793982e-01,-3.120543720094875323e-02,4.050593903984810451e-01,1.190240506405557674e+00,4.642924410597029650e-01,1.829220181447376858e-01,-8.070753781549606237e-03,2.852340663876658244e-02,-5.851197270853495391e-01,-1.181707308337920148e+00,5.828012308736262304e-01,2.675442031059421244e-01,7.512581659904013498e-02,-4.368000000000009375e-02,-8.727467730678742375e-02,6.670553276094845496e-02,-1.965614039697983761e+00,1.611345809001186291e+00,-3.718706132475693149e-01,-1.447727740487191328e-01,3.755262832810600526e-03,2.650224470015425382e-01,1.449764868969994069e-01,-2.018812397398339620e+00,-1.568665894901304592e+00,5.216606253392004344e-01,-1.251934688367174753e-01,-1.309115263512907468e-01,4.302774351714032108e-01,-9.276355269587638341e-02
5.500000,-3.384144545949999139e-03,-4.426503150768304473e-01,1.392010259422976903e-01,-4.919131668382697997e-01,-5.156522282356774678e-01,-4.710901956392391510e-01,5.198059670485793982e-01,-3.098264939832722636e-02,4.049702752774324011e-01,1.189906324701625495e+00,4.645820652031109610e-01,1.826992303421161590e-01,-8.070753781549606237e-03,2.881303078217456459e-02,-5.849414968432523620e-01,-1.181217175172152745e+00,5.833804791604422224e-01,2.672768577427963033e-01,7.512581659904013498e-02,-4.368000000000009375e-02,-8.726075306912357832e-02,6.680300242459537297e-02,-1.966087463778554589e+00,1.611067324247909438e+00,-3.715921284942924063e-01,-1.456082283085498585e-01,3.755262832810600526e-03,2.647996591989210113e-01,1.449764868969994069e-01,-2.019202276052927569e+00,-1.568359561672699964e+00,5.213821405859234703e-01,-1.262238624238420370e-01,-1.309115263512907468e-01,4.301103443194370657e-01,-9.276355269587638341e-02
5.510000,-3.540324184946337400e-03,-4.429106144751576712e-01,1.389708363344035191e-01,-4.919131668382697997e-01,-5.156522282356774678e-01,-4.710901956392391510e-01,5.198059670485793982e-01,-3.072234999999999550e-02,4.048661555181015115e-01,1.189515875604134632e+00,4.649204544209363243e-01,1.824389309437889350e-01,-8.070753781549606237e-03,2.915141999999996264e-02,-5.847332573245905829e-01,-1.180644516495832796e+00,5.840572575960930601e-01,2.669644984648036345e-01,7.512581659904013498e-02,-4.368000000000009375e-02,-8.724448435672813029e-02,6.691688341136353690e-02,-1.966640599999999850e+00,1.610741950000000422e+00,-3.712667542463833348e-01,-1.465843510522769622e-01,3.755262832810600526e-03,2.645393598005937874e-01,1.449764868969994069e-01,-2.019657800000000059e+00,-1.568001650000000025e+00,5.210567663380144543e-01,-1.274277471411054685e-01,-1.309115263512907468e-01,4.299151197706916339e-01,-9.276355269587638341e-02
5.520000,-3.719329805774534287e-03,-4.432089571765379654e-01,1.387063780110003308e-01,-4.919131668382697997e-01,-5.156522282356774678e-01,-4.710901956392391510e-01,5.198059670485793982e-01,-3.042400729861966663e-02,4.047468184375493938e-01,1.189068361552064079e+00,4.653082999327307623e-01,1.821405882424086131e-01,-8.070753781549606237e-03,2.953926551179438670e-02,-5.844945831634862365e-01,-1.179988162552796149e+00,5.848329486196818250e-01,2.666064872231472260e-01,7.512581659904013498e-02,-4.368000000000009375e-02,-8.722583793789184803e-02,6.704740834321742948e-02,-1.967274578240433058e+00,1.610369021623274888e+00,-3.708938258696579671e-01,-1.477031361824532041e-01,3.755262832810600526e-03,2.642410170992134932e-01,1.449764868969994069e-01,-2.020179899727415851e+00,-1.567591428785602092e+00,5.206838379612890311e-01,-1.288075821349894956e-01,-1.309115263512907468e-01,4.296913627446563577e-01,-9.276355269587638341e-02
5.530000,-3.921197173502765504e-03,-4.435454027894183415e-01,1.384073449705673364e-01,-4.919131668382697997e-01,-5.156522282356774678e-01,-4.710901956392391510e-01,5.198059670485793982e-01,-3.008756168573928358e-02,4.046122401923972212e-01,1.188563693132743460e+00,4.657456792294752956e-01,1.818041426295282093e-01,-8.070753781549606237e-03,2.997664480853888883e-02,-5.842254266731820023e-01,-1.179247982204459255e+00,5.857077072131708917e-01,2.662027524876907636e-01,7.512581659904013498e-02,-4.368000000000009375e-02,-8.720481008708683146e-02,6.719460329885260097e-02,-1.967989525167803899e+00,1.609948464607174445e+00,-3.704732688535574692e-01,-1.489648072307546423e-01,3.755262832810600526e-03,2.639045714863330616e-01,1.449764868969994069e-01,-2.020768679549956204e+00,-1.567128816067891561e+00,5.202632809451885887e-01,-1.303636430945612767e-01,-1.309115263512907468e-01,4.294390285349961034e-01,-9.276355269587638341e-02
5.540000,-4.145695961091783871e-03,-4.439195674354000642e-01,1.380737960764919503e-01,-4.919131668382697997e-01,-5.156522282356774678e-01,-4.710901956392391510e-01,5.198059670485793982e-01,-2.971339703975758167e-02,4.044625743340045654e-01,1.188002446163771042e+00,4.662320932692514686e-01,1.814299779835465143e-01,-8.070753781549606237e-03,3.046305884831509991e-02,-5.839260949563965797e-01,-1.178424819983299399e+00,5.866805352927232375e-01,2.657537549125127407e-01,7.512581659904013498e-02,-4.368000000000009375e-02,-8.718142479671298073e-02,6.735830033146958384e-02,-1.968784625040514991e+00,1.609480758799697320e+00,-3.700055630460803435e-01,-1.503679246531860192e-01,3.755262832810600526e-03,2.635304068403513944e-01,1.449764868969994069e-01,-2.021423467680424135e+00,-1.566614339679666568e+00,5.197955751377114630e-01,-1.320941545822266194e-01,-1.309115263512907468e-01,4.291584050505098391e-01,-9.276355269587638341e-02
5.550000,-4.392346916627602044e-03,-4.443306523612930992e-01,1.377061366875825255e-01,-4.919131668382697997e-01,-5.156522282356774678e-01,-4.710901956392391510e-01,5.198059670485793982e-01,-2.930231211386455370e-02,4.042981403636473625e-01,1.187385818774931545e+00,4.667665036729123917e-01,1.810188930576535071e-01,-8.070753781549606237e-03,3.099746925197603697e-02,-5.835972270156821740e-01,-1.177520433146334922e+00,5.877493561000451949e-01,2.652604530014410766e-01,7.512581659904013498e-02,-4.368000000000009375e-02,-8.715573198884465911e-02,6.753814998654779356e-02,-1.969658180508037759e+00,1.608966902642330998e+00,-3.694917068887140776e-01,-1.519094931252848724e-01,3.755262832810600526e-03,2.631193219144583595e-01,1.449764868969994069e-01,-2.022142866300737030e+00,-1.566049097906563770e+00,5.192817189803451416e-01,-1.339954223644818643e-01,-1.309115263512907468e-01,4.288500913560900352e-01,-9.276355269587638341e-02
5.560000,-4.660439030554264575e-03,-4.447774725511708938e-01,1.373051015108712747e-01,-4.919131668382697997e-01,-5.156522282356774678e-01,-4.710901956392391510e-01,5.198059670485793982e-01,-2.885549192398677992e-02,4.041194122876962669e-01,1.186715588490114826e+00,4.673473699197535081e-01,1.805720728677757125e-01,-8.070753781549606237e-03,3.157833549881713942e-02,-5.832397708637799827e-01,-1.176537428728603674e+00,5.889110885937273165e-01,2.647242687735877342e-01,7.512581659904013498e-02,-4.368000000000009375e-02,-8.712780572697730042e-02,6.773363381961931828e-02,-1.970607673411528094e+00,1.608408377404983769e+00,-3.689331816513668483e-01,-1.535850688373265327e-01,3.755262832810600526e-03,2.626725017245805649e-01,1.449764868969994069e-01,-2.022924801633023240e+00,-1.565434720145481906e+00,5.187231937429979123e-01,-1.360619657426665741e-01,-1.309115263512907468e-01,4.285149762136817309e-01,-9.276355269587638341e-02
5.570000,-4.949046702906495510e-03,-4.452584853384246033e-01,1.368717383759696926e-01,-4.919131668382697997e-01,-5.156522282356774678e-01,-4.710901956392391510e-01,5.198059670485793982e-01,-2.837447913673307037e-02,4.039270071727947831e-01,1.185994069309234122e+00,4.679726865431833582e-01,1.800910600805220030e-01,-8.070753781549606237e-03,3.220365212224696877e-02,-5.828549606339770150e-01,-1.175479200596645457e+00,5.901617218405870169e-01,2.641470534288832828e-01,7.512581659904013498e-02,-4.368000000000009375e-02,-8.709774242777393316e-02,6.794407691404281968e-02,-1.971629825584442219e+00,1.607807111420916701e+00,-3.683319156672997252e-01,-1.553888667895279574e-01,3.755262832810600526e-03,2.621914889373268553e-01,1.449764868969994069e-01,-2.023766574010717356e+00,-1.564773327563008021e+00,5.181219277589308447e-01,-1.382866498837150293e-01,-1.309115263512907468e-01,4.281542166232414348e-01,-9.276355269587638341e-02
5.580000,-5.257046910542579297e-03,-4.457718190178180384e-01,1.364073926036512285e-01,-4.919131668382697997e-01,-5.156522282356774678e-01,-4.710901956392391510e-01,5.198059670485793982e-01,-2.786114545733959363e-02,4.037216737010373424e-01,1.185224068790144081e+00,4.686400203263948461e-01,1.795777264011285401e-01,-8.070753781549606237e-03,3.287098590545848437e-02,-5.824442936904622448e-01,-1.174349866501979811e+00,5.914963894070101036e-01,2.635310530136111273e-01,7.512581659904013498e-02,-4.368000000000009375e-02,-8.706565907281185734e-02,6.816866039877746142e-02,-1.972720659653153241e+00,1.607165444321674741e+00,-3.676902485680578758e-01,-1.573138680872534778e-01,3.755262832810600526e-03,2.616781552579334202e-01,1.449764868969994069e-01,-2.024664907949655923e+00,-1.564067493753841909e+00,5.174802606596888843e-01,-1.406608181509098332e-01,-1.309115263512907468e-01,4.277692163636963585e-01,-9.276355269587638341e-02
5.590000,-5.583136374377009256e-03,-4.463153014575421129e-01,1.359136916285925145e-01,-4.919131668382697997e-01,-5.156522282356774678e-01,-4.710901956392391510e-01,5.198059670485793982e-01,-2.731766301761554688e-02,4.035042807251477681e-01,1.184408845130557886e+00,4.693465474980361152e-01,1.790342439614044934e-01,-8.070753781549606237e-03,3.357751307709975347e-02,-5.820095077386829852e-01,-1.173154205134586903e+00,5.929094437502926418e-01,2.628788740859422934e-01,7.512581659904013498e-02,-4.368000000000009375e-02,-8.703169142032909922e-02,6.840643396615672667e-02,-1.973875559837566795e+00,1.606486091272019801e+00,-3.670108955184028243e-01,-1.593519272362186601e-01,3.755262832810600526e-03,2.611346728182093457e-01,1.449764868969994069e-01,-2.025616002219172707e+00,-1.563320205399221230e+00,5.168009076100339438e-01,-1.431744244346335737e-01,-1.309115263512907468e-01,4.273616045339032610e-01,-9.276355269587638341e-02
5.600000,-5.925848726613280881e-03,-4.468864887112692363e-01,1.353925295362318759e-01,-4.919131668382697997e-01,-5.156522282356774678e-01,-4.710901956392391510e-01,5.198059670485793982e-01,-2.674647576388842346e-02,4.032758058236569076e-01,1.183552064249967284e+00,4.700890909278813701e-01,1.784630567076773699e-01,-8.070753781549606237e-03,3.432005650694500837e-02,-5.815525579357012642e-01,-1.171897593176387309e+00,5.943945306099831516e-01,2.621934493814697120e-01,7.512581659904013498e-02,-4.368000000000009375e-02,-8.699599221697115747e-02,6.865632838966234663e-02,-1.975089332751736926e+00,1.605772107204860966e+00,-3.662969114512438784e-01,-1.614938794376953590e-01,3.755262832810600526e-03,2.605634855644822223e-01,1.449764868969994069e-01,-2.026615579913195297e+00,-1.562534822925346623e+00,5.160869235428749979e-01,-1.458161654831214848e-01,-1.309115263512907468e-01,4.269332140936079600e-01,-9.276355269587638341e-02
5.610000,-6.283571677976506481e-03,-4.474826936302079283e-01,1.348460511854143173e-01,-4.919131668382697997e-01,-5.156522282356774678e-01,-4.710901956392391510e-01,5.198059670485793982e-01,-2.615027084494971413e-02,4.030373238560814309e-01,1.182657756871559274e+00,4.708641573225016974e-01,1.778668517887386502e-01,-8.070753781549606237e-03,3.509512290156532877e-02,-5.810755940005503106e-01,-1.170585942354722242e+00,5.959446633992238063e-01,2.614780034787432816e-01,7.512581659904013498e-02,-4.368000000000009375e-02,-8.695872940953748575e-02,6.891716804169803479e-02,-1.976356268204481736e+00,1.605026851056187365e+00,-3.655516553025704996e-01,-1.637296478837155234e-01,3.755262832810600526e-03,2.599672806455435303e-01,1.449764868969994069e-01,-2.027658938521338161e+00,-1.561715041161805928e+00,5.153416673942016191e-01,-1.485736132332130255e-01,-1.309115263512907468e-01,4.264860604044039549e-01,-9.276355269587638341e-02
5.620000,-6.654564184946339458e-03,-4.481010144751576552e-01,1.342766356103677616e-01,-4.919131668382697997e-01,-5.156522282356774678e-01,-4.710901956392391510e-01,5.198059670485793982e-01,-2.553194999999999423e-02,4.027899955181015179e-01,1.181730275604134572e+00,4.716679744209363312e-01,1.772485309437889234e-01,-8.070753781549606237e-03,3.589893999999996949e-02,-5.805809373245904847e-01,-1.169225636495832887e+00,5.975522975960930738e-01,2.607360184648035983e-01,7.512581659904013498e-02,-4.368000000000009375e-02,-8.692008435672812783e-02,6.918768341136352640e-02,-1.977670199999999934e+00,1.604253950000000373e+00,-3.647787542463833410e-01,-1.660483510522769990e-01,3.755262832810600526e-03,2.593489598005938035e-01,1.449764868969994069e-01,-2.028741000000000128e+00,-1.560864849999999970e+00,5.145687663380144050e-01,-1.514333471411054843e-01,-1.309115263512907468e-01,4.260223197706916043e-01,-9.276355269587638341e-02
5.630000,-7.036973616989596753e-03,-4.487383635285631112e-01,1.336868784261627530e-01,-4.919131668382697997e-01,-5.156522282356774678e-01,-4.710901956392391510e-01,5.198059670485793982e-01,-2.489460094659456599e-02,4.025350558967393799e-01,1.180774252024026527e+00,4.724965281903634184e-01,1.766111818903834951e-01,-8.070753781549606237e-03,3.672749376942702204e-02,-5.800710580818662088e-01,-1.167823468578340851e+00,5.992094051349471373e-01,2.599711996007170733e-01,7.512581659904013498e-02,-4.368000000000009375e-02,-8.688025004089028336e-02,6.946652362222840993e-02,-1.979024566738486479e+00,1.603457263683243594e+00,-3.639820679296265626e-01,-1.684384100025473341e-01,3.755262832810600526e-03,2.587116107471884030e-01,1.449764868969994069e-01,-2.029856360843459662e+00,-1.559988495051567448e+00,5.137720800212576266e-01,-1.543810865131055865e-01,-1.309115263512907468e-01,4.255443079806375817e-01,-9.276355269587638341e-02
5.640000,-7.428852923793024393e-03,-4.493914957065687776e-01,1.330795729994182774e-01,-4.919131668382697997e-01,-5.156522282356774678e-01,-4.710901956392391510e-01,5.198059670485793982e-01,-2.424146876858885441e-02,4.022738030255370578e-01,1.179794553757017805e+00,4.733456000217708404e-01,1.759580497123778009e-01,-8.070753781549606237e-03,3.757656560083445091e-02,-5.795485523394615646e-01,-1.166386577786728385e+00,6.009075487977619812e-01,2.591874409871102181e-01,7.512581659904013498e-02,-4.368000000000009375e-02,-8.683942927976492920e-02,6.975226895010591677e-02,-1.980412472616748687e+00,1.602640848460736400e+00,-3.631656527071194240e-01,-1.708876556700687499e-01,3.755262832810600526e-03,2.580584785691826810e-01,1.449764868969994069e-01,-2.030999342154969689e+00,-1.559090438306809601e+00,5.129556647987505436e-01,-1.574018228363820160e-01,-1.309115263512907468e-01,4.250544588471332763e-01,-9.276355269587638341e-02
5.650000,-7.828177802496069995e-03,-4.500570371710738704e-01,1.324576901889513436e-01,-4.919131668382697997e-01,-5.156522282356774678e-01,-4.710901956392391510e-01,5.198059670485793982e-01,-2.357592730408377898e-02,4.020075864397350540e-01,1.178796241560260194e+00,4.742108039256274221e-01,1.752925082478727081e-01,-8.070753781549606237e-03,3.844176950469105347e-02,-5.790161191678575570e-01,-1.164922386564817058e+00,6.026379566054751447e-01,2.583887912297041511e-01,7.512581659904013498e-02,-4.368000000000009375e-02,-8.679783293823335744e-02,7.004344334082687751e-02,-1.981826748228821877e+00,1.601808921630105020e+00,-3.623337258764880997e-01,-1.733834361619628062e-01,3.755262832810600526e-03,2.573929371046775882e-01,1.449764868969994069e-01,-2.032164039717853310e+00,-1.558175318793115105e+00,5.121237379681191637e-01,-1.604799521097179937e-01,-1.309115263512907468e-01,4.245553027487544706e-01,-9.276355269587638341e-02
5.660000,-8.232863864923490455e-03,-4.507315139417862326e-01,1.318243565076099300e-01,-4.919131668382697997e-01,-5.156522282356774678e-01,-4.710901956392391510e-01,5.198059670485793982e-01,-2.290145053337140635e-02,4.017377957314500758e-01,1.177784526404191734e+00,4.750876237275535319e-01,1.746180314771603459e-01,-8.070753781549606237e-03,3.931858930661713547e-02,-5.784765377512877116e-01,-1.163438537669249984e+00,6.043915962093273642e-01,2.575794191048493276e-01,7.512581659904013498e-02,-4.368000000000009375e-02,-8.675567814006383827e-02,7.033852692801353945e-02,-1.983260011366585696e+00,1.600965825666714526e+00,-3.614906299130976053e-01,-1.759127240521341784e-01,3.755262832810600526e-03,2.567184603339652260e-01,1.449764868969994069e-01,-2.033344374066599958e+00,-1.557247913233385628e+00,5.112806420047286693e-01,-1.635994071742626899e-01,-1.309115263512907468e-01,4.240494451707201851e-01,-9.276355269587638341e-02
5.670000,-8.640783804818299649e-03,-4.514113805082776154e-01,1.311828306049688808e-01,-4.919131668382697997e-01,-5.156522282356774678e-01,-4.710901956392391510e-01,5.198059670485793982e-01,-2.222158396688006174e-02,4.014658491048535560e-01,1.176764726554454743e+00,4.759714502639922351e-01,1.739381649106689909e-01,-8.070753781549606237e-03,4.020241584305588034e-02,-5.779326444980945610e-01,-1.161942831222968930e+00,6.061592492822048817e-01,2.567635792250597127e-01,7.512581659904013498e-02,-4.368000000000009375e-02,-8.671318647965813031e-02,7.063596855085350901e-02,-1.984704727820379766e+00,1.600115992458600367e+00,-3.606407967049834462e-01,-1.784622236764767389e-01,3.755262832810600526e-03,2.560385937674738432e-01,1.449764868969994069e-01,-2.034534140557959780e+00,-1.556313096704460053e+00,5.104308087966145102e-01,-1.667437900442851895e-01,-1.309115263512907468e-01,4.235395452458516896e-01,-9.276355269587638341e-02
5.680000,-9.049784565074357051e-03,-4.520930484420376816e-01,1.305364780193367380e-01,-4.919131668382697997e-01,-5.156522282356774678e-01,-4.710901956392391510e-01,5.198059670485793982e-01,-2.153991603311996780e-02,4.011931819313495073e-01,1.175742224653814505e+00,4.768576185778803933e-01,1.732564969769088969e-01,-8.070753781549606237e-03,4.108858415694400384e-02,-5.773873101510864636e-01,-1.160443161768696774e+00,6.079315859099810870e-01,2.559455777045475666e-01,7.512581659904013498e-02,-4.368000000000009375e-02,-8.667058223379811577e-02,7.093419827187355531e-02,-1.986153272179620011e+00,1.599263907541400354e+00,-3.597887117877833218e-01,-1.810184784280770842e-01,3.755262832810600526e-03,2.553569258337137771e-01,1.449764868969994069e-01,-2.035727059442040243e+00,-1.555375803295540038e+00,5.095787238794143859e-01,-1.698965042379256274e-01,-1.309115263512907468e-01,4.230282942955316261e-01,-9.276355269587638341e-02
5.690000,-9.457704504969202675e-03,-4.527729150085291199e-01,1.299904762120517310e-01,-4.919131668382697997e-01,-5.156522282356774678e-01,-4.710901956392391510e-01,5.198059670485793982e-01,-2.086004946662855727e-02,4.009212353047529320e-01,1.174722424804077514e+00,4.777414451143192076e-01,1.725766304104174864e-01,-8.070753781549606237e-03,4.197241069338283892e-02,-5.768434168978934240e-01,-1.158947455322415721e+00,6.096992389828588266e-01,2.551297378247578962e-01,7.512581659904013498e-02,-4.368000000000009375e-02,-8.662809057339240781e-02,7.123163989471353874e-02,-1.987597988633414303e+00,1.598414074333285972e+00,-3.589388785796690517e-01,-1.835679780524198668e-01,3.755262832810600526e-03,2.546770592672223943e-01,1.449764868969994069e-01,-2.036916825933400066e+00,-1.554440986766614241e+00,5.087288906713001158e-01,-1.730408871079483768e-01,-1.309115263512907468e-01,4.225183943706630751e-01,-9.276355269587638341e-02
5.700000,-9.862390567396621399e-03,-4.534473917792414821e-01,1.294616786591178959e-01,-4.919131668382697997e-01,-5.156522282356774678e-01,-4.710901956392391510e-01,5.198059670485793982e-01,-2.018557269591618811e-02,4.006514445964680093e-01,1.173710709648008832e+00,4.786182649162453173e-01,1.719021536397051242e-01,-8.070753781549606237e-03,4.284923049530890704e-02,-5.763038354813234676e-01,-1.157463606426848424e+00,6.114528785867109351e-01,2.543203656999030171e-01,7.512581659904013498e-02,-4.368000000000009375e-02,-8.658593577522288864e-02,7.152672348190020069e-02,-1.989031251771177899e+00,1.597570978369895478e+00,-3.580957826162786128e-01,-1.860972659425912390e-01,3.755262832810600526e-03,2.540025824965099766e-01,1.449764868969994069e-01,-2.038097160282146714e+00,-1.553513581206884764e+00,5.078857947079097324e-01,-1.761603421724930729e-01,-1.309115263512907468e-01,4.220125367926287896e-01,-9.276355269587638341e-02
5.710000,-1.026171544609963404e-02,-4.541129332437465194e-01,1.289371971440493037e-01,-4.919131668382697997e-01,-5.156522282356774678e-01,-4.710901956392391510e-01,5.198059670485793982e-01,-1.952003123141116819e-02,4.003852280106660055e-01,1.172712397451251443e+00,4.794834688201018436e-01,1.712366121752001147e-01,-8.070753781549606237e-03,4.371443439916544715e-02,-5.757714023097194600e-01,-1.155999415204937320e+00,6.131832863944239875e-01,2.535217159424970057e-01,7.512581659904013498e-02,-4.368000000000009375e-02,-8.654433943369131688e-02,7.181789787262114755e-02,-1.990445527383251090e+00,1.596739051539264320e+00,-3.572638557856473440e-01,-1.885930464344851010e-01,3.755262832810600526e-03,2.533370410320049948e-01,1.449764868969994069e-01,-2.039261857845030335e+00,-1.552598461693190268e+00,5.070538678772784635e-01,-1.792384714458288009e-01,-1.309115263512907468e-01,4.215133806942500394e-01,-9.276355269587638341e-02
5.720000,-1.065359475290305995e-02,-4.547660654217521858e-01,1.284193881522544822e-01,-4.919131668382697997e-01,-5.156522282356774678e-01,-4.710901956392391510e-01,5.198059670485793982e-01,-1.886689905340546008e-02,4.001239751394637389e-01,1.171732699184242721e+00,4.803325406515092655e-01,1.705834799971943927e-01,-8.070753781549606237e-03,4.456350623057285520e-02,-5.752488965673149268e-01,-1.154562524413324853e+00,6.148814300572388314e-01,2.527379573288901504e-01,7.512581659904013498e-02,-4.368000000000009375e-02,-8.650351867256596272e-02,7.210364320049864051e-02,-1.991833433261513298e+00,1.595922636316757126e+00,-3.564474405631402054e-01,-1.910422921020064890e-01,3.755262832810600526e-03,2.526839088539992728e-01,1.449764868969994069e-01,-2.040404839156540362e+00,-1.551700404948432421e+00,5.062374526547712694e-01,-1.822592077691052026e-01,-1.309115263512907468e-01,4.210235315607457340e-01,-9.276355269587638341e-02
5.730000,-1.103600418494635194e-02,-4.554034144751576973e-01,1.279105479744943874e-01,-4.919131668382697997e-01,-5.156522282356774678e-01,-4.710901956392391510e-01,5.198059670485793982e-01,-1.822954999999997286e-02,3.998690355181015454e-01,1.170776675604134676e+00,4.811610944209363527e-01,1.699461309437889089e-01,-8.070753781549606237e-03,4.539205999999999103e-02,-5.747390173245905398e-01,-1.153160356495832817e+00,6.165385375960931169e-01,2.519731384648035699e-01,7.512581659904013498e-02,-4.368000000000009375e-02,-8.646368435672811825e-02,7.238248341136353792e-02,-1.993187799999999843e+00,1.595125950000000348e+00,-3.556507542463833160e-01,-1.934323510522770739e-01,3.755262832810600526e-03,2.520465598005937613e-01,1.449764868969994069e-01,-2.041520199999999896e+00,-1.550824049999999898e+00,5.054407663380144911e-01,-1.852069471411055823e-01,-1.309115263512907468e-01,4.205455197706916004e-01,-9.276355269587638341e-02
5.740000,-1.140699669191618665e-02,-4.560217353201074242e-01,1.274128880520627172e-01,-4.919131668382697997e-01,-5.156522282356774678e-01,-4.710901956392391510e-01,5.198059670485793982e-01,-1.761122915505024950e-02,3.996217071801216325e-01,1.169849194336709974e+00,4.819649115193710420e-01,1.693278100988391821e-01,-8.070753781549606237e-03,4.619587709843463175e-02,-5.742443606486307139e-01,-1.151800050636943240e+00,6.181461717929623845e-01,2.512311534508639421e-01,7.512581659904013498e-02,-4.368000000000009375e-02,-8.642503930391876033e-02,7.265299878102904341e-02,-1.994501731795518040e+00,1.594353048943813134e+00,-3.548778531901961575e-01,-1.957510542208385496e-01,3.755262832810600526e-03,2.514282389556440345e-01,1.449764868969994069e-01,-2.042602261478662307e+00,-1.549973858838193941e+00,5.046678652818272770e-01,-1.880666810489980412e-01,-1.309115263512907468e-01,4.200817791369793053e-01,-9.276355269587638341e-02
5.750000,-1.176471964327941572e-02,-4.566179402390461162e-01,1.269285116597168028e-01,-4.919131668382697997e-01,-5.156522282356774678e-01,-4.710901956392391510e-01,5.198059670485793982e-01,-1.701502423611153322e-02,3.993832252125461557e-01,1.168954886958301964e+00,4.827399779139913694e-01,1.687316051799004624e-01,-8.070753781549606237e-03,4.697094349305495908e-02,-5.737673967134797604e-01,-1.150488399815278173e+00,6.196963045822030391e-01,2.505157075481374562e-01,7.512581659904013498e-02,-4.368000000000009375e-02,-8.638777649648510248e-02,7.291383843306473156e-02,-1.995768667248262851e+00,1.593607792795139755e+00,-3.541325970415227786e-01,-1.979868226668587139e-01,3.755262832810600526e-03,2.508320340367053425e-01,1.449764868969994069e-01,-2.043645620086804726e+00,-1.549154077074653468e+00,5.039226091331538981e-01,-1.908241287990896096e-01,-1.309115263512907468e-01,4.196346254477753002e-01,-9.276355269587638341e-02
5.760000,-1.210743199551565612e-02,-4.571891274927731841e-01,1.264593922057339337e-01,-4.919131668382697997e-01,-5.156522282356774678e-01,-4.710901956392391510e-01,5.198059670485793982e-01,-1.644383698238446531e-02,3.991547503110552952e-01,1.168098106077711362e+00,4.834825213438365132e-01,1.681604179261733945e-01,-8.070753781549606237e-03,4.771348692290015153e-02,-5.733104469104981504e-01,-1.149231787857078579e+00,6.211813914418934379e-01,2.498302828436649858e-01,7.512581659904013498e-02,-4.368000000000009375e-02,-8.635207729312716074e-02,7.316373285657032377e-02,-1.996982440162432981e+00,1.592893808727980920e+00,-3.534186129743639437e-01,-2.001287748683352186e-01,3.755262832810600526e-03,2.502608467829782746e-01,1.449764868969994069e-01,-2.044645197780827317e+00,-1.548368694600778639e+00,5.032086250659950633e-01,-1.934658698475772987e-01,-1.309115263512907468e-01,4.192062350074799992e-01,-9.276355269587638341e-02
5.770000,-1.243352145935011643e-02,-4.577326099324973141e-01,1.260073539785253882e-01,-4.919131668382697997e-01,-5.156522282356774678e-01,-4.710901956392391510e-01,5.198059670485793982e-01,-1.590035454266036652e-02,3.989373573351656654e-01,1.167282882418125167e+00,4.841890485154778379e-01,1.676169354864492922e-01,-8.070753781549606237e-03,4.842001409454148309e-02,-5.728756609587187798e-01,-1.148036126489685671e+00,6.225944457851760871e-01,2.491781039159960409e-01,7.512581659904013498e-02,-4.368000000000009375e-02,-8.631810964064440261e-02,7.340150642394961678e-02,-1.998137340346846536e+00,1.592214455678325757e+00,-3.527392599247088367e-01,-2.021668340173005673e-01,3.755262832810600526e-03,2.497173643432541723e-01,1.449764868969994069e-01,-2.045596292050344545e+00,-1.547621406246157960e+00,5.025292720163399007e-01,-1.959794761313012612e-01,-1.309115263512907468e-01,4.187986231776869017e-01,-9.276355269587638341e-02
5.780000,-1.274152166698620109e-02,-4.582459436118907492e-01,1.255740560993300059e-01,-4.919131668382697997e-01,-5.156522282356774678e-01,-4.710901956392391510e-01,5.198059670485793982e-01,-1.538702086326688978e-02,3.987320238634082803e-01,1.166512881899034904e+00,4.848563822986893812e-01,1.671036018070558293e-01,-8.070753781549606237e-03,4.908734787775299868e-02,-5.724649940152040095e-01,-1.146906792395020025e+00,6.239291133515990628e-01,2.485621035007238855e-01,7.512581659904013498e-02,-4.368000000000009375e-02,-8.628602628568229904e-02,7.362608990868427239e-02,-1.999228174415557779e+00,1.591572788579084019e+00,-3.520975928254669873e-01,-2.040918353150261155e-01,3.755262832810600526e-03,2.492040306638607094e-01,1.449764868969994069e-01,-2.046494625989283112e+00,-1.546915572436991848e+00,5.018876049170980513e-01,-1.983536443984960929e-01,-1.309115263512907468e-01,4.184136229181417699e-01,-9.276355269587638341e-02
5.790000,-1.303012933933843029e-02,-4.587269563991445143e-01,1.251609803798303111e-01,-4.919131668382697997e-01,-5.156522282356774678e-01,-4.710901956392391510e-01,5.198059670485793982e-01,-1.490600807601318023e-02,3.985396187485067965e-01,1.165791362718154422e+00,4.854816989221192314e-01,1.666225890198021198e-01,-8.070753781549606237e-03,4.971266450118282804e-02,-5.720801837854010419e-01,-1.145848564263061808e+00,6.251797465984587632e-01,2.479848881560194340e-01,7.512581659904013498e-02,-4.368000000000009375e-02,-8.625596298647894566e-02,7.383653300310777379e-02,-2.000250326588472127e+00,1.590971522595016729e+00,-3.514963268413998643e-01,-2.058956332672275402e-01,3.755262832810600526e-03,2.487230178766069999e-01,1.449764868969994069e-01,-2.047336398366977228e+00,-1.546254179854518185e+00,5.012863389330308728e-01,-2.005783285395445203e-01,-1.309115263512907468e-01,4.180528633277015294e-01,-9.276355269587638341e-02
5.800000,-1.329822145326506680e-02,-4.591737765890221978e-01,1.247694237555799779e-01,-4.919131668382697997e-01,-5.156522282356774678e-01,-4.710901956392391510e-01,5.198059670485793982e-01,-1.445918788613544809e-02,3.983608906725557008e-01,1.165121132433337703e+00,4.860625651689602367e-01,1.661757688299243807e-01,-8.070753781549606237e-03,5.029353074802387497e-02,-5.717227276334988506e-01,-1.144865559845330782e+00,6.263414790921408848e-01,2.474487039281661471e-01,7.512581659904013498e-02,-4.368000000000009375e-02,-8.622803672461158697e-02,7.403201683617927076e-02,-2.001199819491962018e+00,1.590412997357669500e+00,-3.509378016040526904e-01,-2.075712089792690618e-01,3.755262832810600526e-03,2.482761976867292608e-01,1.449764868969994069e-01,-2.048118333699262994e+00,-1.545639802093436099e+00,5.007278136956837544e-01,-2.026448719177290081e-01,-1.309115263512907468e-01,4.177177481852932250e-01,-9.276355269587638341e-02
5.810000,-1.354487240880090926e-02,-4.595848615149152883e-01,1.244004958847377135e-01,-4.919131668382697997e-01,-5.156522282356774678e-01,-4.710901956392391510e-01,5.198059670485793982e-01,-1.404810296024237848e-02,3.981964567021984980e-01,1.164504505044498206e+00,4.865969755726212709e-01,1.657646839040313180e-01,-8.070753781549606237e-03,5.082794115168486754e-02,-5.713938596927844449e-01,-1.143961173008366083e+00,6.274102998994628422e-01,2.469554020170944830e-01,7.512581659904013498e-02,-4.368000000000009375e-02,-8.620234391674327923e-02,7.421186649125749435e-02,-2.002073374959485008e+00,1.589899141200303401e+00,-3.504239454466863135e-01,-2.091127774513680260e-01,3.755262832810600526e-03,2.478651127608361704e-01,1.449764868969994069e-01,-2.048837732319575888e+00,-1.545074560320333301e+00,5.002139575383174330e-01,-2.045461396999844750e-01,-1.309115263512907468e-01,4.174094344908734211e-01,-9.276355269587638341e-02
5.820000,-1.376937119638992763e-02,-4.599590261608970110e-01,1.240551223585893703e-01,-4.919131668382697997e-01,-5.156522282356774678e-01,-4.710901956392391510e-01,5.198059670485793982e-01,-1.367393831426068004e-02,3.980467908438057867e-01,1.163943258075525566e+00,4.870833896123974438e-01,1.653905192580496231e-01,-8.070753781549606237e-03,5.131435519146107516e-02,-5.710945279759991333e-01,-1.143138010787206227e+00,6.283831279790152990e-01,2.465064044419164324e-01,7.512581659904013498e-02,-4.368000000000009375e-02,-8.617895862636941462e-02,7.437556352387447722e-02,-2.002868474832196100e+00,1.589431435392826053e+00,-3.499562396392091879e-01,-2.105158948737994029e-01,3.755262832810600526e-03,2.474909481148545032e-01,1.449764868969994069e-01,-2.049492520450043820e+00,-1.544560083932108530e+00,4.997462517308403074e-01,-2.062766511876498177e-01,-1.309115263512907468e-01,4.171288110063871568e-01,-9.276355269587638341e-02
5.830000,-1.397123856411815711e-02,-4.602954717737773871e-01,1.237340537618070724e-01,-4.919131668382697997e-01,-5.156522282356774678e-01,-4.710901956392391510e-01,5.198059670485793982e-01,-1.333749270138029699e-02,3.979122125986536695e-01,1.163438589656205169e+00,4.875207689091419772e-01,1.650540736451692470e-01,-8.070753781549606237e-03,5.175173448820557381e-02,-5.708253714856947880e-01,-1.142397830438869555e+00,6.292578865725042547e-01,2.461026697064599700e-01,7.512581659904013498e-02,-4.368000000000009375e-02,-8.615793077556439805e-02,7.452275847950964871e-02,-2.003583421759566718e+00,1.589010878376725611e+00,-3.495356826231087455e-01,-2.117775659221008411e-01,3.755262832810600526e-03,2.471545025019740993e-01,1.449764868969994069e-01,-2.050081300272584617e+00,-1.544097471214397999e+00,4.993256947147398650e-01,-2.078327121472215988e-01,-1.309115263512907468e-01,4.168764767967268470e-01,-9.276355269587638341e-02
5.840000,-1.415024418494633708e-02,-4.605938144751576813e-01,1.234378805486167352e-01,-4.919131668382697997e-01,-5.156522282356774678e-01,-4.710901956392391510e-01,5.198059670485793982e-01,-1.303914999999999588e-02,3.977928755181015519e-01,1.162991075604134616e+00,4.879086144209363596e-01,1.647557309437889250e-01,-8.070753781549606237e-03,5.213957999999996318e-02,-5.705866973245905527e-01,-1.141741476495832686e+00,6.300335775960930196e-01,2.457446584648036170e-01,7.512581659904013498e-02,-4.368000000000009375e-02,-8.613928435672812967e-02,7.465328341136354129e-02,-2.004217399999999927e+00,1.588637950000000298e+00,-3.491627542463833778e-01,-2.128963510522769997e-01,3.755262832810600526e-03,2.468561598005938051e-01,1.449764868969994069e-01,-2.050603399999999965e+00,-1.543687250000000066e+00,4.989527663380144418e-01,-2.092125471411054871e-01,-1.309115263512907468e-01,4.166527197706916263e-01,-9.276355269587638341e-02
5.850000,-1.430642382394268879e-02,-4.608541138734849052e-01,1.231670533760259173e-01,-4.919131668382697997e-01,-5.156522282356774678e-01,-4.710901956392391510e-01,5.198059670485793982e-01,-1.277885060167274420e-02,3.976887557587706068e-01,1.162600626506643753e+00,4.882470036387617784e-01,1.644954315454616733e-01,-8.070753781549606237e-03,5.247796921782539592e-02,-5.703784578059287735e-01,-1.141168817819512959e+00,6.307103560317438573e-01,2.454322991868109205e-01,7.512581659904013498e-02,-4.368000000000009375e-02,-8.612301564433266776e-02,7.476716439813170523e-02,-2.004770536221445631e+00,1.588312575752091282e+00,-3.488373799984743062e-01,-2.138724737960041589e-01,3.755262832810600526e-03,2.465958604022665535e-01,1.449764868969994069e-01,-2.051058923947072898e+00,-1.543329338327299904e+00,4.986273920901054257e-01,-2.104164318583690019e-01,-1.309115263512907468e-01,4.164574952219461945e-01,-9.276355269587638341e-02
5.860000,-1.444009650551560456e-02,-4.610769016761064321e-01,1.229219081756158377e-01,-4.919131668382697997e-01,-5.156522282356774678e-01,-4.710901956392391510e-01,5.198059670485793982e-01,-1.255606279905121733e-02,3.975996406377220183e-01,1.162266444802711574e+00,4.885366277821697745e-01,1.642726437428401465e-01,-8.070753781549606237e-03,5.276759336123337807e-02,-5.702002275638314854e-01,-1.140678684653745556e+00,6.312896043185598494e-01,2.451649538236650716e-01,7.512581659904013498e-02,-4.368000000000009375e-02,-8.610909140666882233e-02,7.486463406177862323e-02,-2.005243960302016237e+00,1.588034090998814207e+00,-3.485588952451973976e-01,-2.147079280558348846e-01,3.755262832810600526e-03,2.463730725996450266e-01,1.449764868969994069e-01,-2.051448802601660404e+00,-1.543023005098695499e+00,4.983489073368284616e-01,-2.114468254454935914e-01,-1.309115263512907468e-01,4.162904043699800494e-01,-9.276355269587638341e-02
5.870000,-1.455188168064645501e-02,-4.612632103013245555e-01,1.227026948782464072e-01,-4.919131668382697997e-01,-5.156522282356774678e-01,-4.710901956392391510e-01,5.198059670485793982e-01,-1.236975417383313555e-02,3.975251171876347800e-01,1.161986981864884250e+00,4.887788289949532849e-01,1.640863351176220786e-01,-8.070753781549606237e-03,5.300979457401688855e-02,-5.700511806636570089e-01,-1.140268805678265718e+00,6.317740067441268703e-01,2.449413834734033846e-01,7.512581659904013498e-02,-4.368000000000009375e-02,-8.609744711759269309e-02,7.494614408531152794e-02,-2.005639866130604521e+00,1.587801205217291844e+00,-3.483260094636747572e-01,-2.154065854004026948e-01,3.755262832810600526e-03,2.461867639744269309e-01,1.449764868969994069e-01,-2.051774842695792245e+00,-1.542766830739020545e+00,4.981160215553058768e-01,-2.123085028371272109e-01,-1.309115263512907468e-01,4.161506729010664984e-01,-9.276355269587638341e-02
5.880000,-1.464271639412231471e-02,-4.614146014904509929e-01,1.225096083656225243e-01,-4.919131668382697997e-01,-5.156522282356774678e-01,-4.710901956392391510e-01,5.198059670485793982e-01,-1.221836298470670157e-02,3.974645607119842161e-01,1.161759895081194705e+00,4.889756375408176314e-01,1.639349439284956411e-01,-8.070753781549606237e-03,5.320660311988124891e-02,-5.699300677123558811e-01,-1.139935745062187644e+00,6.321676238358555633e-01,2.447597140464516652e-01,7.512581659904013498e-02,-4.368000000000009375e-02,-8.608798516827229075e-02,7.501237773055435820e-02,-2.005961572407498394e+00,1.587611966230883631e+00,-3.481367704772667659e-01,-2.159743023596268352e-01,3.755262832810600526e-03,2.460353727853005212e-01,1.449764868969994069e-01,-2.052039777276763566e+00,-1.542558667853971777e+00,4.979267825688978300e-01,-2.130086870868369564e-01,-1.309115263512907468e-01,4.160371295092216704e-01,-9.276355269587638341e-02
5.890000,-1.471387245176865657e-02,-4.615331949198615558e-01,1.223428199477570727e-01,-4.919131668382697997e-01,-5.156522282356774678e-01,-4.710901956392391510e-01,5.198059670485793982e-01,-1.209976955529613180e-02,3.974171233402200021e-01,1.161582004937078860e+00,4.891298089990513409e-01,1.638163504990850783e-01,-8.070753781549606237e-03,5.336077457811499308e-02,-5.698351929688274531e-01,-1.139674839517484273e+00,6.324759667523230933e-01,2.446174019311589676e-01,7.512581659904013498e-02,-4.368000000000009375e-02,-8.608057307893413057e-02,7.506426235592147944e-02,-2.006213583444995674e+00,1.587463724444120539e+00,-3.479885286905035624e-01,-2.164190277199165013e-01,3.755262832810600526e-03,2.459167793558899306e-01,1.449764868969994069e-01,-2.052247315778231940e+00,-1.542395601888532086e+00,4.977785407821346264e-01,-2.135571816978608650e-01,-1.309115263512907468e-01,4.159481844371637482e-01,-9.276355269587638341e-02
5.900000,-1.476697358768213134e-02,-4.616216968130506526e-01,1.222025074952587248e-01,-4.919131668382697997e-01,-5.156522282356774678e-01,-4.710901956392391510e-01,5.198059670485793982e-01,-1.201126766210701066e-02,3.973817225829443522e-01,1.161449252097295215e+00,4.892448614601972445e-01,1.637278486058959537e-01,-8.070753781549606237e-03,5.347582703926084813e-02,-5.697643914542761534e-01,-1.139480135352468171e+00,6.327060716746147895e-01,2.445111996593320181e-01,7.512581659904013498e-02,-4.368000000000009375e-02,-8.607504171060981202e-02,7.510298193419170931e-02,-2.006401649968022394e+00,1.587353097077634168e+00,-3.478779013240171358e-01,-2.167509098193756700e-01,3.755262832810600526e-03,2.458282774627008060e-01,1.449764868969994069e-01,-2.052402194091312637e+00,-1.542273911785397189e+00,4.976679134156481998e-01,-2.139665029538605490e-01,-1.309115263512907468e-01,4.158818080172719256e-01,-9.276355269587638341e-02
5.910000,-1.480401263146329145e-02,-4.616834285526859039e-01,1.220888822502575743e-01,-4.919131668382697997e-01,-5.156522282356774678e-01,-4.710901956392391510e-01,5.198059670485793982e-01,-1.194953592247174207e-02,3.973570298870902073e-01,1.161356654487842199e+00,4.893251127217230767e-01,1.636661168662606747e-01,-8.070753781549606237e-03,5.355607830078669418e-02,-5.697150060625679746e-01,-1.139344325525270651e+00,6.328665741976664538e-01,2.444371215717696944e-01,7.512581659904013498e-02,-4.368000000000009375e-02,-8.607118347688261228e-02,7.512998957028214908e-02,-2.006532829914747573e+00,1.587275932403090062e+00,-3.478007366494730301e-01,-2.169824038430079316e-01,3.755262832810600526e-03,2.457665457230655548e-01,1.449764868969994069e-01,-2.052510224635674341e+00,-1.542189030643398517e+00,4.975907487411041497e-01,-2.142520122496736623e-01,-1.309115263512907468e-01,4.158355092125454178e-01,-9.276355269587638341e-02
5.920000,-1.482736867544935146e-02,-4.617223552926627006e-01,1.220022103338320868e-01,-4.919131668382697997e-01,-5.156522282356774678e-01,-4.710901956392391510e-01,5.198059670485793982e-01,-1.191060918249497655e-02,3.973414591910995330e-01,1.161298264377877087e+00,4.893757174836928514e-01,1.636271901262839057e-01,-8.070753781549606237e-03,5.360668306275648970e-02,-5.696838646705865150e-01,-1.139258686697321776e+00,6.329677837216061143e-01,2.443904094837975882e-01,7.512581659904013498e-02,-4.368000000000009375e-02,-8.606875055563406596e-02,7.514702001902198725e-02,-2.006615549237197982e+00,1.587227273978119024e+00,-3.477520782245021036e-01,-2.171283791179208222e-01,3.755262832810600526e-03,2.457276189830887858e-01,1.449764868969994069e-01,-2.052578346430633971e+00,-1.542135506375930554e+00,4.975420903161331676e-01,-2.144320484220662015e-01,-1.309115263512907468e-01,4.158063141575628618e-01,-9.276355269587638341e-02
5.930000,-1.483982424194692402e-02,-4.617431145701586526e-01,1.219428277496005936e-01,-4.919131668382697997e-01,-5.156522282356774678e-01,-4.710901956392391510e-01,5.198059670485793982e-01,-1.188984990499902111e-02,3.973331554801011190e-01,1.161267125461633132e+00,4.894027045444376278e-01,1.636064308487879537e-01,-8.070753781549606237e-03,5.363367012350123142e-02,-5.696672572485897978e-01,-1.139213016286830582e+00,6.330217578430955561e-01,2.443654983508024292e-01,7.512581659904013498e-02,-4.368000000000009375e-02,-8.606745310079055855e-02,7.515610220292645582e-02,-2.006659662701876901e+00,1.587201324881249098e+00,-3.477261291276321220e-01,-2.172062264085306560e-01,3.755262832810600526e-03,2.457068597055928061e-01,1.449764868969994069e-01,-2.052614675166251956e+00,-1.542106962369373502e+00,4.975161412192632415e-01,-2.145280600804850002e-01,-1.309115263512907468e-01,4.157907446994408840e-01,-9.276355269587638341e-02
5.940000,-1.484458245046472828e-02,-4.617510449176883136e-01,1.219111477873419253e-01,-4.919131668382697997e-01,-5.156522282356774678e-01,-4.710901956392391510e-01,5.198059670485793982e-01,-1.188191955746934619e-02,3.973299833410892656e-01,1.161255229940338696e+00,4.894130139962261650e-01,1.635985005012582927e-01,-8.070753781549606237e-03,5.364397957528981714e-02,-5.696609129705659802e-01,-1.139195569522265306e+00,6.330423767466727414e-01,2.443559819337668415e-01,7.512581659904013498e-02,-4.368000000000009375e-02,-8.606695745406996167e-02,7.515957172997068947e-02,-2.006676514690377555e+00,1.587191411946836883e+00,-3.477162161932200179e-01,-2.172359652117669127e-01,3.755262832810600526e-03,2.456989293580631450e-01,1.449764868969994069e-01,-2.052628553274428835e+00,-1.542096058141520398e+00,4.975062282848511375e-01,-2.145647379378097241e-01,-1.309115263512907468e-01,4.157847969387936660e-01,-9.276355269587638341e-02
5.950000,-1.484528418494634669e-02,-4.617522144751576851e-01,1.219076603488812027e-01,-4.919131668382697997e-01,-5.156522282356774678e-01,-4.710901956392391510e-01,5.198059670485793982e-01,-1.188074999999998160e-02,3.973295155181015281e-01,1.161253475604134611e+00,4.894145344209363535e-01,1.635973309437889212e-01,-8.070753781549606237e-03,5.364549999999997792e-02,-5.696599773245905052e-01,-1.139192996495832721e+00,6.330454175960931185e-01,2.443545784648036012e-01,7.512581659904013498e-02,-4.368000000000009375e-02,-8.606688435672812942e-02,7.516008341136354298e-02,-2.006679000000000102e+00,1.587189950000000405e+00,-3.477147542463833174e-01,-2.172403510522770143e-01,3.755262832810600526e-03,2.456977598005937735e-01,1.449764868969994069e-01,-2.052630600000000083e+00,-1.542094450000000005e+00,4.975047663380144369e-01,-2.145701471411055605e-01,-1.309115263512907468e-01,4.157839197706916234e-01,-9.276355269587638341e-02
5.960000,-1.484432369366990405e-02,-4.617546157033488030e-01,1.219297949614630838e-01,-4.919131668382697997e-01,-5.156522282356774678e-01,-4.710901956392391510e-01,5.198059670485793982e-01,-1.188074999999998160e-02,3.973295155181015281e-01,1.161253475604134611e+00,4.894145344209363535e-01,1.635973309437889212e-01,-8.070753781549606237e-03,5.364549999999997792e-02,-5.696599773245905052e-01,-1.139192996495832721e+00,6.330415756309872855e-01,2.443545784648036012e-01,7.512581659904013498e-02,-4.368000000000009375e-02,-8.606868527787145395e-02,7.516008341136354298e-02,-2.006679000000000102e+00,1.587189950000000405e+00,-3.477147542463833174e-01,-2.172283449113214804e-01,3.755262832810600526e-03,2.456977598005937735e-01,1.449764868969994069e-01,-2.052630600000000083e+00,-1.542094450000000005e+00,4.975047663380144369e-01,-2.145701471411055605e-01,-1.309115263512907468e-01,4.157839197706916234e-01,-9.276355269587638341e-02
5.970000,-1.483803178586117627e-02,-4.617703454728706025e-01,1.219637609743121076e-01,-4.919131668382697997e-01,-5.156522282356774678e-01,-4.710901956392391510e-01,5.198059670485793982e-01,-1.188074999999998160e-02,3.973295155181015281e-01,1.161253475604134611e+00,4.894145344209363535e-01,1.635973309437889212e-01,-8.070753781549606237e-03,5.364549999999997792e-02,-5.696599773245905052e-01,-1.139192996495832721e+00,6.330164079997523396e-01,2.443545784648036012e-01,7.512581659904013498e-02,-4.368000000000009375e-02,-8.608048260501281745e-02,7.516008341136354298e-02,-2.006679000000000102e+00,1.587189950000000405e+00,-3.477147542463833174e-01,-2.171496960637123996e-01,3.755262832810600526e-03,2.456977598005937735e-01,1.449764868969994069e-01,-2.052630600000000083e+00,-1.542094450000000005e+00,4.975047663380144369e-01,-2.145701471411055605e-01,-1.309115263512907468e-01,4.157839197706916234e-01,-9.276355269587638341e-02
5.980000,-1.482221859535126467e-02,-4.618098784491453945e-01,1.219959463348154888e-01,-4.919131668382697997e-01,-5.156522282356774678e-01,-4.710901956392391510e-01,5.198059670485793982e-01,-1.188074999999998160e-02,3.973295155181015281e-01,1.161253475604134611e+00,4.894145344209363535e-01,1.635973309437889212e-01,-8.070753781549606237e-03,5.364549999999997792e-02,-5.696599773245905052e-01,-1.139192996495832721e+00,6.329531552377127834e-01,2.443545784648036012e-01,7.512581659904013498e-02,-4.368000000000009375e-02,-8.611013233721889759e-02,7.516008341136354298e-02,-2.006679000000000102e+00,1.587189950000000405e+00,-3.477147542463833174e-01,-2.169520311823384950e-01,3.755262832810600526e-03,2.456977598005937735e-01,1.449764868969994069e-01,-2.052630600000000083e+00,-1.542094450000000005e+00,4.975047663380144369e-01,-2.145701471411055605e-01,-1.309115263512907468e-01,4.157839197706916234e-01,-9.276355269587638341e-02
5.990000,-1.479384835084414027e-02,-4.618808040604132081e-01,1.220160423714705261e-01,-4.919131668382697997e-01,-5.156522282356774678e-01,-4.710901956392391510e-01,5.198059670485793982e-01,-1.188074999999998160e-02,3.973295155181015281e-01,1.161253475604134611e+00,4.894145344209363535e-01,1.635973309437889212e-01,-8.070753781549606237e-03,5.364549999999997792e-02,-5.696599773245905052e-01,-1.139192996495832721e+00,6.328396742596842373e-01,2.443545784648036012e-01,7.512581659904013498e-02,-4.368000000000009375e-02,-8.616332654566975779e-02,7.516008341136354298e-02,-2.006679000000000102e+00,1.587189950000000405e+00,-3.477147542463833174e-01,-2.165974031259994548e-01,3.755262832810600526e-03,2.456977598005937735e-01,1.449764868969994069e-01,-2.052630600000000083e+00,-1.542094450000000005e+00,4.975047663380144369e-01,-2.145701471411055605e-01,-1.309115263512907468e-01,4.157839197706916234e-01,-9.276355269587638341e-02
6.000000,-1.475093901984074127e-02,-4.619880773879216918e-01,1.220167139242081394e-01,-4.919131668382697997e-01,-5.156522282356774678e-01,-4.710901956392391510e-01,5.198059670485793982e-01,-1.188074999999998160e-02,3.973295155181015281e-01,1.161253475604134611e+00,4.894145344209363535e-01,1.635973309437889212e-01,-8.070753781549606237e-03,5.364549999999997792e-02,-5.696599773245905052e-01,-1.139192996495832721e+00,6.326680369356706413e-01,2.443545784648036012e-01,7.512581659904013498e-02,-4.368000000000009375e-02,-8.624378154130113439e-02,7.516008341136354298e-02,-2.006679000000000102e+00,1.587189950000000405e+00,-3.477147542463833174e-01,-2.160610364884569534e-01,3.755262832810600526e-03,2.456977598005937735e-01,1.449764868969994069e-01,-2.052630600000000083e+00,-1.542094450000000005e+00,4.975047663380144369e-01,-2.145701471411055605e-01,-1.309115263512907468e-01,4.157839197706916234e-01,-9.276355269587638341e-02
6.010000,-1.469246195256307570e-02,-4.621342700561158479e-01,1.219932715179148364e-01,-4.919131668382697997e-01,-5.156522282356774678e-01,-4.710901956392391510e-01,5.198059670485793982e-01,-1.188074999999998160e-02,3.973295155181015281e-01,1.161253475604134611e+00,4.894145344209363535e-01,1.635973309437889212e-01,-8.070753781549606237e-03,5.364549999999997792e-02,-5.696599773245905052e-01,-1.139192996495832721e+00,6.324341286665600137e-01,2.443545784648036012e-01,7.512581659904013498e-02,-4.368000000000009375e-02,-8.635342604244675146e-02,7.516008341136354298e-02,-2.006679000000000102e+00,1.587189950000000405e+00,-3.477147542463833174e-01,-2.153300731474861451e-01,3.755262832810600526e-03,2.456977598005937735e-01,1.449764868969994069e-01,-2.052630600000000083e+00,-1.542094450000000005e+00,4.975047663380144369e-01,-2.145701471411055605e-01,-1.309115263512907468e-01,4.157839197706916234e-01,-9.276355269587638341e-02
6.020000,-1.461824152587830675e-02,-4.623198211228277676e-01,1.219433509018185841e-01,-4.919131668382697997e-01,-5.156522282356774678e-01,-4.710901956392391510e-01,5.198059670485793982e-01,-1.188074999999998160e-02,3.973295155181015281e-01,1.161253475604134611e+00,4.894145344209363535e-01,1.635973309437889212e-01,-8.070753781549606237e-03,5.364549999999997792e-02,-5.696599773245905052e-01,-1.139192996495832721e+00,6.321372469598208754e-01,2.443545784648036012e-01,7.512581659904013498e-02,-4.368000000000009375e-02,-8.649258934248069131e-02,7.516008341136354298e-02,-2.006679000000000102e+00,1.587189950000000405e+00,-3.477147542463833174e-01,-2.144023178139265184e-01,3.755262832810600526e-03,2.456977598005937735e-01,1.449764868969994069e-01,-2.052630600000000083e+00,-1.542094450000000005e+00,4.975047663380144369e-01,-2.145701471411055605e-01,-1.309115263512907468e-01,4.157839197706916234e-01,-9.276355269587638341e-02
6.030000,-1.452885478722288314e-02,-4.625432879694663657e-01,1.218666007222953540e-01,-4.919131668382697997e-01,-5.156522282356774678e-01,-4.710901956392391510e-01,5.198059670485793982e-01,-1.188074999999998160e-02,3.973295155181015281e-01,1.161253475604134611e+00,4.894145344209363535e-01,1.635973309437889212e-01,-8.070753781549606237e-03,5.364549999999997792e-02,-5.696599773245905052e-01,-1.139192996495832721e+00,6.317797000051992296e-01,2.443545784648036012e-01,7.512581659904013498e-02,-4.368000000000009375e-02,-8.666018947745961210e-02,7.516008341136354298e-02,-2.006679000000000102e+00,1.587189950000000405e+00,-3.477147542463833174e-01,-2.132849835807337224e-01,3.755262832810600526e-03,2.456977598005937735e-01,1.449764868969994069e-01,-2.052630600000000083e+00,-1.542094450000000005e+00,4.975047663380144369e-01,-2.145701471411055605e-01,-1.309115263512907468e-01,4.157839197706916234e-01,-9.276355269587638341e-02
6.040000,-1.442553109852659672e-02,-4.628015971912070592e-01,1.217643809582764913e-01,-4.919131668382697997e-01,-5.156522282356774678e-01,-4.710901956392391510e-01,5.198059670485793982e-01,-1.188074999999998160e-02,3.973295155181015281e-01,1.161253475604134611e+00,4.894145344209363535e-01,1.635973309437889212e-01,-8.070753781549606237e-03,5.364549999999997792e-02,-5.696599773245905052e-01,-1.139192996495832721e+00,6.313664052504140978e-01,2.443545784648036012e-01,7.512581659904013498e-02,-4.368000000000009375e-02,-8.685392139376515996e-02,7.516008341136354298e-02,-2.006679000000000102e+00,1.587189950000000405e+00,-3.477147542463833174e-01,-2.119934374720301440e-01,3.755262832810600526e-03,2.456977598005937735e-01,1.449764868969994069e-01,-2.052630600000000083e+00,-1.542094450000000005e+00,4.975047663380144369e-01,-2.145701471411055605e-01,-1.309115263512907468e-01,4.157839197706916234e-01,-9.276355269587638341e-02
6.050000,-1.431005178013670422e-02,-4.630902954871817800e-01,1.216394735292730955e-01,-4.919131668382697997e-01,-5.156522282356774678e-01,-4.710901956392391510e-01,5.198059670485793982e-01,-1.188074999999998160e-02,3.973295155181015281e-01,1.161253475604134611e+00,4.894145344209363535e-01,1.635973309437889212e-01,-8.070753781549606237e-03,5.364549999999997792e-02,-5.696599773245905052e-01,-1.139192996495832721e+00,6.309044879768545000e-01,2.443545784648036012e-01,7.512581659904013498e-02,-4.368000000000009375e-02,-8.707044511574620060e-02,7.516008341136354298e-02,-2.006679000000000102e+00,1.587189950000000405e+00,-3.477147542463833174e-01,-2.105499459921564842e-01,3.755262832810600526e-03,2.456977598005937735e-01,1.449764868969994069e-01,-2.052630600000000083e+00,-1.542094450000000005e+00,4.975047663380144369e-01,-2.145701471411055605e-01,-1.309115263512907468e-01,4.157839197706916234e-01,-9.276355269587638341e-02
6.060000,-1.418464975474200904e-02,-4.634038005506685431e-01,1.214958056127260211e-01,-4.919131668382697997e-01,-5.156522282356774678e-01,-4.710901956392391510e-01,5.198059670485793982e-01,-1.188074999999998160e-02,3.973295155181015281e-01,1.161253475604134611e+00,4.894145344209363535e-01,1.635973309437889212e-01,-8.070753781549606237e-03,5.364549999999997792e-02,-5.696599773245905052e-01,-1.139192996495832721e+00,6.304028798752757679e-01,2.443545784648036012e-01,7.512581659904013498e-02,-4.368000000000009375e-02,-8.730557391336125905e-02,7.516008341136354298e-02,-2.006679000000000102e+00,1.587189950000000405e+00,-3.477147542463833174e-01,-2.089824206747228352e-01,3.755262832810600526e-03,2.456977598005937735e-01,1.449764868969994069e-01,-2.052630600000000083e+00,-1.542094450000000005e+00,4.975047663380144369e-01,-2.145701471411055605e-01,-1.309115263512907468e-01,4.157839197706916234e-01,-9.276355269587638341e-02
6.070000,-1.405190919129700559e-02,-4.637356519592810145e-01,1.213381852670142036e-01,-4.919131668382697997e-01,-5.156522282356774678e-01,-4.710901956392391510e-01,5.198059670485793982e-01,-1.188074999999998160e-02,3.973295155181015281e-01,1.161253475604134611e+00,4.894145344209363535e-01,1.635973309437889212e-01,-8.070753781549606237e-03,5.364549999999997792e-02,-5.696599773245905052e-01,-1.139192996495832721e+00,6.298719176214957471e-01,2.443545784648036012e-01,7.512581659904013498e-02,-4.368000000000009375e-02,-8.755446246982064029e-02,7.516008341136354298e-02,-2.006679000000000102e+00,1.587189950000000405e+00,-3.477147542463833174e-01,-2.073231636316602566e-01,3.755262832810600526e-03,2.456977598005937735e-01,1.449764868969994069e-01,-2.052630600000000083e+00,-1.542094450000000005e+00,4.975047663380144369e-01,-2.145701471411055605e-01,-1.309115263512907468e-01,4.157839197706916234e-01,-9.276355269587638341e-02
6.080000,-1.391466514894590910e-02,-4.640787620651588008e-01,1.211720480299271763e-01,-4.919131668382697997e-01,-5.156522282356774678e-01,-4.710901956392391510e-01,5.198059670485793982e-01,-1.188074999999998160e-02,3.973295155181015281e-01,1.161253475604134611e+00,4.894145344209363535e-01,1.635973309437889212e-01,-8.070753781549606237e-03,5.364549999999997792e-02,-5.696599773245905052e-01,-1.139192996495832721e+00,6.293229414520913334e-01,2.443545784648036012e-01,7.512581659904013498e-02,-4.368000000000009375e-02,-8.781179504922895229e-02,7.516008341136354298e-02,-2.006679000000000102e+00,1.587189950000000405e+00,-3.477147542463833174e-01,-2.056076131022715470e-01,3.755262832810600526e-03,2.456977598005937735e-01,1.449764868969994069e-01,-2.052630600000000083e+00,-1.542094450000000005e+00,4.975047663380144369e-01,-2.145701471411055605e-01,-1.309115263512907468e-01,4.157839197706916234e-01,-9.276355269587638341e-02
6.090000,-1.377590322094679638e-02,-4.644256668851565739e-01,1.210875734964585310e-01,-4.919131668382697997e-01,-5.156522282356774678e-01,-4.710901956392391510e-01,5.198059670485793982e-01,-1.188074999999998160e-02,3.973295155181015281e-01,1.161253475604134611e+00,4.894145344209363535e-01,1.635973309437889212e-01,-8.070753781549606237e-03,5.364549999999997792e-02,-5.696599773245905052e-01,-1.139192996495832721e+00,6.287678937400948964e-01,2.443545784648036012e-01,7.512581659904013498e-02,-4.368000000000009375e-02,-8.807197366422728213e-02,7.516008341136354298e-02,-2.006679000000000102e+00,1.587189950000000405e+00,-3.477147542463833174e-01,-2.038730890022826536e-01,3.755262832810600526e-03,2.456977598005937735e-01,1.449764868969994069e-01,-2.052630600000000083e+00,-1.542094450000000005e+00,4.975047663380144369e-01,-2.145701471411055605e-01,-1.309115263512907468e-01,4.157839197706916234e-01,-9.276355269587638341e-02
6.100000,-1.363865917859568774e-02,-4.647687769910343603e-01,1.210913129064856986e-01,-4.919131668382697997e-01,-5.156522282356774678e-01,-4.710901956392391510e-01,5.198059670485793982e-01,-1.188074999999998160e-02,3.973295155181015281e-01,1.161253475604134611e+00,4.894145344209363535e-01,1.635973309437889212e-01,-8.070753781549606237e-03,5.364549999999997792e-02,-5.696599773245905052e-01,-1.139192996495832721e+00,6.282189175706904827e-01,2.443545784648036012e-01,7.512581659904013498e-02,-4.368000000000009375e-02,-8.832930624363560801e-02,7.516008341136354298e-02,-2.006679000000000102e+00,1.587189950000000405e+00,-3.477147542463833174e-01,-2.021575384728938052e-01,3.755262832810600526e-03,2.456977598005937735e-01,1.449764868969994069e-01,-2.052630600000000083e+00,-1.542094450000000005e+00,4.975047663380144369e-01,-2.145701471411055605e-01,-1.309115263512907468e-01,4.157839197706916234e-01,-9.276355269587638341e-02
6.110000,-1.350591861515068430e-02,-4.651006283996468316e-01,1.210949308267561253e-01,-4.919131668382697997e-01,-5.156522282356774678e-01,-4.710901956392391510e-01,5.198059670485793982e-01,-1.188074999999998160e-02,3.973295155181015281e-01,1.161253475604134611e+00,4.894145344209363535e-01,1.635973309437889212e-01,-8.070753781549606237e-03,5.364549999999997792e-02,-5.696599773245905052e-01,-1.139192996495832721e+00,6.276879553169104620e-01,2.443545784648036012e-01,7.512581659904013498e-02,-4.368000000000009375e-02,-8.857819480009498925e-02,7.516008341136354298e-02,-2.006679000000000102e+00,1.587189950000000405e+00,-3.477147542463833174e-01,-2.004982814298312543e-01,3.755262832810600526e-03,2.456977598005937735e-01,1.449764868969994069e-01,-2.052630600000000083e+00,-1.542094450000000005e+00,4.975047663380144369e-01,-2.145701471411055605e-01,-1.309115263512907468e-01,4.157839197706916234e-01,-9.276355269587638341e-02
6.120000,-1.338051658975599953e-02,-4.654141334631335392e-01,1.210983498272980852e-01,-4.919131668382697997e-01,-5.156522282356774678e-01,-4.710901956392391510e-01,5.198059670485793982e-01,-1.188074999999998160e-02,3.973295155181015281e-01,1.161253475604134611e+00,4.894145344209363535e-01,1.635973309437889212e-01,-8.070753781549606237e-03,5.364549999999997792e-02,-5.696599773245905052e-01,-1.139192996495832721e+00,6.271863472153317298e-01,2.443545784648036012e-01,7.512581659904013498e-02,-4.368000000000009375e-02,-8.881332359771001994e-02,7.516008341136354298e-02,-2.006679000000000102e+00,1.587189950000000405e+00,-3.477147542463833174e-01,-1.989307561123976886e-01,3.755262832810600526e-03,2.456977598005937735e-01,1.449764868969994069e-01,-2.052630600000000083e+00,-1.542094450000000005e+00,4.975047663380144369e-01,-2.145701471411055605e-01,-1.309115263512907468e-01,4.157839197706916234e-01,-9.276355269587638341e-02
6.130000,-1.326503727136610529e-02,-4.657028317591083155e-01,1.211014992339286001e-01,-4.919131668382697997e-01,-5.156522282356774678e-01,-4.710901956392391510e-01,5.198059670485793982e-01,-1.188074999999998160e-02,3.973295155181015281e-01,1.161253475604134611e+00,4.894145344209363535e-01,1.635973309437889212e-01,-8.070753781549606237e-03,5.364549999999997792e-02,-5.696599773245905052e-01,-1.139192996495832721e+00,6.267244299417721320e-01,2.443545784648036012e-01,7.512581659904013498e-02,-4.368000000000009375e-02,-8.902984731969107446e-02,7.516008341136354298e-02,-2.006679000000000102e+00,1.587189950000000405e+00,-3.477147542463833174e-01,-1.974872646325240289e-01,3.755262832810600526e-03,2.456977598005937735e-01,1.449764868969994069e-01,-2.052630600000000083e+00,-1.542094450000000005e+00,4.975047663380144369e-01,-2.145701471411055605e-01,-1.309115263512907468e-01,4.157839197706916234e-01,-9.276355269587638341e-02
6.140000,-1.316171358266981020e-02,-4.659611409808490090e-01,1.211043178918696783e-01,-4.919131668382697997e-01,-5.156522282356774678e-01,-4.710901956392391510e-01,5.198059670485793982e-01,-1.188074999999998160e-02,3.973295155181015281e-01,1.161253475604134611e+00,4.894145344209363535e-01,1.635973309437889212e-01,-8.070753781549606237e-03,5.364549999999997792e-02,-5.696599773245905052e-01,-1.139192996495832721e+00,6.263111351869868892e-01,2.443545784648036012e-01,7.512581659904013498e-02,-4.368000000000009375e-02,-8.922357923599663621e-02,7.516008341136354298e-02,-2.006679000000000102e+00,1.587189950000000405e+00,-3.477147542463833174e-01,-1.961957185238203394e-01,3.755262832810600526e-03,2.456977598005937735e-01,1.449764868969994069e-01,-2.052630600000000083e+00,-1.542094450000000005e+00,4.975047663380144369e-01,-2.145701471411055605e-01,-1.309115263512907468e-01,4.157839197706916234e-01,-9.276355269587638341e-02
6.150000,-1.307232684401438659e-02,-4.661846078274876071e-01,1.211067569345790351e-01,-4.919131668382697997e-01,-5.156522282356774678e-01,-4.710901956392391510e-01,5.198059670485793982e-01,-1.188074999999998160e-02,3.973295155181015281e-01,1.161253475604134611e+00,4.894145344209363535e-01,1.635973309437889212e-01,-8.070753781549606237e-03,5.364549999999997792e-02,-5.696599773245905052e-01,-1.139192996495832721e+00,6.259535882323652434e-01,2.443545784648036012e-01,7.512581659904013498e-02,-4.368000000000009375e-02,-8.939117937097554312e-02,7.516008341136354298e-02,-2.006679000000000102e+00,1.587189950000000405e+00,-3.477147542463833174e-01,-1.950783842906275156e-01,3.755262832810600526e-03,2.456977598005937735e-01,1.449764868969994069e-01,-2.052630600000000083e+00,-1.542094450000000005e+00,4.975047663380144369e-01,-2.145701471411055605e-01,-1.309115263512907468e-01,4.157839197706916234e-01,-9.276355269587638341e-02
6.160000,-1.299810641732962457e-02,-4.663701588941994713e-01,1.211087825541648094e-01,-4.919131668382697997e-01,-5.156522282356774678e-01,-4.710901956392391510e-01,5.198059670485793982e-01,-1.188074999999998160e-02,3.973295155181015281e-01,1.161253475604134611e+00,4.894145344209363535e-01,1.635973309437889212e-01,-8.070753781549606237e-03,5.364549999999997792e-02,-5.696599773245905052e-01,-1.139192996495832721e+00,6.256567065256262161e-01,2.443545784648036012e-01,7.512581659904013498e-02,-4.368000000000009375e-02,-8.953034267100948296e-02,7.516008341136354298e-02,-2.006679000000000102e+00,1.587189950000000405e+00,-3.477147542463833174e-01,-1.941506289570679999e-01,3.755262832810600526e-03,2.456977598005937735e-01,1.449764868969994069e-01,-2.052630600000000083e+00,-1.542094450000000005e+00,4.975047663380144369e-01,-2.145701471411055605e-01,-1.309115263512907468e-01,4.157839197706916234e-01,-9.276355269587638341e-02
6.170000,-1.293962935005195727e-02,-4.665163515623936830e-01,1.211103787695122225e-01,-4.919131668382697997e-01,-5.156522282356774678e-01,-4.710901956392391510e-01,5.198059670485793982e-01,-1.188074999999998160e-02,3.973295155181015281e-01,1.161253475604134611e+00,4.894145344209363535e-01,1.635973309437889212e-01,-8.070753781549606237e-03,5.364549999999997792e-02,-5.696599773245905052e-01,-1.139192996495832721e+00,6.254227982565154775e-01,2.443545784648036012e-01,7.512581659904013498e-02,-4.368000000000009375e-02,-8.963998717215510004e-02,7.516008341136354298e-02,-2.006679000000000102e+00,1.587189950000000405e+00,-3.477147542463833174e-01,-1.934196656160971362e-01,3.755262832810600526e-03,2.456977598005937735e-01,1.449764868969994069e-01,-2.052630600000000083e+00,-1.542094450000000005e+00,4.975047663380144369e-01,-2.145701471411055605e-01,-1.309115263512907468e-01,4.157839197706916234e-01,-9.276355269587638341e-02
6.180000,-1.289672001904855481e-02,-4.666236248899021666e-01,1.211115501884094531e-01,-4.919131668382697997e-01,-5.156522282356774678e-01,-4.710901956392391510e-01,5.198059670485793982e-01,-1.188074999999998160e-02,3.973295155181015281e-01,1.161253475604134611e+00,4.894145344209363535e-01,1.635973309437889212e-01,-8.070753781549606237e-03,5.364549999999997792e-02,-5.696599773245905052e-01,-1.139192996495832721e+00,6.252511609325018815e-01,2.443545784648036012e-01,7.512581659904013498e-02,-4.368000000000009375e-02,-8.972044216778647663e-02,7.516008341136354298e-02,-2.006679000000000102e+00,1.587189950000000405e+00,-3.477147542463833174e-01,-1.928832989785546626e-01,3.755262832810600526e-03,2.456977598005937735e-01,1.449764868969994069e-01,-2.052630600000000083e+00,-1.542094450000000005e+00,4.975047663380144369e-01,-2.145701471411055605e-01,-1.309115263512907468e-01,4.157839197706916234e-01,-9.276355269587638341e-02
6.190000,-1.286834977454142867e-02,-4.666945505011699802e-01,1.211123247606520070e-01,-4.919131668382697997e-01,-5.156522282356774678e-01,-4.710901956392391510e-01,5.198059670485793982e-01,-1.188074999999998160e-02,3.973295155181015281e-01,1.161253475604134611e+00,4.894145344209363535e-01,1.635973309437889212e-01,-8.070753781549606237e-03,5.364549999999997792e-02,-5.696599773245905052e-01,-1.139192996495832721e+00,6.251376799544734464e-01,2.443545784648036012e-01,7.512581659904013498e-02,-4.368000000000009375e-02,-8.977363637623733683e-02,7.516008341136354298e-02,-2.006679000000000102e+00,1.587189950000000405e+00,-3.477147542463833174e-01,-1.925286709222155945e-01,3.755262832810600526e-03,2.456977598005937735e-01,1.449764868969994069e-01,-2.052630600000000083e+00,-1.542094450000000005e+00,4.975047663380144369e-01,-2.145701471411055605e-01,-1.309115263512907468e-01,4.157839197706916234e-01,-9.276355269587638341e-02
6.200000,-1.285253658403151880e-02,-4.667340834774447722e-01,1.211127565203830997e-01,-4.919131668382697997e-01,-5.156522282356774678e-01,-4.710901956392391510e-01,5.198059670485793982e-01,-1.188074999999998160e-02,3.973295155181015281e-01,1.161253475604134611e+00,4.894145344209363535e-01,1.635973309437889212e-01,-8.070753781549606237e-03,5.364549999999997792e-02,-5.696599773245905052e-01,-1.139192996495832721e+00,6.250744271924337792e-01,2.443545784648036012e-01,7.512581659904013498e-02,-4.368000000000009375e-02,-8.980328610844343085e-02,7.516008341136354298e-02,-2.006679000000000102e+00,1.587189950000000405e+00,-3.477147542463833174e-01,-1.923310060408416899e-01,3.755262832810600526e-03,2.456977598005937735e-01,1.449764868969994069e-01,-2.052630600000000083e+00,-1.542094450000000005e+00,4.975047663380144369e-01,-2.145701471411055605e-01,-1.309115263512907468e-01,4.157839197706916234e-01,-9.276355269587638341e-02
6.210000,-1.284624467622279276e-02,-4.667498132469665717e-01,1.211129283178988270e-01,-4.919131668382697997e-01,-5.156522282356774678e-01,-4.710901956392391510e-01,5.198059670485793982e-01,-1.188074999999998160e-02,3.973295155181015281e-01,1.161253475604134611e+00,4.894145344209363535e-01,1.635973309437889212e-01,-8.070753781549606237e-03,5.364549999999997792e-02,-5.696599773245905052e-01,-1.139192996495832721e+00,6.250492595611988333e-01,2.443545784648036012e-01,7.512581659904013498e-02,-4.368000000000009375e-02,-8.981508343558478047e-02,7.516008341136354298e-02,-2.006679000000000102e+00,1.587189950000000405e+00,-3.477147542463833174e-01,-1.922523571932325814e-01,3.755262832810600526e-03,2.456977598005937735e-01,1.449764868969994069e-01,-2.052630600000000083e+00,-1.542094450000000005e+00,4.975047663380144369e-01,-2.145701471411055605e-01,-1.309115263512907468e-01,4.157839197706916234e-01,-9.276355269587638341e-02
6.220000,-1.284528418494634665e-02,-4.667522144751576896e-01,1.211129545438866112e-01,-4.919131668382697997e-01,-5.156522282356774678e-01,-4.710901956392391510e-01,5.198059670485793982e-01,-1.188074999999998160e-02,3.973295155181015281e-01,1.161253475604134611e+00,4.894145344209363535e-01,1.635973309437889212e-01,-8.070753781549606237e-03,5.364549999999997792e-02,-5.696599773245905052e-01,-1.139192996495832721e+00,6.250454175960931114e-01,2.443545784648036012e-01,7.512581659904013498e-02,-4.368000000000009375e-02,-8.981688435672811888e-02,7.516008341136354298e-02,-2.006679000000000102e+00,1.587189950000000405e+00,-3.477147542463833174e-01,-1.922403510522770476e-01,3.755262832810600526e-03,2.456977598005937735e-01,1.449764868969994069e-01,-2.052630600000000083e+00,-1.542094450000000005e+00,4.975047663380144369e-01,-2.145701471411055605e-01,-1.309115263512907468e-01,4.157839197706916234e-01,-9.276355269587638341e-02
6.230000,-1.284463135629426885e-02,-4.667571106900482714e-01,1.211118516155063607e-01,-4.919131668382697997e-01,-5.156522282356774678e-01,-4.710901956392391510e-01,5.198059670485793982e-01,-1.187905264550458140e-02,3.973295155181015281e-01,1.161253475604134611e+00,4.894162317754317537e-01,1.635973309437889212e-01,-8.070753781549606237e-03,5.364079963370502191e-02,-5.696615441133555668e-01,-1.139197827427858023e+00,6.250391504410330867e-01,2.443574509108727422e-01,7.512581659904013498e-02,-4.367771509971782318e-02,-8.981770039254322047e-02,7.515951218629296493e-02,-2.006671818884827374e+00,1.587192561314608508e+00,-3.477180183896437238e-01,-1.922297425866807963e-01,3.755262832810600526e-03,2.457000447008760580e-01,1.449764868969994069e-01,-2.052632721693119500e+00,-1.542095266035814927e+00,4.975047663380144369e-01,-2.145714527984096953e-01,-1.309115263512907468e-01,4.157839197706916234e-01,-9.276355269587638341e-02
6.240000,-1.284021019434740916e-02,-4.667902694046497380e-01,1.211043821336339893e-01,-4.919131668382697997e-01,-5.156522282356774678e-01,-4.710901956392391510e-01,5.198059670485793982e-01,-1.186755762444274484e-02,3.973295155181015281e-01,1.161253475604134611e+00,4.894277267964936007e-01,1.635973309437889212e-01,-8.070753781549606237e-03,5.360896726768762943e-02,-5.696721549020279385e-01,-1.139230544026264891e+00,6.249967072863432671e-01,2.443769040234389234e-01,7.512581659904013498e-02,-4.366224103290380909e-02,-8.982322684497678900e-02,7.515564366958946141e-02,-2.006623186103411616e+00,1.587210245962396016e+00,-3.477401241993780534e-01,-1.921578987050442944e-01,3.755262832810600526e-03,2.457155187676900721e-01,1.449764868969994069e-01,-2.052647090469446489e+00,-1.542100792488248606e+00,4.975047663380144369e-01,-2.145802951223034216e-01,-1.309115263512907468e-01,4.157839197706916234e-01,-9.276355269587638341e-02
6.250000,-1.282865337443687102e-02,-4.668769455539787394e-01,1.210848562304256415e-01,-4.919131668382697997e-01,-5.156522282356774678e-01,-4.710901956392391510e-01,5.198059670485793982e-01,-1.183750989267534637e-02,3.973295155181015281e-01,1.161253475604134611e+00,4.894577745282610026e-01,1.635973309437889212e-01,-8.070753781549606237e-03,5.352575816433175621e-02,-5.696998912698132411e-01,-1.139316064493602898e+00,6.248857618152020565e-01,2.444277540310452745e-01,7.512581659904013498e-02,-4.362179216321693254e-02,-8.983767286986496514e-02,7.514553145216774921e-02,-2.006496061084395599e+00,1.587256473242038224e+00,-3.477979082989307025e-01,-1.919701003814980600e-01,3.755262832810600526e-03,2.457559676373769486e-01,1.449764868969994069e-01,-2.052684650134156019e+00,-1.542115238513136699e+00,4.975047663380144369e-01,-2.146034087621244979e-01,-1.309115263512907468e-01,4.157839197706916234e-01,-9.276355269587638341e-02
6.260000,-1.280701538418717832e-02,-4.670392304808514417e-01,1.210482943424638358e-01,-4.919131668382697997e-01,-5.156522282356774678e-01,-4.710901956392391510e-01,5.198059670485793982e-01,-1.178125111802614741e-02,3.973295155181015281e-01,1.161253475604134611e+00,4.895140333029102120e-01,1.635973309437889212e-01,-8.070753781549606237e-03,5.336996463453396594e-02,-5.697518224464125369e-01,-1.139476185621450588e+00,6.246780371088050954e-01,2.445229611881439280e-01,7.512581659904013498e-02,-4.354605919734300112e-02,-8.986472035767707756e-02,7.512659821069926636e-02,-2.006258043191649243e+00,1.587343025203036939e+00,-3.479060982501791521e-01,-1.916184830399405570e-01,3.755262832810600526e-03,2.458317006032508800e-01,1.449764868969994069e-01,-2.052754973602467281e+00,-1.542142286000948825e+00,4.975047663380144369e-01,-2.146466847426238833e-01,-1.309115263512907468e-01,4.157839197706916234e-01,-9.276355269587638341e-02
6.270000,-1.277275530668796691e-02,-4.672961810620955281e-01,1.209903960816321317e-01,-4.919131668382697997e-01,-5.156522282356774678e-01,-4.710901956392391510e-01,5.198059670485793982e-01,-1.169217491652819671e-02,3.973295155181015281e-01,1.161253475604134611e+00,4.896031095044081627e-01,1.635973309437889212e-01,-8.070753781549606237e-03,5.312329207653965213e-02,-5.698340466324106623e-01,-1.139729710194944845e+00,6.243491403648125937e-01,2.446737055291404728e-01,7.512581659904013498e-02,-4.342614892609576727e-02,-8.990754545455109659e-02,7.509662064288745442e-02,-2.005881182339157576e+00,1.587480065513033889e+00,-3.480773986376752283e-01,-1.910617567805783790e-01,3.755262832810600526e-03,2.459516108744981278e-01,1.449764868969994069e-01,-2.052866318854339678e+00,-1.542185111097822858e+00,4.975047663380144369e-01,-2.147152048976223027e-01,-1.309115263512907468e-01,4.157839197706916234e-01,-9.276355269587638341e-02
6.280000,-1.272371960366569868e-02,-4.676639488347625329e-01,1.209075089535712189e-01,-4.919131668382697997e-01,-5.156522282356774678e-01,-4.710901956392391510e-01,5.198059670485793982e-01,-1.156468208867029654e-02,3.973295155181015281e-01,1.161253475604134611e+00,4.897306023322660629e-01,1.635973309437889212e-01,-8.070753781549606237e-03,5.277023501477930839e-02,-5.699517323196641172e-01,-1.140092574397309599e+00,6.238783976157988853e-01,2.448894626224384363e-01,7.512581659904013498e-02,-4.325452396551782153e-02,-8.996884008332893534e-02,7.505371440274297146e-02,-2.005341789605912695e+00,1.587676208325123017e+00,-3.483225771527865833e-01,-1.902649266064664890e-01,3.755262832810600526e-03,2.461232358350760596e-01,1.449764868969994069e-01,-2.053025684889162150e+00,-1.542246405726600766e+00,4.975047663380144369e-01,-2.148132763036668391e-01,-1.309115263512907468e-01,4.157839197706916234e-01,-9.276355269587638341e-02
6.290000,-1.265812489865533394e-02,-4.681559091223402858e-01,1.207965972138546062e-01,-4.919131668382697997e-01,-5.156522282356774678e-01,-4.710901956392391510e-01,5.198059670485793982e-01,-1.139413585564334752e-02,3.973295155181015281e-01,1.161253475604134611e+00,4.899011485652929876e-01,1.635973309437889212e-01,-8.070753781549606237e-03,5.229795313870468781e-02,-5.701091596116889537e-01,-1.140577975214386308e+00,6.232486884476993172e-01,2.451780793244840440e-01,7.512581659904013498e-02,-4.302494249798154841e-02,-9.005083346459188953e-02,7.499631903585890491e-02,-2.004620247850798620e+00,1.587938587145164337e+00,-3.486505506778384000e-01,-1.891990126500480707e-01,3.755262832810600526e-03,2.463528173026123258e-01,1.449764868969994069e-01,-2.053238867680446056e+00,-1.542328399107863790e+00,4.975047663380144369e-01,-2.149444657136875825e-01,-1.309115263512907468e-01,4.157839197706916234e-01,-9.276355269587638341e-02
6.300000,-1.257454076017204547e-02,-4.687827901609649683e-01,1.206552110834799157e-01,-4.919131668382697997e-01,-5.156522282356774678e-01,-4.710901956392391510e-01,5.198059670485793982e-01,-1.117681709558680098e-02,3.973295155181015281e-01,1.161253475604134611e+00,4.901184673253495272e-01,1.635973309437889212e-01,-8.070753781549606237e-03,5.169614734162501779e-02,-5.703097615440488877e-01,-1.141196497839162660e+00,6.224462807182598034e-01,2.455458495338105063e-01,7.512581659904013498e-02,-4.273239801329004051e-02,-9.015531363769599404e-02,7.492318291468602620e-02,-2.003700822327482811e+00,1.588272923699097561e+00,-3.490684713702548736e-01,-1.878407703996946565e-01,3.755262832810600526e-03,2.466453617873038406e-01,1.449764868969994069e-01,-2.053510516130516717e+00,-1.542432879280967839e+00,4.975047663380144369e-01,-2.151116339906541386e-01,-1.309115263512907468e-01,4.157839197706916234e-01,-9.276355269587638341e-02
6.310000,-1.247187248488290309e-02,-4.695528022256335032e-01,1.205223892149969445e-01,-4.919131668382697997e-01,-5.156522282356774678e-01,-4.710901956392391510e-01,5.198059670485793982e-01,-1.090987957983503148e-02,3.973295155181015281e-01,1.161253475604134611e+00,4.903854048411013244e-01,1.635973309437889212e-01,-8.070753781549606237e-03,5.095693575954318710e-02,-5.705561654047427433e-01,-1.141956243076302169e+00,6.214606652754840477e-01,2.459975899450827508e-01,7.512581659904013498e-02,-4.237305904977804044e-02,-9.028364898180743503e-02,7.483334817380803139e-02,-2.002571471299302353e+00,1.588683596800254172e+00,-3.495818127467005820e-01,-1.861724109262460902e-01,3.755262832810600526e-03,2.470047007508158476e-01,1.449764868969994069e-01,-2.053844188025206297e+00,-1.542561214625079336e+00,4.975047663380144369e-01,-2.153169705412324442e-01,-1.309115263512907468e-01,4.157839197706916234e-01,-9.276355269587638341e-02
6.320000,-1.234934388077860504e-02,-4.704717667564157768e-01,1.204216419078102396e-01,-4.919131668382697997e-01,-5.156522282356774678e-01,-4.710901956392391510e-01,5.198059670485793982e-01,-1.059130520916385515e-02,3.973295155181015281e-01,1.161253475604134611e+00,4.907039792117725008e-01,1.635973309437889212e-01,-8.070753781549606237e-03,5.007472980999224527e-02,-5.708502340545931197e-01,-1.142862954746673987e+00,6.202843906760827641e-01,2.465367158031416539e-01,7.512581659904013498e-02,-4.194420893541299378e-02,-9.043680973693779546e-02,7.472613564521676799e-02,-2.001223656654154581e+00,1.589173711216671281e+00,-3.501944557672220792e-01,-1.841813211095512104e-01,3.755262832810600526e-03,2.474335508651808735e-01,1.449764868969994069e-01,-2.054242405988545350e+00,-1.542714375380209724e+00,4.975047663380144369e-01,-2.155620277494410264e-01,-1.309115263512907468e-01,4.157839197706916234e-01,-9.276355269587638341e-02
6.330000,-1.220648005034512262e-02,-4.715432454846668620e-01,1.203041661834809012e-01,-4.919131668382697997e-01,-5.156522282356774678e-01,-4.710901956392391510e-01,5.198059670485793982e-01,-1.021985925003680157e-02,3.973295155181015281e-01,1.161253475604134611e+00,4.910754251708995266e-01,1.635973309437889212e-01,-8.070753781549606237e-03,4.904611023087116634e-02,-5.711931072476335025e-01,-1.143920147091881834e+00,6.189128979039213441e-01,2.471653166570489946e-01,7.512581659904013498e-02,-4.144418552889581053e-02,-9.061538952497964761e-02,7.460112979358746177e-02,-1.999652154519386382e+00,1.589745166538405252e+00,-3.509087749193894323e-01,-1.818597838650071463e-01,3.755262832810600526e-03,2.479335742716980706e-01,1.449764868969994069e-01,-2.054706713437453924e+00,-1.542892955168251534e+00,4.975047663380144369e-01,-2.158477554103079843e-01,-1.309115263512907468e-01,4.157839197706916234e-01,-9.276355269587638341e-02
6.340000,-1.204309017373543338e-02,-4.727686695592395183e-01,1.201698014175058421e-01,-4.919131668382697997e-01,-5.156522282356774678e-01,-4.710901956392391510e-01,5.198059670485793982e-01,-9.795045570851607791e-03,3.973295155181015281e-01,1.161253475604134611e+00,4.915002388500847585e-01,1.635973309437889212e-01,-8.070753781549606237e-03,4.786970311928140376e-02,-5.715852429514967081e-01,-1.145129232178793588e+00,6.173443550884682995e-01,2.478842321141316030e-01,7.512581659904013498e-02,-4.087232096076189730e-02,-9.081962687074177087e-02,7.445816365155398520e-02,-1.997854865876679931e+00,1.590398726044844002e+00,-3.517257243024379254e-01,-1.792046983700996965e-01,3.755262832810600526e-03,2.485054388398319769e-01,1.449764868969994069e-01,-2.055237730536435770e+00,-1.543097192514013560e+00,4.975047663380144369e-01,-2.161745351635273593e-01,-1.309115263512907468e-01,4.157839197706916234e-01,-9.276355269587638341e-02
6.350000,-1.185925029194119171e-02,-4.741474686726963594e-01,1.200186058988117893e-01,-4.919131668382697997e-01,-5.156522282356774678e-01,-4.710901956392391510e-01,5.198059670485793982e-01,-9.317061878186578758e-03,3.973295155181015281e-01,1.161253475604134611e+00,4.919782225427497546e-01,1.635973309437889212e-01,-8.070753781549606237e-03,4.654605597036286235e-02,-5.720264586678028840e-01,-1.146489647304070880e+00,6.155794922232435962e-01,2.486931275940262864e-01,7.512581659904013498e-02,-4.022888137448205059e-02,-9.104942672298456385e-02,7.429730375498402872e-02,-1.995832627176943319e+00,1.591134085572020851e+00,-3.526449237114090973e-01,-1.762173002909432351e-01,3.755262832810600526e-03,2.491488784261118306e-01,1.449764868969994069e-01,-2.055835210152266779e+00,-1.543326992366256478e+00,4.975047663380144369e-01,-2.165422149271158392e-01,-1.309115263512907468e-01,4.157839197706916234e-01,-9.276355269587638341e-02
6.360000,-1.165528608996448980e-02,-4.756772001875216316e-01,1.198508427727470044e-01,-4.919131668382697997e-01,-5.156522282356774678e-01,-4.710901956392391510e-01,5.198059670485793982e-01,-8.786754953047155869e-03,3.973295155181015281e-01,1.161253475604134611e+00,4.925085294678892001e-01,1.635973309437889212e-01,-8.070753781549606237e-03,4.507751371613061275e-02,-5.725159727525469533e-01,-1.147998982398698464e+00,6.136214358842672079e-01,2.495905700827237561e-01,7.512581659904013498e-02,-3.951500666756359303e-02,-9.130438197545544254e-02,7.411883507825441086e-02,-1.993589020955199409e+00,1.591949942379927707e+00,-3.536647447212926121e-01,-1.729028820088218676e-01,3.755262832810600526e-03,2.498627531330303020e-01,1.449764868969994069e-01,-2.056498093808690975e+00,-1.543581947618727135e+00,4.975047663380144369e-01,-2.169501433310692673e-01,-1.309115263512907468e-01,4.157839197706916234e-01,-9.276355269587638341e-02
6.370000,-1.143175567998946408e-02,-4.773536782623343244e-01,1.196669660084542924e-01,-4.919131668382697997e-01,-5.156522282356774678e-01,-4.710901956392391510e-01,5.198059670485793982e-01,-8.205575887112086589e-03,3.973295155181015281e-01,1.161253475604134611e+00,4.930897085338242780e-01,1.635973309437889212e-01,-8.070753781549606237e-03,4.346809476431043318e-02,-5.730524457364870594e-01,-1.149653107432513588e+00,6.114755439485070054e-01,2.505741038866138859e-01,7.512581659904013498e-02,-3.873265023265100304e-02,-9.158379498792422468e-02,7.392324596952626337e-02,-1.991130186445474237e+00,1.592844064019827810e+00,-3.547823967711677406e-01,-1.692705128467276721e-01,3.755262832810600526e-03,2.506451095679428920e-01,1.449764868969994069e-01,-2.057224567641109836e+00,-1.543861360631196167e+00,4.975047663380144369e-01,-2.173972041510193187e-01,-1.309115263512907468e-01,4.157839197706916234e-01,-9.276355269587638341e-02
6.380000,-1.118943238455404922e-02,-4.791711029780998943e-01,1.195021654135684508e-01,-4.919131668382697997e-01,-5.156522282356774678e-01,-4.710901956392391510e-01,5.198059670485793982e-01,-7.575535318980010369e-03,3.973295155181015281e-01,1.161253475604134611e+00,4.937197491019563178e-01,1.635973309437889212e-01,-8.070753781549606237e-03,4.172336703717544060e-02,-5.736340216455320107e-01,-1.151446299818735808e+00,6.091492403123269783e-01,2.516403263865297224e-01,7.512581659904013498e-02,-3.788451869862705101e-02,-9.188669910721850020e-02,7.371121308602027189e-02,-1.988464630195684757e+00,1.593813357201569580e+00,-3.559940132483448427e-01,-1.653327592959021874e-01,3.755262832810600526e-03,2.514932411019668024e-01,1.449764868969994069e-01,-2.058012118351275177e+00,-1.544164264750490290e+00,4.975047663380144369e-01,-2.178818507418901484e-01,-1.309115263512907468e-01,4.157839197706916234e-01,-9.276355269587638341e-02
6.390000,-1.092928751972164179e-02,-4.811221894643429864e-01,1.194644964425353728e-01,-4.919131668382697997e-01,-5.156522282356774678e-01,-4.710901956392391510e-01,5.198059670485793982e-01,-6.899158670415747943e-03,3.973295155181015281e-01,1.161253475604134611e+00,4.943961257505206097e-01,1.635973309437889212e-01,-8.070753781549606237e-03,3.985032401038210437e-02,-5.742583693211298357e-01,-1.153371371818495472e+00,6.066518496099359004e-01,2.527849637917922720e-01,7.512581659904013498e-02,-3.697401167171362329e-02,-9.221188018825900168e-02,7.348358632929191669e-02,-1.985603036682528355e+00,1.594853936660899141e+00,-3.572947375725068486e-01,-1.611054052423755711e-01,3.755262832810600526e-03,2.524037481288802787e-01,1.449764868969994069e-01,-2.058857589161980250e+00,-1.544489445831530805e+00,4.975047663380144369e-01,-2.184021404715549564e-01,-1.309115263512907468e-01,4.157839197706916234e-01,-9.276355269587638341e-02
6.400000,-1.065247317825288378e-02,-4.831982970253586585e-01,1.194547914913626496e-01,-4.919131668382697997e-01,-5.156522282356774678e-01,-4.710901956392391510e-01,5.198059670485793982e-01,-6.179441382596975729e-03,3.973295155181015281e-01,1.161253475604134611e+00,4.951158430383393871e-01,1.635973309437889212e-01,-8.070753781549606237e-03,3.785726075180704392e-02,-5.749227237406547841e-01,-1.155419797945364424e+00,6.039944319318357735e-01,2.540029468942548441e-01,7.512581659904013498e-02,-3.600516147657296939e-02,-9.255789811509494702e-02,7.324137378050675495e-02,-1.982558078926371925e+00,1.595961194026774166e+00,-3.586788092798506300e-01,-1.566071721935082539e-01,3.755262832810600526e-03,2.533725983240209256e-01,1.449764868969994069e-01,-2.059757235771753958e+00,-1.544835463758366778e+00,4.975047663380144369e-01,-2.189557691544924689e-01,-1.309115263512907468e-01,4.157839197706916234e-01,-9.276355269587638341e-02
6.410000,-1.036030501277722740e-02,-4.853895582664260466e-01,1.194792399389379145e-01,-4.919131668382697997e-01,-5.156522282356774678e-01,-4.710901956392391510e-01,5.198059670485793982e-01,-5.419804152360272256e-03,3.973295155181015281e-01,1.161253475604134611e+00,4.958754802685760854e-01,1.635973309437889212e-01,-8.070753781549606237e-03,3.575364996038232768e-02,-5.756239273377964372e-01,-1.157581842369884262e+00,6.011896175432694944e-01,2.552884868223477266e-01,7.512581659904013498e-02,-3.498257289740817899e-02,-9.292310832193952097e-02,7.298572663571556429e-02,-1.979344229106139608e+00,1.597129866688676847e+00,-3.601396501072289258e-01,-1.518594395045288481e-01,3.755262832810600526e-03,2.543951869031856883e-01,1.449764868969994069e-01,-2.060706782309549734e+00,-1.545200673965211324e+00,4.975047663380144369e-01,-2.195401054854437817e-01,-1.309115263512907468e-01,4.157839197706916234e-01,-9.276355269587638341e-02
6.420000,-1.005424501896472200e-02,-4.876850082200198666e-01,1.195441163995656642e-01,-4.919131668382697997e-01,-5.156522282356774678e-01,-4.710901956392391510e-01,5.198059670485793982e-01,-4.624048168447759607e-03,3.973295155181015281e-01,1.161253475604134611e+00,4.966712362524886015e-01,1.635973309437889212e-01,-8.070753781549606237e-03,3.355001800493229158e-02,-5.763584713229463752e-01,-1.159846686324096821e+00,5.982514416026695203e-01,2.566351507951227240e-01,7.512581659904013498e-02,-3.391136291906440836e-02,-9.330568331420514838e-02,7.271792414112962510e-02,-1.975977569174202086e+00,1.598354106663926855e+00,-3.616699500762914354e-01,-1.468859646050756362e-01,3.755262832810600526e-03,2.554663968815295005e-01,1.449764868969994069e-01,-2.061701477289440199e+00,-1.545583248957477007e+00,4.975047663380144369e-01,-2.201522254730687855e-01,-1.309115263512907468e-01,4.157839197706916234e-01,-9.276355269587638341e-02
6.430000,-9.735884318697689971e-03,-4.900727134720225808e-01,1.196555705354141325e-01,-4.919131668382697997e-01,-5.156522282356774678e-01,-4.710901956392391510e-01,5.198059670485793982e-01,-3.796310347753475978e-03,3.973295155181015281e-01,1.161253475604134611e+00,4.974989740731828869e-01,1.635973309437889212e-01,-8.070753781549606237e-03,3.125782096300965679e-02,-5.771225370035872881e-01,-1.162202555506072876e+00,5.951951788801059795e-01,2.580359378762976941e-01,7.512581659904013498e-02,-3.279710046812979451e-02,-9.370363418953894796e-02,7.243935852839596123e-02,-1.972475601471264772e+00,1.599627549464994969e+00,-3.632617535776266338e-01,-1.417126032257363666e-01,3.755262832810600526e-03,2.565806593324641005e-01,1.449764868969994069e-01,-2.062736149565308263e+00,-1.545981199832810793e+00,4.975047663380144369e-01,-2.207889468736028427e-01,-1.309115263512907468e-01,4.157839197706916234e-01,-9.276355269587638341e-02
6.440000,-9.406925943242386984e-03,-4.925399012879373428e-01,1.198193857646054905e-01,-4.919131668382697997e-01,-5.156522282356774678e-01,-4.710901956392391510e-01,5.198059670485793982e-01,-2.941018571569688385e-03,3.973295155181015281e-01,1.161253475604134611e+00,4.983542658493666511e-01,1.635973309437889212e-01,-8.070753781549606237e-03,2.888932065973147736e-02,-5.779120371046799765e-01,-1.164636847484441962e+00,5.920371784757350042e-01,2.594833547283010300e-01,7.512581659904013498e-02,-3.164574615403623753e-02,-9.411483215885807496e-02,7.215151994987256678e-02,-1.968857059341256432e+00,1.600943382966816042e+00,-3.649065454549031418e-01,-1.363670296245876878e-01,3.755262832810600526e-03,2.577320136465576228e-01,1.449764868969994069e-01,-2.063805264285537788e+00,-1.546392397802129892e+00,4.975047663380144369e-01,-2.214468636245134625e-01,-1.309115263512907468e-01,4.157839197706916234e-01,-9.276355269587638341e-02
6.450000,-9.069167616420828817e-03,-4.950730887390990542e-01,1.200407184924426190e-01,-4.919131668382697997e-01,-5.156522282356774678e-01,-4.710901956392391510e-01,5.198059670485793982e-01,-2.062846921833633856e-03,3.973295155181015281e-01,1.161253475604134611e+00,4.992324374991027325e-01,1.635973309437889212e-01,-8.070753781549606237e-03,2.645746070661624677e-02,-5.787226570890517952e-01,-1.167136259102921514e+00,5.887946985382480625e-01,2.609694913663158644e-01,7.512581659904013498e-02,-3.046359201016077961e-02,-9.453703006738502224e-02,7.185598141390370230e-02,-1.965141717746219374e+00,1.602294416274102407e+00,-3.665953370890109309e-01,-1.308784568137373594e-01,3.755262832810600526e-03,2.589141677904330807e-01,1.449764868969994069e-01,-2.064902978847707793e+00,-1.546814595710656715e+00,4.975047663380144369e-01,-2.221223802781565893e-01,-1.309115263512907468e-01,4.157839197706916234e-01,-9.276355269587638341e-02
6.460000,-8.724484537782300694e-03,-4.976582118288880308e-01,1.203238330481996993e-01,-4.919131668382697997e-01,-5.156522282356774678e-01,-4.710901956392391510e-01,5.198059670485793982e-01,-1.166670917373460910e-03,3.973295155181015281e-01,1.161253475604134611e+00,5.001286135035628577e-01,1.635973309437889212e-01,-8.070753781549606237e-03,2.397574254041884984e-02,-5.795498964777842099e-01,-1.169686913884846691e+00,5.854857409833181814e-01,2.624860969123253840e-01,7.512581659904013498e-02,-2.925720123492592945e-02,-9.496788391568318499e-02,7.155438372009499670e-02,-1.961350203881195409e+00,1.603673148588656616e+00,-3.683187524822035819e-01,-1.252773567858612713e-01,3.755262832810600526e-03,2.601205585656679586e-01,1.449764868969994069e-01,-2.066023198853283116e+00,-1.547245449558954933e+00,4.975047663380144369e-01,-2.228117464354336386e-01,-1.309115263512907468e-01,4.157839197706916234e-01,-9.276355269587638341e-02
6.470000,-8.374812165775180617e-03,-5.002807546189413923e-01,1.206718492468769194e-01,-4.919131668382697997e-01,-5.156522282356774678e-01,-4.710901956392391510e-01,5.198059670485793982e-01,-2.575227501549499226e-04,3.973295155181015281e-01,1.161253475604134611e+00,5.010377616707814008e-01,1.635973309437889212e-01,-8.070753781549606237e-03,2.145810146196758250e-02,-5.803891101706013522e-01,-1.172274489437699296e+00,5.821288862120498342e-01,2.640246553491567005e-01,7.512581659904013498e-02,-2.803334793290101004e-02,-9.540497438069207858e-02,7.124842039458877119e-02,-1.957503807789117145e+00,1.605071838076685076e+00,-3.700671143422391562e-01,-1.195951807407455714e-01,3.755262832810600526e-03,2.613444118676928607e-01,1.449764868969994069e-01,-2.067159634062306406e+00,-1.547682540023963993e+00,4.975047663380144369e-01,-2.235110911794478683e-01,-1.309115263512907468e-01,4.157839197706916234e-01,-9.276355269587638341e-02
6.480000,-8.022129000918570146e-03,-5.029258783553659518e-01,1.210865202442387989e-01,-4.919131668382697997e-01,-5.156522282356774678e-01,-4.710901956392391510e-01,5.198059670485793982e-01,6.594534784722353056e-04,3.973295155181015281e-01,1.161253475604134611e+00,5.019547378994085873e-01,1.635973309437889212e-01,-8.070753781549606237e-03,1.891878267499999544e-02,-5.812355497662572423e-01,-1.174884344857638263e+00,5.787431278294263848e-01,2.655764612745258324e-01,7.512581659904013498e-02,-2.679895685590287513e-02,-9.584582833676284774e-02,7.093982262533923833e-02,-1.953624292975694399e+00,1.606482570736111448e+00,-3.718305301665222329e-01,-1.138640793118256556e-01,3.755262832810600526e-03,2.625788029446909921e-01,1.449764868969994069e-01,-2.068305854348090556e+00,-1.548123393980034734e+00,4.975047663380144369e-01,-2.242164575091610823e-01,-1.309115263512907468e-01,4.157839197706916234e-01,-9.276355269587638341e-02
6.490000,-7.668439368974123808e-03,-5.055785505949493830e-01,1.215680575654895512e-01,-4.919131668382697997e-01,-5.156522282356774678e-01,-4.710901956392391510e-01,5.198059670485793982e-01,1.579046521527796391e-03,3.973295155181015281e-01,1.161253475604134611e+00,5.028743309424641428e-01,1.635973309437889212e-01,-8.070753781549606237e-03,1.637221732499997626e-02,-5.820844048829239004e-01,-1.177501648134027246e+00,5.753477073627597527e-01,2.671326956550813536e-01,7.512581659904013498e-02,-2.556104314409731251e-02,-9.628794037669340111e-02,7.063034419738783987e-02,-1.949733707024305485e+00,1.607897329263889175e+00,-3.735989783262444464e-01,-1.081166227927284063e-01,3.755262832810600526e-03,2.638167166564965860e-01,1.449764868969994069e-01,-2.069455345651909806e+00,-1.548565506019965232e+00,4.975047663380144369e-01,-2.249238367730500010e-01,-1.309115263512907468e-01,4.157839197706916234e-01,-9.276355269587638341e-02
6.500000,-7.315756204117544563e-03,-5.082236743313737204e-01,1.221150177704242862e-01,-4.919131668382697997e-01,-5.156522282356774678e-01,-4.710901956392391510e-01,5.198059670485793982e-01,2.496022750154905292e-03,3.973295155181015281e-01,1.161253475604134611e+00,5.037913071710912183e-01,1.635973309437889212e-01,-8.070753781549606237e-03,1.383289853803260604e-02,-5.829308444785796794e-01,-1.180111503553965990e+00,5.719619489801365253e-01,2.686845015804503189e-01,7.512581659904013498e-02,-2.432665206709928515e-02,-9.672879433276412864e-02,7.032174642813833476e-02,-1.945854192210883182e+00,1.609308061923315547e+00,-3.753623941505273565e-01,-1.023855213638089762e-01,3.755262832810600526e-03,2.650511077334946064e-01,1.449764868969994069e-01,-2.070601565937693511e+00,-1.549006359976035974e+00,4.975047663380144369e-01,-2.256292031027631317e-01,-1.309115263512907468e-01,4.157839197706916234e-01,-9.276355269587638341e-02
6.510000,-6.966083832110423618e-03,-5.108462171214270819e-01,1.227242613652309439e-01,-4.919131668382697997e-01,-5.156522282356774678e-01,-4.710901956392391510e-01,5.198059670485793982e-01,3.405170917373418014e-03,3.973295155181015281e-01,1.161253475604134611e+00,5.047004553383097614e-01,1.635973309437889212e-01,-8.070753781549606237e-03,1.131525745958133350e-02,-5.837700581713967107e-01,-1.182699079106818596e+00,5.686050942088681781e-01,2.702230600172816355e-01,7.512581659904013498e-02,-2.310279876507436228e-02,-9.716588479777302223e-02,7.001578310263210925e-02,-1.942007796118804919e+00,1.610706751411344007e+00,-3.771107560105629863e-01,-9.670334531869327621e-02,3.755262832810600526e-03,2.662749610355195085e-01,1.449764868969994069e-01,-2.071738001146716801e+00,-1.549443450441044812e+00,4.975047663380144369e-01,-2.263285478467773892e-01,-1.309115263512907468e-01,4.157839197706916234e-01,-9.276355269587638341e-02
6.520000,-6.621400753471863403e-03,-5.134313402112162805e-01,1.233909896138849077e-01,-4.919131668382697997e-01,-5.156522282356774678e-01,-4.710901956392391510e-01,5.198059670485793982e-01,4.301346921833673793e-03,3.973295155181015281e-01,1.161253475604134611e+00,5.055966313427699976e-01,1.635973309437889212e-01,-8.070753781549606237e-03,8.833539293383702376e-03,-5.845972975601292365e-01,-1.185249733888743995e+00,5.652961366539380750e-01,2.717396655632913216e-01,7.512581659904013498e-02,-2.189640798983940109e-02,-9.759673864607122662e-02,6.971418540882336201e-02,-1.938216282253780509e+00,1.612085483725898216e+00,-3.788341714037557484e-01,-9.110224529081666078e-02,3.755262832810600526e-03,2.674813518107544974e-01,1.449764868969994069e-01,-2.072858221152292124e+00,-1.549874304289343030e+00,4.975047663380144369e-01,-2.270179140040545218e-01,-1.309115263512907468e-01,4.157839197706916234e-01,-9.276355269587638341e-02
6.530000,-6.283642426650303502e-03,-5.159645276623779919e-01,1.241088593112383565e-01,-4.919131668382697997e-01,-5.156522282356774678e-01,-4.710901956392391510e-01,5.198059670485793982e-01,5.179518571569730057e-03,3.973295155181015281e-01,1.161253475604134611e+00,5.064748029925060235e-01,1.635973309437889212e-01,-8.070753781549606237e-03,6.401679340268473517e-03,-5.854079175445010552e-01,-1.187749145507223547e+00,5.620536567164510222e-01,2.732258022013061560e-01,7.512581659904013498e-02,-2.071425384596393970e-02,-9.801893655459817389e-02,6.941864687285449753e-02,-1.934500940658743451e+00,1.613436517033184359e+00,-3.805229630378635375e-01,-8.561367247996631846e-02,3.755262832810600526e-03,2.686635059546299553e-01,1.449764868969994069e-01,-2.073955935714462129e+00,-1.550296502197870074e+00,4.975047663380144369e-01,-2.276934306576976486e-01,-1.309115263512907468e-01,4.157839197706916234e-01,-9.276355269587638341e-02
6.540000,-5.954684051195030005e-03,-5.184317154782924764e-01,1.248701699088726608e-01,-4.919131668382697997e-01,-5.156522282356774678e-01,-4.710901956392391510e-01,5.198059670485793982e-01,6.034810347753441322e-03,3.973295155181015281e-01,1.161253475604134611e+00,5.073300947686898432e-01,1.635973309437889212e-01,-8.070753781549606237e-03,4.033179036990502259e-03,-5.861974176455937435e-01,-1.190183437485592410e+00,5.588956563120803800e-01,2.746732190533093809e-01,7.512581659904013498e-02,-1.956289953187048333e-02,-9.843013452391727314e-02,6.913080829433113084e-02,-1.930882398528735333e+00,1.614752350535005654e+00,-3.821677549151399345e-01,-8.026809887881811156e-02,3.755262832810600526e-03,2.698148602687233666e-01,1.449764868969994069e-01,-2.075025050434692098e+00,-1.550707700167189174e+00,4.975047663380144369e-01,-2.283513474086081851e-01,-1.309115263512907468e-01,4.157839197706916234e-01,-9.276355269587638341e-02
6.550000,-5.636323350927997973e-03,-5.208194207302953016e-01,1.256661121984832818e-01,-4.919131668382697997e-01,-5.156522282356774678e-01,-4.710901956392391510e-01,5.198059670485793982e-01,6.862548168447727553e-03,3.973295155181015281e-01,1.161253475604134611e+00,5.081578325893840731e-01,1.635973309437889212e-01,-8.070753781549606237e-03,1.740981995067867466e-03,-5.869614833262345455e-01,-1.192539306667568466e+00,5.558393935895169502e-01,2.760740061344842955e-01,7.512581659904013498e-02,-1.844863708093586949e-02,-9.882808539925105884e-02,6.885224268159748084e-02,-1.927380430825798019e+00,1.616025793336073768e+00,-3.837595584164750773e-01,-7.509473749947884191e-02,3.755262832810600526e-03,2.709291227196580221e-01,1.449764868969994069e-01,-2.076059722710559718e+00,-1.551105651042522959e+00,4.975047663380144369e-01,-2.289880688091422423e-01,-1.309115263512907468e-01,4.157839197706916234e-01,-9.276355269587638341e-02
6.560000,-5.330263357115465686e-03,-5.231148706838892881e-01,1.264870636049137409e-01,-4.919131668382697997e-01,-5.156522282356774678e-01,-4.710901956392391510e-01,5.198059670485793982e-01,7.658304152360309591e-03,3.973295155181015281e-01,1.161253475604134611e+00,5.089535885732966447e-01,1.635973309437889212e-01,-8.070753781549606237e-03,-4.626499603823559792e-04,-5.876960273113845945e-01,-1.194804150621781247e+00,5.529012176489166430e-01,2.774206701072594594e-01,7.512581659904013498e-02,-1.737742710259200865e-02,-9.921066039151672789e-02,6.858444018701151390e-02,-1.924013770893860276e+00,1.617250033311323776e+00,-3.852898583855377534e-01,-7.012126260002519984e-02,3.755262832810600526e-03,2.720003326980018898e-01,1.449764868969994069e-01,-2.077054417690450627e+00,-1.551488226034788642e+00,4.975047663380144369e-01,-2.296001887967673016e-01,-1.309115263512907468e-01,4.157839197706916234e-01,-9.276355269587638341e-02
6.570000,-5.038095191639811905e-03,-5.253061319249566763e-01,1.278077612149341180e-01,-4.919131668382697997e-01,-5.156522282356774678e-01,-4.710901956392391510e-01,5.198059670485793982e-01,8.417941382597007860e-03,3.973295155181015281e-01,1.161253475604134611e+00,5.097132258035333985e-01,1.635973309437889212e-01,-8.070753781549606237e-03,-2.566260751807061813e-03,-5.883972309085262475e-01,-1.196966195046301085e+00,5.500964032603503640e-01,2.787062100353523419e-01,7.512581659904013498e-02,-1.635483852342722172e-02,-9.957587059836128796e-02,6.832879304222032324e-02,-1.920799921073628180e+00,1.618418705973226457e+00,-3.867506992129159937e-01,-6.537352991104582178e-02,3.755262832810600526e-03,2.730229212771666525e-01,1.449764868969994069e-01,-2.078003964228246403e+00,-1.551853436241633188e+00,4.975047663380144369e-01,-2.301845251277186144e-01,-1.309115263512907468e-01,4.157839197706916234e-01,-9.276355269587638341e-02
6.580000,-4.761280850171053028e-03,-5.273822394859724039e-01,1.291161195625942781e-01,-4.919131668382697997e-01,-5.156522282356774678e-01,-4.710901956392391510e-01,5.198059670485793982e-01,9.137658670415781809e-03,3.973295155181015281e-01,1.161253475604134611e+00,5.104329430913521204e-01,1.635973309437889212e-01,-8.070753781549606237e-03,-4.559324010382139608e-03,-5.890615853280511960e-01,-1.199014621173169814e+00,5.474389855822502371e-01,2.799241931378149140e-01,7.512581659904013498e-02,-1.538598832828656435e-02,-9.992188852519723330e-02,6.808658049343516150e-02,-1.917754963317471750e+00,1.619525963339101482e+00,-3.881347709202598306e-01,-6.087529686217847680e-02,3.755262832810600526e-03,2.739917714723072995e-01,1.449764868969994069e-01,-2.078903610838019667e+00,-1.552199454168468939e+00,4.975047663380144369e-01,-2.307381538106561270e-01,-1.309115263512907468e-01,4.157839197706916234e-01,-9.276355269587638341e-02
6.590000,-4.501135985338664686e-03,-5.293333259722152739e-01,1.303356070484926188e-01,-4.919131668382697997e-01,-5.156522282356774678e-01,-4.710901956392391510e-01,5.198059670485793982e-01,9.814035318979990458e-03,3.973295155181015281e-01,1.161253475604134611e+00,5.111093197399163568e-01,1.635973309437889212e-01,-8.070753781549606237e-03,-6.432367037175326652e-03,-5.896859330036489100e-01,-1.200939693172929701e+00,5.449415948798592702e-01,2.810688305430774081e-01,7.512581659904013498e-02,-1.447548130137320602e-02,-1.002470696062377209e-01,6.785895373670682018e-02,-1.914893369804315348e+00,1.620566542798431042e+00,-3.894354952444217810e-01,-5.664794280865216580e-02,3.755262832810600526e-03,2.749022784992206647e-01,1.449764868969994069e-01,-2.079749081648725184e+00,-1.552524635249509455e+00,4.975047663380144369e-01,-2.312584435403209071e-01,-1.309115263512907468e-01,4.157839197706916234e-01,-9.276355269587638341e-02
6.600000,-4.258812689903227269e-03,-5.311507506879810103e-01,1.314626349727324450e-01,-4.919131668382697997e-01,-5.156522282356774678e-01,-4.710901956392391510e-01,5.198059670485793982e-01,1.044407588711212739e-02,3.973295155181015281e-01,1.161253475604134611e+00,5.117393603080484521e-01,1.635973309437889212e-01,-8.070753781549606237e-03,-8.177094764310478825e-03,-5.902675089126939723e-01,-1.202732885559151921e+00,5.426152912436791320e-01,2.821350530429933001e-01,7.512581659904013498e-02,-1.362734976734917419e-02,-1.005499737255320242e-01,6.764692085320081483e-02,-1.912227813554525646e+00,1.621535835980172813e+00,-3.906471117215989386e-01,-5.271018925782632036e-02,3.755262832810600526e-03,2.757504100332446861e-01,1.449764868969994069e-01,-2.080536632358890081e+00,-1.552827539368803800e+00,4.975047663380144369e-01,-2.317430901311917646e-01,-1.309115263512907468e-01,4.157839197706916234e-01,-9.276355269587638341e-02
6.610000,-4.035282279928201557e-03,-5.328272287627937587e-01,1.324945309836089435e-01,-4.919131668382697997e-01,-5.156522282356774678e-01,-4.710901956392391510e-01,5.198059670485793982e-01,1.102525495304719494e-02,3.973295155181015281e-01,1.161253475604134611e+00,5.123205393739835856e-01,1.635973309437889212e-01,-8.070753781549606237e-03,-9.786513716130665341e-03,-5.908039818966340784e-01,-1.204387010592967044e+00,5.404693993079188186e-01,2.831185868468834022e-01,7.512581659904013498e-02,-1.284499333243658420e-02,-1.008293867380008063e-01,6.745133174447266733e-02,-1.909768979044800474e+00,1.622429957620072916e+00,-3.917647637714740672e-01,-4.907782009573215254e-02,3.755262832810600526e-03,2.765327664681572761e-01,1.449764868969994069e-01,-2.081263106191308943e+00,-1.553106952381272610e+00,4.975047663380144369e-01,-2.321901509511418160e-01,-1.309115263512907468e-01,4.157839197706916234e-01,-9.276355269587638341e-02
6.620000,-3.831318077951501380e-03,-5.343569602776190308e-01,1.334295537997144399e-01,-4.919131668382697997e-01,-5.156522282356774678e-01,-4.710901956392391510e-01,5.198059670485793982e-01,1.155556187818661609e-02,3.973295155181015281e-01,1.161253475604134611e+00,5.128508462991229200e-01,1.635973309437889212e-01,-8.070753781549606237e-03,-1.125505597036290453e-02,-5.912934959813781477e-01,-1.205896345687594629e+00,5.385113429689425413e-01,2.840160293355808996e-01,7.512581659904013498e-02,-1.213111862551813358e-02,-1.010843419904716850e-01,6.727286306774304947e-02,-1.907525372823056564e+00,1.623245814427979772e+00,-3.927845847813575819e-01,-4.576340181361075732e-02,3.755262832810600526e-03,2.772466411750757476e-01,1.449764868969994069e-01,-2.081925989847733582e+00,-1.553361907633743488e+00,4.975047663380144369e-01,-2.325980793550952441e-01,-1.309115263512907468e-01,4.157839197706916234e-01,-9.276355269587638341e-02
6.630000,-3.647478196157277058e-03,-5.357357593910756499e-01,1.342669092685760956e-01,-4.919131668382697997e-01,-5.156522282356774678e-01,-4.710901956392391510e-01,5.198059670485793982e-01,1.203354557085160002e-02,3.973295155181015281e-01,1.161253475604134611e+00,5.133288299917879716e-01,1.635973309437889212e-01,-8.070753781549606237e-03,-1.257870311928132104e-02,-5.917347116976843235e-01,-1.207256760812871921e+00,5.367464801037179489e-01,2.848249248154754998e-01,7.512581659904013498e-02,-1.148767903923834932e-02,-1.013141418427144641e-01,6.711200317117310687e-02,-1.905503134123320175e+00,1.623981173955156621e+00,-3.937037841903286983e-01,-4.277600373445462900e-02,3.755262832810600526e-03,2.778900807613555179e-01,1.449764868969994069e-01,-2.082523469463564592e+00,-1.553591707485986184e+00,4.975047663380144369e-01,-2.329657591186836685e-01,-1.309115263512907468e-01,4.157839197706916234e-01,-9.276355269587638341e-02
6.640000,-3.484088319547573934e-03,-5.369611834656484728e-01,1.350067703853456147e-01,-4.919131668382697997e-01,-5.156522282356774678e-01,-4.710901956392391510e-01,5.198059670485793982e-01,1.245835925003682676e-02,3.973295155181015281e-01,1.161253475604134611e+00,5.137536436709732035e-01,1.635973309437889212e-01,-8.070753781549606237e-03,-1.375511023087118423e-02,-5.921268474015475292e-01,-1.208465845899783675e+00,5.351779372882647934e-01,2.855438402725581915e-01,7.512581659904013498e-02,-1.091581447110438752e-02,-1.015183791884765874e-01,6.696903702913961642e-02,-1.903705845480613501e+00,1.624634733461595371e+00,-3.945207335733771914e-01,-4.012091823954694325e-02,3.755262832810600526e-03,2.784619453294894798e-01,1.449764868969994069e-01,-2.083054486562545993e+00,-1.553795944831748432e+00,4.975047663380144369e-01,-2.332925388719030990e-01,-1.309115263512907468e-01,4.157839197706916234e-01,-9.276355269587638341e-02
6.650000,-3.341224489114091520e-03,-5.380326621938995579e-01,1.356503037759423658e-01,-4.919131668382697997e-01,-5.156522282356774678e-01,-4.710901956392391510e-01,5.198059670485793982e-01,1.282980520916388034e-02,3.973295155181015281e-01,1.161253475604134611e+00,5.141250896301001738e-01,1.635973309437889212e-01,-8.070753781549606237e-03,-1.478372980999225622e-02,-5.924697205945879119e-01,-1.209523038244991522e+00,5.338064445161033733e-01,2.861724411264655044e-01,7.512581659904013498e-02,-1.041579106458719733e-02,-1.016969589765184395e-01,6.684403117751031020e-02,-1.902134343345845080e+00,1.625206188783329342e+00,-3.952350527255446000e-01,-3.779938099500285142e-02,3.755262832810600526e-03,2.789619687360067046e-01,1.449764868969994069e-01,-2.083518794011455011e+00,-1.553974524619790243e+00,4.975047663380144369e-01,-2.335782665327700569e-01,-1.309115263512907468e-01,4.157839197706916234e-01,-9.276355269587638341e-02
6.660000,-3.218695885009786525e-03,-5.389516267246818870e-01,1.361997048979760871e-01,-4.919131668382697997e-01,-5.156522282356774678e-01,-4.710901956392391510e-01,5.198059670485793982e-01,1.314837957983507576e-02,3.973295155181015281e-01,1.161253475604134611e+00,5.144436640007714612e-01,1.635973309437889212e-01,-8.070753781549606237e-03,-1.566593575954324663e-02,-5.927637892444382883e-01,-1.210429749915363340e+00,5.326301699167020898e-01,2.867115669845244352e-01,7.512581659904013498e-02,-9.986940950222129854e-03,-1.018501197316488277e-01,6.673681864891904680e-02,-1.900786528700697753e+00,1.625696303199746673e+00,-3.958476957460661527e-01,-3.580829117830791608e-02,3.755262832810600526e-03,2.793908188503717582e-01,1.449764868969994069e-01,-2.083917011974794065e+00,-1.554127685374920631e+00,4.975047663380144369e-01,-2.338233237409786669e-01,-1.309115263512907468e-01,4.157839197706916234e-01,-9.276355269587638341e-02
6.670000,-3.116027609720651084e-03,-5.397216387893504219e-01,1.366582438277110234e-01,-4.919131668382697997e-01,-5.156522282356774678e-01,-4.710901956392391510e-01,5.198059670485793982e-01,1.341531709558682964e-02,3.973295155181015281e-01,1.161253475604134611e+00,5.147106015165231474e-01,1.635973309437889212e-01,-8.070753781549606237e-03,-1.640514734162502875e-02,-5.930101931051321440e-01,-1.211189495152502849e+00,5.316445544739263340e-01,2.871633073957966520e-01,7.512581659904013498e-02,-9.627601986710157544e-03,-1.019784550757602409e-01,6.664698390804105199e-02,-1.899657177672517294e+00,1.626106976300903062e+00,-3.963610371225118056e-01,-3.413993170485946083e-02,3.755262832810600526e-03,2.797501578138837375e-01,1.449764868969994069e-01,-2.084250683869483645e+00,-1.554256020719032128e+00,4.975047663380144369e-01,-2.340286602915569447e-01,-1.309115263512907468e-01,4.157839197706916234e-01,-9.276355269587638341e-02
6.680000,-3.032443471237366087e-03,-5.403485198279749380e-01,1.370303229840633963e-01,-4.919131668382697997e-01,-5.156522282356774678e-01,-4.710901956392391510e-01,5.198059670485793982e-01,1.363263585564336924e-02,3.973295155181015281e-01,1.161253475604134611e+00,5.149279202765797425e-01,1.635973309437889212e-01,-8.070753781549606237e-03,-1.700695313870467101e-02,-5.932107950374920780e-01,-1.211808017777279201e+00,5.308421467444868203e-01,2.875310776051230865e-01,7.512581659904013498e-02,-9.335057502018656583e-03,-1.020829352488643454e-01,6.657384778686817328e-02,-1.898737752149201263e+00,1.626441312854836285e+00,-3.967789578149282237e-01,-3.278168945450604665e-02,3.755262832810600526e-03,2.800427022985751968e-01,1.449764868969994069e-01,-2.084522332319554305e+00,-1.554360500892136177e+00,4.975047663380144369e-01,-2.341958285685235008e-01,-1.309115263512907468e-01,4.157839197706916234e-01,-9.276355269587638341e-02
6.690000,-2.966848766226992673e-03,-5.408404801155528574e-01,1.373215474968337846e-01,-4.919131668382697997e-01,-5.156522282356774678e-01,-4.710901956392391510e-01,5.198059670485793982e-01,1.380318208867034428e-02,3.973295155181015281e-01,1.161253475604134611e+00,5.150984665096066673e-01,1.635973309437889212e-01,-8.070753781549606237e-03,-1.747923501477937486e-02,-5.933682223295170255e-01,-1.212293418594355909e+00,5.302124375763872521e-01,2.878196943071687497e-01,7.512581659904013498e-02,-9.105476034482348768e-03,-1.021649286301273135e-01,6.651645241998410674e-02,-1.898016210394087189e+00,1.626703691674877827e+00,-3.971069313399800960e-01,-3.171577549808746177e-02,3.755262832810600526e-03,2.802722837661115185e-01,1.449764868969994069e-01,-2.084735515110837767e+00,-1.554442494273399200e+00,4.975047663380144369e-01,-2.343270179785442442e-01,-1.309115263512907468e-01,4.157839197706916234e-01,-9.276355269587638341e-02
6.700000,-2.917813063204726179e-03,-5.412082478882197512e-01,1.375388081648145078e-01,-4.919131668382697997e-01,-5.156522282356774678e-01,-4.710901956392391510e-01,5.198059670485793982e-01,1.393067491652823231e-02,3.973295155181015281e-01,1.161253475604134611e+00,5.152259593374646229e-01,1.635973309437889212e-01,-8.070753781549606237e-03,-1.783229207653968390e-02,-5.934859080167703693e-01,-1.212656282796720664e+00,5.297416948273735438e-01,2.880354514004667132e-01,7.512581659904013498e-02,-8.933851073904416906e-03,-1.022262232589051523e-01,6.647354617983962377e-02,-1.897476817660842086e+00,1.626899834486966734e+00,-3.973521098550914510e-01,-3.091894532397565509e-02,3.755262832810600526e-03,2.804439087266894504e-01,1.449764868969994069e-01,-2.084894881145660239e+00,-1.554503788902176886e+00,4.975047663380144369e-01,-2.344250893845887806e-01,-1.309115263512907468e-01,4.157839197706916234e-01,-9.276355269587638341e-02
6.710000,-2.883552985705518240e-03,-5.414651984694638376e-01,1.376903760814016386e-01,-4.919131668382697997e-01,-5.156522282356774678e-01,-4.710901956392391510e-01,5.198059670485793982e-01,1.401975111802617260e-02,3.973295155181015281e-01,1.161253475604134611e+00,5.153150355389625181e-01,1.635973309437889212e-01,-8.070753781549606237e-03,-1.807896463453397690e-02,-5.935681322027684947e-01,-1.212909807370214921e+00,5.294127980833811531e-01,2.881861957414632025e-01,7.512581659904013498e-02,-8.813940802657196927e-03,-1.022690483557791574e-01,6.644356861202781184e-02,-1.897099956808350862e+00,1.627036874796963684e+00,-3.975234102425874716e-01,-3.036221906461356035e-02,3.755262832810600526e-03,2.805638189979366981e-01,1.449764868969994069e-01,-2.085006226397532636e+00,-1.554546613999050919e+00,4.975047663380144369e-01,-2.344936095395872000e-01,-1.309115263512907468e-01,4.157839197706916234e-01,-9.276355269587638341e-02
6.720000,-2.861914995455813390e-03,-5.416274833963365953e-01,1.377860070430942663e-01,-4.919131668382697997e-01,-5.156522282356774678e-01,-4.710901956392391510e-01,5.198059670485793982e-01,1.407600989267540452e-02,3.973295155181015281e-01,1.161253475604134611e+00,5.153712943136117275e-01,1.635973309437889212e-01,-8.070753781549606237e-03,-1.823475816433185737e-02,-5.936200633793677905e-01,-1.213069928498062611e+00,5.292050733769839699e-01,2.882814028985619115e-01,7.512581659904013498e-02,-8.738207836783223881e-03,-1.022960958435912837e-01,6.642463537055931511e-02,-1.896861938915604062e+00,1.627123426757962399e+00,-3.976316001938360323e-01,-3.001060172305586304e-02,3.755262832810600526e-03,2.806395519638106295e-01,1.449764868969994069e-01,-2.085076549865844342e+00,-1.554573661486863045e+00,4.975047663380144369e-01,-2.345368855200866132e-01,-1.309115263512907468e-01,4.157839197706916234e-01,-9.276355269587638341e-02
6.730000,-2.850358175545280454e-03,-5.417141595456655967e-01,1.378370528111878823e-01,-4.919131668382697997e-01,-5.156522282356774678e-01,-4.710901956392391510e-01,5.198059670485793982e-01,1.410605762444278911e-02,3.973295155181015281e-01,1.161253475604134611e+00,5.154013420453791294e-01,1.635973309437889212e-01,-8.070753781549606237e-03,-1.831796726768769590e-02,-5.936477997471530932e-01,-1.213155448965400618e+00,5.290941279058428703e-01,2.883322529061682626e-01,7.512581659904013498e-02,-8.697758967096361205e-03,-1.023105418684794599e-01,6.641452315313760291e-02,-1.896734813896588268e+00,1.627169654037604607e+00,-3.976893842933886813e-01,-2.982280339950965642e-02,3.755262832810600526e-03,2.806800008334975338e-01,1.449764868969994069e-01,-2.085114109530553428e+00,-1.554588107511751360e+00,4.975047663380144369e-01,-2.345599991599076617e-01,-1.309115263512907468e-01,4.157839197706916234e-01,-9.276355269587638341e-02
6.740000,-2.845937013598420773e-03,-5.417473182602671189e-01,1.378565751767777126e-01,-4.919131668382697997e-01,-5.156522282356774678e-01,-4.710901956392391510e-01,5.198059670485793982e-01,1.411755264550463088e-02,3.973295155181015281e-01,1.161253475604134611e+00,5.154128370664410319e-01,1.635973309437889212e-01,-8.070753781549606237e-03,-1.834979963370508838e-02,-5.936584105358255758e-01,-1.213188165563807486e+00,5.290516847511529397e-01,2.883517060187344438e-01,7.512581659904013498e-02,-8.682284900282347118e-03,-1.023160683209130284e-01,6.641065463643409938e-02,-1.896686181115172731e+00,1.627187338685391893e+00,-3.977114901031229555e-01,-2.975095951787321003e-02,3.755262832810600526e-03,2.806954749003115479e-01,1.449764868969994069e-01,-2.085128478306880861e+00,-1.554593633964184818e+00,4.975047663380144369e-01,-2.345688414838013880e-01,-1.309115263512907468e-01,4.157839197706916234e-01,-9.276355269587638341e-02
6.750000,-2.845284184946346440e-03,-5.417522144751576452e-01,1.378594575843567760e-01,-4.919131668382697997e-01,-5.156522282356774678e-01,-4.710901956392391510e-01,5.198059670485793982e-01,1.411925000000002067e-02,3.973295155181015281e-01,1.161253475604134611e+00,5.154145344209363211e-01,1.635973309437889212e-01,-8.070753781549606237e-03,-1.835450000000001664e-02,-5.936599773245905265e-01,-1.213192996495832787e+00,5.290454175960930261e-01,2.883545784648036125e-01,7.512581659904013498e-02,-8.680000000000090421e-03,-1.023168843567281161e-01,6.641008341136353521e-02,-1.896679000000000004e+00,1.627189950000000440e+00,-3.977147542463833618e-01,-2.974035105227701425e-02,3.755262832810600526e-03,2.806977598005938046e-01,1.449764868969994069e-01,-2.085130600000000278e+00,-1.554594449999999961e+00,4.975047663380144369e-01,-2.345701471411055505e-01,-1.309115263512907468e-01,4.157839197706916234e-01,-9.276355269587638341e-02
6.760000,-2.844582450464722828e-03,-5.417533840326270722e-01,1.378584965191786693e-01,-4.919131668382697997e-01,-5.156522282356774678e-01,-4.710901956392391510e-01,5.198059670485793982e-01,1.412077042471020401e-02,3.973285798721260531e-01,1.161250902577702027e+00,5.154175752703566982e-01,1.635959274748256809e-01,-8.070753781549606237e-03,-1.835333044253064511e-02,-5.936595095016027335e-01,-1.213191242159628702e+00,5.290469380208032701e-01,2.883534089073342410e-01,7.512581659904013498e-02,-8.680000000000090421e-03,-1.023169574540699622e-01,6.641059509275638872e-02,-1.896681046725571473e+00,1.627188341858480047e+00,-3.977132922995466058e-01,-2.974576025557285064e-02,3.755262832810600526e-03,2.806968826324917621e-01,1.449764868969994069e-01,-2.085133085309622381e+00,-1.554592988053163261e+00,4.975033043911777364e-01,-2.345745329816156799e-01,-1.309115263512907468e-01,4.157827502132222519e-01,-9.276355269587638341e-02
6.770000,-2.839824241946923341e-03,-5.417613143801567333e-01,1.378519796004343267e-01,-4.919131668382697997e-01,-5.156522282356774678e-01,-4.710901956392391510e-01,5.198059670485793982e-01,1.413107987649876891e-02,3.973222355941022910e-01,1.161233455813136750e+00,5.154381941739338835e-01,1.635864110577900654e-01,-8.070753781549606237e-03,-1.834540009500098406e-02,-5.936563373625909357e-01,-1.213179346638334266e+00,5.290572474725918628e-01,2.883454785598045245e-01,7.512581659904013498e-02,-8.680000000000090421e-03,-1.023174531007905591e-01,6.641406461980062237e-02,-1.896694924833748352e+00,1.627177437630626722e+00,-3.977033793651345572e-01,-2.978243811289754683e-02,3.755262832810600526e-03,2.806909348718444885e-01,1.449764868969994069e-01,-2.085149937298123035e+00,-1.554583075118751267e+00,4.974933914567656323e-01,-2.346042717848519366e-01,-1.309115263512907468e-01,4.157748198656925909e-01,-9.276355269587638341e-02
6.780000,-2.827368675449354243e-03,-5.417820736576526297e-01,1.378349179273455349e-01,-4.919131668382697997e-01,-5.156522282356774678e-01,-4.710901956392391510e-01,5.198059670485793982e-01,1.415806693724350196e-02,3.973056281721055183e-01,1.161187785402645556e+00,5.154921682954233253e-01,1.635614999247949342e-01,-8.070753781549606237e-03,-1.832464081750503210e-02,-5.936480336515925771e-01,-1.213148207722090310e+00,5.290842345333365282e-01,2.883247192823086280e-01,7.512581659904013498e-02,-8.680000000000090421e-03,-1.023187505556340526e-01,6.642314680370509095e-02,-1.896731253569366116e+00,1.627148893624069670e+00,-3.976774302682646312e-01,-2.987844977131631774e-02,3.755262832810600526e-03,2.806753654137225662e-01,1.449764868969994069e-01,-2.085194050762801954e+00,-1.554557126021881341e+00,4.974674423598957063e-01,-2.346821190754617426e-01,-1.309115263512907468e-01,4.157540605881966389e-01,-9.276355269587638341e-02
6.790000,-2.804012631463288167e-03,-5.418210003976293709e-01,1.378029156622097573e-01,-4.919131668382697997e-01,-5.156522282356774678e-01,-4.710901956392391510e-01,5.198059670485793982e-01,1.420867169921331136e-02,3.972744867801241142e-01,1.161102146574696681e+00,5.155933778193629857e-01,1.635147878368228003e-01,-8.070753781549606237e-03,-1.828571407752825617e-02,-5.936324629556017918e-01,-1.213089817612125199e+00,5.291348392953063584e-01,2.882857925423318313e-01,7.512581659904013498e-02,-8.680000000000090421e-03,-1.023211834768826128e-01,6.644017725244494299e-02,-1.896799375364325524e+00,1.627095369356601706e+00,-3.976287718432936491e-01,-3.005848594370891247e-02,3.755262832810600526e-03,2.806461703587399548e-01,1.449764868969994069e-01,-2.085276770085252807e+00,-1.554508467596910304e+00,4.974187839349247242e-01,-2.348280943503746609e-01,-1.309115263512907468e-01,4.157151338482198422e-01,-9.276355269587638341e-02
6.800000,-2.766973587682126749e-03,-5.418827321372646777e-01,1.377521407740315007e-01,-4.919131668382697997e-01,-5.156522282356774678e-01,-4.710901956392391510e-01,5.198059670485793982e-01,1.428892296073916261e-02,3.972251013884158799e-01,1.160966336747499161e+00,5.157538803424146501e-01,1.634407097492604766e-01,-8.070753781549606237e-03,-1.822398233789298411e-02,-5.936077702597477579e-01,-1.212997220002672183e+00,5.292150905568322461e-01,2.882240608026965800e-01,7.512581659904013498e-02,-8.680000000000090421e-03,-1.023250417106098126e-01,6.646718488853536888e-02,-1.896907405908687227e+00,1.627010488214603257e+00,-3.975516071687495434e-01,-3.034399523952202582e-02,3.755262832810600526e-03,2.805998715540135025e-01,1.449764868969994069e-01,-2.085407950031977542e+00,-1.554431302922366198e+00,4.973416192603806740e-01,-2.350595883740069225e-01,-1.309115263512907468e-01,4.156534021085845909e-01,-9.276355269587638341e-02
6.810000,-2.713872451768654590e-03,-5.419712340304537745e-01,1.376792952740558962e-01,-4.919131668382697997e-01,-5.156522282356774678e-01,-4.710901956392391510e-01,5.198059670485793982e-01,1.440397542188501939e-02,3.971542998738645802e-01,1.160771632582483059e+00,5.159839852647063463e-01,1.633345074774335270e-01,-8.070753781549606237e-03,-1.813548044470386644e-02,-5.935723695024720525e-01,-1.212864467162888538e+00,5.293301430179780942e-01,2.881355589095074277e-01,7.512581659904013498e-02,-8.680000000000090421e-03,-1.023305730789341311e-01,6.650590446680559875e-02,-1.897062284221768147e+00,1.626888798111468137e+00,-3.974409798022631168e-01,-3.075331649552170976e-02,3.755262832810600526e-03,2.805334951341216798e-01,1.449764868969994069e-01,-2.085596016555004262e+00,-1.554320675555879827e+00,4.972309918938942475e-01,-2.353914704734661190e-01,-1.309115263512907468e-01,4.155649002153954941e-01,-9.276355269587638341e-02
6.820000,-2.642716394122320098e-03,-5.420898274598643374e-01,1.375815857396379682e-01,-4.919131668382697997e-01,-5.156522282356774678e-01,-4.710901956392391510e-01,5.198059670485793982e-01,1.455814688011874275e-02,3.970594251303361522e-01,1.160510727037779910e+00,5.162923281811737652e-01,1.631921953621408572e-01,-8.070753781549606237e-03,-1.801688701529331055e-02,-5.935249321307078940e-01,-1.212686577018772693e+00,5.294843144762118037e-01,2.880169654800968648e-01,7.512581659904013498e-02,-8.680000000000090421e-03,-1.023379851682722913e-01,6.655778909217271999e-02,-1.897269822723236743e+00,1.626725732146028669e+00,-3.972927380154999133e-01,-3.130181110654556287e-02,3.755262832810600526e-03,2.804445500620637577e-01,1.449764868969994069e-01,-2.085848027592501985e+00,-1.554172433769116513e+00,4.970827501071310439e-01,-2.358361958337557018e-01,-1.309115263512907468e-01,4.154463067859849312e-01,-9.276355269587638341e-02
6.830000,-2.551881680646466474e-03,-5.422412186489907748e-01,1.374566947458796540e-01,-4.919131668382697997e-01,-5.156522282356774678e-01,-4.710901956392391510e-01,5.198059670485793982e-01,1.475495542598309270e-02,3.969383121790350244e-01,1.160177666421701614e+00,5.166859452729024582e-01,1.630105259351891656e-01,-8.070753781549606237e-03,-1.786549582616688697e-02,-5.934643756550572746e-01,-1.212459490235083148e+00,5.296811230220761502e-01,2.878655742909704829e-01,7.512581659904013498e-02,-8.680000000000090421e-03,-1.023474471175926936e-01,6.662402273741553638e-02,-1.897534757304208064e+00,1.626517569260979901e+00,-3.971034990290919220e-01,-3.200199535625525282e-02,3.755262832810600526e-03,2.803310066702189296e-01,1.449764868969994069e-01,-2.086169733869395415e+00,-1.553983194782708521e+00,4.968935111207229971e-01,-2.364039127929797868e-01,-1.309115263512907468e-01,4.152949155968584938e-01,-9.276355269587638341e-02
6.840000,-2.440096505515610380e-03,-5.424275272742088427e-01,1.373027536624021328e-01,-4.919131668382697997e-01,-5.156522282356774678e-01,-4.710901956392391510e-01,5.198059670485793982e-01,1.499715663876661532e-02,3.967892652788605479e-01,1.159767787446221998e+00,5.171703476984695902e-01,1.627869555849274508e-01,-8.070753781549606237e-03,-1.767918720094879131e-02,-5.933898522049699809e-01,-1.212180027297255824e+00,5.299233242348596606e-01,2.876792656657523595e-01,7.512581659904013498e-02,-8.680000000000090421e-03,-1.023590914066688229e-01,6.670553276094845496e-02,-1.897860797398339461e+00,1.626261394901304946e+00,-3.968706132475692816e-01,-3.286367274788892789e-02,3.755262832810600526e-03,2.801912752013053787e-01,1.449764868969994069e-01,-2.086565639697983698e+00,-1.553750309001185936e+00,4.966606253392004122e-01,-2.371025701375476524e-01,-1.309115263512907468e-01,4.151086069716404259e-01,-9.276355269587638341e-02
6.850000,-2.306423823942683332e-03,-5.426503150768303696e-01,1.371183171250131283e-01,-4.919131668382697997e-01,-5.156522282356774678e-01,-4.710901956392391510e-01,5.198059670485793982e-01,1.528678078217462349e-02,3.966110350367633153e-01,1.159277654280454595e+00,5.177495959852855822e-01,1.625196102217816019e-01,-8.070753781549606237e-03,-1.745639939832725057e-02,-5.933007370839213923e-01,-1.211845845593323645e+00,5.302129483782677122e-01,2.874564778631308326e-01,7.512581659904013498e-02,-8.680000000000090421e-03,-1.023730156443326683e-01,6.680300242459537297e-02,-1.898250676052927410e+00,1.625955061672700319e+00,-3.965921284942923730e-01,-3.389406633501357291e-02,3.755262832810600526e-03,2.800241843493391780e-01,1.449764868969994069e-01,-2.087039063778554748e+00,-1.553471824247909083e+00,4.963821405859234481e-01,-2.379380243973784337e-01,-1.309115263512907468e-01,4.148858191690188435e-01,-9.276355269587638341e-02
6.860000,-2.150244184946343770e-03,-5.429106144751576490e-01,1.369023393588189585e-01,-4.919131668382697997e-01,-5.156522282356774678e-01,-4.710901956392391510e-01,5.198059670485793982e-01,1.562517000000002848e-02,3.964027955181015361e-01,1.158704995604134647e+00,5.184263744209364200e-01,1.622072509437889054e-01,-8.070753781549606237e-03,-1.719610000000001276e-02,-5.931966173245905027e-01,-1.211455396495832781e+00,5.305513375960930755e-01,2.871961784648036087e-01,7.512581659904013498e-02,-8.680000000000090421e-03,-1.023892843567281163e-01,6.691688341136353690e-02,-1.898706199999999900e+00,1.625597150000000379e+00,-3.962667542463833570e-01,-3.509795105227703216e-02,3.755262832810600526e-03,2.798289598005938017e-01,1.449764868969994069e-01,-2.087592200000000009e+00,-1.553146449999999845e+00,4.960567663380144321e-01,-2.389141471411055651e-01,-1.309115263512907468e-01,4.146255197706916196e-01,-9.276355269587638341e-02
6.870000,-1.971238564118162496e-03,-5.432089571765379432e-01,1.366541524107902639e-01,-4.919131668382697997e-01,-5.156522282356774678e-01,-4.710901956392391510e-01,5.198059670485793982e-01,1.601301551179441784e-02,3.961641213569973008e-01,1.158048641661097999e+00,5.192020654445251848e-01,1.618492397021325524e-01,-8.070753781549606237e-03,-1.689775729861971859e-02,-5.930772802440383851e-01,-1.211007882443762229e+00,5.309391831078874580e-01,2.868978357634232590e-01,7.512581659904013498e-02,-8.680000000000090421e-03,-1.024079307755643986e-01,6.704740834321742948e-02,-1.899228299727415470e+00,1.625186928785602447e+00,-3.958938258696579338e-01,-3.647778604616092046e-02,3.755262832810600526e-03,2.796052027745585811e-01,1.449764868969994069e-01,-2.088226178240433217e+00,-1.552773521623274533e+00,4.956838379612890644e-01,-2.400329322712816960e-01,-1.309115263512907468e-01,4.143271770693113254e-01,-9.276355269587638341e-02
6.880000,-1.769371196389932363e-03,-5.435454027894183193e-01,1.363734462462692087e-01,-4.919131668382697997e-01,-5.156522282356774678e-01,-4.710901956392391510e-01,5.198059670485793982e-01,1.645039480853891650e-02,3.958949648666929555e-01,1.157308461312761105e+00,5.200768240380141405e-01,1.614455049666760900e-01,-8.070753781549606237e-03,-1.656131168573932860e-02,-5.929427019988862124e-01,-1.210503214024441609e+00,5.313765624046319358e-01,2.865613901505428829e-01,7.512581659904013498e-02,-8.680000000000090421e-03,-1.024289586263694152e-01,6.719460329885258709e-02,-1.899817079549956045e+00,1.624724316067891916e+00,-3.954732688535574914e-01,-3.803384700573270161e-02,3.755262832810600526e-03,2.793528685648982712e-01,1.449764868969994069e-01,-2.088941125167804280e+00,-1.552352964607174091e+00,4.952632809451885665e-01,-2.412946033195831341e-01,-1.309115263512907468e-01,4.139907314564309493e-01,-9.276355269587638341e-02
6.890000,-1.544872408800892745e-03,-5.439195674354000420e-01,1.360602505756599023e-01,-4.919131668382697997e-01,-5.156522282356774678e-01,-4.710901956392391510e-01,5.198059670485793982e-01,1.693680884831516922e-02,3.955956331499075884e-01,1.156485299091601249e+00,5.210496521175667084e-01,1.609965073914980116e-01,-8.070753781549606237e-03,-1.618714703975759200e-02,-5.927930361404936122e-01,-1.209941967055469192e+00,5.318629764444081642e-01,2.861872255045611602e-01,7.512581659904013498e-02,-8.680000000000090421e-03,-1.024523439167432798e-01,6.735830033146959772e-02,-1.900471867680424198e+00,1.624209839679666922e+00,-3.950055630460803102e-01,-3.976435849339821083e-02,3.755262832810600526e-03,2.790722450804119514e-01,1.449764868969994069e-01,-2.089736225040515372e+00,-1.551885258799696965e+00,4.947955751377114408e-01,-2.426977207420146221e-01,-1.309115263512907468e-01,4.136165668104492266e-01,-9.276355269587638341e-02
6.900000,-1.298221453265073272e-03,-5.443306523612930770e-01,1.357149182047972524e-01,-4.919131668382697997e-01,-5.156522282356774678e-01,-4.710901956392391510e-01,5.198059670485793982e-01,1.747121925197610975e-02,3.952667652091931827e-01,1.155580912254636550e+00,5.221184729248885548e-01,1.605032054804263753e-01,-8.070753781549606237e-03,-1.577606211386456403e-02,-5.926286021701363538e-01,-1.209325339666629473e+00,5.323973868480691429e-01,2.857761405786681252e-01,7.512581659904013498e-02,-8.680000000000090421e-03,-1.024780367246115875e-01,6.753814998654780744e-02,-1.901191266300736871e+00,1.623644597906564124e+00,-3.944917068887140443e-01,-4.166562627565351118e-02,3.755262832810600526e-03,2.787639313859922030e-01,1.449764868969994069e-01,-2.090609780508037918e+00,-1.551371402642330644e+00,4.942817189803451194e-01,-2.442392892141135030e-01,-1.309115263512907468e-01,4.132054818845561917e-01,-9.276355269587638341e-02
6.910000,-1.030129339338435243e-03,-5.447774725511708160e-01,1.353381096451869436e-01,-4.919131668382697997e-01,-5.156522282356774678e-01,-4.710901956392391510e-01,5.198059670485793982e-01,1.805208549881716362e-02,3.949093090572909914e-01,1.154597907836905524e+00,5.232802054185706764e-01,1.599670212525730884e-01,-8.070753781549606237e-03,-1.532924192398683189e-02,-5.924498740941852581e-01,-1.208655109381812975e+00,5.329782530949102037e-01,2.853293203887903862e-01,7.512581659904013498e-02,-8.680000000000090421e-03,-1.025059629864789462e-01,6.773363381961930441e-02,-1.901973201633023081e+00,1.623030220145482261e+00,-3.939331816513668705e-01,-4.373216965383799892e-02,3.755262832810600526e-03,2.784288162435838987e-01,1.449764868969994069e-01,-2.091559273411528252e+00,-1.550812877404983414e+00,4.937231937429979456e-01,-2.459148649261549968e-01,-1.309115263512907468e-01,4.127586616946784526e-01,-9.276355269587638341e-02
6.920000,-7.415216669862056097e-04,-5.452584853384245811e-01,1.349307786782132368e-01,-4.919131668382697997e-01,-5.156522282356774678e-01,-4.710901956392391510e-01,5.198059670485793982e-01,1.867740212224699298e-02,3.945244988274880238e-01,1.153539679704947529e+00,5.245308386654302657e-01,1.593898059078686369e-01,-8.070753781549606237e-03,-1.484822913673311540e-02,-5.922574689792837743e-01,-1.207933590200932494e+00,5.336035697183399984e-01,2.848483076015366766e-01,7.512581659904013498e-02,-8.680000000000090421e-03,-1.025360262856822996e-01,6.794407691404280580e-02,-1.902814974010716975e+00,1.622368827563008375e+00,-3.933319156672996919e-01,-4.595685379488644029e-02,3.755262832810600526e-03,2.780680566531436027e-01,1.449764868969994069e-01,-2.092581425584442378e+00,-1.550211611420916347e+00,4.931219277589308225e-01,-2.477186628783564215e-01,-1.309115263512907468e-01,4.122776489074246875e-01,-9.276355269587638341e-02
6.930000,-4.335214593501235565e-04,-5.457718190178180162e-01,1.344941585400008521e-01,-4.919131668382697997e-01,-5.156522282356774678e-01,-4.710901956392391510e-01,5.198059670485793982e-01,1.934473590545850163e-02,3.941138318839732535e-01,1.152410345610281883e+00,5.258655062318533524e-01,1.587738054925964815e-01,-8.070753781549606237e-03,-1.433489545733964560e-02,-5.920521355075263337e-01,-1.207163589681842231e+00,5.342709035015515973e-01,2.843349739221432415e-01,7.512581659904013498e-02,-8.680000000000090421e-03,-1.025681096406443893e-01,6.816866039877744754e-02,-1.903713307949655542e+00,1.621662993753842263e+00,-3.926902485680578980e-01,-4.833102206208123031e-02,3.755262832810600526e-03,2.776830563935985263e-01,1.449764868969994069e-01,-2.093672259653153400e+00,-1.549569944321674608e+00,4.924802606596889731e-01,-2.496436641760819419e-01,-1.309115263512907468e-01,4.117643152280312524e-01,-9.276355269587638341e-02
6.940000,-1.074319955156641075e-04,-5.463153014575421462e-01,1.340297483801774214e-01,-4.919131668382697997e-01,-5.156522282356774678e-01,-4.710901956392391510e-01,5.198059670485793982e-01,2.005126307709983319e-02,3.936790459321939384e-01,1.151214684242888753e+00,5.272785605751360016e-01,1.581216265649275643e-01,-8.070753781549606237e-03,-1.379141301761555027e-02,-5.918347425316367039e-01,-1.206348366022256036e+00,5.349774306731929219e-01,2.837914914824191115e-01,7.512581659904013498e-02,-8.680000000000090421e-03,-1.026020772931271474e-01,6.840643396615674054e-02,-1.904664402219172770e+00,1.620915705399221807e+00,-3.920108955184027355e-01,-5.084462834580519286e-02,3.755262832810600526e-03,2.772754445638054288e-01,1.449764868969994069e-01,-2.094827159837567176e+00,-1.548890591272019446e+00,4.918009076100338661e-01,-2.516817233250472907e-01,-1.309115263512907468e-01,4.112208327883071224e-01,-9.276355269587638341e-02
6.950000,2.352803567205758589e-04,-5.468864887112692141e-01,1.335392996472665184e-01,-4.919131668382697997e-01,-5.156522282356774678e-01,-4.710901956392391510e-01,5.198059670485793982e-01,2.079380650694501870e-02,3.932220961292122730e-01,1.149958072284689159e+00,5.287636474348264004e-01,1.574362018604550661e-01,-8.070753781549606237e-03,-1.322022576388848236e-02,-5.916062676301458989e-01,-1.205491585141665434e+00,5.357199741030380657e-01,2.832203042286920436e-01,7.512581659904013498e-02,-8.680000000000090421e-03,-1.026377764964850892e-01,6.865632838966233276e-02,-1.905663979913195138e+00,1.620130322925346977e+00,-3.912969114512439006e-01,-5.348636939429286807e-02,3.755262832810600526e-03,2.768470541235101279e-01,1.449764868969994069e-01,-2.096040932751737085e+00,-1.548176607204860611e+00,4.910869235428750312e-01,-2.538236755265237954e-01,-1.309115263512907468e-01,4.106496455345800545e-01,-9.276355269587638341e-02
6.960000,5.930033080838001576e-04,-5.474826936302078506e-01,1.330248020647067930e-01,-4.919131668382697997e-01,-5.156522282356774678e-01,-4.710901956392391510e-01,5.198059670485793982e-01,2.156887290156533910e-02,3.927451321940613194e-01,1.148646421463024092e+00,5.303137802240670551e-01,1.567207559577286358e-01,-8.070753781549606237e-03,-1.262402084494977650e-02,-5.913677856625704221e-01,-1.204597277763257424e+00,5.364950404976583931e-01,2.826240993097533516e-01,7.512581659904013498e-02,-8.680000000000090421e-03,-1.026750393039187609e-01,6.891716804169802091e-02,-1.906707338521338002e+00,1.619310541161806283e+00,-3.905516553025705218e-01,-5.624381714438439483e-02,3.755262832810600526e-03,2.763999004343061228e-01,1.449764868969994069e-01,-2.097307868204481895e+00,-1.547431351056187232e+00,4.903416673942016524e-01,-2.560594439725439875e-01,-1.309115263512907468e-01,4.100534406156413625e-01,-9.276355269587638341e-02
6.970000,9.639958150536331351e-04,-5.481010144751575774e-01,1.324884688830967050e-01,-4.919131668382697997e-01,-5.156522282356774678e-01,-4.710901956392391510e-01,5.198059670485793982e-01,2.237268999999997288e-02,3.922504755181015490e-01,1.147286115604134737e+00,5.319214144209363226e-01,1.559787709437889525e-01,-8.070753781549606237e-03,-1.200570000000005313e-02,-5.911204573245905092e-01,-1.203669796495832722e+00,5.372988575960929714e-01,2.820057784648036248e-01,7.512581659904013498e-02,-8.680000000000090421e-03,-1.027136843567281188e-01,6.918768341136352640e-02,-1.907789399999999969e+00,1.618460350000000325e+00,-3.897787542463833632e-01,-5.910355105227686756e-02,3.755262832810600526e-03,2.759361598005938276e-01,1.449764868969994069e-01,-2.098621800000000093e+00,-1.546658450000000018e+00,4.895687663380144938e-01,-2.583781471411054076e-01,-1.309115263512907468e-01,4.094351197706916912e-01,-9.276355269587638341e-02
6.980000,1.346405247096924690e-03,-5.487383635285630890e-01,1.319327211247042220e-01,-4.919131668382697997e-01,-5.156522282356774678e-01,-4.710901956392391510e-01,5.198059670485793982e-01,2.320124376942710870e-02,3.917405962753771620e-01,1.145883947686642701e+00,5.335785219597904971e-01,1.552139520797023720e-01,-8.070753781549606237e-03,-1.136835094659456938e-02,-5.908655177032283712e-01,-1.202713772915724677e+00,5.381274113655201141e-01,2.813684294113981688e-01,7.512581659904013498e-02,-8.680000000000090421e-03,-1.027535186725659633e-01,6.946652362222842381e-02,-1.908904760843459503e+00,1.617583995051567802e+00,-3.889820679296265293e-01,-6.205129042427723340e-02,3.755262832810600526e-03,2.754581480105396940e-01,1.449764868969994069e-01,-2.099976166738486860e+00,-1.545861763683243240e+00,4.887720800212576044e-01,-2.607682060913759647e-01,-1.309115263512907468e-01,4.087977707172861797e-01,-9.276355269587638341e-02
6.990000,1.738284553900350596e-03,-5.493914957065688665e-01,1.313601705739119718e-01,-4.919131668382697997e-01,-5.156522282356774678e-01,-4.710901956392391510e-01,5.198059670485793982e-01,2.405031560083453063e-02,3.912180905329725733e-01,1.144447056895030013e+00,5.352766656226053410e-01,1.544301934660955167e-01,-8.070753781549606237e-03,-1.071521876858885780e-02,-5.906042648320261046e-01,-1.201734074648715955e+00,5.389764831969275916e-01,2.807152972333924468e-01,7.512581659904013498e-02,-8.680000000000090421e-03,-1.027943394336913174e-01,6.975226895010591677e-02,-1.910047742154969530e+00,1.616685938306809955e+00,-3.881656527071193907e-01,-6.507202674755363514e-02,3.755262832810600526e-03,2.749682988770354441e-01,1.449764868969994069e-01,-2.101364072616748846e+00,-1.545045348460736045e+00,4.879556647987505213e-01,-2.632174517588973806e-01,-1.309115263512907468e-01,4.081446385392804577e-01,-9.276355269587638341e-02
7.000000,2.137609432603361503e-03,-5.500570371710737927e-01,1.307736013103782957e-01,-4.919131668382697997e-01,-5.156522282356774678e-01,-4.710901956392391510e-01,5.198059670485793982e-01,2.491551950469105339e-02,3.906856573613685657e-01,1.142982865673118908e+00,5.370070734303183935e-01,1.536315437086895053e-01,-8.070753781549606237e-03,-1.004967730408383789e-02,-5.903380482462240453e-01,-1.200735762451958566e+00,5.398416871007840623e-01,2.800497557688874095e-01,7.512581659904013498e-02,-8.680000000000090421e-03,-1.028359357752228892e-01,7.004344334082686363e-02,-1.911212439717853151e+00,1.615770818793115460e+00,-3.873337258764881219e-01,-6.815015602088934921e-02,3.755262832810600526e-03,2.744691427786566384e-01,1.449764868969994069e-01,-2.102778348228822036e+00,-1.544213421630104666e+00,4.871237379681191970e-01,-2.657132322507912425e-01,-1.309115263512907468e-01,4.074790970747754759e-01,-9.276355269587638341e-02
7.010000,2.542295495030781095e-03,-5.507315139417862104e-01,1.301759496285981310e-01,-4.919131668382697997e-01,-5.156522282356774678e-01,-4.710901956392391510e-01,5.198059670485793982e-01,2.579233930661713192e-02,3.901460759447986648e-01,1.141499016777551834e+00,5.387607130341706130e-01,1.528221715838346539e-01,-8.070753781549606237e-03,-9.375200533371475659e-03,-5.900682575379391226e-01,-1.199724047295889884e+00,5.407185069027101720e-01,2.793752789981750473e-01,7.512581659904013498e-02,-8.680000000000090421e-03,-1.028780905733924084e-01,7.033852692801352557e-02,-1.912392774066599799e+00,1.614843413233386205e+00,-3.864906299130976830e-01,-7.126961108543404533e-02,3.755262832810600526e-03,2.739632852006224084e-01,1.449764868969994069e-01,-2.104211611366585633e+00,-1.543370325666714393e+00,4.862806420047287581e-01,-2.682425201409626148e-01,-1.309115263512907468e-01,4.068046203040630582e-01,-9.276355269587638341e-02
7.020000,2.950215434925624117e-03,-5.514113805082776487e-01,1.295702822365508433e-01,-4.919131668382697997e-01,-5.156522282356774678e-01,-4.710901956392391510e-01,5.198059670485793982e-01,2.667616584305596006e-02,3.896021826916055697e-01,1.140003310331270781e+00,5.405283661070482415e-01,1.520063317040449835e-01,-8.070753781549606237e-03,-8.695333966880072069e-03,-5.897963109113425473e-01,-1.198704247446152893e+00,5.416023334391489863e-01,2.786954124316836645e-01,7.512581659904013498e-02,-8.680000000000090421e-03,-1.029205822337981163e-01,7.063596855085352288e-02,-1.913582540557959843e+00,1.613908596704460408e+00,-3.856407967049834129e-01,-7.441399395545679474e-02,3.755262832810600526e-03,2.734533852757538019e-01,1.449764868969994069e-01,-2.105656327820379925e+00,-1.542520492458600012e+00,4.854308087966144880e-01,-2.707920197653053695e-01,-1.309115263512907468e-01,4.061247537375716754e-01,-9.276355269587638341e-02
7.030000,3.359216195181683254e-03,-5.520930484420376594e-01,1.289991415622049054e-01,-4.919131668382697997e-01,-5.156522282356774678e-01,-4.710901956392391510e-01,5.198059670485793982e-01,2.756233415694408703e-02,3.890568483445974723e-01,1.138503640876998402e+00,5.423007027348244469e-01,1.511883301835328652e-01,-8.070753781549606237e-03,-8.013666033119971194e-03,-5.895236437378384986e-01,-1.197681745545512655e+00,5.424885017530370890e-01,2.780137444979235428e-01,7.512581659904013498e-02,-8.680000000000090421e-03,-1.029631864796581309e-01,7.093419827187355531e-02,-1.914775459442040084e+00,1.612971303295540171e+00,-3.847887117877832885e-01,-7.756670814909724654e-02,3.755262832810600526e-03,2.729421343254337384e-01,1.449764868969994069e-01,-2.107104872179620170e+00,-1.541668407541399777e+00,4.845787238794143637e-01,-2.733482745169057426e-01,-1.309115263512907468e-01,4.054430858038115537e-01,-9.276355269587638341e-02
7.040000,3.767136135076488979e-03,-5.527729150085290977e-01,1.285163130883192062e-01,-4.919131668382697997e-01,-5.156522282356774678e-01,-4.710901956392391510e-01,5.198059670485793982e-01,2.844616069338282843e-02,3.885129550914044327e-01,1.137007934430717571e+00,5.440683558077019644e-01,1.503724903037432503e-01,-8.070753781549606237e-03,-7.333799466628626584e-03,-5.892516971112419233e-01,-1.196661945695775664e+00,5.433723282894759032e-01,2.773338779314322156e-01,7.512581659904013498e-02,-8.680000000000090421e-03,-1.030056781400638388e-01,7.123163989471352486e-02,-1.915965225933399907e+00,1.612036486766614596e+00,-3.839388785796691295e-01,-8.071109101911971839e-02,3.755262832810600526e-03,2.724322344005652430e-01,1.449764868969994069e-01,-2.108549588633414462e+00,-1.540818574333285618e+00,4.837288906713002046e-01,-2.758977741412482754e-01,-1.309115263512907468e-01,4.047632192373202265e-01,-9.276355269587638341e-02
7.050000,4.171822197503910305e-03,-5.534473917792414044e-01,1.280389968443143012e-01,-4.919131668382697997e-01,-5.156522282356774678e-01,-4.710901956392391510e-01,5.198059670485793982e-01,2.932298049530891043e-02,3.879733736748345319e-01,1.135524085535150274e+00,5.458219954115541839e-01,1.495631181788883990e-01,-8.070753781549606237e-03,-6.659322695916260887e-03,-5.889819064029570006e-01,-1.195650230539707204e+00,5.442491480914019020e-01,2.766594011607198533e-01,7.512581659904013498e-02,-8.680000000000090421e-03,-1.030478329382333580e-01,7.152672348190018681e-02,-1.917145560282146555e+00,1.611109081206885119e+00,-3.830957826162786350e-01,-8.383054608366441451e-02,3.755262832810600526e-03,2.719263768225309574e-01,1.449764868969994069e-01,-2.109982851771178058e+00,-1.539975478369895345e+00,4.828857947079097102e-01,-2.784270620314196476e-01,-1.309115263512907468e-01,4.040887424666078642e-01,-9.276355269587638341e-02
7.060000,4.571147076206958509e-03,-5.541129332437464416e-01,1.275699267947009719e-01,-4.919131668382697997e-01,-5.156522282356774678e-01,-4.710901956392391510e-01,5.198059670485793982e-01,3.018818439916551299e-02,3.874409405032304687e-01,1.134059894313239170e+00,5.475524032192673474e-01,1.487644684214823043e-01,-8.070753781549606237e-03,-5.993781231411178523e-03,-5.887156898171549413e-01,-1.194651918342949592e+00,5.451143519952585947e-01,2.759938596962147606e-01,7.512581659904013498e-02,-8.680000000000090421e-03,-1.030894292797649298e-01,7.181789787262116143e-02,-1.918310257845030398e+00,1.610193961693190623e+00,-3.822638557856472552e-01,-8.690867535700042001e-02,3.755262832810600526e-03,2.714272207241521517e-01,1.449764868969994069e-01,-2.111397127383251249e+00,-1.539143551539263965e+00,4.820538678772783858e-01,-2.809228425233136761e-01,-1.309115263512907468e-01,4.034232010021027715e-01,-9.276355269587638341e-02
7.070000,4.963026383010383548e-03,-5.547660654217522191e-01,1.271117699301340664e-01,-4.919131668382697997e-01,-5.156522282356774678e-01,-4.710901956392391510e-01,5.198059670485793982e-01,3.103725623057293492e-02,3.869184347608258800e-01,1.132623003521626703e+00,5.492505468820821912e-01,1.479807098078754768e-01,-8.070753781549606237e-03,-5.340649053405470414e-03,-5.884544369459526747e-01,-1.193672220075940871e+00,5.459634238266659612e-01,2.753407275182090386e-01,7.512581659904013498e-02,-8.680000000000090421e-03,-1.031302500408902839e-01,7.210364320049865439e-02,-1.919453239156540425e+00,1.609295904948432776e+00,-3.814474405631401721e-01,-8.992941168027682175e-02,3.755262832810600526e-03,2.709373715906479019e-01,1.449764868969994069e-01,-2.112785033261513679e+00,-1.538327136316756771e+00,4.812374526547712472e-01,-2.833720881908350919e-01,-1.309115263512907468e-01,4.027700688240970495e-01,-9.276355269587638341e-02
7.080000,5.345435815053639975e-03,-5.554034144751576196e-01,1.266670754048305758e-01,-4.919131668382697997e-01,-5.156522282356774678e-01,-4.710901956392391510e-01,5.198059670485793982e-01,3.186580999999999442e-02,3.864085555181015486e-01,1.131220835604134667e+00,5.509076544209362547e-01,1.472158909437889518e-01,-8.070753781549606237e-03,-4.703300000000045639e-03,-5.881994973245905367e-01,-1.192716196495832826e+00,5.467919775960929929e-01,2.747033784648036381e-01,7.512581659904013498e-02,-8.680000000000090421e-03,-1.031700843567281145e-01,7.238248341136352404e-02,-1.920568599999999959e+00,1.608419550000000253e+00,-3.806507542463833937e-01,-9.287715105227691004e-02,3.755262832810600526e-03,2.704593598005938238e-01,1.449764868969994069e-01,-2.114139400000000002e+00,-1.537530449999999993e+00,4.804407663380144689e-01,-2.857621471411054825e-01,-1.309115263512907468e-01,4.021327197706916490e-01,-9.276355269587638341e-02
7.090000,5.716428322023476422e-03,-5.560217353201073465e-01,1.262382234849655782e-01,-4.919131668382697997e-01,-5.156522282356774678e-01,-4.710901956392391510e-01,5.198059670485793982e-01,3.266962709843463514e-02,3.859138988421417782e-01,1.129860529745245312e+00,5.525152886178056333e-01,1.464739059298492685e-01,-8.070753781549606237e-03,-4.084979155050318805e-03,-5.879521689866106238e-01,-1.191788715228408124e+00,5.475957946945276822e-01,2.740850576198539112e-01,7.512581659904013498e-02,-8.680000000000090421e-03,-1.032087294095374724e-01,7.265299878102904341e-02,-1.921650661478661926e+00,1.607569358838194518e+00,-3.798778531901961797e-01,-9.573688496016939664e-02,3.755262832810600526e-03,2.699956191668815286e-01,1.449764868969994069e-01,-2.115453331795518199e+00,-1.536757548943812779e+00,4.796678652818273103e-01,-2.880808503096669582e-01,-1.309115263512907468e-01,4.015143989257419221e-01,-9.276355269587638341e-02
7.100000,6.074151273386731512e-03,-5.566179402390460940e-01,1.258273768186130015e-01,-4.919131668382697997e-01,-5.156522282356774678e-01,-4.710901956392391510e-01,5.198059670485793982e-01,3.344469349305502492e-02,3.854369349069907691e-01,1.128548878923580023e+00,5.540654214070463990e-01,1.457584600271227548e-01,-8.070753781549606237e-03,-3.488774236111560900e-03,-5.877136870190351470e-01,-1.190894407850000114e+00,5.483708610891480095e-01,2.734888527009151082e-01,7.512581659904013498e-02,-8.680000000000090421e-03,-1.032459922169711442e-01,7.291383843306474544e-02,-1.922694020086804789e+00,1.606749577074653601e+00,-3.791325970415227453e-01,-9.849433271026115932e-02,3.755262832810600526e-03,2.695484654776774125e-01,1.449764868969994069e-01,-2.116720267248263010e+00,-1.536012292795139400e+00,4.789226091331538759e-01,-2.903166187556872613e-01,-1.309115263512907468e-01,4.009181940068031746e-01,-9.276355269587638341e-02
7.110000,6.416863625622973646e-03,-5.571891274927731619e-01,1.254364364317671621e-01,-4.919131668382697997e-01,-5.156522282356774678e-01,-4.710901956392391510e-01,5.198059670485793982e-01,3.418723692290021043e-02,3.849799851040091037e-01,1.127292266965380430e+00,5.555505082667367978e-01,1.450730353226502845e-01,-8.070753781549606237e-03,-2.917586982384489519e-03,-5.874852121175443420e-01,-1.190037626969409512e+00,5.491134045189932644e-01,2.729176654471880403e-01,7.512581659904013498e-02,-8.680000000000090421e-03,-1.032816914203290859e-01,7.316373285657033765e-02,-1.923693597780827158e+00,1.605964194600778994e+00,-3.784186129743639104e-01,-1.011360737587488623e-01,3.755262832810600526e-03,2.691200750373821116e-01,1.449764868969994069e-01,-2.117934040162433362e+00,-1.535298308727980565e+00,4.782086250659950410e-01,-2.924585709571638215e-01,-1.309115263512907468e-01,4.003470067530761067e-01,-9.276355269587638341e-02
7.120000,6.742953089457401003e-03,-5.577326099324972919e-01,1.250670053523333380e-01,-4.919131668382697997e-01,-5.156522282356774678e-01,-4.710901956392391510e-01,5.198059670485793982e-01,3.489376409454147954e-02,3.845451991522298441e-01,1.126096605597987521e+00,5.569635626100192249e-01,1.444208563949814228e-01,-8.070753781549606237e-03,-2.374104542660439299e-03,-5.872678191416547122e-01,-1.189222403309823317e+00,5.498199316906344780e-01,2.723741830074640213e-01,7.512581659904013498e-02,-8.680000000000090421e-03,-1.033156590728118440e-01,7.340150642394960290e-02,-1.924644692050344164e+00,1.605216906246158315e+00,-3.777392599247088589e-01,-1.036496800424725889e-01,3.755262832810600526e-03,2.687124632075891251e-01,1.449764868969994069e-01,-2.119088940346846694e+00,-1.534618955678325403e+00,4.775292720163399895e-01,-2.944966301061289760e-01,-1.309115263512907468e-01,3.998035243133520322e-01,-9.276355269587638341e-02
7.130000,7.050953297093485658e-03,-5.582459436118907270e-01,1.247203624942849615e-01,-4.919131668382697997e-01,-5.156522282356774678e-01,-4.710901956392391510e-01,5.198059670485793982e-01,3.556109787775298819e-02,3.841345322087150738e-01,1.124967271503321875e+00,5.582982301764423116e-01,1.438048559797092674e-01,-8.070753781549606237e-03,-1.860770863266969499e-03,-5.870624856698972716e-01,-1.188452402790733275e+00,5.504872654738459659e-01,2.718608493280705307e-01,7.512581659904013498e-02,-8.680000000000090421e-03,-1.033477424277739337e-01,7.362608990868424463e-02,-1.925543025989282730e+00,1.604511072436992425e+00,-3.770975928254670095e-01,-1.060238483096673928e-01,3.755262832810600526e-03,2.683274629480439932e-01,1.449764868969994069e-01,-2.120179774415557716e+00,-1.533977288579083664e+00,4.768876049170981402e-01,-2.964216314038545241e-01,-1.309115263512907468e-01,3.992901906339585416e-01,-9.276355269587638341e-02
7.140000,7.339560969445740879e-03,-5.587269563991444921e-01,1.243974489571925690e-01,-4.919131668382697997e-01,-5.156522282356774678e-01,-4.710901956392391510e-01,5.198059670485793982e-01,3.618641450118287306e-02,3.837497219789120506e-01,1.123909043371363659e+00,5.595488634233021230e-01,1.432276406350047604e-01,-8.070753781549606237e-03,-1.379758076013207907e-03,-5.868700805549957877e-01,-1.187730883609852572e+00,5.511125820972758715e-01,2.713798365408167657e-01,7.512581659904013498e-02,-8.680000000000090421e-03,-1.033778057269773010e-01,7.383653300310777379e-02,-1.926384798366976847e+00,1.603849679854518318e+00,-3.764963268413998310e-01,-1.082485324507160285e-01,3.755262832810600526e-03,2.679667033576036972e-01,1.449764868969994069e-01,-2.121201926588471842e+00,-1.533376022595016375e+00,4.762863389330309616e-01,-2.982254293560561154e-01,-1.309115263512907468e-01,3.988091778467047765e-01,-9.276355269587638341e-02
7.150000,7.607653083372380859e-03,-5.591737765890222311e-01,1.240988682595360326e-01,-4.919131668382697997e-01,-5.156522282356774678e-01,-4.710901956392391510e-01,5.198059670485793982e-01,3.676728074802392693e-02,3.833922658270099149e-01,1.122926038953632633e+00,5.607105959169841336e-01,1.426914564071514735e-01,-8.070753781549606237e-03,-9.329378861354757635e-04,-5.866913524790446921e-01,-1.187060653325035853e+00,5.516934483441169323e-01,2.709330163509390266e-01,7.512581659904013498e-02,-8.680000000000090421e-03,-1.034057319888446597e-01,7.403201683617927076e-02,-1.927166733699262835e+00,1.603235302093436676e+00,-3.759378016040526571e-01,-1.103150758289005440e-01,3.755262832810600526e-03,2.676315882151953929e-01,1.449764868969994069e-01,-2.122151419491962177e+00,-1.532817497357669367e+00,4.757278136956837322e-01,-2.999010050680975814e-01,-1.309115263512907468e-01,3.983623576568270930e-01,-9.276355269587638341e-02
7.160000,7.854304038908197297e-03,-5.595848615149152661e-01,1.238249012043469849e-01,-4.919131668382697997e-01,-5.156522282356774678e-01,-4.710901956392391510e-01,5.198059670485793982e-01,3.730169115168486399e-02,3.830633978862954536e-01,1.122021652116667934e+00,5.617794167243060910e-01,1.421981544960798372e-01,-8.070753781549606237e-03,-5.218529602424477887e-04,-5.865269185086875448e-01,-1.186444025936196356e+00,5.522278587477779110e-01,2.705219314250460472e-01,7.512581659904013498e-02,-8.680000000000090421e-03,-1.034314247967129674e-01,7.421186649125748047e-02,-1.927886132319575729e+00,1.602670060320333656e+00,-3.754239454466863912e-01,-1.122163436111558027e-01,3.755262832810600526e-03,2.673232745207756444e-01,1.449764868969994069e-01,-2.123024974959484723e+00,-1.532303641200303046e+00,4.752139575383174663e-01,-3.014425735401964346e-01,-1.309115263512907468e-01,3.979512727309340581e-01,-9.276355269587638341e-02
7.170000,8.078802826497217399e-03,-5.599590261608968778e-01,1.235755351392226892e-01,-4.919131668382697997e-01,-5.156522282356774678e-01,-4.710901956392391510e-01,5.198059670485793982e-01,3.778810519146107855e-02,3.827640661695100865e-01,1.121198489895508299e+00,5.627522448038584368e-01,1.417491569209017865e-01,-8.070753781549606237e-03,-1.476883142607458843e-04,-5.863772526502948335e-01,-1.185882778967223938e+00,5.527142727875541395e-01,2.701477667790643244e-01,7.512581659904013498e-02,-8.680000000000090421e-03,-1.034548100870868320e-01,7.437556352387447722e-02,-1.928540920450043661e+00,1.602155583932108884e+00,-3.749562396392092656e-01,-1.139468550988211593e-01,3.755262832810600526e-03,2.670426510362893247e-01,1.449764868969994069e-01,-2.123820074832195814e+00,-1.531835935392825920e+00,4.747462517308403407e-01,-3.028456909626278115e-01,-1.309115263512907468e-01,3.975771080849523353e-01,-9.276355269587638341e-02
7.180000,8.280670194225448616e-03,-5.602954717737773649e-01,1.233505064011813923e-01,-4.919131668382697997e-01,-5.156522282356774678e-01,-4.710901956392391510e-01,5.198059670485793982e-01,3.822548448820557720e-02,3.824949096792057968e-01,1.120458309547171405e+00,5.636270033973475035e-01,1.413454221854453241e-01,-8.070753781549606237e-03,1.887572986196371649e-04,-5.862426744051426608e-01,-1.185378110547903319e+00,5.531516520842986173e-01,2.698113211661839483e-01,7.512581659904013498e-02,-8.680000000000090421e-03,-1.034758379378918486e-01,7.452275847950964871e-02,-1.929129700272584458e+00,1.601692971214398353e+00,-3.745356826231087677e-01,-1.155029160583929404e-01,3.755262832810600526e-03,2.667903168266290148e-01,1.449764868969994069e-01,-2.124535021759566877e+00,-1.531415378376725478e+00,4.743256947147398428e-01,-3.041073620109292497e-01,-1.309115263512907468e-01,3.972406624720719592e-01,-9.276355269587638341e-02
7.190000,8.459675815053645936e-03,-5.605938144751576591e-01,1.231493538174108227e-01,-4.919131668382697997e-01,-5.156522282356774678e-01,-4.710901956392391510e-01,5.198059670485793982e-01,3.861333000000000126e-02,3.822562355181015614e-01,1.119801955604134758e+00,5.644026944209363794e-01,1.409874109437889433e-01,-8.070753781549606237e-03,4.870999999999660324e-04,-5.861233373245905431e-01,-1.184930596495832766e+00,5.535394975960929997e-01,2.695129784648035987e-01,7.512581659904013498e-02,-8.680000000000090421e-03,-1.034944843567281170e-01,7.465328341136354129e-02,-1.929651799999999806e+00,1.601282750000000199e+00,-3.741627542463833445e-01,-1.168827510522769675e-01,3.755262832810600526e-03,2.665665598005937942e-01,1.449764868969994069e-01,-2.125169000000000086e+00,-1.531042449999999944e+00,4.739527663380144751e-01,-3.052261471411055194e-01,-1.309115263512907468e-01,3.969423197706916095e-01,-9.276355269587638341e-02
7.200000,8.615855454049982029e-03,-5.608541138734848275e-01,1.229714803484646679e-01,-4.919131668382697997e-01,-5.156522282356774678e-01,-4.710901956392391510e-01,5.198059670485793982e-01,3.895171921782539931e-02,3.820479959994397268e-01,1.119229296927814810e+00,5.650794728565871061e-01,1.406750516657962746e-01,-8.070753781549606237e-03,7.473993983271934316e-04,-5.860192175652596536e-01,-1.184540147398341903e+00,5.538778868139184741e-01,2.692526790664763747e-01,7.512581659904013498e-02,-8.680000000000090421e-03,-1.035107530691235650e-01,7.476716439813169135e-02,-1.930107323947072517e+00,1.600924838327300481e+00,-3.738373799984743284e-01,-1.180866357695403851e-01,3.755262832810600526e-03,2.663713352518483624e-01,1.449764868969994069e-01,-2.125722136221445346e+00,-1.530717075752090928e+00,4.736273920901054035e-01,-3.062022698848326230e-01,-1.309115263512907468e-01,3.966820203723644411e-01,-9.276355269587638341e-02
7.210000,8.749528135622916883e-03,-5.610769016761064654e-01,1.228162193800831914e-01,-4.919131668382697997e-01,-5.156522282356774678e-01,-4.710901956392391510e-01,5.198059670485793982e-01,3.924134336123343003e-02,3.818697657573424942e-01,1.118739163762047406e+00,5.656587211434032092e-01,1.404077063026503980e-01,-8.070753781549606237e-03,9.701872009487515214e-04,-5.859301024442110650e-01,-1.184205965694409501e+00,5.541675109573264146e-01,2.690298912638548479e-01,7.512581659904013498e-02,-8.680000000000090421e-03,-1.035246773067874243e-01,7.486463406177862323e-02,-1.930497202601660245e+00,1.600618505098695632e+00,-3.735588952451973643e-01,-1.191170293566650995e-01,3.755262832810600526e-03,2.662042443998822172e-01,1.449764868969994069e-01,-2.126195560302016396e+00,-1.530438590998814075e+00,4.733489073368284950e-01,-3.070377241446634597e-01,-1.309115263512907468e-01,3.964592325697428588e-01,-9.276355269587638341e-02
7.220000,8.861313310753772543e-03,-5.612632103013245333e-01,1.226829018423256923e-01,-4.919131668382697997e-01,-5.156522282356774678e-01,-4.710901956392391510e-01,5.198059670485793982e-01,3.948354457401694051e-02,3.817207188571680176e-01,1.118329284786567568e+00,5.661431235689702302e-01,1.401841359523886832e-01,-8.070753781549606237e-03,1.156495826166843710e-03,-5.858555789941237713e-01,-1.183926502756582400e+00,5.544097121701099251e-01,2.688435826386367244e-01,7.512581659904013498e-02,-8.680000000000090421e-03,-1.035363215958635535e-01,7.494614408531154182e-02,-1.930823242695791864e+00,1.600362330739020900e+00,-3.733260094636747795e-01,-1.199787067482987746e-01,3.755262832810600526e-03,2.660645129309686663e-01,1.449764868969994069e-01,-2.126591466130604680e+00,-1.530205705217291268e+00,4.731160215553058546e-01,-3.077363814892312699e-01,-1.309115263512907468e-01,3.962729239445247353e-01,-9.276355269587638341e-02
7.230000,8.952148024229630505e-03,-5.614146014904509707e-01,1.225709202846955032e-01,-4.919131668382697997e-01,-5.156522282356774678e-01,-4.710901956392391510e-01,5.198059670485793982e-01,3.968035311988130781e-02,3.815996059058668899e-01,1.117996224170489272e+00,5.665367406606989231e-01,1.400024665254369638e-01,-8.070753781549606237e-03,1.307887015293274224e-03,-5.857950225184731519e-01,-1.183699415972892854e+00,5.546065207159743826e-01,2.686921914495102870e-01,7.512581659904013498e-02,-8.680000000000090421e-03,-1.035457835451839559e-01,7.501237773055435820e-02,-1.931088177276763185e+00,1.600154167853971909e+00,-3.731367704772667326e-01,-1.206788909980085200e-01,3.755262832810600526e-03,2.659509695391238382e-01,1.449764868969994069e-01,-2.126913172407498553e+00,-1.530016466230883276e+00,4.729267825688978077e-01,-3.083040984484554103e-01,-1.309115263512907468e-01,3.961215327553982979e-01,-9.276355269587638341e-02
7.240000,9.023304081875968899e-03,-5.615331949198615336e-01,1.224797862633308781e-01,-4.919131668382697997e-01,-5.156522282356774678e-01,-4.710901956392391510e-01,5.198059670485793982e-01,3.983452457811503811e-02,3.815047311623384618e-01,1.117735318625786123e+00,5.668450835771663421e-01,1.398601544101442939e-01,-8.070753781549606237e-03,1.426480444703837058e-03,-5.857475851467089933e-01,-1.183521525828777010e+00,5.547606921742080921e-01,2.685735980200997242e-01,7.512581659904013498e-02,-8.680000000000090421e-03,-1.035531956345221161e-01,7.506426235592147944e-02,-1.931295715778231781e+00,1.599991101888532441e+00,-3.729885286905035291e-01,-1.212273856090323731e-01,3.755262832810600526e-03,2.658620244670659161e-01,1.449764868969994069e-01,-2.127165183444995833e+00,-1.529868224444120184e+00,4.727785407821346042e-01,-3.087488238087450210e-01,-1.309115263512907468e-01,3.960029393259877351e-01,-9.276355269587638341e-02
7.250000,9.076405217789429783e-03,-5.616216968130506304e-01,1.224091778787784884e-01,-4.919131668382697997e-01,-5.156522282356774678e-01,-4.710901956392391510e-01,5.198059670485793982e-01,3.994957703926086540e-02,3.814339296477871621e-01,1.117540614460770021e+00,5.670751884994580383e-01,1.397539521383173722e-01,-8.070753781549606237e-03,1.514982337892937375e-03,-5.857121843894332880e-01,-1.183388772988993365e+00,5.548757446353539402e-01,2.684850961269106273e-01,7.512581659904013498e-02,-8.680000000000090421e-03,-1.035587270028464346e-01,7.510298193419170931e-02,-1.931450594091312478e+00,1.599869411785397544e+00,-3.728779013240171580e-01,-1.216367068650319599e-01,3.755262832810600526e-03,2.657956480471740934e-01,1.449764868969994069e-01,-2.127353249968022553e+00,-1.529757597077633813e+00,4.726679134156482331e-01,-3.090807059082041341e-01,-1.309115263512907468e-01,3.959144374327986382e-01,-9.276355269587638341e-02
7.260000,9.113444261570593369e-03,-5.616834285526859372e-01,1.223589749355984829e-01,-4.919131668382697997e-01,-5.156522282356774678e-01,-4.710901956392391510e-01,5.198059670485793982e-01,4.002982830078671839e-02,3.813845442560789278e-01,1.117404804633572502e+00,5.672356910225098137e-01,1.396798740507550485e-01,-8.070753781549606237e-03,1.576714077528212909e-03,-5.856874916935792541e-01,-1.183296175379540349e+00,5.549559958968797169e-01,2.684233643872753761e-01,7.512581659904013498e-02,-8.680000000000090421e-03,-1.035625852365736344e-01,7.512998957028213520e-02,-1.931558624635674404e+00,1.599784530643399094e+00,-3.728007366494730523e-01,-1.219222161608451011e-01,3.755262832810600526e-03,2.657493492424476411e-01,1.449764868969994069e-01,-2.127484429914747732e+00,-1.529680432403089707e+00,4.725907487411041830e-01,-3.093121999318364512e-01,-1.309115263512907468e-01,3.958527056931633870e-01,-9.276355269587638341e-02
7.270000,9.136800305556662047e-03,-5.617223552926626784e-01,1.223292799278317966e-01,-4.919131668382697997e-01,-5.156522282356774678e-01,-4.710901956392391510e-01,5.198059670485793982e-01,4.008043306275654166e-02,3.813534028640975238e-01,1.117319165805623626e+00,5.673369005464493631e-01,1.396331619627829146e-01,-8.070753781549606237e-03,1.615640817504992305e-03,-5.856719209975884688e-01,-1.183237785269575237e+00,5.550066006588495471e-01,2.683844376472985793e-01,7.512581659904013498e-02,-8.680000000000090421e-03,-1.035650181578221807e-01,7.514702001902198725e-02,-1.931626746430633812e+00,1.599731006375930908e+00,-3.727520782245020703e-01,-1.221022523332377097e-01,3.755262832810600526e-03,2.657201541874650297e-01,1.449764868969994069e-01,-2.127567149237198141e+00,-1.529631773978118670e+00,4.725420903161331454e-01,-3.094581752067493419e-01,-1.309115263512907468e-01,3.958137789531865902e-01,-9.276355269587638341e-02
7.280000,9.149255872054236349e-03,-5.617431145701586859e-01,1.223204244175675193e-01,-4.919131668382697997e-01,-5.156522282356774678e-01,-4.710901956392391510e-01,5.198059670485793982e-01,4.010742012350128338e-02,3.813367954421007511e-01,1.117273495395132432e+00,5.673908746679389159e-01,1.396082508297877556e-01,-8.070753781549606237e-03,1.636400095000951210e-03,-5.856636172865901102e-01,-1.183206646353331282e+00,5.550335877195943235e-01,2.683636783698026274e-01,7.512581659904013498e-02,-8.680000000000090421e-03,-1.035663156126656881e-01,7.515610220292645582e-02,-1.931663075166251575e+00,1.599702462369374079e+00,-3.727261291276321442e-01,-1.221982639916565222e-01,3.755262832810600526e-03,2.657045847293430518e-01,1.449764868969994069e-01,-2.127611262701877060e+00,-1.529605824881248743e+00,4.725161412192632193e-01,-3.095360224973591756e-01,-1.309115263512907468e-01,3.957930196756906382e-01,-9.276355269587638341e-02
7.290000,9.154014080572030199e-03,-5.617510449176883469e-01,1.223329610540785511e-01,-4.919131668382697997e-01,-5.156522282356774678e-01,-4.710901956392391510e-01,5.198059670485793982e-01,4.011772957528984135e-02,3.813304511640770444e-01,1.117256048630567156e+00,5.674114935715159902e-01,1.395987344127521679e-01,-8.070753781549606237e-03,1.644330442530608782e-03,-5.856604451475783124e-01,-1.183194750832036846e+00,5.550438971713829162e-01,2.683557480222729663e-01,7.512581659904013498e-02,-8.680000000000090421e-03,-1.035668112593862850e-01,7.515957172997068947e-02,-1.931676953274428454e+00,1.599691558141520753e+00,-3.727162161932200402e-01,-1.222349418489811768e-01,3.755262832810600526e-03,2.656986369686958338e-01,1.449764868969994069e-01,-2.127628114690377714e+00,-1.529595911946836750e+00,4.725062282848511708e-01,-3.095657613005954323e-01,-1.309115263512907468e-01,3.957850893281609772e-01,-9.276355269587638341e-02
7.300000,9.154715815053657280e-03,-5.617522144751576629e-01,1.223676424448438826e-01,-4.919131668382697997e-01,-5.156522282356774678e-01,-4.710901956392391510e-01,5.198059670485793982e-01,4.011925000000002989e-02,3.813295155181015139e-01,1.117253475604134572e+00,5.674145344209363673e-01,1.395973309437888998e-01,-8.070753781549606237e-03,1.645499999999983781e-03,-5.856599773245905194e-01,-1.183192996495832761e+00,5.550454175960930492e-01,2.683545784648035948e-01,7.512581659904013498e-02,-8.680000000000090421e-03,-1.035668843567281172e-01,7.516008341136354298e-02,-1.931678999999999924e+00,1.599689950000000360e+00,-3.727147542463833396e-01,-1.222403510522770409e-01,3.755262832810600526e-03,2.656977598005937913e-01,1.449764868969994069e-01,-2.127630600000000261e+00,-1.529594449999999828e+00,4.725047663380144147e-01,-3.095701471411055894e-01,-1.309115263512907468e-01,3.957839197706916057e-01,-9.276355269587638341e-02
7.310000,9.153755323777209435e-03,-5.617546157033487253e-01,1.224222604955659544e-01,-4.919131668382697997e-01,-5.156522282356774678e-01,-4.710901956392391510e-01,5.198059670485793982e-01,4.011925000000001601e-02,3.813295155181015139e-01,1.117253475604134572e+00,5.674106924558306453e-01,1.395973309437889276e-01,-8.070753781549606237e-03,1.645499999999980312e-03,-5.856599773245905194e-01,-1.183192996495832761e+00,5.550454175960930492e-01,2.683545784648035948e-01,7.512581659904013498e-02,-8.680000000000090421e-03,-1.035650834355847927e-01,7.516008341136354298e-02,-1.931678999999999924e+00,1.599689950000000360e+00,-3.727147542463833396e-01,-1.222403510522770270e-01,3.755262832810600526e-03,2.656977598005937913e-01,1.449764868969994069e-01,-2.127630600000000261e+00,-1.529594449999999828e+00,4.725047663380144147e-01,-3.095581410001500000e-01,-1.309115263512907468e-01,3.957839197706916057e-01,-9.276355269587638341e-02
7.320000,9.147463415968483391e-03,-5.617703454728706358e-01,1.224834615623743572e-01,-4.919131668382697997e-01,-5.156522282356774678e-01,-4.710901956392391510e-01,5.198059670485793982e-01,4.011925000000001601e-02,3.813295155181015139e-01,1.117253475604134572e+00,5.673855248245956995e-01,1.395973309437889276e-01,-8.070753781549606237e-03,1.645499999999980312e-03,-5.856599773245905194e-01,-1.183192996495832761e+00,5.550454175960930492e-01,2.683545784648035948e-01,7.512581659904013498e-02,-8.680000000000090421e-03,-1.035532861084434292e-01,7.516008341136354298e-02,-1.931678999999999924e+00,1.599689950000000360e+00,-3.727147542463833396e-01,-1.222403510522770270e-01,3.755262832810600526e-03,2.656977598005937913e-01,1.449764868969994069e-01,-2.127630600000000261e+00,-1.529594449999999828e+00,4.725047663380144147e-01,-3.094794921525408915e-01,-1.309115263512907468e-01,3.957839197706916057e-01,-9.276355269587638341e-02
7.330000,9.131650225458573522e-03,-5.618098784491453168e-01,1.225381205068869772e-01,-4.919131668382697997e-01,-5.156522282356774678e-01,-4.710901956392391510e-01,5.198059670485793982e-01,4.011925000000001601e-02,3.813295155181015139e-01,1.117253475604134572e+00,5.673222720625560322e-01,1.395973309437889276e-01,-8.070753781549606237e-03,1.645499999999980312e-03,-5.856599773245905194e-01,-1.183192996495832761e+00,5.550454175960930492e-01,2.683545784648035948e-01,7.512581659904013498e-02,-8.680000000000090421e-03,-1.035236363762373490e-01,7.516008341136354298e-02,-1.931678999999999924e+00,1.599689950000000360e+00,-3.727147542463833396e-01,-1.222403510522770270e-01,3.755262832810600526e-03,2.656977598005937913e-01,1.449764868969994069e-01,-2.127630600000000261e+00,-1.529594449999999828e+00,4.725047663380144147e-01,-3.092818272711670424e-01,-1.309115263512907468e-01,3.957839197706916057e-01,-9.276355269587638341e-02
7.340000,9.103279980951449121e-03,-5.618808040604131859e-01,1.225764418254536164e-01,-4.919131668382697997e-01,-5.156522282356774678e-01,-4.710901956392391510e-01,5.198059670485793982e-01,4.011925000000001601e-02,3.813295155181015139e-01,1.117253475604134572e+00,5.672087910845275971e-01,1.395973309437889276e-01,-8.070753781549606237e-03,1.645499999999980312e-03,-5.856599773245905194e-01,-1.183192996495832761e+00,5.550454175960930492e-01,2.683545784648035948e-01,7.512581659904013498e-02,-8.680000000000090421e-03,-1.034704421677864888e-01,7.516008341136354298e-02,-1.931678999999999924e+00,1.599689950000000360e+00,-3.727147542463833396e-01,-1.222403510522770270e-01,3.755262832810600526e-03,2.656977598005937913e-01,1.449764868969994069e-01,-2.127630600000000261e+00,-1.529594449999999828e+00,4.725047663380144147e-01,-3.089271992148279744e-01,-1.309115263512907468e-01,3.957839197706916057e-01,-9.276355269587638341e-02
7.350000,9.060370649948046654e-03,-5.619880773879216695e-01,1.225916094902452513e-01,-4.919131668382697997e-01,-5.156522282356774678e-01,-4.710901956392391510e-01,5.198059670485793982e-01,4.011925000000001601e-02,3.813295155181015139e-01,1.117253475604134572e+00,5.670371537605138901e-01,1.395973309437889276e-01,-8.070753781549606237e-03,1.645499999999980312e-03,-5.856599773245905194e-01,-1.183192996495832761e+00,5.550454175960930492e-01,2.683545784648035948e-01,7.512581659904013498e-02,-8.680000000000090421e-03,-1.033899871721551122e-01,7.516008341136354298e-02,-1.931678999999999924e+00,1.599689950000000360e+00,-3.727147542463833396e-01,-1.222403510522770270e-01,3.755262832810600526e-03,2.656977598005937913e-01,1.449764868969994069e-01,-2.127630600000000261e+00,-1.529594449999999828e+00,4.725047663380144147e-01,-3.083908325772855008e-01,-1.309115263512907468e-01,3.957839197706916057e-01,-9.276355269587638341e-02
7.360000,9.001893582670381089e-03,-5.621342700561158257e-01,1.225794432848239246e-01,-4.919131668382697997e-01,-5.156522282356774678e-01,-4.710901956392391510e-01,5.198059670485793982e-01,4.011925000000001601e-02,3.813295155181015139e-01,1.117253475604134572e+00,5.668032454914032625e-01,1.395973309437889276e-01,-8.070753781549606237e-03,1.645499999999980312e-03,-5.856599773245905194e-01,-1.183192996495832761e+00,5.550454175960930492e-01,2.683545784648035948e-01,7.512581659904013498e-02,-8.680000000000090421e-03,-1.032803426710094813e-01,7.516008341136354298e-02,-1.931678999999999924e+00,1.599689950000000360e+00,-3.727147542463833396e-01,-1.222403510522770270e-01,3.755262832810600526e-03,2.656977598005937913e-01,1.449764868969994069e-01,-2.127630600000000261e+00,-1.529594449999999828e+00,4.725047663380144147e-01,-3.076598692363146093e-01,-1.309115263512907468e-01,3.957839197706916057e-01,-9.276355269587638341e-02
7.370000,8.927673155985619072e-03,-5.623198211228277454e-01,1.225380649429353985e-01,-4.919131668382697997e-01,-5.156522282356774678e-01,-4.710901956392391510e-01,5.198059670485793982e-01,4.011925000000001601e-02,3.813295155181015139e-01,1.117253475604134572e+00,5.665063637846642353e-01,1.395973309437889276e-01,-8.070753781549606237e-03,1.645499999999980312e-03,-5.856599773245905194e-01,-1.183192996495832761e+00,5.550454175960930492e-01,2.683545784648035948e-01,7.512581659904013498e-02,-8.680000000000090421e-03,-1.031411793709755553e-01,7.516008341136354298e-02,-1.931678999999999924e+00,1.599689950000000360e+00,-3.727147542463833396e-01,-1.222403510522770270e-01,3.755262832810600526e-03,2.656977598005937913e-01,1.449764868969994069e-01,-2.127630600000000261e+00,-1.529594449999999828e+00,4.725047663380144147e-01,-3.067321139027551213e-01,-1.309115263512907468e-01,3.957839197706916057e-01,-9.276355269587638341e-02
7.380000,8.838286417330195460e-03,-5.625432879694662880e-01,1.224675767915768820e-01,-4.919131668382697997e-01,-5.156522282356774678e-01,-4.710901956392391510e-01,5.198059670485793982e-01,4.011925000000001601e-02,3.813295155181015139e-01,1.117253475604134572e+00,5.661488168300425894e-01,1.395973309437889276e-01,-8.070753781549606237e-03,1.645499999999980312e-03,-5.856599773245905194e-01,-1.183192996495832761e+00,5.550454175960930492e-01,2.683545784648035948e-01,7.512581659904013498e-02,-8.680000000000090421e-03,-1.029735792359966345e-01,7.516008341136354298e-02,-1.931678999999999924e+00,1.599689950000000360e+00,-3.727147542463833396e-01,-1.222403510522770270e-01,3.755262832810600526e-03,2.656977598005937913e-01,1.449764868969994069e-01,-2.127630600000000261e+00,-1.529594449999999828e+00,4.725047663380144147e-01,-3.056147796695622976e-01,-1.309115263512907468e-01,3.957839197706916057e-01,-9.276355269587638341e-02
7.390000,8.734962728633900372e-03,-5.628015971912070370e-01,1.223697548068809204e-01,-4.919131668382697997e-01,-5.156522282356774678e-01,-4.710901956392391510e-01,5.198059670485793982e-01,4.011925000000001601e-02,3.813295155181015139e-01,1.117253475604134572e+00,5.657355220752573466e-01,1.395973309437889276e-01,-8.070753781549606237e-03,1.645499999999980312e-03,-5.856599773245905194e-01,-1.183192996495832761e+00,5.550454175960930492e-01,2.683545784648035948e-01,7.512581659904013498e-02,-8.680000000000090421e-03,-1.027798473196910867e-01,7.516008341136354298e-02,-1.931678999999999924e+00,1.599689950000000360e+00,-3.727147542463833396e-01,-1.222403510522770270e-01,3.755262832810600526e-03,2.656977598005937913e-01,1.449764868969994069e-01,-2.127630600000000261e+00,-1.529594449999999828e+00,4.725047663380144147e-01,-3.043232335608586636e-01,-1.309115263512907468e-01,3.957839197706916057e-01,-9.276355269587638341e-02
7.400000,8.619483410244007868e-03,-5.630902954871818133e-01,1.222477570640693595e-01,-4.919131668382697997e-01,-5.156522282356774678e-01,-4.710901956392391510e-01,5.198059670485793982e-01,4.011925000000001601e-02,3.813295155181015139e-01,1.117253475604134572e+00,5.652736048016977488e-01,1.395973309437889276e-01,-8.070753781549606237e-03,1.645499999999980312e-03,-5.856599773245905194e-01,-1.183192996495832761e+00,5.550454175960930492e-01,2.683545784648035948e-01,7.512581659904013498e-02,-8.680000000000090421e-03,-1.025633235977100322e-01,7.516008341136354298e-02,-1.931678999999999924e+00,1.599689950000000360e+00,-3.727147542463833396e-01,-1.222403510522770270e-01,3.755262832810600526e-03,2.656977598005937913e-01,1.449764868969994069e-01,-2.127630600000000261e+00,-1.529594449999999828e+00,4.725047663380144147e-01,-3.028797420809850038e-01,-1.309115263512907468e-01,3.957839197706916057e-01,-9.276355269587638341e-02
7.410000,8.494081384849323096e-03,-5.634038005506685209e-01,1.221058475618934935e-01,-4.919131668382697997e-01,-5.156522282356774678e-01,-4.710901956392391510e-01,5.198059670485793982e-01,4.011925000000001601e-02,3.813295155181015139e-01,1.117253475604134572e+00,5.647719967001190167e-01,1.395973309437889276e-01,-8.070753781549606237e-03,1.645499999999980312e-03,-5.856599773245905194e-01,-1.183192996495832761e+00,5.550454175960930492e-01,2.683545784648035948e-01,7.512581659904013498e-02,-8.680000000000090421e-03,-1.023281948000950015e-01,7.516008341136354298e-02,-1.931678999999999924e+00,1.599689950000000360e+00,-3.727147542463833396e-01,-1.222403510522770270e-01,3.755262832810600526e-03,2.656977598005937913e-01,1.449764868969994069e-01,-2.127630600000000261e+00,-1.529594449999999828e+00,4.725047663380144147e-01,-3.013122167635514104e-01,-1.309115263512907468e-01,3.957839197706916057e-01,-9.276355269587638341e-02
7.420000,8.361340821404319654e-03,-5.637356519592809923e-01,1.219491343959452911e-01,-4.919131668382697997e-01,-5.156522282356774678e-01,-4.710901956392391510e-01,5.198059670485793982e-01,4.011925000000001601e-02,3.813295155181015139e-01,1.117253475604134572e+00,5.642410344463389960e-01,1.395973309437889276e-01,-8.070753781549606237e-03,1.645499999999980312e-03,-5.856599773245905194e-01,-1.183192996495832761e+00,5.550454175960930492e-01,2.683545784648035948e-01,7.512581659904013498e-02,-8.680000000000090421e-03,-1.020793062436356202e-01,7.516008341136354298e-02,-1.931678999999999924e+00,1.599689950000000360e+00,-3.727147542463833396e-01,-1.222403510522770270e-01,3.755262832810600526e-03,2.656977598005937913e-01,1.449764868969994069e-01,-2.127630600000000261e+00,-1.529594449999999828e+00,4.725047663380144147e-01,-2.996529597204888873e-01,-1.309115263512907468e-01,3.957839197706916057e-01,-9.276355269587638341e-02
7.430000,8.224096779053221423e-03,-5.640787620651587231e-01,1.217833203145060883e-01,-4.919131668382697997e-01,-5.156522282356774678e-01,-4.710901956392391510e-01,5.198059670485793982e-01,4.011925000000001601e-02,3.813295155181015139e-01,1.117253475604134572e+00,5.636920582769346932e-01,1.395973309437889276e-01,-8.070753781549606237e-03,1.645499999999980312e-03,-5.856599773245905194e-01,-1.183192996495832761e+00,5.550454175960930492e-01,2.683545784648035948e-01,7.512581659904013498e-02,-8.680000000000090421e-03,-1.018219736642273082e-01,7.516008341136354298e-02,-1.931678999999999924e+00,1.599689950000000360e+00,-3.727147542463833396e-01,-1.222403510522770270e-01,3.755262832810600526e-03,2.656977598005937913e-01,1.449764868969994069e-01,-2.127630600000000261e+00,-1.529594449999999828e+00,4.725047663380144147e-01,-2.979374091911001776e-01,-1.309115263512907468e-01,3.957839197706916057e-01,-9.276355269587638341e-02
7.440000,8.085334851054098299e-03,-5.644256668851566072e-01,1.216986277806189204e-01,-4.919131668382697997e-01,-5.156522282356774678e-01,-4.710901956392391510e-01,5.198059670485793982e-01,4.011925000000001601e-02,3.813295155181015139e-01,1.117253475604134572e+00,5.631370105649381452e-01,1.395973309437889276e-01,-8.070753781549606237e-03,1.645499999999980312e-03,-5.856599773245905194e-01,-1.183192996495832761e+00,5.550454175960930492e-01,2.683545784648035948e-01,7.512581659904013498e-02,-8.680000000000090421e-03,-1.015617950492289506e-01,7.516008341136354298e-02,-1.931678999999999924e+00,1.599689950000000360e+00,-3.727147542463833396e-01,-1.222403510522770270e-01,3.755262832810600526e-03,2.656977598005937913e-01,1.449764868969994069e-01,-2.127630600000000261e+00,-1.529594449999999828e+00,4.725047663380144147e-01,-2.962028850911110900e-01,-1.309115263512907468e-01,3.957839197706916057e-01,-9.276355269587638341e-02
7.450000,7.948090808703000068e-03,-5.647687769910343381e-01,1.216986277806189343e-01,-4.919131668382697997e-01,-5.156522282356774678e-01,-4.710901956392391510e-01,5.198059670485793982e-01,4.011925000000001601e-02,3.813295155181015139e-01,1.117253475604134572e+00,5.625880343955337315e-01,1.395973309437889276e-01,-8.070753781549606237e-03,1.645499999999980312e-03,-5.856599773245905194e-01,-1.183192996495832761e+00,5.550454175960930492e-01,2.683545784648035948e-01,7.512581659904013498e-02,-8.680000000000090421e-03,-1.013044624698206386e-01,7.516008341136354298e-02,-1.931678999999999924e+00,1.599689950000000360e+00,-3.727147542463833396e-01,-1.222403510522770270e-01,3.755262832810600526e-03,2.656977598005937913e-01,1.449764868969994069e-01,-2.127630600000000261e+00,-1.529594449999999828e+00,4.725047663380144147e-01,-2.944873345617223803e-01,-1.309115263512907468e-01,3.957839197706916057e-01,-9.276355269587638341e-02
7.460000,7.815350245257994891e-03,-5.651006283996468094e-01,1.216986277806189343e-01,-4.919131668382697997e-01,-5.156522282356774678e-01,-4.710901956392391510e-01,5.198059670485793982e-01,4.011925000000001601e-02,3.813295155181015139e-01,1.117253475604134572e+00,5.620570721417537108e-01,1.395973309437889276e-01,-8.070753781549606237e-03,1.645499999999980312e-03,-5.856599773245905194e-01,-1.183192996495832761e+00,5.550454175960930492e-01,2.683545784648035948e-01,7.512581659904013498e-02,-8.680000000000090421e-03,-1.010555739133612574e-01,7.516008341136354298e-02,-1.931678999999999924e+00,1.599689950000000360e+00,-3.727147542463833396e-01,-1.222403510522770270e-01,3.755262832810600526e-03,2.656977598005937913e-01,1.449764868969994069e-01,-2.127630600000000261e+00,-1.529594449999999828e+00,4.725047663380144147e-01,-2.928280775186598017e-01,-1.309115263512907468e-01,3.957839197706916057e-01,-9.276355269587638341e-02
7.470000,7.689948219863310987e-03,-5.654141334631335170e-01,1.216986277806189343e-01,-4.919131668382697997e-01,-5.156522282356774678e-01,-4.710901956392391510e-01,5.198059670485793982e-01,4.011925000000001601e-02,3.813295155181015139e-01,1.117253475604134572e+00,5.615554640401749786e-01,1.395973309437889276e-01,-8.070753781549606237e-03,1.645499999999980312e-03,-5.856599773245905194e-01,-1.183192996495832761e+00,5.550454175960930492e-01,2.683545784648035948e-01,7.512581659904013498e-02,-8.680000000000090421e-03,-1.008204451157462267e-01,7.516008341136354298e-02,-1.931678999999999924e+00,1.599689950000000360e+00,-3.727147542463833396e-01,-1.222403510522770270e-01,3.755262832810600526e-03,2.656977598005937913e-01,1.449764868969994069e-01,-2.127630600000000261e+00,-1.529594449999999828e+00,4.725047663380144147e-01,-2.912605522012262638e-01,-1.309115263512907468e-01,3.957839197706916057e-01,-9.276355269587638341e-02
7.480000,7.574468901473407206e-03,-5.657028317591082933e-01,1.216986277806189204e-01,-4.919131668382697997e-01,-5.156522282356774678e-01,-4.710901956392391510e-01,5.198059670485793982e-01,4.011925000000001601e-02,3.813295155181015139e-01,1.117253475604134572e+00,5.610935467666153809e-01,1.395973309437889276e-01,-8.070753781549606237e-03,1.645499999999980312e-03,-5.856599773245905194e-01,-1.183192996495832761e+00,5.550454175960930492e-01,2.683545784648035948e-01,7.512581659904013498e-02,-8.680000000000090421e-03,-1.006039213937651583e-01,7.516008341136354298e-02,-1.931678999999999924e+00,1.599689950000000360e+00,-3.727147542463833396e-01,-1.222403510522770270e-01,3.755262832810600526e-03,2.656977598005937913e-01,1.449764868969994069e-01,-2.127630600000000261e+00,-1.529594449999999828e+00,4.725047663380144147e-01,-2.898170607213524930e-01,-1.309115263512907468e-01,3.957839197706916057e-01,-9.276355269587638341e-02
7.490000,7.471145212777120792e-03,-5.659611409808490423e-01,1.216986277806189343e-01,-4.919131668382697997e-01,-5.156522282356774678e-01,-4.710901956392391510e-01,5.198059670485793982e-01,4.011925000000001601e-02,3.813295155181015139e-01,1.117253475604134572e+00,5.606802520118302491e-01,1.395973309437889276e-01,-8.070753781549606237e-03,1.645499999999980312e-03,-5.856599773245905194e-01,-1.183192996495832761e+00,5.550454175960930492e-01,2.683545784648035948e-01,7.512581659904013498e-02,-8.680000000000090421e-03,-1.004101894774596243e-01,7.516008341136354298e-02,-1.931678999999999924e+00,1.599689950000000360e+00,-3.727147542463833396e-01,-1.222403510522770270e-01,3.755262832810600526e-03,2.656977598005937913e-01,1.449764868969994069e-01,-2.127630600000000261e+00,-1.529594449999999828e+00,4.725047663380144147e-01,-2.885255146126488590e-01,-1.309115263512907468e-01,3.957839197706916057e-01,-9.276355269587638341e-02
7.500000,7.381758474121696313e-03,-5.661846078274875849e-01,1.216986277806189204e-01,-4.919131668382697997e-01,-5.156522282356774678e-01,-4.710901956392391510e-01,5.198059670485793982e-01,4.011925000000001601e-02,3.813295155181015139e-01,1.117253475604134572e+00,5.603227050572084922e-01,1.395973309437889276e-01,-8.070753781549606237e-03,1.645499999999980312e-03,-5.856599773245905194e-01,-1.183192996495832761e+00,5.550454175960930492e-01,2.683545784648035948e-01,7.512581659904013498e-02,-8.680000000000090421e-03,-1.002425893424807035e-01,7.516008341136354298e-02,-1.931678999999999924e+00,1.599689950000000360e+00,-3.727147542463833396e-01,-1.222403510522770270e-01,3.755262832810600526e-03,2.656977598005937913e-01,1.449764868969994069e-01,-2.127630600000000261e+00,-1.529594449999999828e+00,4.725047663380144147e-01,-2.874081803794560908e-01,-1.309115263512907468e-01,3.957839197706916057e-01,-9.276355269587638341e-02
7.510000,7.307538047436932561e-03,-5.663701588941995047e-01,1.216986277806189343e-01,-4.919131668382697997e-01,-5.156522282356774678e-01,-4.710901956392391510e-01,5.198059670485793982e-01,4.011925000000001601e-02,3.813295155181015139e-01,1.117253475604134572e+00,5.600258233504694649e-01,1.395973309437889276e-01,-8.070753781549606237e-03,1.645499999999980312e-03,-5.856599773245905194e-01,-1.183192996495832761e+00,5.550454175960930492e-01,2.683545784648035948e-01,7.512581659904013498e-02,-8.680000000000090421e-03,-1.001034260424467776e-01,7.516008341136354298e-02,-1.931678999999999924e+00,1.599689950000000360e+00,-3.727147542463833396e-01,-1.222403510522770270e-01,3.755262832810600526e-03,2.656977598005937913e-01,1.449764868969994069e-01,-2.127630600000000261e+00,-1.529594449999999828e+00,4.725047663380144147e-01,-2.864804250458965473e-01,-1.309115263512907468e-01,3.957839197706916057e-01,-9.276355269587638341e-02
7.520000,7.249060980159260925e-03,-5.665163515623936608e-01,1.216986277806189343e-01,-4.919131668382697997e-01,-5.156522282356774678e-01,-4.710901956392391510e-01,5.198059670485793982e-01,4.011925000000001601e-02,3.813295155181015139e-01,1.117253475604134572e+00,5.597919150813588374e-01,1.395973309437889276e-01,-8.070753781549606237e-03,1.645499999999980312e-03,-5.856599773245905194e-01,-1.183192996495832761e+00,5.550454175960930492e-01,2.683545784648035948e-01,7.512581659904013498e-02,-8.680000000000090421e-03,-9.999378154130113272e-02,7.516008341136354298e-02,-1.931678999999999924e+00,1.599689950000000360e+00,-3.727147542463833396e-01,-1.222403510522770270e-01,3.755262832810600526e-03,2.656977598005937913e-01,1.449764868969994069e-01,-2.127630600000000261e+00,-1.529594449999999828e+00,4.725047663380144147e-01,-2.857494617049256558e-01,-1.309115263512907468e-01,3.957839197706916057e-01,-9.276355269587638341e-02
7.530000,7.206151649155861927e-03,-5.666236248899021444e-01,1.216986277806189343e-01,-4.919131668382697997e-01,-5.156522282356774678e-01,-4.710901956392391510e-01,5.198059670485793982e-01,4.011925000000001601e-02,3.813295155181015139e-01,1.117253475604134572e+00,5.596202777573452414e-01,1.395973309437889276e-01,-8.070753781549606237e-03,1.645499999999980312e-03,-5.856599773245905194e-01,-1.183192996495832761e+00,5.550454175960930492e-01,2.683545784648035948e-01,7.512581659904013498e-02,-8.680000000000090421e-03,-9.991332654566975613e-02,7.516008341136354298e-02,-1.931678999999999924e+00,1.599689950000000360e+00,-3.727147542463833396e-01,-1.222403510522770270e-01,3.755262832810600526e-03,2.656977598005937913e-01,1.449764868969994069e-01,-2.127630600000000261e+00,-1.529594449999999828e+00,4.725047663380144147e-01,-2.852130950673831267e-01,-1.309115263512907468e-01,3.957839197706916057e-01,-9.276355269587638341e-02
7.540000,7.177781404648736659e-03,-5.666945505011700135e-01,1.216986277806189204e-01,-4.919131668382697997e-01,-5.156522282356774678e-01,-4.710901956392391510e-01,5.198059670485793982e-01,4.011925000000001601e-02,3.813295155181015139e-01,1.117253475604134572e+00,5.595067967793166952e-01,1.395973309437889276e-01,-8.070753781549606237e-03,1.645499999999980312e-03,-5.856599773245905194e-01,-1.183192996495832761e+00,5.550454175960930492e-01,2.683545784648035948e-01,7.512581659904013498e-02,-8.680000000000090421e-03,-9.986013233721890980e-02,7.516008341136354298e-02,-1.931678999999999924e+00,1.599689950000000360e+00,-3.727147542463833396e-01,-1.222403510522770270e-01,3.755262832810600526e-03,2.656977598005937913e-01,1.449764868969994069e-01,-2.127630600000000261e+00,-1.529594449999999828e+00,4.725047663380144147e-01,-2.848584670110441142e-01,-1.309115263512907468e-01,3.957839197706916057e-01,-9.276355269587638341e-02
7.550000,7.161968214138824187e-03,-5.667340834774446945e-01,1.216986277806189343e-01,-4.919131668382697997e-01,-5.156522282356774678e-01,-4.710901956392391510e-01,5.198059670485793982e-01,4.011925000000001601e-02,3.813295155181015139e-01,1.117253475604134572e+00,5.594435440172770280e-01,1.395973309437889276e-01,-8.070753781549606237e-03,1.645499999999980312e-03,-5.856599773245905194e-01,-1.183192996495832761e+00,5.550454175960930492e-01,2.683545784648035948e-01,7.512581659904013498e-02,-8.680000000000090421e-03,-9.983048260501281579e-02,7.516008341136354298e-02,-1.931678999999999924e+00,1.599689950000000360e+00,-3.727147542463833396e-01,-1.222403510522770270e-01,3.755262832810600526e-03,2.656977598005937913e-01,1.449764868969994069e-01,-2.127630600000000261e+00,-1.529594449999999828e+00,4.725047663380144147e-01,-2.846608021296702096e-01,-1.309115263512907468e-01,3.957839197706916057e-01,-9.276355269587638341e-02
7.560000,7.155676306330097276e-03,-5.667498132469666050e-01,1.216986277806189343e-01,-4.919131668382697997e-01,-5.156522282356774678e-01,-4.710901956392391510e-01,5.198059670485793982e-01,4.011925000000001601e-02,3.813295155181015139e-01,1.117253475604134572e+00,5.594183763860420822e-01,1.395973309437889276e-01,-8.070753781549606237e-03,1.645499999999980312e-03,-5.856599773245905194e-01,-1.183192996495832761e+00,5.550454175960930492e-01,2.683545784648035948e-01,7.512581659904013498e-02,-8.680000000000090421e-03,-9.981868527787145229e-02,7.516008341136354298e-02,-1.931678999999999924e+00,1.599689950000000360e+00,-3.727147542463833396e-01,-1.222403510522770270e-01,3.755262832810600526e-03,2.656977598005937913e-01,1.449764868969994069e-01,-2.127630600000000261e+00,-1.529594449999999828e+00,4.725047663380144147e-01,-2.845821532820611011e-01,-1.309115263512907468e-01,3.957839197706916057e-01,-9.276355269587638341e-02
7.570000,7.154715815053653769e-03,-5.667522144751576674e-01,1.216986277806189204e-01,-4.919131668382697997e-01,-5.156522282356774678e-01,-4.710901956392391510e-01,5.198059670485793982e-01,4.011925000000001601e-02,3.813295155181015139e-01,1.117253475604134572e+00,5.594145344209363602e-01,1.395973309437889276e-01,-8.070753781549606237e-03,1.645499999999980312e-03,-5.856599773245905194e-01,-1.183192996495832761e+00,5.550454175960930492e-01,2.683545784648035948e-01,7.512581659904013498e-02,-8.680000000000090421e-03,-9.981688435672812776e-02,7.516008341136354298e-02,-1.931678999999999924e+00,1.599689950000000360e+00,-3.727147542463833396e-01,-1.222403510522770270e-01,3.755262832810600526e-03,2.656977598005937913e-01,1.449764868969994069e-01,-2.127630600000000261e+00,-1.529594449999999828e+00,4.725047663380144147e-01,-2.845701471411055672e-01,-1.309115263512907468e-01,3.957839197706916057e-01,-9.276355269587638341e-02
7.580000,7.154062986401576833e-03,-5.667571106900481936e-01,1.216981179023629983e-01,-4.919131668382697997e-01,-5.156522282356774678e-01,-4.710901956392391510e-01,5.198059670485793982e-01,4.011454963370505999e-02,3.813310823068665201e-01,1.117258306536160095e+00,5.594082672658764466e-01,1.396002033898580685e-01,-8.070753781549606237e-03,1.647197354495383986e-03,-5.856599773245905194e-01,-1.183192996495832761e+00,5.550471149505884494e-01,2.683545784648035948e-01,7.512581659904013498e-02,-8.682284900282360995e-03,-9.981606832091302617e-02,7.515951218629296493e-02,-1.931681121693119119e+00,1.599690766035815503e+00,-3.727147542463833396e-01,-1.222416567095811757e-01,3.755262832810600526e-03,2.656977598005937913e-01,1.449764868969994069e-01,-2.127623418884827089e+00,-1.529597061314608375e+00,4.725080304812748211e-01,-2.845595386755093159e-01,-1.309115263512907468e-01,3.957862046709739179e-01,-9.276355269587638341e-02
7.590000,7.149641824454716285e-03,-5.667902694046497158e-01,1.216946648413452514e-01,-4.919131668382697997e-01,-5.156522282356774678e-01,-4.710901956392391510e-01,5.198059670485793982e-01,4.008271726768767446e-02,3.813416930955389472e-01,1.117291023134566741e+00,5.593658241111865159e-01,1.396196565024242497e-01,-8.070753781549606237e-03,1.658692375557217075e-03,-5.856599773245905194e-01,-1.183192996495832761e+00,5.550586099716502408e-01,2.683545784648035948e-01,7.512581659904013498e-02,-8.697758967096368143e-03,-9.981054186847945764e-02,7.515564366958946141e-02,-1.931695490469446552e+00,1.599696292488248961e+00,-3.727147542463833396e-01,-1.222504990334749020e-01,3.755262832810600526e-03,2.656977598005937913e-01,1.449764868969994069e-01,-2.127574786103411775e+00,-1.529614745962395661e+00,4.725301362910091507e-01,-2.844876947938728140e-01,-1.309115263512907468e-01,3.958016787377879320e-01,-9.276355269587638341e-02
7.600000,7.138085004544177277e-03,-5.668769455539787172e-01,1.216856385802909946e-01,-4.919131668382697997e-01,-5.156522282356774678e-01,-4.710901956392391510e-01,5.198059670485793982e-01,3.999950816433178735e-02,3.813694294633242499e-01,1.117376543601904748e+00,5.592548786400454164e-01,1.396705065100306009e-01,-8.070753781549606237e-03,1.688740107324619016e-03,-5.856599773245905194e-01,-1.183192996495832761e+00,5.550886577034176428e-01,2.683545784648035948e-01,7.512581659904013498e-02,-8.738207836783258575e-03,-9.979609584359128149e-02,7.514553145216774921e-02,-1.931733050134155860e+00,1.599710738513137276e+00,-3.727147542463833396e-01,-1.222736126732959783e-01,3.755262832810600526e-03,2.656977598005937913e-01,1.449764868969994069e-01,-2.127447661084395758e+00,-1.529660973242037869e+00,4.725879203905618553e-01,-2.842998964703265519e-01,-1.309115263512907468e-01,3.958421276074747808e-01,-9.276355269587638341e-02
7.610000,7.116447014294483703e-03,-5.670392304808514750e-01,1.216687384510073272e-01,-4.919131668382697997e-01,-5.156522282356774678e-01,-4.710901956392391510e-01,5.198059670485793982e-01,3.984371463453399709e-02,3.814213606399235457e-01,1.117536664729752438e+00,5.590471539336483442e-01,1.397657136671292544e-01,-8.070753781549606237e-03,1.744998881973821442e-03,-5.856599773245905194e-01,-1.183192996495832761e+00,5.551449164780668522e-01,2.683545784648035948e-01,7.512581659904013498e-02,-8.813940802657186518e-03,-9.976904835577915520e-02,7.512659821069926636e-02,-1.931803373602467122e+00,1.599737786000949402e+00,-3.727147542463833396e-01,-1.223168886537953637e-01,3.755262832810600526e-03,2.656977598005937913e-01,1.449764868969994069e-01,-2.127209643191649402e+00,-1.529747525203036584e+00,4.726961103418103050e-01,-2.839482791287690211e-01,-1.309115263512907468e-01,3.959178605733487122e-01,-9.276355269587638341e-02
7.620000,7.082186936795275764e-03,-5.672961810620954504e-01,1.216419796011028176e-01,-4.919131668382697997e-01,-5.156522282356774678e-01,-4.710901956392391510e-01,5.198059670485793982e-01,3.959704207653969715e-02,3.815035848259216156e-01,1.117790189303246695e+00,5.587182571896559535e-01,1.399164580081257991e-01,-8.070753781549606237e-03,1.834075083471765205e-03,-5.856599773245905194e-01,-1.183192996495832761e+00,5.552339926795648584e-01,2.683545784648035948e-01,7.512581659904013498e-02,-8.933851073904416906e-03,-9.972622325890515005e-02,7.509662064288745442e-02,-1.931914718854339519e+00,1.599780611097823213e+00,-3.727147542463833396e-01,-1.223854088087937830e-01,3.755262832810600526e-03,2.656977598005937913e-01,1.449764868969994069e-01,-2.126832782339158179e+00,-1.529884565513033534e+00,4.728674107293063256e-01,-2.833915528694068708e-01,-1.309115263512907468e-01,3.960377708445959599e-01,-9.276355269587638341e-02
7.630000,7.033151233773006668e-03,-5.676639488347625662e-01,1.216036794542196819e-01,-4.919131668382697997e-01,-5.156522282356774678e-01,-4.710901956392391510e-01,5.198059670485793982e-01,3.924398501477936035e-02,3.816212705131750704e-01,1.118153053505611449e+00,5.582475144406421341e-01,1.401322151014237627e-01,-8.070753781549606237e-03,1.961567911329661906e-03,-5.856599773245905194e-01,-1.183192996495832761e+00,5.553614855074227030e-01,2.683545784648035948e-01,7.512581659904013498e-02,-9.105476034482355707e-03,-9.966492863012731129e-02,7.505371440274297146e-02,-1.932074084889161991e+00,1.599841905726601121e+00,-3.727147542463833396e-01,-1.224834802148383195e-01,3.755262832810600526e-03,2.656977598005937913e-01,1.449764868969994069e-01,-2.126293389605913298e+00,-1.530080708325122441e+00,4.731125892444176806e-01,-2.825947226952950642e-01,-1.309115263512907468e-01,3.962093958051738918e-01,-9.276355269587638341e-02
7.640000,6.967556528762635856e-03,-5.681559091223402636e-01,1.215524441760301999e-01,-4.919131668382697997e-01,-5.156522282356774678e-01,-4.710901956392391510e-01,5.198059670485793982e-01,3.877170313870469120e-02,3.817786978051999625e-01,1.118638454322688158e+00,5.576178052725425660e-01,1.404208318034693981e-01,-8.070753781549606237e-03,2.132114144356628271e-03,-5.856599773245905194e-01,-1.183192996495832761e+00,5.555320317404497388e-01,2.683545784648035948e-01,7.512581659904013498e-02,-9.335057502018653114e-03,-9.958293524886435710e-02,7.499631903585890491e-02,-1.932287267680445675e+00,1.599923899107864145e+00,-3.727147542463833396e-01,-1.226146696248590628e-01,3.755262832810600526e-03,2.656977598005937913e-01,1.449764868969994069e-01,-2.125571847850799223e+00,-1.530343087145163983e+00,4.734405627694695529e-01,-2.815288087388765348e-01,-1.309115263512907468e-01,3.964389772727101580e-01,-9.276355269587638341e-02
7.650000,6.883972390279347389e-03,-5.687827901609650016e-01,1.214871551553484974e-01,-4.919131668382697997e-01,-5.156522282356774678e-01,-4.710901956392391510e-01,5.198059670485793982e-01,3.816989734162500730e-02,3.819792997375598409e-01,1.119256976947464510e+00,5.568153975431030522e-01,1.407886020127958604e-01,-8.070753781549606237e-03,2.349432904413178286e-03,-5.856599773245905194e-01,-1.183192996495832761e+00,5.557493505005062229e-01,2.683545784648035948e-01,7.512581659904013498e-02,-9.627601986710164483e-03,-9.947845507576023871e-02,7.492318291468602620e-02,-1.932558916130516558e+00,1.600028379280968194e+00,-3.727147542463833396e-01,-1.227818379018256467e-01,3.755262832810600526e-03,2.656977598005937913e-01,1.449764868969994069e-01,-2.124652422327482526e+00,-1.530677423699097206e+00,4.738584834618859709e-01,-2.801705664885230651e-01,-1.309115263512907468e-01,3.967315217574016728e-01,-9.276355269587638341e-02
7.660000,6.781304114990213683e-03,-5.695528022256334255e-01,1.214069555070831363e-01,-4.919131668382697997e-01,-5.156522282356774678e-01,-4.710901956392391510e-01,5.198059670485793982e-01,3.743068575954324601e-02,3.822257035982538076e-01,1.120016722184604019e+00,5.558297821003272965e-01,1.412403424240680494e-01,-8.070753781549606237e-03,2.616370420164925228e-03,-5.856599773245905194e-01,-1.183192996495832761e+00,5.560162880162580201e-01,2.683545784648035948e-01,7.512581659904013498e-02,-9.986940950222129854e-03,-9.935011973164882548e-02,7.483334817380803139e-02,-1.932892588025206138e+00,1.600156714625079690e+00,-3.727147542463833396e-01,-1.229871744524039107e-01,3.755262832810600526e-03,2.656977598005937913e-01,1.449764868969994069e-01,-2.123523071299302067e+00,-1.531088096800253595e+00,4.743718248383316238e-01,-2.785022070150746654e-01,-1.309115263512907468e-01,3.970908607209136520e-01,-9.276355269587638341e-02
7.670000,6.658775510885916495e-03,-5.704717667564156436e-01,1.213112366014011817e-01,-4.919131668382697997e-01,-5.156522282356774678e-01,-4.710901956392391510e-01,5.198059670485793982e-01,3.654847980999231111e-02,3.825197722481040730e-01,1.120923433854975837e+00,5.546535075009261240e-01,1.417794682821269525e-01,-8.070753781549606237e-03,2.934944790836096357e-03,-5.856599773245905194e-01,-1.183192996495832761e+00,5.563348623869291965e-01,2.683545784648035948e-01,7.512581659904013498e-02,-1.041579106458716958e-02,-9.919695897651845118e-02,7.472613564521676799e-02,-1.933290805988545191e+00,1.600309875380209856e+00,-3.727147542463833396e-01,-1.232322316606125068e-01,3.755262832810600526e-03,2.656977598005937913e-01,1.449764868969994069e-01,-2.122175256654155184e+00,-1.531578211216670926e+00,4.749844678588531210e-01,-2.765111171983798410e-01,-1.309115263512907468e-01,3.975197108352787057e-01,-9.276355269587638341e-02
7.680000,6.515911680452435815e-03,-5.715432454846668398e-01,1.211996246213852685e-01,-4.919131668382697997e-01,-5.156522282356774678e-01,-4.710901956392391510e-01,5.198059670485793982e-01,3.551986023087124605e-02,3.828626454411444557e-01,1.121980626200183684e+00,5.532820147287647039e-01,1.424080691360342654e-01,-8.070753781549606237e-03,3.306390749963146469e-03,-5.856599773245905194e-01,-1.183192996495832761e+00,5.567063083460561668e-01,2.683545784648035948e-01,7.512581659904013498e-02,-1.091581447110435456e-02,-9.901837918847659903e-02,7.460112979358747565e-02,-1.933755113437453765e+00,1.600488455168251889e+00,-3.727147542463833396e-01,-1.235179593214794647e-01,3.755262832810600526e-03,2.656977598005937913e-01,1.449764868969994069e-01,-2.120603754519386541e+00,-1.532149666538404897e+00,4.756987870110205296e-01,-2.741895799538357492e-01,-1.309115263512907468e-01,3.980197342417958750e-01,-9.276355269587638341e-02
7.690000,6.352521803842731823e-03,-5.727686695592395516e-01,1.210719671496335442e-01,-4.919131668382697997e-01,-5.156522282356774678e-01,-4.710901956392391510e-01,5.198059670485793982e-01,3.434345311928138633e-02,3.832547811450077169e-01,1.123189711287095438e+00,5.517134719133115484e-01,1.431269845931169848e-01,-8.070753781549606237e-03,3.731204429148376675e-03,-5.856599773245905194e-01,-1.183192996495832761e+00,5.571311220252413987e-01,2.683545784648035948e-01,7.512581659904013498e-02,-1.148767903923831810e-02,-9.881414184271447576e-02,7.445816365155398520e-02,-1.934286130536435389e+00,1.600692692514013915e+00,-3.727147542463833396e-01,-1.238447390746988674e-01,3.755262832810600526e-03,2.656977598005937913e-01,1.449764868969994069e-01,-2.118806465876680090e+00,-1.532803226044843647e+00,4.765157363940690782e-01,-2.715344944589280773e-01,-1.309115263512907468e-01,3.985915988099298368e-01,-9.276355269587638341e-02
7.700000,6.168681922048505767e-03,-5.741474686726962817e-01,1.209283197826829248e-01,-4.919131668382697997e-01,-5.156522282356774678e-01,-4.710901956392391510e-01,5.198059670485793982e-01,3.301980597036295595e-02,3.836959968613138927e-01,1.124550126412372730e+00,5.499486090480869560e-01,1.439358800730115573e-01,-8.070753781549606237e-03,4.209188121813364075e-03,-5.856599773245905194e-01,-1.183192996495832761e+00,5.576091057179064503e-01,2.683545784648035948e-01,7.512581659904013498e-02,-1.213111862551810756e-02,-9.858434199047169666e-02,7.429730375498402872e-02,-1.934883610152266620e+00,1.600922492366256833e+00,-3.727147542463833396e-01,-1.242124188382873196e-01,3.755262832810600526e-03,2.656977598005937913e-01,1.449764868969994069e-01,-2.116784227176943478e+00,-1.533538585572020496e+00,4.774349358030401946e-01,-2.685470963797719213e-01,-1.309115263512907468e-01,3.992350383962096627e-01,-9.276355269587638341e-02
7.710000,5.964717720071806457e-03,-5.756772001875215539e-01,1.207689327708288268e-01,-4.919131668382697997e-01,-5.156522282356774678e-01,-4.710901956392391510e-01,5.198059670485793982e-01,3.155126371613072023e-02,3.841855109460579620e-01,1.126059461507000314e+00,5.479905527091106787e-01,1.448333225617090547e-01,-8.070753781549606237e-03,4.739495046952785229e-03,-5.856599773245905194e-01,-1.183192996495832761e+00,5.581394126430458957e-01,2.683545784648035948e-01,7.512581659904013498e-02,-1.284499333243655644e-02,-9.832938673800081797e-02,7.411883507825442474e-02,-1.935546493808690816e+00,1.601177447618727712e+00,-3.727147542463833396e-01,-1.246203472422407199e-01,3.755262832810600526e-03,2.656977598005937913e-01,1.449764868969994069e-01,-2.114540620955200012e+00,-1.534354442379927352e+00,4.784547568129237094e-01,-2.652326780976504983e-01,-1.309115263512907468e-01,3.999489131031280786e-01,-9.276355269587638341e-02
7.720000,5.741187310096782480e-03,-5.773536782623341912e-01,1.205942376798566501e-01,-4.919131668382697997e-01,-5.156522282356774678e-01,-4.710901956392391510e-01,5.198059670485793982e-01,2.994184476431054412e-02,3.847219839299980126e-01,1.127713586540815438e+00,5.458446607733503653e-01,1.458168563655991568e-01,-8.070753781549606237e-03,5.320674112887845836e-03,-5.856599773245905194e-01,-1.183192996495832761e+00,5.587205917089809182e-01,2.683545784648035948e-01,7.512581659904013498e-02,-1.362734976734913950e-02,-9.804997372553203583e-02,7.392324596952627724e-02,-1.936272967641109677e+00,1.601456860631196299e+00,-3.727147542463833396e-01,-1.250674080621907713e-01,3.755262832810600526e-03,2.656977598005937913e-01,1.449764868969994069e-01,-2.112081786445474396e+00,-1.535248564019827455e+00,4.795724088627987824e-01,-2.616003089355564137e-01,-1.309115263512907468e-01,4.007312695380406686e-01,-9.276355269587638341e-02
7.730000,5.498864014661348533e-03,-5.791711029780999276e-01,1.204048340703927633e-01,-4.919131668382697997e-01,-5.156522282356774678e-01,-4.710901956392391510e-01,5.198059670485793982e-01,2.819711703717541970e-02,3.853035598390430749e-01,1.129506778927037658e+00,5.435183571371702271e-01,1.468830788655150765e-01,-8.070753781549606237e-03,5.950714681019974098e-03,-5.856599773245905194e-01,-1.183192996495832761e+00,5.593506322771130135e-01,2.683545784648035948e-01,7.512581659904013498e-02,-1.447548130137316091e-02,-9.774706960623774643e-02,7.371121308602027189e-02,-1.937060518351275018e+00,1.601759764750490644e+00,-3.727147542463833396e-01,-1.255520546530616288e-01,3.755262832810600526e-03,2.656977598005937913e-01,1.449764868969994069e-01,-2.109416230195684694e+00,-1.536217857201569226e+00,4.807840253399759955e-01,-2.576625553847305961e-01,-1.309115263512907468e-01,4.015794010720646900e-01,-9.276355269587638341e-02
7.740000,5.238719149828964528e-03,-5.811221894643427976e-01,1.202735313660821814e-01,-4.919131668382697997e-01,-5.156522282356774678e-01,-4.710901956392391510e-01,5.198059670485793982e-01,2.632407401038225694e-02,3.859279075146407889e-01,1.131431850926797322e+00,5.410209664347793712e-01,1.480277162707775429e-01,-8.070753781549606237e-03,6.627091329584172338e-03,-5.856599773245905194e-01,-1.183192996495832761e+00,5.600270089256772499e-01,2.683545784648035948e-01,7.512581659904013498e-02,-1.538598832828650363e-02,-9.742188852519725883e-02,7.348358632929194445e-02,-1.937905989161980091e+00,1.602084945831531160e+00,-3.727147542463833396e-01,-1.260723443827264090e-01,3.755262832810600526e-03,2.656977598005937913e-01,1.449764868969994069e-01,-2.106554636682528514e+00,-1.537258436660898786e+00,4.820847496641378904e-01,-2.534352013312043406e-01,-1.309115263512907468e-01,4.024899080989779998e-01,-9.276355269587638341e-02
7.750000,4.961904808360207385e-03,-5.831982970253585252e-01,1.202521597770106893e-01,-4.919131668382697997e-01,-5.156522282356774678e-01,-4.710901956392391510e-01,5.198059670485793982e-01,2.433101075180720343e-02,3.865922619341657929e-01,1.133480277053666052e+00,5.383635487566792444e-01,1.492456993732400872e-01,-8.070753781549606237e-03,7.346808617402941083e-03,-5.856599773245905194e-01,-1.183192996495832761e+00,5.607467262134959718e-01,2.683545784648035948e-01,7.512581659904013498e-02,-1.635483852342715233e-02,-9.707587059836131349e-02,7.324137378050676883e-02,-1.938805635771753577e+00,1.602430963758367133e+00,-3.727147542463833396e-01,-1.266259730656639215e-01,3.755262832810600526e-03,2.656977598005937913e-01,1.449764868969994069e-01,-2.103509678926372306e+00,-1.538365694026773811e+00,4.834688213714816718e-01,-2.489369682823370511e-01,-1.309115263512907468e-01,4.034587582941187023e-01,-9.276355269587638341e-02
7.760000,4.669736642884553604e-03,-5.853895582664259134e-01,1.202617342218718632e-01,-4.919131668382697997e-01,-5.156522282356774678e-01,-4.710901956392391510e-01,5.198059670485793982e-01,2.222739996038250107e-02,3.872934655313073904e-01,1.135642321478185890e+00,5.355587343681129653e-01,1.505312393013329697e-01,-8.070753781549606237e-03,8.106445847639639352e-03,-5.856599773245905194e-01,-1.183192996495832761e+00,5.615063634437327256e-01,2.683545784648035948e-01,7.512581659904013498e-02,-1.737742710259194273e-02,-9.671066039151675342e-02,7.298572663571557817e-02,-1.939755182309549575e+00,1.602796173965211679e+00,-3.727147542463833396e-01,-1.272103093966152343e-01,3.755262832810600526e-03,2.656977598005937913e-01,1.449764868969994069e-01,-2.100295829106140211e+00,-1.539534366688676270e+00,4.849296621988599121e-01,-2.441892355933576730e-01,-1.309115263512907468e-01,4.044813468732834649e-01,-9.276355269587638341e-02
7.770000,4.363676649072023919e-03,-5.876850082200198999e-01,1.203090381992035912e-01,-4.919131668382697997e-01,-5.156522282356774678e-01,-4.710901956392391510e-01,5.198059670485793982e-01,2.002376800493228109e-02,3.880280095164574394e-01,1.137907165432398671e+00,5.326205584275126581e-01,1.518779032741081059e-01,-8.070753781549606237e-03,8.902201831552217920e-03,-5.856599773245905194e-01,-1.183192996495832761e+00,5.623021194276452972e-01,2.683545784648035948e-01,7.512581659904013498e-02,-1.844863708093579663e-02,-9.632808539925108438e-02,7.271792414112961123e-02,-1.940749877289440262e+00,1.603178748957477362e+00,-3.727147542463833396e-01,-1.278224293842402937e-01,3.755262832810600526e-03,2.656977598005937913e-01,1.449764868969994069e-01,-2.096929169174202023e+00,-1.540758606663926500e+00,4.864599621679225883e-01,-2.392157606939040448e-01,-1.309115263512907468e-01,4.055525568516273327e-01,-9.276355269587638341e-02
7.780000,4.045315948804991887e-03,-5.900727134720226141e-01,1.204009446374101622e-01,-4.919131668382697997e-01,-5.156522282356774678e-01,-4.710901956392391510e-01,5.198059670485793982e-01,1.773157096300965324e-02,3.887920751970982969e-01,1.140263034614374726e+00,5.295642957049492283e-01,1.532786903552830204e-01,-8.070753781549606237e-03,9.729939652246501550e-03,-5.856599773245905194e-01,-1.183192996495832761e+00,5.631298572483395271e-01,2.683545784648035948e-01,7.512581659904013498e-02,-1.956289953187041047e-02,-9.593013452391729867e-02,7.243935852839596123e-02,-1.941784549565308104e+00,1.603576699832811148e+00,-3.727147542463833396e-01,-1.284591507847743508e-01,3.755262832810600526e-03,2.656977598005937913e-01,1.449764868969994069e-01,-2.093427201471264709e+00,-1.542032049464994614e+00,4.880517656692577311e-01,-2.340423993145647752e-01,-1.309115263512907468e-01,4.066668193025619327e-01,-9.276355269587638341e-02
7.790000,3.716357573349720125e-03,-5.925399012879370986e-01,1.205441690065425786e-01,-4.919131668382697997e-01,-5.156522282356774678e-01,-4.710901956392391510e-01,5.198059670485793982e-01,1.536307065973169586e-02,3.895815752981909852e-01,1.142697326592743812e+00,5.264062953005785861e-01,1.547261072072862176e-01,-8.070753781549606237e-03,1.058523142843020848e-02,-5.856599773245905194e-01,-1.183192996495832761e+00,5.639851490245232357e-01,2.683545784648035948e-01,7.512581659904013498e-02,-2.071425384596385991e-02,-9.551893655459819943e-02,7.215151994987259454e-02,-1.942853664285537629e+00,1.603987897802130247e+00,-3.727147542463833396e-01,-1.291170675356848874e-01,3.755262832810600526e-03,2.656977598005937913e-01,1.449764868969994069e-01,-2.089808659341256813e+00,-1.543347882966815687e+00,4.896965575465340725e-01,-2.286968257134166238e-01,-1.309115263512907468e-01,4.078181736166553994e-01,-9.276355269587638341e-02
7.800000,3.378599246528161959e-03,-5.950730887390988100e-01,1.207449881823361715e-01,-4.919131668382697997e-01,-5.156522282356774678e-01,-4.710901956392391510e-01,5.198059670485793982e-01,1.293121070661648088e-02,3.903921952825626929e-01,1.145196738211223142e+00,5.231638153630916444e-01,1.562122438453010798e-01,-8.070753781549606237e-03,1.146340307816625867e-02,-5.856599773245905194e-01,-1.183192996495832761e+00,5.648633206742593726e-01,2.683545784648035948e-01,7.512581659904013498e-02,-2.189640798983931436e-02,-9.509673864607126603e-02,7.185598141390373006e-02,-1.943951378847707634e+00,1.604410095710657291e+00,-3.727147542463833396e-01,-1.297925841893280141e-01,3.755262832810600526e-03,2.656977598005937913e-01,1.449764868969994069e-01,-2.086093317746219533e+00,-1.544698916274101830e+00,4.913853491806419171e-01,-2.232082529025662954e-01,-1.309115263512907468e-01,4.090003277605308574e-01,-9.276355269587638341e-02
7.810000,3.033916167889602611e-03,-5.976582118288880086e-01,1.210089395311352151e-01,-4.919131668382697997e-01,-5.156522282356774678e-01,-4.710901956392391510e-01,5.198059670485793982e-01,1.044949254041885323e-02,3.912194346712952742e-01,1.147747392993148541e+00,5.198548578081614302e-01,1.577288493913107381e-01,-8.070753781549606237e-03,1.235957908262651228e-02,-5.856599773245905194e-01,-1.183192996495832761e+00,5.657594966787196089e-01,2.683545784648035948e-01,7.512581659904013498e-02,-2.310279876507426861e-02,-9.466588479777306164e-02,7.155438372009499670e-02,-1.945071598853282957e+00,1.604840949558955288e+00,-3.727147542463833396e-01,-1.304819503466051189e-01,3.755262832810600526e-03,2.656977598005937913e-01,1.449764868969994069e-01,-2.082301803881195568e+00,-1.546077648588656039e+00,4.931087645738346792e-01,-2.176071528746897354e-01,-1.309115263512907468e-01,4.102067185357657908e-01,-9.276355269587638341e-02
7.820000,2.684243795882485135e-03,-6.002807546189413701e-01,1.213405178103468818e-01,-4.919131668382697997e-01,-5.156522282356774678e-01,-4.710901956392391510e-01,5.198059670485793982e-01,7.931851461967603240e-03,3.920586483641123055e-01,1.150334968546001146e+00,5.164980030368931940e-01,1.592674078281420547e-01,-8.070753781549606237e-03,1.326872724984501720e-02,-5.856599773245905194e-01,-1.183192996495832761e+00,5.666686448459380410e-01,2.683545784648035948e-01,7.512581659904013498e-02,-2.432665206709918107e-02,-9.422879433276416805e-02,7.124842039458877119e-02,-1.946208034062306247e+00,1.605278040023964348e+00,-3.727147542463833396e-01,-1.311812950906193764e-01,3.755262832810600526e-03,2.656977598005937913e-01,1.449764868969994069e-01,-2.078455407789117082e+00,-1.547476338076684499e+00,4.948571264338702536e-01,-2.119249768295740632e-01,-1.309115263512907468e-01,4.114305718377906929e-01,-9.276355269587638341e-02
7.830000,2.331560631025907625e-03,-6.029258783553657075e-01,1.217428898005626647e-01,-4.919131668382697997e-01,-5.156522282356774678e-01,-4.710901956392391510e-01,5.198059670485793982e-01,5.392532675000250367e-03,3.929050879597681400e-01,1.152944823965939891e+00,5.131122446542699667e-01,1.608192137535109922e-01,-8.070753781549606237e-03,1.418570347847212046e-02,-5.856599773245905194e-01,-1.183192996495832761e+00,5.675856210745652275e-01,2.683545784648035948e-01,7.512581659904013498e-02,-2.556104314409720149e-02,-9.378794037669344053e-02,7.093982262533926608e-02,-1.947354254348089952e+00,1.605718893980034867e+00,-3.727147542463833396e-01,-1.318866614203325072e-01,3.755262832810600526e-03,2.656977598005937913e-01,1.449764868969994069e-01,-2.074575892975695002e+00,-1.548887070736110871e+00,4.966205422581531637e-01,-2.061938754006546470e-01,-1.309115263512907468e-01,4.126649629147887133e-01,-9.276355269587638341e-02
7.840000,1.977870999081461287e-03,-6.055785505949491387e-01,1.222176473028694643e-01,-4.919131668382697997e-01,-5.156522282356774678e-01,-4.710901956392391510e-01,5.198059670485793982e-01,2.845967325000231182e-03,3.937539430764347981e-01,1.155562127242328874e+00,5.097168241876033346e-01,1.623754481340665690e-01,-8.070753781549606237e-03,1.510529652152768111e-02,-5.856599773245905194e-01,-1.183192996495832761e+00,5.685052141176207829e-01,2.683545784648035948e-01,7.512581659904013498e-02,-2.679895685590276411e-02,-9.334582833676288716e-02,7.063034419738786762e-02,-1.948503745651909647e+00,1.606161006019965587e+00,-3.727147542463833396e-01,-1.325940406842214259e-01,3.755262832810600526e-03,2.656977598005937913e-01,1.449764868969994069e-01,-2.070685307024306088e+00,-1.550301829263888820e+00,4.983889904178754326e-01,-2.004464188815573977e-01,-1.309115263512907468e-01,4.139028766265943071e-01,-9.276355269587638341e-02
7.850000,1.625187834224853418e-03,-6.082236743313735872e-01,1.227646179391749803e-01,-4.919131668382697997e-01,-5.156522282356774678e-01,-4.710901956392391510e-01,5.198059670485793982e-01,3.066485380326610354e-04,3.946003826720906327e-01,1.158171982662267618e+00,5.063310658049798851e-01,1.639272540594356453e-01,-8.070753781549606237e-03,1.602227275015486244e-02,-5.856599773245905194e-01,-1.183192996495832761e+00,5.694221903462479695e-01,2.683545784648035948e-01,7.512581659904013498e-02,-2.803334793290089208e-02,-9.290497438069211800e-02,7.032174642813833476e-02,-1.949649965937693574e+00,1.606601859976036328e+00,-3.727147542463833396e-01,-1.332994070139346121e-01,3.755262832810600526e-03,2.656977598005937913e-01,1.449764868969994069e-01,-2.066805792210883119e+00,-1.551712561923315192e+00,5.001524062421583983e-01,-1.947153174526375374e-01,-1.309115263512907468e-01,4.151372677035924386e-01,-9.276355269587638341e-02
7.860000,1.275515462217735076e-03,-6.108462171214270597e-01,1.233817501020503943e-01,-4.919131668382697997e-01,-5.156522282356774678e-01,-4.710901956392391510e-01,5.198059670485793982e-01,-2.210992540418593721e-03,3.954395963649077195e-01,1.160759558215120446e+00,5.029742110337115379e-01,1.654658124962669619e-01,-8.070753781549606237e-03,1.693142091737336735e-02,-5.856599773245905194e-01,-1.183192996495832761e+00,5.703313385134664015e-01,2.683545784648035948e-01,7.512581659904013498e-02,-2.925720123492580454e-02,-9.246788391568322441e-02,7.001578310263210925e-02,-1.950786401146716642e+00,1.607038950441045166e+00,-3.727147542463833396e-01,-1.339987517579488696e-01,3.755262832810600526e-03,2.656977598005937913e-01,1.449764868969994069e-01,-2.062959396118805078e+00,-1.553111251411343652e+00,5.019007681021940837e-01,-1.890331414075218652e-01,-1.309115263512907468e-01,4.163611210056173406e-01,-9.276355269587638341e-02
7.870000,9.308323835792078199e-04,-6.134313402112160363e-01,1.240650836152578790e-01,-4.919131668382697997e-01,-5.156522282356774678e-01,-4.710901956392391510e-01,5.198059670485793982e-01,-4.692710706615994126e-03,3.962668357536401897e-01,1.163310212997045401e+00,4.996652534787816569e-01,1.669824180422764814e-01,-8.070753781549606237e-03,1.782759692183354117e-02,-5.856599773245905194e-01,-1.183192996495832761e+00,5.712275145179266378e-01,2.683545784648035948e-01,7.512581659904013498e-02,-3.046359201016065471e-02,-9.203703006738506165e-02,6.971418540882340364e-02,-1.951906621152291965e+00,1.607469804289343385e+00,-3.727147542463833396e-01,-1.346881179152259189e-01,3.755262832810600526e-03,2.656977598005937913e-01,1.449764868969994069e-01,-2.059167882253781112e+00,-1.554489983725897861e+00,5.036241834953866237e-01,-1.834320413796457772e-01,-1.309115263512907468e-01,4.175675117808521630e-01,-9.276355269587638341e-02
7.880000,5.930740567576461841e-04,-6.159645276623777477e-01,1.248088116064560021e-01,-4.919131668382697997e-01,-5.156522282356774678e-01,-4.710901956392391510e-01,5.198059670485793982e-01,-7.124570659731233394e-03,3.970774557380119529e-01,1.165809624615524953e+00,4.964227735412947151e-01,1.684685546802913436e-01,-8.070753781549606237e-03,1.870576857156960177e-02,-5.856599773245905194e-01,-1.183192996495832761e+00,5.721056861676626637e-01,2.683545784648035948e-01,7.512581659904013498e-02,-3.164574615403611957e-02,-9.161483215885811437e-02,6.941864687285453916e-02,-1.953004335714461970e+00,1.607892002197870429e+00,-3.727147542463833396e-01,-1.353636345688690457e-01,3.755262832810600526e-03,2.656977598005937913e-01,1.449764868969994069e-01,-2.055452540658744276e+00,-1.555841017033184004e+00,5.053129751294944683e-01,-1.779434685687953932e-01,-1.309115263512907468e-01,4.187496659247276209e-01,-9.276355269587638341e-02
7.890000,2.641156813023449318e-04,-6.184317154782924542e-01,1.256054323501939463e-01,-4.919131668382697997e-01,-5.156522282356774678e-01,-4.710901956392391510e-01,5.198059670485793982e-01,-9.493070963009404145e-03,3.978669558391046412e-01,1.168243916593894260e+00,4.932647731369237953e-01,1.699159715322946795e-01,-8.070753781549606237e-03,1.956106034775338329e-02,-5.856599773245905194e-01,-1.183192996495832761e+00,5.729609779438464834e-01,2.683545784648035948e-01,7.512581659904013498e-02,-3.279710046812966961e-02,-9.120363418953898738e-02,6.913080829433114471e-02,-1.954073450434691717e+00,1.608303200167189528e+00,-3.727147542463833396e-01,-1.360215513197796378e-01,3.755262832810600526e-03,2.656977598005937913e-01,1.449764868969994069e-01,-2.051833998528735492e+00,-1.557156850535005077e+00,5.069577670067709763e-01,-1.725978949676467700e-01,-1.309115263512907468e-01,4.199010202388211987e-01,-9.276355269587638341e-02
7.900000,-5.424501896468796741e-05,-6.208194207302951684e-01,1.264459830988852729e-01,-4.919131668382697997e-01,-5.156522282356774678e-01,-4.710901956392391510e-01,5.198059670485793982e-01,-1.178526800493204935e-02,3.986310215197455542e-01,1.170599785775870316e+00,4.902085104143602545e-01,1.713167586134696219e-01,-8.070753781549606237e-03,2.038879816844766865e-02,-5.856599773245905194e-01,-1.183192996495832761e+00,5.737887157645407132e-01,2.683545784648035948e-01,7.512581659904013498e-02,-3.391136291906429040e-02,-9.080568331420520167e-02,6.885224268159748084e-02,-1.955108122710559559e+00,1.608701151042523314e+00,-3.727147542463833396e-01,-1.366582727203137226e-01,3.755262832810600526e-03,2.656977598005937913e-01,1.449764868969994069e-01,-2.048332030825798178e+00,-1.558430293336073413e+00,5.085495705081061191e-01,-1.674245335883074726e-01,-1.309115263512907468e-01,4.210152826897558542e-01,-9.276355269587638341e-02
7.910000,-3.603050127771916314e-04,-6.231148706838889328e-01,1.273203419126301972e-01,-4.919131668382697997e-01,-5.156522282356774678e-01,-4.710901956392391510e-01,5.198059670485793982e-01,-1.398889996038206116e-02,3.993655655048955477e-01,1.172864629730082875e+00,4.872703344737602249e-01,1.726634225862446470e-01,-8.070753781549606237e-03,2.118455415236017783e-02,-5.856599773245905194e-01,-1.183192996495832761e+00,5.745844717484532849e-01,2.683545784648035948e-01,7.512581659904013498e-02,-3.498257289740805409e-02,-9.042310832193956038e-02,6.858444018701154166e-02,-1.956102817690450024e+00,1.609083726034788775e+00,-3.727147542463833396e-01,-1.372703927079387265e-01,3.755262832810600526e-03,2.656977598005937913e-01,1.449764868969994069e-01,-2.044965370893860879e+00,-1.559654533311323421e+00,5.100798704771686287e-01,-1.624510586888542885e-01,-1.309115263512907468e-01,4.220864926680996110e-01,-9.276355269587638341e-02
7.920000,-6.524731782528506163e-04,-6.253061319249564320e-01,1.284829185289844689e-01,-4.919131668382697997e-01,-5.156522282356774678e-01,-4.710901956392391510e-01,5.198059670485793982e-01,-1.609251075180681209e-02,4.000667691020371453e-01,1.175026674154602713e+00,4.844655200851939458e-01,1.739489625143375295e-01,-8.070753781549606237e-03,2.194419138259689345e-02,-5.856599773245905194e-01,-1.183192996495832761e+00,5.753441089786899276e-01,2.683545784648035948e-01,7.512581659904013498e-02,-3.600516147657285837e-02,-9.005789811509498644e-02,6.832879304222035100e-02,-1.957052364228246022e+00,1.609448936241633543e+00,-3.727147542463833396e-01,-1.378547290388900393e-01,3.755262832810600526e-03,2.656977598005937913e-01,1.449764868969994069e-01,-2.041751521073628339e+00,-1.560823205973226102e+00,5.115407113045469245e-01,-1.577033259998748549e-01,-1.309115263512907468e-01,4.231090812472643736e-01,-9.276355269587638341e-02
7.930000,-9.292875197216329125e-04,-6.273822394859722706e-01,1.299742764734210243e-01,-4.919131668382697997e-01,-5.156522282356774678e-01,-4.710901956392391510e-01,5.198059670485793982e-01,-1.808557401038204601e-02,4.007311235215622047e-01,1.177075100281471665e+00,4.818081024070935969e-01,1.751669456168001848e-01,-8.070753781549606237e-03,2.266390867041572638e-02,-5.856599773245905194e-01,-1.183192996495832761e+00,5.760638262665087606e-01,2.683545784648035948e-01,7.512581659904013498e-02,-3.697401167171359554e-02,-8.971188018825901334e-02,6.808658049343516150e-02,-1.957952010838019508e+00,1.609794954168469516e+00,-3.727147542463833396e-01,-1.384083577218276073e-01,3.755262832810600526e-03,2.656977598005937913e-01,1.449764868969994069e-01,-2.038706563317472131e+00,-1.561930463339101127e+00,5.129247830118908169e-01,-1.532050929510071491e-01,-1.309115263512907468e-01,4.240779314424051316e-01,-9.276355269587638341e-02
7.940000,-1.189432384554017785e-03,-6.293333259722151407e-01,1.313660052375354159e-01,-4.919131668382697997e-01,-5.156522282356774678e-01,-4.710901956392391510e-01,5.198059670485793982e-01,-1.995861703717520877e-02,4.013554711971599187e-01,1.179000172281231329e+00,4.793107117047027410e-01,1.763115830220626790e-01,-8.070753781549606237e-03,2.334028531897992462e-02,-5.856599773245905194e-01,-1.183192996495832761e+00,5.767402029150729970e-01,2.683545784648035948e-01,7.512581659904013498e-02,-3.788451869862693999e-02,-8.938669910721853962e-02,6.785895373670683406e-02,-1.958797481648724803e+00,1.610120135249510032e+00,-3.727147542463833396e-01,-1.389286474514923597e-01,3.755262832810600526e-03,2.656977598005937913e-01,1.449764868969994069e-01,-2.035844969804315951e+00,-1.562971042798430688e+00,5.142255073360527673e-01,-1.489777388974808936e-01,-1.309115263512907468e-01,4.249884384693184414e-01,-9.276355269587638341e-02
7.950000,-1.431755679989432650e-03,-6.311507506879807661e-01,1.326536916859085979e-01,-4.919131668382697997e-01,-5.156522282356774678e-01,-4.710901956392391510e-01,5.198059670485793982e-01,-2.170334476431020829e-02,4.019370471062049255e-01,1.180793364667453549e+00,4.769844080685227139e-01,1.773778055219784877e-01,-8.070753781549606237e-03,2.397032588711200604e-02,-5.856599773245905194e-01,-1.183192996495832761e+00,5.773702434832050923e-01,2.683545784648035948e-01,7.512581659904013498e-02,-3.873265023265089202e-02,-8.908379498792426410e-02,6.764692085320084258e-02,-1.959585032358889922e+00,1.610423039368804154e+00,-3.727147542463833396e-01,-1.394132940423631895e-01,3.755262832810600526e-03,2.656977598005937913e-01,1.449764868969994069e-01,-2.033179413554526249e+00,-1.563940335980172236e+00,5.154371238132298139e-01,-1.450399853466553535e-01,-1.309115263512907468e-01,4.258365700033424073e-01,-9.276355269587638341e-02
7.960000,-1.655286089964467036e-03,-6.328272287627935144e-01,1.338339631679499320e-01,-4.919131668382697997e-01,-5.156522282356774678e-01,-4.710901956392391510e-01,5.198059670485793982e-01,-2.331276371613044684e-02,4.024735200901450316e-01,1.182447489701268672e+00,4.748385161327624004e-01,1.783613393258686453e-01,-8.070753781549606237e-03,2.455150495304709440e-02,-5.856599773245905194e-01,-1.183192996495832761e+00,5.779514225491401147e-01,2.683545784648035948e-01,7.512581659904013498e-02,-3.951500666756350977e-02,-8.880438197545546808e-02,6.745133174447268121e-02,-1.960311506191308784e+00,1.610702452381272964e+00,-3.727147542463833396e-01,-1.398603548623132686e-01,3.755262832810600526e-03,2.656977598005937913e-01,1.449764868969994069e-01,-2.030720579044800633e+00,-1.564834457620072339e+00,5.165547758631050534e-01,-1.414076161845610469e-01,-1.309115263512907468e-01,4.266189264382550528e-01,-9.276355269587638341e-02
7.970000,-1.859250291941165478e-03,-6.343569602776187866e-01,1.349045146057381017e-01,-4.919131668382697997e-01,-5.156522282356774678e-01,-4.710901956392391510e-01,5.198059670485793982e-01,-2.478130597036267910e-02,4.029630341748891009e-01,1.183956824795896257e+00,4.728804597937860676e-01,1.792587818145661149e-01,-8.070753781549606237e-03,2.508181187818651209e-02,-5.856599773245905194e-01,-1.183192996495832761e+00,5.784817294742795601e-01,2.683545784648035948e-01,7.512581659904013498e-02,-4.022888137448196039e-02,-8.854942672298460327e-02,6.727286306774307723e-02,-1.960974389847732979e+00,1.610957407633743843e+00,-3.727147542463833396e-01,-1.402682832662666690e-01,3.755262832810600526e-03,2.656977598005937913e-01,1.449764868969994069e-01,-2.028476972823057167e+00,-1.565650314427979195e+00,5.175745968729885682e-01,-1.380931979024396794e-01,-1.309115263512907468e-01,4.273328011451734687e-01,-9.276355269587638341e-02
7.980000,-2.043090173735408882e-03,-6.357357593910756277e-01,1.358641366318022181e-01,-4.919131668382697997e-01,-5.156522282356774678e-01,-4.710901956392391510e-01,5.198059670485793982e-01,-2.610495311928123785e-02,4.034042498911952768e-01,1.185317239921173549e+00,4.711155969285613643e-01,1.800676772944607984e-01,-8.070753781549606237e-03,2.555979557085154633e-02,-5.856599773245905194e-01,-1.183192996495832761e+00,5.789597131669446117e-01,2.683545784648035948e-01,7.512581659904013498e-02,-4.087232096076181403e-02,-8.831962687074179641e-02,6.711200317117310687e-02,-1.961571869463564433e+00,1.611187207485986761e+00,-3.727147542463833396e-01,-1.406359630298551489e-01,3.755262832810600526e-03,2.656977598005937913e-01,1.449764868969994069e-01,-2.026454734123320556e+00,-1.566385673955156266e+00,5.184937962819597956e-01,-1.351057998232832458e-01,-1.309115263512907468e-01,4.279762407314533501e-01,-9.276355269587638341e-02
7.990000,-2.206480050345099864e-03,-6.369611834656483396e-01,1.367127474265400489e-01,-4.919131668382697997e-01,-5.156522282356774678e-01,-4.710901956392391510e-01,5.198059670485793982e-01,-2.728136023087101431e-02,4.037963855950585379e-01,1.186526325008085303e+00,4.695470541131083198e-01,1.807865927515434346e-01,-8.070753781549606237e-03,2.598460925003674010e-02,-5.856599773245905194e-01,-1.183192996495832761e+00,5.793845268461298437e-01,2.683545784648035948e-01,7.512581659904013498e-02,-4.144418552889573421e-02,-8.811538952497968702e-02,6.696903702913963030e-02,-1.962102886562545834e+00,1.611391444831748787e+00,-3.727147542463833396e-01,-1.409627427830745239e-01,3.755262832810600526e-03,2.656977598005937913e-01,1.449764868969994069e-01,-2.024657445480613660e+00,-1.567039233461595016e+00,5.193107456650082332e-01,-1.324507143283757959e-01,-1.309115263512907468e-01,4.285481052995872564e-01,-9.276355269587638341e-02
8.000000,-2.349343880778585747e-03,-6.380326621938994247e-01,1.374514307928834944e-01,-4.919131668382697997e-01,-5.156522282356774678e-01,-4.710901956392391510e-01,5.198059670485793982e-01,-2.830997980999210711e-02,4.041392587880989207e-01,1.187583517353293150e+00,4.681755613409468442e-01,1.814151936054507752e-01,-8.070753781549606237e-03,2.635605520916380756e-02,-5.856599773245905194e-01,-1.183192996495832761e+00,5.797559728052569250e-01,2.683545784648035948e-01,7.512581659904013498e-02,-4.194420893541293133e-02,-8.793680973693782099e-02,6.684403117751032408e-02,-1.962567194011454630e+00,1.611570024619790598e+00,-3.727147542463833396e-01,-1.412484704439415095e-01,3.755262832810600526e-03,2.656977598005937913e-01,1.449764868969994069e-01,-2.023085943345845461e+00,-1.567610688783328987e+00,5.200250648171755863e-01,-1.301291770838316486e-01,-1.309115263512907468e-01,4.290481287061044258e-01,-9.276355269587638341e-02
8.010000,-2.471872484882882068e-03,-6.389516267246816428e-01,1.380824827578570890e-01,-4.919131668382697997e-01,-5.156522282356774678e-01,-4.710901956392391510e-01,5.198059670485793982e-01,-2.919218575954303507e-02,4.044333274379491860e-01,1.188490229023664968e+00,4.669992867415456161e-01,1.819543194635096783e-01,-8.070753781549606237e-03,2.667462957983497002e-02,-5.856599773245905194e-01,-1.183192996495832761e+00,5.800745471759279903e-01,2.683545784648035948e-01,7.512581659904013498e-02,-4.237305904977796411e-02,-8.778364898180746057e-02,6.673681864891907456e-02,-1.962965411974793684e+00,1.611723185374920986e+00,-3.727147542463833396e-01,-1.414935276521500918e-01,3.755262832810600526e-03,2.656977598005937913e-01,1.449764868969994069e-01,-2.021738128700698134e+00,-1.568100803199746096e+00,5.206377078376971390e-01,-1.281380872671368243e-01,-1.309115263512907468e-01,4.294769788204694794e-01,-9.276355269587638341e-02
8.020000,-2.574540760172019244e-03,-6.397216387893501777e-01,1.386094686050876601e-01,-4.919131668382697997e-01,-5.156522282356774678e-01,-4.710901956392391510e-01,5.198059670485793982e-01,-2.993139734162483107e-02,4.046797312986431527e-01,1.189249974260804477e+00,4.660136712987699159e-01,1.824060598747818673e-01,-8.070753781549606237e-03,2.694156709558673257e-02,-5.856599773245905194e-01,-1.183192996495832761e+00,5.803414846916797876e-01,2.683545784648035948e-01,7.512581659904013498e-02,-4.273239801328995030e-02,-8.765531363769603346e-02,6.664698390804107975e-02,-1.963299083869483264e+00,1.611851520719032482e+00,-3.727147542463833396e-01,-1.416988642027283696e-01,3.755262832810600526e-03,2.656977598005937913e-01,1.449764868969994069e-01,-2.020608777672517675e+00,-1.568511476300902707e+00,5.211510492141427919e-01,-1.264697277936883135e-01,-1.309115263512907468e-01,4.298363177839814586e-01,-9.276355269587638341e-02
8.030000,-2.658124898655309445e-03,-6.403485198279748047e-01,1.390372917217362614e-01,-4.919131668382697997e-01,-5.156522282356774678e-01,-4.710901956392391510e-01,5.198059670485793982e-01,-3.053320313870451497e-02,4.048803332310030312e-01,1.189868496885580829e+00,4.652112635693303466e-01,1.827738300841083574e-01,-8.070753781549606237e-03,2.715888585564328606e-02,-5.856599773245905194e-01,-1.183192996495832761e+00,5.805588034517363827e-01,2.683545784648035948e-01,7.512581659904013498e-02,-4.302494249798146514e-02,-8.755083346459191507e-02,6.657384778686820104e-02,-1.963570732319554146e+00,1.611956000892136531e+00,-3.727147542463833396e-01,-1.418660324796949534e-01,3.755262832810600526e-03,2.656977598005937913e-01,1.449764868969994069e-01,-2.019689352149201422e+00,-1.568845812854835930e+00,5.215689699065592100e-01,-1.251114855433348994e-01,-1.309115263512907468e-01,4.301288622686729735e-01,-9.276355269587638341e-02
8.040000,-2.723719603665686328e-03,-6.408404801155527242e-01,1.393722749944552031e-01,-4.919131668382697997e-01,-5.156522282356774678e-01,-4.710901956392391510e-01,5.198059670485793982e-01,-3.100548501477922575e-02,4.050377605230279232e-01,1.190353897702657759e+00,4.645815544012307230e-01,1.830624467861540206e-01,-8.070753781549606237e-03,2.732943208867025936e-02,-5.856599773245905194e-01,-1.183192996495832761e+00,5.807293496847633074e-01,2.683545784648035948e-01,7.512581659904013498e-02,-4.325452396551777989e-02,-8.746884008332894700e-02,6.651645241998412061e-02,-1.963783915110837608e+00,1.612037994273399555e+00,-3.727147542463833396e-01,-1.419972218897156968e-01,3.755262832810600526e-03,2.656977598005937913e-01,1.449764868969994069e-01,-2.018967810394087348e+00,-1.569108191674877251e+00,5.218969434316110823e-01,-1.240455715869162590e-01,-1.309115263512907468e-01,4.303584437362092951e-01,-9.276355269587638341e-02
8.050000,-2.772755306687977109e-03,-6.412082478882198400e-01,1.396222547221729615e-01,-4.919131668382697997e-01,-5.156522282356774678e-01,-4.710901956392391510e-01,5.198059670485793982e-01,-3.135854207653972214e-02,4.051554462102814336e-01,1.190716761905022736e+00,4.641108116522167371e-01,1.832782038794520951e-01,-8.070753781549606237e-03,2.745692491652822198e-02,-5.856599773245905194e-01,-1.183192996495832761e+00,5.808568425126212631e-01,2.683545784648035948e-01,7.512581659904013498e-02,-4.342614892609580196e-02,-8.740754545455108049e-02,6.647354617983960989e-02,-1.963943281145660080e+00,1.612099288902177463e+00,-3.727147542463833396e-01,-1.420952932957602888e-01,3.755262832810600526e-03,2.656977598005937913e-01,1.449764868969994069e-01,-2.018428417660842022e+00,-1.569304334486966379e+00,5.221421219467226038e-01,-1.232487414128040082e-01,-1.309115263512907468e-01,4.305300686967873380e-01,-9.276355269587638341e-02
8.060000,-2.807015384187179843e-03,-6.414651984694639264e-01,1.397966861417185291e-01,-4.919131668382697997e-01,-5.156522282356774678e-01,-4.710901956392391510e-01,5.198059670485793982e-01,-3.160521463453397351e-02,4.052376703962795035e-01,1.190970286478516771e+00,4.637819149082243464e-01,1.834289482204485844e-01,-8.070753781549606237e-03,2.754600111802614493e-02,-5.856599773245905194e-01,-1.183192996495832761e+00,5.809459187141192693e-01,2.683545784648035948e-01,7.512581659904013498e-02,-4.354605919734300806e-02,-8.736472035767708921e-02,6.644356861202781184e-02,-1.964054626397532477e+00,1.612142113999051496e+00,-3.727147542463833396e-01,-1.421638134507586804e-01,3.755262832810600526e-03,2.656977598005937913e-01,1.449764868969994069e-01,-2.018051556808350799e+00,-1.569441374796963329e+00,5.223134223342186244e-01,-1.226920151534419690e-01,-1.309115263512907468e-01,4.306499789680345303e-01,-9.276355269587638341e-02
8.070000,-2.828653374436870815e-03,-6.416274833963365731e-01,1.399067586996462775e-01,-4.919131668382697997e-01,-5.156522282356774678e-01,-4.710901956392391510e-01,5.198059670485793982e-01,-3.176100816433174989e-02,4.052896015728787993e-01,1.191130407606364461e+00,4.635741902018273297e-01,1.835241553775472378e-01,-8.070753781549606237e-03,2.760225989267534388e-02,-5.856599773245905194e-01,-1.183192996495832761e+00,5.810021774887683677e-01,2.683545784648035948e-01,7.512581659904013498e-02,-4.362179216321692560e-02,-8.733767286986496292e-02,6.642463537055932898e-02,-1.964124949865844183e+00,1.612169161486863400e+00,-3.727147542463833396e-01,-1.422070894312580658e-01,3.755262832810600526e-03,2.656977598005937913e-01,1.449764868969994069e-01,-2.017813538915604443e+00,-1.569527926757962044e+00,5.224216122854670186e-01,-1.223403978118844937e-01,-1.309115263512907468e-01,4.307257119339084617e-01,-9.276355269587638341e-02
8.080000,-2.840210194347408956e-03,-6.417141595456655745e-01,1.399655181632011580e-01,-4.919131668382697997e-01,-5.156522282356774678e-01,-4.710901956392391510e-01,5.198059670485793982e-01,-3.184421726768762312e-02,4.053173379406640464e-01,1.191215928073702468e+00,4.634632447306861747e-01,1.835750053851535890e-01,-8.070753781549606237e-03,2.763230762444274236e-02,-5.856599773245905194e-01,-1.183192996495832761e+00,5.810322252205357696e-01,2.683545784648035948e-01,7.512581659904013498e-02,-4.366224103290380909e-02,-8.732322684497680065e-02,6.641452315313761678e-02,-1.964162509530553269e+00,1.612183607511751715e+00,-3.727147542463833396e-01,-1.422302030710791421e-01,3.755262832810600526e-03,2.656977598005937913e-01,1.449764868969994069e-01,-2.017686413896588427e+00,-1.569574154037604252e+00,5.224793963850197231e-01,-1.221525994883382871e-01,-1.309115263512907468e-01,4.307661608035953105e-01,-9.276355269587638341e-02
8.090000,-2.844631356294266902e-03,-6.417473182602669857e-01,1.399879915543411069e-01,-4.919131668382697997e-01,-5.156522282356774678e-01,-4.710901956392391510e-01,5.198059670485793982e-01,-3.187604963370500866e-02,4.053279487293365291e-01,1.191248644672109114e+00,4.634208015759962995e-01,1.835944584977197702e-01,-8.070753781549606237e-03,2.764380264550457544e-02,-5.856599773245905194e-01,-1.183192996495832761e+00,5.810437202415976721e-01,2.683545784648035948e-01,7.512581659904013498e-02,-4.367771509971781624e-02,-8.731770039254321825e-02,6.641065463643411326e-02,-1.964176878306880702e+00,1.612189133964185173e+00,-3.727147542463833396e-01,-1.422390453949728684e-01,3.755262832810600526e-03,2.656977598005937913e-01,1.449764868969994069e-01,-2.017637781115173112e+00,-1.569591838685391760e+00,5.225015021947539973e-01,-1.220807556067017852e-01,-1.309115263512907468e-01,4.307816348704093246e-01,-9.276355269587638341e-02
8.100000,-2.845284184946344705e-03,-6.417522144751576230e-01,1.399913097142173879e-01,-4.919131668382697997e-01,-5.156522282356774678e-01,-4.710901956392391510e-01,5.198059670485793982e-01,-3.188074999999997161e-02,4.053295155181015352e-01,1.191253475604134637e+00,4.634145344209363859e-01,1.835973309437889112e-01,-8.070753781549606237e-03,2.764549999999997565e-02,-5.856599773245905194e-01,-1.183192996495832761e+00,5.810454175960930723e-01,2.683545784648035948e-01,7.512581659904013498e-02,-4.368000000000008681e-02,-8.731688435672813053e-02,6.641008341136353521e-02,-1.964178999999999897e+00,1.612189950000000316e+00,-3.727147542463833396e-01,-1.422403510522770309e-01,3.755262832810600526e-03,2.656977598005937913e-01,1.449764868969994069e-01,-2.017630600000000385e+00,-1.569594449999999863e+00,5.225047663380144591e-01,-1.220701471411055339e-01,-1.309115263512907468e-01,4.307839197706916368e-01,-9.276355269587638341e-02
8.110000,-2.845284184946346440e-03,-6.417522144751576230e-01,1.399899223681409788e-01,-4.919131668382697997e-01,-5.156522282356774678e-01,-4.710901956392391510e-01,5.198059670485793982e-01,-3.187912472222220045e-02,4.053291543452620105e-01,1.191252121205986336e+00,4.634161596987141363e-01,1.835964280116901548e-01,-8.070753781549606237e-03,2.764504853395059747e-02,-5.856599773245905194e-01,-1.183192996495832761e+00,5.810446952504140228e-01,2.683545784648035948e-01,7.512581659904013498e-02,-4.367920993441367500e-02,-8.731722295626516417e-02,6.641025271113205897e-02,-1.964178435667438105e+00,1.612189950000000316e+00,-3.727147542463833396e-01,-1.422414797174004764e-01,3.755262832810600526e-03,2.656977598005937913e-01,1.449764868969994069e-01,-2.017633083063271826e+00,-1.569593772800925935e+00,5.225036376728909859e-01,-1.220763547992845255e-01,-1.309115263512907468e-01,4.307832425716175417e-01,-9.276355269587638341e-02
8.120000,-2.845284184946346440e-03,-6.417522144751576230e-01,1.399804894891273910e-01,-4.919131668382697997e-01,-5.156522282356774678e-01,-4.710901956392391510e-01,5.198059670485793982e-01,-3.186807444444442888e-02,4.053266987279780520e-01,1.191242912641171658e+00,4.634272099764918940e-01,1.835902889684802863e-01,-8.070753781549606237e-03,2.764197901234566324e-02,-5.856599773245905194e-01,-1.183192996495832761e+00,5.810397840158461058e-01,2.683545784648035948e-01,7.512581659904013498e-02,-4.367383827160503662e-02,-8.731952509746886137e-02,6.641140378173390757e-02,-1.964174598765431989e+00,1.612189950000000316e+00,-3.727147542463833396e-01,-1.422491535214128189e-01,3.755262832810600526e-03,2.656977598005937913e-01,1.449764868969994069e-01,-2.017649965432098735e+00,-1.569589168518518374e+00,5.224959638688786434e-01,-1.221185607213524649e-01,-1.309115263512907468e-01,4.307786382892101473e-01,-9.276355269587638341e-02
8.130000,-2.845284184946346440e-03,-6.417522144751576230e-01,1.399557171774595266e-01,-4.919131668382697997e-01,-5.156522282356774678e-01,-4.710901956392391510e-01,5.198059670485793982e-01,-3.183905749999998286e-02,4.053202505181014992e-01,1.191218731854134516e+00,4.634562269209363539e-01,1.835741684437889321e-01,-8.070753781549606237e-03,2.763391874999997916e-02,-5.856599773245905194e-01,-1.183192996495832761e+00,5.810268875960930002e-01,2.683545784648035948e-01,7.512581659904013498e-02,-4.365973281250009469e-02,-8.732557029422811923e-02,6.641442638011353650e-02,-1.964164523437499810e+00,1.612189950000000316e+00,-3.727147542463833396e-01,-1.422693041772770117e-01,3.755262832810600526e-03,2.656977598005937913e-01,1.449764868969994069e-01,-2.017694296875000237e+00,-1.569577078125000025e+00,5.224758132130143951e-01,-1.222293893286055255e-01,-1.309115263512907468e-01,4.307665478956916316e-01,-9.276355269587638341e-02
8.140000,-2.845284184946346440e-03,-6.417522144751576230e-01,1.399091012052654792e-01,-4.919131668382697997e-01,-5.156522282356774678e-01,-4.710901956392391510e-01,5.198059670485793982e-01,-3.178446555555554387e-02,4.053081189748916624e-01,1.191173238567097670e+00,4.635108188653808137e-01,1.835438395857642291e-01,-8.070753781549606237e-03,2.761875432098763808e-02,-5.856599773245905194e-01,-1.183192996495832761e+00,5.810026245096733266e-01,2.683545784648035948e-01,7.512581659904013498e-02,-4.363319506172848999e-02,-8.733694361598738631e-02,6.642011304099317004e-02,-1.964145567901234513e+00,1.612189950000000316e+00,-3.727147542463833396e-01,-1.423072152498078835e-01,3.755262832810600526e-03,2.656977598005937913e-01,1.449764868969994069e-01,-2.017777701234567900e+00,-1.569554331481481491e+00,5.224379021404835788e-01,-1.224379002275252648e-01,-1.309115263512907468e-01,4.307438012521730974e-01,-9.276355269587638341e-02
8.150000,-2.845284184946346440e-03,-6.417522144751576230e-01,1.398348921731836780e-01,-4.919131668382697997e-01,-5.156522282356774678e-01,-4.710901956392391510e-01,5.198059670485793982e-01,-3.169759027777777072e-02,4.052888133576076912e-01,1.191100842502282653e+00,4.635976941431586007e-01,1.834955755425543567e-01,-8.070753781549606237e-03,2.759462229938270186e-02,-5.856599773245905194e-01,-1.183192996495832761e+00,5.809640132751053843e-01,2.683545784648035948e-01,7.512581659904013498e-02,-4.359096402391984815e-02,-8.735504263219108501e-02,6.642916254909501939e-02,-1.964115402874228256e+00,1.612189950000000316e+00,-3.727147542463833396e-01,-1.423675453038202310e-01,3.755262832810600526e-03,2.656977598005937913e-01,1.449764868969994069e-01,-2.017910427353394986e+00,-1.569518133449073982e+00,5.223775720864711758e-01,-1.227697155245931482e-01,-1.309115263512907468e-01,4.307076032197657001e-01,-9.276355269587638341e-02
8.160000,-2.845284184946346440e-03,-6.417522144751576230e-01,1.397280599149651470e-01,-4.919131668382697997e-01,-5.156522282356774678e-01,-4.710901956392391510e-01,5.198059670485793982e-01,-3.157259000000000454e-02,4.052610355181015533e-01,1.190996675604134580e+00,4.637226944209363322e-01,1.834261309437889287e-01,-8.070753781549606237e-03,2.755989999999998788e-02,-5.856599773245905194e-01,-1.183192996495832761e+00,5.809084575960931085e-01,2.683545784648035948e-01,7.512581659904013498e-02,-4.353020000000010215e-02,-8.738108435672811702e-02,6.644218341136354233e-02,-1.964071999999999818e+00,1.612189950000000316e+00,-3.727147542463833396e-01,-1.424543510522770229e-01,3.755262832810600526e-03,2.656977598005937913e-01,1.449764868969994069e-01,-2.018101399999999934e+00,-1.569466049999999946e+00,5.222907663380144117e-01,-1.232471471411054620e-01,-1.309115263512907468e-01,4.306555197706916083e-01,-9.276355269587638341e-02
8.170000,-2.845284184946346440e-03,-6.417522144751576230e-01,1.395842579870328060e-01,-4.919131668382697997e-01,-5.156522282356774678e-01,-4.710901956392391510e-01,5.198059670485793982e-01,-3.140445638888889751e-02,4.052236724934101808e-01,1.190856564261542072e+00,4.638908280320474531e-01,1.833327233820605251e-01,-8.070753781549606237e-03,2.751319621913578956e-02,-5.856599773245905194e-01,-1.183192996495832761e+00,5.808337315467103634e-01,2.683545784648035948e-01,7.512581659904013498e-02,-4.344846838348775941e-02,-8.741611219237627184e-02,6.645969732918760586e-02,-1.964013620273919791e+00,1.612189950000000316e+00,-3.727147542463833396e-01,-1.425711105044374927e-01,3.755262832810600526e-03,2.656977598005937913e-01,1.449764868969994069e-01,-2.018358270794752940e+00,-1.569395994328703692e+00,5.221740068858540251e-01,-1.238893241279881430e-01,-1.309115263512907468e-01,4.305854640993953542e-01,-9.276355269587638341e-02
8.180000,-2.845284184946346440e-03,-6.417522144751576230e-01,1.393997889201278317e-01,-4.919131668382697997e-01,-5.156522282356774678e-01,-4.710901956392391510e-01,5.198059670485793982e-01,-3.118898111111113175e-02,4.051757890983484489e-01,1.190677001530060508e+00,4.641063033098252189e-01,1.832130148944062231e-01,-8.070753781549606237e-03,2.745334197530863510e-02,-5.856599773245905194e-01,-1.183192996495832761e+00,5.807379647565868996e-01,2.683545784648035948e-01,7.512581659904013498e-02,-4.334372345679023131e-02,-8.746100287524663508e-02,6.648214267062280136e-02,-1.963938802469135769e+00,1.612189950000000316e+00,-3.727147542463833396e-01,-1.427207461140053979e-01,3.755262832810600526e-03,2.656977598005937913e-01,1.449764868969994069e-01,-2.018687469135802548e+00,-1.569306212962962910e+00,5.220243712762860921e-01,-1.247123199806115523e-01,-1.309115263512907468e-01,4.304956827336545722e-01,-9.276355269587638341e-02
8.190000,-2.845284184946346440e-03,-6.417522144751576230e-01,1.391715707599856799e-01,-4.919131668382697997e-01,-5.156522282356774678e-01,-4.710901956392391510e-01,5.198059670485793982e-01,-3.092272250000003414e-02,4.051166205181015445e-01,1.190455119354134617e+00,4.643725619209362887e-01,1.830650934437889621e-01,-8.070753781549606237e-03,2.737938124999999417e-02,-5.856599773245905194e-01,-1.183192996495832761e+00,5.806196275960930908e-01,2.683545784648035948e-01,7.512581659904013498e-02,-4.321429218750012097e-02,-8.751647341922810797e-02,6.650987794261353780e-02,-1.963846351562499759e+00,1.612189950000000316e+00,-3.727147542463833396e-01,-1.429056479272769742e-01,3.755262832810600526e-03,2.656977598005937913e-01,1.449764868969994069e-01,-2.019094253125000016e+00,-1.569195271874999964e+00,5.218394694630144048e-01,-1.257292799536053329e-01,-1.309115263512907468e-01,4.303847416456916264e-01,-9.276355269587638341e-02
8.200000,-2.845284184946346440e-03,-6.417522144751576230e-01,1.388971052829773289e-01,-4.919131668382697997e-01,-5.156522282356774678e-01,-4.710901956392391510e-01,5.198059670485793982e-01,-3.060297222222227442e-02,4.050455649008176118e-01,1.190188660789319730e+00,4.646923121987140970e-01,1.828874544005790748e-01,-8.070753781549606237e-03,2.729056172839506439e-02,-5.856599773245905194e-01,-1.183192996495832761e+00,5.804775163615252254e-01,2.683545784648035948e-01,7.512581659904013498e-02,-4.305885802469149037e-02,-8.758308806043181571e-02,6.654318526321538474e-02,-1.963735327160493815e+00,1.612189950000000316e+00,-3.727147542463833396e-01,-1.431276967312893333e-01,3.755262832810600526e-03,2.656977598005937913e-01,1.449764868969994069e-01,-2.019582760493827234e+00,-1.569062042592592521e+00,5.216174206590020734e-01,-1.269505483756731556e-01,-1.309115263512907468e-01,4.302515123632842386e-01,-9.276355269587638341e-02
8.210000,-2.845284184946346440e-03,-6.417522144751576230e-01,1.385744481410469409e-01,-4.919131668382697997e-01,-5.156522282356774678e-01,-4.710901956392391510e-01,5.198059670485793982e-01,-3.022772194444444532e-02,4.049621759502002871e-01,1.189875952224505040e+00,4.650675624764918914e-01,1.826789820240358464e-01,-8.070753781549606237e-03,2.718632554012344327e-02,-5.856599773245905194e-01,-1.183192996495832761e+00,5.803107384602905761e-01,2.683545784648035948e-01,7.512581659904013498e-02,-4.287644469521614821e-02,-8.766126520163552982e-02,6.658227383381723485e-02,-1.963605031925154343e+00,1.612189950000000316e+00,-3.727147542463833396e-01,-1.433882872019683619e-01,3.755262832810600526e-03,2.656977598005937913e-01,1.449764868969994069e-01,-2.020156059529321091e+00,-1.568905688310185287e+00,5.213568301883231282e-01,-1.283837959644079096e-01,-1.309115263512907468e-01,4.300951580808768382e-01,-9.276355269587638341e-02
8.220000,-2.845284184946346440e-03,-6.417522144751576230e-01,1.382021810688137120e-01,-4.919131668382697997e-01,-5.156522282356774678e-01,-4.710901956392391510e-01,5.198059670485793982e-01,-2.979563000000001044e-02,4.048661555181015115e-01,1.189515875604134632e+00,4.654996544209363263e-01,1.824389309437889350e-01,-8.070753781549606237e-03,2.706629999999999106e-02,-5.856599773245905194e-01,-1.183192996495832761e+00,5.801186975960930248e-01,2.683545784648035948e-01,7.512581659904013498e-02,-4.266640000000011118e-02,-8.775128435672811811e-02,6.662728341136353594e-02,-1.963454999999999950e+00,1.612189950000000316e+00,-3.727147542463833396e-01,-1.436883510522770080e-01,3.755262832810600526e-03,2.656977598005937913e-01,1.449764868969994069e-01,-2.020816200000000062e+00,-1.568725649999999971e+00,5.210567663380144543e-01,-1.300341471411053940e-01,-1.309115263512907468e-01,4.299151197706916339e-01,-9.276355269587638341e-02
8.230000,-2.845284184946346440e-03,-6.417522144751576230e-01,1.377793861753827120e-01,-4.919131668382697997e-01,-5.156522282356774678e-01,-4.710901956392391510e-01,5.198059670485793982e-01,-2.930598805555558600e-02,4.047573461971138986e-01,1.189107840650430958e+00,4.659892963653807785e-01,1.821669076413198196e-01,-8.070753781549606237e-03,2.693028834876542987e-02,-5.856599773245905194e-01,-1.183192996495832761e+00,5.799010789541177990e-01,2.683545784648035948e-01,7.512581659904013498e-02,-4.242837961033962130e-02,-8.785329309515403640e-02,6.667828778057649508e-02,-1.963284985435956642e+00,1.612189950000000316e+00,-3.727147542463833396e-01,-1.440283801803634023e-01,3.755262832810600526e-03,2.656977598005937913e-01,1.449764868969994069e-01,-2.021564264081790352e+00,-1.568521632523148135e+00,5.207167372099280600e-01,-1.319043073455806736e-01,-1.309115263512907468e-01,4.297111022938397973e-01,-9.276355269587638341e-02
8.240000,-2.845284184946346440e-03,-6.417522144751576230e-01,1.373056222452614661e-01,-4.919131668382697997e-01,-5.156522282356774678e-01,-4.710901956392391510e-01,5.198059670485793982e-01,-2.875868777777782631e-02,4.046357239131632699e-01,1.188651757085616101e+00,4.665365966431584965e-01,1.818628519314432757e-01,-8.070753781549606237e-03,2.677826049382716136e-02,-5.856599773245905194e-01,-1.183192996495832761e+00,5.796578343862165417e-01,2.683545784648035948e-01,7.512581659904013498e-02,-4.216233086419765574e-02,-8.796731398635773691e-02,6.673529822617835228e-02,-1.963094950617283896e+00,1.612189950000000316e+00,-3.727147542463833396e-01,-1.444084498177090892e-01,3.755262832810600526e-03,2.656977598005937913e-01,1.449764868969994069e-01,-2.022400417283950702e+00,-1.568293590740740706e+00,5.203366675725823454e-01,-1.339946903509818266e-01,-1.309115263512907468e-01,4.294830605114323685e-01,-9.276355269587638341e-02
8.250000,-2.845284184946346440e-03,-6.417522144751576230e-01,1.367809028877739752e-01,-4.919131668382697997e-01,-5.156522282356774678e-01,-4.710901956392391510e-01,5.198059670485793982e-01,-2.815418750000006631e-02,4.045013905181015224e-01,1.188148006854134575e+00,4.671410969209363051e-01,1.815270184437889622e-01,-8.070753781549606237e-03,2.661034375000000465e-02,-5.856599773245905194e-01,-1.183192996495832761e+00,5.793891675960930465e-01,2.683545784648035948e-01,7.512581659904013498e-02,-4.186847656250013150e-02,-8.809325154422810444e-02,6.679826700511352910e-02,-1.962885054687499853e+00,1.612189950000000316e+00,-3.727147542463833396e-01,-1.448282416772769809e-01,3.755262832810600526e-03,2.656977598005937913e-01,1.449764868969994069e-01,-2.023323959374999870e+00,-1.568041715624999943e+00,5.199168757130144813e-01,-1.363035455786052175e-01,-1.309115263512907468e-01,4.292311853956916612e-01,-9.276355269587638341e-02
8.260000,-2.845284184946346440e-03,-6.417522144751576230e-01,1.362056763033155926e-01,-4.919131668382697997e-01,-5.156522282356774678e-01,-4.710901956392391510e-01,5.198059670485793982e-01,-2.749347888888897112e-02,4.043545663822990521e-01,1.187597416344875478e+00,4.678018055320473656e-01,1.811599581042828144e-01,-8.070753781549606237e-03,2.642681358024692728e-02,-5.856599773245905194e-01,-1.183192996495832761e+00,5.790955193244881061e-01,2.683545784648035948e-01,7.512581659904013498e-02,-4.154729876543224176e-02,-8.823089917154292028e-02,6.686709081877093008e-02,-1.962655641975308507e+00,1.612189950000000316e+00,-3.727147542463833396e-01,-1.452870671016596726e-01,3.755262832810600526e-03,2.656977598005937913e-01,1.449764868969994069e-01,-2.024333375308641880e+00,-1.567766420370370284e+00,5.194580502886317896e-01,-1.388270854127100773e-01,-1.309115263512907468e-01,4.289558901410620573e-01,-9.276355269587638341e-02
8.270000,-2.845284184946346440e-03,-6.417522144751576230e-01,1.355808063781892003e-01,-4.919131668382697997e-01,-5.156522282356774678e-01,-4.710901956392391510e-01,5.198059670485793982e-01,-2.677805361111122023e-02,4.041955829872373451e-01,1.187001228613393966e+00,4.685172308098251026e-01,1.807624996166284914e-01,-8.070753781549606237e-03,2.622808433641977272e-02,-5.856599773245905194e-01,-1.183192996495832761e+00,5.787775525343646921e-01,2.683545784648035948e-01,7.512581659904013498e-02,-4.119952258873472301e-02,-8.837994610441328447e-02,6.694161428520611912e-02,-1.962407230420524673e+00,1.612189950000000316e+00,-3.727147542463833396e-01,-1.457838902112275625e-01,3.755262832810600526e-03,2.656977598005937913e-01,1.449764868969994069e-01,-2.025426386149691282e+00,-1.567468326504629639e+00,5.189612271790638998e-01,-1.415596125153334439e-01,-1.309115263512907468e-01,4.286577962753213011e-01,-9.276355269587638341e-02
8.280000,-2.845284184946346440e-03,-6.417522144751576230e-01,1.349075547778737505e-01,-4.919131668382697997e-01,-5.156522282356774678e-01,-4.710901956392391510e-01,5.198059670485793982e-01,-2.600987000000013621e-02,4.040248755181015672e-01,1.186361075604134729e+00,4.692854144209361866e-01,1.803357309437889910e-01,-8.070753781549606237e-03,2.601470000000002253e-02,-5.856599773245905194e-01,-1.183192996495832761e+00,5.784361375960931362e-01,2.683545784648035948e-01,7.512581659904013498e-02,-4.082610000000017059e-02,-8.853998435672809364e-02,6.702163341136352370e-02,-1.962140499999999843e+00,1.612189950000000316e+00,-3.727147542463833396e-01,-1.463173510522769172e-01,3.755262832810600526e-03,2.656977598005937913e-01,1.449764868969994069e-01,-2.026599999999999735e+00,-1.567148250000000020e+00,5.184277663380145729e-01,-1.444936471411049639e-01,-1.309115263512907468e-01,4.283377197706916828e-01,-9.276355269587638341e-02
8.290000,-2.845284184946346440e-03,-6.417522144751576230e-01,1.341875636812689399e-01,-4.919131668382697997e-01,-5.156522282356774678e-01,-4.710901956392391510e-01,5.198059670485793982e-01,-2.519131972222223362e-02,4.038429754563731544e-01,1.185678950372653251e+00,4.701039646987141274e-01,1.798809807894679591e-01,-8.070753781549606237e-03,2.578732492283949962e-02,-5.856599773245905194e-01,-1.183192996495832761e+00,5.780723374726363106e-01,2.683545784648035948e-01,7.512581659904013498e-02,-4.042819361496924335e-02,-8.871051566459849103e-02,6.710689906529872240e-02,-1.961856281153549375e+00,1.612189950000000316e+00,-3.727147542463833396e-01,-1.468857887451782418e-01,3.755262832810600526e-03,2.656977598005937913e-01,1.449764868969994069e-01,-2.027850562924382594e+00,-1.566807187384259281e+00,5.178593286451131927e-01,-1.476200544520622215e-01,-1.309115263512907468e-01,4.279966571549508880e-01,-9.276355269587638341e-02
8.300000,-2.845284184946346440e-03,-6.417522144751576230e-01,1.334228387853376996e-01,-4.919131668382697997e-01,-5.156522282356774678e-01,-4.710901956392391510e-01,5.198059670485793982e-01,-2.432519444444447565e-02,4.036505031724225145e-01,1.184957179307838393e+00,4.709700899764918680e-01,1.793998000795914149e-01,-8.070753781549606237e-03,2.554673456790123101e-02,-5.856599773245905194e-01,-1.183192996495832761e+00,5.776873929047350309e-01,2.683545784648035948e-01,7.512581659904013498e-02,-4.000716049382727763e-02,-8.889095843080219161e-02,6.719712044840056575e-02,-1.961555543209876351e+00,1.612189950000000316e+00,-3.727147542463833396e-01,-1.474872646325239012e-01,3.755262832810600526e-03,2.656977598005937913e-01,1.449764868969994069e-01,-2.029173809876543277e+00,-1.566446301851851963e+00,5.172578527577675889e-01,-1.509281718324633759e-01,-1.309115263512907468e-01,4.276357716225435146e-01,-9.276355269587638341e-02
8.310000,-2.845284184946346440e-03,-6.417522144751576230e-01,1.326157322098839852e-01,-4.919131668382697997e-01,-5.156522282356774678e-01,-4.710901956392391510e-01,5.198059670485793982e-01,-2.341465250000005632e-02,4.034481605181015618e-01,1.184198394354134765e+00,4.718806319209362665e-01,1.788939434437889497e-01,-8.070753781549606237e-03,2.529380625000000188e-02,-5.856599773245905194e-01,-1.183192996495832761e+00,5.772827075960931253e-01,2.683545784648035948e-01,7.512581659904013498e-02,-3.956453593750013098e-02,-8.908065466922811260e-02,6.729196856761353318e-02,-1.961239382812499876e+00,1.612189950000000316e+00,-3.727147542463833396e-01,-1.481195854272769619e-01,3.755262832810600526e-03,2.656977598005937913e-01,1.449764868969994069e-01,-2.030564915624999855e+00,-1.566066909374999927e+00,5.166255319630144172e-01,-1.544059362036052652e-01,-1.309115263512907468e-01,4.272563791456916449e-01,-9.276355269587638341e-02
8.320000,-2.845284184946346440e-03,-6.417522144751576230e-01,1.317689249448720512e-01,-4.919131668382697997e-01,-5.156522282356774678e-01,-4.710901956392391510e-01,5.198059670485793982e-01,-2.246318555555563284e-02,4.032367234193361405e-01,1.183405505233764199e+00,4.728320988653806900e-01,1.783653506968753966e-01,-8.070753781549606237e-03,2.502950987654321835e-02,-5.856599773245905194e-01,-1.183192996495832761e+00,5.768598333985622828e-01,2.683545784648035948e-01,7.512581659904013498e-02,-3.910201728395075460e-02,-8.927887694932069851e-02,6.739107970765982614e-02,-1.960909012345678937e+00,1.612189950000000316e+00,-3.727147542463833396e-01,-1.487803263609189242e-01,3.755262832810600526e-03,2.656977598005937913e-01,1.449764868969994069e-01,-2.032018545679012078e+00,-1.565670464814814755e+00,5.159647910293725381e-01,-1.580400113386360439e-01,-1.309115263512907468e-01,4.268599345855064731e-01,-9.276355269587638341e-02
8.330000,-2.845284184946346440e-03,-6.417522144751576230e-01,1.308854085064940775e-01,-4.919131668382697997e-01,-5.156522282356774678e-01,-4.710901956392391510e-01,5.198059670485793982e-01,-2.147458527777788145e-02,4.030170344687188377e-01,1.182581671668949452e+00,4.738206991431584414e-01,1.778161283203321952e-01,-8.070753781549606237e-03,2.475489868827162113e-02,-5.856599773245905194e-01,-1.183192996495832761e+00,5.764204554973276773e-01,2.683545784648035948e-01,7.512581659904013498e-02,-3.862144770447546033e-02,-8.948483534052439903e-02,6.749405890326166946e-02,-1.960565748360339366e+00,1.612189950000000316e+00,-3.727147542463833396e-01,-1.494668543315979259e-01,3.755262832810600526e-03,2.656977598005937913e-01,1.449764868969994069e-01,-2.033528907214506187e+00,-1.565258548032407493e+00,5.152782630586935086e-01,-1.618159151773704840e-01,-1.309115263512907468e-01,4.264480178030990998e-01,-9.276355269587638341e-02
8.340000,-2.845284184946346440e-03,-6.417522144751576230e-01,1.299684655014994028e-01,-4.919131668382697997e-01,-5.156522282356774678e-01,-4.710901956392391510e-01,5.198059670485793982e-01,-2.045291000000012960e-02,4.027899955181015734e-01,1.181730275604134794e+00,4.748423744209362418e-01,1.772485309437890066e-01,-8.070753781549606237e-03,2.447110000000002339e-02,-5.856599773245905194e-01,-1.183192996495832761e+00,5.759663775960931487e-01,2.683545784648035948e-01,7.512581659904013498e-02,-3.812480000000016689e-02,-8.969768435672809126e-02,6.760048341136351557e-02,-1.960210999999999926e+00,1.612189950000000316e+00,-3.727147542463833396e-01,-1.501763510522769185e-01,3.755262832810600526e-03,2.656977598005937913e-01,1.449764868969994069e-01,-2.035089799999999727e+00,-1.564832850000000164e+00,5.145687663380145160e-01,-1.657181471411049711e-01,-1.309115263512907468e-01,4.260223197706917153e-01,-9.276355269587638341e-02
8.350000,-2.845284184946346440e-03,-6.417522144751576230e-01,1.290216488404782591e-01,-4.919131668382697997e-01,-5.156522282356774678e-01,-4.710901956392391510e-01,5.198059670485793982e-01,-1.940245138888904361e-02,4.025565602711879687e-01,1.180854893428208818e+00,4.758928330320473243e-01,1.766649428265050503e-01,-8.070753781549606237e-03,2.417930594135805217e-02,-5.856599773245905194e-01,-1.183192996495832761e+00,5.754995071022659392e-01,2.683545784648035948e-01,7.512581659904013498e-02,-3.761416039737672246e-02,-8.991652990070957141e-02,6.770990618335426259e-02,-1.959846257426697491e+00,1.612189950000000316e+00,-3.727147542463833396e-01,-1.509058361988818431e-01,3.755262832810600526e-03,2.656977598005937913e-01,1.449764868969994069e-01,-2.036694667322530794e+00,-1.564395158912037065e+00,5.138392811914096470e-01,-1.697303154474320563e-01,-1.309115263512907468e-01,4.255846286827287273e-01,-9.276355269587638341e-02
8.360000,-2.845284184946346440e-03,-6.417522144751576230e-01,1.280487593879912900e-01,-4.919131668382697997e-01,-5.156522282356774678e-01,-4.710901956392391510e-01,5.198059670485793982e-01,-1.832770111111128863e-02,4.023177268761262693e-01,1.179959268196727251e+00,4.769675833098250273e-01,1.760678593388507462e-01,-8.070753781549606237e-03,2.388076419753090013e-02,-5.856599773245905194e-01,-1.183192996495832761e+00,5.750218403121425403e-01,2.683545784648035948e-01,7.512581659904013498e-02,-3.709171234567920639e-02,-9.014043620857993544e-02,6.782185933728944460e-02,-1.959473080246913579e+00,1.612189950000000316e+00,-3.727147542463833396e-01,-1.516521905584497232e-01,3.755262832810600526e-03,2.656977598005937913e-01,1.449764868969994069e-01,-2.038336646913580186e+00,-1.563947346296296281e+00,5.130929268318417114e-01,-1.738352644250553969e-01,-1.309115263512907468e-01,4.251368160669879992e-01,-9.276355269587638341e-02
8.370000,-2.845284184946346440e-03,-6.417522144751576230e-01,1.272079543771267862e-01,-4.919131668382697997e-01,-5.156522282356774678e-01,-4.710901956392391510e-01,5.198059670485793982e-01,-1.723331750000001161e-02,4.020745305181015472e-01,1.179047281854134654e+00,4.780619669209363320e-01,1.754598684437889411e-01,-8.070753781549606237e-03,2.357676874999999062e-02,-5.856599773245905194e-01,-1.183192996495832761e+00,5.745354475960930962e-01,2.683545784648035948e-01,7.512581659904013498e-02,-3.655972031250011300e-02,-9.036843279422811237e-02,6.793585763011353307e-02,-1.959093085937499978e+00,1.612189950000000316e+00,-3.727147542463833396e-01,-1.524121791772770074e-01,3.755262832810600526e-03,2.656977598005937913e-01,1.449764868969994069e-01,-2.040008621875000205e+00,-1.563491353124999872e+00,5.123329382130143994e-01,-1.780152018286054183e-01,-1.309115263512907468e-01,4.246808228956916453e-01,-9.276355269587638341e-02
8.380000,-2.845284184946346440e-03,-6.417522144751576230e-01,1.264660541971690810e-01,-4.919131668382697997e-01,-5.156522282356774678e-01,-4.710901956392391510e-01,5.198059670485793982e-01,-1.612409222222225755e-02,4.018280360119286798e-01,1.178122927455986568e+00,4.791711921987140688e-01,1.748436321783568559e-01,-8.070753781549606237e-03,2.326865061728394454e-02,-5.856599773245905194e-01,-1.183192996495832761e+00,5.740424585837473614e-01,2.683545784648035948e-01,7.512581659904013498e-02,-3.602051358024703498e-02,-9.059952139376514779e-02,6.805140192988204384e-02,-1.958707938271604831e+00,1.612189950000000316e+00,-3.727147542463833396e-01,-1.531824745090671069e-01,3.755262832810600526e-03,2.656977598005937913e-01,1.449764868969994069e-01,-2.041703271604938141e+00,-1.563029175925926051e+00,5.115626428812243276e-01,-1.822518261534510353e-01,-1.309115263512907468e-01,4.242186456966176022e-01,-9.276355269587638341e-02
8.390000,-2.845284184946346440e-03,-6.417522144751576230e-01,1.257367375259318965e-01,-4.919131668382697997e-01,-5.156522282356774678e-01,-4.710901956392391510e-01,5.198059670485793982e-01,-1.500491694444450186e-02,4.015793303946447734e-01,1.177190281391171656e+00,4.802903674764918418e-01,1.742218681351469789e-01,-8.070753781549606237e-03,2.295776859567901645e-02,-5.856599773245905194e-01,-1.183192996495832761e+00,5.735450473491795487e-01,2.683545784648035948e-01,7.512581659904013498e-02,-3.547647004243840302e-02,-9.083268290996884819e-02,6.816798268798390792e-02,-1.958319335744598710e+00,1.612189950000000316e+00,-3.727147542463833396e-01,-1.539596795630794324e-01,3.755262832810600526e-03,2.656977598005937913e-01,1.449764868969994069e-01,-2.043413122723765518e+00,-1.562562852893518484e+00,5.107854378272120854e-01,-1.865264539505188113e-01,-1.309115263512907468e-01,4.237523226642101459e-01,-9.276355269587638341e-02
8.400000,-2.845284184946346440e-03,-6.417522144751576230e-01,1.250246098748941104e-01,-4.919131668382697997e-01,-5.156522282356774678e-01,-4.710901956392391510e-01,5.198059670485793982e-01,-1.388075000000008399e-02,4.013295155181015317e-01,1.176253475604134735e+00,4.814145344209362354e-01,1.735973309437889855e-01,-8.070753781549606237e-03,2.264550000000000937e-02,-5.856599773245905194e-01,-1.183192996495832761e+00,5.730454175960930652e-01,2.683545784648035948e-01,7.512581659904013498e-02,-3.493000000000014149e-02,-9.106688435672810611e-02,6.828508341136352300e-02,-1.957929000000000030e+00,1.612189950000000316e+00,-3.727147542463833396e-01,-1.547403510522769587e-01,3.755262832810600526e-03,2.656977598005937913e-01,1.449764868969994069e-01,-2.045130599999999799e+00,-1.562094450000000023e+00,5.100047663380145035e-01,-1.908201471411051509e-01,-1.309115263512907468e-01,4.232839197706916856e-01,-9.276355269587638341e-02
8.410000,-2.845284184946346440e-03,-6.417522144751576230e-01,1.243339301090927301e-01,-4.919131668382697997e-01,-5.156522282356774678e-01,-4.710901956392391510e-01,5.198059670485793982e-01,-1.275658305555566266e-02,4.010797006415583454e-01,1.175316669817097592e+00,4.825387013653806845e-01,1.729727937524309644e-01,-8.070753781549606237e-03,2.233323140432100229e-02,-5.856599773245905194e-01,-1.183192996495832761e+00,5.725457878430066927e-01,2.683545784648035948e-01,7.512581659904013498e-02,-3.438352995756188690e-02,-9.130108580348736402e-02,6.840218413474315196e-02,-1.957538664255401129e+00,1.612189950000000316e+00,-3.727147542463833396e-01,-1.555210225414744574e-01,3.755262832810600526e-03,2.656977598005937913e-01,1.449764868969994069e-01,-2.046848077276234523e+00,-1.561626047106481563e+00,5.092240948488170327e-01,-1.951138403316914904e-01,-1.309115263512907468e-01,4.228155168771731698e-01,-9.276355269587638341e-02
8.420000,-2.845284184946346440e-03,-6.417522144751576230e-01,1.236685221584098854e-01,-4.919131668382697997e-01,-5.156522282356774678e-01,-4.710901956392391510e-01,5.198059670485793982e-01,-1.163740777777790350e-02,4.008309950242743835e-01,1.174384023752282902e+00,4.836578766431584575e-01,1.723510297092210874e-01,-8.070753781549606237e-03,2.202234938271607073e-02,-5.856599773245905194e-01,-1.183192996495832761e+00,5.720483766084387689e-01,2.683545784648035948e-01,7.512581659904013498e-02,-3.383948641975324800e-02,-9.153424731969106443e-02,6.851876489284500216e-02,-1.957150061728395007e+00,1.612189950000000316e+00,-3.727147542463833396e-01,-1.562982275954868105e-01,3.755262832810600526e-03,2.656977598005937913e-01,1.449764868969994069e-01,-2.048557928395061456e+00,-1.561159724074073996e+00,5.084468897948046795e-01,-1.993884681287593219e-01,-1.309115263512907468e-01,4.223491938447657690e-01,-9.276355269587638341e-02
8.430000,-2.845284184946346440e-03,-6.417522144751576230e-01,1.230317042067062411e-01,-4.919131668382697997e-01,-5.156522282356774678e-01,-4.710901956392391510e-01,5.198059670485793982e-01,-1.052818250000014944e-02,4.005845005181015717e-01,1.173459669354134816e+00,4.847671019209361942e-01,1.717347934437890022e-01,-8.070753781549606237e-03,2.171423125000002813e-02,-5.856599773245905194e-01,-1.183192996495832761e+00,5.715553875960931451e-01,2.683545784648035948e-01,7.512581659904013498e-02,-3.330027968750017692e-02,-9.176533591922808597e-02,6.863430919261351293e-02,-1.956764914062500083e+00,1.612189950000000316e+00,-3.727147542463833396e-01,-1.570685229272769101e-01,3.755262832810600526e-03,2.656977598005937913e-01,1.449764868969994069e-01,-2.050252578124999836e+00,-1.560697546875000175e+00,5.076765944630146077e-01,-2.036250924536048834e-01,-1.309115263512907468e-01,4.218870166456917259e-01,-9.276355269587638341e-02
8.440000,-2.845284184946346440e-03,-6.417522144751576230e-01,1.224262387342894276e-01,-4.919131668382697997e-01,-5.156522282356774678e-01,-4.710901956392391510e-01,5.198059670485793982e-01,-9.433798888889064968e-03,4.003413041600769051e-01,1.172547683011542219e+00,4.858614855320472770e-01,1.711268025487273081e-01,-8.070753781549606237e-03,2.141023580246917066e-02,-5.856599773245905194e-01,-1.183192996495832761e+00,5.710689948800438120e-01,2.683545784648035948e-01,7.512581659904013498e-02,-3.276828765432117374e-02,-9.199333250487623515e-02,6.874830748543758752e-02,-1.956384919753086482e+00,1.612189950000000316e+00,-3.727147542463833396e-01,-1.578285115461040555e-01,3.755262832810600526e-03,2.656977598005937913e-01,1.449764868969994069e-01,-2.051924553086419412e+00,-1.560241553703703765e+00,5.069166058441874068e-01,-2.078050298571541554e-01,-1.309115263512907468e-01,4.214310234743954275e-01,-9.276355269587638341e-02
8.450000,-2.845284184946346440e-03,-6.417522144751576230e-01,1.218543052502955304e-01,-4.919131668382697997e-01,-5.156522282356774678e-01,-4.710901956392391510e-01,5.198059670485793982e-01,-8.359048611111294380e-03,4.001024707650151502e-01,1.171652057780060652e+00,4.869362358098250354e-01,1.705297190610729763e-01,-8.070753781549606237e-03,2.111169405864201168e-02,-5.856599773245905194e-01,-1.183192996495832761e+00,5.705913280899203022e-01,2.683545784648035948e-01,7.512581659904013498e-02,-3.224583960262364379e-02,-9.221723881274659917e-02,6.886026063937278341e-02,-1.956011742573302570e+00,1.612189950000000316e+00,-3.727147542463833396e-01,-1.585748659056719356e-01,3.755262832810600526e-03,2.656977598005937913e-01,1.449764868969994069e-01,-2.053566532677468803e+00,-1.559793741087962982e+00,5.061702514846194711e-01,-2.119099788347776070e-01,-1.309115263512907468e-01,4.209832108586546440e-01,-9.276355269587638341e-02
8.460000,-2.845284184946346440e-03,-6.417522144751576230e-01,1.213174954105426528e-01,-4.919131668382697997e-01,-5.156522282356774678e-01,-4.710901956392391510e-01,5.198059670485793982e-01,-7.308590000000015838e-03,3.998690355181015454e-01,1.170776675604134676e+00,4.879866944209363400e-01,1.699461309437889367e-01,-8.070753781549606237e-03,2.081989999999998842e-02,-5.856599773245905194e-01,-1.183192996495832761e+00,5.701244575960930927e-01,2.683545784648035948e-01,7.512581659904013498e-02,-3.173520000000010916e-02,-9.243608435672812096e-02,6.896968341136353042e-02,-1.955646999999999913e+00,1.612189950000000316e+00,-3.727147542463833396e-01,-1.593043510522769990e-01,3.755262832810600526e-03,2.656977598005937913e-01,1.449764868969994069e-01,-2.055171399999999871e+00,-1.559356049999999883e+00,5.054407663380144911e-01,-2.159221471411054138e-01,-1.309115263512907468e-01,4.205455197706916559e-01,-9.276355269587638341e-02
8.470000,-2.845284184946346440e-03,-6.417522144751576230e-01,1.208168290457248967e-01,-4.919131668382697997e-01,-5.156522282356774678e-01,-4.710901956392391510e-01,5.198059670485793982e-01,-6.286914722222258778e-03,3.996419965674842811e-01,1.169925279539319796e+00,4.890083696987140849e-01,1.693785335672457482e-01,-8.070753781549606237e-03,2.053610131172839415e-02,-5.856599773245905194e-01,-1.183192996495832761e+00,5.696703796948585641e-01,2.683545784648035948e-01,7.512581659904013498e-02,-3.123855229552481225e-02,-9.264893337293181319e-02,6.907610791946539042e-02,-1.955292251639660472e+00,1.612189950000000316e+00,-3.727147542463833396e-01,-1.600138477729559916e-01,3.755262832810600526e-03,2.656977598005937913e-01,1.449764868969994069e-01,-2.056732292785493854e+00,-1.558930351967592554e+00,5.047312696173354984e-01,-2.198243791048398732e-01,-1.309115263512907468e-01,4.201198217382842159e-01,-9.276355269587638341e-02
8.480000,-2.845284184946346440e-03,-6.417522144751576230e-01,1.203527880693346236e-01,-4.919131668382697997e-01,-5.156522282356774678e-01,-4.710901956392391510e-01,5.198059670485793982e-01,-5.298314444444491775e-03,3.994223076168669784e-01,1.169101445974505049e+00,4.899969699764918363e-01,1.688293111907025468e-01,-8.070753781549606237e-03,2.026149012345678999e-02,-5.856599773245905194e-01,-1.183192996495832761e+00,5.692310017936239586e-01,2.683545784648035948e-01,7.512581659904013498e-02,-3.075798271604950757e-02,-9.285489176413551371e-02,6.917908711506723374e-02,-1.954948987654320902e+00,1.612189950000000316e+00,-3.727147542463833396e-01,-1.607003757436349933e-01,3.755262832810600526e-03,2.656977598005937913e-01,1.449764868969994069e-01,-2.058242654320987519e+00,-1.558518435185185069e+00,5.040447416466564690e-01,-2.236002829435744244e-01,-1.309115263512907468e-01,4.197079049558768427e-01,-9.276355269587638341e-02
8.490000,-2.845284184946346440e-03,-6.417522144751576230e-01,1.199253641138342402e-01,-4.919131668382697997e-01,-5.156522282356774678e-01,-4.710901956392391510e-01,5.198059670485793982e-01,-4.346847500000073500e-03,3.992108705181015571e-01,1.168308556854134705e+00,4.909484369209362598e-01,1.683007184437889658e-01,-8.070753781549606237e-03,1.999719375000000646e-02,-5.856599773245905194e-01,-1.183192996495832761e+00,5.688081275960931160e-01,2.683545784648035948e-01,7.512581659904013498e-02,-3.029546406250013812e-02,-9.305311404422809962e-02,6.927819825511352669e-02,-1.954618617187499963e+00,1.612189950000000316e+00,-3.727147542463833396e-01,-1.613611166772769556e-01,3.755262832810600526e-03,2.656977598005937913e-01,1.449764868969994069e-01,-2.059696284374999742e+00,-1.558121990625000119e+00,5.033840007130144789e-01,-2.272343580786052031e-01,-1.309115263512907468e-01,4.193114603956916708e-01,-9.276355269587638341e-02
8.500000,-2.845284184946346440e-03,-6.417522144751576230e-01,1.195341151977671185e-01,-4.919131668382697997e-01,-5.156522282356774678e-01,-4.710901956392391510e-01,5.198059670485793982e-01,-3.436305555555647234e-03,3.990085278637805488e-01,1.167549771900431077e+00,4.918589788653807138e-01,1.677948618079865006e-01,-8.070753781549606237e-03,1.974426543209877732e-02,-5.856599773245905194e-01,-1.183192996495832761e+00,5.684034422874510994e-01,2.683545784648035948e-01,7.512581659904013498e-02,-2.985283950617298454e-02,-9.324281028265402060e-02,6.937304637432649412e-02,-1.954302456790123488e+00,1.612189950000000316e+00,-3.727147542463833396e-01,-1.619934374720300441e-01,3.755262832810600526e-03,2.656977598005937913e-01,1.449764868969994069e-01,-2.061087390123456764e+00,-1.557742598148148083e+00,5.027516799182614182e-01,-2.307121224497470924e-01,-1.309115263512907468e-01,4.189320679188398011e-01,-9.276355269587638341e-02
8.510000,-2.845284184946346440e-03,-6.417522144751576230e-01,1.191782267122093175e-01,-4.919131668382697997e-01,-5.156522282356774678e-01,-4.710901956392391510e-01,5.198059670485793982e-01,-2.570180277777867582e-03,3.988160555798299645e-01,1.166828000835616219e+00,4.927251041431584544e-01,1.673136810981099565e-01,-8.070753781549606237e-03,1.950367507716050525e-02,-5.856599773245905194e-01,-1.183192996495832761e+00,5.680184977195499307e-01,2.683545784648035948e-01,7.512581659904013498e-02,-2.943180638503101187e-02,-9.342325304885773507e-02,6.946326775742833748e-02,-1.954001718846450686e+00,1.612189950000000316e+00,-3.727147542463833396e-01,-1.625949133593757034e-01,3.755262832810600526e-03,2.656977598005937913e-01,1.449764868969994069e-01,-2.062410637075617004e+00,-1.557381712615740765e+00,5.021502040309158144e-01,-2.340202398301483300e-01,-1.309115263512907468e-01,4.185711823864324277e-01,-9.276355269587638341e-02
8.520000,-2.845284184946346440e-03,-6.417522144751576230e-01,1.188565724926699263e-01,-4.919131668382697997e-01,-5.156522282356774678e-01,-4.710901956392391510e-01,5.198059670485793982e-01,-1.751630000000104631e-03,3.986341555181015517e-01,1.166145875604134741e+00,4.935436544209362286e-01,1.668589309437889801e-01,-8.070753781549606237e-03,1.927630000000001703e-02,-5.856599773245905194e-01,-1.183192996495832761e+00,5.676546975960931052e-01,2.683545784648035948e-01,7.512581659904013498e-02,-2.903390000000015403e-02,-9.359378435672810470e-02,6.954853341136352229e-02,-1.953717499999999996e+00,1.612189950000000316e+00,-3.727147542463833396e-01,-1.631633510522769448e-01,3.755262832810600526e-03,2.656977598005937913e-01,1.449764868969994069e-01,-2.063661199999999862e+00,-1.557040650000000026e+00,5.015817663380145452e-01,-2.371466471411050603e-01,-1.309115263512907468e-01,4.182301197706916884e-01,-9.276355269587638341e-02
8.530000,-2.845284184946346440e-03,-6.417522144751576230e-01,1.185677726077128263e-01,-4.919131668382697997e-01,-5.156522282356774678e-01,-4.710901956392391510e-01,5.198059670485793982e-01,-9.834463888890093361e-04,3.984634480489657737e-01,1.165505722594875504e+00,4.943118380320473126e-01,1.664321622709494797e-01,-8.070753781549606237e-03,1.906291566358026685e-02,-5.856599773245905194e-01,-1.183192996495832761e+00,5.673132826578215493e-01,2.683545784648035948e-01,7.512581659904013498e-02,-2.866047741126559467e-02,-9.375382260904291387e-02,6.962855253752092688e-02,-1.953450769579475388e+00,1.612189950000000316e+00,-3.727147542463833396e-01,-1.636968118933262994e-01,3.755262832810600526e-03,2.656977598005937913e-01,1.449764868969994069e-01,-2.064834813850308315e+00,-1.556720573495370408e+00,5.010483054969652184e-01,-2.400806817668766080e-01,-1.309115263512907468e-01,4.179100432660620701e-01,-9.276355269587638341e-02
8.540000,-2.845284184946346440e-03,-6.417522144751576230e-01,1.183102455976333539e-01,-4.919131668382697997e-01,-5.156522282356774678e-01,-4.710901956392391510e-01,5.198059670485793982e-01,-2.680211111111109948e-04,3.983044646539040112e-01,1.164909534863393770e+00,4.950272633098252162e-01,1.660347037832951012e-01,-8.070753781549606237e-03,1.886418641975307064e-02,-5.856599773245905194e-01,-1.183192996495832761e+00,5.669953158676980243e-01,2.683545784648035948e-01,7.512581659904013498e-02,-2.831270123456799959e-02,-9.390286954191330582e-02,6.970307600395612979e-02,-1.953202358024691332e+00,1.612189950000000316e+00,-3.727147542463833396e-01,-1.641936350028943004e-01,3.755262832810600526e-03,2.656977598005937913e-01,1.449764868969994069e-01,-2.065927824691358161e+00,-1.556422479629629541e+00,5.005514823873971064e-01,-2.428132088695005297e-01,-1.309115263512907468e-01,4.176119494003212584e-01,-9.276355269587638341e-02
8.550000,-2.845284184946346440e-03,-6.417522144751576230e-01,1.180822540644255736e-01,-4.919131668382697997e-01,-5.156522282356774678e-01,-4.710901956392391510e-01,5.198059670485793982e-01,3.926875000000050117e-04,3.981576405181015410e-01,1.164358944354134673e+00,4.956879719209363322e-01,1.656676434437889256e-01,-8.070753781549606237e-03,1.868065624999998633e-02,-5.856599773245905194e-01,-1.183192996495832761e+00,5.667016675960930838e-01,2.683545784648035948e-01,7.512581659904013498e-02,-2.799152343750009944e-02,-9.404051716922812165e-02,6.977189981761353077e-02,-1.952972945312499986e+00,1.612189950000000316e+00,-3.727147542463833396e-01,-1.646524604272770198e-01,3.755262832810600526e-03,2.656977598005937913e-01,1.449764868969994069e-01,-2.066937240625000172e+00,-1.556147184374999881e+00,5.000926569630144147e-01,-2.453367487036055006e-01,-1.309115263512907468e-01,4.173366541456916545e-01,-9.276355269587638341e-02
8.560000,-2.845284184946346440e-03,-6.417522144751576230e-01,1.178819435838701080e-01,-4.919131668382697997e-01,-5.156522282356774678e-01,-4.710901956392391510e-01,5.198059670485793982e-01,9.971877777777637085e-04,3.980233071230397934e-01,1.163855194122653147e+00,4.962924721987140853e-01,1.653318099561346122e-01,-8.070753781549606237e-03,1.851273950617282962e-02,-5.856599773245905194e-01,-1.183192996495832761e+00,5.664330008059695887e-01,2.683545784648035948e-01,7.512581659904013498e-02,-2.769766913580257867e-02,-9.416645472709848919e-02,6.983486859654872148e-02,-1.952763049382715943e+00,1.612189950000000316e+00,-3.727147542463833396e-01,-1.650722522868449116e-01,3.755262832810600526e-03,2.656977598005937913e-01,1.449764868969994069e-01,-2.067860782716049339e+00,-1.555895309259259118e+00,4.996728651034465507e-01,-2.476456039312288637e-01,-1.309115263512907468e-01,4.170847790299508917e-01,-9.276355269587638341e-02
8.570000,-2.845284184946346440e-03,-6.417522144751576230e-01,1.177073757491008815e-01,-4.919131668382697997e-01,-5.156522282356774678e-01,-4.710901956392391510e-01,5.198059670485793982e-01,1.544488055555526002e-03,3.979016848390891647e-01,1.163399110557838290e+00,4.968397724764918588e-01,1.650277542462580960e-01,-8.070753781549606237e-03,1.836071165123456111e-02,-5.856599773245905194e-01,-1.183192996495832761e+00,5.661897562380684423e-01,2.683545784648035948e-01,7.512581659904013498e-02,-2.743162038966060964e-02,-9.428047561830218970e-02,6.989187904215057867e-02,-1.952573014564043197e+00,1.612189950000000316e+00,-3.727147542463833396e-01,-1.654523219241905707e-01,3.755262832810600526e-03,2.656977598005937913e-01,1.449764868969994069e-01,-2.068696935918209689e+00,-1.555667267476851912e+00,4.992927954661008916e-01,-2.497359869366300722e-01,-1.309115263512907468e-01,4.168567372475434629e-01,-9.276355269587638341e-02
8.580000,-2.845284184946346440e-03,-6.417522144751576230e-01,1.175565566786462846e-01,-4.919131668382697997e-01,-5.156522282356774678e-01,-4.710901956392391510e-01,5.198059670485793982e-01,2.034129999999983833e-03,3.977928755181015519e-01,1.162991075604134616e+00,4.973294144209363110e-01,1.647557309437889528e-01,-8.070753781549606237e-03,1.822469999999998952e-02,-5.856599773245905194e-01,-1.183192996495832761e+00,5.659721375960931056e-01,2.683545784648035948e-01,7.512581659904013498e-02,-2.719360000000010935e-02,-9.438248435672810799e-02,6.994288341136353782e-02,-1.952402999999999889e+00,1.612189950000000316e+00,-3.727147542463833396e-01,-1.657923510522769928e-01,3.755262832810600526e-03,2.656977598005937913e-01,1.449764868969994069e-01,-2.069444999999999979e+00,-1.555463249999999853e+00,4.989527663380144418e-01,-2.516061471411054073e-01,-1.309115263512907468e-01,4.166527197706916263e-01,-9.276355269587638341e-02
8.590000,-2.845284184946346440e-03,-6.417522144751576230e-01,1.174274625039042896e-01,-4.919131668382697997e-01,-5.156522282356774678e-01,-4.710901956392391510e-01,5.198059670485793982e-01,2.466221944444407441e-03,3.976968550860027762e-01,1.162630998983764208e+00,4.977615063653807459e-01,1.645156798635420414e-01,-8.070753781549606237e-03,1.810467445987653731e-02,-5.856599773245905194e-01,-1.183192996495832761e+00,5.657800967318955543e-01,2.683545784648035948e-01,7.512581659904013498e-02,-2.698355530478406886e-02,-9.447250351182071015e-02,6.998789298890982502e-02,-1.952252968074845718e+00,1.612189950000000316e+00,-3.727147542463833396e-01,-1.660924149025856389e-01,3.755262832810600526e-03,2.656977598005937913e-01,1.449764868969994069e-01,-2.070105140470678950e+00,-1.555283211689814760e+00,4.986527024877058234e-01,-2.532564983178028362e-01,-1.309115263512907468e-01,4.164726814605064775e-01,-9.276355269587638341e-02
8.600000,-2.845284184946346440e-03,-6.417522144751576230e-01,1.173180632196385159e-01,-4.919131668382697997e-01,-5.156522282356774678e-01,-4.710901956392391510e-01,5.198059670485793982e-01,2.841472222222174090e-03,3.976134661353855071e-01,1.162318290418949518e+00,4.981367566431585403e-01,1.643072074869988408e-01,-8.070753781549606237e-03,1.800043827160493701e-02,-5.856599773245905194e-01,-1.183192996495832761e+00,5.656133188306610160e-01,2.683545784648035948e-01,7.512581659904013498e-02,-2.680114197530876485e-02,-9.455068065302441038e-02,7.002698155951167513e-02,-1.952122672839506023e+00,1.612189950000000316e+00,-3.727147542463833396e-01,-1.663530053732646397e-01,3.755262832810600526e-03,2.656977598005937913e-01,1.449764868969994069e-01,-2.070678439506172808e+00,-1.555126857407407304e+00,4.983921120170268226e-01,-2.546897459065373681e-01,-1.309115263512907468e-01,4.163163271780990771e-01,-9.276355269587638341e-02
8.610000,-2.845284184946346440e-03,-6.417522144751576230e-01,1.172263459090931853e-01,-4.919131668382697997e-01,-5.156522282356774678e-01,-4.710901956392391510e-01,5.198059670485793982e-01,3.161222499999982814e-03,3.975424105181015189e-01,1.162051831854134631e+00,4.984565069209363486e-01,1.641295684437889535e-01,-8.070753781549606237e-03,1.791161874999998987e-02,-5.856599773245905194e-01,-1.183192996495832761e+00,5.654712075960930395e-01,2.683545784648035948e-01,7.512581659904013498e-02,-2.664570781250010997e-02,-9.461729529422811813e-02,7.006028888011353595e-02,-1.952011648437499858e+00,1.612189950000000316e+00,-3.727147542463833396e-01,-1.665750541772769988e-01,3.755262832810600526e-03,2.656977598005937913e-01,1.449764868969994069e-01,-2.071166946875000026e+00,-1.554993628125000082e+00,4.981700632130144912e-01,-2.559110143286054129e-01,-1.309115263512907468e-01,4.161830978956916338e-01,-9.276355269587638341e-02
8.620000,-2.845284184946346440e-03,-6.417522144751576230e-01,1.171503378430086423e-01,-4.919131668382697997e-01,-5.156522282356774678e-01,-4.710901956392391510e-01,5.198059670485793982e-01,3.427481111111130296e-03,3.974832419378546144e-01,1.161829949678208740e+00,4.987227655320474740e-01,1.639816469931716370e-01,-8.070753781549606237e-03,1.783765802469133854e-02,-5.856599773245905194e-01,-1.183192996495832761e+00,5.653528704355992307e-01,2.683545784648035948e-01,7.512581659904013498e-02,-2.651627654320996841e-02,-9.467276583820960489e-02,7.008802415210427239e-02,-1.951919197530864070e+00,1.612189950000000316e+00,-3.727147542463833396e-01,-1.667599559905486306e-01,3.755262832810600526e-03,2.656977598005937913e-01,1.449764868969994069e-01,-2.071573730864197493e+00,-1.554882687037036915e+00,4.979851613997428039e-01,-2.569279743015993600e-01,-1.309115263512907468e-01,4.160721568077286880e-01,-9.276355269587638341e-02
8.630000,-2.845284184946346440e-03,-6.417522144751576230e-01,1.170881294076423634e-01,-4.919131668382697997e-01,-5.156522282356774678e-01,-4.710901956392391510e-01,5.198059670485793982e-01,3.642956388888907333e-03,3.974353585427928826e-01,1.161650386946727176e+00,4.989382408098252397e-01,1.638619385055173072e-01,-8.070753781549606237e-03,1.777780378086418062e-02,-5.856599773245905194e-01,-1.183192996495832761e+00,5.652571036454757669e-01,2.683545784648035948e-01,7.512581659904013498e-02,-2.641153161651244030e-02,-9.471765652107996813e-02,7.011046949353946789e-02,-1.951844379726080270e+00,1.612189950000000316e+00,-3.727147542463833396e-01,-1.669095916001165358e-01,3.755262832810600526e-03,2.656977598005937913e-01,1.449764868969994069e-01,-2.071902929205247101e+00,-1.554792905671296133e+00,4.978355257901749265e-01,-2.577509701542228249e-01,-1.309115263512907468e-01,4.159823754419879061e-01,-9.276355269587638341e-02
8.640000,-2.845284184946346440e-03,-6.417522144751576230e-01,1.170378963391599109e-01,-4.919131668382697997e-01,-5.156522282356774678e-01,-4.710901956392391510e-01,5.198059670485793982e-01,3.811089999999994846e-03,3.973979955181015100e-01,1.161510275604134668e+00,4.991063744209363606e-01,1.637685309437889314e-01,-8.070753781549606237e-03,1.773109999999998576e-02,-5.856599773245905194e-01,-1.183192996495832761e+00,5.651823775960930218e-01,2.683545784648035948e-01,7.512581659904013498e-02,-2.632980000000010451e-02,-9.475268435672812295e-02,7.012798341136353142e-02,-1.951786000000000021e+00,1.612189950000000316e+00,-3.727147542463833396e-01,-1.670263510522770056e-01,3.755262832810600526e-03,2.656977598005937913e-01,1.449764868969994069e-01,-2.072159800000000107e+00,-1.554722850000000101e+00,4.977187663380144844e-01,-2.583931471411054503e-01,-1.309115263512907468e-01,4.159123197706916519e-01,-9.276355269587638341e-02
8.650000,-2.845284184946346440e-03,-6.417522144751576230e-01,1.169979204042677218e-01,-4.919131668382697997e-01,-5.156522282356774678e-01,-4.710901956392391510e-01,5.198059670485793982e-01,3.936090277777803959e-03,3.973702176785953721e-01,1.161406108705986373e+00,4.992313746987141476e-01,1.636990863450234757e-01,-8.070753781549606237e-03,1.769637770061726484e-02,-5.856599773245905194e-01,-1.183192996495832761e+00,5.651268219170807461e-01,2.683545784648035948e-01,7.512581659904013498e-02,-2.626903597608033769e-02,-9.477872608126516885e-02,7.014100427363205437e-02,-1.951742597125771583e+00,1.612189950000000316e+00,-3.727147542463833396e-01,-1.671131568007338253e-01,3.755262832810600526e-03,2.656977598005937913e-01,1.449764868969994069e-01,-2.072350772646605055e+00,-1.554670766550925842e+00,4.976319605895576093e-01,-2.588705787576178752e-01,-1.309115263512907468e-01,4.158602363216175601e-01,-9.276355269587638341e-02
8.660000,-2.845284184946346440e-03,-6.417522144751576230e-01,1.169666075106789993e-01,-4.919131668382697997e-01,-5.156522282356774678e-01,-4.710901956392391510e-01,5.198059670485793982e-01,4.022965555555574509e-03,3.973509120613114010e-01,1.161333712641171578e+00,4.993182499764919346e-01,1.636508223018136032e-01,-8.070753781549606237e-03,1.767224567901232515e-02,-5.856599773245905194e-01,-1.183192996495832761e+00,5.650882106825128037e-01,2.683545784648035948e-01,7.512581659904013498e-02,-2.622680493827169584e-02,-9.479682509746886754e-02,7.015005378173391759e-02,-1.951712432098765326e+00,1.612189950000000316e+00,-3.727147542463833396e-01,-1.671734868547461450e-01,3.755262832810600526e-03,2.656977598005937913e-01,1.449764868969994069e-01,-2.072483498765432142e+00,-1.554634568518518556e+00,4.975716305355453173e-01,-2.592023940546858141e-01,-1.309115263512907468e-01,4.158240382892101072e-01,-9.276355269587638341e-02
8.670000,-2.845284184946346440e-03,-6.417522144751576230e-01,1.169425022622467975e-01,-4.919131668382697997e-01,-5.156522282356774678e-01,-4.710901956392391510e-01,5.198059670485793982e-01,4.077557499999995283e-03,3.973387805181015087e-01,1.161288219354134732e+00,4.993728419209363389e-01,1.636204934437889280e-01,-8.070753781549606237e-03,1.765708124999998754e-02,-5.856599773245905194e-01,-1.183192996495832761e+00,5.650639475960930191e-01,2.683545784648035948e-01,7.512581659904013498e-02,-2.620026718750010503e-02,-9.480819841922812075e-02,7.015574044261353726e-02,-1.951693476562500029e+00,1.612189950000000316e+00,-3.727147542463833396e-01,-1.672113979272770168e-01,3.755262832810600526e-03,2.656977598005937913e-01,1.449764868969994069e-01,-2.072566903124999804e+00,-1.554611821875000022e+00,4.975337194630144455e-01,-2.594109049536054146e-01,-1.309115263512907468e-01,4.158012916456916286e-01,-9.276355269587638341e-02
8.680000,-2.845284184946346440e-03,-6.417522144751576230e-01,1.169242981681404003e-01,-4.919131668382697997e-01,-5.156522282356774678e-01,-4.710901956392391510e-01,5.198059670485793982e-01,4.106574444444488145e-03,3.973323323082249559e-01,1.161264038567097590e+00,4.994018588653808544e-01,1.636043729190975460e-01,-8.070753781549606237e-03,1.764902098765429306e-02,-5.856599773245905194e-01,-1.183192996495832761e+00,5.650510511763399135e-01,2.683545784648035948e-01,7.512581659904013498e-02,-2.618616172839514228e-02,-9.481424361598739248e-02,7.015876304099316618e-02,-1.951683401234567850e+00,1.612189950000000316e+00,-3.727147542463833396e-01,-1.672315485831412374e-01,3.755262832810600526e-03,2.656977598005937913e-01,1.449764868969994069e-01,-2.072611234567901306e+00,-1.554599731481481451e+00,4.975135688071502527e-01,-2.595217335608587250e-01,-1.309115263512907468e-01,4.157892012521731129e-01,-9.276355269587638341e-02
8.690000,-2.845284184946346440e-03,-6.417522144751576230e-01,1.169108430269783366e-01,-4.919131668382697997e-01,-5.156522282356774678e-01,-4.710901956392391510e-01,5.198059670485793982e-01,4.117624722222229354e-03,3.973298766909410529e-01,1.161254830002282690e+00,4.994129091431585565e-01,1.635982338758877053e-01,-8.070753781549606237e-03,1.764595146604936576e-02,-5.856599773245905194e-01,-1.183192996495832761e+00,5.650461399417721076e-01,2.683545784648035948e-01,7.512581659904013498e-02,-2.618079006558651778e-02,-9.481654575719108968e-02,7.015991411159501479e-02,-1.951679564332561734e+00,1.612189950000000316e+00,-3.727147542463833396e-01,-1.672392223871535522e-01,3.755262832810600526e-03,2.656977598005937913e-01,1.449764868969994069e-01,-2.072628116936728659e+00,-1.554595127199074112e+00,4.975058950031379101e-01,-2.595639394829264979e-01,-1.309115263512907468e-01,4.157845969697657185e-01,-9.276355269587638341e-02
8.700000,-2.845284184946346440e-03,-6.417522144751576230e-01,1.169011393776642344e-01,-4.919131668382697997e-01,-5.156522282356774678e-01,-4.710901956392391510e-01,5.198059670485793982e-01,4.119250000000018730e-03,3.973295155181015281e-01,1.161253475604134611e+00,4.994145344209363624e-01,1.635973309437889212e-01,-8.070753781549606237e-03,1.764549999999998064e-02,-5.856599773245905194e-01,-1.183192996495832761e+00,5.650454175960930581e-01,2.683545784648035948e-01,7.512581659904013498e-02,-2.618000000000009209e-02,-9.481688435672812332e-02,7.016008341136353854e-02,-1.951678999999999942e+00,1.612189950000000316e+00,-3.727147542463833396e-01,-1.672403510522770254e-01,3.755262832810600526e-03,2.656977598005937913e-01,1.449764868969994069e-01,-2.072630600000000101e+00,-1.554594449999999961e+00,4.975047663380144369e-01,-2.595701471411055450e-01,-1.309115263512907468e-01,4.157839197706916234e-01,-9.276355269587638341e-02
