0.000000,0.000000000000000000e+00,0.000000000000000000e+00,7.594907452582463359e-01,1.000000000000000000e+00,0.000000000000000000e+00,0.000000000000000000e+00,0.000000000000000000e+00,-3.119999999999999996e-01,0.000000000000000000e+00,0.000000000000000000e+00,6.690000000000000391e-01,-3.629999999999999893e-01,0.000000000000000000e+00,-3.119999999999999996e-01,0.000000000000000000e+00,0.000000000000000000e+00,6.690000000000000391e-01,-3.629999999999999893e-01,0.000000000000000000e+00,0.000000000000000000e+00,0.000000000000000000e+00,0.000000000000000000e+00,2.000000000000000111e-01,2.000000000000000111e-01,0.000000000000000000e+00,5.999999999999999778e-01,0.000000000000000000e+00,0.000000000000000000e+00,0.000000000000000000e+00,2.000000000000000111e-01,-2.000000000000000111e-01,0.000000000000000000e+00,5.999999999999999778e-01,0.000000000000000000e+00,0.000000000000000000e+00,0.000000000000000000e+00
0.010000,0.000000000000000000e+00,0.000000000000000000e+00,7.594906302592298042e-01,9.999999999999712452e-01,0.000000000000000000e+00,-2.395858764648414763e-07,0.000000000000000000e+00,-3.120003372737475411e-01,0.000000000000000000e+00,0.000000000000000000e+00,6.690000311441377523e-01,-3.629996938703901610e-01,0.000000000000000000e+00,-3.120060199065149975e-01,0.000000000000000000e+00,0.000000000000000000e+00,6.690062232911555551e-01,-3.629934949800994737e-01,0.000000000000000000e+00,2.755266825668512363e-11,0.000000000000000000e+00,-1.054177856445312258e-06,2.000000000698000935e-01,2.199999999908157922e-01,2.204213460534809761e-11,6.600013416809081823e-01,-2.938951280713079897e-11,1.836844550445675016e-11,-1.469475640356539949e-11,1.999999999301999287e-01,-2.200000000091842101e-01,2.204213460534809761e-11,6.600013416809081823e-01,-2.938951280713079897e-11,-1.836844550445675016e-11,1.469475640356539949e-11
0.020000,0.000000000000000000e+00,0.000000000000000000e+00,7.594898426987436446e-01,9.999999999982316368e-01,0.000000000000000000e+00,-1.880615234373891180e-06,0.000000000000000000e+00,-3.120026474026270091e-01,0.000000000000000000e+00,0.000000000000000000e+00,6.690002444479908883e-01,-3.629975970453638290e-01,0.000000000000000000e+00,-3.120472516680208863e-01,0.000000000000000000e+00,0.000000000000000000e+00,6.690488464993566975e-01,-3.629489376047732585e-01,0.000000000000000000e+00,1.697622556686400705e-09,0.000000000000000000e+00,-8.274707031249997898e-06,2.000000043006438244e-01,2.199999994341258203e-01,1.358098045349120440e-09,6.600105314453125205e-01,-1.810797393798827529e-09,1.131748371124267206e-09,-9.053986968994137647e-10,1.999999956993561978e-01,-2.200000005658741820e-01,1.358098045349120440e-09,6.600105314453125205e-01,-1.810797393798827529e-09,-1.131748371124267206e-09,9.053986968994137647e-10
0.030000,0.000000000000000000e+00,0.000000000000000000e+00,7.594877579933589917e-01,9.999999999806149509e-01,0.000000000000000000e+00,-6.226570129354296287e-06,0.000000000000000000e+00,-3.120087652749027884e-01,0.000000000000000000e+00,0.000000000000000000e+00,6.690008092072041723e-01,-3.629920439323013337e-01,0.000000000000000000e+00,-3.121564357656725908e-01,0.000000000000000000e+00,0.000000000000000000e+00,6.691617018869018274e-01,-3.628309221576061505e-01,0.000000000000000000e+00,1.860968427660873799e-08,0.000000000000000000e+00,-2.739690856933593016e-05,2.000000471445335104e-01,2.199999937967719033e-01,1.488774742128698973e-08,6.600348687927246605e-01,-1.985032989504932074e-08,1.240645618440582588e-08,-9.925164947524660369e-09,1.999999528554665118e-01,-2.200000062032280990e-01,1.488774742128698973e-08,6.600348687927246605e-01,-1.985032989504932074e-08,-1.240645618440582588e-08,9.925164947524660369e-09
0.040000,0.000000000000000000e+00,0.000000000000000000e+00,7.594838045557674722e-01,9.999999998952145974e-01,0.000000000000000000e+00,-1.447656249949435388e-05,0.000000000000000000e+00,-3.120203786624270448e-01,0.000000000000000000e+00,0.000000000000000000e+00,6.690018807567771342e-01,-3.629815020943500392e-01,0.000000000000000000e+00,-3.123636600904856064e-01,0.000000000000000000e+00,0.000000000000000000e+00,6.693758408164115492e-01,-3.626068369759258836e-01,0.000000000000000000e+00,1.005940136718749659e-07,0.000000000000000000e+00,-6.369687499999999482e-05,2.000002548381679679e-01,2.199999664686621004e-01,8.047521093749997535e-08,6.600810687500000551e-01,-1.073002812499999760e-07,6.706267578124998167e-08,-5.365014062499998798e-08,1.999997451618320543e-01,-2.200000335313379018e-01,8.047521093749997535e-08,6.600810687500000551e-01,-1.073002812499999760e-07,-6.706267578124998167e-08,5.365014062499998798e-08
0.050000,0.000000000000000000e+00,0.000000000000000000e+00,7.594774653031907130e-01,9.999999996155767290e-01,0.000000000000000000e+00,-2.772808074595861815e-05,0.000000000000000000e+00,-3.120390319010774016e-01,0.000000000000000000e+00,0.000000000000000000e+00,6.690036004445478746e-01,-3.629645685434704228e-01,0.000000000000000000e+00,-3.126963996584206651e-01,0.000000000000000000e+00,0.000000000000000000e+00,6.697195371943548414e-01,-3.622467512749478202e-01,0.000000000000000000e+00,3.690463017846922898e-07,0.000000000000000000e+00,-1.220035552978515690e-04,2.000009349172978679e-01,2.199998769845660784e-01,2.952370414277538636e-07,6.601552772521972479e-01,-3.936493885703385024e-07,2.460308678564615971e-07,-1.968246942851692512e-07,1.999990650827021543e-01,-2.200001230154339238e-01,2.952370414277538636e-07,6.601552772521972479e-01,-3.936493885703385024e-07,-2.460308678564615971e-07,1.968246942851692512e-07
0.060000,0.000000000000000000e+00,0.000000000000000000e+00,7.594682797372808158e-01,9.999999988964521913e-01,0.000000000000000000e+00,-4.697973631084351940e-05,0.000000000000000000e+00,-3.120661295335828145e-01,0.000000000000000000e+00,0.000000000000000000e+00,6.690060955271518450e-01,-3.629399659935689804e-01,0.000000000000000000e+00,-3.131795506388950767e-01,0.000000000000000000e+00,0.000000000000000000e+00,6.702182776784587626e-01,-3.617232944223761626e-01,0.000000000000000000e+00,1.059405900220870602e-06,0.000000000000000000e+00,-2.067108398437499692e-04,2.000026838282805697e-01,2.199996468646999159e-01,8.475247201766963972e-07,6.602630865234375701e-01,-1.130032960235595337e-06,7.062706001472470330e-07,-5.650164801177976687e-07,1.999973161717194525e-01,-2.200003531353000863e-01,8.475247201766963972e-07,6.602630865234375701e-01,-1.130032960235595337e-06,-7.062706001472470330e-07,5.650164801177976687e-07
0.070000,0.000000000000000000e+00,0.000000000000000000e+00,7.594558463189001740e-01,9.999999973257083230e-01,0.000000000000000000e+00,-7.313401024974755147e-05,0.000000000000000000e+00,-3.121029399329289244e-01,0.000000000000000000e+00,0.000000000000000000e+00,6.690094790259913937e-01,-3.629065390930624191e-01,0.000000000000000000e+00,-3.138354618149073461e-01,0.000000000000000000e+00,0.000000000000000000e+00,6.708947458160766653e-01,-3.610115317123508971e-01,0.000000000000000000e+00,2.567320063078060445e-06,0.000000000000000000e+00,-3.217896453857423036e-04,2.000065038774931359e-01,2.199991442266456543e-01,2.053856050462448187e-06,6.604095504577637277e-01,-2.738474733949931198e-06,1.711546708718706893e-06,-1.369237366974965599e-06,1.999934961225068863e-01,-2.200008557733543479e-01,2.053856050462448187e-06,6.604095504577637277e-01,-2.738474733949931198e-06,-1.711546708718706893e-06,1.369237366974965599e-06
0.080000,0.000000000000000000e+00,0.000000000000000000e+00,7.594398248998462941e-01,9.999999942755000149e-01,0.000000000000000000e+00,-1.069999997958261763e-04,0.000000000000000000e+00,-3.121505989219988120e-01,0.000000000000000000e+00,0.000000000000000000e+00,6.690138495755266757e-01,-3.628632506535278135e-01,0.000000000000000000e+00,-3.146839662499898993e-01,0.000000000000000000e+00,0.000000000000000000e+00,6.717688064723362773e-01,-3.600888402223463292e-01,0.000000000000000000e+00,5.495519999999998165e-06,0.000000000000000000e+00,-4.707999999999998970e-04,2.000139219840000038e-01,2.199981681600000072e-01,4.396415999999997855e-06,6.605992000000000530e-01,-5.861887999999997704e-06,3.663679999999998777e-06,-2.930943999999998852e-06,1.999860780160000184e-01,-2.200018318399999950e-01,4.396415999999997855e-06,6.605992000000000530e-01,-5.861887999999997704e-06,-3.663679999999998777e-06,2.930943999999998852e-06
0.090000,0.000000000000000000e+00,0.000000000000000000e+00,7.594199390096714186e-01,9.999999888553274818e-01,0.000000000000000000e+00,-1.492961649116895982e-04,0.000000000000000000e+00,-3.122101134027177594e-01,0.000000000000000000e+00,0.000000000000000000e+00,6.690192912912839018e-01,-3.628091778885660923e-01,0.000000000000000000e+00,-3.157424155872159965e-01,0.000000000000000000e+00,0.000000000000000000e+00,6.728574960908599856e-01,-3.589347878705873018e-01,0.000000000000000000e+00,1.069888561101282468e-05,0.000000000000000000e+00,-6.569031280517576964e-04,2.000271038435479098e-01,2.199964337047963236e-01,8.559108488810258388e-06,6.608360585266113141e-01,-1.141214465174701344e-05,7.132590407341882555e-06,-5.706072325873506721e-06,1.999728961564521124e-01,-2.200035662952036786e-01,8.559108488810258388e-06,6.608360585266113141e-01,-1.141214465174701344e-05,-7.132590407341882555e-06,5.706072325873506721e-06
0.100000,0.000000000000000000e+00,0.000000000000000000e+00,7.593959778293117857e-01,9.999999798691715513e-01,0.000000000000000000e+00,-2.006530748254374227e-04,0.000000000000000000e+00,-3.122823650057744982e-01,0.000000000000000000e+00,0.000000000000000000e+00,6.690258736804475248e-01,-3.627435086746729764e-01,0.000000000000000000e+00,-3.170257190404505709e-01,0.000000000000000000e+00,0.000000000000000000e+00,6.741750234892657234e-01,-3.575310183160025912e-01,0.000000000000000000e+00,1.932559534907340732e-05,0.000000000000000000e+00,-8.828735351562499913e-04,2.000489581748843282e-01,2.199935581348836378e-01,1.546047627925872586e-05,6.611236572265625222e-01,-2.061396837234496894e-05,1.288373023271560771e-05,-1.030698418617248447e-05,1.999510418251156940e-01,-2.200064418651163645e-01,1.546047627925872586e-05,6.611236572265625222e-01,-2.061396837234496894e-05,-1.288373023271560771e-05,1.030698418617248447e-05
0.110000,0.000000000000000000e+00,0.000000000000000000e+00,7.593677977143641344e-01,9.999999657784932605e-01,0.000000000000000000e+00,-2.616161545474385373e-04,0.000000000000000000e+00,-3.123681137699291788e-01,0.000000000000000000e+00,0.000000000000000000e+00,6.690336516136456968e-01,-3.626655378437164678e-01,0.000000000000000000e+00,-3.185463887554581541e-01,0.000000000000000000e+00,0.000000000000000000e+00,6.757327850211427567e-01,-3.558611438547958916e-01,0.000000000000000000e+00,3.285264666320220360e-05,0.000000000000000000e+00,-1.151111093139648139e-03,2.000832267048801294e-01,2.199890491177789453e-01,2.628211733056176017e-05,6.614650504821777410e-01,-3.504282310741568249e-05,2.190176444213480240e-05,-1.752141155370784124e-05,1.999167732951198928e-01,-2.200109508822210569e-01,2.628211733056176017e-05,6.614650504821777410e-01,-3.504282310741568249e-05,-2.190176444213480240e-05,1.752141155370784124e-05
0.120000,0.000000000000000000e+00,0.000000000000000000e+00,7.593353231595924013e-01,9.999999446725090779e-01,0.000000000000000000e+00,-3.326484313651322032e-04,0.000000000000000000e+00,-3.124680018580424101e-01,0.000000000000000000e+00,0.000000000000000000e+00,6.690426653726715411e-01,-3.625746635146290808e-01,0.000000000000000000e+00,-3.203145928212741689e-01,0.000000000000000000e+00,0.000000000000000000e+00,6.775393970415202194e-01,-3.539106479702460173e-01,0.000000000000000000e+00,5.311439182617186367e-05,0.000000000000000000e+00,-1.463653124999999807e-03,2.001345564592929838e-01,2.199822952027246092e-01,4.249151346093748823e-05,6.618628312500000055e-01,-5.665535128124998430e-05,3.540959455078124696e-05,-2.832767564062499215e-05,1.998654435407070384e-01,-2.200177047972753930e-01,4.249151346093748823e-05,6.618628312500000055e-01,-5.665535128124998430e-05,-3.540959455078124696e-05,2.832767564062499215e-05
0.130000,0.000000000000000000e+00,0.000000000000000000e+00,7.592985471226981753e-01,9.999999142468090074e-01,0.000000000000000000e+00,-4.141332813141050001e-04,0.000000000000000000e+00,-3.125825573152076764e-01,0.000000000000000000e+00,0.000000000000000000e+00,6.690529407852486843e-01,-3.624703834700409577e-01,0.000000000000000000e+00,-3.223382168072889686e-01,0.000000000000000000e+00,0.000000000000000000e+00,6.796007477079271109e-01,-3.516667986923861511e-01,0.000000000000000000e+00,8.232306455846430534e-05,0.000000000000000000e+00,-1.822186489868163990e-03,2.002085517635481260e-01,2.199725589784805035e-01,6.585845164677144698e-05,6.623191464416504637e-01,-8.781126886236192931e-05,5.488204303897620582e-05,-4.390563443118096465e-05,1.997914482364518962e-01,-2.200274410215194987e-01,6.585845164677144698e-05,6.623191464416504637e-01,-8.781126886236192931e-05,-5.488204303897620582e-05,4.390563443118096465e-05
0.140000,0.000000000000000000e+00,0.000000000000000000e+00,7.592575306496097687e-01,9.999998717910697499e-01,0.000000000000000000e+00,-5.063771756249321526e-04,0.000000000000000000e+00,-3.127121978727890883e-01,0.000000000000000000e+00,0.000000000000000000e+00,6.690644894546906585e-01,-3.623522915819015200e-01,0.000000000000000000e+00,-3.246229342991107658e-01,0.000000000000000000e+00,0.000000000000000000e+00,6.819200692549476361e-01,-3.491185734323993262e-01,0.000000000000000000e+00,1.230805756370831057e-04,0.000000000000000000e+00,-2.228059667968750740e-03,2.003118041249472847e-01,2.199589731414542948e-01,9.846446050966650352e-05,6.628357123046875188e-01,-1.312859473462220047e-04,8.205371709138875971e-05,-6.564297367311100234e-05,1.996881958750527375e-01,-2.200410268585457074e-01,9.846446050966650352e-05,6.628357123046875188e-01,-1.312859473462220047e-04,-8.205371709138875971e-05,6.564297367311100234e-05
0.150000,0.000000000000000000e+00,0.000000000000000000e+00,7.592124017656149970e-01,9.999998141863271073e-01,0.000000000000000000e+00,-6.096124271466740871e-04,0.000000000000000000e+00,-3.128572348007075954e-01,0.000000000000000000e+00,0.000000000000000000e+00,6.690773090892756514e-01,-3.622200742885680058e-01,0.000000000000000000e+00,-3.271722865184621409e-01,0.000000000000000000e+00,0.000000000000000000e+00,6.844980310211442598e-01,-3.462565954853480954e-01,0.000000000000000000e+00,1.783811315362980468e-04,0.000000000000000000e+00,-2.682294845581053525e-03,2.004518988665586199e-01,2.199405396228212295e-01,1.427049052290384104e-04,6.634138298034668590e-01,-1.902732069720512319e-04,1.189207543575320403e-04,-9.513660348602561594e-05,1.995481011334414023e-01,-2.200594603771787727e-01,1.427049052290384104e-04,6.634138298034668590e-01,-1.902732069720512319e-04,-1.189207543575320403e-04,9.513660348602561594e-05
0.160000,0.000000000000000000e+00,0.000000000000000000e+00,7.591633536166463303e-01,9.999997379120114660e-01,0.000000000000000000e+00,-7.239999367494310807e-04,0.000000000000000000e+00,-3.130178768090162711e-01,0.000000000000000000e+00,0.000000000000000000e+00,6.690913839334544644e-01,-3.620735071244381431e-01,0.000000000000000000e+00,-3.299877707519460746e-01,0.000000000000000000e+00,0.000000000000000000e+00,6.873328527094364482e-01,-3.430730819574903112e-01,0.000000000000000000e+00,2.516044799999999238e-04,0.000000000000000000e+00,-3.185599999999999803e-03,2.006373980160000015e-01,2.199161318400000009e-01,2.012835839999999336e-04,6.640544000000000446e-01,-2.683781119999999838e-04,1.677363199999999492e-04,-1.341890559999999919e-04,1.993626019840000207e-01,-2.200838681600000013e-01,2.012835839999999336e-04,6.640544000000000446e-01,-2.683781119999999838e-04,-1.677363199999999492e-04,1.341890559999999919e-04
0.170000,0.000000000000000000e+00,0.000000000000000000e+00,7.591106418630158004e-01,9.999996390627183818e-01,0.000000000000000000e+00,-8.496319397098563674e-04,0.000000000000000000e+00,-3.131942339986139023e-01,0.000000000000000000e+00,0.000000000000000000e+00,6.691066853005490644e-01,-3.619124513019351119e-01,0.000000000000000000e+00,-3.330689369924828003e-01,0.000000000000000000e+00,0.000000000000000000e+00,6.904204366499119283e-01,-3.395618024833568227e-01,0.000000000000000000e+00,3.464998112045274917e-04,0.000000000000000000e+00,-3.738380984497069286e-03,2.008777995217181367e-01,2.198845000629318369e-01,2.771998489636220584e-04,6.647579394348145376e-01,-3.695997986181626723e-04,2.309998741363516973e-04,-1.847998993090813362e-04,1.991222004782818855e-01,-2.201154999370681653e-01,2.771998489636220584e-04,6.647579394348145376e-01,-3.695997986181626723e-04,-2.309998741363516973e-04,1.847998993090813362e-04
0.180000,0.000000000000000000e+00,0.000000000000000000e+00,7.590545813439337763e-01,9.999995133744730147e-01,0.000000000000000000e+00,-9.865347520850128223e-04,0.000000000000000000e+00,-3.133863218599072797e-01,0.000000000000000000e+00,0.000000000000000000e+00,6.691231722044294061e-01,-3.617368503445220762e-01,0.000000000000000000e+00,-3.364134919257340539e-01,0.000000000000000000e+00,0.000000000000000000e+00,6.937545172283301476e-01,-3.357180477635335336e-01,0.000000000000000000e+00,4.671605437491127858e-04,0.000000000000000000e+00,-4.340753613281248847e-03,2.011834733774977568e-01,2.198442798187502933e-01,3.737284349992902070e-04,6.655245955078125109e-01,-4.983045799990536455e-04,3.114403624994084878e-04,-2.491522899995268227e-04,1.988165266225022654e-01,-2.201557201812497089e-01,3.737284349992902070e-04,6.655245955078125109e-01,-4.983045799990536455e-04,-3.114403624994084878e-04,2.491522899995268227e-04
0.190000,0.000000000000000000e+00,0.000000000000000000e+00,7.589955420453396995e-01,9.999993562600669739e-01,0.000000000000000000e+00,-1.134671517081230555e-03,0.000000000000000000e+00,-3.135940653172859527e-01,0.000000000000000000e+00,0.000000000000000000e+00,6.691407920857018743e-01,-3.615467267684158714e-01,0.000000000000000000e+00,-3.400174091794930797e-01,0.000000000000000000e+00,0.000000000000000000e+00,6.973268251596888012e-01,-3.315386066845413815e-01,0.000000000000000000e+00,6.179904020209184105e-04,0.000000000000000000e+00,-4.992555746459960767e-03,2.015655756851196800e-01,2.197940031993263488e-01,4.943923216167346200e-04,6.663541618591308779e-01,-6.591897621556463407e-04,4.119936013472789223e-04,-3.295948810778231704e-04,1.984344243148803422e-01,-2.202059968006736534e-01,4.943923216167346200e-04,6.663541618591308779e-01,-6.591897621556463407e-04,-4.119936013472789223e-04,3.295948810778231704e-04
0.200000,0.000000000000000000e+00,0.000000000000000000e+00,7.589339444159611814e-01,9.999991628528809295e-01,0.000000000000000000e+00,-1.293944951425783424e-03,0.000000000000000000e+00,-3.138173028164793488e-01,0.000000000000000000e+00,0.000000000000000000e+00,6.691594816262896872e-01,-3.613421788098102883e-01,0.000000000000000000e+00,-3.438750446009488093e-01,0.000000000000000000e+00,0.000000000000000000e+00,7.011272639326000533e-01,-3.270217505816511716e-01,0.000000000000000000e+00,8.036613464355468099e-04,0.000000000000000000e+00,-5.693359375000000069e-03,2.020359420776367265e-01,2.197321128845214910e-01,6.429290771484374696e-04,6.672460937499999911e-01,-8.572387695312499957e-04,5.357742309570313151e-04,-4.286193847656249978e-04,1.979640579223632957e-01,-2.202678871154785112e-01,6.429290771484374696e-04,6.672460937499999911e-01,-8.572387695312499957e-04,-5.357742309570313151e-04,4.286193847656249978e-04
0.210000,0.000000000000000000e+00,0.000000000000000000e+00,7.588702540872054314e-01,9.999989280584711260e-01,0.000000000000000000e+00,-1.464200091750012889e-03,0.000000000000000000e+00,-3.140557904511488974e-01,0.000000000000000000e+00,0.000000000000000000e+00,6.691791676447960135e-01,-3.611233771936470660e-01,0.000000000000000000e+00,-3.479792552357785507e-01,0.000000000000000000e+00,0.000000000000000000e+00,7.051440955285424028e-01,-3.221672230747462673e-01,0.000000000000000000e+00,1.029064051564340578e-03,0.000000000000000000e+00,-6.442482705688474046e-03,2.026069622639630197e-01,2.196569786494785570e-01,8.232512412514725710e-04,6.681995234436035602e-01,-1.097668321668630095e-03,6.860427010428938634e-04,-5.488341608343150473e-04,1.973930377360370025e-01,-2.203430213505214452e-01,8.232512412514725710e-04,6.681995234436035602e-01,-1.097668321668630095e-03,-6.860427010428938634e-04,5.488341608343150473e-04
0.220000,0.000000000000000000e+00,0.000000000000000000e+00,7.588049760615199757e-01,9.999986466130759144e-01,0.000000000000000000e+00,-1.645227040993135510e-03,0.000000000000000000e+00,-3.143092061244862623e-01,0.000000000000000000e+00,0.000000000000000000e+00,6.691997680638458457e-01,-3.608905619393595332e-01,0.000000000000000000e+00,-3.523215206515987741e-01,0.000000000000000000e+00,0.000000000000000000e+00,7.093641324250747893e-01,-3.169762338437884797e-01,0.000000000000000000e+00,1.299251740139264729e-03,0.000000000000000000e+00,-7.239002246093749135e-03,2.032914377416861484e-01,2.195669160866202396e-01,1.039401392111411609e-03,6.692132755859375726e-01,-1.385868522815215552e-03,8.661678267595097468e-04,-6.929342614076077758e-04,1.967085622583138738e-01,-2.204330839133797626e-01,1.039401392111411609e-03,6.692132755859375726e-01,-1.385868522815215552e-03,-8.661678267595097468e-04,6.929342614076077758e-04
0.230000,0.000000000000000000e+00,0.000000000000000000e+00,7.587386484413318755e-01,9.999983131481051668e-01,0.000000000000000000e+00,-1.836763714836147894e-03,0.000000000000000000e+00,-3.145771537410958496e-01,0.000000000000000000e+00,0.000000000000000000e+00,6.692211929395688319e-01,-3.606440391984729321e-01,0.000000000000000000e+00,-3.568920652710086960e-01,0.000000000000000000e+00,0.000000000000000000e+00,7.137729329127839861e-01,-3.114514547084256124e-01,0.000000000000000000e+00,1.619378274287135416e-03,0.000000000000000000e+00,-8.081764889526367457e-03,2.041024249615274178e-01,2.194602072419042926e-01,1.295502619429708289e-03,6.702858825866699899e-01,-1.727336825906277936e-03,1.079585516191423683e-03,-8.636684129531389678e-04,1.958975750384726044e-01,-2.205397927580957096e-01,1.295502619429708289e-03,6.702858825866699899e-01,-1.727336825906277936e-03,-1.079585516191423683e-03,8.636684129531389678e-04
0.240000,0.000000000000000000e+00,0.000000000000000000e+00,7.586718357766463194e-01,9.999979222595944961e-01,0.000000000000000000e+00,-2.038498588175198349e-03,0.000000000000000000e+00,-3.148591674240457938e-01,0.000000000000000000e+00,0.000000000000000000e+00,6.692433455425891298e-01,-3.603841781185432858e-01,0.000000000000000000e+00,-3.616799804485993919e-01,0.000000000000000000e+00,0.000000000000000000e+00,7.183549968763996985e-01,-3.055970164278002388e-01,0.000000000000000000e+00,1.994631479999999131e-03,0.000000000000000000e+00,-8.969399999999998901e-03,2.050530664160000183e-01,2.193351228400000075e-01,1.595705183999999478e-03,6.714156000000000013e-01,-2.127606911999999160e-03,1.329754319999999854e-03,-1.063803455999999580e-03,1.949469335840000039e-01,-2.206648771599999947e-01,1.595705183999999478e-03,6.714156000000000013e-01,-2.127606911999999160e-03,-1.329754319999999854e-03,1.063803455999999580e-03
0.250000,0.000000000000000000e+00,0.000000000000000000e+00,7.586051221139330503e-01,9.999974685815495867e-01,0.000000000000000000e+00,-2.250073441643266232e-03,0.000000000000000000e+00,-3.151547157516778608e-01,0.000000000000000000e+00,0.000000000000000000e+00,6.692661234792749436e-01,-3.601114077275970327e-01,0.000000000000000000e+00,-3.666733451327237048e-01,0.000000000000000000e+00,0.000000000000000000e+00,7.230939593924701203e-01,-2.994185047321584747e-01,0.000000000000000000e+00,2.430162737709906651e-03,0.000000000000000000e+00,-9.900331497192382812e-03,2.061564122688651080e-01,2.191899457540966989e-01,1.944130190167925321e-03,6.726004219055176092e-01,-2.592173586890567094e-03,1.620108491806604434e-03,-1.296086793445283547e-03,1.938435877311349143e-01,-2.208100542459033033e-01,1.944130190167925321e-03,6.726004219055176092e-01,-2.592173586890567094e-03,-1.620108491806604434e-03,1.296086793445283547e-03
0.260000,0.000000000000000000e+00,0.000000000000000000e+00,7.585391038321291912e-01,9.999969468620620860e-01,0.000000000000000000e+00,-2.471086108188222212e-03,0.000000000000000000e+00,-3.154632060085502121e-01,0.000000000000000000e+00,0.000000000000000000e+00,6.692894198415720863e-01,-3.598262138330218241e-01,0.000000000000000000e+00,-3.718593440866979627e-01,0.000000000000000000e+00,0.000000000000000000e+00,7.279727797591587501e-01,-2.929229542271482578e-01,0.000000000000000000e+00,2.931013911816816170e-03,0.000000000000000000e+00,-1.087278994140625059e-02,2.074252352432692792e-01,2.190229953627277348e-01,2.344811129453452762e-03,6.738380962890625492e-01,-3.126414839271271073e-03,1.954009274544544258e-03,-1.563207419635635536e-03,1.925747647567307430e-01,-2.209770046372722674e-01,2.344811129453452762e-03,6.738380962890625492e-01,-3.126414839271271073e-03,-1.954009274544544258e-03,1.563207419635635536e-03
0.270000,0.000000000000000000e+00,0.000000000000000000e+00,7.584743823535072815e-01,9.999963520410554141e-01,0.000000000000000000e+00,-2.701093219714244525e-03,0.000000000000000000e+00,-3.157839884447642409e-01,0.000000000000000000e+00,0.000000000000000000e+00,6.693131243734946612e-01,-3.595291359287303701e-01,0.000000000000000000e+00,-3.772243827955379381e-01,0.000000000000000000e+00,0.000000000000000000e+00,7.329739238778663069e-01,-2.861188389644083729e-01,0.000000000000000000e+00,3.502042716030329995e-03,0.000000000000000000e+00,-1.188482461853027604e-02,2.088718415472768375e-01,2.188326524279898821e-01,2.801634172824264343e-03,6.751261404235839869e-01,-3.735512230432352747e-03,2.334695144020220575e-03,-1.867756115216176373e-03,1.911281584527231847e-01,-2.211673475720101201e-01,2.801634172824264343e-03,6.751261404235839869e-01,-3.735512230432352747e-03,-2.334695144020220575e-03,1.867756115216176373e-03
0.280000,0.000000000000000000e+00,0.000000000000000000e+00,7.584115568178736444e-01,9.999956793285068590e-01,0.000000000000000000e+00,-2.939612953792054319e-03,0.000000000000000000e+00,-3.161163605378753960e-01,0.000000000000000000e+00,0.000000000000000000e+00,6.693371246422606946e-01,-3.592207641043852484e-01,0.000000000000000000e+00,-3.827541983441896667e-01,0.000000000000000000e+00,0.000000000000000000e+00,7.380795382327457466e-01,-2.790160586385560526e-01,0.000000000000000000e+00,4.147847620341797541e-03,0.000000000000000000e+00,-1.293431562500000319e-02,2.105078806381992240e-01,2.186173841265527384e-01,3.318278096273438466e-03,6.764618562499999932e-01,-4.424370795031252156e-03,2.765231746894532272e-03,-2.212185397515626078e-03,1.894921193618007982e-01,-2.213826158734472638e-01,3.318278096273438466e-03,6.764618562499999932e-01,-4.424370795031252156e-03,-2.765231746894532272e-03,2.212185397515626078e-03
0.290000,0.000000000000000000e+00,0.000000000000000000e+00,7.583512168081476545e-01,9.999949242820018736e-01,0.000000000000000000e+00,-3.186127780441890336e-03,0.000000000000000000e+00,-3.164595712516113379e-01,0.000000000000000000e+00,0.000000000000000000e+00,6.693613072021249444e-01,-3.589017359505135563e-01,0.000000000000000000e+00,-3.884339657133075718e-01,0.000000000000000000e+00,0.000000000000000000e+00,7.432716140459633136e-01,-2.716259195423725292e-01,0.000000000000000000e+00,4.872693400255736530e-03,0.000000000000000000e+00,-1.401898595275878102e-02,2.123441566139812053e-01,2.183757688665814156e-01,3.898154720204589137e-03,6.778423457580566858e-01,-5.197539626939451894e-03,3.248462266837157976e-03,-2.598769813469725947e-03,1.876558433860188169e-01,-2.216242311334185866e-01,3.898154720204589137e-03,6.778423457580566858e-01,-5.197539626939451894e-03,-3.248462266837157976e-03,2.598769813469725947e-03
0.300000,0.000000000000000000e+00,0.000000000000000000e+00,7.582939352138980960e-01,9.999940828824911421e-01,0.000000000000000000e+00,-3.440087208991146096e-03,0.000000000000000000e+00,-3.168128252857203564e-01,0.000000000000000000e+00,0.000000000000000000e+00,6.693855587391775996e-01,-3.585727334534571931e-01,0.000000000000000000e+00,-3.942483990923207893e-01,0.000000000000000000e+00,0.000000000000000000e+00,7.485321405099828462e-01,-2.639611095817245290e-01,0.000000000000000000e+00,5.680438410490748491e-03,0.000000000000000000e+00,-1.513641357421874681e-02,2.143904439732432499e-01,2.181065205298364229e-01,4.544350728392599660e-03,6.792645263671874822e-01,-6.059134304523465346e-03,3.786958940327165950e-03,-3.029567152261732673e-03,1.856095560267567723e-01,-2.218934794701635793e-01,4.544350728392599660e-03,6.792645263671874822e-01,-6.059134304523465346e-03,-3.786958940327165950e-03,3.029567152261732673e-03
0.310000,0.000000000000000000e+00,0.000000000000000000e+00,7.582402613169556549e-01,9.999931516071557391e-01,0.000000000000000000e+00,-3.700910535006587607e-03,0.000000000000000000e+00,-3.171752873114200844e-01,0.000000000000000000e+00,0.000000000000000000e+00,6.694097671857155429e-01,-3.582344798742954084e-01,0.000000000000000000e+00,-4.001818479515620863e-01,0.000000000000000000e+00,0.000000000000000000e+00,7.538432463022913810e-01,-2.560356668138640268e-01,0.000000000000000000e+00,6.574464634622730584e-03,0.000000000000000000e+00,-1.628404352722167756e-02,2.166553104077109382e-01,2.178085117884590860e-01,5.259571707698184988e-03,6.807251463073731301e-01,-7.012762276930913606e-03,4.382976423081820679e-03,-3.506381138465456803e-03,1.833446895922890840e-01,-2.221914882115409162e-01,5.259571707698184988e-03,6.807251463073731301e-01,-7.012762276930913606e-03,-4.382976423081820679e-03,3.506381138465456803e-03
0.320000,0.000000000000000000e+00,0.000000000000000000e+00,7.581907141798462924e-01,9.999921274983294417e-01,0.000000000000000000e+00,-3.967989587298993183e-03,0.000000000000000000e+00,-3.175460861871429730e-01,0.000000000000000000e+00,0.000000000000000000e+00,6.694338227932642438e-01,-3.578877366061212206e-01,0.000000000000000000e+00,-4.062183877420174061e-01,0.000000000000000000e+00,0.000000000000000000e+00,7.591873288651808105e-01,-2.478649411231633737e-01,0.000000000000000000e+00,7.557611520000000194e-03,0.000000000000000000e+00,-1.745920000000000111e-02,2.191459491840000162e-01,2.174807961599999895e-01,6.046089215999999288e-03,6.822208000000000716e-01,-8.061452287999999050e-03,5.038407679999999840e-03,-4.030726143999999525e-03,1.808540508160000060e-01,-2.225192038400000127e-01,6.046089215999999288e-03,6.822208000000000716e-01,-8.061452287999999050e-03,-5.038407679999999840e-03,4.030726143999999525e-03
0.330000,0.000000000000000000e+00,0.000000000000000000e+00,7.581457764135829391e-01,9.999910082274809930e-01,0.000000000000000000e+00,-4.240691474995769705e-03,0.000000000000000000e+00,-3.179243191495434995e-01,0.000000000000000000e+00,0.000000000000000000e+00,6.694576191539149956e-01,-3.575333000043714460e-01,0.000000000000000000e+00,-4.123419052006044860e-01,0.000000000000000000e+00,0.000000000000000000e+00,7.645471711786598901e-01,-2.394655487844518094e-01,0.000000000000000000e+00,8.632114554622614955e-03,0.000000000000000000e+00,-1.865909841613769271e-02,2.218680235383773125e-01,2.171226284817924512e-01,6.905691643698091617e-03,6.837479434387206956e-01,-9.207588858264123891e-03,5.754743036415076347e-03,-4.603794429132061945e-03,1.781319764616227097e-01,-2.228773715182075510e-01,6.905691643698091617e-03,6.837479434387206956e-01,-9.207588858264123891e-03,-5.754743036415076347e-03,4.603794429132061945e-03
0.340000,0.000000000000000000e+00,0.000000000000000000e+00,7.581058883963707196e-01,9.999897921533246192e-01,0.000000000000000000e+00,-4.518361334675024057e-03,0.000000000000000000e+00,-3.183090559750471615e-01,0.000000000000000000e+00,0.000000000000000000e+00,6.694810541603125609e-01,-3.571719981852653492e-01,0.000000000000000000e+00,-4.185361783298601757e-01,0.000000000000000000e+00,0.000000000000000000e+00,7.699060459658951805e-01,-2.308553197844724902e-01,0.000000000000000000e+00,9.799549480460382697e-03,0.000000000000000000e+00,-1.988085751953124619e-02,2.248255253504996554e-01,2.167334835065131970e-01,7.839639584368306158e-03,6.853029095703124796e-01,-1.045285277915774212e-02,6.533032986973589910e-03,-5.226426389578871061e-03,1.751744746495003668e-01,-2.232665164934868052e-01,7.839639584368306158e-03,6.853029095703124796e-01,-1.045285277915774212e-02,-6.533032986973589910e-03,5.226426389578871061e-03
0.350000,0.000000000000000000e+00,0.000000000000000000e+00,7.580714430091154421e-01,9.999884783732009286e-01,0.000000000000000000e+00,-4.800325077552453426e-03,0.000000000000000000e+00,-3.186993431076005079e-01,0.000000000000000000e+00,0.000000000000000000e+00,6.695040308954237629e-01,-3.568046877878232048e-01,0.000000000000000000e+00,-4.247849511937299427e-01,0.000000000000000000e+00,0.000000000000000000e+00,7.752478074478000858e-01,-2.220532378763845349e-01,0.000000000000000000e+00,1.106078296679697745e-02,0.000000000000000000e+00,-2.112151145935058441e-02,2.280206501825523535e-01,2.163130723444010028e-01,8.848626373437581266e-03,6.868819236755371316e-01,-1.179816849791677676e-02,7.373855311197986123e-03,-5.899084248958388378e-03,1.719793498174476687e-01,-2.236869276555989994e-01,8.848626373437581266e-03,6.868819236755371316e-01,-1.179816849791677676e-02,-7.373855311197986123e-03,5.899084248958388378e-03
0.360000,0.000000000000000000e+00,0.000000000000000000e+00,7.580427809473299083e-01,9.999870667669525925e-01,0.000000000000000000e+00,-5.085892136710486525e-03,0.000000000000000000e+00,-3.190942077486755846e-01,0.000000000000000000e+00,0.000000000000000000e+00,6.695264584440564493e-01,-3.564322506953808145e-01,0.000000000000000000e+00,-4.310720037267346538e-01,0.000000000000000000e+00,0.000000000000000000e+00,7.805569709077988527e-01,-2.130793734310642007e-01,0.000000000000000000e+00,1.241593048854491843e-02,0.000000000000000000e+00,-2.237802187499999748e-02,2.314536905709804748e-01,2.158613565038183524e-01,9.932744390835935092e-03,6.884811187500000651e-01,-1.324365918778124679e-02,8.277286992363280110e-03,-6.621829593890623394e-03,1.685463094290195474e-01,-2.241386434961816498e-01,9.932744390835935092e-03,6.884811187500000651e-01,-1.324365918778124679e-02,-8.277286992363280110e-03,6.621829593890623394e-03
0.370000,0.000000000000000000e+00,0.000000000000000000e+00,7.580201866621932849e-01,9.999855580326066917e-01,0.000000000000000000e+00,-5.374358214357399105e-03,0.000000000000000000e+00,-3.194926619060335926e-01,0.000000000000000000e+00,0.000000000000000000e+00,6.695482526190438266e-01,-3.560555907130101838e-01,0.000000000000000000e+00,-4.373812167937962125e-01,0.000000000000000000e+00,0.000000000000000000e+00,7.858187804422430700e-01,-2.039548092233979260e-01,0.000000000000000000e+00,1.386432206898952080e-02,0.000000000000000000e+00,-2.364728998107910179e-02,2.351229492414401434e-01,2.153785593103368368e-01,1.109145765519161698e-02,6.900965508850097629e-01,-1.478861020692215714e-02,9.242881379326349511e-03,-7.394305103461078568e-03,1.648770507585598788e-01,-2.246214406896631655e-01,1.109145765519161698e-02,6.900965508850097629e-01,-1.478861020692215714e-02,-9.242881379326349511e-03,7.394305103461078568e-03
0.380000,0.000000000000000000e+00,0.000000000000000000e+00,7.580038849762089637e-01,9.999839537132734213e-01,0.000000000000000000e+00,-5.665008029102590152e-03,0.000000000000000000e+00,-3.198937063982238982e-01,0.000000000000000000e+00,0.000000000000000000e+00,6.695693365959959342e-01,-3.556756301977719859e-01,0.000000000000000000e+00,-4.436966327643990793e-01,0.000000000000000000e+00,0.000000000000000000e+00,7.910192653598112633e-01,-1.947015593532246402e-01,0.000000000000000000e+00,1.540447645500208317e-02,0.000000000000000000e+00,-2.492616865234374354e-02,2.390246736860052734e-01,2.148651745149993131e-01,1.232358116400166480e-02,6.917242146484374743e-01,-1.643144155200221973e-02,1.026965097000138993e-02,-8.215720776001109865e-03,1.609753263139947488e-01,-2.251348254850006891e-01,1.232358116400166480e-02,6.917242146484374743e-01,-1.643144155200221973e-02,-1.026965097000138993e-02,8.215720776001109865e-03
0.390000,0.000000000000000000e+00,0.000000000000000000e+00,7.579940384111887308e-01,9.999822562147694383e-01,0.000000000000000000e+00,-5.957118063233072386e-03,0.000000000000000000e+00,-3.202963348122978005e-01,0.000000000000000000e+00,0.000000000000000000e+00,6.695896414515691841e-01,-3.552933066392713335e-01,0.000000000000000000e+00,-4.500025118797649215e-01,0.000000000000000000e+00,0.000000000000000000e+00,7.961452857583748433e-01,-1.853424815507290768e-01,0.000000000000000000e+00,1.703408419632642876e-02,0.000000000000000000e+00,-2.621147450866698897e-02,2.431530132973603042e-01,2.143219719345578478e-01,1.362726735706114300e-02,6.933600584655762455e-01,-1.816968980941485734e-02,1.135605613088428757e-02,-9.084844904707428670e-03,1.568469867026397180e-01,-2.256780280654421544e-01,1.362726735706114300e-02,6.933600584655762455e-01,-1.816968980941485734e-02,-1.135605613088428757e-02,9.084844904707428670e-03
0.400000,0.000000000000000000e+00,0.000000000000000000e+00,7.579907452582463900e-01,9.999804688135781605e-01,0.000000000000000000e+00,-6.249959309975306951e-03,0.000000000000000000e+00,-3.206995374127367127e-01,0.000000000000000000e+00,0.000000000000000000e+00,6.696091066012889170e-01,-3.549095691885521542e-01,0.000000000000000000e+00,-4.562833846976043772e-01,0.000000000000000000e+00,0.000000000000000000e+00,8.011845678542730553e-01,-1.759011831566685835e-01,0.000000000000000000e+00,1.874999999999999931e-02,0.000000000000000000e+00,-2.750000000000000014e-02,2.474999999999999978e-01,2.137499999999999956e-01,1.499999999999999944e-02,6.950000000000000622e-01,-2.000000000000000042e-02,1.250000000000000069e-02,-1.000000000000000021e-02,1.525000000000000244e-01,-2.262500000000000067e-01,1.499999999999999944e-02,6.950000000000000622e-01,-2.000000000000000042e-02,-1.250000000000000069e-02,1.000000000000000021e-02
0.410000,0.000000000000000000e+00,0.000000000000000000e+00,7.579940384111887308e-01,9.999785956548713495e-01,0.000000000000000000e+00,-6.542800020726088905e-03,0.000000000000000000e+00,-3.211023050001395873e-01,0.000000000000000000e+00,0.000000000000000000e+00,6.696276801340826923e-01,-3.545253751339430548e-01,0.000000000000000000e+00,-4.625241008979987800e-01,0.000000000000000000e+00,0.000000000000000000e+00,8.061257296705797160e-01,-1.664019211004617027e-01,0.000000000000000000e+00,2.054824462723463599e-02,0.000000000000000000e+00,-2.878852549133300437e-02,2.520555530556610746e-01,2.131505851242551097e-01,1.643859570178770810e-02,6.966399415344238788e-01,-2.191812760238361080e-02,1.369882975148975675e-02,-1.095906380119180540e-02,1.479444469443389476e-01,-2.268494148757448925e-01,1.643859570178770810e-02,6.966399415344238788e-01,-2.191812760238361080e-02,-1.369882975148975675e-02,1.095906380119180540e-02
0.420000,0.000000000000000000e+00,0.000000000000000000e+00,7.580038849762089637e-01,9.999766417404206686e-01,0.000000000000000000e+00,-6.834908452236035728e-03,0.000000000000000000e+00,-3.215036327187666965e-01,0.000000000000000000e+00,0.000000000000000000e+00,6.696453190418316659e-01,-3.541416863230649192e-01,0.000000000000000000e+00,-4.687098747281105426e-01,0.000000000000000000e+00,0.000000000000000000e+00,8.109582977113157787e-01,-1.568694962253927017e-01,0.000000000000000000e+00,2.242401649406458239e-02,0.000000000000000000e+00,-3.007383134765624633e-02,2.568075084516303064e-01,2.125253278353118058e-01,1.793921319525166452e-02,6.982757853515625390e-01,-2.391895092700222283e-02,1.494934432937638884e-02,-1.195947546350111142e-02,1.431924915483697436e-01,-2.274746721646881964e-01,1.793921319525166452e-02,6.982757853515625390e-01,-2.391895092700222283e-02,-1.494934432937638884e-02,1.195947546350111142e-02
0.430000,0.000000000000000000e+00,0.000000000000000000e+00,7.580201866621932849e-01,9.999746129063455946e-01,0.000000000000000000e+00,-7.125555613729545046e-03,0.000000000000000000e+00,-3.219025238125979294e-01,0.000000000000000000e+00,0.000000000000000000e+00,6.696619893433929382e-01,-3.537594655307949587e-01,0.000000000000000000e+00,-4.748263273546333707e-01,0.000000000000000000e+00,0.000000000000000000e+00,8.156727152610036002e-01,-1.473291423314190274e-01,0.000000000000000000e+00,2.437171302968287045e-02,0.000000000000000000e+00,-3.135271001892089154e-02,2.617416730085299625e-01,2.118760956567723730e-01,1.949737042374629498e-02,6.999034491149902504e-01,-2.599649389832839330e-02,1.624780868645524928e-02,-1.299824694916419665e-02,1.382583269914700597e-01,-2.281239043432276292e-01,1.949737042374629498e-02,6.999034491149902504e-01,-2.599649389832839330e-02,-1.624780868645524928e-02,1.299824694916419665e-02
0.440000,0.000000000000000000e+00,0.000000000000000000e+00,7.580427809473299083e-01,9.999725157907535245e-01,0.000000000000000000e+00,-7.414018013945787751e-03,0.000000000000000000e+00,-3.222979933301350908e-01,0.000000000000000000e+00,0.000000000000000000e+00,6.696776661037190381e-01,-3.533796727735838972e-01,0.000000000000000000e+00,-4.808595263827507571e-01,0.000000000000000000e+00,0.000000000000000000e+00,8.202603429560973991e-01,-1.378064103233466176e-01,0.000000000000000000e+00,2.638496173854491464e-02,0.000000000000000000e+00,-3.262197812499999933e-02,2.668419030709804907e-01,2.112050127538183664e-01,2.110796939083593379e-02,7.015188812500000592e-01,-2.814395918778124506e-02,1.758997449236327990e-02,-1.407197959389062253e-02,1.331580969290195315e-01,-2.287949872461816359e-01,2.110796939083593379e-02,7.015188812500000592e-01,-2.814395918778124506e-02,-1.758997449236327990e-02,1.407197959389062253e-02
0.450000,0.000000000000000000e+00,0.000000000000000000e+00,7.580714430091154421e-01,9.999703577914393904e-01,0.000000000000000000e+00,-7.699580408086416361e-03,0.000000000000000000e+00,-3.226890717787372909e-01,0.000000000000000000e+00,0.000000000000000000e+00,6.696923333498481234e-01,-3.530032615711107824e-01,0.000000000000000000e+00,-4.867960227902459192e-01,0.000000000000000000e+00,0.000000000000000000e+00,8.247134522790307010e-01,-1.283270478664703118e-01,0.000000000000000000e+00,2.845666080493174099e-02,0.000000000000000000e+00,-3.387848854064941240e-02,2.720902073724937864e-01,2.105144463983560921e-01,2.276532864394539488e-02,7.031180763244628817e-01,-3.035377152526052766e-02,1.897110720328782849e-02,-1.517688576263026383e-02,1.279097926275062636e-01,-2.294855536016439101e-01,2.276532864394539488e-02,7.031180763244628817e-01,-3.035377152526052766e-02,-1.897110720328782849e-02,1.517688576263026383e-02
0.460000,0.000000000000000000e+00,0.000000000000000000e+00,7.581058883963707196e-01,9.999681470139236694e-01,0.000000000000000000e+00,-7.981538544657143866e-03,0.000000000000000000e+00,-3.230748087298426219e-01,0.000000000000000000e+00,0.000000000000000000e+00,6.697059838866804560e-01,-3.526311751568377839e-01,0.000000000000000000e+00,-4.926228855164086484e-01,0.000000000000000000e+00,0.000000000000000000e+00,8.290252126287238621e-01,-1.189168749638777056e-01,0.000000000000000000e+00,3.057902897264786965e-02,0.000000000000000000e+00,-3.511914248046874021e-02,2.774668733973746360e-01,2.098069903424507054e-01,2.446322317811829364e-02,7.046970904296875338e-01,-3.261763090415772948e-02,2.038601931509858092e-02,-1.630881545207886474e-02,1.225331266026254140e-01,-2.301930096575492968e-01,2.446322317811829364e-02,7.046970904296875338e-01,-3.261763090415772948e-02,-2.038601931509858092e-02,1.630881545207886474e-02
0.470000,0.000000000000000000e+00,0.000000000000000000e+00,7.581457764135829391e-01,9.999658922102161451e-01,0.000000000000000000e+00,-8.259201912192174963e-03,0.000000000000000000e+00,-3.234542763769794327e-01,0.000000000000000000e+00,0.000000000000000000e+00,6.697186190165778097e-01,-3.522643426395983268e-01,0.000000000000000000e+00,-4.983277339382939375e-01,0.000000000000000000e+00,0.000000000000000000e+00,8.331896726246923457e-01,-1.096016558800018137e-01,0.000000000000000000e+00,3.274366432879254746e-02,0.000000000000000000e+00,-3.634090158386230757e-02,2.829506162996078267e-01,2.090854452237358163e-01,2.619493146303403935e-02,7.062520565612793177e-01,-3.492657528404538581e-02,2.182910955252836960e-02,-1.746328764202269290e-02,1.170493837003922094e-01,-2.309145547762641859e-01,2.619493146303403935e-02,7.062520565612793177e-01,-3.492657528404538581e-02,-2.182910955252836960e-02,1.746328764202269290e-02
0.480000,0.000000000000000000e+00,0.000000000000000000e+00,7.581907141798462924e-01,9.999636027087959178e-01,0.000000000000000000e+00,-8.531896485852638254e-03,0.000000000000000000e+00,-3.238265730489989780e-01,0.000000000000000000e+00,0.000000000000000000e+00,6.697302481678862884e-01,-3.519036751188872603e-01,0.000000000000000000e+00,-5.038987684622620034e-01,0.000000000000000000e+00,0.000000000000000000e+00,8.372017363063173345e-01,-1.004069678440553393e-01,0.000000000000000000e+00,3.494161151999999188e-02,0.000000000000000000e+00,-3.754079999999999917e-02,2.885187491840000007e-01,2.083527961599999923e-01,2.795328921599999142e-02,7.077792000000000527e-01,-3.727105228799999087e-02,2.329440767999999690e-02,-1.863552614399999544e-02,1.114812508160000354e-01,-2.316472038400000100e-01,2.795328921599999142e-02,7.077792000000000527e-01,-3.727105228799999087e-02,-2.329440767999999690e-02,1.863552614399999544e-02
0.490000,0.000000000000000000e+00,0.000000000000000000e+00,7.582402613169556549e-01,9.999612883364001892e-01,0.000000000000000000e+00,-8.798967473892733634e-03,0.000000000000000000e+00,-3.241908266814863548e-01,0.000000000000000000e+00,0.000000000000000000e+00,6.697408884385467331e-01,-3.515500617570603281e-01,0.000000000000000000e+00,-5.093247994569534143e-01,0.000000000000000000e+00,0.000000000000000000e+00,8.410571348950331982e-01,-9.135806697494497364e-02,0.000000000000000000e+00,3.716343683310906199e-02,0.000000000000000000e+00,-3.871595647277831925e-02,2.941473733105429700e-01,2.076121877222969758e-01,2.973074946648725236e-02,7.092748536926269942e-01,-3.964099928864966982e-02,2.477562455540604364e-02,-1.982049964432483491e-02,1.058526266894570383e-01,-2.323878122777030264e-01,2.973074946648725236e-02,7.092748536926269942e-01,-3.964099928864966982e-02,-2.477562455540604364e-02,1.982049964432483491e-02
0.500000,0.000000000000000000e+00,0.000000000000000000e+00,7.582939352138980960e-01,9.999589593323082726e-01,0.000000000000000000e+00,-9.059782063989694351e-03,0.000000000000000000e+00,-3.245461982497827025e-01,0.000000000000000000e+00,0.000000000000000000e+00,6.697505640619066947e-01,-3.512043658121239420e-01,0.000000000000000000e+00,-5.145952747549040751e-01,0.000000000000000000e+00,0.000000000000000000e+00,8.447523947951606216e-01,-8.247975187619405180e-02,0.000000000000000000e+00,3.939931048080325127e-02,0.000000000000000000e+00,-3.986358642578125000e-02,2.998115865513682476e-01,2.068668965063989174e-01,3.151944838464260101e-02,7.107354736328125311e-01,-4.202593117952346802e-02,2.626620698720216751e-02,-2.101296558976173401e-02,1.001884134486317746e-01,-2.331331034936010849e-01,3.151944838464260101e-02,7.107354736328125311e-01,-4.202593117952346802e-02,-2.626620698720216751e-02,2.101296558976173401e-02
0.510000,0.000000000000000000e+00,0.000000000000000000e+00,7.583512168081476545e-01,9.999566262558972074e-01,0.000000000000000000e+00,-9.313732169436927943e-03,0.000000000000000000e+00,-3.248918851675251518e-01,0.000000000000000000e+00,0.000000000000000000e+00,6.697593058027985213e-01,-3.508674206352733194e-01,0.000000000000000000e+00,-5.197003059539423431e-01,0.000000000000000000e+00,0.000000000000000000e+00,8.482848025190320440e-01,-7.379622535537289085e-02,0.000000000000000000e+00,4.163909534727721490e-02,0.000000000000000000e+00,-4.098101404724120711e-02,3.054857082131022805e-01,2.061203015509076031e-01,3.331127627782177331e-02,7.121576542419434386e-01,-4.441503503709570005e-02,2.775939689818481340e-02,-2.220751751854785003e-02,9.451429178689772781e-02,-2.338796984490923991e-01,3.331127627782177331e-02,7.121576542419434386e-01,-4.441503503709570005e-02,-2.775939689818481340e-02,2.220751751854785003e-02
0.520000,0.000000000000000000e+00,0.000000000000000000e+00,7.584115568178736444e-01,9.999542998883268474e-01,0.000000000000000000e+00,-9.560237175202233872e-03,0.000000000000000000e+00,-3.252271246550254569e-01,0.000000000000000000e+00,0.000000000000000000e+00,6.697671502927724507e-01,-3.505400256377469437e-01,0.000000000000000000e+00,-5.246306937558867789e-01,0.000000000000000000e+00,0.000000000000000000e+00,8.516523672332592110e-01,-6.533095472737238119e-02,0.000000000000000000e+00,4.387244137034180397e-02,0.000000000000000000e+00,-4.206568437500000229e-02,3.111435181381992932e-01,2.053758528765527447e-01,3.509795309627344179e-02,7.135381437500000201e-01,-4.679727079503126497e-02,2.924829424689454060e-02,-2.339863539751563248e-02,8.885648186180075681e-02,-2.346241471234472575e-01,3.509795309627344179e-02,7.135381437500000201e-01,-4.679727079503126497e-02,-2.924829424689454060e-02,2.339863539751563248e-02
0.530000,0.000000000000000000e+00,0.000000000000000000e+00,7.584743823535072815e-01,9.999519911292870100e-01,0.000000000000000000e+00,-9.798746683856329742e-03,0.000000000000000000e+00,-3.255511970821963752e-01,0.000000000000000000e+00,0.000000000000000000e+00,6.697741393141460886e-01,-3.502229422319496632e-01,0.000000000000000000e+00,-5.293779525886215254e-01,0.000000000000000000e+00,0.000000000000000000e+00,8.548537816352395069e-01,-5.710653116453789924e-02,0.000000000000000000e+00,4.608888466549320578e-02,0.000000000000000000e+00,-4.311517538146972250e-02,3.167585078192494685e-01,2.046370384448356061e-01,3.687110773239456185e-02,7.148738595764160264e-01,-4.916147697652609172e-02,3.072592311032881079e-02,-2.458073848826304586e-02,8.324149218075053980e-02,-2.353629615551643961e-01,3.687110773239456185e-02,7.148738595764160264e-01,-4.916147697652609172e-02,-3.072592311032881079e-02,2.458073848826304586e-02
0.540000,0.000000000000000000e+00,0.000000000000000000e+00,7.585391038321291912e-01,9.999497108898013353e-01,0.000000000000000000e+00,-1.002874326137969709e-02,0.000000000000000000e+00,-3.258634292910789765e-01,0.000000000000000000e+00,0.000000000000000000e+00,6.697803190432057852e-01,-3.499168897521267585e-01,0.000000000000000000e+00,-5.339343347676979157e-01,0.000000000000000000e+00,0.000000000000000000e+00,8.578883818812877982e-01,-4.914452855890227845e-02,0.000000000000000000e+00,4.827795043525434648e-02,0.000000000000000000e+00,-4.412721005859376877e-02,3.223041411026443814e-01,2.039073498549152097e-01,3.862236034820348135e-02,7.161619037109375752e-01,-5.149648046427131309e-02,3.218530029016956895e-02,-2.574824023213565655e-02,7.769585889735565465e-02,-2.360926501450847925e-01,3.862236034820348135e-02,7.161619037109375752e-01,-5.149648046427131309e-02,-3.218530029016956895e-02,2.574824023213565655e-02
0.550000,0.000000000000000000e+00,0.000000000000000000e+00,7.586051221139330503e-01,9.999474699821417900e-01,0.000000000000000000e+00,-1.024974518285866679e-02,0.000000000000000000e+00,-3.261631979033038364e-01,0.000000000000000000e+00,0.000000000000000000e+00,6.697857392634523066e-01,-3.496225413601484200e-01,0.000000000000000000e+00,-5.382928544645807500e-01,0.000000000000000000e+00,0.000000000000000000e+00,8.607561072993278328e-01,-4.146536236233500095e-02,0.000000000000000000e+00,5.042925865445795075e-02,0.000000000000000000e+00,-4.509966850280761747e-02,3.277541219246268289e-01,2.031902471151806888e-01,4.034340692356636060e-02,7.173995780944824041e-01,-5.379120923142181876e-02,3.361950576963863846e-02,-2.689560461571090938e-02,7.224587807537319328e-02,-2.368097528848193134e-01,4.034340692356636060e-02,7.173995780944824041e-01,-5.379120923142181876e-02,-3.361950576963863846e-02,2.689560461571090938e-02
0.560000,0.000000000000000000e+00,0.000000000000000000e+00,7.586718357766463194e-01,9.999452790079468301e-01,0.000000000000000000e+00,-1.046130917808440683e-02,0.000000000000000000e+00,-3.264499326180657079e-01,0.000000000000000000e+00,0.000000000000000000e+00,6.697904525602539350e-01,-3.493405199421881768e-01,0.000000000000000000e+00,-5.424473117598487271e-01,0.000000000000000000e+00,0.000000000000000000e+00,8.634574606289512344e-01,-3.408814886910260800e-02,0.000000000000000000e+00,5.253263147999996663e-02,0.000000000000000000e+00,-4.603059999999999097e-02,3.330826664159999284e-01,2.024891228400000076e-01,4.202610518399997608e-02,7.185844000000000120e-01,-5.603480691199997504e-02,3.502175431999998700e-02,-2.801740345599998752e-02,6.691733358400009379e-02,-2.375108771599999946e-01,4.202610518399997608e-02,7.185844000000000120e-01,-5.603480691199997504e-02,-3.502175431999998700e-02,2.801740345599998752e-02
0.570000,0.000000000000000000e+00,0.000000000000000000e+00,7.587386484413318755e-01,9.999431482456713205e-01,0.000000000000000000e+00,-1.066303317707084121e-02,0.000000000000000000e+00,-3.267231195063518556e-01,0.000000000000000000e+00,0.000000000000000000e+00,6.697945135085897617e-01,-3.490713940022378559e-01,0.000000000000000000e+00,-5.463923170701596721e-01,0.000000000000000000e+00,0.000000000000000000e+00,8.659934695385327341e-01,-2.703056540172266153e-02,0.000000000000000000e+00,5.457820130285159776e-02,0.000000000000000000e+00,-4.691823511047363976e-02,3.382647766338907624e-01,2.018072662323827926e-01,4.366256104228127821e-02,7.197141174133301345e-01,-5.821674805637503530e-02,3.638546753523440314e-02,-2.910837402818751765e-02,6.173522336610928751e-02,-2.381927337676172096e-01,4.366256104228127821e-02,7.197141174133301345e-01,-5.821674805637503530e-02,-3.638546753523440314e-02,2.910837402818751765e-02
0.580000,0.000000000000000000e+00,0.000000000000000000e+00,7.588049760615199757e-01,9.999410875385161823e-01,0.000000000000000000e+00,-1.085455905550962788e-02,0.000000000000000000e+00,-3.269823043072825342e-01,0.000000000000000000e+00,0.000000000000000000e+00,6.697979778657742189e-01,-3.488156735584916346e-01,0.000000000000000000e+00,-5.501233162469090221e-01,0.000000000000000000e+00,0.000000000000000000e+00,8.683656501720522503e-01,-2.030871185483085206e-02,0.000000000000000000e+00,5.655651834170172254e-02,0.000000000000000000e+00,-4.776099775390622859e-02,3.432765131323110008e-01,2.011478272194327510e-01,4.524521467336137942e-02,7.207867244140625518e-01,-6.032695289781516562e-02,3.770434556113447938e-02,-3.016347644890758281e-02,5.672348686768899362e-02,-2.388521727805672512e-01,4.524521467336137942e-02,7.207867244140625518e-01,-6.032695289781516562e-02,-3.770434556113447938e-02,3.016347644890758281e-02
0.590000,0.000000000000000000e+00,0.000000000000000000e+00,7.588702540872054314e-01,9.999391061839857375e-01,0.000000000000000000e+00,-1.103557538018232025e-02,0.000000000000000000e+00,-3.272270957324532881e-01,0.000000000000000000e+00,0.000000000000000000e+00,6.698009017811167309e-01,-3.485738060486633927e-01,0.000000000000000000e+00,-5.536366166513065901e-01,0.000000000000000000e+00,0.000000000000000000e+00,8.705759734758800050e-01,-1.393697404259086614e-02,0.000000000000000000e+00,5.845865667241397640e-02,0.000000000000000000e+00,-4.855751729431153491e-02,3.480952635701154430e-01,2.005137811091953493e-01,4.676692533793118389e-02,7.218004765563965641e-01,-6.235590045057490954e-02,3.897243778160932454e-02,-3.117795022528745477e-02,5.190473642988460701e-02,-2.394862188908046530e-01,4.676692533793118389e-02,7.218004765563965641e-01,-6.235590045057490954e-02,-3.897243778160932454e-02,3.117795022528745477e-02
0.600000,0.000000000000000000e+00,0.000000000000000000e+00,7.589339444159611814e-01,9.999372128262196124e-01,0.000000000000000000e+00,-1.120582015435059135e-02,0.000000000000000000e+00,-3.274571687841319467e-01,0.000000000000000000e+00,0.000000000000000000e+00,6.698033410343618987e-01,-3.483461722502299018e-01,0.000000000000000000e+00,-5.569294145142513752e-01,0.000000000000000000e+00,0.000000000000000000e+00,8.726268350468456836e-01,-7.927889282594358100e-03,0.000000000000000000e+00,6.027631759643554271e-02,0.000000000000000000e+00,-4.930664062500000194e-02,3.527000045776367276e-01,1.999078941345214799e-01,4.822105407714843278e-02,7.227539062500000222e-01,-6.429473876953124833e-02,4.018421173095703541e-02,-3.214736938476562417e-02,4.729999542236326682e-02,-2.400921058654785223e-01,4.822105407714843278e-02,7.227539062500000222e-01,-6.429473876953124833e-02,-4.018421173095703541e-02,3.214736938476562417e-02
0.610000,0.000000000000000000e+00,0.000000000000000000e+00,7.589955420453396995e-01,9.999354153522129751e-01,0.000000000000000000e+00,-1.136508356314697328e-02,0.000000000000000000e+00,-3.276722680930390652e-01,0.000000000000000000e+00,0.000000000000000000e+00,6.698053503145138254e-01,-3.481330822214747100e-01,0.000000000000000000e+00,-5.599998238890970814e-01,0.000000000000000000e+00,0.000000000000000000e+00,8.745210292260959806e-01,-2.292014632653383011e-03,0.000000000000000000e+00,6.200192927531187476e-02,0.000000000000000000e+00,-5.000744425354001349e-02,3.570715541641233948e-01,1.993326902415627211e-01,4.960154342024949981e-02,7.236458381408691354e-01,-6.613539122699933770e-02,4.133461951687458086e-02,-3.306769561349966885e-02,4.292844583587659968e-02,-2.406673097584372811e-01,4.960154342024949981e-02,7.236458381408691354e-01,-6.613539122699933770e-02,-4.133461951687458086e-02,3.306769561349966885e-02
0.620000,0.000000000000000000e+00,0.000000000000000000e+00,7.590545813439337763e-01,9.999337207930034666e-01,0.000000000000000000e+00,-1.151321071898805254e-02,0.000000000000000000e+00,-3.278722112812409994e-01,0.000000000000000000e+00,0.000000000000000000e+00,6.698069825502134256e-01,-3.479347712689723759e-01,0.000000000000000000e+00,-5.628469075003250666e-01,0.000000000000000000e+00,0.000000000000000000e+00,8.762617281371819500e-01,2.962201824080579193e-03,0.000000000000000000e+00,6.362874159843660837e-02,0.000000000000000000e+00,-5.065924638671874536e-02,3.611928120493727579e-01,1.987904194671877844e-01,5.090299327874928115e-02,7.244754044921875025e-01,-6.787065770499904616e-02,4.241916106562441252e-02,-3.393532885249952308e-02,3.880718795062726434e-02,-2.412095805328122178e-01,5.090299327874928115e-02,7.244754044921875025e-01,-6.787065770499904616e-02,-4.241916106562441252e-02,3.393532885249952308e-02
0.630000,0.000000000000000000e+00,0.000000000000000000e+00,7.591106418630156893e-01,9.999321352308391253e-01,0.000000000000000000e+00,-1.165010440703240918e-02,0.000000000000000000e+00,-3.280568923553761618e-01,0.000000000000000000e+00,0.000000000000000000e+00,6.698082883022180578e-01,-3.477513959468418459e-01,0.000000000000000000e+00,-5.654707097805443672e-01,0.000000000000000000e+00,0.000000000000000000e+00,8.778524663301391362e-01,7.828546276332892795e-03,0.000000000000000000e+00,6.515091530803067410e-02,0.000000000000000000e+00,-5.126161901550291972e-02,3.650489854470110318e-01,1.982830282306564385e-01,5.212073224642453650e-02,7.252420605651855867e-01,-6.949430966189938663e-02,4.343394353868711838e-02,-3.474715483094969332e-02,3.495101455298896265e-02,-2.417169717693435638e-01,5.212073224642453650e-02,7.252420605651855867e-01,-6.949430966189938663e-02,-4.343394353868711838e-02,3.474715483094969332e-02
0.640000,0.000000000000000000e+00,0.000000000000000000e+00,7.591633536166463303e-01,9.999306637132682196e-01,0.000000000000000000e+00,-1.177572783070439388e-02,0.000000000000000000e+00,-3.282262851350535304e-01,0.000000000000000000e+00,0.000000000000000000e+00,6.698093152277461160e-01,-3.475830300926925354e-01,0.000000000000000000e+00,-5.678722923713797055e-01,0.000000000000000000e+00,0.000000000000000000e+00,8.792971316445787888e-01,1.230316072680115447e-02,0.000000000000000000e+00,6.656360448000006591e-02,0.000000000000000000e+00,-5.181440000000002433e-02,3.686277980160002077e-01,1.978121318399999884e-01,5.325088358400005550e-02,7.259456000000000797e-01,-7.100117811200007401e-02,4.437573632000004625e-02,-3.550058905600003700e-02,3.137220198399981452e-02,-2.421878681600000138e-01,5.325088358400005550e-02,7.259456000000000797e-01,-7.100117811200007401e-02,-4.437573632000004625e-02,3.550058905600003700e-02
0.650000,0.000000000000000000e+00,0.000000000000000000e+00,7.592124017656149970e-01,9.999293101749902046e-01,0.000000000000000000e+00,-1.189010735730343556e-02,0.000000000000000000e+00,-3.283804467207515621e-01,0.000000000000000000e+00,0.000000000000000000e+00,6.698101076254168174e-01,-3.474296609046652051e-01,0.000000000000000000e+00,-5.700537723400513901e-01,0.000000000000000000e+00,0.000000000000000000e+00,8.805999628426428583e-01,1.638466048007458653e-02,0.000000000000000000e+00,6.786303155267886522e-02,0.000000000000000000e+00,-5.231770515441894892e-02,3.719196799334532066e-01,1.973789894824403701e-01,5.429042524214310050e-02,7.265861701965332653e-01,-7.238723365619080530e-02,4.524202103511925505e-02,-3.619361682809540265e-02,2.808032006654684332e-02,-2.426210105175596321e-01,5.429042524214310050e-02,7.265861701965332653e-01,-7.238723365619080530e-02,-4.524202103511925505e-02,3.619361682809540265e-02
0.660000,0.000000000000000000e+00,0.000000000000000000e+00,7.592575306496097687e-01,9.999280773681935575e-01,0.000000000000000000e+00,-1.199333526371669165e-02,0.000000000000000000e+00,-3.285195210049591807e-01,0.000000000000000000e+00,0.000000000000000000e+00,6.698107060683200498e-01,-3.472911850633608188e-01,0.000000000000000000e+00,-5.720183633321139771e-01,0.000000000000000000e+00,0.000000000000000000e+00,8.817655544854383631e-01,2.007424732323803696e-02,0.000000000000000000e+00,6.904655420844950375e-02,0.000000000000000000e+00,-5.277194033203122525e-02,3.749179373280721039e-01,1.969844819305168193e-01,5.523724336675960717e-02,7.271642876953124945e-01,-7.364965782234614289e-02,4.603103613896634277e-02,-3.682482891117307144e-02,2.508206267192791827e-02,-2.430155180694831829e-01,5.523724336675960717e-02,7.271642876953124945e-01,-7.364965782234614289e-02,-4.603103613896634277e-02,3.682482891117307144e-02
0.670000,0.000000000000000000e+00,0.000000000000000000e+00,7.592985471226981753e-01,9.999269668019641344e-01,0.000000000000000000e+00,-1.208557248225004474e-02,0.000000000000000000e+00,-3.286437422295749311e-01,0.000000000000000000e+00,0.000000000000000000e+00,6.698111471312865328e-01,-3.471674049017115515e-01,0.000000000000000000e+00,-5.737704198414093071e-01,0.000000000000000000e+00,0.000000000000000000e+00,8.827988694329097497e-01,2.337581820024781099e-02,0.000000000000000000e+00,7.011272354673626916e-02,0.000000000000000000e+00,-5.317781351013185775e-02,3.776188996517318985e-01,1.966290921510879253e-01,5.609017883738900284e-02,7.276808535583496607e-01,-7.478690511651868433e-02,4.674181569782417250e-02,-3.739345255825934217e-02,2.238110034826815142e-02,-2.433709078489120770e-01,5.609017883738900284e-02,7.276808535583496607e-01,-7.478690511651868433e-02,-4.674181569782417250e-02,3.739345255825934217e-02
0.680000,0.000000000000000000e+00,0.000000000000000000e+00,7.593353231595924013e-01,9.999259786911876002e-01,0.000000000000000000e+00,-1.216705134658933526e-02,0.000000000000000000e+00,-3.287534385917642021e-01,0.000000000000000000e+00,0.000000000000000000e+00,6.698114632167720961e-01,-3.470580246250078438e-01,0.000000000000000000e+00,-5.753154847301552577e-01,0.000000000000000000e+00,0.000000000000000000e+00,8.837052592352023783e-01,2.629606924495264675e-02,0.000000000000000000e+00,7.106133314182606908e-02,0.000000000000000000e+00,-5.353634687499995992e-02,3.800220439592927324e-01,1.963128889527246401e-01,5.684906651346085388e-02,7.281371687500000078e-01,-7.579875535128113850e-02,4.737422209455070810e-02,-3.789937767564056925e-02,1.997795604070731756e-02,-2.436871110472753621e-01,5.684906651346085388e-02,7.281371687500000078e-01,-7.579875535128113850e-02,-4.737422209455070810e-02,3.789937767564056925e-02
0.690000,0.000000000000000000e+00,0.000000000000000000e+00,7.593677977143641344e-01,9.999251119151850720e-01,0.000000000000000000e+00,-1.223807833790060279e-02,0.000000000000000000e+00,-3.288490358995152518e-01,0.000000000000000000e+00,0.000000000000000000e+00,6.698116824818327597e-01,-3.469626465823174577e-01,0.000000000000000000e+00,-5.766603400748487873e-01,0.000000000000000000e+00,0.000000000000000000e+00,8.844904925519545547e-01,2.884459511200576642e-02,0.000000000000000000e+00,7.189345875628240512e-02,0.000000000000000000e+00,-5.384888890686037599e-02,3.821300955159154800e-01,1.960355137479058707e-01,5.751476700502592548e-02,7.285349495178223833e-01,-7.668635600670123398e-02,4.792897250418827471e-02,-3.834317800335061699e-02,1.786990448408457000e-02,-2.439644862520941315e-01,5.751476700502592548e-02,7.285349495178223833e-01,-7.668635600670123398e-02,-4.792897250418827471e-02,3.834317800335061699e-02
0.700000,0.000000000000000000e+00,0.000000000000000000e+00,7.593959778293117857e-01,9.999243639861106203e-01,0.000000000000000000e+00,-1.229903683107290945e-02,0.000000000000000000e+00,-3.289310612770697251e-01,0.000000000000000000e+00,0.000000000000000000e+00,6.698118288665105835e-01,-3.468807675894408082e-01,0.000000000000000000e+00,-5.778130613466421206e-01,0.000000000000000000e+00,0.000000000000000000e+00,8.851607915826031903e-01,3.103398363122644721e-02,0.000000000000000000e+00,7.261148868128657063e-02,0.000000000000000000e+00,-5.411712646484374833e-02,3.839491046592593548e-01,1.957961704395711489e-01,5.808919094502925512e-02,7.288763427734374911e-01,-7.745225459337234941e-02,4.840765912085771838e-02,-3.872612729668617471e-02,1.605089534074066737e-02,-2.442038295604288534e-01,5.808919094502925512e-02,7.288763427734374911e-01,-7.745225459337234941e-02,-4.840765912085771838e-02,3.872612729668617471e-02
0.710000,0.000000000000000000e+00,0.000000000000000000e+00,7.594199390096714186e-01,9.999237310269082357e-01,0.000000000000000000e+00,-1.235038984110433009e-02,0.000000000000000000e+00,-3.290001469192036510e-01,0.000000000000000000e+00,0.000000000000000000e+00,6.698119222215148660e-01,-3.468117753023111649e-01,0.000000000000000000e+00,-5.787830748577608153e-01,0.000000000000000000e+00,0.000000000000000000e+00,8.857228763141157257e-01,3.287990591058831402e-02,0.000000000000000000e+00,7.321914490001525666e-02,0.000000000000000000e+00,-5.434309687194822241e-02,3.854885004133720150e-01,1.955936183666615868e-01,5.857531592001220117e-02,7.291639414733886992e-01,-7.810042122668293951e-02,4.881276326667684240e-02,-3.905021061334146976e-02,1.451149958662803496e-02,-2.444063816333384154e-01,5.857531592001220117e-02,7.291639414733886992e-01,-7.810042122668293951e-02,-4.881276326667684240e-02,3.905021061334146976e-02
0.720000,0.000000000000000000e+00,0.000000000000000000e+00,7.594398248998462941e-01,9.999232077583615208e-01,0.000000000000000000e+00,-1.239268276962572114e-02,0.000000000000000000e+00,-3.290570338919911464e-01,0.000000000000000000e+00,0.000000000000000000e+00,6.698119785303732199e-01,-3.467549446383820233e-01,0.000000000000000000e+00,-5.795812183176134447e-01,0.000000000000000000e+00,0.000000000000000000e+00,8.861840161902946322e-01,3.440120212731900828e-02,0.000000000000000000e+00,7.372149552000006878e-02,0.000000000000000000e+00,-5.452920000000002765e-02,3.867611219840002557e-01,1.954261681599999689e-01,5.897719641600006335e-02,7.294008000000000713e-01,-7.863626188800008909e-02,4.914766368000005742e-02,-3.931813094400004455e-02,1.323887801599979430e-02,-2.445738318400000333e-01,5.897719641600006335e-02,7.294008000000000713e-01,-7.863626188800008909e-02,-4.914766368000005742e-02,3.931813094400004455e-02
0.730000,0.000000000000000000e+00,0.000000000000000000e+00,7.594558463189001740e-01,9.999227874944861538e-01,0.000000000000000000e+00,-1.242654615155242351e-02,0.000000000000000000e+00,-3.291025759762191139e-01,0.000000000000000000e+00,0.000000000000000000e+00,6.698120102182454350e-01,-3.467094342420262709e-01,0.000000000000000000e+00,-5.802198042431970793e-01,0.000000000000000000e+00,0.000000000000000000e+00,8.865520885772150139e-01,3.561996337716377692e-02,0.000000000000000000e+00,7.412495919628378505e-02,0.000000000000000000e+00,-5.467821035461426643e-02,3.877832299639189517e-01,1.952916802679053876e-01,5.929996735702703498e-02,7.295904495422363967e-01,-7.906662314270272718e-02,4.941663946418919928e-02,-3.953331157135136359e-02,1.221677003608107048e-02,-2.447083197320946146e-01,5.929996735702703498e-02,7.295904495422363967e-01,-7.906662314270272718e-02,-4.941663946418919928e-02,3.953331157135136359e-02
0.740000,0.000000000000000000e+00,0.000000000000000000e+00,7.594682797372808158e-01,9.999224621451968664e-01,0.000000000000000000e+00,-1.245269840184907474e-02,0.000000000000000000e+00,-3.291377435480068447e-01,0.000000000000000000e+00,0.000000000000000000e+00,6.698120265363217696e-01,-3.466742829883148747e-01,0.000000000000000000e+00,-5.807126858574781503e-01,0.000000000000000000e+00,0.000000000000000000e+00,8.868356431401394069e-01,3.656161010015146484e-02,0.000000000000000000e+00,7.443730256996280992e-02,0.000000000000000000e+00,-5.479328916015627909e-02,3.885744998439057962e-01,1.951875658100123978e-01,5.954984205597024099e-02,7.297369134765625542e-01,-7.939978940796033058e-02,4.962486837997520661e-02,-3.969989470398016529e-02,1.142550015609422598e-02,-2.448124341899876044e-01,5.954984205597024099e-02,7.297369134765625542e-01,-7.939978940796033058e-02,-4.962486837997520661e-02,3.969989470398016529e-02
0.750000,0.000000000000000000e+00,0.000000000000000000e+00,7.594774653031907130e-01,9.999222222248373981e-01,0.000000000000000000e+00,-1.247194856238677090e-02,0.000000000000000000e+00,-3.291636274894138570e-01,0.000000000000000000e+00,0.000000000000000000e+00,6.698120340071321843e-01,-3.466484065177182772e-01,0.000000000000000000e+00,-5.810753249861593250e-01,0.000000000000000000e+00,0.000000000000000000e+00,8.870439709565226538e-01,3.725496776865033777e-02,0.000000000000000000e+00,7.466763207730764407e-02,0.000000000000000000e+00,-5.487799644470214844e-02,3.891580012625127094e-01,1.951107893075641198e-01,5.973410566184611525e-02,7.298447227478027655e-01,-7.964547421579482034e-02,4.977842138487176271e-02,-3.982273710789741017e-02,1.084199873748731280e-02,-2.448892106924358825e-01,5.973410566184611525e-02,7.298447227478027655e-01,-7.964547421579482034e-02,-4.977842138487176271e-02,3.982273710789741017e-02
0.760000,0.000000000000000000e+00,0.000000000000000000e+00,7.594838045557674722e-01,9.999220568647889662e-01,0.000000000000000000e+00,-1.248519904886723209e-02,0.000000000000000000e+00,-3.291814431199195368e-01,0.000000000000000000e+00,0.000000000000000000e+00,6.698120369122207984e-01,-3.466305937923012115e-01,0.000000000000000000e+00,-5.813248613270136644e-01,0.000000000000000000e+00,0.000000000000000000e+00,8.871871768655040791e-01,3.773234071150954883e-02,0.000000000000000000e+00,7.482638184401364800e-02,0.000000000000000000e+00,-5.493630312499999530e-02,3.895601673381679508e-01,1.950578727186621231e-01,5.986110547521092395e-02,7.299189312500000693e-01,-7.981480730028123194e-02,4.988425456267577690e-02,-3.990740365014061597e-02,1.043983266183207137e-02,-2.449421272813378792e-01,5.986110547521092395e-02,7.299189312500000693e-01,-7.981480730028123194e-02,-4.988425456267577690e-02,3.990740365014061597e-02
0.770000,0.000000000000000000e+00,0.000000000000000000e+00,7.594877579933589917e-01,9.999219538279634500e-01,0.000000000000000000e+00,-1.249344839778258887e-02,0.000000000000000000e+00,-3.291925341375822045e-01,0.000000000000000000e+00,0.000000000000000000e+00,6.698120377994245533e-01,-3.466195036618422987e-01,0.000000000000000000e+00,-5.814801823162181194e-01,0.000000000000000000e+00,0.000000000000000000e+00,8.872762531949127673e-01,3.802958515768239955e-02,0.000000000000000000e+00,7.492529976813155912e-02,0.000000000000000000e+00,-5.497260309143067042e-02,3.898107594125999609e-01,1.950249000772894814e-01,5.994023981450524730e-02,7.299651312072754639e-01,-7.992031975267366306e-02,4.995019984542103941e-02,-3.996015987633683153e-02,1.018924058740006133e-02,-2.449750999227105208e-01,5.994023981450524730e-02,7.299651312072754639e-01,-7.992031975267366306e-02,-4.995019984542103941e-02,3.996015987633683153e-02
0.780000,0.000000000000000000e+00,0.000000000000000000e+00,7.594898426987436446e-01,9.999218995225573892e-01,0.000000000000000000e+00,-1.249779401337445563e-02,0.000000000000000000e+00,-3.291983765564556186e-01,0.000000000000000000e+00,0.000000000000000000e+00,6.698120379824402670e-01,-3.466136614259845983e-01,0.000000000000000000e+00,-5.815619926524454586e-01,0.000000000000000000e+00,0.000000000000000000e+00,8.873231526111323708e-01,3.818618281475039122e-02,0.000000000000000000e+00,7.497743431480996534e-02,0.000000000000000000e+00,-5.499172529296871698e-02,3.899428335975185789e-01,1.950075218950633460e-01,5.998194745184796950e-02,7.299894685546874928e-01,-7.997592993579730192e-02,4.998495620987331023e-02,-3.998796496789865096e-02,1.005716640248141558e-02,-2.449924781049366562e-01,5.998194745184796950e-02,7.299894685546874928e-01,-7.997592993579730192e-02,-4.998495620987331023e-02,3.998796496789865096e-02
0.790000,0.000000000000000000e+00,0.000000000000000000e+00,7.594906302592298042e-01,9.999218790119640543e-01,0.000000000000000000e+00,-1.249943491455037838e-02,0.000000000000000000e+00,-3.292005826244585043e-01,0.000000000000000000e+00,0.000000000000000000e+00,6.698120380005131436e-01,-3.466114553760545891e-01,0.000000000000000000e+00,-5.815928823615956755e-01,0.000000000000000000e+00,0.000000000000000000e+00,8.873408574046904862e-01,3.824531655236440564e-02,0.000000000000000000e+00,7.499712499703517499e-02,0.000000000000000000e+00,-5.499894582214358979e-02,3.899927166591558025e-01,1.950009583343216002e-01,5.999769999762814138e-02,7.299986583190918310e-01,-7.999693333017085517e-02,4.999808333135678795e-02,-3.999846666508542758e-02,1.000728334084421967e-02,-2.449990416656784020e-01,5.999769999762814138e-02,7.299986583190918310e-01,-7.999693333017085517e-02,-4.999808333135678795e-02,3.999846666508542758e-02
0.800000,-0.000000000000000000e+00,0.000000000000000000e+00,7.594907452582463359e-01,9.999218760172473575e-01,0.000000000000000000e+00,-1.249967448170978719e-02,0.000000000000000000e+00,-3.292009047033100932e-01,0.000000000000000000e+00,0.000000000000000000e+00,6.698120380008112384e-01,-3.466111332975010950e-01,0.000000000000000000e+00,-5.815973920929660146e-01,0.000000000000000000e+00,0.000000000000000000e+00,8.873434420555956770e-01,3.825395003737042110e-02,0.000000000000000000e+00,7.499999999999999722e-02,0.000000000000000000e+00,-5.500000000000000028e-02,3.900000000000000133e-01,1.950000000000000067e-01,5.999999999999999778e-02,7.299999999999999822e-01,-8.000000000000000167e-02,5.000000000000000278e-02,-4.000000000000000083e-02,1.000000000000000888e-02,-2.449999999999999956e-01,5.999999999999999778e-02,7.299999999999999822e-01,-8.000000000000000167e-02,-5.000000000000000278e-02,4.000000000000000083e-02
0.810000,-2.488476832526098307e-06,0.000000000000000000e+00,7.594907452582463359e-01,9.999218760172473575e-01,0.000000000000000000e+00,-1.249967448170978719e-02,0.000000000000000000e+00,-3.292052240605706781e-01,0.000000000000000000e+00,0.000000000000000000e+00,6.698120379471855790e-01,-3.466068138866148507e-01,0.000000000000000000e+00,-5.815942758976453408e-01,0.000000000000000000e+00,0.000000000000000000e+00,8.873462026926685065e-01,3.824807320497691787e-02,0.000000000000000000e+00,7.499999999999999722e-02,0.000000000000000000e+00,-5.500000000000000028e-02,3.900000000000000133e-01,1.950000000000000067e-01,5.999999999999999778e-02,7.299999999999999822e-01,-8.000000000000000167e-02,5.000000000000000278e-02,-4.000000000000000083e-02,1.000000000000000888e-02,-2.449999999999999956e-01,5.999999999999999778e-02,7.299999999999999822e-01,-8.000000000000000167e-02,-5.000000000000000278e-02,4.000000000000000083e-02
0.820000,-1.946674911628429325e-05,0.000000000000000000e+00,7.594907452582463359e-01,9.999218760172473575e-01,0.000000000000000000e+00,-1.249967448170978719e-02,0.000000000000000000e+00,-3.292346925799871649e-01,0.000000000000000000e+00,0.000000000000000000e+00,6.698120347191391932e-01,-3.465773421391519782e-01,0.000000000000000000e+00,-5.815730134934538054e-01,0.000000000000000000e+00,0.000000000000000000e+00,8.873650353908423272e-01,3.820797810261156169e-02,0.000000000000000000e+00,7.499999999999999722e-02,0.000000000000000000e+00,-5.500000000000000028e-02,3.900000000000000133e-01,1.950000000000000067e-01,5.999999999999999778e-02,7.299999999999999822e-01,-8.000000000000000167e-02,5.000000000000000278e-02,-4.000000000000000083e-02,1.000000000000000888e-02,-2.449999999999999956e-01,5.999999999999999778e-02,7.299999999999999822e-01,-8.000000000000000167e-02,-5.000000000000000278e-02,4.000000000000000083e-02
0.830000,-6.422950955624421579e-05,0.000000000000000000e+00,7.594907452582463359e-01,9.999218760172473575e-01,0.000000000000000000e+00,-1.249967448170978719e-02,0.000000000000000000e+00,-3.293123737956390462e-01,0.000000000000000000e+00,0.000000000000000000e+00,6.698120022753756286e-01,-3.464996284797365322e-01,0.000000000000000000e+00,-5.815169443517200776e-01,0.000000000000000000e+00,0.000000000000000000e+00,8.874146667495655949e-01,3.810227760215456616e-02,0.000000000000000000e+00,7.499999999999999722e-02,0.000000000000000000e+00,-5.500000000000000028e-02,3.900000000000000133e-01,1.950000000000000067e-01,5.999999999999999778e-02,7.299999999999999822e-01,-8.000000000000000167e-02,5.000000000000000278e-02,-4.000000000000000083e-02,1.000000000000000888e-02,-2.449999999999999956e-01,5.999999999999999778e-02,7.299999999999999822e-01,-8.000000000000000167e-02,-5.000000000000000278e-02,4.000000000000000083e-02
0.840000,-1.488037175574715354e-04,0.000000000000000000e+00,7.594907452582463359e-01,9.999218760172473575e-01,0.000000000000000000e+00,-1.249967448170978719e-02,0.000000000000000000e+00,-3.294590972303295118e-01,0.000000000000000000e+00,0.000000000000000000e+00,6.698118462505666670e-01,-3.463527490202371051e-01,0.000000000000000000e+00,-5.814109629645303201e-01,0.000000000000000000e+00,0.000000000000000000e+00,8.875083583185455760e-01,3.790260464598482759e-02,0.000000000000000000e+00,7.499999999999999722e-02,0.000000000000000000e+00,-5.500000000000000028e-02,3.900000000000000133e-01,1.950000000000000067e-01,5.999999999999999778e-02,7.299999999999999822e-01,-8.000000000000000167e-02,5.000000000000000278e-02,-4.000000000000000083e-02,1.000000000000000888e-02,-2.449999999999999956e-01,5.999999999999999778e-02,7.299999999999999822e-01,-8.000000000000000167e-02,-5.000000000000000278e-02,4.000000000000000083e-02
0.850000,-2.839882158907539966e-04,0.000000000000000000e+00,7.594907452582463359e-01,9.999218760172473575e-01,0.000000000000000000e+00,-1.249967448170978719e-02,0.000000000000000000e+00,-3.296934955548904145e-01,0.000000000000000000e+00,0.000000000000000000e+00,6.698113395929130576e-01,-3.461178440380225929e-01,0.000000000000000000e+00,-5.812414386693650625e-01,0.000000000000000000e+00,0.000000000000000000e+00,8.876578953526111926e-01,3.758354331675384241e-02,0.000000000000000000e+00,7.499999999999999722e-02,0.000000000000000000e+00,-5.500000000000000028e-02,3.900000000000000133e-01,1.950000000000000067e-01,5.999999999999999778e-02,7.299999999999999822e-01,-8.000000000000000167e-02,5.000000000000000278e-02,-4.000000000000000083e-02,1.000000000000000888e-02,-2.449999999999999956e-01,5.999999999999999778e-02,7.299999999999999822e-01,-8.000000000000000167e-02,-5.000000000000000278e-02,4.000000000000000083e-02
0.860000,-4.793933473582184649e-04,0.000000000000000000e+00,7.594907452582463359e-01,9.999218760172473575e-01,0.000000000000000000e+00,-1.249967448170978719e-02,0.000000000000000000e+00,-3.300320366216808465e-01,0.000000000000000000e+00,0.000000000000000000e+00,6.698100478184937367e-01,-3.457780111968128400e-01,0.000000000000000000e+00,-5.809961306243788259e-01,0.000000000000000000e+00,0.000000000000000000e+00,8.878735667702671863e-01,3.712256385411161208e-02,0.000000000000000000e+00,7.499999999999999722e-02,0.000000000000000000e+00,-5.500000000000000028e-02,3.900000000000000133e-01,1.950000000000000067e-01,5.999999999999999778e-02,7.299999999999999822e-01,-8.000000000000000167e-02,5.000000000000000278e-02,-4.000000000000000083e-02,1.000000000000000888e-02,-2.449999999999999956e-01,5.999999999999999778e-02,7.299999999999999822e-01,-8.000000000000000167e-02,-5.000000000000000278e-02,4.000000000000000083e-02
0.870000,-7.434805714589552738e-04,0.000000000000000000e+00,7.594907452582463359e-01,9.999218760172473575e-01,0.000000000000000000e+00,-1.249967448170978719e-02,0.000000000000000000e+00,-3.304890539194814125e-01,0.000000000000000000e+00,0.000000000000000000e+00,6.698072511612414015e-01,-3.453181972417599388e-01,0.000000000000000000e+00,-5.806641014730284933e-01,0.000000000000000000e+00,0.000000000000000000e+00,8.881641426664427241e-01,3.649995880658585268e-02,0.000000000000000000e+00,7.499999999999999722e-02,0.000000000000000000e+00,-5.500000000000000028e-02,3.900000000000000133e-01,1.950000000000000067e-01,5.999999999999999778e-02,7.299999999999999822e-01,-8.000000000000000167e-02,5.000000000000000278e-02,-4.000000000000000083e-02,1.000000000000000888e-02,-2.449999999999999956e-01,5.999999999999999778e-02,7.299999999999999822e-01,-8.000000000000000167e-02,-5.000000000000000278e-02,4.000000000000000083e-02
0.880000,-1.083602081054639479e-03,0.000000000000000000e+00,7.594907452582463359e-01,9.999218760172473575e-01,0.000000000000000000e+00,-1.249967448170978719e-02,0.000000000000000000e+00,-3.310767783769870132e-01,0.000000000000000000e+00,0.000000000000000000e+00,6.698018696443901465e-01,-3.447250912674030832e-01,0.000000000000000000e+00,-5.802356326564972466e-01,0.000000000000000000e+00,0.000000000000000000e+00,8.885368546747743901e-01,3.569877798172294003e-02,0.000000000000000000e+00,7.499999999999999722e-02,0.000000000000000000e+00,-5.500000000000000028e-02,3.900000000000000133e-01,1.950000000000000067e-01,5.999999999999999778e-02,7.299999999999999822e-01,-8.000000000000000167e-02,5.000000000000000278e-02,-4.000000000000000083e-02,1.000000000000000888e-02,-2.449999999999999956e-01,5.999999999999999778e-02,7.299999999999999822e-01,-8.000000000000000167e-02,-5.000000000000000278e-02,4.000000000000000083e-02
0.890000,-1.506040419035154822e-03,0.000000000000000000e+00,7.594907452582463359e-01,9.999218760172473575e-01,0.000000000000000000e+00,-1.249967448170978719e-02,0.000000000000000000e+00,-3.318053738742817171e-01,0.000000000000000000e+00,0.000000000000000000e+00,6.697923959444573860e-01,-3.439870220701756187e-01,0.000000000000000000e+00,-5.797021437872920124e-01,0.000000000000000000e+00,0.000000000000000000e+00,8.889973834885394055e-01,3.470476029875269042e-02,0.000000000000000000e+00,7.499999999999999722e-02,0.000000000000000000e+00,-5.500000000000000028e-02,3.900000000000000133e-01,1.950000000000000067e-01,5.999999999999999778e-02,7.299999999999999822e-01,-8.000000000000000167e-02,5.000000000000000278e-02,-4.000000000000000083e-02,1.000000000000000888e-02,-2.449999999999999956e-01,5.999999999999999778e-02,7.299999999999999822e-01,-8.000000000000000167e-02,-5.000000000000000278e-02,4.000000000000000083e-02
0.900000,-2.016048094984211354e-03,0.000000000000000000e+00,7.594907452582463359e-01,9.999218760172473575e-01,0.000000000000000000e+00,-1.249967448170978719e-02,0.000000000000000000e+00,-3.326829783047009492e-01,0.000000000000000000e+00,0.000000000000000000e+00,6.697768398587365946e-01,-3.430938615540355952e-01,0.000000000000000000e+00,-5.790561179847832918e-01,0.000000000000000000e+00,0.000000000000000000e+00,8.895498569276448775e-01,3.350626105713849778e-02,0.000000000000000000e+00,7.499999999999999722e-02,0.000000000000000000e+00,-5.500000000000000028e-02,3.900000000000000133e-01,1.950000000000000067e-01,5.999999999999999778e-02,7.299999999999999822e-01,-8.000000000000000167e-02,5.000000000000000278e-02,-4.000000000000000083e-02,1.000000000000000888e-02,-2.449999999999999956e-01,5.999999999999999778e-02,7.299999999999999822e-01,-8.000000000000000167e-02,-5.000000000000000278e-02,4.000000000000000083e-02
0.910000,-2.617887201844974060e-03,0.000000000000000000e+00,7.594907452582463359e-01,9.999218760172473575e-01,0.000000000000000000e+00,-1.249967448170978719e-02,0.000000000000000000e+00,-3.337157515615510883e-01,0.000000000000000000e+00,0.000000000000000000e+00,6.697526872187722358e-01,-3.420369356572210973e-01,0.000000000000000000e+00,-5.782910345925613704e-01,0.000000000000000000e+00,0.000000000000000000e+00,8.901968610802861726e-01,3.209417351227528137e-02,0.000000000000000000e+00,7.499999999999999722e-02,0.000000000000000000e+00,-5.500000000000000028e-02,3.900000000000000133e-01,1.950000000000000067e-01,5.999999999999999778e-02,7.299999999999999822e-01,-8.000000000000000167e-02,5.000000000000000278e-02,-4.000000000000000083e-02,1.000000000000000888e-02,-2.449999999999999956e-01,5.999999999999999778e-02,7.299999999999999822e-01,-8.000000000000000167e-02,-5.000000000000000278e-02,4.000000000000000083e-02
0.920000,-3.314869032585675279e-03,0.000000000000000000e+00,7.594907452582463359e-01,9.999218760172473575e-01,0.000000000000000000e+00,-1.249967448170978719e-02,0.000000000000000000e+00,-3.349079314036052524e-01,0.000000000000000000e+00,0.000000000000000000e+00,6.697168752132325320e-01,-3.408089438096272294e-01,0.000000000000000000e+00,-5.774013102491177829e-01,0.000000000000000000e+00,0.000000000000000000e+00,8.909394662526652908e-01,3.046184399645257557e-02,0.000000000000000000e+00,7.499999999999999722e-02,0.000000000000000000e+00,-5.500000000000000028e-02,3.900000000000000133e-01,1.950000000000000067e-01,5.999999999999999778e-02,7.299999999999999822e-01,-8.000000000000000167e-02,5.000000000000000278e-02,-4.000000000000000083e-02,1.000000000000000888e-02,-2.449999999999999956e-01,5.999999999999999778e-02,7.299999999999999822e-01,-8.000000000000000167e-02,-5.000000000000000278e-02,4.000000000000000083e-02
0.930000,-4.109393696865247178e-03,0.000000000000000000e+00,7.594907452582463359e-01,9.999218760172473575e-01,0.000000000000000000e+00,-1.249967448170978719e-02,0.000000000000000000e+00,-3.362618977783505825e-01,0.000000000000000000e+00,0.000000000000000000e+00,6.696657852923245668e-01,-3.394038875139739342e-01,0.000000000000000000e+00,-5.763822488693156609e-01,0.000000000000000000e+00,0.000000000000000000e+00,8.917772687307177204e-01,2.860498013859791300e-02,0.000000000000000000e+00,7.499999999999999722e-02,0.000000000000000000e+00,-5.500000000000000028e-02,3.900000000000000133e-01,1.950000000000000067e-01,5.999999999999999778e-02,7.299999999999999822e-01,-8.000000000000000167e-02,5.000000000000000278e-02,-4.000000000000000083e-02,1.000000000000000888e-02,-2.449999999999999956e-01,5.999999999999999778e-02,7.299999999999999822e-01,-8.000000000000000167e-02,-5.000000000000000278e-02,4.000000000000000083e-02
0.940000,-5.002989737698939482e-03,0.000000000000000000e+00,7.594907452582463359e-01,9.999218760172473575e-01,0.000000000000000000e+00,-1.249967448170978719e-02,0.000000000000000000e+00,-3.377782458510296126e-01,0.000000000000000000e+00,0.000000000000000000e+00,6.695952541212875087e-01,-3.378170082702578458e-01,0.000000000000000000e+00,-5.752300007167896467e-01,0.000000000000000000e+00,0.000000000000000000e+00,8.927084486971678112e-01,2.652155201962191899e-02,0.000000000000000000e+00,7.499999999999999722e-02,0.000000000000000000e+00,-5.500000000000000028e-02,3.900000000000000133e-01,1.950000000000000067e-01,5.999999999999999778e-02,7.299999999999999822e-01,-8.000000000000000167e-02,5.000000000000000278e-02,-4.000000000000000083e-02,1.000000000000000888e-02,-2.449999999999999956e-01,5.999999999999999778e-02,7.299999999999999822e-01,-8.000000000000000167e-02,-5.000000000000000278e-02,4.000000000000000083e-02
0.950000,-5.996353748123932868e-03,0.000000000000000000e+00,7.594907452582463359e-01,9.999218760172473575e-01,0.000000000000000000e+00,-1.249967448170978719e-02,0.000000000000000000e+00,-3.394558676989659074e-01,0.000000000000000000e+00,0.000000000000000000e+00,6.695006024315525162e-01,-3.360447347325865586e-01,0.000000000000000000e+00,-5.739415304093260506e-01,0.000000000000000000e+00,0.000000000000000000e+00,8.937298440586993742e-01,2.421168635062675989e-02,0.000000000000000000e+00,7.499999999999999722e-02,0.000000000000000000e+00,-5.500000000000000028e-02,3.900000000000000133e-01,1.950000000000000067e-01,5.999999999999999778e-02,7.299999999999999822e-01,-8.000000000000000167e-02,5.000000000000000278e-02,-4.000000000000000083e-02,1.000000000000000888e-02,-2.449999999999999956e-01,5.999999999999999778e-02,7.299999999999999822e-01,-8.000000000000000167e-02,-5.000000000000000278e-02,4.000000000000000083e-02
0.960000,-7.089389987864964070e-03,0.000000000000000000e+00,7.594907452582463359e-01,9.999218760172473575e-01,0.000000000000000000e+00,-1.249967448170978719e-02,0.000000000000000000e+00,-3.412920423828051386e-01,0.000000000000000000e+00,0.000000000000000000e+00,6.693766810836232484e-01,-3.340846387008180596e-01,0.000000000000000000e+00,-5.725145934027624506e-01,0.000000000000000000e+00,0.000000000000000000e+00,8.948370394244778980e-01,2.167755397828463604e-02,0.000000000000000000e+00,7.499999999999999722e-02,0.000000000000000000e+00,-5.500000000000000028e-02,3.900000000000000133e-01,1.950000000000000067e-01,5.999999999999999778e-02,7.299999999999999822e-01,-8.000000000000000167e-02,5.000000000000000278e-02,-4.000000000000000083e-02,1.000000000000000888e-02,-2.449999999999999956e-01,5.999999999999999778e-02,7.299999999999999822e-01,-8.000000000000000167e-02,-5.000000000000000278e-02,4.000000000000000083e-02
0.970000,-8.281249999999991743e-03,0.000000000000000000e+00,7.594907452582463359e-01,9.999218760172473575e-01,0.000000000000000000e+00,-1.249967448170978719e-02,0.000000000000000000e+00,-3.432825338973305440e-01,0.000000000000000000e+00,0.000000000000000000e+00,6.692179332040106843e-01,-3.319353993066800901e-01,0.000000000000000000e+00,-5.709477202457837741e-01,0.000000000000000000e+00,0.000000000000000000e+00,8.960244690406802270e-01,1.892325120510363057e-02,0.000000000000000000e+00,7.499999999999999722e-02,0.000000000000000000e+00,-5.500000000000000028e-02,3.900000000000000133e-01,1.950000000000000067e-01,5.999999999999999778e-02,7.299999999999999822e-01,-8.000000000000000167e-02,5.000000000000000278e-02,-4.000000000000000083e-02,1.000000000000000888e-02,-2.449999999999999956e-01,5.999999999999999778e-02,7.299999999999999822e-01,-8.000000000000000167e-02,-5.000000000000000278e-02,4.000000000000000083e-02
0.980000,-9.570372227625729630e-03,0.000000000000000000e+00,7.594907452582463359e-01,9.999218760172473575e-01,0.000000000000000000e+00,-1.249967448170978719e-02,0.000000000000000000e+00,-3.454216963323561984e-01,0.000000000000000000e+00,0.000000000000000000e+00,6.690184708871346198e-01,-3.295967745547783712e-01,0.000000000000000000e+00,-5.692402076892520979e-01,0.000000000000000000e+00,0.000000000000000000e+00,8.972855321268301543e-01,1.595467556242191609e-02,0.000000000000000000e+00,7.499999999999999722e-02,0.000000000000000000e+00,-5.500000000000000028e-02,3.900000000000000133e-01,1.950000000000000067e-01,5.999999999999999778e-02,7.299999999999999822e-01,-8.000000000000000167e-02,5.000000000000000278e-02,-4.000000000000000083e-02,1.000000000000000888e-02,-2.449999999999999956e-01,5.999999999999999778e-02,7.299999999999999822e-01,-8.000000000000000167e-02,-5.000000000000000278e-02,4.000000000000000083e-02
0.990000,-1.095452163052334713e-02,0.000000000000000000e+00,7.594907452582463359e-01,9.999218760172473575e-01,0.000000000000000000e+00,-1.249967448170978719e-02,0.000000000000000000e+00,-3.477025854365496382e-01,0.000000000000000000e+00,0.000000000000000000e+00,6.687721646587195812e-01,-3.270695792221698928e-01,0.000000000000000000e+00,-5.673921155695490492e-01,0.000000000000000000e+00,0.000000000000000000e+00,8.986127187778444325e-01,1.277939679170458920e-02,0.000000000000000000e+00,7.499999999999999722e-02,0.000000000000000000e+00,-5.500000000000000028e-02,3.900000000000000133e-01,1.950000000000000067e-01,5.999999999999999778e-02,7.299999999999999822e-01,-8.000000000000000167e-02,5.000000000000000278e-02,-4.000000000000000083e-02,1.000000000000000888e-02,-2.449999999999999956e-01,5.999999999999999778e-02,7.299999999999999822e-01,-8.000000000000000167e-02,-5.000000000000000278e-02,4.000000000000000083e-02
1.000000,-1.243082930182404754e-02,0.000000000000000000e+00,7.594907452582463359e-01,9.999218760172473575e-01,0.000000000000000000e+00,-1.249967448170978719e-02,0.000000000000000000e+00,-3.501170756712297383e-01,0.000000000000000000e+00,0.000000000000000000e+00,6.684727436754399621e-01,-3.243556680042101736e-01,0.000000000000000000e+00,-5.654042682650375351e-01,0.000000000000000000e+00,0.000000000000000000e+00,8.999977443883919737e-01,9.406523876645644933e-03,0.000000000000000000e+00,7.499999999999999722e-02,0.000000000000000000e+00,-5.500000000000000028e-02,3.900000000000000133e-01,1.950000000000000067e-01,5.999999999999999778e-02,7.299999999999999822e-01,-8.000000000000000167e-02,5.000000000000000278e-02,-4.000000000000000083e-02,1.000000000000000888e-02,-2.449999999999999956e-01,5.999999999999999778e-02,7.299999999999999822e-01,-8.000000000000000167e-02,-5.000000000000000278e-02,4.000000000000000083e-02
1.010000,-1.399583208467471314e-02,0.000000000000000000e+00,7.594907452582463359e-01,9.999218760172473575e-01,0.000000000000000000e+00,-1.249967448170978719e-02,0.000000000000000000e+00,-3.526559817643380446e-01,0.000000000000000000e+00,0.000000000000000000e+00,6.681139044811350569e-01,-3.214579227167969622e-01,0.000000000000000000e+00,-5.632782594464540438e-01,0.000000000000000000e+00,0.000000000000000000e+00,9.014316904196154612e-01,5.846569026838666083e-03,0.000000000000000000e+00,7.499999999999999722e-02,0.000000000000000000e+00,-5.500000000000000028e-02,3.900000000000000133e-01,1.950000000000000067e-01,5.999999999999999778e-02,7.299999999999999822e-01,-8.000000000000000167e-02,5.000000000000000278e-02,-4.000000000000000083e-02,1.000000000000000888e-02,-2.449999999999999956e-01,5.999999999999999778e-02,7.299999999999999822e-01,-8.000000000000000167e-02,-5.000000000000000278e-02,4.000000000000000083e-02
1.020000,-1.564551218890352507e-02,0.000000000000000000e+00,7.594907452582463359e-01,9.999218760172473575e-01,0.000000000000000000e+00,-1.249967448170978719e-02,0.000000000000000000e+00,-3.553091837237318806e-01,0.000000000000000000e+00,0.000000000000000000e+00,6.676894260465725539e-01,-3.183802423228406231e-01,0.000000000000000000e+00,-5.610164588032133803e-01,0.000000000000000000e+00,0.000000000000000000e+00,9.029051492571565918e-01,2.111309546056872044e-03,0.000000000000000000e+00,7.499999999999999722e-02,0.000000000000000000e+00,-5.500000000000000028e-02,3.900000000000000133e-01,1.950000000000000067e-01,5.999999999999999778e-02,7.299999999999999822e-01,-8.000000000000000167e-02,5.000000000000000278e-02,-4.000000000000000083e-02,1.000000000000000888e-02,-2.449999999999999956e-01,5.999999999999999778e-02,7.299999999999999822e-01,-8.000000000000000167e-02,-5.000000000000000278e-02,4.000000000000000083e-02
1.030000,-1.737533680768555897e-02,0.000000000000000000e+00,7.594907452582463359e-01,9.999218760172473575e-01,0.000000000000000000e+00,-1.249967448170978719e-02,0.000000000000000000e+00,-3.580657542404542815e-01,0.000000000000000000e+00,0.000000000000000000e+00,6.671932887806384382e-01,-3.151275345401841066e-01,0.000000000000000000e+00,-5.586220194249404969e-01,0.000000000000000000e+00,0.000000000000000000e+00,9.044083708974115510e-01,-1.786351472470970592e-03,0.000000000000000000e+00,7.499999999999999722e-02,0.000000000000000000e+00,-5.500000000000000028e-02,3.900000000000000133e-01,1.950000000000000067e-01,5.999999999999999778e-02,7.299999999999999822e-01,-8.000000000000000167e-02,5.000000000000000278e-02,-4.000000000000000083e-02,1.000000000000000888e-02,-2.449999999999999956e-01,5.999999999999999778e-02,7.299999999999999822e-01,-8.000000000000000167e-02,-5.000000000000000278e-02,4.000000000000000083e-02
1.040000,-1.918029773420843950e-02,0.000000000000000000e+00,7.594907452582463359e-01,9.999218760172473575e-01,0.000000000000000000e+00,-1.249967448170978719e-02,0.000000000000000000e+00,-3.609140874033632818e-01,0.000000000000000000e+00,0.000000000000000000e+00,6.666197952085977096e-01,-3.117057078052343777e-01,0.000000000000000000e+00,-5.560988845471358522e-01,0.000000000000000000e+00,0.000000000000000000e+00,9.059314092388647266e-01,-5.832524691728901978e-03,0.000000000000000000e+00,7.499999999999999722e-02,0.000000000000000000e+00,-5.500000000000000028e-02,3.900000000000000133e-01,1.950000000000000067e-01,5.999999999999999778e-02,7.299999999999999822e-01,-8.000000000000000167e-02,5.000000000000000278e-02,-4.000000000000000083e-02,1.000000000000000888e-02,-2.449999999999999956e-01,5.999999999999999778e-02,7.299999999999999822e-01,-8.000000000000000167e-02,-5.000000000000000278e-02,4.000000000000000083e-02
1.050000,-2.105495097833795515e-02,0.000000000000000000e+00,7.594907452582463359e-01,9.999218760172473575e-01,0.000000000000000000e+00,-1.249967448170978719e-02,0.000000000000000000e+00,-3.638420276532614572e-01,0.000000000000000000e+00,0.000000000000000000e+00,6.659636900602267096e-01,-3.081216624069652021e-01,0.000000000000000000e+00,-5.534517924274626743e-01,0.000000000000000000e+00,0.000000000000000000e+00,9.074642658396004924e-01,-1.001247341213773456e-02,0.000000000000000000e+00,7.499999999999999722e-02,0.000000000000000000e+00,-5.500000000000000028e-02,3.900000000000000133e-01,1.950000000000000067e-01,5.999999999999999778e-02,7.299999999999999822e-01,-8.000000000000000167e-02,5.000000000000000278e-02,-4.000000000000000083e-02,1.000000000000000888e-02,-2.449999999999999956e-01,5.999999999999999778e-02,7.299999999999999822e-01,-8.000000000000000167e-02,-5.000000000000000278e-02,4.000000000000000083e-02
1.060000,-2.299345638328366762e-02,0.000000000000000000e+00,7.594907452582463359e-01,9.999218760172473575e-01,0.000000000000000000e+00,-1.249967448170978719e-02,0.000000000000000000e+00,-3.668369979244303636e-01,0.000000000000000000e+00,0.000000000000000000e+00,6.652202775897575471e-01,-3.043832796653271333e-01,0.000000000000000000e+00,-5.506862782002349688e-01,0.000000000000000000e+00,0.000000000000000000e+00,9.089970291229926280e-01,-1.431075092275768679e-02,0.000000000000000000e+00,7.499999999999999722e-02,0.000000000000000000e+00,-5.500000000000000028e-02,3.900000000000000133e-01,1.950000000000000067e-01,5.999999999999999778e-02,7.299999999999999822e-01,-8.000000000000000167e-02,5.000000000000000278e-02,-4.000000000000000083e-02,1.000000000000000888e-02,-2.449999999999999956e-01,5.999999999999999778e-02,7.299999999999999822e-01,-8.000000000000000167e-02,-5.000000000000000278e-02,4.000000000000000083e-02
1.070000,-2.498961724226454045e-02,0.000000000000000000e+00,7.594907452582463359e-01,9.999218760172473575e-01,0.000000000000000000e+00,-1.249967448170978719e-02,0.000000000000000000e+00,-3.698861259515063282e-01,0.000000000000000000e+00,0.000000000000000000e+00,6.643855340536051202e-01,-3.004994081020987418e-01,0.000000000000000000e+00,-5.478086716567656111e-01,0.000000000000000000e+00,0.000000000000000000e+00,9.105200071636572190e-01,-1.871133550689152436e-02,0.000000000000000000e+00,7.499999999999999722e-02,0.000000000000000000e+00,-5.500000000000000028e-02,3.900000000000000133e-01,1.950000000000000067e-01,5.999999999999999778e-02,7.299999999999999822e-01,-8.000000000000000167e-02,5.000000000000000278e-02,-4.000000000000000083e-02,1.000000000000000888e-02,-2.449999999999999956e-01,5.999999999999999778e-02,7.299999999999999822e-01,-8.000000000000000167e-02,-5.000000000000000278e-02,4.000000000000000083e-02
1.080000,-2.703691991517456414e-02,0.000000000000000000e+00,7.594907452582463359e-01,9.999218760172473575e-01,0.000000000000000000e+00,-1.249967448170978719e-02,0.000000000000000000e+00,-3.729763677576455883e-01,0.000000000000000000e+00,0.000000000000000000e+00,6.634562133944340578e-01,-2.964798456367884194e-01,0.000000000000000000e+00,-5.448260900139400009e-01,0.000000000000000000e+00,0.000000000000000000e+00,9.120238523580643797e-01,-2.319776234412440630e-02,0.000000000000000000e+00,7.499999999999999722e-02,0.000000000000000000e+00,-5.500000000000000028e-02,3.900000000000000133e-01,1.950000000000000067e-01,5.999999999999999778e-02,7.299999999999999822e-01,-8.000000000000000167e-02,5.000000000000000278e-02,-4.000000000000000083e-02,1.000000000000000888e-02,-2.449999999999999956e-01,5.999999999999999778e-02,7.299999999999999822e-01,-8.000000000000000167e-02,-5.000000000000000278e-02,4.000000000000000083e-02
1.090000,-2.912857344524836384e-02,0.000000000000000000e+00,7.594907452582463359e-01,9.999218760172473575e-01,0.000000000000000000e+00,-1.249967448170978719e-02,0.000000000000000000e+00,-3.760946273839877452e-01,0.000000000000000000e+00,0.000000000000000000e+00,6.624299443155156064e-01,-2.923353169315278111e-01,0.000000000000000000e+00,-5.417464248585430742e-01,0.000000000000000000e+00,0.000000000000000000e+00,9.134996764724426788e-01,-2.775325161389952111e-02,0.000000000000000000e+00,7.499999999999999722e-02,0.000000000000000000e+00,-5.500000000000000028e-02,3.900000000000000133e-01,1.950000000000000067e-01,5.999999999999999778e-02,7.299999999999999822e-01,-8.000000000000000167e-02,5.000000000000000278e-02,-4.000000000000000083e-02,1.000000000000000888e-02,-2.449999999999999956e-01,5.999999999999999778e-02,7.299999999999999822e-01,-8.000000000000000167e-02,-5.000000000000000278e-02,4.000000000000000083e-02
1.100000,-3.125754917572685920e-02,0.000000000000000000e+00,7.594907452582463359e-01,9.999218760172473575e-01,0.000000000000000000e+00,-1.249967448170978719e-02,0.000000000000000000e+00,-3.792278719692009359e-01,0.000000000000000000e+00,0.000000000000000000e+00,6.613053170729508157e-01,-2.880774451037498296e-01,0.000000000000000000e+00,-5.385783225867311064e-01,0.000000000000000000e+00,0.000000000000000000e+00,9.149391547593747065e-01,-3.236083217264351664e-02,0.000000000000000000e+00,7.499999999999999722e-02,0.000000000000000000e+00,-5.500000000000000028e-02,3.900000000000000133e-01,1.950000000000000067e-01,5.999999999999999778e-02,7.299999999999999822e-01,-8.000000000000000167e-02,5.000000000000000278e-02,-4.000000000000000083e-02,1.000000000000000888e-02,-2.449999999999999956e-01,5.999999999999999778e-02,7.299999999999999822e-01,-8.000000000000000167e-02,-5.000000000000000278e-02,4.000000000000000083e-02
1.110000,-3.341662036652283396e-02,0.000000000000000000e+00,7.594907452582463359e-01,9.999218760172473575e-01,0.000000000000000000e+00,-1.249967448170978719e-02,0.000000000000000000e+00,-3.823632413404430275e-01,0.000000000000000000e+00,0.000000000000000000e+00,6.600819584614836533e-01,-2.837187171210405756e-01,0.000000000000000000e+00,-5.353311577931942900e-01,0.000000000000000000e+00,0.000000000000000000e+00,9.163346180392027973e-01,-3.700346024600842387e-02,0.000000000000000000e+00,7.499999999999999722e-02,0.000000000000000000e+00,-5.500000000000000028e-02,3.900000000000000133e-01,1.950000000000000067e-01,5.999999999999999778e-02,7.299999999999999822e-01,-8.000000000000000167e-02,5.000000000000000278e-02,-4.000000000000000083e-02,1.000000000000000888e-02,-2.449999999999999956e-01,5.999999999999999778e-02,7.299999999999999822e-01,-8.000000000000000167e-02,-5.000000000000000278e-02,4.000000000000000083e-02
1.120000,-3.559840181088658878e-02,0.000000000000000000e+00,7.594907452582463359e-01,9.999218760172473575e-01,0.000000000000000000e+00,-1.249967448170978719e-02,0.000000000000000000e+00,-3.854881513330774556e-01,0.000000000000000000e+00,0.000000000000000000e+00,6.587605936198707157e-01,-2.792724422867932099e-01,0.000000000000000000e+00,-5.320149992000846595e-01,0.000000000000000000e+00,0.000000000000000000e+00,9.176791318494150751e-01,-4.166413264933033211e-02,0.000000000000000000e+00,7.499999999999999722e-02,0.000000000000000000e+00,-5.500000000000000028e-02,3.900000000000000133e-01,1.950000000000000067e-01,5.999999999999999778e-02,7.299999999999999822e-01,-8.000000000000000167e-02,5.000000000000000278e-02,-4.000000000000000083e-02,1.000000000000000888e-02,-2.449999999999999956e-01,5.999999999999999778e-02,7.299999999999999822e-01,-8.000000000000000167e-02,-5.000000000000000278e-02,4.000000000000000083e-02
1.130000,-3.779538945207158718e-02,0.000000000000000000e+00,7.594907452582463359e-01,9.999218760172473575e-01,0.000000000000000000e+00,-1.249967448170978719e-02,0.000000000000000000e+00,-3.885903901159864504e-01,0.000000000000000000e+00,0.000000000000000000e+00,6.573430934326858210e-01,-2.747527033166993204e-01,0.000000000000000000e+00,-5.286405678492291926e-01,0.000000000000000000e+00,0.000000000000000000e+00,9.189665619718240253e-01,-4.632599412259474914e-02,0.000000000000000000e+00,7.499999999999999722e-02,0.000000000000000000e+00,-5.500000000000000028e-02,3.900000000000000133e-01,1.950000000000000067e-01,5.999999999999999778e-02,7.299999999999999822e-01,-8.000000000000000167e-02,5.000000000000000278e-02,-4.000000000000000083e-02,1.000000000000000888e-02,-2.449999999999999956e-01,5.999999999999999778e-02,7.299999999999999822e-01,-8.000000000000000167e-02,-5.000000000000000278e-02,4.000000000000000083e-02
1.140000,-4.000000000000002165e-02,0.000000000000000000e+00,7.594907452582463359e-01,9.999218760172473575e-01,0.000000000000000000e+00,-1.249967448170978719e-02,0.000000000000000000e+00,-3.916582068628912117e-01,0.000000000000000000e+00,0.000000000000000000e+00,6.558325064567969154e-01,-2.701742995939056535e-01,0.000000000000000000e+00,-5.252191874104676916e-01,0.000000000000000000e+00,0.000000000000000000e+00,9.201916258515332459e-01,-5.097243844106547073e-02,0.000000000000000000e+00,7.499999999999999722e-02,0.000000000000000000e+00,-5.500000000000000028e-02,3.900000000000000133e-01,1.950000000000000067e-01,5.999999999999999778e-02,7.299999999999999822e-01,-8.000000000000000167e-02,5.000000000000000278e-02,-4.000000000000000083e-02,1.000000000000000888e-02,-2.449999999999999956e-01,5.999999999999999778e-02,7.299999999999999822e-01,-8.000000000000000167e-02,-5.000000000000000278e-02,4.000000000000000083e-02
1.150000,-4.220461054792842837e-02,0.000000000000000000e+00,7.594907452582463359e-01,9.999218760172473575e-01,0.000000000000000000e+00,-1.249967448170978719e-02,0.000000000000000000e+00,-3.946803921786060099e-01,0.000000000000000000e+00,0.000000000000000000e+00,6.542330744533092490e-01,-2.655526822747031890e-01,0.000000000000000000e+00,-5.217627265826246807e-01,0.000000000000000000e+00,0.000000000000000000e+00,9.213499296221598911e-01,-5.558720303953523789e-02,0.000000000000000000e+00,7.499999999999999722e-02,0.000000000000000000e+00,-5.500000000000000028e-02,3.900000000000000133e-01,1.950000000000000067e-01,5.999999999999999778e-02,7.299999999999999822e-01,-8.000000000000000167e-02,5.000000000000000278e-02,-4.000000000000000083e-02,1.000000000000000888e-02,-2.449999999999999956e-01,5.999999999999999778e-02,7.299999999999999822e-01,-8.000000000000000167e-02,-5.000000000000000278e-02,4.000000000000000083e-02
1.160000,-4.440159818911338513e-02,0.000000000000000000e+00,7.594907452582463359e-01,9.999218760172473575e-01,0.000000000000000000e+00,-1.249967448170978719e-02,0.000000000000000000e+00,-3.976463497638672573e-01,0.000000000000000000e+00,0.000000000000000000e+00,6.525502307613179065e-01,-2.609038809974505990e-01,0.000000000000000000e+00,-5.182835336804091364e-01,0.000000000000000000e+00,0.000000000000000000e+00,9.224379906476465329e-01,-6.015445696723742408e-02,0.000000000000000000e+00,7.499999999999999722e-02,0.000000000000000000e+00,-5.500000000000000028e-02,3.900000000000000133e-01,1.950000000000000067e-01,5.999999999999999778e-02,7.299999999999999822e-01,-8.000000000000000167e-02,5.000000000000000278e-02,-4.000000000000000083e-02,1.000000000000000888e-02,-2.449999999999999956e-01,5.999999999999999778e-02,7.299999999999999822e-01,-8.000000000000000167e-02,-5.000000000000000278e-02,4.000000000000000083e-02
1.170000,-4.658337963347713995e-02,0.000000000000000000e+00,7.594907452582463359e-01,9.999218760172473575e-01,0.000000000000000000e+00,-1.249967448170978719e-02,0.000000000000000000e+00,-4.005461588846970233e-01,0.000000000000000000e+00,0.000000000000000000e+00,6.507905809108317507e-01,-2.562444220261346772e-01,0.000000000000000000e+00,-5.147943636096752318e-01,0.000000000000000000e+00,0.000000000000000000e+00,9.234532456818987933e-01,-6.465888207222347805e-02,0.000000000000000000e+00,7.499999999999999722e-02,0.000000000000000000e+00,-5.500000000000000028e-02,3.900000000000000133e-01,1.950000000000000067e-01,5.999999999999999778e-02,7.299999999999999822e-01,-8.000000000000000167e-02,5.000000000000000278e-02,-4.000000000000000083e-02,1.000000000000000888e-02,-2.449999999999999956e-01,5.999999999999999778e-02,7.299999999999999822e-01,-8.000000000000000167e-02,-5.000000000000000278e-02,4.000000000000000083e-02
1.180000,-4.874245082427311471e-02,0.000000000000000000e+00,7.594907452582463359e-01,9.999218760172473575e-01,0.000000000000000000e+00,-1.249967448170978719e-02,0.000000000000000000e+00,-4.033706273038109025e-01,0.000000000000000000e+00,0.000000000000000000e+00,6.489618650419731738e-01,-2.515912377381622211e-01,0.000000000000000000e+00,-5.113082975344168668e-01,0.000000000000000000e+00,0.000000000000000000e+00,9.243940449331987663e-01,-6.908574739878192705e-02,0.000000000000000000e+00,7.499999999999999722e-02,0.000000000000000000e+00,-5.500000000000000028e-02,3.900000000000000133e-01,1.950000000000000067e-01,5.999999999999999778e-02,7.299999999999999822e-01,-8.000000000000000167e-02,5.000000000000000278e-02,-4.000000000000000083e-02,1.000000000000000888e-02,-2.449999999999999956e-01,5.999999999999999778e-02,7.299999999999999822e-01,-8.000000000000000167e-02,-5.000000000000000278e-02,4.000000000000000083e-02
1.190000,-5.087142655475162395e-02,0.000000000000000000e+00,7.594907452582463359e-01,9.999218760172473575e-01,0.000000000000000000e+00,-1.249967448170978719e-02,0.000000000000000000e+00,-4.061113344339389863e-01,0.000000000000000000e+00,0.000000000000000000e+00,6.470729018795955412e-01,-2.469615674456565046e-01,0.000000000000000000e+00,-5.078386556313781997e-01,0.000000000000000000e+00,0.000000000000000000e+00,9.252596325007621525e-01,-7.342097686938398038e-02,0.000000000000000000e+00,7.499999999999999722e-02,0.000000000000000000e+00,-5.500000000000000028e-02,3.900000000000000133e-01,1.950000000000000067e-01,5.999999999999999778e-02,7.299999999999999822e-01,-8.000000000000000167e-02,5.000000000000000278e-02,-4.000000000000000083e-02,1.000000000000000888e-02,-2.449999999999999956e-01,5.999999999999999778e-02,7.299999999999999822e-01,-8.000000000000000167e-02,-5.000000000000000278e-02,4.000000000000000083e-02
1.200000,-5.296308008482542018e-02,0.000000000000000000e+00,7.594907452582463359e-01,9.999218760172473575e-01,0.000000000000000000e+00,-1.249967448170978719e-02,0.000000000000000000e+00,-4.087606645875996869e-01,0.000000000000000000e+00,0.000000000000000000e+00,6.451335142105187881e-01,-2.423728496229190510e-01,0.000000000000000000e+00,-5.043989034121773019e-01,0.000000000000000000e+00,0.000000000000000000e+00,9.260501138258363518e-01,-7.765121041365907750e-02,0.000000000000000000e+00,7.499999999999999722e-02,0.000000000000000000e+00,-5.500000000000000028e-02,3.900000000000000133e-01,1.950000000000000067e-01,5.999999999999999778e-02,7.299999999999999822e-01,-8.000000000000000167e-02,5.000000000000000278e-02,-4.000000000000000083e-02,1.000000000000000888e-02,-2.449999999999999956e-01,5.999999999999999778e-02,7.299999999999999822e-01,-8.000000000000000167e-02,-5.000000000000000278e-02,4.000000000000000083e-02
1.210000,-5.501038275773544733e-02,0.000000000000000000e+00,7.594907452582463359e-01,9.999218760172473575e-01,0.000000000000000000e+00,-1.249967448170978719e-02,0.000000000000000000e+00,-4.113118303261136810e-01,0.000000000000000000e+00,0.000000000000000000e+00,6.431544360282599460e-01,-2.378426057021462148e-01,0.000000000000000000e+00,-5.010025521684358107e-01,0.000000000000000000e+00,0.000000000000000000e+00,9.267664109690444407e-01,-8.176385880060854650e-02,0.000000000000000000e+00,7.499999999999999722e-02,0.000000000000000000e+00,-5.500000000000000028e-02,3.900000000000000133e-01,1.950000000000000067e-01,5.999999999999999778e-02,7.299999999999999822e-01,-8.000000000000000167e-02,5.000000000000000278e-02,-4.000000000000000083e-02,1.000000000000000888e-02,-2.449999999999999956e-01,5.999999999999999778e-02,7.299999999999999822e-01,-8.000000000000000167e-02,-5.000000000000000278e-02,4.000000000000000083e-02
1.220000,-5.700654361671629589e-02,0.000000000000000000e+00,7.594907452582463359e-01,9.999218760172473575e-01,0.000000000000000000e+00,-1.249967448170978719e-02,0.000000000000000000e+00,-4.137588860532723789e-01,0.000000000000000000e+00,0.000000000000000000e+00,6.411472017503887511e-01,-2.333883156971163220e-01,0.000000000000000000e+00,-4.976630541627688475e-01,0.000000000000000000e+00,0.000000000000000000e+00,9.274102066887858209e-01,-8.574715252601694537e-02,0.000000000000000000e+00,7.499999999999999722e-02,0.000000000000000000e+00,-5.500000000000000028e-02,3.900000000000000133e-01,1.950000000000000067e-01,5.999999999999999778e-02,7.299999999999999822e-01,-8.000000000000000167e-02,5.000000000000000278e-02,-4.000000000000000083e-02,1.000000000000000888e-02,-2.449999999999999956e-01,5.999999999999999778e-02,7.299999999999999822e-01,-8.000000000000000167e-02,-5.000000000000000278e-02,4.000000000000000083e-02
1.230000,-5.894504902166202570e-02,0.000000000000000000e+00,7.594907452582463359e-01,9.999218760172473575e-01,0.000000000000000000e+00,-1.249967448170978719e-02,0.000000000000000000e+00,-4.160967321563073251e-01,0.000000000000000000e+00,0.000000000000000000e+00,6.391240181784575425e-01,-2.290272860221501672e-01,0.000000000000000000e+00,-4.943936932477902002e-01,0.000000000000000000e+00,0.000000000000000000e+00,9.279838784515086481e-01,-8.959018520371841987e-02,0.000000000000000000e+00,7.499999999999999722e-02,0.000000000000000000e+00,-5.500000000000000028e-02,3.900000000000000133e-01,1.950000000000000067e-01,5.999999999999999778e-02,7.299999999999999822e-01,-8.000000000000000167e-02,5.000000000000000278e-02,-4.000000000000000083e-02,1.000000000000000888e-02,-2.449999999999999956e-01,5.999999999999999778e-02,7.299999999999999822e-01,-8.000000000000000167e-02,-5.000000000000000278e-02,4.000000000000000083e-02
1.240000,-6.081970226579153788e-02,0.000000000000000000e+00,7.594907452582463359e-01,9.999218760172473575e-01,0.000000000000000000e+00,-1.249967448170978719e-02,0.000000000000000000e+00,-4.183211101680317512e-01,0.000000000000000000e+00,0.000000000000000000e+00,6.370976201604021671e-01,-2.247765099923703658e-01,0.000000000000000000e+00,-4.912074716467078606e-01,0.000000000000000000e+00,0.000000000000000000e+00,9.284904236523485732e-01,-9.328295200564062917e-02,0.000000000000000000e+00,7.499999999999999722e-02,0.000000000000000000e+00,-5.500000000000000028e-02,3.900000000000000133e-01,1.950000000000000067e-01,5.999999999999999778e-02,7.299999999999999822e-01,-8.000000000000000167e-02,5.000000000000000278e-02,-4.000000000000000083e-02,1.000000000000000888e-02,-2.449999999999999956e-01,5.999999999999999778e-02,7.299999999999999822e-01,-8.000000000000000167e-02,-5.000000000000000278e-02,4.000000000000000083e-02
1.250000,-6.262466319231442535e-02,0.000000000000000000e+00,7.594907452582463359e-01,9.999218760172473575e-01,0.000000000000000000e+00,-1.249967448170978719e-02,0.000000000000000000e+00,-4.204285896076212503e-01,0.000000000000000000e+00,0.000000000000000000e+00,6.350811112289267424e-01,-2.206525216213054419e-01,0.000000000000000000e+00,-4.881169936726962311e-01,0.000000000000000000e+00,0.000000000000000000e+00,9.289333774622561268e-01,-9.681638378955992330e-02,0.000000000000000000e+00,7.499999999999999722e-02,0.000000000000000000e+00,-5.500000000000000028e-02,3.900000000000000133e-01,1.950000000000000067e-01,5.999999999999999778e-02,7.299999999999999822e-01,-8.000000000000000167e-02,5.000000000000000278e-02,-4.000000000000000083e-02,1.000000000000000888e-02,-2.449999999999999956e-01,5.999999999999999778e-02,7.299999999999999822e-01,-8.000000000000000167e-02,-5.000000000000000278e-02,4.000000000000000083e-02
1.260000,-6.435448781109644190e-02,0.000000000000000000e+00,7.594907452582463359e-01,9.999218760172473575e-01,0.000000000000000000e+00,-1.249967448170978719e-02,0.000000000000000000e+00,-4.224165473506221180e-01,0.000000000000000000e+00,0.000000000000000000e+00,6.330877908229174400e-01,-2.166712434722952718e-01,0.000000000000000000e+00,-4.851343472000017032e-01,0.000000000000000000e+00,0.000000000000000000e+00,9.293167248432150362e-01,-1.001823776432133606e-01,0.000000000000000000e+00,7.499999999999999722e-02,0.000000000000000000e+00,-5.500000000000000028e-02,3.900000000000000133e-01,1.950000000000000067e-01,5.999999999999999778e-02,7.299999999999999822e-01,-8.000000000000000167e-02,5.000000000000000278e-02,-4.000000000000000083e-02,1.000000000000000888e-02,-2.449999999999999956e-01,5.999999999999999778e-02,7.299999999999999822e-01,-8.000000000000000167e-02,-5.000000000000000278e-02,4.000000000000000083e-02
1.270000,-6.600416791532526251e-02,0.000000000000000000e+00,7.594907452582463359e-01,9.999218760172473575e-01,0.000000000000000000e+00,-1.249967448170978719e-02,0.000000000000000000e+00,-4.242831405772030662e-01,0.000000000000000000e+00,0.000000000000000000e+00,6.311309700457349292e-01,-2.128478294685318128e-01,0.000000000000000000e+00,-4.822709837274438693e-01,0.000000000000000000e+00,0.000000000000000000e+00,9.296448083838217968e-01,-1.033738246563778995e-01,0.000000000000000000e+00,7.499999999999999722e-02,0.000000000000000000e+00,-5.500000000000000028e-02,3.900000000000000133e-01,1.950000000000000067e-01,5.999999999999999778e-02,7.299999999999999822e-01,-8.000000000000000167e-02,5.000000000000000278e-02,-4.000000000000000083e-02,1.000000000000000888e-02,-2.449999999999999956e-01,5.999999999999999778e-02,7.299999999999999822e-01,-8.000000000000000167e-02,-5.000000000000000278e-02,4.000000000000000083e-02
1.280000,-6.756917069817591770e-02,0.000000000000000000e+00,7.594907452582463359e-01,9.999218760172473575e-01,0.000000000000000000e+00,-1.249967448170978719e-02,0.000000000000000000e+00,-4.260272745456836208e-01,0.000000000000000000e+00,0.000000000000000000e+00,6.292237782646745714e-01,-2.091965037189909005e-01,0.000000000000000000e+00,-4.795375978942336692e-01,0.000000000000000000e+00,0.000000000000000000e+00,9.299222337003818506e-01,-1.063846358061482089e-01,0.000000000000000000e+00,7.499999999999999722e-02,0.000000000000000000e+00,-5.500000000000000028e-02,3.900000000000000133e-01,1.950000000000000067e-01,5.999999999999999778e-02,7.299999999999999822e-01,-8.000000000000000167e-02,5.000000000000000278e-02,-4.000000000000000083e-02,1.000000000000000888e-02,-2.449999999999999956e-01,5.999999999999999778e-02,7.299999999999999822e-01,-8.000000000000000167e-02,-5.000000000000000278e-02,4.000000000000000083e-02
1.290000,-6.904547836947663719e-02,0.000000000000000000e+00,7.594907452582463359e-01,9.999218760172473575e-01,0.000000000000000000e+00,-1.249967448170978719e-02,0.000000000000000000e+00,-4.276485666288119547e-01,0.000000000000000000e+00,0.000000000000000000e+00,6.273789631971922187e-01,-2.057303965683802138e-01,0.000000000000000000e+00,-4.769440073181820394e-01,0.000000000000000000e+00,0.000000000000000000e+00,9.301537742202861114e-01,-1.092097669021040440e-01,0.000000000000000000e+00,7.499999999999999722e-02,0.000000000000000000e+00,-5.500000000000000028e-02,3.900000000000000133e-01,1.950000000000000067e-01,5.999999999999999778e-02,7.299999999999999822e-01,-8.000000000000000167e-02,5.000000000000000278e-02,-4.000000000000000083e-02,1.000000000000000888e-02,-2.449999999999999956e-01,5.999999999999999778e-02,7.299999999999999822e-01,-8.000000000000000167e-02,-5.000000000000000278e-02,4.000000000000000083e-02
1.300000,-7.042962777237422867e-02,0.000000000000000000e+00,7.594907452582463359e-01,9.999218760172473575e-01,0.000000000000000000e+00,-1.249967448170978719e-02,0.000000000000000000e+00,-4.291473082244713355e-01,0.000000000000000000e+00,0.000000000000000000e+00,6.256086874457963409e-01,-2.024613792213249552e-01,0.000000000000000000e+00,-4.744990336266088904e-01,0.000000000000000000e+00,0.000000000000000000e+00,9.303442772110667169e-01,-1.118452435844577986e-01,0.000000000000000000e+00,7.499999999999999722e-02,0.000000000000000000e+00,-5.500000000000000028e-02,3.900000000000000133e-01,1.950000000000000067e-01,5.999999999999999778e-02,7.299999999999999822e-01,-8.000000000000000167e-02,5.000000000000000278e-02,-4.000000000000000083e-02,1.000000000000000888e-02,-2.449999999999999956e-01,5.999999999999999778e-02,7.299999999999999822e-01,-8.000000000000000167e-02,-5.000000000000000278e-02,4.000000000000000083e-02
1.310000,-7.171874999999999778e-02,0.000000000000000000e+00,7.594907452582463359e-01,9.999218760172473575e-01,0.000000000000000000e+00,-1.249967448170978719e-02,0.000000000000000000e+00,-4.305244263007447225e-01,0.000000000000000000e+00,0.000000000000000000e+00,6.239243247164926176e-01,-1.993998984157478449e-01,0.000000000000000000e+00,-4.722103855394629290e-01,0.000000000000000000e+00,0.000000000000000000e+00,9.304985729361753277e-01,-1.142881873967124262e-01,0.000000000000000000e+00,7.499999999999999722e-02,0.000000000000000000e+00,-5.500000000000000028e-02,3.900000000000000133e-01,1.950000000000000067e-01,5.999999999999999778e-02,7.299999999999999822e-01,-8.000000000000000167e-02,5.000000000000000278e-02,-4.000000000000000083e-02,1.000000000000000888e-02,-2.449999999999999956e-01,5.999999999999999778e-02,7.299999999999999822e-01,-8.000000000000000167e-02,-5.000000000000000278e-02,4.000000000000000083e-02
1.320000,-7.291061001213507142e-02,0.000000000000000000e+00,7.594907452582463359e-01,9.999218760172473575e-01,0.000000000000000000e+00,-1.249967448170978719e-02,0.000000000000000000e+00,-4.317814464469663105e-01,0.000000000000000000e+00,0.000000000000000000e+00,6.223362591650672959e-01,-1.965548127181009352e-01,0.000000000000000000e+00,-4.700845448410725935e-01,0.000000000000000000e+00,0.000000000000000000e+00,9.306213888030338000e-01,-1.165368439619611785e-01,0.000000000000000000e+00,7.499999999999999722e-02,0.000000000000000000e+00,-5.500000000000000028e-02,3.900000000000000133e-01,1.950000000000000067e-01,5.999999999999999778e-02,7.299999999999999822e-01,-8.000000000000000167e-02,5.000000000000000278e-02,-4.000000000000000083e-02,1.000000000000000888e-02,-2.449999999999999956e-01,5.999999999999999778e-02,7.299999999999999822e-01,-8.000000000000000167e-02,-5.000000000000000278e-02,4.000000000000000083e-02
1.330000,-7.400364625187606793e-02,0.000000000000000000e+00,7.594907452582463359e-01,9.999218760172473575e-01,0.000000000000000000e+00,-1.249967448170978719e-02,0.000000000000000000e+00,-4.329204593667221879e-01,0.000000000000000000e+00,0.000000000000000000e+00,6.208536914402779106e-01,-1.939332320735556725e-01,0.000000000000000000e+00,-4.681266560400469401e-01,0.000000000000000000e+00,0.000000000000000000e+00,9.307172703161339378e-01,-1.185906142760869697e-01,0.000000000000000000e+00,7.499999999999999722e-02,0.000000000000000000e+00,-5.500000000000000028e-02,3.900000000000000133e-01,1.950000000000000067e-01,5.999999999999999778e-02,7.299999999999999822e-01,-8.000000000000000167e-02,5.000000000000000278e-02,-4.000000000000000083e-02,1.000000000000000888e-02,-2.449999999999999956e-01,5.999999999999999778e-02,7.299999999999999822e-01,-8.000000000000000167e-02,-5.000000000000000278e-02,4.000000000000000083e-02
1.340000,-7.499701026230110035e-02,0.000000000000000000e+00,7.594907452582463359e-01,9.999218760172473575e-01,0.000000000000000000e+00,-1.249967448170978719e-02,0.000000000000000000e+00,-4.339440927552487004e-01,0.000000000000000000e+00,0.000000000000000000e+00,6.194844550125706562e-01,-1.915403622573219056e-01,0.000000000000000000e+00,-4.663404204644878703e-01,0.000000000000000000e+00,0.000000000000000000e+00,9.307905105537586099e-01,-1.204500900892706561e-01,0.000000000000000000e+00,7.499999999999999722e-02,0.000000000000000000e+00,-5.500000000000000028e-02,3.900000000000000133e-01,1.950000000000000067e-01,5.999999999999999778e-02,7.299999999999999822e-01,-8.000000000000000167e-02,5.000000000000000278e-02,-4.000000000000000083e-02,1.000000000000000888e-02,-2.449999999999999956e-01,5.999999999999999778e-02,7.299999999999999822e-01,-8.000000000000000167e-02,-5.000000000000000278e-02,4.000000000000000083e-02
1.350000,-7.589060630313476663e-02,0.000000000000000000e+00,7.594907452582463359e-01,9.999218760172473575e-01,0.000000000000000000e+00,-1.249967448170978719e-02,0.000000000000000000e+00,-4.348554904429743351e-01,0.000000000000000000e+00,0.000000000000000000e+00,6.182348462726144911e-01,-1.893793558296401058e-01,0.000000000000000000e+00,-4.647279954700853088e-01,0.000000000000000000e+00,0.000000000000000000e+00,9.308450897473788954e-01,-1.221170942772935586e-01,0.000000000000000000e+00,7.499999999999999722e-02,0.000000000000000000e+00,-5.500000000000000028e-02,3.900000000000000133e-01,1.950000000000000067e-01,5.999999999999999778e-02,7.299999999999999822e-01,-8.000000000000000167e-02,5.000000000000000278e-02,-4.000000000000000083e-02,1.000000000000000888e-02,-2.449999999999999956e-01,5.999999999999999778e-02,7.299999999999999822e-01,-8.000000000000000167e-02,-5.000000000000000278e-02,4.000000000000000083e-02
1.360000,-7.668513096741433333e-02,0.000000000000000000e+00,7.594907452582463359e-01,9.999218760172473575e-01,0.000000000000000000e+00,-1.249967448170978719e-02,0.000000000000000000e+00,-4.356583005514506057e-01,0.000000000000000000e+00,0.000000000000000000e+00,6.171094716402747427e-01,-1.874511710888240867e-01,0.000000000000000000e+00,-4.632898993498770768e-01,0.000000000000000000e+00,0.000000000000000000e+00,9.308846263542195354e-01,-1.235947270043423751e-01,0.000000000000000000e+00,7.499999999999999722e-02,0.000000000000000000e+00,-5.500000000000000028e-02,3.900000000000000133e-01,1.950000000000000067e-01,5.999999999999999778e-02,7.299999999999999822e-01,-8.000000000000000167e-02,5.000000000000000278e-02,-4.000000000000000083e-02,1.000000000000000888e-02,-2.449999999999999956e-01,5.999999999999999778e-02,7.299999999999999822e-01,-8.000000000000000167e-02,-5.000000000000000278e-02,4.000000000000000083e-02
1.370000,-7.738211279815503107e-02,0.000000000000000000e+00,7.594907452582463359e-01,9.999218760172473575e-01,0.000000000000000000e+00,-1.249967448170978719e-02,0.000000000000000000e+00,-4.363566741925359316e-01,0.000000000000000000e+00,0.000000000000000000e+00,6.161111145310478321e-01,-1.857544403385118503e-01,0.000000000000000000e+00,-4.620249224245596142e-01,0.000000000000000000e+00,0.000000000000000000e+00,9.309123407725825583e-01,-1.248874183480228606e-01,0.000000000000000000e+00,7.499999999999999722e-02,0.000000000000000000e+00,-5.500000000000000028e-02,3.900000000000000133e-01,1.950000000000000067e-01,5.999999999999999778e-02,7.299999999999999822e-01,-8.000000000000000167e-02,5.000000000000000278e-02,-4.000000000000000083e-02,1.000000000000000888e-02,-2.449999999999999956e-01,5.999999999999999778e-02,7.299999999999999822e-01,-8.000000000000000167e-02,-5.000000000000000278e-02,4.000000000000000083e-02
1.380000,-7.798395190501578034e-02,0.000000000000000000e+00,7.594907452582463359e-01,9.999218760172473575e-01,0.000000000000000000e+00,-1.249967448170978719e-02,0.000000000000000000e+00,-4.369552759442503209e-01,0.000000000000000000e+00,0.000000000000000000e+00,6.152406244783245048e-01,-1.842853485340741337e-01,0.000000000000000000e+00,-4.609300446590934852e-01,0.000000000000000000e+00,0.000000000000000000e+00,9.309310325532440533e-01,-1.260009878941505956e-01,0.000000000000000000e+00,7.499999999999999722e-02,0.000000000000000000e+00,-5.500000000000000028e-02,3.900000000000000133e-01,1.950000000000000067e-01,5.999999999999999778e-02,7.299999999999999822e-01,-8.000000000000000167e-02,5.000000000000000278e-02,-4.000000000000000083e-02,1.000000000000000888e-02,-2.449999999999999956e-01,5.999999999999999778e-02,7.299999999999999822e-01,-8.000000000000000167e-02,-5.000000000000000278e-02,4.000000000000000083e-02
1.390000,-7.849395958096481996e-02,0.000000000000000000e+00,7.594907452582463359e-01,9.999218760172473575e-01,0.000000000000000000e+00,-1.249967448170978719e-02,0.000000000000000000e+00,-4.374593069582462523e-01,0.000000000000000000e+00,0.000000000000000000e+00,6.144968300073320178e-01,-1.830375230490857152e-01,0.000000000000000000e+00,-4.600003599929262110e-01,0.000000000000000000e+00,0.000000000000000000e+00,9.309430716060105304e-01,-1.269427116130843469e-01,0.000000000000000000e+00,7.499999999999999722e-02,0.000000000000000000e+00,-5.500000000000000028e-02,3.900000000000000133e-01,1.950000000000000067e-01,5.999999999999999778e-02,7.299999999999999822e-01,-8.000000000000000167e-02,5.000000000000000278e-02,-4.000000000000000083e-02,1.000000000000000888e-02,-2.449999999999999956e-01,5.999999999999999778e-02,7.299999999999999822e-01,-8.000000000000000167e-02,-5.000000000000000278e-02,4.000000000000000083e-02
1.400000,-7.891639791894537737e-02,0.000000000000000000e+00,7.594907452582463359e-01,9.999218760172473575e-01,0.000000000000000000e+00,-1.249967448170978719e-02,0.000000000000000000e+00,-4.378745410984972164e-01,0.000000000000000000e+00,0.000000000000000000e+00,6.138764760074791882e-01,-1.820019349089819216e-01,0.000000000000000000e+00,-4.592290073852657861e-01,0.000000000000000000e+00,0.000000000000000000e+00,9.309504034859996668e-01,-1.277213961007338527e-01,0.000000000000000000e+00,7.499999999999999722e-02,0.000000000000000000e+00,-5.500000000000000028e-02,3.900000000000000133e-01,1.950000000000000067e-01,5.999999999999999778e-02,7.299999999999999822e-01,-8.000000000000000167e-02,5.000000000000000278e-02,-4.000000000000000083e-02,1.000000000000000888e-02,-2.449999999999999956e-01,5.999999999999999778e-02,7.299999999999999822e-01,-8.000000000000000167e-02,-5.000000000000000278e-02,4.000000000000000083e-02
1.410000,-7.925651942854100573e-02,0.000000000000000000e+00,7.594907452582463359e-01,9.999218760172473575e-01,0.000000000000000000e+00,-1.249967448170978719e-02,0.000000000000000000e+00,-4.382073739855129046e-01,0.000000000000000000e+00,0.000000000000000000e+00,6.133741853666980770e-01,-1.811668113811851222e-01,0.000000000000000000e+00,-4.586071083613464938e-01,0.000000000000000000e+00,0.000000000000000000e+00,9.309545683674340655e-01,-1.283474600060875437e-01,0.000000000000000000e+00,7.499999999999999722e-02,0.000000000000000000e+00,-5.500000000000000028e-02,3.900000000000000133e-01,1.950000000000000067e-01,5.999999999999999778e-02,7.299999999999999822e-01,-8.000000000000000167e-02,5.000000000000000278e-02,-4.000000000000000083e-02,1.000000000000000888e-02,-2.449999999999999956e-01,5.999999999999999778e-02,7.299999999999999822e-01,-8.000000000000000167e-02,-5.000000000000000278e-02,4.000000000000000083e-02
1.420000,-7.952060665264182315e-02,0.000000000000000000e+00,7.594907452582463359e-01,9.999218760172473575e-01,0.000000000000000000e+00,-1.249967448170978719e-02,0.000000000000000000e+00,-4.384648842340737041e-01,0.000000000000000000e+00,0.000000000000000000e+00,6.129824435308249830e-01,-1.805175592967512288e-01,0.000000000000000000e+00,-4.581237105982994273e-01,0.000000000000000000e+00,0.000000000000000000e+00,9.309567327718011320e-01,-1.288330221735016767e-01,0.000000000000000000e+00,7.499999999999999722e-02,0.000000000000000000e+00,-5.500000000000000028e-02,3.900000000000000133e-01,1.950000000000000067e-01,5.999999999999999778e-02,7.299999999999999822e-01,-8.000000000000000167e-02,5.000000000000000278e-02,-4.000000000000000083e-02,1.000000000000000888e-02,-2.449999999999999956e-01,5.999999999999999778e-02,7.299999999999999822e-01,-8.000000000000000167e-02,-5.000000000000000278e-02,4.000000000000000083e-02
1.430000,-7.971601178410919752e-02,0.000000000000000000e+00,7.594907452582463359e-01,9.999218760172473575e-01,0.000000000000000000e+00,-1.249967448170978719e-02,0.000000000000000000e+00,-4.386549055350565940e-01,0.000000000000000000e+00,0.000000000000000000e+00,6.126916034516209919e-01,-1.800366979165643477e-01,0.000000000000000000e+00,-4.577657368079167677e-01,0.000000000000000000e+00,0.000000000000000000e+00,9.309577325103702838e-01,-1.291919957024535437e-01,0.000000000000000000e+00,7.499999999999999722e-02,0.000000000000000000e+00,-5.500000000000000028e-02,3.900000000000000133e-01,1.950000000000000067e-01,5.999999999999999778e-02,7.299999999999999822e-01,-8.000000000000000167e-02,5.000000000000000278e-02,-4.000000000000000083e-02,1.000000000000000888e-02,-2.449999999999999956e-01,5.999999999999999778e-02,7.299999999999999822e-01,-8.000000000000000167e-02,-5.000000000000000278e-02,4.000000000000000083e-02
1.440000,-7.985119628244259637e-02,0.000000000000000000e+00,7.594907452582463359e-01,9.999218760172473575e-01,0.000000000000000000e+00,-1.249967448170978719e-02,0.000000000000000000e+00,-4.387861075530640198e-01,0.000000000000000000e+00,0.000000000000000000e+00,6.124899071067710921e-01,-1.797037995537070221e-01,0.000000000000000000e+00,-4.575179378560615961e-01,0.000000000000000000e+00,0.000000000000000000e+00,9.309581246264413412e-01,-1.294401867703797171e-01,0.000000000000000000e+00,7.499999999999999722e-02,0.000000000000000000e+00,-5.500000000000000028e-02,3.900000000000000133e-01,1.950000000000000067e-01,5.999999999999999778e-02,7.299999999999999822e-01,-8.000000000000000167e-02,5.000000000000000278e-02,-4.000000000000000083e-02,1.000000000000000888e-02,-2.449999999999999956e-01,5.999999999999999778e-02,7.299999999999999822e-01,-8.000000000000000167e-02,-5.000000000000000278e-02,4.000000000000000083e-02
1.450000,-7.993577049044367500e-02,0.000000000000000000e+00,7.594907452582463359e-01,9.999218760172473575e-01,0.000000000000000000e+00,-1.249967448170978719e-02,0.000000000000000000e+00,-4.388680828992903571e-01,0.000000000000000000e+00,0.000000000000000000e+00,6.123635184291871258e-01,-1.794954355298967186e-01,0.000000000000000000e+00,-4.573628487027080469e-01,0.000000000000000000e+00,0.000000000000000000e+00,9.309582453782916378e-01,-1.295953966755836184e-01,0.000000000000000000e+00,7.499999999999999722e-02,0.000000000000000000e+00,-5.500000000000000028e-02,3.900000000000000133e-01,1.950000000000000067e-01,5.999999999999999778e-02,7.299999999999999822e-01,-8.000000000000000167e-02,5.000000000000000278e-02,-4.000000000000000083e-02,1.000000000000000888e-02,-2.449999999999999956e-01,5.999999999999999778e-02,7.299999999999999822e-01,-8.000000000000000167e-02,-5.000000000000000278e-02,4.000000000000000083e-02
1.460000,-7.998053325088377852e-02,0.000000000000000000e+00,7.594907452582463359e-01,9.999218760172473575e-01,0.000000000000000000e+00,-1.249967448170978719e-02,0.000000000000000000e+00,-4.389114366983845605e-01,0.000000000000000000e+00,0.000000000000000000e+00,6.122965610804538272e-01,-1.793851243820692165e-01,0.000000000000000000e+00,-4.572807453506850806e-01,0.000000000000000000e+00,0.000000000000000000e+00,9.309582704874057590e-01,-1.296775251367205950e-01,0.000000000000000000e+00,7.499999999999999722e-02,0.000000000000000000e+00,-5.500000000000000028e-02,3.900000000000000133e-01,1.950000000000000067e-01,5.999999999999999778e-02,7.299999999999999822e-01,-8.000000000000000167e-02,5.000000000000000278e-02,-4.000000000000000083e-02,1.000000000000000888e-02,-2.449999999999999956e-01,5.999999999999999778e-02,7.299999999999999822e-01,-8.000000000000000167e-02,-5.000000000000000278e-02,4.000000000000000083e-02
1.470000,-7.999751152316746106e-02,0.000000000000000000e+00,7.594907452582463359e-01,9.999218760172473575e-01,0.000000000000000000e+00,-1.249967448170978719e-02,0.000000000000000000e+00,-4.389278744995085413e-01,0.000000000000000000e+00,0.000000000000000000e+00,6.122711530453883721e-01,-1.793432785458797807e-01,0.000000000000000000e+00,-4.572496005536993979e-01,0.000000000000000000e+00,0.000000000000000000e+00,9.309582729856787919e-01,-1.297086724319793660e-01,0.000000000000000000e+00,7.499999999999999722e-02,0.000000000000000000e+00,-5.500000000000000028e-02,3.900000000000000133e-01,1.950000000000000067e-01,5.999999999999999778e-02,7.299999999999999822e-01,-8.000000000000000167e-02,5.000000000000000278e-02,-4.000000000000000083e-02,1.000000000000000888e-02,-2.449999999999999956e-01,5.999999999999999778e-02,7.299999999999999822e-01,-8.000000000000000167e-02,-5.000000000000000278e-02,4.000000000000000083e-02
1.480000,-7.999999999999997391e-02,0.000000000000000000e+00,7.594907452582463359e-01,9.999218760172473575e-01,0.000000000000000000e+00,-1.249967448170978719e-02,0.000000000000000000e+00,-4.389302834803130438e-01,0.000000000000000000e+00,0.000000000000000000e+00,6.122674285019926721e-01,-1.793371450216795782e-01,0.000000000000000000e+00,-4.572450355541490818e-01,0.000000000000000000e+00,0.000000000000000000e+00,9.309582730271812601e-01,-1.297132374730320947e-01,0.000000000000000000e+00,7.499999999999999722e-02,0.000000000000000000e+00,-5.500000000000000028e-02,3.900000000000000133e-01,1.950000000000000067e-01,5.999999999999999778e-02,7.299999999999999822e-01,-8.000000000000000167e-02,5.000000000000000278e-02,-4.000000000000000083e-02,1.000000000000000888e-02,-2.449999999999999956e-01,5.999999999999999778e-02,7.299999999999999822e-01,-8.000000000000000167e-02,-5.000000000000000278e-02,4.000000000000000083e-02
1.490000,-8.000000000000000167e-02,0.000000000000000000e+00,7.594907452582463359e-01,9.999218760172473575e-01,0.000000000000000000e+00,-1.249967448170978893e-02,0.000000000000000000e+00,-4.390804342711054908e-01,0.000000000000000000e+00,0.000000000000000000e+00,6.125601608211004301e-01,-1.791730302239863404e-01,0.000000000000000000e+00,-4.571478197237122121e-01,0.000000000000000000e+00,0.000000000000000000e+00,9.307597666172332529e-01,-1.299186432195295060e-01,0.000000000000000000e+00,7.486855871742491286e-02,0.000000000000000000e+00,-5.500000000000000028e-02,3.896670154174765033e-01,1.950438137608583589e-01,5.989484697393993029e-02,7.299999999999999822e-01,-7.985979596525324964e-02,4.991237247828328449e-02,-3.992989798262662482e-02,1.033298458252354668e-02,-2.449561862391416434e-01,5.989484697393993029e-02,7.299999999999999822e-01,-7.985979596525324964e-02,-4.991237247828328449e-02,3.992989798262662482e-02
1.500000,-8.000000000000000167e-02,0.000000000000000000e+00,7.594907452582463359e-01,9.999218760172473575e-01,0.000000000000000000e+00,-1.249967448170978546e-02,0.000000000000000000e+00,-4.400469144582833669e-01,0.000000000000000000e+00,0.000000000000000000e+00,6.144442444736550879e-01,-1.781132709284986015e-01,0.000000000000000000e+00,-4.565205734815258043e-01,0.000000000000000000e+00,0.000000000000000000e+00,9.294789934044834778e-01,-1.312424790098306593e-01,0.000000000000000000e+00,7.402111753419725326e-02,0.000000000000000000e+00,-5.500000000000000028e-02,3.875201644199663953e-01,1.953262941552675880e-01,5.921689402735780261e-02,7.299999999999999822e-01,-7.895585870314374144e-02,4.934741168946484013e-02,-3.947792935157187072e-02,1.247983558003362692e-02,-2.446737058447324142e-01,5.921689402735780261e-02,7.299999999999999822e-01,-7.895585870314374144e-02,-4.934741168946484013e-02,3.947792935157187072e-02
1.510000,-8.000000000000000167e-02,0.000000000000000000e+00,7.594907452582463359e-01,9.999218760172473575e-01,0.000000000000000000e+00,-1.249967448170978372e-02,0.000000000000000000e+00,-4.424178516852238507e-01,0.000000000000000000e+00,0.000000000000000000e+00,6.190650755301327912e-01,-1.754886219113599433e-01,0.000000000000000000e+00,-4.549708333935084670e-01,0.000000000000000000e+00,0.000000000000000000e+00,9.263146550546835778e-01,-1.345024235947239744e-01,0.000000000000000000e+00,7.193202774276473421e-02,0.000000000000000000e+00,-5.500000000000000028e-02,3.822278036150040248e-01,1.960226574190784277e-01,5.754562219421179015e-02,7.299999999999999822e-01,-7.672749625894904890e-02,4.795468516184316077e-02,-3.836374812947452445e-02,1.777219638499599741e-02,-2.439773425809215746e-01,5.754562219421179015e-02,7.299999999999999822e-01,-7.672749625894904890e-02,-4.795468516184316077e-02,3.836374812947452445e-02
1.520000,-8.000000000000000167e-02,0.000000000000000000e+00,7.594907452582463359e-01,9.999218760172473575e-01,0.000000000000000000e+00,-1.249967448170978893e-02,0.000000000000000000e+00,-4.465414642859332206e-01,0.000000000000000000e+00,0.000000000000000000e+00,6.270979094997065628e-01,-1.708396846845000594e-01,0.000000000000000000e+00,-4.522379090641440169e-01,0.000000000000000000e+00,0.000000000000000000e+00,9.207346850744891897e-01,-1.402135365396183220e-01,0.000000000000000000e+00,6.826424548745431420e-02,0.000000000000000000e+00,-5.500000000000000028e-02,3.729360885682175830e-01,1.972452515041819010e-01,5.461139638996344997e-02,7.299999999999999822e-01,-7.281519518661794255e-02,4.550949699163621409e-02,-3.640759759330897127e-02,2.706391143178241143e-02,-2.427547484958181012e-01,5.461139638996344997e-02,7.299999999999999822e-01,-7.281519518661794255e-02,-4.550949699163621409e-02,3.640759759330897127e-02
1.530000,-8.000000000000000167e-02,0.000000000000000000e+00,7.594907452582463359e-01,9.999218760172473575e-01,0.000000000000000000e+00,-1.249967448170978719e-02,0.000000000000000000e+00,-4.525430416359670360e-01,0.000000000000000000e+00,0.000000000000000000e+00,6.387802265039457250e-01,-1.638833947642228117e-01,0.000000000000000000e+00,-4.481738108468811821e-01,0.000000000000000000e+00,0.000000000000000000e+00,9.124373743636617906e-01,-1.486173536205364076e-01,0.000000000000000000e+00,6.284837566981892054e-02,0.000000000000000000e+00,-5.500000000000000028e-02,3.592158850302079598e-01,1.990505414433936804e-01,5.027870053585513366e-02,7.299999999999999822e-01,-6.703826738114018746e-02,4.189891711321261369e-02,-3.351913369057009373e-02,4.078411496979209017e-02,-2.409494585566063218e-01,5.027870053585513366e-02,7.299999999999999822e-01,-6.703826738114018746e-02,-4.189891711321261369e-02,3.351913369057009373e-02
1.540000,-8.000000000000000167e-02,0.000000000000000000e+00,7.594907452582463359e-01,9.999218760172473575e-01,0.000000000000000000e+00,-1.249967448170979066e-02,0.000000000000000000e+00,-4.603547469825719496e-01,0.000000000000000000e+00,0.000000000000000000e+00,6.539703082481410634e-01,-1.544928982581988408e-01,0.000000000000000000e+00,-4.427267079270645334e-01,0.000000000000000000e+00,0.000000000000000000e+00,9.013176028686243901e-01,-1.597135579489300516e-01,0.000000000000000000e+00,5.566171585398418248e-02,0.000000000000000000e+00,-5.500000000000000028e-02,3.410096801634265873e-01,2.014460947153386139e-01,4.452937268318734459e-02,7.299999999999999822e-01,-5.937249691091646409e-02,3.710781056932279526e-02,-2.968624845545823204e-02,5.899031983657340716e-02,-2.385539052846613883e-01,4.452937268318734459e-02,7.299999999999999822e-01,-5.937249691091646409e-02,-3.710781056932279526e-02,2.968624845545823204e-02
1.550000,-8.000000000000000167e-02,0.000000000000000000e+00,7.594907452582463359e-01,9.999218760172473575e-01,0.000000000000000000e+00,-1.249967448170979066e-02,0.000000000000000000e+00,-4.697568471940353207e-01,0.000000000000000000e+00,0.000000000000000000e+00,6.722292095173273418e-01,-1.426893960579475040e-01,0.000000000000000000e+00,-4.359273683983109771e-01,0.000000000000000000e+00,0.000000000000000000e+00,8.874390916626815340e-01,-1.732946895297149403e-01,0.000000000000000000e+00,4.680730017199524751e-02,0.000000000000000000e+00,-5.500000000000000028e-02,3.185784937690546714e-01,2.043975666093349186e-01,3.744584013759619939e-02,7.299999999999999822e-01,-4.992778685012826817e-02,3.120486678133016500e-02,-2.496389342506413409e-02,8.142150623094537853e-02,-2.356024333906650836e-01,3.744584013759619939e-02,7.299999999999999822e-01,-4.992778685012826817e-02,-3.120486678133016500e-02,2.496389342506413409e-02
1.560000,-8.000000000000000167e-02,0.000000000000000000e+00,7.594907452582463359e-01,9.999218760172473575e-01,0.000000000000000000e+00,-1.249967448170979066e-02,0.000000000000000000e+00,-4.804240926600568118e-01,0.000000000000000000e+00,0.000000000000000000e+00,6.929133397630139468e-01,-1.286394479710052385e-01,0.000000000000000000e+00,-4.278783866082752074e-01,0.000000000000000000e+00,0.000000000000000000e+00,8.710122882218819251e-01,-1.889837007455585915e-01,0.000000000000000000e+00,3.649294322916347283e-02,0.000000000000000000e+00,-5.500000000000000028e-02,2.924487895138808136e-01,2.078356855902788458e-01,2.919435458333077826e-02,7.299999999999999822e-01,-3.892580611110770666e-02,2.432862881944231753e-02,-1.946290305555385333e-02,1.075512104861192086e-01,-2.321643144097211564e-01,2.919435458333077826e-02,7.299999999999999822e-01,-3.892580611110770666e-02,-2.432862881944231753e-02,1.946290305555385333e-02
1.570000,-8.000000000000000167e-02,0.000000000000000000e+00,7.594907452582463359e-01,9.999218760172473575e-01,0.000000000000000000e+00,-1.249967448170979066e-02,0.000000000000000000e+00,-4.919700455099166314e-01,0.000000000000000000e+00,0.000000000000000000e+00,7.152629624177526679e-01,-1.126502462631334689e-01,0.000000000000000000e+00,-4.187456560232488689e-01,0.000000000000000000e+00,0.000000000000000000e+00,8.523767993129702791e-01,-2.062738139344238997e-01,0.000000000000000000e+00,2.501028400941319660e-02,0.000000000000000000e+00,-5.500000000000000028e-02,2.633593861571801309e-01,2.116632386635289298e-01,2.000822720753055867e-02,7.299999999999999822e-01,-2.667763627670741156e-02,1.667352267294213222e-02,-1.333881813835370578e-02,1.366406138428198913e-01,-2.283367613364710724e-01,2.000822720753055867e-02,7.299999999999999822e-01,-2.667763627670741156e-02,-1.667352267294213222e-02,1.333881813835370578e-02
1.580000,-8.000000000000000167e-02,0.000000000000000000e+00,7.594907452582463359e-01,9.999218760172473575e-01,0.000000000000000000e+00,-1.249967448170978546e-02,0.000000000000000000e+00,-5.039842985239217921e-01,0.000000000000000000e+00,0.000000000000000000e+00,7.384762634347346033e-01,-9.515756773227934673e-02,0.000000000000000000e+00,-4.087513255930471101e-01,0.000000000000000000e+00,0.000000000000000000e+00,8.319868407016463019e-01,-2.245699122871326336e-01,0.000000000000000000e+00,1.271382978062852651e-02,0.000000000000000000e+00,-5.500000000000000028e-02,2.322083687775922667e-01,2.157620567397904865e-01,1.017106382450282120e-02,7.299999999999999822e-01,-1.356141843267042943e-02,8.475886520419018827e-03,-6.780709216335214715e-03,1.677916312224077555e-01,-2.242379432602095157e-01,1.017106382450282120e-02,7.299999999999999822e-01,-1.356141843267042943e-02,-8.475886520419018827e-03,6.780709216335214715e-03
1.590000,-8.000000000000000167e-02,0.000000000000000000e+00,7.594907452582463359e-01,9.999218760172473575e-01,0.000000000000000000e+00,-1.249967448170978893e-02,0.000000000000000000e+00,-5.160606899815958215e-01,0.000000000000000000e+00,0.000000000000000000e+00,7.617650652719053506e-01,-7.670437529030948998e-02,0.000000000000000000e+00,-3.981672730538164395e-01,0.000000000000000000e+00,0.000000000000000000e+00,8.103977560555040149e-01,-2.432304830016874808e-01,0.000000000000000000e+00,2.498001805406601969e-17,0.000000000000000000e+00,-5.500000000000000028e-02,2.000000000000000666e-01,2.200000000000000011e-01,1.998401444325281699e-17,7.299999999999999822e-01,-2.664535259100375598e-17,1.665334536937735057e-17,-1.332267629550187799e-17,1.999999999999999556e-01,-2.200000000000000011e-01,1.998401444325281699e-17,7.299999999999999822e-01,-2.664535259100375598e-17,-1.665334536937735057e-17,1.332267629550187799e-17
1.600000,-8.000000000000000167e-02,0.000000000000000000e+00,7.594907452582463359e-01,9.999218760172473575e-01,0.000000000000000000e+00,-1.249967448170978546e-02,0.000000000000000000e+00,-5.278171587104456552e-01,0.000000000000000000e+00,0.000000000000000000e+00,7.843934284453362160e-01,-5.791066691342405814e-02,0.000000000000000000e+00,-3.873078834834126627e-01,0.000000000000000000e+00,0.000000000000000000e+00,7.882511555600186792e-01,-2.616088748980723855e-01,0.000000000000000000e+00,-1.271382978062847620e-02,0.000000000000000000e+00,-5.500000000000000028e-02,1.677916312224078665e-01,2.242379432602094880e-01,-1.017106382450278131e-02,7.299999999999999822e-01,1.356141843267037565e-02,-8.475886520418985867e-03,6.780709216335187826e-03,2.322083687775921557e-01,-2.157620567397905142e-01,-1.017106382450278131e-02,7.299999999999999822e-01,1.356141843267037565e-02,8.475886520418985867e-03,-6.780709216335187826e-03
1.610000,-8.000000000000000167e-02,0.000000000000000000e+00,7.594907452582463359e-01,9.999218760172473575e-01,0.000000000000000000e+00,-1.249967448170979066e-02,0.000000000000000000e+00,-5.389092168779022751e-01,0.000000000000000000e+00,0.000000000000000000e+00,8.057031068377225047e-01,-3.943656060452271905e-02,0.000000000000000000e+00,-3.765206374102795239e-01,0.000000000000000000e+00,0.000000000000000000e+00,7.662556423306801090e-01,-2.790923342756980174e-01,0.000000000000000000e+00,-2.501028400941319660e-02,0.000000000000000000e+00,-5.500000000000000028e-02,1.366406138428198913e-01,2.283367613364710724e-01,-2.000822720753055867e-02,7.299999999999999822e-01,2.667763627670741156e-02,-1.667352267294213222e-02,1.333881813835370578e-02,2.633593861571801309e-01,-2.116632386635289298e-01,-2.000822720753055867e-02,7.299999999999999822e-01,2.667763627670741156e-02,1.667352267294213222e-02,-1.333881813835370578e-02
1.620000,-8.000000000000000167e-02,0.000000000000000000e+00,7.594907452582463359e-01,9.999218760172473575e-01,0.000000000000000000e+00,-1.249967448170979066e-02,0.000000000000000000e+00,-5.490393423737283118e-01,0.000000000000000000e+00,0.000000000000000000e+00,8.251305046337843452e-01,-2.194096139200796269e-02,0.000000000000000000e+00,-3.661727688709885964e-01,0.000000000000000000e+00,0.000000000000000000e+00,7.451595931043795140e-01,-2.951370251014389656e-01,0.000000000000000000e+00,-3.649294322916346589e-02,0.000000000000000000e+00,-5.500000000000000028e-02,1.075512104861192364e-01,2.321643144097211564e-01,-2.919435458333077132e-02,7.299999999999999822e-01,3.892580611110769973e-02,-2.432862881944231059e-02,1.946290305555384986e-02,2.924487895138807581e-01,-2.078356855902788458e-01,-2.919435458333077132e-02,7.299999999999999822e-01,3.892580611110769973e-02,2.432862881944231059e-02,-1.946290305555384986e-02
1.630000,-8.000000000000000167e-02,0.000000000000000000e+00,7.594907452582463359e-01,9.999218760172473575e-01,0.000000000000000000e+00,-1.249967448170979066e-02,0.000000000000000000e+00,-5.579643570417988085e-01,0.000000000000000000e+00,0.000000000000000000e+00,8.422193333077165889e-01,-6.037942531262219248e-03,0.000000000000000000e+00,-3.566322309969021664e-01,0.000000000000000000e+00,0.000000000000000000e+00,7.257124074233025635e-01,-3.092972101610558244e-01,0.000000000000000000e+00,-4.680730017199519893e-02,0.000000000000000000e+00,-5.500000000000000028e-02,8.142150623094550344e-02,2.356024333906650559e-01,-3.744584013759615776e-02,7.299999999999999822e-01,4.992778685012821266e-02,-3.120486678133013378e-02,2.496389342506410633e-02,3.185784937690545049e-01,-2.043975666093349464e-01,-3.744584013759615776e-02,7.299999999999999822e-01,4.992778685012821266e-02,3.120486678133013378e-02,-2.496389342506410633e-02
1.640000,-8.000000000000000167e-02,0.000000000000000000e+00,7.594907452582463359e-01,9.999218760172473575e-01,0.000000000000000000e+00,-1.249967448170979066e-02,0.000000000000000000e+00,-5.655024353517464908e-01,0.000000000000000000e+00,0.000000000000000000e+00,8.566323431539826228e-01,7.747429190393506637e-03,0.000000000000000000e+00,-3.482416812646270676e-01,0.000000000000000000e+00,0.000000000000000000e+00,7.086115986315972837e-01,-3.212472543595997765e-01,0.000000000000000000e+00,-5.566171585398412697e-02,0.000000000000000000e+00,-5.500000000000000028e-02,5.899031983657354594e-02,2.385539052846613883e-01,-4.452937268318730296e-02,7.299999999999999822e-01,5.937249691091640164e-02,-3.710781056932275362e-02,2.968624845545820082e-02,3.410096801634264763e-01,-2.014460947153386139e-01,-4.452937268318730296e-02,7.299999999999999822e-01,5.937249691091640164e-02,3.710781056932275362e-02,-2.968624845545820082e-02
1.650000,-8.000000000000000167e-02,0.000000000000000000e+00,7.594907452582463359e-01,9.999218760172473575e-01,0.000000000000000000e+00,-1.249967448170978719e-02,0.000000000000000000e+00,-5.715409891786064067e-01,0.000000000000000000e+00,0.000000000000000000e+00,8.681647249702648672e-01,1.902247410458579591e-02,0.000000000000000000e+00,-3.412854391595505077e-01,0.000000000000000000e+00,0.000000000000000000e+00,6.944356171227248353e-01,-3.307963878594185059e-01,0.000000000000000000e+00,-6.284837566981894830e-02,0.000000000000000000e+00,-5.500000000000000028e-02,4.078411496979200690e-02,2.409494585566063218e-01,-5.027870053585515447e-02,7.299999999999999822e-01,6.703826738114021522e-02,-4.189891711321263451e-02,3.351913369057010761e-02,3.592158850302080153e-01,-1.990505414433936804e-01,-5.027870053585515447e-02,7.299999999999999822e-01,6.703826738114021522e-02,4.189891711321263451e-02,-3.351913369057010761e-02
1.660000,-8.000000000000000167e-02,0.000000000000000000e+00,7.594907452582463359e-01,9.999218760172473575e-01,0.000000000000000000e+00,-1.249967448170978893e-02,0.000000000000000000e+00,-5.760463708085719059e-01,0.000000000000000000e+00,0.000000000000000000e+00,8.767611849147336489e-01,2.756842536456505233e-02,0.000000000000000000e+00,-3.359513882616328440e-01,0.000000000000000000e+00,0.000000000000000000e+00,6.835663976263959274e-01,-3.378982488354898006e-01,0.000000000000000000e+00,-6.826424548745432808e-02,0.000000000000000000e+00,-5.500000000000000028e-02,2.706391143178235592e-02,2.427547484958181290e-01,-5.461139638996346385e-02,7.299999999999999822e-01,7.281519518661795642e-02,-4.550949699163622797e-02,3.640759759330897821e-02,3.729360885682176940e-01,-1.972452515041818732e-01,-5.461139638996346385e-02,7.299999999999999822e-01,7.281519518661795642e-02,4.550949699163622797e-02,-3.640759759330897821e-02
1.670000,-8.000000000000000167e-02,0.000000000000000000e+00,7.594907452582463359e-01,9.999218760172473575e-01,0.000000000000000000e+00,-1.249967448170978372e-02,0.000000000000000000e+00,-5.790761134808068977e-01,0.000000000000000000e+00,0.000000000000000000e+00,8.825382524842321219e-01,3.337925906302574575e-02,0.000000000000000000e+00,-3.322920365179087288e-01,0.000000000000000000e+00,0.000000000000000000e+00,6.761101783029564993e-01,-3.426595398514986623e-01,0.000000000000000000e+00,-7.193202774276467870e-02,0.000000000000000000e+00,-5.500000000000000028e-02,1.777219638499613619e-02,2.439773425809215746e-01,-5.754562219421174851e-02,7.299999999999999822e-01,7.672749625894900727e-02,-4.795468516184312607e-02,3.836374812947450363e-02,3.822278036150038583e-01,-1.960226574190784277e-01,-5.754562219421174851e-02,7.299999999999999822e-01,7.672749625894900727e-02,4.795468516184312607e-02,-3.836374812947450363e-02
1.680000,-8.000000000000000167e-02,0.000000000000000000e+00,7.594907452582463359e-01,9.999218760172473575e-01,0.000000000000000000e+00,-1.249967448170978719e-02,0.000000000000000000e+00,-5.807942128607039844e-01,0.000000000000000000e+00,0.000000000000000000e+00,8.858129313378224623e-01,3.669722243600825884e-02,0.000000000000000000e+00,-3.301902185875009166e-01,0.000000000000000000e+00,0.000000000000000000e+00,6.718277237243837074e-01,-3.453534460500095049e-01,0.000000000000000000e+00,-7.402111753419718387e-02,0.000000000000000000e+00,-5.500000000000000028e-02,1.247983558003379345e-02,2.446737058447324142e-01,-5.921689402735774710e-02,7.299999999999999822e-01,7.895585870314367205e-02,-4.934741168946479850e-02,3.947792935157183603e-02,3.875201644199662288e-01,-1.953262941552675880e-01,-5.921689402735774710e-02,7.299999999999999822e-01,7.895585870314367205e-02,4.934741168946479850e-02,-3.947792935157183603e-02
1.690000,-8.000000000000000167e-02,0.000000000000000000e+00,7.594907452582463359e-01,9.999218760172473575e-01,0.000000000000000000e+00,-1.249967448170978893e-02,0.000000000000000000e+00,-5.814896126296316137e-01,0.000000000000000000e+00,0.000000000000000000e+00,8.871380738232482743e-01,3.804484248037465211e-02,0.000000000000000000e+00,-3.293339138727123250e-01,0.000000000000000000e+00,0.000000000000000000e+00,6.700830370865895613e-01,-3.464424268878685265e-01,0.000000000000000000e+00,-7.486855871742485735e-02,0.000000000000000000e+00,-5.500000000000000028e-02,1.033298458252368546e-02,2.449561862391416156e-01,-5.989484697393988866e-02,7.299999999999999822e-01,7.985979596525318025e-02,-4.991237247828324286e-02,3.992989798262659012e-02,3.896670154174763367e-01,-1.950438137608583866e-01,-5.989484697393988866e-02,7.299999999999999822e-01,7.985979596525318025e-02,4.991237247828324286e-02,-3.992989798262659012e-02
1.700000,-8.000000000000000167e-02,0.000000000000000000e+00,7.594907452582463359e-01,9.999218760172473575e-01,0.000000000000000000e+00,-1.249967448170978719e-02,0.000000000000000000e+00,-5.815973920929660146e-01,0.000000000000000000e+00,0.000000000000000000e+00,8.873434420555956770e-01,3.825395003737064314e-02,0.000000000000000000e+00,-3.292009047033100932e-01,0.000000000000000000e+00,0.000000000000000000e+00,6.698120380008112384e-01,-3.466111332975013171e-01,0.000000000000000000e+00,-7.500000000000009437e-02,0.000000000000000000e+00,-5.500000000000000028e-02,9.999999999999759082e-03,2.450000000000000511e-01,-6.000000000000008105e-02,7.299999999999999822e-01,8.000000000000011269e-02,-5.000000000000007216e-02,4.000000000000005634e-02,3.900000000000002354e-01,-1.949999999999999512e-01,-6.000000000000008105e-02,7.299999999999999822e-01,8.000000000000011269e-02,5.000000000000007216e-02,-4.000000000000005634e-02
1.710000,-8.000248847683252840e-02,0.000000000000000000e+00,7.594907452582463359e-01,9.999218760172473575e-01,0.000000000000000000e+00,-1.249967448170978719e-02,0.000000000000000000e+00,-5.815942758976453408e-01,0.000000000000000000e+00,0.000000000000000000e+00,8.873462026926685065e-01,3.824807320497691787e-02,0.000000000000000000e+00,-3.292052240605706781e-01,0.000000000000000000e+00,0.000000000000000000e+00,6.698120379471855790e-01,-3.466068138866148507e-01,0.000000000000000000e+00,-7.499999999999999722e-02,0.000000000000000000e+00,-5.500000000000000028e-02,1.000000000000000888e-02,2.449999999999999956e-01,-5.999999999999999778e-02,7.299999999999999822e-01,8.000000000000000167e-02,-5.000000000000000278e-02,4.000000000000000083e-02,3.900000000000000133e-01,-1.950000000000000067e-01,-5.999999999999999778e-02,7.299999999999999822e-01,8.000000000000000167e-02,5.000000000000000278e-02,-4.000000000000000083e-02
1.720000,-8.001946674911628032e-02,0.000000000000000000e+00,7.594907452582463359e-01,9.999218760172473575e-01,0.000000000000000000e+00,-1.249967448170978719e-02,0.000000000000000000e+00,-5.815730134934538054e-01,0.000000000000000000e+00,0.000000000000000000e+00,8.873650353908423272e-01,3.820797810261156169e-02,0.000000000000000000e+00,-3.292346925799871649e-01,0.000000000000000000e+00,0.000000000000000000e+00,6.698120347191391932e-01,-3.465773421391519782e-01,0.000000000000000000e+00,-7.499999999999999722e-02,0.000000000000000000e+00,-5.500000000000000028e-02,1.000000000000000888e-02,2.449999999999999956e-01,-5.999999999999999778e-02,7.299999999999999822e-01,8.000000000000000167e-02,-5.000000000000000278e-02,4.000000000000000083e-02,3.900000000000000133e-01,-1.950000000000000067e-01,-5.999999999999999778e-02,7.299999999999999822e-01,8.000000000000000167e-02,5.000000000000000278e-02,-4.000000000000000083e-02
1.730000,-8.006422950955624507e-02,0.000000000000000000e+00,7.594907452582463359e-01,9.999218760172473575e-01,0.000000000000000000e+00,-1.249967448170978719e-02,0.000000000000000000e+00,-5.815169443517200776e-01,0.000000000000000000e+00,0.000000000000000000e+00,8.874146667495655949e-01,3.810227760215456616e-02,0.000000000000000000e+00,-3.293123737956390462e-01,0.000000000000000000e+00,0.000000000000000000e+00,6.698120022753756286e-01,-3.464996284797365322e-01,0.000000000000000000e+00,-7.499999999999999722e-02,0.000000000000000000e+00,-5.500000000000000028e-02,1.000000000000000888e-02,2.449999999999999956e-01,-5.999999999999999778e-02,7.299999999999999822e-01,8.000000000000000167e-02,-5.000000000000000278e-02,4.000000000000000083e-02,3.900000000000000133e-01,-1.950000000000000067e-01,-5.999999999999999778e-02,7.299999999999999822e-01,8.000000000000000167e-02,5.000000000000000278e-02,-4.000000000000000083e-02
1.740000,-8.014880371755747634e-02,0.000000000000000000e+00,7.594907452582463359e-01,9.999218760172473575e-01,0.000000000000000000e+00,-1.249967448170978719e-02,0.000000000000000000e+00,-5.814109629645303201e-01,0.000000000000000000e+00,0.000000000000000000e+00,8.875083583185455760e-01,3.790260464598482759e-02,0.000000000000000000e+00,-3.294590972303295118e-01,0.000000000000000000e+00,0.000000000000000000e+00,6.698118462505666670e-01,-3.463527490202371051e-01,0.000000000000000000e+00,-7.499999999999999722e-02,0.000000000000000000e+00,-5.500000000000000028e-02,1.000000000000000888e-02,2.449999999999999956e-01,-5.999999999999999778e-02,7.299999999999999822e-01,8.000000000000000167e-02,-5.000000000000000278e-02,4.000000000000000083e-02,3.900000000000000133e-01,-1.950000000000000067e-01,-5.999999999999999778e-02,7.299999999999999822e-01,8.000000000000000167e-02,5.000000000000000278e-02,-4.000000000000000083e-02
1.750000,-8.028398821589075030e-02,0.000000000000000000e+00,7.594907452582463359e-01,9.999218760172473575e-01,0.000000000000000000e+00,-1.249967448170978719e-02,0.000000000000000000e+00,-5.812414386693650625e-01,0.000000000000000000e+00,0.000000000000000000e+00,8.876578953526111926e-01,3.758354331675384241e-02,0.000000000000000000e+00,-3.296934955548904145e-01,0.000000000000000000e+00,0.000000000000000000e+00,6.698113395929130576e-01,-3.461178440380225929e-01,0.000000000000000000e+00,-7.499999999999999722e-02,0.000000000000000000e+00,-5.500000000000000028e-02,1.000000000000000888e-02,2.449999999999999956e-01,-5.999999999999999778e-02,7.299999999999999822e-01,8.000000000000000167e-02,-5.000000000000000278e-02,4.000000000000000083e-02,3.900000000000000133e-01,-1.950000000000000067e-01,-5.999999999999999778e-02,7.299999999999999822e-01,8.000000000000000167e-02,5.000000000000000278e-02,-4.000000000000000083e-02
1.760000,-8.047939334735822181e-02,0.000000000000000000e+00,7.594907452582463359e-01,9.999218760172473575e-01,0.000000000000000000e+00,-1.249967448170978719e-02,0.000000000000000000e+00,-5.809961306243788259e-01,0.000000000000000000e+00,0.000000000000000000e+00,8.878735667702671863e-01,3.712256385411161208e-02,0.000000000000000000e+00,-3.300320366216808465e-01,0.000000000000000000e+00,0.000000000000000000e+00,6.698100478184937367e-01,-3.457780111968128400e-01,0.000000000000000000e+00,-7.499999999999999722e-02,0.000000000000000000e+00,-5.500000000000000028e-02,1.000000000000000888e-02,2.449999999999999956e-01,-5.999999999999999778e-02,7.299999999999999822e-01,8.000000000000000167e-02,-5.000000000000000278e-02,4.000000000000000083e-02,3.900000000000000133e-01,-1.950000000000000067e-01,-5.999999999999999778e-02,7.299999999999999822e-01,8.000000000000000167e-02,5.000000000000000278e-02,-4.000000000000000083e-02
1.770000,-8.074348057145895596e-02,0.000000000000000000e+00,7.594907452582463359e-01,9.999218760172473575e-01,0.000000000000000000e+00,-1.249967448170978719e-02,0.000000000000000000e+00,-5.806641014730284933e-01,0.000000000000000000e+00,0.000000000000000000e+00,8.881641426664427241e-01,3.649995880658585268e-02,0.000000000000000000e+00,-3.304890539194814125e-01,0.000000000000000000e+00,0.000000000000000000e+00,6.698072511612414015e-01,-3.453181972417599388e-01,0.000000000000000000e+00,-7.499999999999999722e-02,0.000000000000000000e+00,-5.500000000000000028e-02,1.000000000000000888e-02,2.449999999999999956e-01,-5.999999999999999778e-02,7.299999999999999822e-01,8.000000000000000167e-02,-5.000000000000000278e-02,4.000000000000000083e-02,3.900000000000000133e-01,-1.950000000000000067e-01,-5.999999999999999778e-02,7.299999999999999822e-01,8.000000000000000167e-02,5.000000000000000278e-02,-4.000000000000000083e-02
1.780000,-8.108360208105463984e-02,0.000000000000000000e+00,7.594907452582463359e-01,9.999218760172473575e-01,0.000000000000000000e+00,-1.249967448170978719e-02,0.000000000000000000e+00,-5.802356326564972466e-01,0.000000000000000000e+00,0.000000000000000000e+00,8.885368546747743901e-01,3.569877798172294003e-02,0.000000000000000000e+00,-3.310767783769870132e-01,0.000000000000000000e+00,0.000000000000000000e+00,6.698018696443901465e-01,-3.447250912674030832e-01,0.000000000000000000e+00,-7.499999999999999722e-02,0.000000000000000000e+00,-5.500000000000000028e-02,1.000000000000000888e-02,2.449999999999999956e-01,-5.999999999999999778e-02,7.299999999999999822e-01,8.000000000000000167e-02,-5.000000000000000278e-02,4.000000000000000083e-02,3.900000000000000133e-01,-1.950000000000000067e-01,-5.999999999999999778e-02,7.299999999999999822e-01,8.000000000000000167e-02,5.000000000000000278e-02,-4.000000000000000083e-02
1.790000,-8.150604041903515562e-02,0.000000000000000000e+00,7.594907452582463359e-01,9.999218760172473575e-01,0.000000000000000000e+00,-1.249967448170978719e-02,0.000000000000000000e+00,-5.797021437872920124e-01,0.000000000000000000e+00,0.000000000000000000e+00,8.889973834885394055e-01,3.470476029875269042e-02,0.000000000000000000e+00,-3.318053738742817171e-01,0.000000000000000000e+00,0.000000000000000000e+00,6.697923959444573860e-01,-3.439870220701756187e-01,0.000000000000000000e+00,-7.499999999999999722e-02,0.000000000000000000e+00,-5.500000000000000028e-02,1.000000000000000888e-02,2.449999999999999956e-01,-5.999999999999999778e-02,7.299999999999999822e-01,8.000000000000000167e-02,-5.000000000000000278e-02,4.000000000000000083e-02,3.900000000000000133e-01,-1.950000000000000067e-01,-5.999999999999999778e-02,7.299999999999999822e-01,8.000000000000000167e-02,5.000000000000000278e-02,-4.000000000000000083e-02
1.800000,-8.201604809498420912e-02,0.000000000000000000e+00,7.594907452582463359e-01,9.999218760172473575e-01,0.000000000000000000e+00,-1.249967448170978719e-02,0.000000000000000000e+00,-5.790561179847832918e-01,0.000000000000000000e+00,0.000000000000000000e+00,8.895498569276448775e-01,3.350626105713849778e-02,0.000000000000000000e+00,-3.326829783047009492e-01,0.000000000000000000e+00,0.000000000000000000e+00,6.697768398587365946e-01,-3.430938615540355952e-01,0.000000000000000000e+00,-7.499999999999999722e-02,0.000000000000000000e+00,-5.500000000000000028e-02,1.000000000000000888e-02,2.449999999999999956e-01,-5.999999999999999778e-02,7.299999999999999822e-01,8.000000000000000167e-02,-5.000000000000000278e-02,4.000000000000000083e-02,3.900000000000000133e-01,-1.950000000000000067e-01,-5.999999999999999778e-02,7.299999999999999822e-01,8.000000000000000167e-02,5.000000000000000278e-02,-4.000000000000000083e-02
1.810000,-8.261788720184497226e-02,0.000000000000000000e+00,7.594907452582463359e-01,9.999218760172473575e-01,0.000000000000000000e+00,-1.249967448170978719e-02,0.000000000000000000e+00,-5.782910345925613704e-01,0.000000000000000000e+00,0.000000000000000000e+00,8.901968610802861726e-01,3.209417351227528137e-02,0.000000000000000000e+00,-3.337157515615510883e-01,0.000000000000000000e+00,0.000000000000000000e+00,6.697526872187722358e-01,-3.420369356572210973e-01,0.000000000000000000e+00,-7.499999999999999722e-02,0.000000000000000000e+00,-5.500000000000000028e-02,1.000000000000000888e-02,2.449999999999999956e-01,-5.999999999999999778e-02,7.299999999999999822e-01,8.000000000000000167e-02,-5.000000000000000278e-02,4.000000000000000083e-02,3.900000000000000133e-01,-1.950000000000000067e-01,-5.999999999999999778e-02,7.299999999999999822e-01,8.000000000000000167e-02,5.000000000000000278e-02,-4.000000000000000083e-02
1.820000,-8.331486903258567001e-02,0.000000000000000000e+00,7.594907452582463359e-01,9.999218760172473575e-01,0.000000000000000000e+00,-1.249967448170978719e-02,0.000000000000000000e+00,-5.774013102491177829e-01,0.000000000000000000e+00,0.000000000000000000e+00,8.909394662526652908e-01,3.046184399645257557e-02,0.000000000000000000e+00,-3.349079314036052524e-01,0.000000000000000000e+00,0.000000000000000000e+00,6.697168752132325320e-01,-3.408089438096272294e-01,0.000000000000000000e+00,-7.499999999999999722e-02,0.000000000000000000e+00,-5.500000000000000028e-02,1.000000000000000888e-02,2.449999999999999956e-01,-5.999999999999999778e-02,7.299999999999999822e-01,8.000000000000000167e-02,-5.000000000000000278e-02,4.000000000000000083e-02,3.900000000000000133e-01,-1.950000000000000067e-01,-5.999999999999999778e-02,7.299999999999999822e-01,8.000000000000000167e-02,5.000000000000000278e-02,-4.000000000000000083e-02
1.830000,-8.410939369686525058e-02,0.000000000000000000e+00,7.594907452582463359e-01,9.999218760172473575e-01,0.000000000000000000e+00,-1.249967448170978719e-02,0.000000000000000000e+00,-5.763822488693156609e-01,0.000000000000000000e+00,0.000000000000000000e+00,8.917772687307177204e-01,2.860498013859791300e-02,0.000000000000000000e+00,-3.362618977783505825e-01,0.000000000000000000e+00,0.000000000000000000e+00,6.696657852923245668e-01,-3.394038875139739342e-01,0.000000000000000000e+00,-7.499999999999999722e-02,0.000000000000000000e+00,-5.500000000000000028e-02,1.000000000000000888e-02,2.449999999999999956e-01,-5.999999999999999778e-02,7.299999999999999822e-01,8.000000000000000167e-02,-5.000000000000000278e-02,4.000000000000000083e-02,3.900000000000000133e-01,-1.950000000000000067e-01,-5.999999999999999778e-02,7.299999999999999822e-01,8.000000000000000167e-02,5.000000000000000278e-02,-4.000000000000000083e-02
1.840000,-8.500298973769894462e-02,0.000000000000000000e+00,7.594907452582463359e-01,9.999218760172473575e-01,0.000000000000000000e+00,-1.249967448170978719e-02,0.000000000000000000e+00,-5.752300007167896467e-01,0.000000000000000000e+00,0.000000000000000000e+00,8.927084486971678112e-01,2.652155201962191899e-02,0.000000000000000000e+00,-3.377782458510296126e-01,0.000000000000000000e+00,0.000000000000000000e+00,6.695952541212875087e-01,-3.378170082702578458e-01,0.000000000000000000e+00,-7.499999999999999722e-02,0.000000000000000000e+00,-5.500000000000000028e-02,1.000000000000000888e-02,2.449999999999999956e-01,-5.999999999999999778e-02,7.299999999999999822e-01,8.000000000000000167e-02,-5.000000000000000278e-02,4.000000000000000083e-02,3.900000000000000133e-01,-1.950000000000000067e-01,-5.999999999999999778e-02,7.299999999999999822e-01,8.000000000000000167e-02,5.000000000000000278e-02,-4.000000000000000083e-02
1.850000,-8.599635374812393540e-02,0.000000000000000000e+00,7.594907452582463359e-01,9.999218760172473575e-01,0.000000000000000000e+00,-1.249967448170978719e-02,0.000000000000000000e+00,-5.739415304093260506e-01,0.000000000000000000e+00,0.000000000000000000e+00,8.937298440586993742e-01,2.421168635062675989e-02,0.000000000000000000e+00,-3.394558676989659074e-01,0.000000000000000000e+00,0.000000000000000000e+00,6.695006024315525162e-01,-3.360447347325865586e-01,0.000000000000000000e+00,-7.499999999999999722e-02,0.000000000000000000e+00,-5.500000000000000028e-02,1.000000000000000888e-02,2.449999999999999956e-01,-5.999999999999999778e-02,7.299999999999999822e-01,8.000000000000000167e-02,-5.000000000000000278e-02,4.000000000000000083e-02,3.900000000000000133e-01,-1.950000000000000067e-01,-5.999999999999999778e-02,7.299999999999999822e-01,8.000000000000000167e-02,5.000000000000000278e-02,-4.000000000000000083e-02
1.860000,-8.708938998786497354e-02,0.000000000000000000e+00,7.594907452582463359e-01,9.999218760172473575e-01,0.000000000000000000e+00,-1.249967448170978719e-02,0.000000000000000000e+00,-5.725145934027624506e-01,0.000000000000000000e+00,0.000000000000000000e+00,8.948370394244778980e-01,2.167755397828463604e-02,0.000000000000000000e+00,-3.412920423828051386e-01,0.000000000000000000e+00,0.000000000000000000e+00,6.693766810836232484e-01,-3.340846387008180596e-01,0.000000000000000000e+00,-7.499999999999999722e-02,0.000000000000000000e+00,-5.500000000000000028e-02,1.000000000000000888e-02,2.449999999999999956e-01,-5.999999999999999778e-02,7.299999999999999822e-01,8.000000000000000167e-02,-5.000000000000000278e-02,4.000000000000000083e-02,3.900000000000000133e-01,-1.950000000000000067e-01,-5.999999999999999778e-02,7.299999999999999822e-01,8.000000000000000167e-02,5.000000000000000278e-02,-4.000000000000000083e-02
1.870000,-8.828125000000000555e-02,0.000000000000000000e+00,7.594907452582463359e-01,9.999218760172473575e-01,0.000000000000000000e+00,-1.249967448170978719e-02,0.000000000000000000e+00,-5.709477202457837741e-01,0.000000000000000000e+00,0.000000000000000000e+00,8.960244690406802270e-01,1.892325120510363057e-02,0.000000000000000000e+00,-3.432825338973305995e-01,0.000000000000000000e+00,0.000000000000000000e+00,6.692179332040106843e-01,-3.319353993066800346e-01,0.000000000000000000e+00,-7.499999999999999722e-02,0.000000000000000000e+00,-5.500000000000000028e-02,1.000000000000000888e-02,2.449999999999999956e-01,-5.999999999999999778e-02,7.299999999999999822e-01,8.000000000000000167e-02,-5.000000000000000278e-02,4.000000000000000083e-02,3.900000000000000133e-01,-1.950000000000000067e-01,-5.999999999999999778e-02,7.299999999999999822e-01,8.000000000000000167e-02,5.000000000000000278e-02,-4.000000000000000083e-02
1.880000,-8.957037222762574691e-02,0.000000000000000000e+00,7.594907452582463359e-01,9.999218760172473575e-01,0.000000000000000000e+00,-1.249967448170978719e-02,0.000000000000000000e+00,-5.692402076892520979e-01,0.000000000000000000e+00,0.000000000000000000e+00,8.972855321268301543e-01,1.595467556242191609e-02,0.000000000000000000e+00,-3.454216963323562539e-01,0.000000000000000000e+00,0.000000000000000000e+00,6.690184708871346198e-01,-3.295967745547783156e-01,0.000000000000000000e+00,-7.499999999999999722e-02,0.000000000000000000e+00,-5.500000000000000028e-02,1.000000000000000888e-02,2.449999999999999956e-01,-5.999999999999999778e-02,7.299999999999999822e-01,8.000000000000000167e-02,-5.000000000000000278e-02,4.000000000000000083e-02,3.900000000000000133e-01,-1.950000000000000067e-01,-5.999999999999999778e-02,7.299999999999999822e-01,8.000000000000000167e-02,5.000000000000000278e-02,-4.000000000000000083e-02
1.890000,-9.095452163052336614e-02,0.000000000000000000e+00,7.594907452582463359e-01,9.999218760172473575e-01,0.000000000000000000e+00,-1.249967448170978719e-02,0.000000000000000000e+00,-5.673921155695490492e-01,0.000000000000000000e+00,0.000000000000000000e+00,8.986127187778444325e-01,1.277939679170458920e-02,0.000000000000000000e+00,-3.477025854365496382e-01,0.000000000000000000e+00,0.000000000000000000e+00,6.687721646587195812e-01,-3.270695792221698928e-01,0.000000000000000000e+00,-7.499999999999999722e-02,0.000000000000000000e+00,-5.500000000000000028e-02,1.000000000000000888e-02,2.449999999999999956e-01,-5.999999999999999778e-02,7.299999999999999822e-01,8.000000000000000167e-02,-5.000000000000000278e-02,4.000000000000000083e-02,3.900000000000000133e-01,-1.950000000000000067e-01,-5.999999999999999778e-02,7.299999999999999822e-01,8.000000000000000167e-02,5.000000000000000278e-02,-4.000000000000000083e-02
1.900000,-9.243082930182405788e-02,0.000000000000000000e+00,7.594907452582463359e-01,9.999218760172473575e-01,0.000000000000000000e+00,-1.249967448170978719e-02,0.000000000000000000e+00,-5.654042682650375351e-01,0.000000000000000000e+00,0.000000000000000000e+00,8.999977443883919737e-01,9.406523876645644933e-03,0.000000000000000000e+00,-3.501170756712297383e-01,0.000000000000000000e+00,0.000000000000000000e+00,6.684727436754399621e-01,-3.243556680042101736e-01,0.000000000000000000e+00,-7.499999999999999722e-02,0.000000000000000000e+00,-5.500000000000000028e-02,1.000000000000000888e-02,2.449999999999999956e-01,-5.999999999999999778e-02,7.299999999999999822e-01,8.000000000000000167e-02,-5.000000000000000278e-02,4.000000000000000083e-02,3.900000000000000133e-01,-1.950000000000000067e-01,-5.999999999999999778e-02,7.299999999999999822e-01,8.000000000000000167e-02,5.000000000000000278e-02,-4.000000000000000083e-02
1.910000,-9.399583208467472695e-02,0.000000000000000000e+00,7.594907452582463359e-01,9.999218760172473575e-01,0.000000000000000000e+00,-1.249967448170978719e-02,0.000000000000000000e+00,-5.632782594464540438e-01,0.000000000000000000e+00,0.000000000000000000e+00,9.014316904196154612e-01,5.846569026838666083e-03,0.000000000000000000e+00,-3.526559817643381001e-01,0.000000000000000000e+00,0.000000000000000000e+00,6.681139044811350569e-01,-3.214579227167969067e-01,0.000000000000000000e+00,-7.499999999999999722e-02,0.000000000000000000e+00,-5.500000000000000028e-02,1.000000000000000888e-02,2.449999999999999956e-01,-5.999999999999999778e-02,7.299999999999999822e-01,8.000000000000000167e-02,-5.000000000000000278e-02,4.000000000000000083e-02,3.900000000000000133e-01,-1.950000000000000067e-01,-5.999999999999999778e-02,7.299999999999999822e-01,8.000000000000000167e-02,5.000000000000000278e-02,-4.000000000000000083e-02
1.920000,-9.564551218890350592e-02,0.000000000000000000e+00,7.594907452582463359e-01,9.999218760172473575e-01,0.000000000000000000e+00,-1.249967448170978719e-02,0.000000000000000000e+00,-5.610164588032133803e-01,0.000000000000000000e+00,0.000000000000000000e+00,9.029051492571565918e-01,2.111309546056872044e-03,0.000000000000000000e+00,-3.553091837237318251e-01,0.000000000000000000e+00,0.000000000000000000e+00,6.676894260465725539e-01,-3.183802423228406786e-01,0.000000000000000000e+00,-7.499999999999999722e-02,0.000000000000000000e+00,-5.500000000000000028e-02,1.000000000000000888e-02,2.449999999999999956e-01,-5.999999999999999778e-02,7.299999999999999822e-01,8.000000000000000167e-02,-5.000000000000000278e-02,4.000000000000000083e-02,3.900000000000000133e-01,-1.950000000000000067e-01,-5.999999999999999778e-02,7.299999999999999822e-01,8.000000000000000167e-02,5.000000000000000278e-02,-4.000000000000000083e-02
1.930000,-9.737533680768553634e-02,0.000000000000000000e+00,7.594907452582463359e-01,9.999218760172473575e-01,0.000000000000000000e+00,-1.249967448170978719e-02,0.000000000000000000e+00,-5.586220194249404969e-01,0.000000000000000000e+00,0.000000000000000000e+00,9.044083708974115510e-01,-1.786351472470970592e-03,0.000000000000000000e+00,-3.580657542404542260e-01,0.000000000000000000e+00,0.000000000000000000e+00,6.671932887806384382e-01,-3.151275345401841621e-01,0.000000000000000000e+00,-7.499999999999999722e-02,0.000000000000000000e+00,-5.500000000000000028e-02,1.000000000000000888e-02,2.449999999999999956e-01,-5.999999999999999778e-02,7.299999999999999822e-01,8.000000000000000167e-02,-5.000000000000000278e-02,4.000000000000000083e-02,3.900000000000000133e-01,-1.950000000000000067e-01,-5.999999999999999778e-02,7.299999999999999822e-01,8.000000000000000167e-02,5.000000000000000278e-02,-4.000000000000000083e-02
1.940000,-9.918029773420841688e-02,0.000000000000000000e+00,7.594907452582463359e-01,9.999218760172473575e-01,0.000000000000000000e+00,-1.249967448170978719e-02,0.000000000000000000e+00,-5.560988845471358522e-01,0.000000000000000000e+00,0.000000000000000000e+00,9.059314092388647266e-01,-5.832524691728901978e-03,0.000000000000000000e+00,-3.609140874033632818e-01,0.000000000000000000e+00,0.000000000000000000e+00,6.666197952085977096e-01,-3.117057078052343777e-01,0.000000000000000000e+00,-7.499999999999999722e-02,0.000000000000000000e+00,-5.500000000000000028e-02,1.000000000000000888e-02,2.449999999999999956e-01,-5.999999999999999778e-02,7.299999999999999822e-01,8.000000000000000167e-02,-5.000000000000000278e-02,4.000000000000000083e-02,3.900000000000000133e-01,-1.950000000000000067e-01,-5.999999999999999778e-02,7.299999999999999822e-01,8.000000000000000167e-02,5.000000000000000278e-02,-4.000000000000000083e-02
1.950000,-1.010549509783379429e-01,0.000000000000000000e+00,7.594907452582463359e-01,9.999218760172473575e-01,0.000000000000000000e+00,-1.249967448170978719e-02,0.000000000000000000e+00,-5.534517924274626743e-01,0.000000000000000000e+00,0.000000000000000000e+00,9.074642658396004924e-01,-1.001247341213773456e-02,0.000000000000000000e+00,-3.638420276532614572e-01,0.000000000000000000e+00,0.000000000000000000e+00,6.659636900602267096e-01,-3.081216624069652021e-01,0.000000000000000000e+00,-7.499999999999999722e-02,0.000000000000000000e+00,-5.500000000000000028e-02,1.000000000000000888e-02,2.449999999999999956e-01,-5.999999999999999778e-02,7.299999999999999822e-01,8.000000000000000167e-02,-5.000000000000000278e-02,4.000000000000000083e-02,3.900000000000000133e-01,-1.950000000000000067e-01,-5.999999999999999778e-02,7.299999999999999822e-01,8.000000000000000167e-02,5.000000000000000278e-02,-4.000000000000000083e-02
1.960000,-1.029934563832836381e-01,0.000000000000000000e+00,7.594907452582463359e-01,9.999218760172473575e-01,0.000000000000000000e+00,-1.249967448170978719e-02,0.000000000000000000e+00,-5.506862782002349688e-01,0.000000000000000000e+00,0.000000000000000000e+00,9.089970291229926280e-01,-1.431075092275768679e-02,0.000000000000000000e+00,-3.668369979244303081e-01,0.000000000000000000e+00,0.000000000000000000e+00,6.652202775897575471e-01,-3.043832796653271888e-01,0.000000000000000000e+00,-7.499999999999999722e-02,0.000000000000000000e+00,-5.500000000000000028e-02,1.000000000000000888e-02,2.449999999999999956e-01,-5.999999999999999778e-02,7.299999999999999822e-01,8.000000000000000167e-02,-5.000000000000000278e-02,4.000000000000000083e-02,3.900000000000000133e-01,-1.950000000000000067e-01,-5.999999999999999778e-02,7.299999999999999822e-01,8.000000000000000167e-02,5.000000000000000278e-02,-4.000000000000000083e-02
1.970000,-1.049896172422645074e-01,0.000000000000000000e+00,7.594907452582463359e-01,9.999218760172473575e-01,0.000000000000000000e+00,-1.249967448170978719e-02,0.000000000000000000e+00,-5.478086716567657222e-01,0.000000000000000000e+00,0.000000000000000000e+00,9.105200071636572190e-01,-1.871133550689152436e-02,0.000000000000000000e+00,-3.698861259515062727e-01,0.000000000000000000e+00,0.000000000000000000e+00,6.643855340536051202e-01,-3.004994081020987973e-01,0.000000000000000000e+00,-7.499999999999999722e-02,0.000000000000000000e+00,-5.500000000000000028e-02,1.000000000000000888e-02,2.449999999999999956e-01,-5.999999999999999778e-02,7.299999999999999822e-01,8.000000000000000167e-02,-5.000000000000000278e-02,4.000000000000000083e-02,3.900000000000000133e-01,-1.950000000000000067e-01,-5.999999999999999778e-02,7.299999999999999822e-01,8.000000000000000167e-02,5.000000000000000278e-02,-4.000000000000000083e-02
1.980000,-1.070369199151745415e-01,0.000000000000000000e+00,7.594907452582463359e-01,9.999218760172473575e-01,0.000000000000000000e+00,-1.249967448170978719e-02,0.000000000000000000e+00,-5.448260900139400009e-01,0.000000000000000000e+00,0.000000000000000000e+00,9.120238523580643797e-01,-2.319776234412440630e-02,0.000000000000000000e+00,-3.729763677576455327e-01,0.000000000000000000e+00,0.000000000000000000e+00,6.634562133944340578e-01,-2.964798456367884749e-01,0.000000000000000000e+00,-7.499999999999999722e-02,0.000000000000000000e+00,-5.500000000000000028e-02,1.000000000000000888e-02,2.449999999999999956e-01,-5.999999999999999778e-02,7.299999999999999822e-01,8.000000000000000167e-02,-5.000000000000000278e-02,4.000000000000000083e-02,3.900000000000000133e-01,-1.950000000000000067e-01,-5.999999999999999778e-02,7.299999999999999822e-01,8.000000000000000167e-02,5.000000000000000278e-02,-4.000000000000000083e-02
1.990000,-1.091285734452483447e-01,0.000000000000000000e+00,7.594907452582463359e-01,9.999218760172473575e-01,0.000000000000000000e+00,-1.249967448170978719e-02,0.000000000000000000e+00,-5.417464248585431852e-01,0.000000000000000000e+00,0.000000000000000000e+00,9.134996764724426788e-01,-2.775325161389952111e-02,0.000000000000000000e+00,-3.760946273839877452e-01,0.000000000000000000e+00,0.000000000000000000e+00,6.624299443155156064e-01,-2.923353169315278111e-01,0.000000000000000000e+00,-7.499999999999999722e-02,0.000000000000000000e+00,-5.500000000000000028e-02,1.000000000000000888e-02,2.449999999999999956e-01,-5.999999999999999778e-02,7.299999999999999822e-01,8.000000000000000167e-02,-5.000000000000000278e-02,4.000000000000000083e-02,3.900000000000000133e-01,-1.950000000000000067e-01,-5.999999999999999778e-02,7.299999999999999822e-01,8.000000000000000167e-02,5.000000000000000278e-02,-4.000000000000000083e-02
2.000000,-1.112575491757268331e-01,0.000000000000000000e+00,7.594907452582463359e-01,9.999218760172473575e-01,0.000000000000000000e+00,-1.249967448170978719e-02,0.000000000000000000e+00,-5.385783225867311064e-01,0.000000000000000000e+00,0.000000000000000000e+00,9.149391547593747065e-01,-3.236083217264351664e-02,0.000000000000000000e+00,-3.792278719692009359e-01,0.000000000000000000e+00,0.000000000000000000e+00,6.613053170729508157e-01,-2.880774451037498296e-01,0.000000000000000000e+00,-7.499999999999999722e-02,0.000000000000000000e+00,-5.500000000000000028e-02,1.000000000000000888e-02,2.449999999999999956e-01,-5.999999999999999778e-02,7.299999999999999822e-01,8.000000000000000167e-02,-5.000000000000000278e-02,4.000000000000000083e-02,3.900000000000000133e-01,-1.950000000000000067e-01,-5.999999999999999778e-02,7.299999999999999822e-01,8.000000000000000167e-02,5.000000000000000278e-02,-4.000000000000000083e-02
2.010000,-1.134166203665228634e-01,0.000000000000000000e+00,7.594907452582463359e-01,9.999218760172473575e-01,0.000000000000000000e+00,-1.249967448170978719e-02,0.000000000000000000e+00,-5.353311577931942900e-01,0.000000000000000000e+00,0.000000000000000000e+00,9.163346180392027973e-01,-3.700346024600842387e-02,0.000000000000000000e+00,-3.823632413404430275e-01,0.000000000000000000e+00,0.000000000000000000e+00,6.600819584614836533e-01,-2.837187171210405756e-01,0.000000000000000000e+00,-7.499999999999999722e-02,0.000000000000000000e+00,-5.500000000000000028e-02,1.000000000000000888e-02,2.449999999999999956e-01,-5.999999999999999778e-02,7.299999999999999822e-01,8.000000000000000167e-02,-5.000000000000000278e-02,4.000000000000000083e-02,3.900000000000000133e-01,-1.950000000000000067e-01,-5.999999999999999778e-02,7.299999999999999822e-01,8.000000000000000167e-02,5.000000000000000278e-02,-4.000000000000000083e-02
2.020000,-1.155984018108865696e-01,0.000000000000000000e+00,7.594907452582463359e-01,9.999218760172473575e-01,0.000000000000000000e+00,-1.249967448170978719e-02,0.000000000000000000e+00,-5.320149992000847705e-01,0.000000000000000000e+00,0.000000000000000000e+00,9.176791318494150751e-01,-4.166413264933033211e-02,0.000000000000000000e+00,-3.854881513330774001e-01,0.000000000000000000e+00,0.000000000000000000e+00,6.587605936198707157e-01,-2.792724422867932654e-01,0.000000000000000000e+00,-7.499999999999999722e-02,0.000000000000000000e+00,-5.500000000000000028e-02,1.000000000000000888e-02,2.449999999999999956e-01,-5.999999999999999778e-02,7.299999999999999822e-01,8.000000000000000167e-02,-5.000000000000000278e-02,4.000000000000000083e-02,3.900000000000000133e-01,-1.950000000000000067e-01,-5.999999999999999778e-02,7.299999999999999822e-01,8.000000000000000167e-02,5.000000000000000278e-02,-4.000000000000000083e-02
2.030000,-1.177953894520716027e-01,0.000000000000000000e+00,7.594907452582463359e-01,9.999218760172473575e-01,0.000000000000000000e+00,-1.249967448170978719e-02,0.000000000000000000e+00,-5.286405678492291926e-01,0.000000000000000000e+00,0.000000000000000000e+00,9.189665619718240253e-01,-4.632599412259474914e-02,0.000000000000000000e+00,-3.885903901159864504e-01,0.000000000000000000e+00,0.000000000000000000e+00,6.573430934326858210e-01,-2.747527033166993204e-01,0.000000000000000000e+00,-7.499999999999999722e-02,0.000000000000000000e+00,-5.500000000000000028e-02,1.000000000000000888e-02,2.449999999999999956e-01,-5.999999999999999778e-02,7.299999999999999822e-01,8.000000000000000167e-02,-5.000000000000000278e-02,4.000000000000000083e-02,3.900000000000000133e-01,-1.950000000000000067e-01,-5.999999999999999778e-02,7.299999999999999822e-01,8.000000000000000167e-02,5.000000000000000278e-02,-4.000000000000000083e-02
2.040000,-1.199999999999999956e-01,0.000000000000000000e+00,7.594907452582463359e-01,9.999218760172473575e-01,0.000000000000000000e+00,-1.249967448170978719e-02,0.000000000000000000e+00,-5.252191874104676916e-01,0.000000000000000000e+00,0.000000000000000000e+00,9.201916258515332459e-01,-5.097243844106547073e-02,0.000000000000000000e+00,-3.916582068628911006e-01,0.000000000000000000e+00,0.000000000000000000e+00,6.558325064567969154e-01,-2.701742995939057645e-01,0.000000000000000000e+00,-7.499999999999999722e-02,0.000000000000000000e+00,-5.500000000000000028e-02,1.000000000000000888e-02,2.449999999999999956e-01,-5.999999999999999778e-02,7.299999999999999822e-01,8.000000000000000167e-02,-5.000000000000000278e-02,4.000000000000000083e-02,3.900000000000000133e-01,-1.950000000000000067e-01,-5.999999999999999778e-02,7.299999999999999822e-01,8.000000000000000167e-02,5.000000000000000278e-02,-4.000000000000000083e-02
2.050000,-1.222046105479283606e-01,0.000000000000000000e+00,7.594907452582463359e-01,9.999218760172473575e-01,0.000000000000000000e+00,-1.249967448170978719e-02,0.000000000000000000e+00,-5.217627265826247918e-01,0.000000000000000000e+00,0.000000000000000000e+00,9.213499296221598911e-01,-5.558720303953501585e-02,0.000000000000000000e+00,-3.946803921786058988e-01,0.000000000000000000e+00,0.000000000000000000e+00,6.542330744533092490e-01,-2.655526822747033000e-01,0.000000000000000000e+00,-7.499999999999999722e-02,0.000000000000000000e+00,-5.500000000000000028e-02,1.000000000000000888e-02,2.449999999999999956e-01,-5.999999999999999778e-02,7.299999999999999822e-01,8.000000000000000167e-02,-5.000000000000000278e-02,4.000000000000000083e-02,3.900000000000000133e-01,-1.950000000000000067e-01,-5.999999999999999778e-02,7.299999999999999822e-01,8.000000000000000167e-02,5.000000000000000278e-02,-4.000000000000000083e-02
2.060000,-1.244015981891133937e-01,0.000000000000000000e+00,7.594907452582463359e-01,9.999218760172473575e-01,0.000000000000000000e+00,-1.249967448170978719e-02,0.000000000000000000e+00,-5.182835336804091364e-01,0.000000000000000000e+00,0.000000000000000000e+00,9.224379906476465329e-01,-6.015445696723742408e-02,0.000000000000000000e+00,-3.976463497638672573e-01,0.000000000000000000e+00,0.000000000000000000e+00,6.525502307613179065e-01,-2.609038809974505990e-01,0.000000000000000000e+00,-7.499999999999999722e-02,0.000000000000000000e+00,-5.500000000000000028e-02,1.000000000000000888e-02,2.449999999999999956e-01,-5.999999999999999778e-02,7.299999999999999822e-01,8.000000000000000167e-02,-5.000000000000000278e-02,4.000000000000000083e-02,3.900000000000000133e-01,-1.950000000000000067e-01,-5.999999999999999778e-02,7.299999999999999822e-01,8.000000000000000167e-02,5.000000000000000278e-02,-4.000000000000000083e-02
2.070000,-1.265833796334771000e-01,0.000000000000000000e+00,7.594907452582463359e-01,9.999218760172473575e-01,0.000000000000000000e+00,-1.249967448170978719e-02,0.000000000000000000e+00,-5.147943636096753428e-01,0.000000000000000000e+00,0.000000000000000000e+00,9.234532456818987933e-01,-6.465888207222347805e-02,0.000000000000000000e+00,-4.005461588846969678e-01,0.000000000000000000e+00,0.000000000000000000e+00,6.507905809108317507e-01,-2.562444220261347327e-01,0.000000000000000000e+00,-7.499999999999999722e-02,0.000000000000000000e+00,-5.500000000000000028e-02,1.000000000000000888e-02,2.449999999999999956e-01,-5.999999999999999778e-02,7.299999999999999822e-01,8.000000000000000167e-02,-5.000000000000000278e-02,4.000000000000000083e-02,3.900000000000000133e-01,-1.950000000000000067e-01,-5.999999999999999778e-02,7.299999999999999822e-01,8.000000000000000167e-02,5.000000000000000278e-02,-4.000000000000000083e-02
2.080000,-1.287424508242731580e-01,0.000000000000000000e+00,7.594907452582463359e-01,9.999218760172473575e-01,0.000000000000000000e+00,-1.249967448170978719e-02,0.000000000000000000e+00,-5.113082975344167558e-01,0.000000000000000000e+00,0.000000000000000000e+00,9.243940449331987663e-01,-6.908574739878192705e-02,0.000000000000000000e+00,-4.033706273038109580e-01,0.000000000000000000e+00,0.000000000000000000e+00,6.489618650419731738e-01,-2.515912377381621656e-01,0.000000000000000000e+00,-7.499999999999999722e-02,0.000000000000000000e+00,-5.500000000000000028e-02,1.000000000000000888e-02,2.449999999999999956e-01,-5.999999999999999778e-02,7.299999999999999822e-01,8.000000000000000167e-02,-5.000000000000000278e-02,4.000000000000000083e-02,3.900000000000000133e-01,-1.950000000000000067e-01,-5.999999999999999778e-02,7.299999999999999822e-01,8.000000000000000167e-02,5.000000000000000278e-02,-4.000000000000000083e-02
2.090000,-1.308714265547515632e-01,0.000000000000000000e+00,7.594907452582463359e-01,9.999218760172473575e-01,0.000000000000000000e+00,-1.249967448170978719e-02,0.000000000000000000e+00,-5.078386556313783107e-01,0.000000000000000000e+00,0.000000000000000000e+00,9.252596325007621525e-01,-7.342097686938375833e-02,0.000000000000000000e+00,-4.061113344339388753e-01,0.000000000000000000e+00,0.000000000000000000e+00,6.470729018795955412e-01,-2.469615674456566157e-01,0.000000000000000000e+00,-7.499999999999999722e-02,0.000000000000000000e+00,-5.500000000000000028e-02,1.000000000000000888e-02,2.449999999999999956e-01,-5.999999999999999778e-02,7.299999999999999822e-01,8.000000000000000167e-02,-5.000000000000000278e-02,4.000000000000000083e-02,3.900000000000000133e-01,-1.950000000000000067e-01,-5.999999999999999778e-02,7.299999999999999822e-01,8.000000000000000167e-02,5.000000000000000278e-02,-4.000000000000000083e-02
2.100000,-1.329630800848254357e-01,0.000000000000000000e+00,7.594907452582463359e-01,9.999218760172473575e-01,0.000000000000000000e+00,-1.249967448170978719e-02,0.000000000000000000e+00,-5.043989034121771908e-01,0.000000000000000000e+00,0.000000000000000000e+00,9.260501138258363518e-01,-7.765121041365907750e-02,0.000000000000000000e+00,-4.087606645875997424e-01,0.000000000000000000e+00,0.000000000000000000e+00,6.451335142105187881e-01,-2.423728496229189955e-01,0.000000000000000000e+00,-7.499999999999999722e-02,0.000000000000000000e+00,-5.500000000000000028e-02,1.000000000000000888e-02,2.449999999999999956e-01,-5.999999999999999778e-02,7.299999999999999822e-01,8.000000000000000167e-02,-5.000000000000000278e-02,4.000000000000000083e-02,3.900000000000000133e-01,-1.950000000000000067e-01,-5.999999999999999778e-02,7.299999999999999822e-01,8.000000000000000167e-02,5.000000000000000278e-02,-4.000000000000000083e-02
2.110000,-1.350103827577354143e-01,0.000000000000000000e+00,7.594907452582463359e-01,9.999218760172473575e-01,0.000000000000000000e+00,-1.249967448170978719e-02,0.000000000000000000e+00,-5.010025521684358107e-01,0.000000000000000000e+00,0.000000000000000000e+00,9.267664109690444407e-01,-8.176385880060854650e-02,0.000000000000000000e+00,-4.113118303261135700e-01,0.000000000000000000e+00,0.000000000000000000e+00,6.431544360282599460e-01,-2.378426057021463258e-01,0.000000000000000000e+00,-7.499999999999999722e-02,0.000000000000000000e+00,-5.500000000000000028e-02,1.000000000000000888e-02,2.449999999999999956e-01,-5.999999999999999778e-02,7.299999999999999822e-01,8.000000000000000167e-02,-5.000000000000000278e-02,4.000000000000000083e-02,3.900000000000000133e-01,-1.950000000000000067e-01,-5.999999999999999778e-02,7.299999999999999822e-01,8.000000000000000167e-02,5.000000000000000278e-02,-4.000000000000000083e-02
2.120000,-1.370065436167163253e-01,0.000000000000000000e+00,7.594907452582463359e-01,9.999218760172473575e-01,0.000000000000000000e+00,-1.249967448170978719e-02,0.000000000000000000e+00,-4.976630541627687920e-01,0.000000000000000000e+00,0.000000000000000000e+00,9.274102066887858209e-01,-8.574715252601705640e-02,0.000000000000000000e+00,-4.137588860532724344e-01,0.000000000000000000e+00,0.000000000000000000e+00,6.411472017503887511e-01,-2.333883156971162665e-01,0.000000000000000000e+00,-7.499999999999999722e-02,0.000000000000000000e+00,-5.500000000000000028e-02,1.000000000000000888e-02,2.449999999999999956e-01,-5.999999999999999778e-02,7.299999999999999822e-01,8.000000000000000167e-02,-5.000000000000000278e-02,4.000000000000000083e-02,3.900000000000000133e-01,-1.950000000000000067e-01,-5.999999999999999778e-02,7.299999999999999822e-01,8.000000000000000167e-02,5.000000000000000278e-02,-4.000000000000000083e-02
2.130000,-1.389450490216620204e-01,0.000000000000000000e+00,7.594907452582463359e-01,9.999218760172473575e-01,0.000000000000000000e+00,-1.249967448170978719e-02,0.000000000000000000e+00,-4.943936932477902002e-01,0.000000000000000000e+00,0.000000000000000000e+00,9.279838784515086481e-01,-8.959018520371841987e-02,0.000000000000000000e+00,-4.160967321563073251e-01,0.000000000000000000e+00,0.000000000000000000e+00,6.391240181784575425e-01,-2.290272860221501672e-01,0.000000000000000000e+00,-7.499999999999999722e-02,0.000000000000000000e+00,-5.500000000000000028e-02,1.000000000000000888e-02,2.449999999999999956e-01,-5.999999999999999778e-02,7.299999999999999822e-01,8.000000000000000167e-02,-5.000000000000000278e-02,4.000000000000000083e-02,3.900000000000000133e-01,-1.950000000000000067e-01,-5.999999999999999778e-02,7.299999999999999822e-01,8.000000000000000167e-02,5.000000000000000278e-02,-4.000000000000000083e-02
2.140000,-1.408197022657915465e-01,0.000000000000000000e+00,7.594907452582463359e-01,9.999218760172473575e-01,0.000000000000000000e+00,-1.249967448170978719e-02,0.000000000000000000e+00,-4.912074716467078050e-01,0.000000000000000000e+00,0.000000000000000000e+00,9.284904236523485732e-01,-9.328295200564074019e-02,0.000000000000000000e+00,-4.183211101680318067e-01,0.000000000000000000e+00,0.000000000000000000e+00,6.370976201604021671e-01,-2.247765099923703103e-01,0.000000000000000000e+00,-7.499999999999999722e-02,0.000000000000000000e+00,-5.500000000000000028e-02,1.000000000000000888e-02,2.449999999999999956e-01,-5.999999999999999778e-02,7.299999999999999822e-01,8.000000000000000167e-02,-5.000000000000000278e-02,4.000000000000000083e-02,3.900000000000000133e-01,-1.950000000000000067e-01,-5.999999999999999778e-02,7.299999999999999822e-01,8.000000000000000167e-02,5.000000000000000278e-02,-4.000000000000000083e-02
2.150000,-1.426246631923144270e-01,0.000000000000000000e+00,7.594907452582463359e-01,9.999218760172473575e-01,0.000000000000000000e+00,-1.249967448170978719e-02,0.000000000000000000e+00,-4.881169936726962311e-01,0.000000000000000000e+00,0.000000000000000000e+00,9.289333774622561268e-01,-9.681638378955992330e-02,0.000000000000000000e+00,-4.204285896076212503e-01,0.000000000000000000e+00,0.000000000000000000e+00,6.350811112289267424e-01,-2.206525216213054419e-01,0.000000000000000000e+00,-7.499999999999999722e-02,0.000000000000000000e+00,-5.500000000000000028e-02,1.000000000000000888e-02,2.449999999999999956e-01,-5.999999999999999778e-02,7.299999999999999822e-01,8.000000000000000167e-02,-5.000000000000000278e-02,4.000000000000000083e-02,3.900000000000000133e-01,-1.950000000000000067e-01,-5.999999999999999778e-02,7.299999999999999822e-01,8.000000000000000167e-02,5.000000000000000278e-02,-4.000000000000000083e-02
2.160000,-1.443544878110964713e-01,0.000000000000000000e+00,7.594907452582463359e-01,9.999218760172473575e-01,0.000000000000000000e+00,-1.249967448170978719e-02,0.000000000000000000e+00,-4.851343472000016477e-01,0.000000000000000000e+00,0.000000000000000000e+00,9.293167248432150362e-01,-1.001823776432133606e-01,0.000000000000000000e+00,-4.224165473506221735e-01,0.000000000000000000e+00,0.000000000000000000e+00,6.330877908229174400e-01,-2.166712434722952163e-01,0.000000000000000000e+00,-7.499999999999999722e-02,0.000000000000000000e+00,-5.500000000000000028e-02,1.000000000000000888e-02,2.449999999999999956e-01,-5.999999999999999778e-02,7.299999999999999822e-01,8.000000000000000167e-02,-5.000000000000000278e-02,4.000000000000000083e-02,3.900000000000000133e-01,-1.950000000000000067e-01,-5.999999999999999778e-02,7.299999999999999822e-01,8.000000000000000167e-02,5.000000000000000278e-02,-4.000000000000000083e-02
2.170000,-1.460041679153252780e-01,0.000000000000000000e+00,7.594907452582463359e-01,9.999218760172473575e-01,0.000000000000000000e+00,-1.249967448170978719e-02,0.000000000000000000e+00,-4.822709837274438693e-01,0.000000000000000000e+00,0.000000000000000000e+00,9.296448083838217968e-01,-1.033738246563778995e-01,0.000000000000000000e+00,-4.242831405772030662e-01,0.000000000000000000e+00,0.000000000000000000e+00,6.311309700457349292e-01,-2.128478294685318128e-01,0.000000000000000000e+00,-7.499999999999999722e-02,0.000000000000000000e+00,-5.500000000000000028e-02,1.000000000000000888e-02,2.449999999999999956e-01,-5.999999999999999778e-02,7.299999999999999822e-01,8.000000000000000167e-02,-5.000000000000000278e-02,4.000000000000000083e-02,3.900000000000000133e-01,-1.950000000000000067e-01,-5.999999999999999778e-02,7.299999999999999822e-01,8.000000000000000167e-02,5.000000000000000278e-02,-4.000000000000000083e-02
2.180000,-1.475691706981759332e-01,0.000000000000000000e+00,7.594907452582463359e-01,9.999218760172473575e-01,0.000000000000000000e+00,-1.249967448170978719e-02,0.000000000000000000e+00,-4.795375978942336137e-01,0.000000000000000000e+00,0.000000000000000000e+00,9.299222337003818506e-01,-1.063846358061482089e-01,0.000000000000000000e+00,-4.260272745456836763e-01,0.000000000000000000e+00,0.000000000000000000e+00,6.292237782646745714e-01,-2.091965037189908450e-01,0.000000000000000000e+00,-7.499999999999999722e-02,0.000000000000000000e+00,-5.500000000000000028e-02,1.000000000000000888e-02,2.449999999999999956e-01,-5.999999999999999778e-02,7.299999999999999822e-01,8.000000000000000167e-02,-5.000000000000000278e-02,4.000000000000000083e-02,3.900000000000000133e-01,-1.950000000000000067e-01,-5.999999999999999778e-02,7.299999999999999822e-01,8.000000000000000167e-02,5.000000000000000278e-02,-4.000000000000000083e-02
2.190000,-1.490454783694766250e-01,0.000000000000000000e+00,7.594907452582463359e-01,9.999218760172473575e-01,0.000000000000000000e+00,-1.249967448170978719e-02,0.000000000000000000e+00,-4.769440073181820394e-01,0.000000000000000000e+00,0.000000000000000000e+00,9.301537742202861114e-01,-1.092097669021040440e-01,0.000000000000000000e+00,-4.276485666288119547e-01,0.000000000000000000e+00,0.000000000000000000e+00,6.273789631971922187e-01,-2.057303965683802138e-01,0.000000000000000000e+00,-7.499999999999999722e-02,0.000000000000000000e+00,-5.500000000000000028e-02,1.000000000000000888e-02,2.449999999999999956e-01,-5.999999999999999778e-02,7.299999999999999822e-01,8.000000000000000167e-02,-5.000000000000000278e-02,4.000000000000000083e-02,3.900000000000000133e-01,-1.950000000000000067e-01,-5.999999999999999778e-02,7.299999999999999822e-01,8.000000000000000167e-02,5.000000000000000278e-02,-4.000000000000000083e-02
2.200000,-1.504296277723742858e-01,0.000000000000000000e+00,7.594907452582463359e-01,9.999218760172473575e-01,0.000000000000000000e+00,-1.249967448170978719e-02,0.000000000000000000e+00,-4.744990336266087794e-01,0.000000000000000000e+00,0.000000000000000000e+00,9.303442772110667169e-01,-1.118452435844579096e-01,0.000000000000000000e+00,-4.291473082244714465e-01,0.000000000000000000e+00,0.000000000000000000e+00,6.256086874457963409e-01,-2.024613792213248442e-01,0.000000000000000000e+00,-7.499999999999999722e-02,0.000000000000000000e+00,-5.500000000000000028e-02,1.000000000000000888e-02,2.449999999999999956e-01,-5.999999999999999778e-02,7.299999999999999822e-01,8.000000000000000167e-02,-5.000000000000000278e-02,4.000000000000000083e-02,3.900000000000000133e-01,-1.950000000000000067e-01,-5.999999999999999778e-02,7.299999999999999822e-01,8.000000000000000167e-02,5.000000000000000278e-02,-4.000000000000000083e-02
2.210000,-1.517187500000000133e-01,0.000000000000000000e+00,7.594907452582463359e-01,9.999218760172473575e-01,0.000000000000000000e+00,-1.249967448170978719e-02,0.000000000000000000e+00,-4.722103855394629290e-01,0.000000000000000000e+00,0.000000000000000000e+00,9.304985729361753277e-01,-1.142881873967124262e-01,0.000000000000000000e+00,-4.305244263007447225e-01,0.000000000000000000e+00,0.000000000000000000e+00,6.239243247164926176e-01,-1.993998984157478449e-01,0.000000000000000000e+00,-7.499999999999999722e-02,0.000000000000000000e+00,-5.500000000000000028e-02,1.000000000000000888e-02,2.449999999999999956e-01,-5.999999999999999778e-02,7.299999999999999822e-01,8.000000000000000167e-02,-5.000000000000000278e-02,4.000000000000000083e-02,3.900000000000000133e-01,-1.950000000000000067e-01,-5.999999999999999778e-02,7.299999999999999822e-01,8.000000000000000167e-02,5.000000000000000278e-02,-4.000000000000000083e-02
2.220000,-1.529106100121350731e-01,0.000000000000000000e+00,7.594907452582463359e-01,9.999218760172473575e-01,0.000000000000000000e+00,-1.249967448170978719e-02,0.000000000000000000e+00,-4.700845448410725935e-01,0.000000000000000000e+00,0.000000000000000000e+00,9.306213888030338000e-01,-1.165368439619611785e-01,0.000000000000000000e+00,-4.317814464469663105e-01,0.000000000000000000e+00,0.000000000000000000e+00,6.223362591650672959e-01,-1.965548127181009352e-01,0.000000000000000000e+00,-7.499999999999999722e-02,0.000000000000000000e+00,-5.500000000000000028e-02,1.000000000000000888e-02,2.449999999999999956e-01,-5.999999999999999778e-02,7.299999999999999822e-01,8.000000000000000167e-02,-5.000000000000000278e-02,4.000000000000000083e-02,3.900000000000000133e-01,-1.950000000000000067e-01,-5.999999999999999778e-02,7.299999999999999822e-01,8.000000000000000167e-02,5.000000000000000278e-02,-4.000000000000000083e-02
2.230000,-1.540036462518760696e-01,0.000000000000000000e+00,7.594907452582463359e-01,9.999218760172473575e-01,0.000000000000000000e+00,-1.249967448170978719e-02,0.000000000000000000e+00,-4.681266560400468846e-01,0.000000000000000000e+00,0.000000000000000000e+00,9.307172703161339378e-01,-1.185906142760870807e-01,0.000000000000000000e+00,-4.329204593667222434e-01,0.000000000000000000e+00,0.000000000000000000e+00,6.208536914402779106e-01,-1.939332320735556170e-01,0.000000000000000000e+00,-7.499999999999999722e-02,0.000000000000000000e+00,-5.500000000000000028e-02,1.000000000000000888e-02,2.449999999999999956e-01,-5.999999999999999778e-02,7.299999999999999822e-01,8.000000000000000167e-02,-5.000000000000000278e-02,4.000000000000000083e-02,3.900000000000000133e-01,-1.950000000000000067e-01,-5.999999999999999778e-02,7.299999999999999822e-01,8.000000000000000167e-02,5.000000000000000278e-02,-4.000000000000000083e-02
2.240000,-1.549970102623011159e-01,0.000000000000000000e+00,7.594907452582463359e-01,9.999218760172473575e-01,0.000000000000000000e+00,-1.249967448170978719e-02,0.000000000000000000e+00,-4.663404204644878703e-01,0.000000000000000000e+00,0.000000000000000000e+00,9.307905105537586099e-01,-1.204500900892706561e-01,0.000000000000000000e+00,-4.339440927552487004e-01,0.000000000000000000e+00,0.000000000000000000e+00,6.194844550125706562e-01,-1.915403622573219056e-01,0.000000000000000000e+00,-7.499999999999999722e-02,0.000000000000000000e+00,-5.500000000000000028e-02,1.000000000000000888e-02,2.449999999999999956e-01,-5.999999999999999778e-02,7.299999999999999822e-01,8.000000000000000167e-02,-5.000000000000000278e-02,4.000000000000000083e-02,3.900000000000000133e-01,-1.950000000000000067e-01,-5.999999999999999778e-02,7.299999999999999822e-01,8.000000000000000167e-02,5.000000000000000278e-02,-4.000000000000000083e-02
2.250000,-1.558906063031347267e-01,0.000000000000000000e+00,7.594907452582463359e-01,9.999218760172473575e-01,0.000000000000000000e+00,-1.249967448170978719e-02,0.000000000000000000e+00,-4.647279954700853644e-01,0.000000000000000000e+00,0.000000000000000000e+00,9.308450897473788954e-01,-1.221170942772934476e-01,0.000000000000000000e+00,-4.348554904429742241e-01,0.000000000000000000e+00,0.000000000000000000e+00,6.182348462726144911e-01,-1.893793558296402169e-01,0.000000000000000000e+00,-7.499999999999999722e-02,0.000000000000000000e+00,-5.500000000000000028e-02,1.000000000000000888e-02,2.449999999999999956e-01,-5.999999999999999778e-02,7.299999999999999822e-01,8.000000000000000167e-02,-5.000000000000000278e-02,4.000000000000000083e-02,3.900000000000000133e-01,-1.950000000000000067e-01,-5.999999999999999778e-02,7.299999999999999822e-01,8.000000000000000167e-02,5.000000000000000278e-02,-4.000000000000000083e-02
2.260000,-1.566851309674143766e-01,0.000000000000000000e+00,7.594907452582463359e-01,9.999218760172473575e-01,0.000000000000000000e+00,-1.249967448170978719e-02,0.000000000000000000e+00,-4.632898993498770213e-01,0.000000000000000000e+00,0.000000000000000000e+00,9.308846263542195354e-01,-1.235947270043424862e-01,0.000000000000000000e+00,-4.356583005514507168e-01,0.000000000000000000e+00,0.000000000000000000e+00,6.171094716402747427e-01,-1.874511710888239757e-01,0.000000000000000000e+00,-7.499999999999999722e-02,0.000000000000000000e+00,-5.500000000000000028e-02,1.000000000000000888e-02,2.449999999999999956e-01,-5.999999999999999778e-02,7.299999999999999822e-01,8.000000000000000167e-02,-5.000000000000000278e-02,4.000000000000000083e-02,3.900000000000000133e-01,-1.950000000000000067e-01,-5.999999999999999778e-02,7.299999999999999822e-01,8.000000000000000167e-02,5.000000000000000278e-02,-4.000000000000000083e-02
2.270000,-1.573821127981550050e-01,0.000000000000000000e+00,7.594907452582463359e-01,9.999218760172473575e-01,0.000000000000000000e+00,-1.249967448170978719e-02,0.000000000000000000e+00,-4.620249224245596698e-01,0.000000000000000000e+00,0.000000000000000000e+00,9.309123407725825583e-01,-1.248874183480228606e-01,0.000000000000000000e+00,-4.363566741925358761e-01,0.000000000000000000e+00,0.000000000000000000e+00,6.161111145310478321e-01,-1.857544403385119058e-01,0.000000000000000000e+00,-7.499999999999999722e-02,0.000000000000000000e+00,-5.500000000000000028e-02,1.000000000000000888e-02,2.449999999999999956e-01,-5.999999999999999778e-02,7.299999999999999822e-01,8.000000000000000167e-02,-5.000000000000000278e-02,4.000000000000000083e-02,3.900000000000000133e-01,-1.950000000000000067e-01,-5.999999999999999778e-02,7.299999999999999822e-01,8.000000000000000167e-02,5.000000000000000278e-02,-4.000000000000000083e-02
2.280000,-1.579839519050158236e-01,0.000000000000000000e+00,7.594907452582463359e-01,9.999218760172473575e-01,0.000000000000000000e+00,-1.249967448170978719e-02,0.000000000000000000e+00,-4.609300446590934297e-01,0.000000000000000000e+00,0.000000000000000000e+00,9.309310325532440533e-01,-1.260009878941505956e-01,0.000000000000000000e+00,-4.369552759442504319e-01,0.000000000000000000e+00,0.000000000000000000e+00,6.152406244783245048e-01,-1.842853485340740227e-01,0.000000000000000000e+00,-7.499999999999999722e-02,0.000000000000000000e+00,-5.500000000000000028e-02,1.000000000000000888e-02,2.449999999999999956e-01,-5.999999999999999778e-02,7.299999999999999822e-01,8.000000000000000167e-02,-5.000000000000000278e-02,4.000000000000000083e-02,3.900000000000000133e-01,-1.950000000000000067e-01,-5.999999999999999778e-02,7.299999999999999822e-01,8.000000000000000167e-02,5.000000000000000278e-02,-4.000000000000000083e-02
2.290000,-1.584939595809648494e-01,0.000000000000000000e+00,7.594907452582463359e-01,9.999218760172473575e-01,0.000000000000000000e+00,-1.249967448170978719e-02,0.000000000000000000e+00,-4.600003599929261555e-01,0.000000000000000000e+00,0.000000000000000000e+00,9.309430716060105304e-01,-1.269427116130843469e-01,0.000000000000000000e+00,-4.374593069582462523e-01,0.000000000000000000e+00,0.000000000000000000e+00,6.144968300073320178e-01,-1.830375230490857152e-01,0.000000000000000000e+00,-7.499999999999999722e-02,0.000000000000000000e+00,-5.500000000000000028e-02,1.000000000000000888e-02,2.449999999999999956e-01,-5.999999999999999778e-02,7.299999999999999822e-01,8.000000000000000167e-02,-5.000000000000000278e-02,4.000000000000000083e-02,3.900000000000000133e-01,-1.950000000000000067e-01,-5.999999999999999778e-02,7.299999999999999822e-01,8.000000000000000167e-02,5.000000000000000278e-02,-4.000000000000000083e-02
2.300000,-1.589163979189454068e-01,0.000000000000000000e+00,7.594907452582463359e-01,9.999218760172473575e-01,0.000000000000000000e+00,-1.249967448170978719e-02,0.000000000000000000e+00,-4.592290073852657306e-01,0.000000000000000000e+00,0.000000000000000000e+00,9.309504034859996668e-01,-1.277213961007339638e-01,0.000000000000000000e+00,-4.378745410984972719e-01,0.000000000000000000e+00,0.000000000000000000e+00,6.138764760074791882e-01,-1.820019349089818661e-01,0.000000000000000000e+00,-7.499999999999999722e-02,0.000000000000000000e+00,-5.500000000000000028e-02,1.000000000000000888e-02,2.449999999999999956e-01,-5.999999999999999778e-02,7.299999999999999822e-01,8.000000000000000167e-02,-5.000000000000000278e-02,4.000000000000000083e-02,3.900000000000000133e-01,-1.950000000000000067e-01,-5.999999999999999778e-02,7.299999999999999822e-01,8.000000000000000167e-02,5.000000000000000278e-02,-4.000000000000000083e-02
2.310000,-1.592565194285410213e-01,0.000000000000000000e+00,7.594907452582463359e-01,9.999218760172473575e-01,0.000000000000000000e+00,-1.249967448170978719e-02,0.000000000000000000e+00,-4.586071083613464938e-01,0.000000000000000000e+00,0.000000000000000000e+00,9.309545683674340655e-01,-1.283474600060875437e-01,0.000000000000000000e+00,-4.382073739855127936e-01,0.000000000000000000e+00,0.000000000000000000e+00,6.133741853666977439e-01,-1.811668113811849001e-01,0.000000000000000000e+00,-7.499999999999999722e-02,0.000000000000000000e+00,-5.500000000000000028e-02,1.000000000000000888e-02,2.449999999999999956e-01,-5.999999999999999778e-02,7.299999999999999822e-01,8.000000000000000167e-02,-5.000000000000000278e-02,4.000000000000000083e-02,3.900000000000000133e-01,-1.950000000000000067e-01,-5.999999999999999778e-02,7.299999999999999822e-01,8.000000000000000167e-02,5.000000000000000278e-02,-4.000000000000000083e-02
2.320000,-1.595206066526418387e-01,0.000000000000000000e+00,7.594907452582463359e-01,9.999218760172473575e-01,0.000000000000000000e+00,-1.249967448170978719e-02,0.000000000000000000e+00,-4.581237105982993718e-01,0.000000000000000000e+00,0.000000000000000000e+00,9.309567327718011320e-01,-1.288330221735016767e-01,0.000000000000000000e+00,-4.384648842340738151e-01,0.000000000000000000e+00,0.000000000000000000e+00,6.129824435308249830e-01,-1.805175592967511178e-01,0.000000000000000000e+00,-7.499999999999999722e-02,0.000000000000000000e+00,-5.500000000000000028e-02,1.000000000000000888e-02,2.449999999999999956e-01,-5.999999999999999778e-02,7.299999999999999822e-01,8.000000000000000167e-02,-5.000000000000000278e-02,4.000000000000000083e-02,3.900000000000000133e-01,-1.950000000000000067e-01,-5.999999999999999778e-02,7.299999999999999822e-01,8.000000000000000167e-02,5.000000000000000278e-02,-4.000000000000000083e-02
2.330000,-1.597160117841092131e-01,0.000000000000000000e+00,7.594907452582463359e-01,9.999218760172473575e-01,0.000000000000000000e+00,-1.249967448170978719e-02,0.000000000000000000e+00,-4.577657368079167122e-01,0.000000000000000000e+00,0.000000000000000000e+00,9.309577325103702838e-01,-1.291919957024535437e-01,0.000000000000000000e+00,-4.386549055350565940e-01,0.000000000000000000e+00,0.000000000000000000e+00,6.126916034516209919e-01,-1.800366979165643477e-01,0.000000000000000000e+00,-7.499999999999999722e-02,0.000000000000000000e+00,-5.500000000000000028e-02,1.000000000000000888e-02,2.449999999999999956e-01,-5.999999999999999778e-02,7.299999999999999822e-01,8.000000000000000167e-02,-5.000000000000000278e-02,4.000000000000000083e-02,3.900000000000000133e-01,-1.950000000000000067e-01,-5.999999999999999778e-02,7.299999999999999822e-01,8.000000000000000167e-02,5.000000000000000278e-02,-4.000000000000000083e-02
2.340000,-1.598511962824425703e-01,0.000000000000000000e+00,7.594907452582463359e-01,9.999218760172473575e-01,0.000000000000000000e+00,-1.249967448170978719e-02,0.000000000000000000e+00,-4.575179378560616517e-01,0.000000000000000000e+00,0.000000000000000000e+00,9.309581246264413412e-01,-1.294401867703796061e-01,0.000000000000000000e+00,-4.387861075530640198e-01,0.000000000000000000e+00,0.000000000000000000e+00,6.124899071067710921e-01,-1.797037995537070221e-01,0.000000000000000000e+00,-7.499999999999999722e-02,0.000000000000000000e+00,-5.500000000000000028e-02,1.000000000000000888e-02,2.449999999999999956e-01,-5.999999999999999778e-02,7.299999999999999822e-01,8.000000000000000167e-02,-5.000000000000000278e-02,4.000000000000000083e-02,3.900000000000000133e-01,-1.950000000000000067e-01,-5.999999999999999778e-02,7.299999999999999822e-01,8.000000000000000167e-02,5.000000000000000278e-02,-4.000000000000000083e-02
2.350000,-1.599357704904437183e-01,0.000000000000000000e+00,7.594907452582463359e-01,9.999218760172473575e-01,0.000000000000000000e+00,-1.249967448170978719e-02,0.000000000000000000e+00,-4.573628487027079914e-01,0.000000000000000000e+00,0.000000000000000000e+00,9.309582453782916378e-01,-1.295953966755836184e-01,0.000000000000000000e+00,-4.388680828992903571e-01,0.000000000000000000e+00,0.000000000000000000e+00,6.123635184291871258e-01,-1.794954355298967186e-01,0.000000000000000000e+00,-7.499999999999999722e-02,0.000000000000000000e+00,-5.500000000000000028e-02,1.000000000000000888e-02,2.449999999999999956e-01,-5.999999999999999778e-02,7.299999999999999822e-01,8.000000000000000167e-02,-5.000000000000000278e-02,4.000000000000000083e-02,3.900000000000000133e-01,-1.950000000000000067e-01,-5.999999999999999778e-02,7.299999999999999822e-01,8.000000000000000167e-02,5.000000000000000278e-02,-4.000000000000000083e-02
2.360000,-1.599805332508837385e-01,0.000000000000000000e+00,7.594907452582463359e-01,9.999218760172473575e-01,0.000000000000000000e+00,-1.249967448170978719e-02,0.000000000000000000e+00,-4.572807453506851361e-01,0.000000000000000000e+00,0.000000000000000000e+00,9.309582704874057590e-01,-1.296775251367205950e-01,0.000000000000000000e+00,-4.389114366983845050e-01,0.000000000000000000e+00,0.000000000000000000e+00,6.122965610804538272e-01,-1.793851243820692720e-01,0.000000000000000000e+00,-7.499999999999999722e-02,0.000000000000000000e+00,-5.500000000000000028e-02,1.000000000000000888e-02,2.449999999999999956e-01,-5.999999999999999778e-02,7.299999999999999822e-01,8.000000000000000167e-02,-5.000000000000000278e-02,4.000000000000000083e-02,3.900000000000000133e-01,-1.950000000000000067e-01,-5.999999999999999778e-02,7.299999999999999822e-01,8.000000000000000167e-02,5.000000000000000278e-02,-4.000000000000000083e-02
2.370000,-1.599975115231674350e-01,0.000000000000000000e+00,7.594907452582463359e-01,9.999218760172473575e-01,0.000000000000000000e+00,-1.249967448170978719e-02,0.000000000000000000e+00,-4.572496005536994534e-01,0.000000000000000000e+00,0.000000000000000000e+00,9.309582729856787919e-01,-1.297086724319792550e-01,0.000000000000000000e+00,-4.389278744995084303e-01,0.000000000000000000e+00,0.000000000000000000e+00,6.122711530453883721e-01,-1.793432785458798917e-01,0.000000000000000000e+00,-7.499999999999999722e-02,0.000000000000000000e+00,-5.500000000000000028e-02,1.000000000000000888e-02,2.449999999999999956e-01,-5.999999999999999778e-02,7.299999999999999822e-01,8.000000000000000167e-02,-5.000000000000000278e-02,4.000000000000000083e-02,3.900000000000000133e-01,-1.950000000000000067e-01,-5.999999999999999778e-02,7.299999999999999822e-01,8.000000000000000167e-02,5.000000000000000278e-02,-4.000000000000000083e-02
2.380000,-1.600000000000000588e-01,0.000000000000000000e+00,7.594907452582463359e-01,9.999218760172473575e-01,0.000000000000000000e+00,-1.249967448170978719e-02,0.000000000000000000e+00,-4.572450355541489153e-01,0.000000000000000000e+00,0.000000000000000000e+00,9.309582730271812601e-01,-1.297132374730323168e-01,0.000000000000000000e+00,-4.389302834803131548e-01,0.000000000000000000e+00,0.000000000000000000e+00,6.122674285019926721e-01,-1.793371450216794671e-01,0.000000000000000000e+00,-7.499999999999999722e-02,0.000000000000000000e+00,-5.500000000000000028e-02,1.000000000000000888e-02,2.449999999999999956e-01,-5.999999999999999778e-02,7.299999999999999822e-01,8.000000000000000167e-02,-5.000000000000000278e-02,4.000000000000000083e-02,3.900000000000000133e-01,-1.950000000000000067e-01,-5.999999999999999778e-02,7.299999999999999822e-01,8.000000000000000167e-02,5.000000000000000278e-02,-4.000000000000000083e-02
2.390000,-1.600000000000000033e-01,0.000000000000000000e+00,7.594907452582463359e-01,9.999218760172473575e-01,0.000000000000000000e+00,-1.249967448170978893e-02,0.000000000000000000e+00,-4.571478197237122121e-01,0.000000000000000000e+00,0.000000000000000000e+00,9.307597666172332529e-01,-1.299186432195295060e-01,0.000000000000000000e+00,-4.390804342711054908e-01,0.000000000000000000e+00,0.000000000000000000e+00,6.125601608211004301e-01,-1.791730302239863404e-01,0.000000000000000000e+00,-7.486855871742491286e-02,0.000000000000000000e+00,-5.500000000000000028e-02,1.033298458252354668e-02,2.449561862391416434e-01,-5.989484697393993029e-02,7.299999999999999822e-01,7.985979596525324964e-02,-4.991237247828328449e-02,3.992989798262662482e-02,3.896670154174765033e-01,-1.950438137608583589e-01,-5.989484697393993029e-02,7.299999999999999822e-01,7.985979596525324964e-02,4.991237247828328449e-02,-3.992989798262662482e-02
2.400000,-1.600000000000000033e-01,0.000000000000000000e+00,7.594907452582463359e-01,9.999218760172473575e-01,0.000000000000000000e+00,-1.249967448170978719e-02,0.000000000000000000e+00,-4.565205734815258043e-01,0.000000000000000000e+00,0.000000000000000000e+00,9.294789934044834778e-01,-1.312424790098306593e-01,0.000000000000000000e+00,-4.400469144582833669e-01,0.000000000000000000e+00,0.000000000000000000e+00,6.144442444736550879e-01,-1.781132709284986571e-01,0.000000000000000000e+00,-7.402111753419726714e-02,0.000000000000000000e+00,-5.500000000000000028e-02,1.247983558003357141e-02,2.446737058447324142e-01,-5.921689402735781649e-02,7.299999999999999822e-01,7.895585870314375532e-02,-4.934741168946485401e-02,3.947792935157187766e-02,3.875201644199664508e-01,-1.953262941552675880e-01,-5.921689402735781649e-02,7.299999999999999822e-01,7.895585870314375532e-02,4.934741168946485401e-02,-3.947792935157187766e-02
2.410000,-1.600000000000000033e-01,0.000000000000000000e+00,7.594907452582463359e-01,9.999218760172473575e-01,0.000000000000000000e+00,-1.249967448170978372e-02,0.000000000000000000e+00,-4.549708333935084670e-01,0.000000000000000000e+00,0.000000000000000000e+00,9.263146550546835778e-01,-1.345024235947240854e-01,0.000000000000000000e+00,-4.424178516852238507e-01,0.000000000000000000e+00,0.000000000000000000e+00,6.190650755301327912e-01,-1.754886219113598878e-01,0.000000000000000000e+00,-7.193202774276470646e-02,0.000000000000000000e+00,-5.500000000000000028e-02,1.777219638499608068e-02,2.439773425809215746e-01,-5.754562219421176239e-02,7.299999999999999822e-01,7.672749625894902115e-02,-4.795468516184313995e-02,3.836374812947451057e-02,3.822278036150039693e-01,-1.960226574190784277e-01,-5.754562219421176239e-02,7.299999999999999822e-01,7.672749625894902115e-02,4.795468516184313995e-02,-3.836374812947451057e-02
2.420000,-1.600000000000000033e-01,0.000000000000000000e+00,7.594907452582463359e-01,9.999218760172473575e-01,0.000000000000000000e+00,-1.249967448170978893e-02,0.000000000000000000e+00,-4.522379090641440169e-01,0.000000000000000000e+00,0.000000000000000000e+00,9.207346850744891897e-01,-1.402135365396183220e-01,0.000000000000000000e+00,-4.465414642859332206e-01,0.000000000000000000e+00,0.000000000000000000e+00,6.270979094997065628e-01,-1.708396846845001704e-01,0.000000000000000000e+00,-6.826424548745436971e-02,0.000000000000000000e+00,-5.500000000000000028e-02,2.706391143178227265e-02,2.427547484958181290e-01,-5.461139638996349160e-02,7.299999999999999822e-01,7.281519518661799806e-02,-4.550949699163624879e-02,3.640759759330899903e-02,3.729360885682177496e-01,-1.972452515041818732e-01,-5.461139638996349160e-02,7.299999999999999822e-01,7.281519518661799806e-02,4.550949699163624879e-02,-3.640759759330899903e-02
2.430000,-1.600000000000000033e-01,0.000000000000000000e+00,7.594907452582463359e-01,9.999218760172473575e-01,0.000000000000000000e+00,-1.249967448170978893e-02,0.000000000000000000e+00,-4.481738108468811821e-01,0.000000000000000000e+00,0.000000000000000000e+00,9.124373743636617906e-01,-1.486173536205366297e-01,0.000000000000000000e+00,-4.525430416359670360e-01,0.000000000000000000e+00,0.000000000000000000e+00,6.387802265039457250e-01,-1.638833947642226452e-01,0.000000000000000000e+00,-6.284837566981883727e-02,0.000000000000000000e+00,-5.500000000000000028e-02,4.078411496979225670e-02,2.409494585566062941e-01,-5.027870053585507121e-02,7.299999999999999822e-01,6.703826738114010420e-02,-4.189891711321256512e-02,3.351913369057005210e-02,3.592158850302077377e-01,-1.990505414433937081e-01,-5.027870053585507121e-02,7.299999999999999822e-01,6.703826738114010420e-02,4.189891711321256512e-02,-3.351913369057005210e-02
2.440000,-1.600000000000000033e-01,0.000000000000000000e+00,7.594907452582463359e-01,9.999218760172473575e-01,0.000000000000000000e+00,-1.249967448170979066e-02,0.000000000000000000e+00,-4.427267079270649219e-01,0.000000000000000000e+00,0.000000000000000000e+00,9.013176028686250563e-01,-1.597135579489300516e-01,0.000000000000000000e+00,-4.603547469825719496e-01,0.000000000000000000e+00,0.000000000000000000e+00,6.539703082481410634e-01,-1.544928982581990629e-01,0.000000000000000000e+00,-5.566171585398427962e-02,0.000000000000000000e+00,-5.500000000000000028e-02,5.899031983657318512e-02,2.385539052846614161e-01,-4.452937268318742092e-02,7.299999999999999822e-01,5.937249691091656123e-02,-3.710781056932285077e-02,2.968624845545828062e-02,3.410096801634268093e-01,-2.014460947153385861e-01,-4.452937268318742092e-02,7.299999999999999822e-01,5.937249691091656123e-02,3.710781056932285077e-02,-2.968624845545828062e-02
2.450000,-1.600000000000000033e-01,0.000000000000000000e+00,7.594907452582463359e-01,9.999218760172473575e-01,0.000000000000000000e+00,-1.249967448170979066e-02,0.000000000000000000e+00,-4.359273683983109771e-01,0.000000000000000000e+00,0.000000000000000000e+00,8.874390916626815340e-01,-1.732946895297151624e-01,0.000000000000000000e+00,-4.697568471940353207e-01,0.000000000000000000e+00,0.000000000000000000e+00,6.722292095173273418e-01,-1.426893960579472820e-01,0.000000000000000000e+00,-4.680730017199514342e-02,0.000000000000000000e+00,-5.500000000000000028e-02,8.142150623094564221e-02,2.356024333906650559e-01,-3.744584013759611613e-02,7.299999999999999822e-01,4.992778685012815715e-02,-3.120486678133009908e-02,2.496389342506407857e-02,3.185784937690543939e-01,-2.043975666093349464e-01,-3.744584013759611613e-02,7.299999999999999822e-01,4.992778685012815715e-02,3.120486678133009908e-02,-2.496389342506407857e-02
2.460000,-1.600000000000000033e-01,0.000000000000000000e+00,7.594907452582463359e-01,9.999218760172473575e-01,0.000000000000000000e+00,-1.249967448170979066e-02,0.000000000000000000e+00,-4.278783866082752074e-01,0.000000000000000000e+00,0.000000000000000000e+00,8.710122882218819251e-01,-1.889837007455582585e-01,0.000000000000000000e+00,-4.804240926600561457e-01,0.000000000000000000e+00,0.000000000000000000e+00,6.929133397630125035e-01,-1.286394479710046834e-01,0.000000000000000000e+00,-3.649294322916360467e-02,0.000000000000000000e+00,-5.500000000000000028e-02,1.075512104861188756e-01,2.321643144097212119e-01,-2.919435458333088582e-02,7.299999999999999822e-01,3.892580611110784544e-02,-2.432862881944240774e-02,1.946290305555392272e-02,2.924487895138811466e-01,-2.078356855902787903e-01,-2.919435458333088582e-02,7.299999999999999822e-01,3.892580611110784544e-02,2.432862881944240774e-02,-1.946290305555392272e-02
2.470000,-1.600000000000000033e-01,0.000000000000000000e+00,7.594907452582463359e-01,9.999218760172473575e-01,0.000000000000000000e+00,-1.249967448170979066e-02,0.000000000000000000e+00,-4.187456560232488689e-01,0.000000000000000000e+00,0.000000000000000000e+00,8.523767993129702791e-01,-2.062738139344242327e-01,0.000000000000000000e+00,-4.919700455099166314e-01,0.000000000000000000e+00,0.000000000000000000e+00,7.152629624177526679e-01,-1.126502462631331358e-01,0.000000000000000000e+00,-2.501028400941307864e-02,0.000000000000000000e+00,-5.500000000000000028e-02,1.366406138428202244e-01,2.283367613364710169e-01,-2.000822720753046499e-02,7.299999999999999822e-01,2.667763627670728666e-02,-1.667352267294205589e-02,1.333881813835364333e-02,2.633593861571797978e-01,-2.116632386635289853e-01,-2.000822720753046499e-02,7.299999999999999822e-01,2.667763627670728666e-02,1.667352267294205589e-02,-1.333881813835364333e-02
2.480000,-1.600000000000000033e-01,0.000000000000000000e+00,7.594907452582463359e-01,9.999218760172473575e-01,0.000000000000000000e+00,-1.249967448170978546e-02,0.000000000000000000e+00,-4.087513255930477762e-01,0.000000000000000000e+00,0.000000000000000000e+00,8.319868407016477452e-01,-2.245699122871330777e-01,0.000000000000000000e+00,-5.039842985239217921e-01,0.000000000000000000e+00,0.000000000000000000e+00,7.384762634347346033e-01,-9.515756773227967980e-02,0.000000000000000000e+00,-1.271382978062866875e-02,0.000000000000000000e+00,-5.500000000000000028e-02,1.677916312224073669e-01,2.242379432602095712e-01,-1.017106382450293396e-02,7.299999999999999822e-01,1.356141843267058035e-02,-8.475886520419112502e-03,6.780709216335290175e-03,2.322083687775926553e-01,-2.157620567397904310e-01,-1.017106382450293396e-02,7.299999999999999822e-01,1.356141843267058035e-02,8.475886520419112502e-03,-6.780709216335290175e-03
2.490000,-1.600000000000000033e-01,0.000000000000000000e+00,7.594907452582463359e-01,9.999218760172473575e-01,0.000000000000000000e+00,-1.249967448170978893e-02,0.000000000000000000e+00,-3.981672730538164395e-01,0.000000000000000000e+00,0.000000000000000000e+00,8.103977560555040149e-01,-2.432304830016878139e-01,0.000000000000000000e+00,-5.160606899815962656e-01,0.000000000000000000e+00,0.000000000000000000e+00,7.617650652719061277e-01,-7.670437529030960100e-02,0.000000000000000000e+00,1.165734175856414417e-16,0.000000000000000000e+00,-5.500000000000000028e-02,2.000000000000003164e-01,2.199999999999999734e-01,9.325873406851314594e-17,7.299999999999999822e-01,-1.243449787580175444e-16,7.771561172376096523e-17,-6.217248937900877218e-17,1.999999999999997058e-01,-2.200000000000000289e-01,9.325873406851314594e-17,7.299999999999999822e-01,-1.243449787580175444e-16,-7.771561172376096523e-17,6.217248937900877218e-17
2.500000,-1.600000000000000033e-01,0.000000000000000000e+00,7.594907452582463359e-01,9.999218760172473575e-01,0.000000000000000000e+00,-1.249967448170978546e-02,0.000000000000000000e+00,-3.873078834834132178e-01,0.000000000000000000e+00,0.000000000000000000e+00,7.882511555600199005e-01,-2.616088748980728296e-01,0.000000000000000000e+00,-5.278171587104456552e-01,0.000000000000000000e+00,0.000000000000000000e+00,7.843934284453362160e-01,-5.791066691342439121e-02,0.000000000000000000e+00,1.271382978062835997e-02,0.000000000000000000e+00,-5.500000000000000028e-02,2.322083687775918504e-01,2.157620567397905420e-01,1.017106382450268763e-02,7.299999999999999822e-01,-1.356141843267025249e-02,8.475886520418907805e-03,-6.780709216335126244e-03,1.677916312224081719e-01,-2.242379432602094602e-01,1.017106382450268763e-02,7.299999999999999822e-01,-1.356141843267025249e-02,-8.475886520418907805e-03,6.780709216335126244e-03
2.510000,-1.600000000000000033e-01,0.000000000000000000e+00,7.594907452582463359e-01,9.999218760172473575e-01,0.000000000000000000e+00,-1.249967448170979066e-02,0.000000000000000000e+00,-3.765206374102790798e-01,0.000000000000000000e+00,0.000000000000000000e+00,7.662556423306793318e-01,-2.790923342756979064e-01,0.000000000000000000e+00,-5.389092168779022751e-01,0.000000000000000000e+00,0.000000000000000000e+00,8.057031068377225047e-01,-3.943656060452249701e-02,0.000000000000000000e+00,2.501028400941329721e-02,0.000000000000000000e+00,-5.500000000000000028e-02,2.633593861571803529e-01,2.116632386635289020e-01,2.000822720753063846e-02,7.299999999999999822e-01,-2.667763627670751911e-02,1.667352267294219814e-02,-1.333881813835375955e-02,1.366406138428196693e-01,-2.283367613364711002e-01,2.000822720753063846e-02,7.299999999999999822e-01,-2.667763627670751911e-02,-1.667352267294219814e-02,1.333881813835375955e-02
2.520000,-1.600000000000000033e-01,0.000000000000000000e+00,7.594907452582463359e-01,9.999218760172473575e-01,0.000000000000000000e+00,-1.249967448170979066e-02,0.000000000000000000e+00,-3.661727688709885964e-01,0.000000000000000000e+00,0.000000000000000000e+00,7.451595931043795140e-01,-2.951370251014387436e-01,0.000000000000000000e+00,-5.490393423737283118e-01,0.000000000000000000e+00,0.000000000000000000e+00,8.251305046337843452e-01,-2.194096139200818474e-02,0.000000000000000000e+00,3.649294322916336181e-02,0.000000000000000000e+00,-5.500000000000000028e-02,2.924487895138805360e-01,2.078356855902788736e-01,2.919435458333069153e-02,7.299999999999999822e-01,-3.892580611110758870e-02,2.432862881944224467e-02,-1.946290305555379435e-02,1.075512104861194862e-01,-2.321643144097211287e-01,2.919435458333069153e-02,7.299999999999999822e-01,-3.892580611110758870e-02,-2.432862881944224467e-02,1.946290305555379435e-02
2.530000,-1.600000000000000033e-01,0.000000000000000000e+00,7.594907452582463359e-01,9.999218760172473575e-01,0.000000000000000000e+00,-1.249967448170979066e-02,0.000000000000000000e+00,-3.566322309969021664e-01,0.000000000000000000e+00,0.000000000000000000e+00,7.257124074233025635e-01,-3.092972101610561020e-01,0.000000000000000000e+00,-5.579643570417988085e-01,0.000000000000000000e+00,0.000000000000000000e+00,8.422193333077165889e-01,-6.037942531261997203e-03,0.000000000000000000e+00,4.680730017199530996e-02,0.000000000000000000e+00,-5.500000000000000028e-02,3.185784937690547824e-01,2.043975666093348909e-01,3.744584013759624797e-02,7.299999999999999822e-01,-4.992778685012833756e-02,3.120486678133021011e-02,-2.496389342506416878e-02,8.142150623094521200e-02,-2.356024333906651114e-01,3.744584013759624797e-02,7.299999999999999822e-01,-4.992778685012833756e-02,-3.120486678133021011e-02,2.496389342506416878e-02
2.540000,-1.600000000000000033e-01,0.000000000000000000e+00,7.594907452582463359e-01,9.999218760172473575e-01,0.000000000000000000e+00,-1.249967448170979066e-02,0.000000000000000000e+00,-3.482416812646275117e-01,0.000000000000000000e+00,0.000000000000000000e+00,7.086115986315982829e-01,-3.212472543596002206e-01,0.000000000000000000e+00,-5.655024353517464908e-01,0.000000000000000000e+00,0.000000000000000000e+00,8.566323431539826228e-01,7.747429190393395615e-03,0.000000000000000000e+00,5.566171585398407839e-02,0.000000000000000000e+00,-5.500000000000000028e-02,3.410096801634263652e-01,2.014460947153386416e-01,4.452937268318726133e-02,7.299999999999999822e-01,-5.937249691091635306e-02,3.710781056932271893e-02,-2.968624845545817653e-02,5.899031983657368472e-02,-2.385539052846613606e-01,4.452937268318726133e-02,7.299999999999999822e-01,-5.937249691091635306e-02,-3.710781056932271893e-02,2.968624845545817653e-02
2.550000,-1.600000000000000033e-01,0.000000000000000000e+00,7.594907452582463359e-01,9.999218760172473575e-01,0.000000000000000000e+00,-1.249967448170978719e-02,0.000000000000000000e+00,-3.412854391595505077e-01,0.000000000000000000e+00,0.000000000000000000e+00,6.944356171227248353e-01,-3.307963878594184504e-01,0.000000000000000000e+00,-5.715409891786064067e-01,0.000000000000000000e+00,0.000000000000000000e+00,8.681647249702648672e-01,1.902247410458568488e-02,0.000000000000000000e+00,6.284837566981892054e-02,0.000000000000000000e+00,-5.500000000000000028e-02,3.592158850302079598e-01,1.990505414433936804e-01,5.027870053585514060e-02,7.299999999999999822e-01,-6.703826738114018746e-02,4.189891711321262063e-02,-3.351913369057009373e-02,4.078411496979206241e-02,-2.409494585566063218e-01,5.027870053585514060e-02,7.299999999999999822e-01,-6.703826738114018746e-02,-4.189891711321262063e-02,3.351913369057009373e-02
2.560000,-1.600000000000000033e-01,0.000000000000000000e+00,7.594907452582463359e-01,9.999218760172473575e-01,0.000000000000000000e+00,-1.249967448170978893e-02,0.000000000000000000e+00,-3.359513882616328440e-01,0.000000000000000000e+00,0.000000000000000000e+00,6.835663976263959274e-01,-3.378982488354898006e-01,0.000000000000000000e+00,-5.760463708085719059e-01,0.000000000000000000e+00,0.000000000000000000e+00,8.767611849147336489e-01,2.756842536456505233e-02,0.000000000000000000e+00,6.826424548745432808e-02,0.000000000000000000e+00,-5.500000000000000028e-02,3.729360885682176940e-01,1.972452515041818732e-01,5.461139638996346385e-02,7.299999999999999822e-01,-7.281519518661795642e-02,4.550949699163622797e-02,-3.640759759330897821e-02,2.706391143178235592e-02,-2.427547484958181290e-01,5.461139638996346385e-02,7.299999999999999822e-01,-7.281519518661795642e-02,-4.550949699163622797e-02,3.640759759330897821e-02
2.570000,-1.600000000000000033e-01,0.000000000000000000e+00,7.594907452582463359e-01,9.999218760172473575e-01,0.000000000000000000e+00,-1.249967448170978372e-02,0.000000000000000000e+00,-3.322920365179087288e-01,0.000000000000000000e+00,0.000000000000000000e+00,6.761101783029564993e-01,-3.426595398514987179e-01,0.000000000000000000e+00,-5.790761134808068977e-01,0.000000000000000000e+00,0.000000000000000000e+00,8.825382524842321219e-01,3.337925906302585677e-02,0.000000000000000000e+00,7.193202774276472033e-02,0.000000000000000000e+00,-5.500000000000000028e-02,3.822278036150039693e-01,1.960226574190784277e-01,5.754562219421177627e-02,7.299999999999999822e-01,-7.672749625894903502e-02,4.795468516184314689e-02,-3.836374812947451751e-02,1.777219638499605292e-02,-2.439773425809215746e-01,5.754562219421177627e-02,7.299999999999999822e-01,-7.672749625894903502e-02,-4.795468516184314689e-02,3.836374812947451751e-02
2.580000,-1.600000000000000033e-01,0.000000000000000000e+00,7.594907452582463359e-01,9.999218760172473575e-01,0.000000000000000000e+00,-1.249967448170978719e-02,0.000000000000000000e+00,-3.301902185875009166e-01,0.000000000000000000e+00,0.000000000000000000e+00,6.718277237243837074e-01,-3.453534460500095604e-01,0.000000000000000000e+00,-5.807942128607039844e-01,0.000000000000000000e+00,0.000000000000000000e+00,8.858129313378224623e-01,3.669722243600836986e-02,0.000000000000000000e+00,7.402111753419719775e-02,0.000000000000000000e+00,-5.500000000000000028e-02,3.875201644199662843e-01,1.953262941552675880e-01,5.921689402735776098e-02,7.299999999999999822e-01,-7.895585870314368593e-02,4.934741168946480544e-02,-3.947792935157184296e-02,1.247983558003376570e-02,-2.446737058447324142e-01,5.921689402735776098e-02,7.299999999999999822e-01,-7.895585870314368593e-02,-4.934741168946480544e-02,3.947792935157184296e-02
2.590000,-1.600000000000000033e-01,0.000000000000000000e+00,7.594907452582463359e-01,9.999218760172473575e-01,0.000000000000000000e+00,-1.249967448170978893e-02,0.000000000000000000e+00,-3.293339138727117699e-01,0.000000000000000000e+00,0.000000000000000000e+00,6.700830370865884511e-01,-3.464424268878681379e-01,0.000000000000000000e+00,-5.814896126296316137e-01,0.000000000000000000e+00,0.000000000000000000e+00,8.871380738232482743e-01,3.804484248037487415e-02,0.000000000000000000e+00,7.486855871742492674e-02,0.000000000000000000e+00,-5.500000000000000028e-02,3.896670154174765033e-01,1.950438137608583589e-01,5.989484697393993723e-02,7.299999999999999822e-01,-7.985979596525326352e-02,4.991237247828328449e-02,-3.992989798262663176e-02,1.033298458252351892e-02,-2.449561862391416434e-01,5.989484697393993723e-02,7.299999999999999822e-01,-7.985979596525326352e-02,-4.991237247828328449e-02,3.992989798262663176e-02
2.600000,-1.600000000000000033e-01,0.000000000000000000e+00,7.594907452582463359e-01,9.999218760172473575e-01,0.000000000000000000e+00,-1.249967448170978719e-02,0.000000000000000000e+00,-3.292009047033100932e-01,0.000000000000000000e+00,0.000000000000000000e+00,6.698120380008112384e-01,-3.466111332975010950e-01,0.000000000000000000e+00,-5.815973920929660146e-01,0.000000000000000000e+00,0.000000000000000000e+00,8.873434420555956770e-01,3.825395003737042110e-02,0.000000000000000000e+00,7.499999999999999722e-02,0.000000000000000000e+00,-5.500000000000000028e-02,3.900000000000000133e-01,1.950000000000000067e-01,5.999999999999999778e-02,7.299999999999999822e-01,-8.000000000000000167e-02,5.000000000000000278e-02,-4.000000000000000083e-02,1.000000000000000888e-02,-2.449999999999999956e-01,5.999999999999999778e-02,7.299999999999999822e-01,-8.000000000000000167e-02,-5.000000000000000278e-02,4.000000000000000083e-02
2.610000,-1.600024884768325162e-01,0.000000000000000000e+00,7.594907452582463359e-01,9.999218760172473575e-01,0.000000000000000000e+00,-1.249967448170978719e-02,0.000000000000000000e+00,-3.292052240605706781e-01,0.000000000000000000e+00,0.000000000000000000e+00,6.698120379471855790e-01,-3.466068138866148507e-01,0.000000000000000000e+00,-5.815942758976453408e-01,0.000000000000000000e+00,0.000000000000000000e+00,8.873462026926685065e-01,3.824807320497691787e-02,0.000000000000000000e+00,7.499999999999999722e-02,0.000000000000000000e+00,-5.500000000000000028e-02,3.900000000000000133e-01,1.950000000000000067e-01,5.999999999999999778e-02,7.299999999999999822e-01,-8.000000000000000167e-02,5.000000000000000278e-02,-4.000000000000000083e-02,1.000000000000000888e-02,-2.449999999999999956e-01,5.999999999999999778e-02,7.299999999999999822e-01,-8.000000000000000167e-02,-5.000000000000000278e-02,4.000000000000000083e-02
2.620000,-1.600194667491162959e-01,0.000000000000000000e+00,7.594907452582463359e-01,9.999218760172473575e-01,0.000000000000000000e+00,-1.249967448170978719e-02,0.000000000000000000e+00,-3.292346925799871649e-01,0.000000000000000000e+00,0.000000000000000000e+00,6.698120347191391932e-01,-3.465773421391519782e-01,0.000000000000000000e+00,-5.815730134934538054e-01,0.000000000000000000e+00,0.000000000000000000e+00,8.873650353908423272e-01,3.820797810261156169e-02,0.000000000000000000e+00,7.499999999999999722e-02,0.000000000000000000e+00,-5.500000000000000028e-02,3.900000000000000133e-01,1.950000000000000067e-01,5.999999999999999778e-02,7.299999999999999822e-01,-8.000000000000000167e-02,5.000000000000000278e-02,-4.000000000000000083e-02,1.000000000000000888e-02,-2.449999999999999956e-01,5.999999999999999778e-02,7.299999999999999822e-01,-8.000000000000000167e-02,-5.000000000000000278e-02,4.000000000000000083e-02
2.630000,-1.600642295095562329e-01,0.000000000000000000e+00,7.594907452582463359e-01,9.999218760172473575e-01,0.000000000000000000e+00,-1.249967448170978719e-02,0.000000000000000000e+00,-3.293123737956390462e-01,0.000000000000000000e+00,0.000000000000000000e+00,6.698120022753756286e-01,-3.464996284797365322e-01,0.000000000000000000e+00,-5.815169443517200776e-01,0.000000000000000000e+00,0.000000000000000000e+00,8.874146667495655949e-01,3.810227760215456616e-02,0.000000000000000000e+00,7.499999999999999722e-02,0.000000000000000000e+00,-5.500000000000000028e-02,3.900000000000000133e-01,1.950000000000000067e-01,5.999999999999999778e-02,7.299999999999999822e-01,-8.000000000000000167e-02,5.000000000000000278e-02,-4.000000000000000083e-02,1.000000000000000888e-02,-2.449999999999999956e-01,5.999999999999999778e-02,7.299999999999999822e-01,-8.000000000000000167e-02,-5.000000000000000278e-02,4.000000000000000083e-02
2.640000,-1.601488037175574641e-01,0.000000000000000000e+00,7.594907452582463359e-01,9.999218760172473575e-01,0.000000000000000000e+00,-1.249967448170978719e-02,0.000000000000000000e+00,-3.294590972303295118e-01,0.000000000000000000e+00,0.000000000000000000e+00,6.698118462505666670e-01,-3.463527490202371051e-01,0.000000000000000000e+00,-5.814109629645303201e-01,0.000000000000000000e+00,0.000000000000000000e+00,8.875083583185455760e-01,3.790260464598482759e-02,0.000000000000000000e+00,7.499999999999999722e-02,0.000000000000000000e+00,-5.500000000000000028e-02,3.900000000000000133e-01,1.950000000000000067e-01,5.999999999999999778e-02,7.299999999999999822e-01,-8.000000000000000167e-02,5.000000000000000278e-02,-4.000000000000000083e-02,1.000000000000000888e-02,-2.449999999999999956e-01,5.999999999999999778e-02,7.299999999999999822e-01,-8.000000000000000167e-02,-5.000000000000000278e-02,4.000000000000000083e-02
2.650000,-1.602839882158907658e-01,0.000000000000000000e+00,7.594907452582463359e-01,9.999218760172473575e-01,0.000000000000000000e+00,-1.249967448170978719e-02,0.000000000000000000e+00,-3.296934955548904145e-01,0.000000000000000000e+00,0.000000000000000000e+00,6.698113395929130576e-01,-3.461178440380225929e-01,0.000000000000000000e+00,-5.812414386693650625e-01,0.000000000000000000e+00,0.000000000000000000e+00,8.876578953526111926e-01,3.758354331675384241e-02,0.000000000000000000e+00,7.499999999999999722e-02,0.000000000000000000e+00,-5.500000000000000028e-02,3.900000000000000133e-01,1.950000000000000067e-01,5.999999999999999778e-02,7.299999999999999822e-01,-8.000000000000000167e-02,5.000000000000000278e-02,-4.000000000000000083e-02,1.000000000000000888e-02,-2.449999999999999956e-01,5.999999999999999778e-02,7.299999999999999822e-01,-8.000000000000000167e-02,-5.000000000000000278e-02,4.000000000000000083e-02
2.660000,-1.604793933473582235e-01,0.000000000000000000e+00,7.594907452582463359e-01,9.999218760172473575e-01,0.000000000000000000e+00,-1.249967448170978719e-02,0.000000000000000000e+00,-3.300320366216808465e-01,0.000000000000000000e+00,0.000000000000000000e+00,6.698100478184937367e-01,-3.457780111968128400e-01,0.000000000000000000e+00,-5.809961306243788259e-01,0.000000000000000000e+00,0.000000000000000000e+00,8.878735667702671863e-01,3.712256385411161208e-02,0.000000000000000000e+00,7.499999999999999722e-02,0.000000000000000000e+00,-5.500000000000000028e-02,3.900000000000000133e-01,1.950000000000000067e-01,5.999999999999999778e-02,7.299999999999999822e-01,-8.000000000000000167e-02,5.000000000000000278e-02,-4.000000000000000083e-02,1.000000000000000888e-02,-2.449999999999999956e-01,5.999999999999999778e-02,7.299999999999999822e-01,-8.000000000000000167e-02,-5.000000000000000278e-02,4.000000000000000083e-02
2.670000,-1.607434805714589576e-01,0.000000000000000000e+00,7.594907452582463359e-01,9.999218760172473575e-01,0.000000000000000000e+00,-1.249967448170978719e-02,0.000000000000000000e+00,-3.304890539194814125e-01,0.000000000000000000e+00,0.000000000000000000e+00,6.698072511612414015e-01,-3.453181972417599388e-01,0.000000000000000000e+00,-5.806641014730284933e-01,0.000000000000000000e+00,0.000000000000000000e+00,8.881641426664427241e-01,3.649995880658585268e-02,0.000000000000000000e+00,7.499999999999999722e-02,0.000000000000000000e+00,-5.500000000000000028e-02,3.900000000000000133e-01,1.950000000000000067e-01,5.999999999999999778e-02,7.299999999999999822e-01,-8.000000000000000167e-02,5.000000000000000278e-02,-4.000000000000000083e-02,1.000000000000000888e-02,-2.449999999999999956e-01,5.999999999999999778e-02,7.299999999999999822e-01,-8.000000000000000167e-02,-5.000000000000000278e-02,4.000000000000000083e-02
2.680000,-1.610836020810546554e-01,0.000000000000000000e+00,7.594907452582463359e-01,9.999218760172473575e-01,0.000000000000000000e+00,-1.249967448170978719e-02,0.000000000000000000e+00,-3.310767783769870132e-01,0.000000000000000000e+00,0.000000000000000000e+00,6.698018696443901465e-01,-3.447250912674030832e-01,0.000000000000000000e+00,-5.802356326564972466e-01,0.000000000000000000e+00,0.000000000000000000e+00,8.885368546747743901e-01,3.569877798172294003e-02,0.000000000000000000e+00,7.499999999999999722e-02,0.000000000000000000e+00,-5.500000000000000028e-02,3.900000000000000133e-01,1.950000000000000067e-01,5.999999999999999778e-02,7.299999999999999822e-01,-8.000000000000000167e-02,5.000000000000000278e-02,-4.000000000000000083e-02,1.000000000000000888e-02,-2.449999999999999956e-01,5.999999999999999778e-02,7.299999999999999822e-01,-8.000000000000000167e-02,-5.000000000000000278e-02,4.000000000000000083e-02
2.690000,-1.615060404190351573e-01,0.000000000000000000e+00,7.594907452582463359e-01,9.999218760172473575e-01,0.000000000000000000e+00,-1.249967448170978719e-02,0.000000000000000000e+00,-3.318053738742817171e-01,0.000000000000000000e+00,0.000000000000000000e+00,6.697923959444573860e-01,-3.439870220701756187e-01,0.000000000000000000e+00,-5.797021437872920124e-01,0.000000000000000000e+00,0.000000000000000000e+00,8.889973834885394055e-01,3.470476029875269042e-02,0.000000000000000000e+00,7.499999999999999722e-02,0.000000000000000000e+00,-5.500000000000000028e-02,3.900000000000000133e-01,1.950000000000000067e-01,5.999999999999999778e-02,7.299999999999999822e-01,-8.000000000000000167e-02,5.000000000000000278e-02,-4.000000000000000083e-02,1.000000000000000888e-02,-2.449999999999999956e-01,5.999999999999999778e-02,7.299999999999999822e-01,-8.000000000000000167e-02,-5.000000000000000278e-02,4.000000000000000083e-02
2.700000,-1.620160480949842108e-01,0.000000000000000000e+00,7.594907452582463359e-01,9.999218760172473575e-01,0.000000000000000000e+00,-1.249967448170978719e-02,0.000000000000000000e+00,-3.326829783047010047e-01,0.000000000000000000e+00,0.000000000000000000e+00,6.697768398587365946e-01,-3.430938615540355396e-01,0.000000000000000000e+00,-5.790561179847832918e-01,0.000000000000000000e+00,0.000000000000000000e+00,8.895498569276448775e-01,3.350626105713849778e-02,0.000000000000000000e+00,7.499999999999999722e-02,0.000000000000000000e+00,-5.500000000000000028e-02,3.900000000000000133e-01,1.950000000000000067e-01,5.999999999999999778e-02,7.299999999999999822e-01,-8.000000000000000167e-02,5.000000000000000278e-02,-4.000000000000000083e-02,1.000000000000000888e-02,-2.449999999999999956e-01,5.999999999999999778e-02,7.299999999999999822e-01,-8.000000000000000167e-02,-5.000000000000000278e-02,4.000000000000000083e-02
2.710000,-1.626178872018449739e-01,0.000000000000000000e+00,7.594907452582463359e-01,9.999218760172473575e-01,0.000000000000000000e+00,-1.249967448170978719e-02,0.000000000000000000e+00,-3.337157515615510883e-01,0.000000000000000000e+00,0.000000000000000000e+00,6.697526872187722358e-01,-3.420369356572210973e-01,0.000000000000000000e+00,-5.782910345925613704e-01,0.000000000000000000e+00,0.000000000000000000e+00,8.901968610802861726e-01,3.209417351227528137e-02,0.000000000000000000e+00,7.499999999999999722e-02,0.000000000000000000e+00,-5.500000000000000028e-02,3.900000000000000133e-01,1.950000000000000067e-01,5.999999999999999778e-02,7.299999999999999822e-01,-8.000000000000000167e-02,5.000000000000000278e-02,-4.000000000000000083e-02,1.000000000000000888e-02,-2.449999999999999956e-01,5.999999999999999778e-02,7.299999999999999822e-01,-8.000000000000000167e-02,-5.000000000000000278e-02,4.000000000000000083e-02
2.720000,-1.633148690325856855e-01,0.000000000000000000e+00,7.594907452582463359e-01,9.999218760172473575e-01,0.000000000000000000e+00,-1.249967448170978719e-02,0.000000000000000000e+00,-3.349079314036052524e-01,0.000000000000000000e+00,0.000000000000000000e+00,6.697168752132325320e-01,-3.408089438096272294e-01,0.000000000000000000e+00,-5.774013102491177829e-01,0.000000000000000000e+00,0.000000000000000000e+00,8.909394662526652908e-01,3.046184399645257557e-02,0.000000000000000000e+00,7.499999999999999722e-02,0.000000000000000000e+00,-5.500000000000000028e-02,3.900000000000000133e-01,1.950000000000000067e-01,5.999999999999999778e-02,7.299999999999999822e-01,-8.000000000000000167e-02,5.000000000000000278e-02,-4.000000000000000083e-02,1.000000000000000888e-02,-2.449999999999999956e-01,5.999999999999999778e-02,7.299999999999999822e-01,-8.000000000000000167e-02,-5.000000000000000278e-02,4.000000000000000083e-02
2.730000,-1.641093936968652522e-01,0.000000000000000000e+00,7.594907452582463359e-01,9.999218760172473575e-01,0.000000000000000000e+00,-1.249967448170978719e-02,0.000000000000000000e+00,-3.362618977783505825e-01,0.000000000000000000e+00,0.000000000000000000e+00,6.696657852923245668e-01,-3.394038875139739342e-01,0.000000000000000000e+00,-5.763822488693157720e-01,0.000000000000000000e+00,0.000000000000000000e+00,8.917772687307177204e-01,2.860498013859813504e-02,0.000000000000000000e+00,7.499999999999999722e-02,0.000000000000000000e+00,-5.500000000000000028e-02,3.900000000000000133e-01,1.950000000000000067e-01,5.999999999999999778e-02,7.299999999999999822e-01,-8.000000000000000167e-02,5.000000000000000278e-02,-4.000000000000000083e-02,1.000000000000000888e-02,-2.449999999999999956e-01,5.999999999999999778e-02,7.299999999999999822e-01,-8.000000000000000167e-02,-5.000000000000000278e-02,4.000000000000000083e-02
2.740000,-1.650029897376989463e-01,0.000000000000000000e+00,7.594907452582463359e-01,9.999218760172473575e-01,0.000000000000000000e+00,-1.249967448170978719e-02,0.000000000000000000e+00,-3.377782458510296681e-01,0.000000000000000000e+00,0.000000000000000000e+00,6.695952541212875087e-01,-3.378170082702577903e-01,0.000000000000000000e+00,-5.752300007167896467e-01,0.000000000000000000e+00,0.000000000000000000e+00,8.927084486971678112e-01,2.652155201962191899e-02,0.000000000000000000e+00,7.499999999999999722e-02,0.000000000000000000e+00,-5.500000000000000028e-02,3.900000000000000133e-01,1.950000000000000067e-01,5.999999999999999778e-02,7.299999999999999822e-01,-8.000000000000000167e-02,5.000000000000000278e-02,-4.000000000000000083e-02,1.000000000000000888e-02,-2.449999999999999956e-01,5.999999999999999778e-02,7.299999999999999822e-01,-8.000000000000000167e-02,-5.000000000000000278e-02,4.000000000000000083e-02
2.750000,-1.659963537481239371e-01,0.000000000000000000e+00,7.594907452582463359e-01,9.999218760172473575e-01,0.000000000000000000e+00,-1.249967448170978719e-02,0.000000000000000000e+00,-3.394558676989658519e-01,0.000000000000000000e+00,0.000000000000000000e+00,6.695006024315525162e-01,-3.360447347325866141e-01,0.000000000000000000e+00,-5.739415304093261616e-01,0.000000000000000000e+00,0.000000000000000000e+00,8.937298440586993742e-01,2.421168635062675989e-02,0.000000000000000000e+00,7.499999999999999722e-02,0.000000000000000000e+00,-5.500000000000000028e-02,3.900000000000000133e-01,1.950000000000000067e-01,5.999999999999999778e-02,7.299999999999999822e-01,-8.000000000000000167e-02,5.000000000000000278e-02,-4.000000000000000083e-02,1.000000000000000888e-02,-2.449999999999999956e-01,5.999999999999999778e-02,7.299999999999999822e-01,-8.000000000000000167e-02,-5.000000000000000278e-02,4.000000000000000083e-02
2.760000,-1.670893899878649891e-01,0.000000000000000000e+00,7.594907452582463359e-01,9.999218760172473575e-01,0.000000000000000000e+00,-1.249967448170978719e-02,0.000000000000000000e+00,-3.412920423828051941e-01,0.000000000000000000e+00,0.000000000000000000e+00,6.693766810836232484e-01,-3.340846387008180041e-01,0.000000000000000000e+00,-5.725145934027624506e-01,0.000000000000000000e+00,0.000000000000000000e+00,8.948370394244778980e-01,2.167755397828463604e-02,0.000000000000000000e+00,7.499999999999999722e-02,0.000000000000000000e+00,-5.500000000000000028e-02,3.900000000000000133e-01,1.950000000000000067e-01,5.999999999999999778e-02,7.299999999999999822e-01,-8.000000000000000167e-02,5.000000000000000278e-02,-4.000000000000000083e-02,1.000000000000000888e-02,-2.449999999999999956e-01,5.999999999999999778e-02,7.299999999999999822e-01,-8.000000000000000167e-02,-5.000000000000000278e-02,4.000000000000000083e-02
2.770000,-1.682812499999999933e-01,0.000000000000000000e+00,7.594907452582463359e-01,9.999218760172473575e-01,0.000000000000000000e+00,-1.249967448170978719e-02,0.000000000000000000e+00,-3.432825338973305440e-01,0.000000000000000000e+00,0.000000000000000000e+00,6.692179332040106843e-01,-3.319353993066800901e-01,0.000000000000000000e+00,-5.709477202457837741e-01,0.000000000000000000e+00,0.000000000000000000e+00,8.960244690406802270e-01,1.892325120510363057e-02,0.000000000000000000e+00,7.499999999999999722e-02,0.000000000000000000e+00,-5.500000000000000028e-02,3.900000000000000133e-01,1.950000000000000067e-01,5.999999999999999778e-02,7.299999999999999822e-01,-8.000000000000000167e-02,5.000000000000000278e-02,-4.000000000000000083e-02,1.000000000000000888e-02,-2.449999999999999956e-01,5.999999999999999778e-02,7.299999999999999822e-01,-8.000000000000000167e-02,-5.000000000000000278e-02,4.000000000000000083e-02
2.780000,-1.695703722276257763e-01,0.000000000000000000e+00,7.594907452582463359e-01,9.999218760172473575e-01,0.000000000000000000e+00,-1.249967448170978719e-02,0.000000000000000000e+00,-3.454216963323562539e-01,0.000000000000000000e+00,0.000000000000000000e+00,6.690184708871346198e-01,-3.295967745547783156e-01,0.000000000000000000e+00,-5.692402076892520979e-01,0.000000000000000000e+00,0.000000000000000000e+00,8.972855321268301543e-01,1.595467556242191609e-02,0.000000000000000000e+00,7.499999999999999722e-02,0.000000000000000000e+00,-5.500000000000000028e-02,3.900000000000000133e-01,1.950000000000000067e-01,5.999999999999999778e-02,7.299999999999999822e-01,-8.000000000000000167e-02,5.000000000000000278e-02,-4.000000000000000083e-02,1.000000000000000888e-02,-2.449999999999999956e-01,5.999999999999999778e-02,7.299999999999999822e-01,-8.000000000000000167e-02,-5.000000000000000278e-02,4.000000000000000083e-02
2.790000,-1.709545216305233539e-01,0.000000000000000000e+00,7.594907452582463359e-01,9.999218760172473575e-01,0.000000000000000000e+00,-1.249967448170978719e-02,0.000000000000000000e+00,-3.477025854365496382e-01,0.000000000000000000e+00,0.000000000000000000e+00,6.687721646587195812e-01,-3.270695792221698928e-01,0.000000000000000000e+00,-5.673921155695490492e-01,0.000000000000000000e+00,0.000000000000000000e+00,8.986127187778444325e-01,1.277939679170458920e-02,0.000000000000000000e+00,7.499999999999999722e-02,0.000000000000000000e+00,-5.500000000000000028e-02,3.900000000000000133e-01,1.950000000000000067e-01,5.999999999999999778e-02,7.299999999999999822e-01,-8.000000000000000167e-02,5.000000000000000278e-02,-4.000000000000000083e-02,1.000000000000000888e-02,-2.449999999999999956e-01,5.999999999999999778e-02,7.299999999999999822e-01,-8.000000000000000167e-02,-5.000000000000000278e-02,4.000000000000000083e-02
2.800000,-1.724308293018240457e-01,0.000000000000000000e+00,7.594907452582463359e-01,9.999218760172473575e-01,0.000000000000000000e+00,-1.249967448170978719e-02,0.000000000000000000e+00,-3.501170756712297383e-01,0.000000000000000000e+00,0.000000000000000000e+00,6.684727436754399621e-01,-3.243556680042101736e-01,0.000000000000000000e+00,-5.654042682650375351e-01,0.000000000000000000e+00,0.000000000000000000e+00,8.999977443883919737e-01,9.406523876645644933e-03,0.000000000000000000e+00,7.499999999999999722e-02,0.000000000000000000e+00,-5.500000000000000028e-02,3.900000000000000133e-01,1.950000000000000067e-01,5.999999999999999778e-02,7.299999999999999822e-01,-8.000000000000000167e-02,5.000000000000000278e-02,-4.000000000000000083e-02,1.000000000000000888e-02,-2.449999999999999956e-01,5.999999999999999778e-02,7.299999999999999822e-01,-8.000000000000000167e-02,-5.000000000000000278e-02,4.000000000000000083e-02
2.810000,-1.739958320846746731e-01,0.000000000000000000e+00,7.594907452582463359e-01,9.999218760172473575e-01,0.000000000000000000e+00,-1.249967448170978719e-02,0.000000000000000000e+00,-3.526559817643379890e-01,0.000000000000000000e+00,0.000000000000000000e+00,6.681139044811350569e-01,-3.214579227167970177e-01,0.000000000000000000e+00,-5.632782594464540438e-01,0.000000000000000000e+00,0.000000000000000000e+00,9.014316904196154612e-01,5.846569026838666083e-03,0.000000000000000000e+00,7.499999999999999722e-02,0.000000000000000000e+00,-5.500000000000000028e-02,3.900000000000000133e-01,1.950000000000000067e-01,5.999999999999999778e-02,7.299999999999999822e-01,-8.000000000000000167e-02,5.000000000000000278e-02,-4.000000000000000083e-02,1.000000000000000888e-02,-2.449999999999999956e-01,5.999999999999999778e-02,7.299999999999999822e-01,-8.000000000000000167e-02,-5.000000000000000278e-02,4.000000000000000083e-02
2.820000,-1.756455121889034521e-01,0.000000000000000000e+00,7.594907452582463359e-01,9.999218760172473575e-01,0.000000000000000000e+00,-1.249967448170978719e-02,0.000000000000000000e+00,-3.553091837237317696e-01,0.000000000000000000e+00,0.000000000000000000e+00,6.676894260465725539e-01,-3.183802423228407341e-01,0.000000000000000000e+00,-5.610164588032134914e-01,0.000000000000000000e+00,0.000000000000000000e+00,9.029051492571565918e-01,2.111309546056872044e-03,0.000000000000000000e+00,7.499999999999999722e-02,0.000000000000000000e+00,-5.500000000000000028e-02,3.900000000000000133e-01,1.950000000000000067e-01,5.999999999999999778e-02,7.299999999999999822e-01,-8.000000000000000167e-02,5.000000000000000278e-02,-4.000000000000000083e-02,1.000000000000000888e-02,-2.449999999999999956e-01,5.999999999999999778e-02,7.299999999999999822e-01,-8.000000000000000167e-02,-5.000000000000000278e-02,4.000000000000000083e-02
2.830000,-1.773753368076856074e-01,0.000000000000000000e+00,7.594907452582463359e-01,9.999218760172473575e-01,0.000000000000000000e+00,-1.249967448170978719e-02,0.000000000000000000e+00,-3.580657542404543370e-01,0.000000000000000000e+00,0.000000000000000000e+00,6.671932887806384382e-01,-3.151275345401840511e-01,0.000000000000000000e+00,-5.586220194249403859e-01,0.000000000000000000e+00,0.000000000000000000e+00,9.044083708974115510e-01,-1.786351472471192636e-03,0.000000000000000000e+00,7.499999999999999722e-02,0.000000000000000000e+00,-5.500000000000000028e-02,3.900000000000000133e-01,1.950000000000000067e-01,5.999999999999999778e-02,7.299999999999999822e-01,-8.000000000000000167e-02,5.000000000000000278e-02,-4.000000000000000083e-02,1.000000000000000888e-02,-2.449999999999999956e-01,5.999999999999999778e-02,7.299999999999999822e-01,-8.000000000000000167e-02,-5.000000000000000278e-02,4.000000000000000083e-02
2.840000,-1.791802977342084324e-01,0.000000000000000000e+00,7.594907452582463359e-01,9.999218760172473575e-01,0.000000000000000000e+00,-1.249967448170978719e-02,0.000000000000000000e+00,-3.609140874033632818e-01,0.000000000000000000e+00,0.000000000000000000e+00,6.666197952085977096e-01,-3.117057078052343777e-01,0.000000000000000000e+00,-5.560988845471358522e-01,0.000000000000000000e+00,0.000000000000000000e+00,9.059314092388647266e-01,-5.832524691728901978e-03,0.000000000000000000e+00,7.499999999999999722e-02,0.000000000000000000e+00,-5.500000000000000028e-02,3.900000000000000133e-01,1.950000000000000067e-01,5.999999999999999778e-02,7.299999999999999822e-01,-8.000000000000000167e-02,5.000000000000000278e-02,-4.000000000000000083e-02,1.000000000000000888e-02,-2.449999999999999956e-01,5.999999999999999778e-02,7.299999999999999822e-01,-8.000000000000000167e-02,-5.000000000000000278e-02,4.000000000000000083e-02
2.850000,-1.810549509783379030e-01,0.000000000000000000e+00,7.594907452582463359e-01,9.999218760172473575e-01,0.000000000000000000e+00,-1.249967448170978719e-02,0.000000000000000000e+00,-3.638420276532614017e-01,0.000000000000000000e+00,0.000000000000000000e+00,6.659636900602267096e-01,-3.081216624069652577e-01,0.000000000000000000e+00,-5.534517924274627854e-01,0.000000000000000000e+00,0.000000000000000000e+00,9.074642658396004924e-01,-1.001247341213773456e-02,0.000000000000000000e+00,7.499999999999999722e-02,0.000000000000000000e+00,-5.500000000000000028e-02,3.900000000000000133e-01,1.950000000000000067e-01,5.999999999999999778e-02,7.299999999999999822e-01,-8.000000000000000167e-02,5.000000000000000278e-02,-4.000000000000000083e-02,1.000000000000000888e-02,-2.449999999999999956e-01,5.999999999999999778e-02,7.299999999999999822e-01,-8.000000000000000167e-02,-5.000000000000000278e-02,4.000000000000000083e-02
2.860000,-1.829934563832835703e-01,0.000000000000000000e+00,7.594907452582463359e-01,9.999218760172473575e-01,0.000000000000000000e+00,-1.249967448170978719e-02,0.000000000000000000e+00,-3.668369979244301970e-01,0.000000000000000000e+00,0.000000000000000000e+00,6.652202775897575471e-01,-3.043832796653272998e-01,0.000000000000000000e+00,-5.506862782002351908e-01,0.000000000000000000e+00,0.000000000000000000e+00,9.089970291229926280e-01,-1.431075092275746474e-02,0.000000000000000000e+00,7.499999999999999722e-02,0.000000000000000000e+00,-5.500000000000000028e-02,3.900000000000000133e-01,1.950000000000000067e-01,5.999999999999999778e-02,7.299999999999999822e-01,-8.000000000000000167e-02,5.000000000000000278e-02,-4.000000000000000083e-02,1.000000000000000888e-02,-2.449999999999999956e-01,5.999999999999999778e-02,7.299999999999999822e-01,-8.000000000000000167e-02,-5.000000000000000278e-02,4.000000000000000083e-02
2.870000,-1.849896172422645924e-01,0.000000000000000000e+00,7.594907452582463359e-01,9.999218760172473575e-01,0.000000000000000000e+00,-1.249967448170978719e-02,0.000000000000000000e+00,-3.698861259515063837e-01,0.000000000000000000e+00,0.000000000000000000e+00,6.643855340536051202e-01,-3.004994081020986862e-01,0.000000000000000000e+00,-5.478086716567656111e-01,0.000000000000000000e+00,0.000000000000000000e+00,9.105200071636572190e-01,-1.871133550689152436e-02,0.000000000000000000e+00,7.499999999999999722e-02,0.000000000000000000e+00,-5.500000000000000028e-02,3.900000000000000133e-01,1.950000000000000067e-01,5.999999999999999778e-02,7.299999999999999822e-01,-8.000000000000000167e-02,5.000000000000000278e-02,-4.000000000000000083e-02,1.000000000000000888e-02,-2.449999999999999956e-01,5.999999999999999778e-02,7.299999999999999822e-01,-8.000000000000000167e-02,-5.000000000000000278e-02,4.000000000000000083e-02
2.880000,-1.870369199151745709e-01,0.000000000000000000e+00,7.594907452582463359e-01,9.999218760172473575e-01,0.000000000000000000e+00,-1.249967448170978719e-02,0.000000000000000000e+00,-3.729763677576455883e-01,0.000000000000000000e+00,0.000000000000000000e+00,6.634562133944340578e-01,-2.964798456367884194e-01,0.000000000000000000e+00,-5.448260900139400009e-01,0.000000000000000000e+00,0.000000000000000000e+00,9.120238523580643797e-01,-2.319776234412440630e-02,0.000000000000000000e+00,7.499999999999999722e-02,0.000000000000000000e+00,-5.500000000000000028e-02,3.900000000000000133e-01,1.950000000000000067e-01,5.999999999999999778e-02,7.299999999999999822e-01,-8.000000000000000167e-02,5.000000000000000278e-02,-4.000000000000000083e-02,1.000000000000000888e-02,-2.449999999999999956e-01,5.999999999999999778e-02,7.299999999999999822e-01,-8.000000000000000167e-02,-5.000000000000000278e-02,4.000000000000000083e-02
2.890000,-1.891285734452483047e-01,0.000000000000000000e+00,7.594907452582463359e-01,9.999218760172473575e-01,0.000000000000000000e+00,-1.249967448170978719e-02,0.000000000000000000e+00,-3.760946273839876897e-01,0.000000000000000000e+00,0.000000000000000000e+00,6.624299443155156064e-01,-2.923353169315278666e-01,0.000000000000000000e+00,-5.417464248585431852e-01,0.000000000000000000e+00,0.000000000000000000e+00,9.134996764724426788e-01,-2.775325161389952111e-02,0.000000000000000000e+00,7.499999999999999722e-02,0.000000000000000000e+00,-5.500000000000000028e-02,3.900000000000000133e-01,1.950000000000000067e-01,5.999999999999999778e-02,7.299999999999999822e-01,-8.000000000000000167e-02,5.000000000000000278e-02,-4.000000000000000083e-02,1.000000000000000888e-02,-2.449999999999999956e-01,5.999999999999999778e-02,7.299999999999999822e-01,-8.000000000000000167e-02,-5.000000000000000278e-02,4.000000000000000083e-02
2.900000,-1.912575491757267654e-01,0.000000000000000000e+00,7.594907452582463359e-01,9.999218760172473575e-01,0.000000000000000000e+00,-1.249967448170978719e-02,0.000000000000000000e+00,-3.792278719692007694e-01,0.000000000000000000e+00,0.000000000000000000e+00,6.613053170729508157e-01,-2.880774451037499961e-01,0.000000000000000000e+00,-5.385783225867313284e-01,0.000000000000000000e+00,0.000000000000000000e+00,9.149391547593747065e-01,-3.236083217264329459e-02,0.000000000000000000e+00,7.499999999999999722e-02,0.000000000000000000e+00,-5.500000000000000028e-02,3.900000000000000133e-01,1.950000000000000067e-01,5.999999999999999778e-02,7.299999999999999822e-01,-8.000000000000000167e-02,5.000000000000000278e-02,-4.000000000000000083e-02,1.000000000000000888e-02,-2.449999999999999956e-01,5.999999999999999778e-02,7.299999999999999822e-01,-8.000000000000000167e-02,-5.000000000000000278e-02,4.000000000000000083e-02
2.910000,-1.934166203665228789e-01,0.000000000000000000e+00,7.594907452582463359e-01,9.999218760172473575e-01,0.000000000000000000e+00,-1.249967448170978719e-02,0.000000000000000000e+00,-3.823632413404430830e-01,0.000000000000000000e+00,0.000000000000000000e+00,6.600819584614836533e-01,-2.837187171210405201e-01,0.000000000000000000e+00,-5.353311577931942900e-01,0.000000000000000000e+00,0.000000000000000000e+00,9.163346180392027973e-01,-3.700346024600842387e-02,0.000000000000000000e+00,7.499999999999999722e-02,0.000000000000000000e+00,-5.500000000000000028e-02,3.900000000000000133e-01,1.950000000000000067e-01,5.999999999999999778e-02,7.299999999999999822e-01,-8.000000000000000167e-02,5.000000000000000278e-02,-4.000000000000000083e-02,1.000000000000000888e-02,-2.449999999999999956e-01,5.999999999999999778e-02,7.299999999999999822e-01,-8.000000000000000167e-02,-5.000000000000000278e-02,4.000000000000000083e-02
2.920000,-1.955984018108865852e-01,0.000000000000000000e+00,7.594907452582463359e-01,9.999218760172473575e-01,0.000000000000000000e+00,-1.249967448170978719e-02,0.000000000000000000e+00,-3.854881513330774556e-01,0.000000000000000000e+00,0.000000000000000000e+00,6.587605936198707157e-01,-2.792724422867932099e-01,0.000000000000000000e+00,-5.320149992000846595e-01,0.000000000000000000e+00,0.000000000000000000e+00,9.176791318494150751e-01,-4.166413264933033211e-02,0.000000000000000000e+00,7.499999999999999722e-02,0.000000000000000000e+00,-5.500000000000000028e-02,3.900000000000000133e-01,1.950000000000000067e-01,5.999999999999999778e-02,7.299999999999999822e-01,-8.000000000000000167e-02,5.000000000000000278e-02,-4.000000000000000083e-02,1.000000000000000888e-02,-2.449999999999999956e-01,5.999999999999999778e-02,7.299999999999999822e-01,-8.000000000000000167e-02,-5.000000000000000278e-02,4.000000000000000083e-02
2.930000,-1.977953894520715350e-01,0.000000000000000000e+00,7.594907452582463359e-01,9.999218760172473575e-01,0.000000000000000000e+00,-1.249967448170978719e-02,0.000000000000000000e+00,-3.885903901159863394e-01,0.000000000000000000e+00,0.000000000000000000e+00,6.573430934326858210e-01,-2.747527033166994315e-01,0.000000000000000000e+00,-5.286405678492293037e-01,0.000000000000000000e+00,0.000000000000000000e+00,9.189665619718240253e-01,-4.632599412259474914e-02,0.000000000000000000e+00,7.499999999999999722e-02,0.000000000000000000e+00,-5.500000000000000028e-02,3.900000000000000133e-01,1.950000000000000067e-01,5.999999999999999778e-02,7.299999999999999822e-01,-8.000000000000000167e-02,5.000000000000000278e-02,-4.000000000000000083e-02,1.000000000000000888e-02,-2.449999999999999956e-01,5.999999999999999778e-02,7.299999999999999822e-01,-8.000000000000000167e-02,-5.000000000000000278e-02,4.000000000000000083e-02
2.940000,-1.999999999999999001e-01,0.000000000000000000e+00,7.594907452582463359e-01,9.999218760172473575e-01,0.000000000000000000e+00,-1.249967448170978719e-02,0.000000000000000000e+00,-3.916582068628909896e-01,0.000000000000000000e+00,0.000000000000000000e+00,6.558325064567969154e-01,-2.701742995939058756e-01,0.000000000000000000e+00,-5.252191874104679137e-01,0.000000000000000000e+00,0.000000000000000000e+00,9.201916258515332459e-01,-5.097243844106524868e-02,0.000000000000000000e+00,7.499999999999999722e-02,0.000000000000000000e+00,-5.500000000000000028e-02,3.900000000000000133e-01,1.950000000000000067e-01,5.999999999999999778e-02,7.299999999999999822e-01,-8.000000000000000167e-02,5.000000000000000278e-02,-4.000000000000000083e-02,1.000000000000000888e-02,-2.449999999999999956e-01,5.999999999999999778e-02,7.299999999999999822e-01,-8.000000000000000167e-02,-5.000000000000000278e-02,4.000000000000000083e-02
2.950000,-2.022046105479284872e-01,0.000000000000000000e+00,7.594907452582463359e-01,9.999218760172473575e-01,0.000000000000000000e+00,-1.249967448170978719e-02,0.000000000000000000e+00,-3.946803921786060654e-01,0.000000000000000000e+00,0.000000000000000000e+00,6.542330744533092490e-01,-2.655526822747031335e-01,0.000000000000000000e+00,-5.217627265826245697e-01,0.000000000000000000e+00,0.000000000000000000e+00,9.213499296221598911e-01,-5.558720303953523789e-02,0.000000000000000000e+00,7.499999999999999722e-02,0.000000000000000000e+00,-5.500000000000000028e-02,3.900000000000000133e-01,1.950000000000000067e-01,5.999999999999999778e-02,7.299999999999999822e-01,-8.000000000000000167e-02,5.000000000000000278e-02,-4.000000000000000083e-02,1.000000000000000888e-02,-2.449999999999999956e-01,5.999999999999999778e-02,7.299999999999999822e-01,-8.000000000000000167e-02,-5.000000000000000278e-02,4.000000000000000083e-02
2.960000,-2.044015981891134370e-01,0.000000000000000000e+00,7.594907452582463359e-01,9.999218760172473575e-01,0.000000000000000000e+00,-1.249967448170978719e-02,0.000000000000000000e+00,-3.976463497638673683e-01,0.000000000000000000e+00,0.000000000000000000e+00,6.525502307613179065e-01,-2.609038809974504880e-01,0.000000000000000000e+00,-5.182835336804090254e-01,0.000000000000000000e+00,0.000000000000000000e+00,9.224379906476465329e-01,-6.015445696723742408e-02,0.000000000000000000e+00,7.499999999999999722e-02,0.000000000000000000e+00,-5.500000000000000028e-02,3.900000000000000133e-01,1.950000000000000067e-01,5.999999999999999778e-02,7.299999999999999822e-01,-8.000000000000000167e-02,5.000000000000000278e-02,-4.000000000000000083e-02,1.000000000000000888e-02,-2.449999999999999956e-01,5.999999999999999778e-02,7.299999999999999822e-01,-8.000000000000000167e-02,-5.000000000000000278e-02,4.000000000000000083e-02
2.970000,-2.065833796334771433e-01,0.000000000000000000e+00,7.594907452582463359e-01,9.999218760172473575e-01,0.000000000000000000e+00,-1.249967448170978719e-02,0.000000000000000000e+00,-4.005461588846970233e-01,0.000000000000000000e+00,0.000000000000000000e+00,6.507905809108317507e-01,-2.562444220261346772e-01,0.000000000000000000e+00,-5.147943636096752318e-01,0.000000000000000000e+00,0.000000000000000000e+00,9.234532456818987933e-01,-6.465888207222347805e-02,0.000000000000000000e+00,7.499999999999999722e-02,0.000000000000000000e+00,-5.500000000000000028e-02,3.900000000000000133e-01,1.950000000000000067e-01,5.999999999999999778e-02,7.299999999999999822e-01,-8.000000000000000167e-02,5.000000000000000278e-02,-4.000000000000000083e-02,1.000000000000000888e-02,-2.449999999999999956e-01,5.999999999999999778e-02,7.299999999999999822e-01,-8.000000000000000167e-02,-5.000000000000000278e-02,4.000000000000000083e-02
2.980000,-2.087424508242730625e-01,0.000000000000000000e+00,7.594907452582463359e-01,9.999218760172473575e-01,0.000000000000000000e+00,-1.249967448170978719e-02,0.000000000000000000e+00,-4.033706273038107915e-01,0.000000000000000000e+00,0.000000000000000000e+00,6.489618650419731738e-01,-2.515912377381623322e-01,0.000000000000000000e+00,-5.113082975344169778e-01,0.000000000000000000e+00,0.000000000000000000e+00,9.243940449331987663e-01,-6.908574739878170501e-02,0.000000000000000000e+00,7.499999999999999722e-02,0.000000000000000000e+00,-5.500000000000000028e-02,3.900000000000000133e-01,1.950000000000000067e-01,5.999999999999999778e-02,7.299999999999999822e-01,-8.000000000000000167e-02,5.000000000000000278e-02,-4.000000000000000083e-02,1.000000000000000888e-02,-2.449999999999999956e-01,5.999999999999999778e-02,7.299999999999999822e-01,-8.000000000000000167e-02,-5.000000000000000278e-02,4.000000000000000083e-02
2.990000,-2.108714265547517175e-01,0.000000000000000000e+00,7.594907452582463359e-01,9.999218760172473575e-01,0.000000000000000000e+00,-1.249967448170978719e-02,0.000000000000000000e+00,-4.061113344339390974e-01,0.000000000000000000e+00,0.000000000000000000e+00,6.470729018795955412e-01,-2.469615674456563936e-01,0.000000000000000000e+00,-5.078386556313779776e-01,0.000000000000000000e+00,0.000000000000000000e+00,9.252596325007621525e-01,-7.342097686938420242e-02,0.000000000000000000e+00,7.499999999999999722e-02,0.000000000000000000e+00,-5.500000000000000028e-02,3.900000000000000133e-01,1.950000000000000067e-01,5.999999999999999778e-02,7.299999999999999822e-01,-8.000000000000000167e-02,5.000000000000000278e-02,-4.000000000000000083e-02,1.000000000000000888e-02,-2.449999999999999956e-01,5.999999999999999778e-02,7.299999999999999822e-01,-8.000000000000000167e-02,-5.000000000000000278e-02,4.000000000000000083e-02
3.000000,-2.129630800848254513e-01,0.000000000000000000e+00,7.594907452582463359e-01,9.999218760172473575e-01,0.000000000000000000e+00,-1.249967448170978719e-02,0.000000000000000000e+00,-4.087606645875997424e-01,0.000000000000000000e+00,0.000000000000000000e+00,6.451335142105187881e-01,-2.423728496229189955e-01,0.000000000000000000e+00,-5.043989034121771908e-01,0.000000000000000000e+00,0.000000000000000000e+00,9.260501138258363518e-01,-7.765121041365907750e-02,0.000000000000000000e+00,7.499999999999999722e-02,0.000000000000000000e+00,-5.500000000000000028e-02,3.900000000000000133e-01,1.950000000000000067e-01,5.999999999999999778e-02,7.299999999999999822e-01,-8.000000000000000167e-02,5.000000000000000278e-02,-4.000000000000000083e-02,1.000000000000000888e-02,-2.449999999999999956e-01,5.999999999999999778e-02,7.299999999999999822e-01,-8.000000000000000167e-02,-5.000000000000000278e-02,4.000000000000000083e-02
3.010000,-2.150103827577354576e-01,0.000000000000000000e+00,7.594907452582463359e-01,9.999218760172473575e-01,0.000000000000000000e+00,-1.249967448170978719e-02,0.000000000000000000e+00,-4.113118303261136810e-01,0.000000000000000000e+00,0.000000000000000000e+00,6.431544360282599460e-01,-2.378426057021462148e-01,0.000000000000000000e+00,-5.010025521684358107e-01,0.000000000000000000e+00,0.000000000000000000e+00,9.267664109690444407e-01,-8.176385880060854650e-02,0.000000000000000000e+00,7.499999999999999722e-02,0.000000000000000000e+00,-5.500000000000000028e-02,3.900000000000000133e-01,1.950000000000000067e-01,5.999999999999999778e-02,7.299999999999999822e-01,-8.000000000000000167e-02,5.000000000000000278e-02,-4.000000000000000083e-02,1.000000000000000888e-02,-2.449999999999999956e-01,5.999999999999999778e-02,7.299999999999999822e-01,-8.000000000000000167e-02,-5.000000000000000278e-02,4.000000000000000083e-02
3.020000,-2.170065436167162576e-01,0.000000000000000000e+00,7.594907452582463359e-01,9.999218760172473575e-01,0.000000000000000000e+00,-1.249967448170978719e-02,0.000000000000000000e+00,-4.137588860532723234e-01,0.000000000000000000e+00,0.000000000000000000e+00,6.411472017503887511e-01,-2.333883156971163775e-01,0.000000000000000000e+00,-4.976630541627689031e-01,0.000000000000000000e+00,0.000000000000000000e+00,9.274102066887858209e-01,-8.574715252601683435e-02,0.000000000000000000e+00,7.499999999999999722e-02,0.000000000000000000e+00,-5.500000000000000028e-02,3.900000000000000133e-01,1.950000000000000067e-01,5.999999999999999778e-02,7.299999999999999822e-01,-8.000000000000000167e-02,5.000000000000000278e-02,-4.000000000000000083e-02,1.000000000000000888e-02,-2.449999999999999956e-01,5.999999999999999778e-02,7.299999999999999822e-01,-8.000000000000000167e-02,-5.000000000000000278e-02,4.000000000000000083e-02
3.030000,-2.189450490216621192e-01,0.000000000000000000e+00,7.594907452582463359e-01,9.999218760172473575e-01,0.000000000000000000e+00,-1.249967448170978719e-02,0.000000000000000000e+00,-4.160967321563074917e-01,0.000000000000000000e+00,0.000000000000000000e+00,6.391240181784575425e-01,-2.290272860221500006e-01,0.000000000000000000e+00,-4.943936932477900337e-01,0.000000000000000000e+00,0.000000000000000000e+00,9.279838784515086481e-01,-8.959018520371864192e-02,0.000000000000000000e+00,7.499999999999999722e-02,0.000000000000000000e+00,-5.500000000000000028e-02,3.900000000000000133e-01,1.950000000000000067e-01,5.999999999999999778e-02,7.299999999999999822e-01,-8.000000000000000167e-02,5.000000000000000278e-02,-4.000000000000000083e-02,1.000000000000000888e-02,-2.449999999999999956e-01,5.999999999999999778e-02,7.299999999999999822e-01,-8.000000000000000167e-02,-5.000000000000000278e-02,4.000000000000000083e-02
3.040000,-2.208197022657915620e-01,0.000000000000000000e+00,7.594907452582463359e-01,9.999218760172473575e-01,0.000000000000000000e+00,-1.249967448170978719e-02,0.000000000000000000e+00,-4.183211101680318067e-01,0.000000000000000000e+00,0.000000000000000000e+00,6.370976201604021671e-01,-2.247765099923703103e-01,0.000000000000000000e+00,-4.912074716467078050e-01,0.000000000000000000e+00,0.000000000000000000e+00,9.284904236523485732e-01,-9.328295200564074019e-02,0.000000000000000000e+00,7.499999999999999722e-02,0.000000000000000000e+00,-5.500000000000000028e-02,3.900000000000000133e-01,1.950000000000000067e-01,5.999999999999999778e-02,7.299999999999999822e-01,-8.000000000000000167e-02,5.000000000000000278e-02,-4.000000000000000083e-02,1.000000000000000888e-02,-2.449999999999999956e-01,5.999999999999999778e-02,7.299999999999999822e-01,-8.000000000000000167e-02,-5.000000000000000278e-02,4.000000000000000083e-02
3.050000,-2.226246631923144426e-01,0.000000000000000000e+00,7.594907452582463359e-01,9.999218760172473575e-01,0.000000000000000000e+00,-1.249967448170978719e-02,0.000000000000000000e+00,-4.204285896076212503e-01,0.000000000000000000e+00,0.000000000000000000e+00,6.350811112289267424e-01,-2.206525216213054419e-01,0.000000000000000000e+00,-4.881169936726962311e-01,0.000000000000000000e+00,0.000000000000000000e+00,9.289333774622561268e-01,-9.681638378955992330e-02,0.000000000000000000e+00,7.499999999999999722e-02,0.000000000000000000e+00,-5.500000000000000028e-02,3.900000000000000133e-01,1.950000000000000067e-01,5.999999999999999778e-02,7.299999999999999822e-01,-8.000000000000000167e-02,5.000000000000000278e-02,-4.000000000000000083e-02,1.000000000000000888e-02,-2.449999999999999956e-01,5.999999999999999778e-02,7.299999999999999822e-01,-8.000000000000000167e-02,-5.000000000000000278e-02,4.000000000000000083e-02
3.060000,-2.243544878110964036e-01,0.000000000000000000e+00,7.594907452582463359e-01,9.999218760172473575e-01,0.000000000000000000e+00,-1.249967448170978719e-02,0.000000000000000000e+00,-4.224165473506220625e-01,0.000000000000000000e+00,0.000000000000000000e+00,6.330877908229174400e-01,-2.166712434722953273e-01,0.000000000000000000e+00,-4.851343472000017032e-01,0.000000000000000000e+00,0.000000000000000000e+00,9.293167248432150362e-01,-1.001823776432133606e-01,0.000000000000000000e+00,7.499999999999999722e-02,0.000000000000000000e+00,-5.500000000000000028e-02,3.900000000000000133e-01,1.950000000000000067e-01,5.999999999999999778e-02,7.299999999999999822e-01,-8.000000000000000167e-02,5.000000000000000278e-02,-4.000000000000000083e-02,1.000000000000000888e-02,-2.449999999999999956e-01,5.999999999999999778e-02,7.299999999999999822e-01,-8.000000000000000167e-02,-5.000000000000000278e-02,4.000000000000000083e-02
3.070000,-2.260041679153253491e-01,0.000000000000000000e+00,7.594907452582463359e-01,9.999218760172473575e-01,0.000000000000000000e+00,-1.249967448170978719e-02,0.000000000000000000e+00,-4.242831405772032327e-01,0.000000000000000000e+00,0.000000000000000000e+00,6.311309700457349292e-01,-2.128478294685316463e-01,0.000000000000000000e+00,-4.822709837274437583e-01,0.000000000000000000e+00,0.000000000000000000e+00,9.296448083838217968e-01,-1.033738246563780105e-01,0.000000000000000000e+00,7.499999999999999722e-02,0.000000000000000000e+00,-5.500000000000000028e-02,3.900000000000000133e-01,1.950000000000000067e-01,5.999999999999999778e-02,7.299999999999999822e-01,-8.000000000000000167e-02,5.000000000000000278e-02,-4.000000000000000083e-02,1.000000000000000888e-02,-2.449999999999999956e-01,5.999999999999999778e-02,7.299999999999999822e-01,-8.000000000000000167e-02,-5.000000000000000278e-02,4.000000000000000083e-02
3.080000,-2.275691706981760043e-01,0.000000000000000000e+00,7.594907452582463359e-01,9.999218760172473575e-01,0.000000000000000000e+00,-1.249967448170978719e-02,0.000000000000000000e+00,-4.260272745456837873e-01,0.000000000000000000e+00,0.000000000000000000e+00,6.292237782646745714e-01,-2.091965037189907339e-01,0.000000000000000000e+00,-4.795375978942335027e-01,0.000000000000000000e+00,0.000000000000000000e+00,9.299222337003818506e-01,-1.063846358061483199e-01,0.000000000000000000e+00,7.499999999999999722e-02,0.000000000000000000e+00,-5.500000000000000028e-02,3.900000000000000133e-01,1.950000000000000067e-01,5.999999999999999778e-02,7.299999999999999822e-01,-8.000000000000000167e-02,5.000000000000000278e-02,-4.000000000000000083e-02,1.000000000000000888e-02,-2.449999999999999956e-01,5.999999999999999778e-02,7.299999999999999822e-01,-8.000000000000000167e-02,-5.000000000000000278e-02,4.000000000000000083e-02
3.090000,-2.290454783694766405e-01,0.000000000000000000e+00,7.594907452582463359e-01,9.999218760172473575e-01,0.000000000000000000e+00,-1.249967448170978719e-02,0.000000000000000000e+00,-4.276485666288119547e-01,0.000000000000000000e+00,0.000000000000000000e+00,6.273789631971922187e-01,-2.057303965683802138e-01,0.000000000000000000e+00,-4.769440073181820394e-01,0.000000000000000000e+00,0.000000000000000000e+00,9.301537742202861114e-01,-1.092097669021040440e-01,0.000000000000000000e+00,7.499999999999999722e-02,0.000000000000000000e+00,-5.500000000000000028e-02,3.900000000000000133e-01,1.950000000000000067e-01,5.999999999999999778e-02,7.299999999999999822e-01,-8.000000000000000167e-02,5.000000000000000278e-02,-4.000000000000000083e-02,1.000000000000000888e-02,-2.449999999999999956e-01,5.999999999999999778e-02,7.299999999999999822e-01,-8.000000000000000167e-02,-5.000000000000000278e-02,4.000000000000000083e-02
3.100000,-2.304296277723742181e-01,0.000000000000000000e+00,7.594907452582463359e-01,9.999218760172473575e-01,0.000000000000000000e+00,-1.249967448170978719e-02,0.000000000000000000e+00,-4.291473082244713355e-01,0.000000000000000000e+00,0.000000000000000000e+00,6.256086874457963409e-01,-2.024613792213249552e-01,0.000000000000000000e+00,-4.744990336266088904e-01,0.000000000000000000e+00,0.000000000000000000e+00,9.303442772110667169e-01,-1.118452435844577986e-01,0.000000000000000000e+00,7.499999999999999722e-02,0.000000000000000000e+00,-5.500000000000000028e-02,3.900000000000000133e-01,1.950000000000000067e-01,5.999999999999999778e-02,7.299999999999999822e-01,-8.000000000000000167e-02,5.000000000000000278e-02,-4.000000000000000083e-02,1.000000000000000888e-02,-2.449999999999999956e-01,5.999999999999999778e-02,7.299999999999999822e-01,-8.000000000000000167e-02,-5.000000000000000278e-02,4.000000000000000083e-02
3.110000,-2.317187499999999734e-01,0.000000000000000000e+00,7.594907452582463359e-01,9.999218760172473575e-01,0.000000000000000000e+00,-1.249967448170978719e-02,0.000000000000000000e+00,-4.305244263007447225e-01,0.000000000000000000e+00,0.000000000000000000e+00,6.239243247164926176e-01,-1.993998984157478449e-01,0.000000000000000000e+00,-4.722103855394629845e-01,0.000000000000000000e+00,0.000000000000000000e+00,9.304985729361753277e-01,-1.142881873967123152e-01,0.000000000000000000e+00,7.499999999999999722e-02,0.000000000000000000e+00,-5.500000000000000028e-02,3.900000000000000133e-01,1.950000000000000067e-01,5.999999999999999778e-02,7.299999999999999822e-01,-8.000000000000000167e-02,5.000000000000000278e-02,-4.000000000000000083e-02,1.000000000000000888e-02,-2.449999999999999956e-01,5.999999999999999778e-02,7.299999999999999822e-01,-8.000000000000000167e-02,-5.000000000000000278e-02,4.000000000000000083e-02
3.120000,-2.329106100121350886e-01,0.000000000000000000e+00,7.594907452582463359e-01,9.999218760172473575e-01,0.000000000000000000e+00,-1.249967448170978719e-02,0.000000000000000000e+00,-4.317814464469663105e-01,0.000000000000000000e+00,0.000000000000000000e+00,6.223362591650672959e-01,-1.965548127181009352e-01,0.000000000000000000e+00,-4.700845448410725935e-01,0.000000000000000000e+00,0.000000000000000000e+00,9.306213888030338000e-01,-1.165368439619611785e-01,0.000000000000000000e+00,7.499999999999999722e-02,0.000000000000000000e+00,-5.500000000000000028e-02,3.900000000000000133e-01,1.950000000000000067e-01,5.999999999999999778e-02,7.299999999999999822e-01,-8.000000000000000167e-02,5.000000000000000278e-02,-4.000000000000000083e-02,1.000000000000000888e-02,-2.449999999999999956e-01,5.999999999999999778e-02,7.299999999999999822e-01,-8.000000000000000167e-02,-5.000000000000000278e-02,4.000000000000000083e-02
3.130000,-2.340036462518760851e-01,0.000000000000000000e+00,7.594907452582463359e-01,9.999218760172473575e-01,0.000000000000000000e+00,-1.249967448170978719e-02,0.000000000000000000e+00,-4.329204593667221879e-01,0.000000000000000000e+00,0.000000000000000000e+00,6.208536914402779106e-01,-1.939332320735556725e-01,0.000000000000000000e+00,-4.681266560400469401e-01,0.000000000000000000e+00,0.000000000000000000e+00,9.307172703161339378e-01,-1.185906142760869697e-01,0.000000000000000000e+00,7.499999999999999722e-02,0.000000000000000000e+00,-5.500000000000000028e-02,3.900000000000000133e-01,1.950000000000000067e-01,5.999999999999999778e-02,7.299999999999999822e-01,-8.000000000000000167e-02,5.000000000000000278e-02,-4.000000000000000083e-02,1.000000000000000888e-02,-2.449999999999999956e-01,5.999999999999999778e-02,7.299999999999999822e-01,-8.000000000000000167e-02,-5.000000000000000278e-02,4.000000000000000083e-02
3.140000,-2.349970102623010204e-01,0.000000000000000000e+00,7.594907452582463359e-01,9.999218760172473575e-01,0.000000000000000000e+00,-1.249967448170978719e-02,0.000000000000000000e+00,-4.339440927552485894e-01,0.000000000000000000e+00,0.000000000000000000e+00,6.194844550125706562e-01,-1.915403622573220166e-01,0.000000000000000000e+00,-4.663404204644880369e-01,0.000000000000000000e+00,0.000000000000000000e+00,9.307905105537586099e-01,-1.204500900892705451e-01,0.000000000000000000e+00,7.499999999999999722e-02,0.000000000000000000e+00,-5.500000000000000028e-02,3.900000000000000133e-01,1.950000000000000067e-01,5.999999999999999778e-02,7.299999999999999822e-01,-8.000000000000000167e-02,5.000000000000000278e-02,-4.000000000000000083e-02,1.000000000000000888e-02,-2.449999999999999956e-01,5.999999999999999778e-02,7.299999999999999822e-01,-8.000000000000000167e-02,-5.000000000000000278e-02,4.000000000000000083e-02
3.150000,-2.358906063031347422e-01,0.000000000000000000e+00,7.594907452582463359e-01,9.999218760172473575e-01,0.000000000000000000e+00,-1.249967448170978719e-02,0.000000000000000000e+00,-4.348554904429742241e-01,0.000000000000000000e+00,0.000000000000000000e+00,6.182348462726144911e-01,-1.893793558296402169e-01,0.000000000000000000e+00,-4.647279954700853644e-01,0.000000000000000000e+00,0.000000000000000000e+00,9.308450897473788954e-01,-1.221170942772934476e-01,0.000000000000000000e+00,7.499999999999999722e-02,0.000000000000000000e+00,-5.500000000000000028e-02,3.900000000000000133e-01,1.950000000000000067e-01,5.999999999999999778e-02,7.299999999999999822e-01,-8.000000000000000167e-02,5.000000000000000278e-02,-4.000000000000000083e-02,1.000000000000000888e-02,-2.449999999999999956e-01,5.999999999999999778e-02,7.299999999999999822e-01,-8.000000000000000167e-02,-5.000000000000000278e-02,4.000000000000000083e-02
3.160000,-2.366851309674143367e-01,0.000000000000000000e+00,7.594907452582463359e-01,9.999218760172473575e-01,0.000000000000000000e+00,-1.249967448170978719e-02,0.000000000000000000e+00,-4.356583005514506612e-01,0.000000000000000000e+00,0.000000000000000000e+00,6.171094716402747427e-01,-1.874511710888240312e-01,0.000000000000000000e+00,-4.632898993498770213e-01,0.000000000000000000e+00,0.000000000000000000e+00,9.308846263542195354e-01,-1.235947270043424862e-01,0.000000000000000000e+00,7.499999999999999722e-02,0.000000000000000000e+00,-5.500000000000000028e-02,3.900000000000000133e-01,1.950000000000000067e-01,5.999999999999999778e-02,7.299999999999999822e-01,-8.000000000000000167e-02,5.000000000000000278e-02,-4.000000000000000083e-02,1.000000000000000888e-02,-2.449999999999999956e-01,5.999999999999999778e-02,7.299999999999999822e-01,-8.000000000000000167e-02,-5.000000000000000278e-02,4.000000000000000083e-02
3.170000,-2.373821127981550205e-01,0.000000000000000000e+00,7.594907452582463359e-01,9.999218760172473575e-01,0.000000000000000000e+00,-1.249967448170978719e-02,0.000000000000000000e+00,-4.363566741925359316e-01,0.000000000000000000e+00,0.000000000000000000e+00,6.161111145310478321e-01,-1.857544403385118503e-01,0.000000000000000000e+00,-4.620249224245596142e-01,0.000000000000000000e+00,0.000000000000000000e+00,9.309123407725825583e-01,-1.248874183480228606e-01,0.000000000000000000e+00,7.499999999999999722e-02,0.000000000000000000e+00,-5.500000000000000028e-02,3.900000000000000133e-01,1.950000000000000067e-01,5.999999999999999778e-02,7.299999999999999822e-01,-8.000000000000000167e-02,5.000000000000000278e-02,-4.000000000000000083e-02,1.000000000000000888e-02,-2.449999999999999956e-01,5.999999999999999778e-02,7.299999999999999822e-01,-8.000000000000000167e-02,-5.000000000000000278e-02,4.000000000000000083e-02
3.180000,-2.379839519050158114e-01,0.000000000000000000e+00,7.594907452582463359e-01,9.999218760172473575e-01,0.000000000000000000e+00,-1.249967448170978719e-02,0.000000000000000000e+00,-4.369552759442503764e-01,0.000000000000000000e+00,0.000000000000000000e+00,6.152406244783245048e-01,-1.842853485340740782e-01,0.000000000000000000e+00,-4.609300446590934852e-01,0.000000000000000000e+00,0.000000000000000000e+00,9.309310325532440533e-01,-1.260009878941505956e-01,0.000000000000000000e+00,7.499999999999999722e-02,0.000000000000000000e+00,-5.500000000000000028e-02,3.900000000000000133e-01,1.950000000000000067e-01,5.999999999999999778e-02,7.299999999999999822e-01,-8.000000000000000167e-02,5.000000000000000278e-02,-4.000000000000000083e-02,1.000000000000000888e-02,-2.449999999999999956e-01,5.999999999999999778e-02,7.299999999999999822e-01,-8.000000000000000167e-02,-5.000000000000000278e-02,4.000000000000000083e-02
3.190000,-2.384939595809648649e-01,0.000000000000000000e+00,7.594907452582463359e-01,9.999218760172473575e-01,0.000000000000000000e+00,-1.249967448170978719e-02,0.000000000000000000e+00,-4.374593069582463079e-01,0.000000000000000000e+00,0.000000000000000000e+00,6.144968300073320178e-01,-1.830375230490856597e-01,0.000000000000000000e+00,-4.600003599929261000e-01,0.000000000000000000e+00,0.000000000000000000e+00,9.309430716060105304e-01,-1.269427116130843469e-01,0.000000000000000000e+00,7.499999999999999722e-02,0.000000000000000000e+00,-5.500000000000000028e-02,3.900000000000000133e-01,1.950000000000000067e-01,5.999999999999999778e-02,7.299999999999999822e-01,-8.000000000000000167e-02,5.000000000000000278e-02,-4.000000000000000083e-02,1.000000000000000888e-02,-2.449999999999999956e-01,5.999999999999999778e-02,7.299999999999999822e-01,-8.000000000000000167e-02,-5.000000000000000278e-02,4.000000000000000083e-02
3.200000,-2.389163979189453668e-01,0.000000000000000000e+00,7.594907452582463359e-01,9.999218760172473575e-01,0.000000000000000000e+00,-1.249967448170978719e-02,0.000000000000000000e+00,-4.378745410984972164e-01,0.000000000000000000e+00,0.000000000000000000e+00,6.138764760074791882e-01,-1.820019349089819216e-01,0.000000000000000000e+00,-4.592290073852657861e-01,0.000000000000000000e+00,0.000000000000000000e+00,9.309504034859996668e-01,-1.277213961007338527e-01,0.000000000000000000e+00,7.499999999999999722e-02,0.000000000000000000e+00,-5.500000000000000028e-02,3.900000000000000133e-01,1.950000000000000067e-01,5.999999999999999778e-02,7.299999999999999822e-01,-8.000000000000000167e-02,5.000000000000000278e-02,-4.000000000000000083e-02,1.000000000000000888e-02,-2.449999999999999956e-01,5.999999999999999778e-02,7.299999999999999822e-01,-8.000000000000000167e-02,-5.000000000000000278e-02,4.000000000000000083e-02
3.210000,-2.392565194285409813e-01,0.000000000000000000e+00,7.594907452582463359e-01,9.999218760172473575e-01,0.000000000000000000e+00,-1.249967448170978719e-02,0.000000000000000000e+00,-4.382073739855129046e-01,0.000000000000000000e+00,0.000000000000000000e+00,6.133741853666980770e-01,-1.811668113811851222e-01,0.000000000000000000e+00,-4.586071083613465493e-01,0.000000000000000000e+00,0.000000000000000000e+00,9.309545683674340655e-01,-1.283474600060874327e-01,0.000000000000000000e+00,7.499999999999999722e-02,0.000000000000000000e+00,-5.500000000000000028e-02,3.900000000000000133e-01,1.950000000000000067e-01,5.999999999999999778e-02,7.299999999999999822e-01,-8.000000000000000167e-02,5.000000000000000278e-02,-4.000000000000000083e-02,1.000000000000000888e-02,-2.449999999999999956e-01,5.999999999999999778e-02,7.299999999999999822e-01,-8.000000000000000167e-02,-5.000000000000000278e-02,4.000000000000000083e-02
3.220000,-2.395206066526418265e-01,0.000000000000000000e+00,7.594907452582463359e-01,9.999218760172473575e-01,0.000000000000000000e+00,-1.249967448170978719e-02,0.000000000000000000e+00,-4.384648842340737041e-01,0.000000000000000000e+00,0.000000000000000000e+00,6.129824435308249830e-01,-1.805175592967512288e-01,0.000000000000000000e+00,-4.581237105982994273e-01,0.000000000000000000e+00,0.000000000000000000e+00,9.309567327718011320e-01,-1.288330221735016767e-01,0.000000000000000000e+00,7.499999999999999722e-02,0.000000000000000000e+00,-5.500000000000000028e-02,3.900000000000000133e-01,1.950000000000000067e-01,5.999999999999999778e-02,7.299999999999999822e-01,-8.000000000000000167e-02,5.000000000000000278e-02,-4.000000000000000083e-02,1.000000000000000888e-02,-2.449999999999999956e-01,5.999999999999999778e-02,7.299999999999999822e-01,-8.000000000000000167e-02,-5.000000000000000278e-02,4.000000000000000083e-02
3.230000,-2.397160117841092286e-01,0.000000000000000000e+00,7.594907452582463359e-01,9.999218760172473575e-01,0.000000000000000000e+00,-1.249967448170978719e-02,0.000000000000000000e+00,-4.386549055350565940e-01,0.000000000000000000e+00,0.000000000000000000e+00,6.126916034516209919e-01,-1.800366979165643477e-01,0.000000000000000000e+00,-4.577657368079167122e-01,0.000000000000000000e+00,0.000000000000000000e+00,9.309577325103702838e-01,-1.291919957024535437e-01,0.000000000000000000e+00,7.499999999999999722e-02,0.000000000000000000e+00,-5.500000000000000028e-02,3.900000000000000133e-01,1.950000000000000067e-01,5.999999999999999778e-02,7.299999999999999822e-01,-8.000000000000000167e-02,5.000000000000000278e-02,-4.000000000000000083e-02,1.000000000000000888e-02,-2.449999999999999956e-01,5.999999999999999778e-02,7.299999999999999822e-01,-8.000000000000000167e-02,-5.000000000000000278e-02,4.000000000000000083e-02
3.240000,-2.398511962824425303e-01,0.000000000000000000e+00,7.594907452582463359e-01,9.999218760172473575e-01,0.000000000000000000e+00,-1.249967448170978719e-02,0.000000000000000000e+00,-4.387861075530639088e-01,0.000000000000000000e+00,0.000000000000000000e+00,6.124899071067710921e-01,-1.797037995537071331e-01,0.000000000000000000e+00,-4.575179378560617072e-01,0.000000000000000000e+00,0.000000000000000000e+00,9.309581246264413412e-01,-1.294401867703796061e-01,0.000000000000000000e+00,7.499999999999999722e-02,0.000000000000000000e+00,-5.500000000000000028e-02,3.900000000000000133e-01,1.950000000000000067e-01,5.999999999999999778e-02,7.299999999999999822e-01,-8.000000000000000167e-02,5.000000000000000278e-02,-4.000000000000000083e-02,1.000000000000000888e-02,-2.449999999999999956e-01,5.999999999999999778e-02,7.299999999999999822e-01,-8.000000000000000167e-02,-5.000000000000000278e-02,4.000000000000000083e-02
3.250000,-2.399357704904438449e-01,0.000000000000000000e+00,7.594907452582463359e-01,9.999218760172473575e-01,0.000000000000000000e+00,-1.249967448170978719e-02,0.000000000000000000e+00,-4.388680828992905791e-01,0.000000000000000000e+00,0.000000000000000000e+00,6.123635184291867928e-01,-1.794954355298961635e-01,0.000000000000000000e+00,-4.573628487027077694e-01,0.000000000000000000e+00,0.000000000000000000e+00,9.309582453782916378e-01,-1.295953966755838405e-01,0.000000000000000000e+00,7.499999999999999722e-02,0.000000000000000000e+00,-5.500000000000000028e-02,3.900000000000000133e-01,1.950000000000000067e-01,5.999999999999999778e-02,7.299999999999999822e-01,-8.000000000000000167e-02,5.000000000000000278e-02,-4.000000000000000083e-02,1.000000000000000888e-02,-2.449999999999999956e-01,5.999999999999999778e-02,7.299999999999999822e-01,-8.000000000000000167e-02,-5.000000000000000278e-02,4.000000000000000083e-02
3.260000,-2.399805332508837818e-01,0.000000000000000000e+00,7.594907452582463359e-01,9.999218760172473575e-01,0.000000000000000000e+00,-1.249967448170978719e-02,0.000000000000000000e+00,-4.389114366983845605e-01,0.000000000000000000e+00,0.000000000000000000e+00,6.122965610804538272e-01,-1.793851243820692165e-01,0.000000000000000000e+00,-4.572807453506850806e-01,0.000000000000000000e+00,0.000000000000000000e+00,9.309582704874057590e-01,-1.296775251367205950e-01,0.000000000000000000e+00,7.499999999999999722e-02,0.000000000000000000e+00,-5.500000000000000028e-02,3.900000000000000133e-01,1.950000000000000067e-01,5.999999999999999778e-02,7.299999999999999822e-01,-8.000000000000000167e-02,5.000000000000000278e-02,-4.000000000000000083e-02,1.000000000000000888e-02,-2.449999999999999956e-01,5.999999999999999778e-02,7.299999999999999822e-01,-8.000000000000000167e-02,-5.000000000000000278e-02,4.000000000000000083e-02
3.270000,-2.399975115231674505e-01,0.000000000000000000e+00,7.594907452582463359e-01,9.999218760172473575e-01,0.000000000000000000e+00,-1.249967448170978719e-02,0.000000000000000000e+00,-4.389278744995084858e-01,0.000000000000000000e+00,0.000000000000000000e+00,6.122711530453883721e-01,-1.793432785458798362e-01,0.000000000000000000e+00,-4.572496005536993979e-01,0.000000000000000000e+00,0.000000000000000000e+00,9.309582729856787919e-01,-1.297086724319793660e-01,0.000000000000000000e+00,7.499999999999999722e-02,0.000000000000000000e+00,-5.500000000000000028e-02,3.900000000000000133e-01,1.950000000000000067e-01,5.999999999999999778e-02,7.299999999999999822e-01,-8.000000000000000167e-02,5.000000000000000278e-02,-4.000000000000000083e-02,1.000000000000000888e-02,-2.449999999999999956e-01,5.999999999999999778e-02,7.299999999999999822e-01,-8.000000000000000167e-02,-5.000000000000000278e-02,4.000000000000000083e-02
3.280000,-2.399999999999999911e-01,0.000000000000000000e+00,7.594907452582463359e-01,9.999218760172473575e-01,0.000000000000000000e+00,-1.249967448170978719e-02,0.000000000000000000e+00,-4.389302834803130438e-01,0.000000000000000000e+00,0.000000000000000000e+00,6.122674285019926721e-01,-1.793371450216795782e-01,0.000000000000000000e+00,-4.572450355541490263e-01,0.000000000000000000e+00,0.000000000000000000e+00,9.309582730271812601e-01,-1.297132374730322057e-01,0.000000000000000000e+00,7.499999999999999722e-02,0.000000000000000000e+00,-5.500000000000000028e-02,3.900000000000000133e-01,1.950000000000000067e-01,5.999999999999999778e-02,7.299999999999999822e-01,-8.000000000000000167e-02,5.000000000000000278e-02,-4.000000000000000083e-02,1.000000000000000888e-02,-2.449999999999999956e-01,5.999999999999999778e-02,7.299999999999999822e-01,-8.000000000000000167e-02,-5.000000000000000278e-02,4.000000000000000083e-02
3.290000,-2.399999999999999911e-01,0.000000000000000000e+00,7.594907452582463359e-01,9.999218760172473575e-01,0.000000000000000000e+00,-1.249967448170978893e-02,0.000000000000000000e+00,-4.390804342711054908e-01,0.000000000000000000e+00,0.000000000000000000e+00,6.125601608211004301e-01,-1.791730302239863404e-01,0.000000000000000000e+00,-4.571478197237122121e-01,0.000000000000000000e+00,0.000000000000000000e+00,9.307597666172332529e-01,-1.299186432195295060e-01,0.000000000000000000e+00,7.486855871742491286e-02,0.000000000000000000e+00,-5.500000000000000028e-02,3.896670154174764478e-01,1.950438137608583589e-01,5.989484697393992335e-02,7.299999999999999822e-01,-7.985979596525323576e-02,4.991237247828327755e-02,-3.992989798262661788e-02,1.033298458252357443e-02,-2.449561862391416434e-01,5.989484697393992335e-02,7.299999999999999822e-01,-7.985979596525323576e-02,-4.991237247828327755e-02,3.992989798262661788e-02
3.300000,-2.399999999999999911e-01,0.000000000000000000e+00,7.594907452582463359e-01,9.999218760172473575e-01,0.000000000000000000e+00,-1.249967448170978546e-02,0.000000000000000000e+00,-4.400469144582833669e-01,0.000000000000000000e+00,0.000000000000000000e+00,6.144442444736550879e-01,-1.781132709284986015e-01,0.000000000000000000e+00,-4.565205734815258043e-01,0.000000000000000000e+00,0.000000000000000000e+00,9.294789934044834778e-01,-1.312424790098306593e-01,0.000000000000000000e+00,7.402111753419725326e-02,0.000000000000000000e+00,-5.500000000000000028e-02,3.875201644199663953e-01,1.953262941552675880e-01,5.921689402735780261e-02,7.299999999999999822e-01,-7.895585870314374144e-02,4.934741168946484013e-02,-3.947792935157187072e-02,1.247983558003362692e-02,-2.446737058447324142e-01,5.921689402735780261e-02,7.299999999999999822e-01,-7.895585870314374144e-02,-4.934741168946484013e-02,3.947792935157187072e-02
3.310000,-2.399999999999999911e-01,0.000000000000000000e+00,7.594907452582463359e-01,9.999218760172473575e-01,0.000000000000000000e+00,-1.249967448170978372e-02,0.000000000000000000e+00,-4.424178516852238507e-01,0.000000000000000000e+00,0.000000000000000000e+00,6.190650755301327912e-01,-1.754886219113601098e-01,0.000000000000000000e+00,-4.549708333935084670e-01,0.000000000000000000e+00,0.000000000000000000e+00,9.263146550546835778e-01,-1.345024235947238633e-01,0.000000000000000000e+00,7.193202774276480360e-02,0.000000000000000000e+00,-5.500000000000000028e-02,3.822278036150041913e-01,1.960226574190783999e-01,5.754562219421183872e-02,7.299999999999999822e-01,-7.672749625894913217e-02,4.795468516184320240e-02,-3.836374812947456608e-02,1.777219638499583088e-02,-2.439773425809216023e-01,5.754562219421183872e-02,7.299999999999999822e-01,-7.672749625894913217e-02,-4.795468516184320240e-02,3.836374812947456608e-02
3.320000,-2.399999999999999911e-01,0.000000000000000000e+00,7.594907452582463359e-01,9.999218760172473575e-01,0.000000000000000000e+00,-1.249967448170978719e-02,0.000000000000000000e+00,-4.465414642859337757e-01,0.000000000000000000e+00,0.000000000000000000e+00,6.270979094997076730e-01,-1.708396846845001149e-01,0.000000000000000000e+00,-4.522379090641440169e-01,0.000000000000000000e+00,0.000000000000000000e+00,9.207346850744891897e-01,-1.402135365396188771e-01,0.000000000000000000e+00,6.826424548745411991e-02,0.000000000000000000e+00,-5.500000000000000028e-02,3.729360885682171389e-01,1.972452515041819565e-01,5.461139638996329038e-02,7.299999999999999822e-01,-7.281519518661772050e-02,4.550949699163608225e-02,-3.640759759330886025e-02,2.706391143178291103e-02,-2.427547484958180457e-01,5.461139638996329038e-02,7.299999999999999822e-01,-7.281519518661772050e-02,-4.550949699163608225e-02,3.640759759330886025e-02
3.330000,-2.399999999999999911e-01,0.000000000000000000e+00,7.594907452582463359e-01,9.999218760172473575e-01,0.000000000000000000e+00,-1.249967448170978893e-02,0.000000000000000000e+00,-4.525430416359670360e-01,0.000000000000000000e+00,0.000000000000000000e+00,6.387802265039457250e-01,-1.638833947642224786e-01,0.000000000000000000e+00,-4.481738108468811821e-01,0.000000000000000000e+00,0.000000000000000000e+00,9.124373743636617906e-01,-1.486173536205367407e-01,0.000000000000000000e+00,6.284837566981878176e-02,0.000000000000000000e+00,-5.500000000000000028e-02,3.592158850302076267e-01,1.990505414433937359e-01,5.027870053585502264e-02,7.299999999999999822e-01,-6.703826738114003481e-02,4.189891711321252349e-02,-3.351913369057001740e-02,4.078411496979242323e-02,-2.409494585566062663e-01,5.027870053585502264e-02,7.299999999999999822e-01,-6.703826738114003481e-02,-4.189891711321252349e-02,3.351913369057001740e-02
3.340000,-2.399999999999999911e-01,0.000000000000000000e+00,7.594907452582463359e-01,9.999218760172473575e-01,0.000000000000000000e+00,-1.249967448170979066e-02,0.000000000000000000e+00,-4.603547469825719496e-01,0.000000000000000000e+00,0.000000000000000000e+00,6.539703082481410634e-01,-1.544928982581988408e-01,0.000000000000000000e+00,-4.427267079270645334e-01,0.000000000000000000e+00,0.000000000000000000e+00,9.013176028686243901e-01,-1.597135579489300516e-01,0.000000000000000000e+00,5.566171585398418248e-02,0.000000000000000000e+00,-5.500000000000000028e-02,3.410096801634265873e-01,2.014460947153386139e-01,4.452937268318734459e-02,7.299999999999999822e-01,-5.937249691091646409e-02,3.710781056932279526e-02,-2.968624845545823204e-02,5.899031983657340716e-02,-2.385539052846613883e-01,4.452937268318734459e-02,7.299999999999999822e-01,-5.937249691091646409e-02,-3.710781056932279526e-02,2.968624845545823204e-02
3.350000,-2.399999999999999911e-01,0.000000000000000000e+00,7.594907452582463359e-01,9.999218760172473575e-01,0.000000000000000000e+00,-1.249967448170979066e-02,0.000000000000000000e+00,-4.697568471940348767e-01,0.000000000000000000e+00,0.000000000000000000e+00,6.722292095173264537e-01,-1.426893960579476150e-01,0.000000000000000000e+00,-4.359273683983109771e-01,0.000000000000000000e+00,0.000000000000000000e+00,8.874390916626815340e-01,-1.732946895297144962e-01,0.000000000000000000e+00,4.680730017199546261e-02,0.000000000000000000e+00,-5.500000000000000028e-02,3.185784937690551710e-01,2.043975666093348353e-01,3.744584013759637287e-02,7.299999999999999822e-01,-4.992778685012849715e-02,3.120486678133031072e-02,-2.496389342506424858e-02,8.142150623094483730e-02,-2.356024333906651669e-01,3.744584013759637287e-02,7.299999999999999822e-01,-4.992778685012849715e-02,-3.120486678133031072e-02,2.496389342506424858e-02
3.360000,-2.399999999999999911e-01,0.000000000000000000e+00,7.594907452582463359e-01,9.999218760172473575e-01,0.000000000000000000e+00,-1.249967448170979066e-02,0.000000000000000000e+00,-4.804240926600561457e-01,0.000000000000000000e+00,0.000000000000000000e+00,6.929133397630125035e-01,-1.286394479710055716e-01,0.000000000000000000e+00,-4.278783866082755960e-01,0.000000000000000000e+00,0.000000000000000000e+00,8.710122882218825913e-01,-1.889837007455577034e-01,0.000000000000000000e+00,3.649294322916396549e-02,0.000000000000000000e+00,-5.500000000000000028e-02,2.924487895138820903e-01,2.078356855902786793e-01,2.919435458333117031e-02,7.299999999999999822e-01,-3.892580611110823402e-02,2.432862881944264366e-02,-1.946290305555411701e-02,1.075512104861179596e-01,-2.321643144097213229e-01,2.919435458333117031e-02,7.299999999999999822e-01,-3.892580611110823402e-02,-2.432862881944264366e-02,1.946290305555411701e-02
3.370000,-2.399999999999999911e-01,0.000000000000000000e+00,7.594907452582463359e-01,9.999218760172473575e-01,0.000000000000000000e+00,-1.249967448170979066e-02,0.000000000000000000e+00,-4.919700455099166314e-01,0.000000000000000000e+00,0.000000000000000000e+00,7.152629624177526679e-01,-1.126502462631329138e-01,0.000000000000000000e+00,-4.187456560232488689e-01,0.000000000000000000e+00,0.000000000000000000e+00,8.523767993129702791e-01,-2.062738139344245658e-01,0.000000000000000000e+00,2.501028400941293986e-02,0.000000000000000000e+00,-5.500000000000000028e-02,2.633593861571794648e-01,2.116632386635290131e-01,2.000822720753035050e-02,7.299999999999999822e-01,-2.667763627670713400e-02,1.667352267294195875e-02,-1.333881813835356700e-02,1.366406138428205574e-01,-2.283367613364709892e-01,2.000822720753035050e-02,7.299999999999999822e-01,-2.667763627670713400e-02,-1.667352267294195875e-02,1.333881813835356700e-02
3.380000,-2.399999999999999911e-01,0.000000000000000000e+00,7.594907452582463359e-01,9.999218760172473575e-01,0.000000000000000000e+00,-1.249967448170978546e-02,0.000000000000000000e+00,-5.039842985239217921e-01,0.000000000000000000e+00,0.000000000000000000e+00,7.384762634347346033e-01,-9.515756773227934673e-02,0.000000000000000000e+00,-4.087513255930471101e-01,0.000000000000000000e+00,0.000000000000000000e+00,8.319868407016463019e-01,-2.245699122871326336e-01,0.000000000000000000e+00,1.271382978062852651e-02,0.000000000000000000e+00,-5.500000000000000028e-02,2.322083687775922667e-01,2.157620567397904865e-01,1.017106382450282120e-02,7.299999999999999822e-01,-1.356141843267042943e-02,8.475886520419018827e-03,-6.780709216335214715e-03,1.677916312224077555e-01,-2.242379432602095157e-01,1.017106382450282120e-02,7.299999999999999822e-01,-1.356141843267042943e-02,-8.475886520419018827e-03,6.780709216335214715e-03
3.390000,-2.399999999999999911e-01,0.000000000000000000e+00,7.594907452582463359e-01,9.999218760172473575e-01,0.000000000000000000e+00,-1.249967448170978893e-02,0.000000000000000000e+00,-5.160606899815958215e-01,0.000000000000000000e+00,0.000000000000000000e+00,7.617650652719053506e-01,-7.670437529031015611e-02,0.000000000000000000e+00,-3.981672730538168281e-01,0.000000000000000000e+00,0.000000000000000000e+00,8.103977560555047921e-01,-2.432304830016872588e-01,0.000000000000000000e+00,2.914335439641035919e-16,0.000000000000000000e+00,-5.500000000000000028e-02,2.000000000000007605e-01,2.199999999999999178e-01,2.331468351712828833e-16,7.299999999999999822e-01,-3.108624468950438609e-16,1.942890293094023946e-16,-1.554312234475219305e-16,1.999999999999992617e-01,-2.200000000000000844e-01,2.331468351712828833e-16,7.299999999999999822e-01,-3.108624468950438609e-16,-1.942890293094023946e-16,1.554312234475219305e-16
3.400000,-2.399999999999999911e-01,0.000000000000000000e+00,7.594907452582463359e-01,9.999218760172473575e-01,0.000000000000000000e+00,-1.249967448170978546e-02,0.000000000000000000e+00,-5.278171587104451001e-01,0.000000000000000000e+00,0.000000000000000000e+00,7.843934284453352168e-01,-5.791066691342494632e-02,0.000000000000000000e+00,-3.873078834834132178e-01,0.000000000000000000e+00,0.000000000000000000e+00,7.882511555600199005e-01,-2.616088748980718304e-01,0.000000000000000000e+00,-1.271382978062792803e-02,0.000000000000000000e+00,-5.500000000000000028e-02,1.677916312224092543e-01,2.242379432602093214e-01,-1.017106382450234242e-02,7.299999999999999822e-01,1.356141843266978932e-02,-8.475886520418618106e-03,6.780709216334894658e-03,2.322083687775907679e-01,-2.157620567397906808e-01,-1.017106382450234242e-02,7.299999999999999822e-01,1.356141843266978932e-02,8.475886520418618106e-03,-6.780709216334894658e-03
3.410000,-2.399999999999999911e-01,0.000000000000000000e+00,7.594907452582463359e-01,9.999218760172473575e-01,0.000000000000000000e+00,-1.249967448170979066e-02,0.000000000000000000e+00,-5.389092168779029413e-01,0.000000000000000000e+00,0.000000000000000000e+00,8.057031068377237260e-01,-3.943656060452271905e-02,0.000000000000000000e+00,-3.765206374102790798e-01,0.000000000000000000e+00,0.000000000000000000e+00,7.662556423306793318e-01,-2.790923342756982395e-01,0.000000000000000000e+00,-2.501028400941342905e-02,0.000000000000000000e+00,-5.500000000000000028e-02,1.366406138428193362e-01,2.283367613364711557e-01,-2.000822720753074255e-02,7.299999999999999822e-01,2.667763627670766136e-02,-1.667352267294228835e-02,1.333881813835383068e-02,2.633593861571806860e-01,-2.116632386635288465e-01,-2.000822720753074255e-02,7.299999999999999822e-01,2.667763627670766136e-02,1.667352267294228835e-02,-1.333881813835383068e-02
3.420000,-2.399999999999999911e-01,0.000000000000000000e+00,7.594907452582463359e-01,9.999218760172473575e-01,0.000000000000000000e+00,-1.249967448170979066e-02,0.000000000000000000e+00,-5.490393423737283118e-01,0.000000000000000000e+00,0.000000000000000000e+00,8.251305046337843452e-01,-2.194096139200796269e-02,0.000000000000000000e+00,-3.661727688709885964e-01,0.000000000000000000e+00,0.000000000000000000e+00,7.451595931043795140e-01,-2.951370251014389656e-01,0.000000000000000000e+00,-3.649294322916346589e-02,0.000000000000000000e+00,-5.500000000000000028e-02,1.075512104861192364e-01,2.321643144097211564e-01,-2.919435458333077132e-02,7.299999999999999822e-01,3.892580611110769973e-02,-2.432862881944231059e-02,1.946290305555384986e-02,2.924487895138807581e-01,-2.078356855902788458e-01,-2.919435458333077132e-02,7.299999999999999822e-01,3.892580611110769973e-02,2.432862881944231059e-02,-1.946290305555384986e-02
3.430000,-2.399999999999999911e-01,0.000000000000000000e+00,7.594907452582463359e-01,9.999218760172473575e-01,0.000000000000000000e+00,-1.249967448170978893e-02,0.000000000000000000e+00,-5.579643570417988085e-01,0.000000000000000000e+00,0.000000000000000000e+00,8.422193333077165889e-01,-6.037942531262663337e-03,0.000000000000000000e+00,-3.566322309969021664e-01,0.000000000000000000e+00,0.000000000000000000e+00,7.257124074233025635e-01,-3.092972101610554914e-01,0.000000000000000000e+00,-4.680730017199504628e-02,0.000000000000000000e+00,-5.500000000000000028e-02,8.142150623094589201e-02,2.356024333906650281e-01,-3.744584013759603980e-02,7.299999999999999822e-01,4.992778685012805306e-02,-3.120486678133003317e-02,2.496389342506402653e-02,3.185784937690541163e-01,-2.043975666093349741e-01,-3.744584013759603980e-02,7.299999999999999822e-01,4.992778685012805306e-02,3.120486678133003317e-02,-2.496389342506402653e-02
3.440000,-2.399999999999999911e-01,0.000000000000000000e+00,7.594907452582463359e-01,9.999218760172473575e-01,0.000000000000000000e+00,-1.249967448170979066e-02,0.000000000000000000e+00,-5.655024353517464908e-01,0.000000000000000000e+00,0.000000000000000000e+00,8.566323431539826228e-01,7.747429190392618459e-03,0.000000000000000000e+00,-3.482416812646275117e-01,0.000000000000000000e+00,0.000000000000000000e+00,7.086115986315982829e-01,-3.212472543595994434e-01,0.000000000000000000e+00,-5.566171585398374533e-02,0.000000000000000000e+00,-5.500000000000000028e-02,5.899031983657451739e-02,2.385539052846612496e-01,-4.452937268318699765e-02,7.299999999999999822e-01,5.937249691091599918e-02,-3.710781056932249689e-02,2.968624845545799959e-02,3.410096801634254771e-01,-2.014460947153387527e-01,-4.452937268318699765e-02,7.299999999999999822e-01,5.937249691091599918e-02,3.710781056932249689e-02,-2.968624845545799959e-02
3.450000,-2.399999999999999911e-01,0.000000000000000000e+00,7.594907452582463359e-01,9.999218760172473575e-01,0.000000000000000000e+00,-1.249967448170978719e-02,0.000000000000000000e+00,-5.715409891786064067e-01,0.000000000000000000e+00,0.000000000000000000e+00,8.681647249702648672e-01,1.902247410458590693e-02,0.000000000000000000e+00,-3.412854391595500081e-01,0.000000000000000000e+00,0.000000000000000000e+00,6.944356171227238361e-01,-3.307963878594180618e-01,0.000000000000000000e+00,-6.284837566981897605e-02,0.000000000000000000e+00,-5.500000000000000028e-02,4.078411496979192363e-02,2.409494585566063218e-01,-5.027870053585518223e-02,7.299999999999999822e-01,6.703826738114024297e-02,-4.189891711321265533e-02,3.351913369057012149e-02,3.592158850302080708e-01,-1.990505414433936804e-01,-5.027870053585518223e-02,7.299999999999999822e-01,6.703826738114024297e-02,4.189891711321265533e-02,-3.351913369057012149e-02
3.460000,-2.399999999999999911e-01,0.000000000000000000e+00,7.594907452582463359e-01,9.999218760172473575e-01,0.000000000000000000e+00,-1.249967448170978893e-02,0.000000000000000000e+00,-5.760463708085719059e-01,0.000000000000000000e+00,0.000000000000000000e+00,8.767611849147336489e-01,2.756842536456505233e-02,0.000000000000000000e+00,-3.359513882616328440e-01,0.000000000000000000e+00,0.000000000000000000e+00,6.835663976263959274e-01,-3.378982488354898006e-01,0.000000000000000000e+00,-6.826424548745432808e-02,0.000000000000000000e+00,-5.500000000000000028e-02,2.706391143178235592e-02,2.427547484958181290e-01,-5.461139638996346385e-02,7.299999999999999822e-01,7.281519518661795642e-02,-4.550949699163622797e-02,3.640759759330897821e-02,3.729360885682176940e-01,-1.972452515041818732e-01,-5.461139638996346385e-02,7.299999999999999822e-01,7.281519518661795642e-02,4.550949699163622797e-02,-3.640759759330897821e-02
3.470000,-2.399999999999999911e-01,0.000000000000000000e+00,7.594907452582463359e-01,9.999218760172473575e-01,0.000000000000000000e+00,-1.249967448170978372e-02,0.000000000000000000e+00,-5.790761134808068977e-01,0.000000000000000000e+00,0.000000000000000000e+00,8.825382524842321219e-01,3.337925906302574575e-02,0.000000000000000000e+00,-3.322920365179087288e-01,0.000000000000000000e+00,0.000000000000000000e+00,6.761101783029564993e-01,-3.426595398514986623e-01,0.000000000000000000e+00,-7.193202774276467870e-02,0.000000000000000000e+00,-5.500000000000000028e-02,1.777219638499613619e-02,2.439773425809215746e-01,-5.754562219421174851e-02,7.299999999999999822e-01,7.672749625894900727e-02,-4.795468516184312607e-02,3.836374812947450363e-02,3.822278036150038583e-01,-1.960226574190784277e-01,-5.754562219421174851e-02,7.299999999999999822e-01,7.672749625894900727e-02,4.795468516184312607e-02,-3.836374812947450363e-02
3.480000,-2.399999999999999911e-01,0.000000000000000000e+00,7.594907452582463359e-01,9.999218760172473575e-01,0.000000000000000000e+00,-1.249967448170978719e-02,0.000000000000000000e+00,-5.807942128607039844e-01,0.000000000000000000e+00,0.000000000000000000e+00,8.858129313378224623e-01,3.669722243600814782e-02,0.000000000000000000e+00,-3.301902185875009166e-01,0.000000000000000000e+00,0.000000000000000000e+00,6.718277237243837074e-01,-3.453534460500093384e-01,0.000000000000000000e+00,-7.402111753419710061e-02,0.000000000000000000e+00,-5.500000000000000028e-02,1.247983558003401550e-02,2.446737058447323587e-01,-5.921689402735768465e-02,7.299999999999999822e-01,7.895585870314357491e-02,-4.934741168946474299e-02,3.947792935157178745e-02,3.875201644199660067e-01,-1.953262941552676435e-01,-5.921689402735768465e-02,7.299999999999999822e-01,7.895585870314357491e-02,4.934741168946474299e-02,-3.947792935157178745e-02
3.490000,-2.399999999999999911e-01,0.000000000000000000e+00,7.594907452582463359e-01,9.999218760172473575e-01,0.000000000000000000e+00,-1.249967448170978893e-02,0.000000000000000000e+00,-5.814896126296316137e-01,0.000000000000000000e+00,0.000000000000000000e+00,8.871380738232482743e-01,3.804484248037498517e-02,0.000000000000000000e+00,-3.293339138727117699e-01,0.000000000000000000e+00,0.000000000000000000e+00,6.700830370865884511e-01,-3.464424268878682489e-01,0.000000000000000000e+00,-7.486855871742496837e-02,0.000000000000000000e+00,-5.500000000000000028e-02,1.033298458252340790e-02,2.449561862391416711e-01,-5.989484697393997886e-02,7.299999999999999822e-01,7.985979596525330515e-02,-4.991237247828331919e-02,3.992989798262665258e-02,3.896670154174766143e-01,-1.950438137608583311e-01,-5.989484697393997886e-02,7.299999999999999822e-01,7.985979596525330515e-02,4.991237247828331919e-02,-3.992989798262665258e-02
3.500000,-2.399999999999999911e-01,0.000000000000000000e+00,7.594907452582463359e-01,9.999218760172473575e-01,0.000000000000000000e+00,-1.249967448170978719e-02,0.000000000000000000e+00,-5.815973920929660146e-01,0.000000000000000000e+00,0.000000000000000000e+00,8.873434420555956770e-01,3.825395003737042110e-02,0.000000000000000000e+00,-3.292009047033100932e-01,0.000000000000000000e+00,0.000000000000000000e+00,6.698120380008112384e-01,-3.466111332975010950e-01,0.000000000000000000e+00,-7.499999999999999722e-02,0.000000000000000000e+00,-5.500000000000000028e-02,1.000000000000000888e-02,2.449999999999999956e-01,-5.999999999999999778e-02,7.299999999999999822e-01,8.000000000000000167e-02,-5.000000000000000278e-02,4.000000000000000083e-02,3.900000000000000133e-01,-1.950000000000000067e-01,-5.999999999999999778e-02,7.299999999999999822e-01,8.000000000000000167e-02,5.000000000000000278e-02,-4.000000000000000083e-02
3.510000,-2.400024884768325040e-01,0.000000000000000000e+00,7.594907452582463359e-01,9.999218760172473575e-01,0.000000000000000000e+00,-1.249967448170978719e-02,0.000000000000000000e+00,-5.815942758976453408e-01,0.000000000000000000e+00,0.000000000000000000e+00,8.873462026926685065e-01,3.824807320497691787e-02,0.000000000000000000e+00,-3.292052240605706781e-01,0.000000000000000000e+00,0.000000000000000000e+00,6.698120379471855790e-01,-3.466068138866148507e-01,0.000000000000000000e+00,-7.499999999999999722e-02,0.000000000000000000e+00,-5.500000000000000028e-02,1.000000000000000888e-02,2.449999999999999956e-01,-5.999999999999999778e-02,7.299999999999999822e-01,8.000000000000000167e-02,-5.000000000000000278e-02,4.000000000000000083e-02,3.900000000000000133e-01,-1.950000000000000067e-01,-5.999999999999999778e-02,7.299999999999999822e-01,8.000000000000000167e-02,5.000000000000000278e-02,-4.000000000000000083e-02
3.520000,-2.400194667491162837e-01,0.000000000000000000e+00,7.594907452582463359e-01,9.999218760172473575e-01,0.000000000000000000e+00,-1.249967448170978719e-02,0.000000000000000000e+00,-5.815730134934538054e-01,0.000000000000000000e+00,0.000000000000000000e+00,8.873650353908423272e-01,3.820797810261156169e-02,0.000000000000000000e+00,-3.292346925799871649e-01,0.000000000000000000e+00,0.000000000000000000e+00,6.698120347191391932e-01,-3.465773421391519782e-01,0.000000000000000000e+00,-7.499999999999999722e-02,0.000000000000000000e+00,-5.500000000000000028e-02,1.000000000000000888e-02,2.449999999999999956e-01,-5.999999999999999778e-02,7.299999999999999822e-01,8.000000000000000167e-02,-5.000000000000000278e-02,4.000000000000000083e-02,3.900000000000000133e-01,-1.950000000000000067e-01,-5.999999999999999778e-02,7.299999999999999822e-01,8.000000000000000167e-02,5.000000000000000278e-02,-4.000000000000000083e-02
3.530000,-2.400642295095562484e-01,0.000000000000000000e+00,7.594907452582463359e-01,9.999218760172473575e-01,0.000000000000000000e+00,-1.249967448170978719e-02,0.000000000000000000e+00,-5.815169443517200776e-01,0.000000000000000000e+00,0.000000000000000000e+00,8.874146667495655949e-01,3.810227760215456616e-02,0.000000000000000000e+00,-3.293123737956390462e-01,0.000000000000000000e+00,0.000000000000000000e+00,6.698120022753756286e-01,-3.464996284797365322e-01,0.000000000000000000e+00,-7.499999999999999722e-02,0.000000000000000000e+00,-5.500000000000000028e-02,1.000000000000000888e-02,2.449999999999999956e-01,-5.999999999999999778e-02,7.299999999999999822e-01,8.000000000000000167e-02,-5.000000000000000278e-02,4.000000000000000083e-02,3.900000000000000133e-01,-1.950000000000000067e-01,-5.999999999999999778e-02,7.299999999999999822e-01,8.000000000000000167e-02,5.000000000000000278e-02,-4.000000000000000083e-02
3.540000,-2.401488037175574519e-01,0.000000000000000000e+00,7.594907452582463359e-01,9.999218760172473575e-01,0.000000000000000000e+00,-1.249967448170978719e-02,0.000000000000000000e+00,-5.814109629645303201e-01,0.000000000000000000e+00,0.000000000000000000e+00,8.875083583185455760e-01,3.790260464598482759e-02,0.000000000000000000e+00,-3.294590972303295118e-01,0.000000000000000000e+00,0.000000000000000000e+00,6.698118462505666670e-01,-3.463527490202371051e-01,0.000000000000000000e+00,-7.499999999999999722e-02,0.000000000000000000e+00,-5.500000000000000028e-02,1.000000000000000888e-02,2.449999999999999956e-01,-5.999999999999999778e-02,7.299999999999999822e-01,8.000000000000000167e-02,-5.000000000000000278e-02,4.000000000000000083e-02,3.900000000000000133e-01,-1.950000000000000067e-01,-5.999999999999999778e-02,7.299999999999999822e-01,8.000000000000000167e-02,5.000000000000000278e-02,-4.000000000000000083e-02
3.550000,-2.402839882158907536e-01,0.000000000000000000e+00,7.594907452582463359e-01,9.999218760172473575e-01,0.000000000000000000e+00,-1.249967448170978719e-02,0.000000000000000000e+00,-5.812414386693650625e-01,0.000000000000000000e+00,0.000000000000000000e+00,8.876578953526111926e-01,3.758354331675384241e-02,0.000000000000000000e+00,-3.296934955548904145e-01,0.000000000000000000e+00,0.000000000000000000e+00,6.698113395929130576e-01,-3.461178440380225929e-01,0.000000000000000000e+00,-7.499999999999999722e-02,0.000000000000000000e+00,-5.500000000000000028e-02,1.000000000000000888e-02,2.449999999999999956e-01,-5.999999999999999778e-02,7.299999999999999822e-01,8.000000000000000167e-02,-5.000000000000000278e-02,4.000000000000000083e-02,3.900000000000000133e-01,-1.950000000000000067e-01,-5.999999999999999778e-02,7.299999999999999822e-01,8.000000000000000167e-02,5.000000000000000278e-02,-4.000000000000000083e-02
3.560000,-2.404793933473582113e-01,0.000000000000000000e+00,7.594907452582463359e-01,9.999218760172473575e-01,0.000000000000000000e+00,-1.249967448170978719e-02,0.000000000000000000e+00,-5.809961306243788259e-01,0.000000000000000000e+00,0.000000000000000000e+00,8.878735667702671863e-01,3.712256385411161208e-02,0.000000000000000000e+00,-3.300320366216808465e-01,0.000000000000000000e+00,0.000000000000000000e+00,6.698100478184937367e-01,-3.457780111968128400e-01,0.000000000000000000e+00,-7.499999999999999722e-02,0.000000000000000000e+00,-5.500000000000000028e-02,1.000000000000000888e-02,2.449999999999999956e-01,-5.999999999999999778e-02,7.299999999999999822e-01,8.000000000000000167e-02,-5.000000000000000278e-02,4.000000000000000083e-02,3.900000000000000133e-01,-1.950000000000000067e-01,-5.999999999999999778e-02,7.299999999999999822e-01,8.000000000000000167e-02,5.000000000000000278e-02,-4.000000000000000083e-02
3.570000,-2.407434805714589454e-01,0.000000000000000000e+00,7.594907452582463359e-01,9.999218760172473575e-01,0.000000000000000000e+00,-1.249967448170978719e-02,0.000000000000000000e+00,-5.806641014730284933e-01,0.000000000000000000e+00,0.000000000000000000e+00,8.881641426664427241e-01,3.649995880658585268e-02,0.000000000000000000e+00,-3.304890539194814680e-01,0.000000000000000000e+00,0.000000000000000000e+00,6.698072511612414015e-01,-3.453181972417598833e-01,0.000000000000000000e+00,-7.499999999999999722e-02,0.000000000000000000e+00,-5.500000000000000028e-02,1.000000000000000888e-02,2.449999999999999956e-01,-5.999999999999999778e-02,7.299999999999999822e-01,8.000000000000000167e-02,-5.000000000000000278e-02,4.000000000000000083e-02,3.900000000000000133e-01,-1.950000000000000067e-01,-5.999999999999999778e-02,7.299999999999999822e-01,8.000000000000000167e-02,5.000000000000000278e-02,-4.000000000000000083e-02
3.580000,-2.410836020810546432e-01,0.000000000000000000e+00,7.594907452582463359e-01,9.999218760172473575e-01,0.000000000000000000e+00,-1.249967448170978719e-02,0.000000000000000000e+00,-5.802356326564972466e-01,0.000000000000000000e+00,0.000000000000000000e+00,8.885368546747743901e-01,3.569877798172294003e-02,0.000000000000000000e+00,-3.310767783769870132e-01,0.000000000000000000e+00,0.000000000000000000e+00,6.698018696443901465e-01,-3.447250912674030832e-01,0.000000000000000000e+00,-7.499999999999999722e-02,0.000000000000000000e+00,-5.500000000000000028e-02,1.000000000000000888e-02,2.449999999999999956e-01,-5.999999999999999778e-02,7.299999999999999822e-01,8.000000000000000167e-02,-5.000000000000000278e-02,4.000000000000000083e-02,3.900000000000000133e-01,-1.950000000000000067e-01,-5.999999999999999778e-02,7.299999999999999822e-01,8.000000000000000167e-02,5.000000000000000278e-02,-4.000000000000000083e-02
3.590000,-2.415060404190351451e-01,0.000000000000000000e+00,7.594907452582463359e-01,9.999218760172473575e-01,0.000000000000000000e+00,-1.249967448170978719e-02,0.000000000000000000e+00,-5.797021437872920124e-01,0.000000000000000000e+00,0.000000000000000000e+00,8.889973834885394055e-01,3.470476029875269042e-02,0.000000000000000000e+00,-3.318053738742817171e-01,0.000000000000000000e+00,0.000000000000000000e+00,6.697923959444573860e-01,-3.439870220701756187e-01,0.000000000000000000e+00,-7.499999999999999722e-02,0.000000000000000000e+00,-5.500000000000000028e-02,1.000000000000000888e-02,2.449999999999999956e-01,-5.999999999999999778e-02,7.299999999999999822e-01,8.000000000000000167e-02,-5.000000000000000278e-02,4.000000000000000083e-02,3.900000000000000133e-01,-1.950000000000000067e-01,-5.999999999999999778e-02,7.299999999999999822e-01,8.000000000000000167e-02,5.000000000000000278e-02,-4.000000000000000083e-02
3.600000,-2.420160480949841708e-01,0.000000000000000000e+00,7.594907452582463359e-01,9.999218760172473575e-01,0.000000000000000000e+00,-1.249967448170978719e-02,0.000000000000000000e+00,-5.790561179847832918e-01,0.000000000000000000e+00,0.000000000000000000e+00,8.895498569276448775e-01,3.350626105713849778e-02,0.000000000000000000e+00,-3.326829783047009492e-01,0.000000000000000000e+00,0.000000000000000000e+00,6.697768398587365946e-01,-3.430938615540355952e-01,0.000000000000000000e+00,-7.499999999999999722e-02,0.000000000000000000e+00,-5.500000000000000028e-02,1.000000000000000888e-02,2.449999999999999956e-01,-5.999999999999999778e-02,7.299999999999999822e-01,8.000000000000000167e-02,-5.000000000000000278e-02,4.000000000000000083e-02,3.900000000000000133e-01,-1.950000000000000067e-01,-5.999999999999999778e-02,7.299999999999999822e-01,8.000000000000000167e-02,5.000000000000000278e-02,-4.000000000000000083e-02
3.610000,-2.426178872018449340e-01,0.000000000000000000e+00,7.594907452582463359e-01,9.999218760172473575e-01,0.000000000000000000e+00,-1.249967448170978719e-02,0.000000000000000000e+00,-5.782910345925614815e-01,0.000000000000000000e+00,0.000000000000000000e+00,8.901968610802861726e-01,3.209417351227528137e-02,0.000000000000000000e+00,-3.337157515615510328e-01,0.000000000000000000e+00,0.000000000000000000e+00,6.697526872187722358e-01,-3.420369356572211528e-01,0.000000000000000000e+00,-7.499999999999999722e-02,0.000000000000000000e+00,-5.500000000000000028e-02,1.000000000000000888e-02,2.449999999999999956e-01,-5.999999999999999778e-02,7.299999999999999822e-01,8.000000000000000167e-02,-5.000000000000000278e-02,4.000000000000000083e-02,3.900000000000000133e-01,-1.950000000000000067e-01,-5.999999999999999778e-02,7.299999999999999822e-01,8.000000000000000167e-02,5.000000000000000278e-02,-4.000000000000000083e-02
3.620000,-2.433148690325856733e-01,0.000000000000000000e+00,7.594907452582463359e-01,9.999218760172473575e-01,0.000000000000000000e+00,-1.249967448170978719e-02,0.000000000000000000e+00,-5.774013102491177829e-01,0.000000000000000000e+00,0.000000000000000000e+00,8.909394662526652908e-01,3.046184399645257557e-02,0.000000000000000000e+00,-3.349079314036052524e-01,0.000000000000000000e+00,0.000000000000000000e+00,6.697168752132325320e-01,-3.408089438096272294e-01,0.000000000000000000e+00,-7.499999999999999722e-02,0.000000000000000000e+00,-5.500000000000000028e-02,1.000000000000000888e-02,2.449999999999999956e-01,-5.999999999999999778e-02,7.299999999999999822e-01,8.000000000000000167e-02,-5.000000000000000278e-02,4.000000000000000083e-02,3.900000000000000133e-01,-1.950000000000000067e-01,-5.999999999999999778e-02,7.299999999999999822e-01,8.000000000000000167e-02,5.000000000000000278e-02,-4.000000000000000083e-02
3.630000,-2.441093936968652400e-01,0.000000000000000000e+00,7.594907452582463359e-01,9.999218760172473575e-01,0.000000000000000000e+00,-1.249967448170978719e-02,0.000000000000000000e+00,-5.763822488693157720e-01,0.000000000000000000e+00,0.000000000000000000e+00,8.917772687307177204e-01,2.860498013859813504e-02,0.000000000000000000e+00,-3.362618977783505825e-01,0.000000000000000000e+00,0.000000000000000000e+00,6.696657852923245668e-01,-3.394038875139739342e-01,0.000000000000000000e+00,-7.499999999999999722e-02,0.000000000000000000e+00,-5.500000000000000028e-02,1.000000000000000888e-02,2.449999999999999956e-01,-5.999999999999999778e-02,7.299999999999999822e-01,8.000000000000000167e-02,-5.000000000000000278e-02,4.000000000000000083e-02,3.900000000000000133e-01,-1.950000000000000067e-01,-5.999999999999999778e-02,7.299999999999999822e-01,8.000000000000000167e-02,5.000000000000000278e-02,-4.000000000000000083e-02
3.640000,-2.450029897376989063e-01,0.000000000000000000e+00,7.594907452582463359e-01,9.999218760172473575e-01,0.000000000000000000e+00,-1.249967448170978719e-02,0.000000000000000000e+00,-5.752300007167896467e-01,0.000000000000000000e+00,0.000000000000000000e+00,8.927084486971678112e-01,2.652155201962191899e-02,0.000000000000000000e+00,-3.377782458510295571e-01,0.000000000000000000e+00,0.000000000000000000e+00,6.695952541212875087e-01,-3.378170082702579013e-01,0.000000000000000000e+00,-7.499999999999999722e-02,0.000000000000000000e+00,-5.500000000000000028e-02,1.000000000000000888e-02,2.449999999999999956e-01,-5.999999999999999778e-02,7.299999999999999822e-01,8.000000000000000167e-02,-5.000000000000000278e-02,4.000000000000000083e-02,3.900000000000000133e-01,-1.950000000000000067e-01,-5.999999999999999778e-02,7.299999999999999822e-01,8.000000000000000167e-02,5.000000000000000278e-02,-4.000000000000000083e-02
3.650000,-2.459963537481238693e-01,0.000000000000000000e+00,7.594907452582463359e-01,9.999218760172473575e-01,0.000000000000000000e+00,-1.249967448170978719e-02,0.000000000000000000e+00,-5.739415304093261616e-01,0.000000000000000000e+00,0.000000000000000000e+00,8.937298440586993742e-01,2.421168635062675989e-02,0.000000000000000000e+00,-3.394558676989657964e-01,0.000000000000000000e+00,0.000000000000000000e+00,6.695006024315525162e-01,-3.360447347325866696e-01,0.000000000000000000e+00,-7.499999999999999722e-02,0.000000000000000000e+00,-5.500000000000000028e-02,1.000000000000000888e-02,2.449999999999999956e-01,-5.999999999999999778e-02,7.299999999999999822e-01,8.000000000000000167e-02,-5.000000000000000278e-02,4.000000000000000083e-02,3.900000000000000133e-01,-1.950000000000000067e-01,-5.999999999999999778e-02,7.299999999999999822e-01,8.000000000000000167e-02,5.000000000000000278e-02,-4.000000000000000083e-02
3.660000,-2.470893899878649769e-01,0.000000000000000000e+00,7.594907452582463359e-01,9.999218760172473575e-01,0.000000000000000000e+00,-1.249967448170978719e-02,0.000000000000000000e+00,-5.725145934027624506e-01,0.000000000000000000e+00,0.000000000000000000e+00,8.948370394244778980e-01,2.167755397828463604e-02,0.000000000000000000e+00,-3.412920423828051941e-01,0.000000000000000000e+00,0.000000000000000000e+00,6.693766810836232484e-01,-3.340846387008180041e-01,0.000000000000000000e+00,-7.499999999999999722e-02,0.000000000000000000e+00,-5.500000000000000028e-02,1.000000000000000888e-02,2.449999999999999956e-01,-5.999999999999999778e-02,7.299999999999999822e-01,8.000000000000000167e-02,-5.000000000000000278e-02,4.000000000000000083e-02,3.900000000000000133e-01,-1.950000000000000067e-01,-5.999999999999999778e-02,7.299999999999999822e-01,8.000000000000000167e-02,5.000000000000000278e-02,-4.000000000000000083e-02
3.670000,-2.482812499999999811e-01,0.000000000000000000e+00,7.594907452582463359e-01,9.999218760172473575e-01,0.000000000000000000e+00,-1.249967448170978719e-02,0.000000000000000000e+00,-5.709477202457837741e-01,0.000000000000000000e+00,0.000000000000000000e+00,8.960244690406802270e-01,1.892325120510363057e-02,0.000000000000000000e+00,-3.432825338973305440e-01,0.000000000000000000e+00,0.000000000000000000e+00,6.692179332040106843e-01,-3.319353993066800901e-01,0.000000000000000000e+00,-7.499999999999999722e-02,0.000000000000000000e+00,-5.500000000000000028e-02,1.000000000000000888e-02,2.449999999999999956e-01,-5.999999999999999778e-02,7.299999999999999822e-01,8.000000000000000167e-02,-5.000000000000000278e-02,4.000000000000000083e-02,3.900000000000000133e-01,-1.950000000000000067e-01,-5.999999999999999778e-02,7.299999999999999822e-01,8.000000000000000167e-02,5.000000000000000278e-02,-4.000000000000000083e-02
3.680000,-2.495703722276256808e-01,0.000000000000000000e+00,7.594907452582463359e-01,9.999218760172473575e-01,0.000000000000000000e+00,-1.249967448170978719e-02,0.000000000000000000e+00,-5.692402076892522089e-01,0.000000000000000000e+00,0.000000000000000000e+00,8.972855321268301543e-01,1.595467556242213814e-02,0.000000000000000000e+00,-3.454216963323561984e-01,0.000000000000000000e+00,0.000000000000000000e+00,6.690184708871346198e-01,-3.295967745547783712e-01,0.000000000000000000e+00,-7.499999999999999722e-02,0.000000000000000000e+00,-5.500000000000000028e-02,1.000000000000000888e-02,2.449999999999999956e-01,-5.999999999999999778e-02,7.299999999999999822e-01,8.000000000000000167e-02,-5.000000000000000278e-02,4.000000000000000083e-02,3.900000000000000133e-01,-1.950000000000000067e-01,-5.999999999999999778e-02,7.299999999999999822e-01,8.000000000000000167e-02,5.000000000000000278e-02,-4.000000000000000083e-02
3.690000,-2.509545216305232862e-01,0.000000000000000000e+00,7.594907452582463359e-01,9.999218760172473575e-01,0.000000000000000000e+00,-1.249967448170978719e-02,0.000000000000000000e+00,-5.673921155695491603e-01,0.000000000000000000e+00,0.000000000000000000e+00,8.986127187778444325e-01,1.277939679170481124e-02,0.000000000000000000e+00,-3.477025854365495272e-01,0.000000000000000000e+00,0.000000000000000000e+00,6.687721646587195812e-01,-3.270695792221700038e-01,0.000000000000000000e+00,-7.499999999999999722e-02,0.000000000000000000e+00,-5.500000000000000028e-02,1.000000000000000888e-02,2.449999999999999956e-01,-5.999999999999999778e-02,7.299999999999999822e-01,8.000000000000000167e-02,-5.000000000000000278e-02,4.000000000000000083e-02,3.900000000000000133e-01,-1.950000000000000067e-01,-5.999999999999999778e-02,7.299999999999999822e-01,8.000000000000000167e-02,5.000000000000000278e-02,-4.000000000000000083e-02
3.700000,-2.524308293018240890e-01,0.000000000000000000e+00,7.594907452582463359e-01,9.999218760172473575e-01,0.000000000000000000e+00,-1.249967448170978719e-02,0.000000000000000000e+00,-5.654042682650374241e-01,0.000000000000000000e+00,0.000000000000000000e+00,8.999977443883919737e-01,9.406523876645422888e-03,0.000000000000000000e+00,-3.501170756712297938e-01,0.000000000000000000e+00,0.000000000000000000e+00,6.684727436754399621e-01,-3.243556680042101181e-01,0.000000000000000000e+00,-7.499999999999999722e-02,0.000000000000000000e+00,-5.500000000000000028e-02,1.000000000000000888e-02,2.449999999999999956e-01,-5.999999999999999778e-02,7.299999999999999822e-01,8.000000000000000167e-02,-5.000000000000000278e-02,4.000000000000000083e-02,3.900000000000000133e-01,-1.950000000000000067e-01,-5.999999999999999778e-02,7.299999999999999822e-01,8.000000000000000167e-02,5.000000000000000278e-02,-4.000000000000000083e-02
3.710000,-2.539958320846746886e-01,0.000000000000000000e+00,7.594907452582463359e-01,9.999218760172473575e-01,0.000000000000000000e+00,-1.249967448170978719e-02,0.000000000000000000e+00,-5.632782594464540438e-01,0.000000000000000000e+00,0.000000000000000000e+00,9.014316904196154612e-01,5.846569026838666083e-03,0.000000000000000000e+00,-3.526559817643380446e-01,0.000000000000000000e+00,0.000000000000000000e+00,6.681139044811350569e-01,-3.214579227167969622e-01,0.000000000000000000e+00,-7.499999999999999722e-02,0.000000000000000000e+00,-5.500000000000000028e-02,1.000000000000000888e-02,2.449999999999999956e-01,-5.999999999999999778e-02,7.299999999999999822e-01,8.000000000000000167e-02,-5.000000000000000278e-02,4.000000000000000083e-02,3.900000000000000133e-01,-1.950000000000000067e-01,-5.999999999999999778e-02,7.299999999999999822e-01,8.000000000000000167e-02,5.000000000000000278e-02,-4.000000000000000083e-02
3.720000,-2.556455121889034676e-01,0.000000000000000000e+00,7.594907452582463359e-01,9.999218760172473575e-01,0.000000000000000000e+00,-1.249967448170978719e-02,0.000000000000000000e+00,-5.610164588032133803e-01,0.000000000000000000e+00,0.000000000000000000e+00,9.029051492571565918e-01,2.111309546056872044e-03,0.000000000000000000e+00,-3.553091837237318251e-01,0.000000000000000000e+00,0.000000000000000000e+00,6.676894260465725539e-01,-3.183802423228406786e-01,0.000000000000000000e+00,-7.499999999999999722e-02,0.000000000000000000e+00,-5.500000000000000028e-02,1.000000000000000888e-02,2.449999999999999956e-01,-5.999999999999999778e-02,7.299999999999999822e-01,8.000000000000000167e-02,-5.000000000000000278e-02,4.000000000000000083e-02,3.900000000000000133e-01,-1.950000000000000067e-01,-5.999999999999999778e-02,7.299999999999999822e-01,8.000000000000000167e-02,5.000000000000000278e-02,-4.000000000000000083e-02
3.730000,-2.573753368076854842e-01,0.000000000000000000e+00,7.594907452582463359e-01,9.999218760172473575e-01,0.000000000000000000e+00,-1.249967448170978719e-02,0.000000000000000000e+00,-5.586220194249404969e-01,0.000000000000000000e+00,0.000000000000000000e+00,9.044083708974111069e-01,-1.786351472470526502e-03,0.000000000000000000e+00,-3.580657542404541149e-01,0.000000000000000000e+00,0.000000000000000000e+00,6.671932887806384382e-01,-3.151275345401842731e-01,0.000000000000000000e+00,-7.499999999999999722e-02,0.000000000000000000e+00,-5.500000000000000028e-02,1.000000000000000888e-02,2.449999999999999956e-01,-5.999999999999999778e-02,7.299999999999999822e-01,8.000000000000000167e-02,-5.000000000000000278e-02,4.000000000000000083e-02,3.900000000000000133e-01,-1.950000000000000067e-01,-5.999999999999999778e-02,7.299999999999999822e-01,8.000000000000000167e-02,5.000000000000000278e-02,-4.000000000000000083e-02
3.740000,-2.591802977342084757e-01,0.000000000000000000e+00,7.594907452582463359e-01,9.999218760172473575e-01,0.000000000000000000e+00,-1.249967448170978719e-02,0.000000000000000000e+00,-5.560988845471357411e-01,0.000000000000000000e+00,0.000000000000000000e+00,9.059314092388647266e-01,-5.832524691728901978e-03,0.000000000000000000e+00,-3.609140874033633928e-01,0.000000000000000000e+00,0.000000000000000000e+00,6.666197952085977096e-01,-3.117057078052342667e-01,0.000000000000000000e+00,-7.499999999999999722e-02,0.000000000000000000e+00,-5.500000000000000028e-02,1.000000000000000888e-02,2.449999999999999956e-01,-5.999999999999999778e-02,7.299999999999999822e-01,8.000000000000000167e-02,-5.000000000000000278e-02,4.000000000000000083e-02,3.900000000000000133e-01,-1.950000000000000067e-01,-5.999999999999999778e-02,7.299999999999999822e-01,8.000000000000000167e-02,5.000000000000000278e-02,-4.000000000000000083e-02
3.750000,-2.610549509783379740e-01,0.000000000000000000e+00,7.594907452582463359e-01,9.999218760172473575e-01,0.000000000000000000e+00,-1.249967448170978719e-02,0.000000000000000000e+00,-5.534517924274626743e-01,0.000000000000000000e+00,0.000000000000000000e+00,9.074642658396004924e-01,-1.001247341213773456e-02,0.000000000000000000e+00,-3.638420276532614572e-01,0.000000000000000000e+00,0.000000000000000000e+00,6.659636900602267096e-01,-3.081216624069652021e-01,0.000000000000000000e+00,-7.499999999999999722e-02,0.000000000000000000e+00,-5.500000000000000028e-02,1.000000000000000888e-02,2.449999999999999956e-01,-5.999999999999999778e-02,7.299999999999999822e-01,8.000000000000000167e-02,-5.000000000000000278e-02,4.000000000000000083e-02,3.900000000000000133e-01,-1.950000000000000067e-01,-5.999999999999999778e-02,7.299999999999999822e-01,8.000000000000000167e-02,5.000000000000000278e-02,-4.000000000000000083e-02
3.760000,-2.629934563832835859e-01,0.000000000000000000e+00,7.594907452582463359e-01,9.999218760172473575e-01,0.000000000000000000e+00,-1.249967448170978719e-02,0.000000000000000000e+00,-5.506862782002350798e-01,0.000000000000000000e+00,0.000000000000000000e+00,9.089970291229926280e-01,-1.431075092275746474e-02,0.000000000000000000e+00,-3.668369979244302526e-01,0.000000000000000000e+00,0.000000000000000000e+00,6.652202775897575471e-01,-3.043832796653272443e-01,0.000000000000000000e+00,-7.499999999999999722e-02,0.000000000000000000e+00,-5.500000000000000028e-02,1.000000000000000888e-02,2.449999999999999956e-01,-5.999999999999999778e-02,7.299999999999999822e-01,8.000000000000000167e-02,-5.000000000000000278e-02,4.000000000000000083e-02,3.900000000000000133e-01,-1.950000000000000067e-01,-5.999999999999999778e-02,7.299999999999999822e-01,8.000000000000000167e-02,5.000000000000000278e-02,-4.000000000000000083e-02
3.770000,-2.649896172422644414e-01,0.000000000000000000e+00,7.594907452582463359e-01,9.999218760172473575e-01,0.000000000000000000e+00,-1.249967448170978719e-02,0.000000000000000000e+00,-5.478086716567658332e-01,0.000000000000000000e+00,0.000000000000000000e+00,9.105200071636572190e-01,-1.871133550689130232e-02,0.000000000000000000e+00,-3.698861259515064392e-01,0.000000000000000000e+00,0.000000000000000000e+00,6.643855340536056753e-01,-3.004994081020991858e-01,0.000000000000000000e+00,-7.499999999999999722e-02,0.000000000000000000e+00,-5.500000000000000028e-02,1.000000000000000888e-02,2.449999999999999956e-01,-5.999999999999999778e-02,7.299999999999999822e-01,8.000000000000000167e-02,-5.000000000000000278e-02,4.000000000000000083e-02,3.900000000000000133e-01,-1.950000000000000067e-01,-5.999999999999999778e-02,7.299999999999999822e-01,8.000000000000000167e-02,5.000000000000000278e-02,-4.000000000000000083e-02
3.780000,-2.670369199151745865e-01,0.000000000000000000e+00,7.594907452582463359e-01,9.999218760172473575e-01,0.000000000000000000e+00,-1.249967448170978719e-02,0.000000000000000000e+00,-5.448260900139398899e-01,0.000000000000000000e+00,0.000000000000000000e+00,9.120238523580643797e-01,-2.319776234412440630e-02,0.000000000000000000e+00,-3.729763677576456438e-01,0.000000000000000000e+00,0.000000000000000000e+00,6.634562133944340578e-01,-2.964798456367883639e-01,0.000000000000000000e+00,-7.499999999999999722e-02,0.000000000000000000e+00,-5.500000000000000028e-02,1.000000000000000888e-02,2.449999999999999956e-01,-5.999999999999999778e-02,7.299999999999999822e-01,8.000000000000000167e-02,-5.000000000000000278e-02,4.000000000000000083e-02,3.900000000000000133e-01,-1.950000000000000067e-01,-5.999999999999999778e-02,7.299999999999999822e-01,8.000000000000000167e-02,5.000000000000000278e-02,-4.000000000000000083e-02
3.790000,-2.691285734452483758e-01,0.000000000000000000e+00,7.594907452582463359e-01,9.999218760172473575e-01,0.000000000000000000e+00,-1.249967448170978719e-02,0.000000000000000000e+00,-5.417464248585430742e-01,0.000000000000000000e+00,0.000000000000000000e+00,9.134996764724426788e-01,-2.775325161389952111e-02,0.000000000000000000e+00,-3.760946273839877452e-01,0.000000000000000000e+00,0.000000000000000000e+00,6.624299443155156064e-01,-2.923353169315278111e-01,0.000000000000000000e+00,-7.499999999999999722e-02,0.000000000000000000e+00,-5.500000000000000028e-02,1.000000000000000888e-02,2.449999999999999956e-01,-5.999999999999999778e-02,7.299999999999999822e-01,8.000000000000000167e-02,-5.000000000000000278e-02,4.000000000000000083e-02,3.900000000000000133e-01,-1.950000000000000067e-01,-5.999999999999999778e-02,7.299999999999999822e-01,8.000000000000000167e-02,5.000000000000000278e-02,-4.000000000000000083e-02
3.800000,-2.712575491757268087e-01,0.000000000000000000e+00,7.594907452582463359e-01,9.999218760172473575e-01,0.000000000000000000e+00,-1.249967448170978719e-02,0.000000000000000000e+00,-5.385783225867312174e-01,0.000000000000000000e+00,0.000000000000000000e+00,9.149391547593747065e-01,-3.236083217264351664e-02,0.000000000000000000e+00,-3.792278719692008804e-01,0.000000000000000000e+00,0.000000000000000000e+00,6.613053170729508157e-01,-2.880774451037498851e-01,0.000000000000000000e+00,-7.499999999999999722e-02,0.000000000000000000e+00,-5.500000000000000028e-02,1.000000000000000888e-02,2.449999999999999956e-01,-5.999999999999999778e-02,7.299999999999999822e-01,8.000000000000000167e-02,-5.000000000000000278e-02,4.000000000000000083e-02,3.900000000000000133e-01,-1.950000000000000067e-01,-5.999999999999999778e-02,7.299999999999999822e-01,8.000000000000000167e-02,5.000000000000000278e-02,-4.000000000000000083e-02
3.810000,-2.734166203665227002e-01,0.000000000000000000e+00,7.594907452582463359e-01,9.999218760172473575e-01,0.000000000000000000e+00,-1.249967448170978719e-02,0.000000000000000000e+00,-5.353311577931945120e-01,0.000000000000000000e+00,0.000000000000000000e+00,9.163346180392027973e-01,-3.700346024600820183e-02,0.000000000000000000e+00,-3.823632413404428054e-01,0.000000000000000000e+00,0.000000000000000000e+00,6.600819584614836533e-01,-2.837187171210407977e-01,0.000000000000000000e+00,-7.499999999999999722e-02,0.000000000000000000e+00,-5.500000000000000028e-02,1.000000000000000888e-02,2.449999999999999956e-01,-5.999999999999999778e-02,7.299999999999999822e-01,8.000000000000000167e-02,-5.000000000000000278e-02,4.000000000000000083e-02,3.900000000000000133e-01,-1.950000000000000067e-01,-5.999999999999999778e-02,7.299999999999999822e-01,8.000000000000000167e-02,5.000000000000000278e-02,-4.000000000000000083e-02
3.820000,-2.755984018108866285e-01,0.000000000000000000e+00,7.594907452582463359e-01,9.999218760172473575e-01,0.000000000000000000e+00,-1.249967448170978719e-02,0.000000000000000000e+00,-5.320149992000846595e-01,0.000000000000000000e+00,0.000000000000000000e+00,9.176791318494150751e-01,-4.166413264933033211e-02,0.000000000000000000e+00,-3.854881513330775111e-01,0.000000000000000000e+00,0.000000000000000000e+00,6.587605936198707157e-01,-2.792724422867931544e-01,0.000000000000000000e+00,-7.499999999999999722e-02,0.000000000000000000e+00,-5.500000000000000028e-02,1.000000000000000888e-02,2.449999999999999956e-01,-5.999999999999999778e-02,7.299999999999999822e-01,8.000000000000000167e-02,-5.000000000000000278e-02,4.000000000000000083e-02,3.900000000000000133e-01,-1.950000000000000067e-01,-5.999999999999999778e-02,7.299999999999999822e-01,8.000000000000000167e-02,5.000000000000000278e-02,-4.000000000000000083e-02
3.830000,-2.777953894520716061e-01,0.000000000000000000e+00,7.594907452582463359e-01,9.999218760172473575e-01,0.000000000000000000e+00,-1.249967448170978719e-02,0.000000000000000000e+00,-5.286405678492291926e-01,0.000000000000000000e+00,0.000000000000000000e+00,9.189665619718240253e-01,-4.632599412259474914e-02,0.000000000000000000e+00,-3.885903901159864504e-01,0.000000000000000000e+00,0.000000000000000000e+00,6.573430934326858210e-01,-2.747527033166993204e-01,0.000000000000000000e+00,-7.499999999999999722e-02,0.000000000000000000e+00,-5.500000000000000028e-02,1.000000000000000888e-02,2.449999999999999956e-01,-5.999999999999999778e-02,7.299999999999999822e-01,8.000000000000000167e-02,-5.000000000000000278e-02,4.000000000000000083e-02,3.900000000000000133e-01,-1.950000000000000067e-01,-5.999999999999999778e-02,7.299999999999999822e-01,8.000000000000000167e-02,5.000000000000000278e-02,-4.000000000000000083e-02
3.840000,-2.799999999999999711e-01,0.000000000000000000e+00,7.594907452582463359e-01,9.999218760172473575e-01,0.000000000000000000e+00,-1.249967448170978719e-02,0.000000000000000000e+00,-5.252191874104678027e-01,0.000000000000000000e+00,0.000000000000000000e+00,9.201916258515332459e-01,-5.097243844106547073e-02,0.000000000000000000e+00,-3.916582068628911006e-01,0.000000000000000000e+00,0.000000000000000000e+00,6.558325064567969154e-01,-2.701742995939057645e-01,0.000000000000000000e+00,-7.499999999999999722e-02,0.000000000000000000e+00,-5.500000000000000028e-02,1.000000000000000888e-02,2.449999999999999956e-01,-5.999999999999999778e-02,7.299999999999999822e-01,8.000000000000000167e-02,-5.000000000000000278e-02,4.000000000000000083e-02,3.900000000000000133e-01,-1.950000000000000067e-01,-5.999999999999999778e-02,7.299999999999999822e-01,8.000000000000000167e-02,5.000000000000000278e-02,-4.000000000000000083e-02
3.850000,-2.822046105479283362e-01,0.000000000000000000e+00,7.594907452582463359e-01,9.999218760172473575e-01,0.000000000000000000e+00,-1.249967448170978719e-02,0.000000000000000000e+00,-5.217627265826247918e-01,0.000000000000000000e+00,0.000000000000000000e+00,9.213499296221598911e-01,-5.558720303953501585e-02,0.000000000000000000e+00,-3.946803921786057878e-01,0.000000000000000000e+00,0.000000000000000000e+00,6.542330744533092490e-01,-2.655526822747034110e-01,0.000000000000000000e+00,-7.499999999999999722e-02,0.000000000000000000e+00,-5.500000000000000028e-02,1.000000000000000888e-02,2.449999999999999956e-01,-5.999999999999999778e-02,7.299999999999999822e-01,8.000000000000000167e-02,-5.000000000000000278e-02,4.000000000000000083e-02,3.900000000000000133e-01,-1.950000000000000067e-01,-5.999999999999999778e-02,7.299999999999999822e-01,8.000000000000000167e-02,5.000000000000000278e-02,-4.000000000000000083e-02
3.860000,-2.844015981891132583e-01,0.000000000000000000e+00,7.594907452582463359e-01,9.999218760172473575e-01,0.000000000000000000e+00,-1.249967448170978719e-02,0.000000000000000000e+00,-5.182835336804093584e-01,0.000000000000000000e+00,0.000000000000000000e+00,9.224379906476465329e-01,-6.015445696723720204e-02,0.000000000000000000e+00,-3.976463497638673128e-01,0.000000000000000000e+00,0.000000000000000000e+00,6.525502307613184616e-01,-2.609038809974510986e-01,0.000000000000000000e+00,-7.499999999999999722e-02,0.000000000000000000e+00,-5.500000000000000028e-02,1.000000000000000888e-02,2.449999999999999956e-01,-5.999999999999999778e-02,7.299999999999999822e-01,8.000000000000000167e-02,-5.000000000000000278e-02,4.000000000000000083e-02,3.900000000000000133e-01,-1.950000000000000067e-01,-5.999999999999999778e-02,7.299999999999999822e-01,8.000000000000000167e-02,5.000000000000000278e-02,-4.000000000000000083e-02
3.870000,-2.865833796334771866e-01,0.000000000000000000e+00,7.594907452582463359e-01,9.999218760172473575e-01,0.000000000000000000e+00,-1.249967448170978719e-02,0.000000000000000000e+00,-5.147943636096751208e-01,0.000000000000000000e+00,0.000000000000000000e+00,9.234532456818987933e-01,-6.465888207222370010e-02,0.000000000000000000e+00,-4.005461588846971344e-01,0.000000000000000000e+00,0.000000000000000000e+00,6.507905809108317507e-01,-2.562444220261345662e-01,0.000000000000000000e+00,-7.499999999999999722e-02,0.000000000000000000e+00,-5.500000000000000028e-02,1.000000000000000888e-02,2.449999999999999956e-01,-5.999999999999999778e-02,7.299999999999999822e-01,8.000000000000000167e-02,-5.000000000000000278e-02,4.000000000000000083e-02,3.900000000000000133e-01,-1.950000000000000067e-01,-5.999999999999999778e-02,7.299999999999999822e-01,8.000000000000000167e-02,5.000000000000000278e-02,-4.000000000000000083e-02
3.880000,-2.887424508242730781e-01,0.000000000000000000e+00,7.594907452582463359e-01,9.999218760172473575e-01,0.000000000000000000e+00,-1.249967448170978719e-02,0.000000000000000000e+00,-5.113082975344168668e-01,0.000000000000000000e+00,0.000000000000000000e+00,9.243940449331987663e-01,-6.908574739878192705e-02,0.000000000000000000e+00,-4.033706273038109025e-01,0.000000000000000000e+00,0.000000000000000000e+00,6.489618650419731738e-01,-2.515912377381622211e-01,0.000000000000000000e+00,-7.499999999999999722e-02,0.000000000000000000e+00,-5.500000000000000028e-02,1.000000000000000888e-02,2.449999999999999956e-01,-5.999999999999999778e-02,7.299999999999999822e-01,8.000000000000000167e-02,-5.000000000000000278e-02,4.000000000000000083e-02,3.900000000000000133e-01,-1.950000000000000067e-01,-5.999999999999999778e-02,7.299999999999999822e-01,8.000000000000000167e-02,5.000000000000000278e-02,-4.000000000000000083e-02
3.890000,-2.908714265547515665e-01,0.000000000000000000e+00,7.594907452582463359e-01,9.999218760172473575e-01,0.000000000000000000e+00,-1.249967448170978719e-02,0.000000000000000000e+00,-5.078386556313783107e-01,0.000000000000000000e+00,0.000000000000000000e+00,9.252596325007621525e-01,-7.342097686938375833e-02,0.000000000000000000e+00,-4.061113344339388753e-01,0.000000000000000000e+00,0.000000000000000000e+00,6.470729018795955412e-01,-2.469615674456566157e-01,0.000000000000000000e+00,-7.499999999999999722e-02,0.000000000000000000e+00,-5.500000000000000028e-02,1.000000000000000888e-02,2.449999999999999956e-01,-5.999999999999999778e-02,7.299999999999999822e-01,8.000000000000000167e-02,-5.000000000000000278e-02,4.000000000000000083e-02,3.900000000000000133e-01,-1.950000000000000067e-01,-5.999999999999999778e-02,7.299999999999999822e-01,8.000000000000000167e-02,5.000000000000000278e-02,-4.000000000000000083e-02
3.900000,-2.929630800848253003e-01,0.000000000000000000e+00,7.594907452582463359e-01,9.999218760172473575e-01,0.000000000000000000e+00,-1.249967448170978719e-02,0.000000000000000000e+00,-5.043989034121774129e-01,0.000000000000000000e+00,0.000000000000000000e+00,9.260501138258363518e-01,-7.765121041365885546e-02,0.000000000000000000e+00,-4.087606645875995204e-01,0.000000000000000000e+00,0.000000000000000000e+00,6.451335142105187881e-01,-2.423728496229192175e-01,0.000000000000000000e+00,-7.499999999999999722e-02,0.000000000000000000e+00,-5.500000000000000028e-02,1.000000000000000888e-02,2.449999999999999956e-01,-5.999999999999999778e-02,7.299999999999999822e-01,8.000000000000000167e-02,-5.000000000000000278e-02,4.000000000000000083e-02,3.900000000000000133e-01,-1.950000000000000067e-01,-5.999999999999999778e-02,7.299999999999999822e-01,8.000000000000000167e-02,5.000000000000000278e-02,-4.000000000000000083e-02
3.910000,-2.950103827577355009e-01,0.000000000000000000e+00,7.594907452582463359e-01,9.999218760172473575e-01,0.000000000000000000e+00,-1.249967448170978719e-02,0.000000000000000000e+00,-5.010025521684356997e-01,0.000000000000000000e+00,0.000000000000000000e+00,9.267664109690444407e-01,-8.176385880060876854e-02,0.000000000000000000e+00,-4.113118303261137365e-01,0.000000000000000000e+00,0.000000000000000000e+00,6.431544360282599460e-01,-2.378426057021461593e-01,0.000000000000000000e+00,-7.499999999999999722e-02,0.000000000000000000e+00,-5.500000000000000028e-02,1.000000000000000888e-02,2.449999999999999956e-01,-5.999999999999999778e-02,7.299999999999999822e-01,8.000000000000000167e-02,-5.000000000000000278e-02,4.000000000000000083e-02,3.900000000000000133e-01,-1.950000000000000067e-01,-5.999999999999999778e-02,7.299999999999999822e-01,8.000000000000000167e-02,5.000000000000000278e-02,-4.000000000000000083e-02
3.920000,-2.970065436167163009e-01,0.000000000000000000e+00,7.594907452582463359e-01,9.999218760172473575e-01,0.000000000000000000e+00,-1.249967448170978719e-02,0.000000000000000000e+00,-4.976630541627688475e-01,0.000000000000000000e+00,0.000000000000000000e+00,9.274102066887858209e-01,-8.574715252601694537e-02,0.000000000000000000e+00,-4.137588860532723789e-01,0.000000000000000000e+00,0.000000000000000000e+00,6.411472017503887511e-01,-2.333883156971163220e-01,0.000000000000000000e+00,-7.499999999999999722e-02,0.000000000000000000e+00,-5.500000000000000028e-02,1.000000000000000888e-02,2.449999999999999956e-01,-5.999999999999999778e-02,7.299999999999999822e-01,8.000000000000000167e-02,-5.000000000000000278e-02,4.000000000000000083e-02,3.900000000000000133e-01,-1.950000000000000067e-01,-5.999999999999999778e-02,7.299999999999999822e-01,8.000000000000000167e-02,5.000000000000000278e-02,-4.000000000000000083e-02
3.930000,-2.989450490216619682e-01,0.000000000000000000e+00,7.594907452582463359e-01,9.999218760172473575e-01,0.000000000000000000e+00,-1.249967448170978719e-02,0.000000000000000000e+00,-4.943936932477902557e-01,0.000000000000000000e+00,0.000000000000000000e+00,9.279838784515086481e-01,-8.959018520371841987e-02,0.000000000000000000e+00,-4.160967321563072696e-01,0.000000000000000000e+00,0.000000000000000000e+00,6.391240181784575425e-01,-2.290272860221502227e-01,0.000000000000000000e+00,-7.499999999999999722e-02,0.000000000000000000e+00,-5.500000000000000028e-02,1.000000000000000888e-02,2.449999999999999956e-01,-5.999999999999999778e-02,7.299999999999999822e-01,8.000000000000000167e-02,-5.000000000000000278e-02,4.000000000000000083e-02,3.900000000000000133e-01,-1.950000000000000067e-01,-5.999999999999999778e-02,7.299999999999999822e-01,8.000000000000000167e-02,5.000000000000000278e-02,-4.000000000000000083e-02
3.940000,-3.008197022657914665e-01,0.000000000000000000e+00,7.594907452582463359e-01,9.999218760172473575e-01,0.000000000000000000e+00,-1.249967448170978719e-02,0.000000000000000000e+00,-4.912074716467079716e-01,0.000000000000000000e+00,0.000000000000000000e+00,9.284904236523485732e-01,-9.328295200564062917e-02,0.000000000000000000e+00,-4.183211101680316402e-01,0.000000000000000000e+00,0.000000000000000000e+00,6.370976201604021671e-01,-2.247765099923704768e-01,0.000000000000000000e+00,-7.499999999999999722e-02,0.000000000000000000e+00,-5.500000000000000028e-02,1.000000000000000888e-02,2.449999999999999956e-01,-5.999999999999999778e-02,7.299999999999999822e-01,8.000000000000000167e-02,-5.000000000000000278e-02,4.000000000000000083e-02,3.900000000000000133e-01,-1.950000000000000067e-01,-5.999999999999999778e-02,7.299999999999999822e-01,8.000000000000000167e-02,5.000000000000000278e-02,-4.000000000000000083e-02
3.950000,-3.026246631923144581e-01,0.000000000000000000e+00,7.594907452582463359e-01,9.999218760172473575e-01,0.000000000000000000e+00,-1.249967448170978719e-02,0.000000000000000000e+00,-4.881169936726962311e-01,0.000000000000000000e+00,0.000000000000000000e+00,9.289333774622561268e-01,-9.681638378955992330e-02,0.000000000000000000e+00,-4.204285896076213058e-01,0.000000000000000000e+00,0.000000000000000000e+00,6.350811112289267424e-01,-2.206525216213053864e-01,0.000000000000000000e+00,-7.499999999999999722e-02,0.000000000000000000e+00,-5.500000000000000028e-02,1.000000000000000888e-02,2.449999999999999956e-01,-5.999999999999999778e-02,7.299999999999999822e-01,8.000000000000000167e-02,-5.000000000000000278e-02,4.000000000000000083e-02,3.900000000000000133e-01,-1.950000000000000067e-01,-5.999999999999999778e-02,7.299999999999999822e-01,8.000000000000000167e-02,5.000000000000000278e-02,-4.000000000000000083e-02
3.960000,-3.043544878110964191e-01,0.000000000000000000e+00,7.594907452582463359e-01,9.999218760172473575e-01,0.000000000000000000e+00,-1.249967448170978719e-02,0.000000000000000000e+00,-4.851343472000017032e-01,0.000000000000000000e+00,0.000000000000000000e+00,9.293167248432150362e-01,-1.001823776432133606e-01,0.000000000000000000e+00,-4.224165473506221180e-01,0.000000000000000000e+00,0.000000000000000000e+00,6.330877908229174400e-01,-2.166712434722952718e-01,0.000000000000000000e+00,-7.499999999999999722e-02,0.000000000000000000e+00,-5.500000000000000028e-02,1.000000000000000888e-02,2.449999999999999956e-01,-5.999999999999999778e-02,7.299999999999999822e-01,8.000000000000000167e-02,-5.000000000000000278e-02,4.000000000000000083e-02,3.900000000000000133e-01,-1.950000000000000067e-01,-5.999999999999999778e-02,7.299999999999999822e-01,8.000000000000000167e-02,5.000000000000000278e-02,-4.000000000000000083e-02
3.970000,-3.060041679153252536e-01,0.000000000000000000e+00,7.594907452582463359e-01,9.999218760172473575e-01,0.000000000000000000e+00,-1.249967448170978719e-02,0.000000000000000000e+00,-4.822709837274439248e-01,0.000000000000000000e+00,0.000000000000000000e+00,9.296448083838217968e-01,-1.033738246563777885e-01,0.000000000000000000e+00,-4.242831405772030662e-01,0.000000000000000000e+00,0.000000000000000000e+00,6.311309700457349292e-01,-2.128478294685318128e-01,0.000000000000000000e+00,-7.499999999999999722e-02,0.000000000000000000e+00,-5.500000000000000028e-02,1.000000000000000888e-02,2.449999999999999956e-01,-5.999999999999999778e-02,7.299999999999999822e-01,8.000000000000000167e-02,-5.000000000000000278e-02,4.000000000000000083e-02,3.900000000000000133e-01,-1.950000000000000067e-01,-5.999999999999999778e-02,7.299999999999999822e-01,8.000000000000000167e-02,5.000000000000000278e-02,-4.000000000000000083e-02
3.980000,-3.075691706981758533e-01,0.000000000000000000e+00,7.594907452582463359e-01,9.999218760172473575e-01,0.000000000000000000e+00,-1.249967448170978719e-02,0.000000000000000000e+00,-4.795375978942337247e-01,0.000000000000000000e+00,0.000000000000000000e+00,9.299222337003818506e-01,-1.063846358061480979e-01,0.000000000000000000e+00,-4.260272745456835652e-01,0.000000000000000000e+00,0.000000000000000000e+00,6.292237782646745714e-01,-2.091965037189909560e-01,0.000000000000000000e+00,-7.499999999999999722e-02,0.000000000000000000e+00,-5.500000000000000028e-02,1.000000000000000888e-02,2.449999999999999956e-01,-5.999999999999999778e-02,7.299999999999999822e-01,8.000000000000000167e-02,-5.000000000000000278e-02,4.000000000000000083e-02,3.900000000000000133e-01,-1.950000000000000067e-01,-5.999999999999999778e-02,7.299999999999999822e-01,8.000000000000000167e-02,5.000000000000000278e-02,-4.000000000000000083e-02
3.990000,-3.090454783694766561e-01,0.000000000000000000e+00,7.594907452582463359e-01,9.999218760172473575e-01,0.000000000000000000e+00,-1.249967448170978719e-02,0.000000000000000000e+00,-4.769440073181819839e-01,0.000000000000000000e+00,0.000000000000000000e+00,9.301537742202861114e-01,-1.092097669021041551e-01,0.000000000000000000e+00,-4.276485666288120102e-01,0.000000000000000000e+00,0.000000000000000000e+00,6.273789631971922187e-01,-2.057303965683801583e-01,0.000000000000000000e+00,-7.499999999999999722e-02,0.000000000000000000e+00,-5.500000000000000028e-02,1.000000000000000888e-02,2.449999999999999956e-01,-5.999999999999999778e-02,7.299999999999999822e-01,8.000000000000000167e-02,-5.000000000000000278e-02,4.000000000000000083e-02,3.900000000000000133e-01,-1.950000000000000067e-01,-5.999999999999999778e-02,7.299999999999999822e-01,8.000000000000000167e-02,5.000000000000000278e-02,-4.000000000000000083e-02
4.000000,-3.104296277723742059e-01,0.000000000000000000e+00,7.594907452582463359e-01,9.999218760172473575e-01,0.000000000000000000e+00,-1.249967448170978719e-02,0.000000000000000000e+00,-4.744990336266088904e-01,0.000000000000000000e+00,0.000000000000000000e+00,9.303442772110667169e-01,-1.118452435844577986e-01,0.000000000000000000e+00,-4.291473082244713355e-01,0.000000000000000000e+00,0.000000000000000000e+00,6.256086874457963409e-01,-2.024613792213249552e-01,0.000000000000000000e+00,-7.499999999999999722e-02,0.000000000000000000e+00,-5.500000000000000028e-02,1.000000000000000888e-02,2.449999999999999956e-01,-5.999999999999999778e-02,7.299999999999999822e-01,8.000000000000000167e-02,-5.000000000000000278e-02,4.000000000000000083e-02,3.900000000000000133e-01,-1.950000000000000067e-01,-5.999999999999999778e-02,7.299999999999999822e-01,8.000000000000000167e-02,5.000000000000000278e-02,-4.000000000000000083e-02
4.010000,-3.117187499999999889e-01,0.000000000000000000e+00,7.594907452582463359e-01,9.999218760172473575e-01,0.000000000000000000e+00,-1.249967448170978719e-02,0.000000000000000000e+00,-4.722103855394629290e-01,0.000000000000000000e+00,0.000000000000000000e+00,9.304985729361753277e-01,-1.142881873967124262e-01,0.000000000000000000e+00,-4.305244263007447225e-01,0.000000000000000000e+00,0.000000000000000000e+00,6.239243247164926176e-01,-1.993998984157478449e-01,0.000000000000000000e+00,-7.499999999999999722e-02,0.000000000000000000e+00,-5.500000000000000028e-02,1.000000000000000888e-02,2.449999999999999956e-01,-5.999999999999999778e-02,7.299999999999999822e-01,8.000000000000000167e-02,-5.000000000000000278e-02,4.000000000000000083e-02,3.900000000000000133e-01,-1.950000000000000067e-01,-5.999999999999999778e-02,7.299999999999999822e-01,8.000000000000000167e-02,5.000000000000000278e-02,-4.000000000000000083e-02
4.020000,-3.129106100121351042e-01,0.000000000000000000e+00,7.594907452582463359e-01,9.999218760172473575e-01,0.000000000000000000e+00,-1.249967448170978719e-02,0.000000000000000000e+00,-4.700845448410725380e-01,0.000000000000000000e+00,0.000000000000000000e+00,9.306213888030338000e-01,-1.165368439619612895e-01,0.000000000000000000e+00,-4.317814464469663660e-01,0.000000000000000000e+00,0.000000000000000000e+00,6.223362591650672959e-01,-1.965548127181008797e-01,0.000000000000000000e+00,-7.499999999999999722e-02,0.000000000000000000e+00,-5.500000000000000028e-02,1.000000000000000888e-02,2.449999999999999956e-01,-5.999999999999999778e-02,7.299999999999999822e-01,8.000000000000000167e-02,-5.000000000000000278e-02,4.000000000000000083e-02,3.900000000000000133e-01,-1.950000000000000067e-01,-5.999999999999999778e-02,7.299999999999999822e-01,8.000000000000000167e-02,5.000000000000000278e-02,-4.000000000000000083e-02
4.030000,-3.140036462518761007e-01,0.000000000000000000e+00,7.594907452582463359e-01,9.999218760172473575e-01,0.000000000000000000e+00,-1.249967448170978719e-02,0.000000000000000000e+00,-4.681266560400468846e-01,0.000000000000000000e+00,0.000000000000000000e+00,9.307172703161339378e-01,-1.185906142760870807e-01,0.000000000000000000e+00,-4.329204593667222989e-01,0.000000000000000000e+00,0.000000000000000000e+00,6.208536914402779106e-01,-1.939332320735555615e-01,0.000000000000000000e+00,-7.499999999999999722e-02,0.000000000000000000e+00,-5.500000000000000028e-02,1.000000000000000888e-02,2.449999999999999956e-01,-5.999999999999999778e-02,7.299999999999999822e-01,8.000000000000000167e-02,-5.000000000000000278e-02,4.000000000000000083e-02,3.900000000000000133e-01,-1.950000000000000067e-01,-5.999999999999999778e-02,7.299999999999999822e-01,8.000000000000000167e-02,5.000000000000000278e-02,-4.000000000000000083e-02
4.040000,-3.149970102623010915e-01,0.000000000000000000e+00,7.594907452582463359e-01,9.999218760172473575e-01,0.000000000000000000e+00,-1.249967448170978719e-02,0.000000000000000000e+00,-4.663404204644878703e-01,0.000000000000000000e+00,0.000000000000000000e+00,9.307905105537586099e-01,-1.204500900892706561e-01,0.000000000000000000e+00,-4.339440927552487004e-01,0.000000000000000000e+00,0.000000000000000000e+00,6.194844550125706562e-01,-1.915403622573219056e-01,0.000000000000000000e+00,-7.499999999999999722e-02,0.000000000000000000e+00,-5.500000000000000028e-02,1.000000000000000888e-02,2.449999999999999956e-01,-5.999999999999999778e-02,7.299999999999999822e-01,8.000000000000000167e-02,-5.000000000000000278e-02,4.000000000000000083e-02,3.900000000000000133e-01,-1.950000000000000067e-01,-5.999999999999999778e-02,7.299999999999999822e-01,8.000000000000000167e-02,5.000000000000000278e-02,-4.000000000000000083e-02
4.050000,-3.158906063031347577e-01,0.000000000000000000e+00,7.594907452582463359e-01,9.999218760172473575e-01,0.000000000000000000e+00,-1.249967448170978719e-02,0.000000000000000000e+00,-4.647279954700853088e-01,0.000000000000000000e+00,0.000000000000000000e+00,9.308450897473788954e-01,-1.221170942772935586e-01,0.000000000000000000e+00,-4.348554904429742796e-01,0.000000000000000000e+00,0.000000000000000000e+00,6.182348462726144911e-01,-1.893793558296401613e-01,0.000000000000000000e+00,-7.499999999999999722e-02,0.000000000000000000e+00,-5.500000000000000028e-02,1.000000000000000888e-02,2.449999999999999956e-01,-5.999999999999999778e-02,7.299999999999999822e-01,8.000000000000000167e-02,-5.000000000000000278e-02,4.000000000000000083e-02,3.900000000000000133e-01,-1.950000000000000067e-01,-5.999999999999999778e-02,7.299999999999999822e-01,8.000000000000000167e-02,5.000000000000000278e-02,-4.000000000000000083e-02
4.060000,-3.166851309674143522e-01,0.000000000000000000e+00,7.594907452582463359e-01,9.999218760172473575e-01,0.000000000000000000e+00,-1.249967448170978719e-02,0.000000000000000000e+00,-4.632898993498770213e-01,0.000000000000000000e+00,0.000000000000000000e+00,9.308846263542195354e-01,-1.235947270043424862e-01,0.000000000000000000e+00,-4.356583005514507168e-01,0.000000000000000000e+00,0.000000000000000000e+00,6.171094716402747427e-01,-1.874511710888239757e-01,0.000000000000000000e+00,-7.499999999999999722e-02,0.000000000000000000e+00,-5.500000000000000028e-02,1.000000000000000888e-02,2.449999999999999956e-01,-5.999999999999999778e-02,7.299999999999999822e-01,8.000000000000000167e-02,-5.000000000000000278e-02,4.000000000000000083e-02,3.900000000000000133e-01,-1.950000000000000067e-01,-5.999999999999999778e-02,7.299999999999999822e-01,8.000000000000000167e-02,5.000000000000000278e-02,-4.000000000000000083e-02
4.070000,-3.173821127981549806e-01,0.000000000000000000e+00,7.594907452582463359e-01,9.999218760172473575e-01,0.000000000000000000e+00,-1.249967448170978719e-02,0.000000000000000000e+00,-4.620249224245596698e-01,0.000000000000000000e+00,0.000000000000000000e+00,9.309123407725825583e-01,-1.248874183480228606e-01,0.000000000000000000e+00,-4.363566741925358761e-01,0.000000000000000000e+00,0.000000000000000000e+00,6.161111145310478321e-01,-1.857544403385119058e-01,0.000000000000000000e+00,-7.499999999999999722e-02,0.000000000000000000e+00,-5.500000000000000028e-02,1.000000000000000888e-02,2.449999999999999956e-01,-5.999999999999999778e-02,7.299999999999999822e-01,8.000000000000000167e-02,-5.000000000000000278e-02,4.000000000000000083e-02,3.900000000000000133e-01,-1.950000000000000067e-01,-5.999999999999999778e-02,7.299999999999999822e-01,8.000000000000000167e-02,5.000000000000000278e-02,-4.000000000000000083e-02
4.080000,-3.179839519050157715e-01,0.000000000000000000e+00,7.594907452582463359e-01,9.999218760172473575e-01,0.000000000000000000e+00,-1.249967448170978719e-02,0.000000000000000000e+00,-4.609300446590934852e-01,0.000000000000000000e+00,0.000000000000000000e+00,9.309310325532440533e-01,-1.260009878941505956e-01,0.000000000000000000e+00,-4.369552759442503209e-01,0.000000000000000000e+00,0.000000000000000000e+00,6.152406244783245048e-01,-1.842853485340741337e-01,0.000000000000000000e+00,-7.499999999999999722e-02,0.000000000000000000e+00,-5.500000000000000028e-02,1.000000000000000888e-02,2.449999999999999956e-01,-5.999999999999999778e-02,7.299999999999999822e-01,8.000000000000000167e-02,-5.000000000000000278e-02,4.000000000000000083e-02,3.900000000000000133e-01,-1.950000000000000067e-01,-5.999999999999999778e-02,7.299999999999999822e-01,8.000000000000000167e-02,5.000000000000000278e-02,-4.000000000000000083e-02
4.090000,-3.184939595809648250e-01,0.000000000000000000e+00,7.594907452582463359e-01,9.999218760172473575e-01,0.000000000000000000e+00,-1.249967448170978719e-02,0.000000000000000000e+00,-4.600003599929262110e-01,0.000000000000000000e+00,0.000000000000000000e+00,9.309430716060105304e-01,-1.269427116130843469e-01,0.000000000000000000e+00,-4.374593069582462523e-01,0.000000000000000000e+00,0.000000000000000000e+00,6.144968300073320178e-01,-1.830375230490857152e-01,0.000000000000000000e+00,-7.499999999999999722e-02,0.000000000000000000e+00,-5.500000000000000028e-02,1.000000000000000888e-02,2.449999999999999956e-01,-5.999999999999999778e-02,7.299999999999999822e-01,8.000000000000000167e-02,-5.000000000000000278e-02,4.000000000000000083e-02,3.900000000000000133e-01,-1.950000000000000067e-01,-5.999999999999999778e-02,7.299999999999999822e-01,8.000000000000000167e-02,5.000000000000000278e-02,-4.000000000000000083e-02
4.100000,-3.189163979189452713e-01,0.000000000000000000e+00,7.594907452582463359e-01,9.999218760172473575e-01,0.000000000000000000e+00,-1.249967448170978719e-02,0.000000000000000000e+00,-4.592290073852659527e-01,0.000000000000000000e+00,0.000000000000000000e+00,9.309504034859996668e-01,-1.277213961007337417e-01,0.000000000000000000e+00,-4.378745410984970499e-01,0.000000000000000000e+00,0.000000000000000000e+00,6.138764760074791882e-01,-1.820019349089820881e-01,0.000000000000000000e+00,-7.499999999999999722e-02,0.000000000000000000e+00,-5.500000000000000028e-02,1.000000000000000888e-02,2.449999999999999956e-01,-5.999999999999999778e-02,7.299999999999999822e-01,8.000000000000000167e-02,-5.000000000000000278e-02,4.000000000000000083e-02,3.900000000000000133e-01,-1.950000000000000067e-01,-5.999999999999999778e-02,7.299999999999999822e-01,8.000000000000000167e-02,5.000000000000000278e-02,-4.000000000000000083e-02
4.110000,-3.192565194285410524e-01,0.000000000000000000e+00,7.594907452582463359e-01,9.999218760172473575e-01,0.000000000000000000e+00,-1.249967448170978719e-02,0.000000000000000000e+00,-4.586071083613463828e-01,0.000000000000000000e+00,0.000000000000000000e+00,9.309545683674340655e-01,-1.283474600060876547e-01,0.000000000000000000e+00,-4.382073739855128491e-01,0.000000000000000000e+00,0.000000000000000000e+00,6.133741853666977439e-01,-1.811668113811848446e-01,0.000000000000000000e+00,-7.499999999999999722e-02,0.000000000000000000e+00,-5.500000000000000028e-02,1.000000000000000888e-02,2.449999999999999956e-01,-5.999999999999999778e-02,7.299999999999999822e-01,8.000000000000000167e-02,-5.000000000000000278e-02,4.000000000000000083e-02,3.900000000000000133e-01,-1.950000000000000067e-01,-5.999999999999999778e-02,7.299999999999999822e-01,8.000000000000000167e-02,5.000000000000000278e-02,-4.000000000000000083e-02
4.120000,-3.195206066526418143e-01,0.000000000000000000e+00,7.594907452582463359e-01,9.999218760172473575e-01,0.000000000000000000e+00,-1.249967448170978719e-02,0.000000000000000000e+00,-4.581237105982994273e-01,0.000000000000000000e+00,0.000000000000000000e+00,9.309567327718011320e-01,-1.288330221735016767e-01,0.000000000000000000e+00,-4.384648842340737041e-01,0.000000000000000000e+00,0.000000000000000000e+00,6.129824435308249830e-01,-1.805175592967512288e-01,0.000000000000000000e+00,-7.499999999999999722e-02,0.000000000000000000e+00,-5.500000000000000028e-02,1.000000000000000888e-02,2.449999999999999956e-01,-5.999999999999999778e-02,7.299999999999999822e-01,8.000000000000000167e-02,-5.000000000000000278e-02,4.000000000000000083e-02,3.900000000000000133e-01,-1.950000000000000067e-01,-5.999999999999999778e-02,7.299999999999999822e-01,8.000000000000000167e-02,5.000000000000000278e-02,-4.000000000000000083e-02
4.130000,-3.197160117841091886e-01,0.000000000000000000e+00,7.594907452582463359e-01,9.999218760172473575e-01,0.000000000000000000e+00,-1.249967448170978719e-02,0.000000000000000000e+00,-4.577657368079167677e-01,0.000000000000000000e+00,0.000000000000000000e+00,9.309577325103702838e-01,-1.291919957024535437e-01,0.000000000000000000e+00,-4.386549055350565940e-01,0.000000000000000000e+00,0.000000000000000000e+00,6.126916034516209919e-01,-1.800366979165643477e-01,0.000000000000000000e+00,-7.499999999999999722e-02,0.000000000000000000e+00,-5.500000000000000028e-02,1.000000000000000888e-02,2.449999999999999956e-01,-5.999999999999999778e-02,7.299999999999999822e-01,8.000000000000000167e-02,-5.000000000000000278e-02,4.000000000000000083e-02,3.900000000000000133e-01,-1.950000000000000067e-01,-5.999999999999999778e-02,7.299999999999999822e-01,8.000000000000000167e-02,5.000000000000000278e-02,-4.000000000000000083e-02
4.140000,-3.198511962824425736e-01,0.000000000000000000e+00,7.594907452582463359e-01,9.999218760172473575e-01,0.000000000000000000e+00,-1.249967448170978719e-02,0.000000000000000000e+00,-4.575179378560616517e-01,0.000000000000000000e+00,0.000000000000000000e+00,9.309581246264413412e-01,-1.294401867703796061e-01,0.000000000000000000e+00,-4.387861075530640198e-01,0.000000000000000000e+00,0.000000000000000000e+00,6.124899071067710921e-01,-1.797037995537070221e-01,0.000000000000000000e+00,-7.499999999999999722e-02,0.000000000000000000e+00,-5.500000000000000028e-02,1.000000000000000888e-02,2.449999999999999956e-01,-5.999999999999999778e-02,7.299999999999999822e-01,8.000000000000000167e-02,-5.000000000000000278e-02,4.000000000000000083e-02,3.900000000000000133e-01,-1.950000000000000067e-01,-5.999999999999999778e-02,7.299999999999999822e-01,8.000000000000000167e-02,5.000000000000000278e-02,-4.000000000000000083e-02
4.150000,-3.199357704904437494e-01,0.000000000000000000e+00,7.594907452582463359e-01,9.999218760172473575e-01,0.000000000000000000e+00,-1.249967448170978719e-02,0.000000000000000000e+00,-4.573628487027078249e-01,0.000000000000000000e+00,0.000000000000000000e+00,9.309582453782916378e-01,-1.295953966755838405e-01,0.000000000000000000e+00,-4.388680828992904681e-01,0.000000000000000000e+00,0.000000000000000000e+00,6.123635184291867928e-01,-1.794954355298962745e-01,0.000000000000000000e+00,-7.499999999999999722e-02,0.000000000000000000e+00,-5.500000000000000028e-02,1.000000000000000888e-02,2.449999999999999956e-01,-5.999999999999999778e-02,7.299999999999999822e-01,8.000000000000000167e-02,-5.000000000000000278e-02,4.000000000000000083e-02,3.900000000000000133e-01,-1.950000000000000067e-01,-5.999999999999999778e-02,7.299999999999999822e-01,8.000000000000000167e-02,5.000000000000000278e-02,-4.000000000000000083e-02
4.160000,-3.199805332508837141e-01,0.000000000000000000e+00,7.594907452582463359e-01,9.999218760172473575e-01,0.000000000000000000e+00,-1.249967448170978719e-02,0.000000000000000000e+00,-4.572807453506851916e-01,0.000000000000000000e+00,0.000000000000000000e+00,9.309582704874057590e-01,-1.296775251367205950e-01,0.000000000000000000e+00,-4.389114366983845050e-01,0.000000000000000000e+00,0.000000000000000000e+00,6.122965610804538272e-01,-1.793851243820692720e-01,0.000000000000000000e+00,-7.499999999999999722e-02,0.000000000000000000e+00,-5.500000000000000028e-02,1.000000000000000888e-02,2.449999999999999956e-01,-5.999999999999999778e-02,7.299999999999999822e-01,8.000000000000000167e-02,-5.000000000000000278e-02,4.000000000000000083e-02,3.900000000000000133e-01,-1.950000000000000067e-01,-5.999999999999999778e-02,7.299999999999999822e-01,8.000000000000000167e-02,5.000000000000000278e-02,-4.000000000000000083e-02
4.170000,-3.199975115231674661e-01,0.000000000000000000e+00,7.594907452582463359e-01,9.999218760172473575e-01,0.000000000000000000e+00,-1.249967448170978719e-02,0.000000000000000000e+00,-4.572496005536993979e-01,0.000000000000000000e+00,0.000000000000000000e+00,9.309582729856787919e-01,-1.297086724319793660e-01,0.000000000000000000e+00,-4.389278744995085413e-01,0.000000000000000000e+00,0.000000000000000000e+00,6.122711530453883721e-01,-1.793432785458797807e-01,0.000000000000000000e+00,-7.499999999999999722e-02,0.000000000000000000e+00,-5.500000000000000028e-02,1.000000000000000888e-02,2.449999999999999956e-01,-5.999999999999999778e-02,7.299999999999999822e-01,8.000000000000000167e-02,-5.000000000000000278e-02,4.000000000000000083e-02,3.900000000000000133e-01,-1.950000000000000067e-01,-5.999999999999999778e-02,7.299999999999999822e-01,8.000000000000000167e-02,5.000000000000000278e-02,-4.000000000000000083e-02
4.180000,-3.200000000000000622e-01,0.000000000000000000e+00,7.594907452582463359e-01,9.999218760172473575e-01,0.000000000000000000e+00,-1.249967448170978719e-02,0.000000000000000000e+00,-4.572450355541489708e-01,0.000000000000000000e+00,0.000000000000000000e+00,9.309582730271812601e-01,-1.297132374730323168e-01,0.000000000000000000e+00,-4.389302834803131548e-01,0.000000000000000000e+00,0.000000000000000000e+00,6.122674285019926721e-01,-1.793371450216794671e-01,0.000000000000000000e+00,-7.499999999999999722e-02,0.000000000000000000e+00,-5.500000000000000028e-02,1.000000000000000888e-02,2.449999999999999956e-01,-5.999999999999999778e-02,7.299999999999999822e-01,8.000000000000000167e-02,-5.000000000000000278e-02,4.000000000000000083e-02,3.900000000000000133e-01,-1.950000000000000067e-01,-5.999999999999999778e-02,7.299999999999999822e-01,8.000000000000000167e-02,5.000000000000000278e-02,-4.000000000000000083e-02
4.190000,-3.200000000000000067e-01,0.000000000000000000e+00,7.594907452582463359e-01,9.999218760172473575e-01,0.000000000000000000e+00,-1.249967448170978893e-02,0.000000000000000000e+00,-4.571478197237122121e-01,0.000000000000000000e+00,0.000000000000000000e+00,9.307597666172332529e-01,-1.299186432195295060e-01,0.000000000000000000e+00,-4.390804342711054908e-01,0.000000000000000000e+00,0.000000000000000000e+00,6.125601608211004301e-01,-1.791730302239863404e-01,0.000000000000000000e+00,-7.486855871742489899e-02,0.000000000000000000e+00,-5.500000000000000028e-02,1.033298458252360219e-02,2.449561862391416434e-01,-5.989484697393991641e-02,7.299999999999999822e-01,7.985979596525323576e-02,-4.991237247828327062e-02,3.992989798262661788e-02,3.896670154174763923e-01,-1.950438137608583589e-01,-5.989484697393991641e-02,7.299999999999999822e-01,7.985979596525323576e-02,4.991237247828327062e-02,-3.992989798262661788e-02
4.200000,-3.200000000000000067e-01,0.000000000000000000e+00,7.594907452582463359e-01,9.999218760172473575e-01,0.000000000000000000e+00,-1.249967448170978719e-02,0.000000000000000000e+00,-4.565205734815258043e-01,0.000000000000000000e+00,0.000000000000000000e+00,9.294789934044834778e-01,-1.312424790098307703e-01,0.000000000000000000e+00,-4.400469144582833669e-01,0.000000000000000000e+00,0.000000000000000000e+00,6.144442444736550879e-01,-1.781132709284985460e-01,0.000000000000000000e+00,-7.402111753419722551e-02,0.000000000000000000e+00,-5.500000000000000028e-02,1.247983558003371019e-02,2.446737058447324142e-01,-5.921689402735777485e-02,7.299999999999999822e-01,7.895585870314369981e-02,-4.934741168946481932e-02,3.947792935157184990e-02,3.875201644199662843e-01,-1.953262941552675880e-01,-5.921689402735777485e-02,7.299999999999999822e-01,7.895585870314369981e-02,4.934741168946481932e-02,-3.947792935157184990e-02
4.210000,-3.200000000000000067e-01,0.000000000000000000e+00,7.594907452582463359e-01,9.999218760172473575e-01,0.000000000000000000e+00,-1.249967448170978372e-02,0.000000000000000000e+00,-4.549708333935084670e-01,0.000000000000000000e+00,0.000000000000000000e+00,9.263146550546835778e-01,-1.345024235947239744e-01,0.000000000000000000e+00,-4.424178516852238507e-01,0.000000000000000000e+00,0.000000000000000000e+00,6.190650755301327912e-01,-1.754886219113599433e-01,0.000000000000000000e+00,-7.193202774276473421e-02,0.000000000000000000e+00,-5.500000000000000028e-02,1.777219638499599741e-02,2.439773425809215746e-01,-5.754562219421179015e-02,7.299999999999999822e-01,7.672749625894904890e-02,-4.795468516184316077e-02,3.836374812947452445e-02,3.822278036150040248e-01,-1.960226574190784277e-01,-5.754562219421179015e-02,7.299999999999999822e-01,7.672749625894904890e-02,4.795468516184316077e-02,-3.836374812947452445e-02
4.220000,-3.200000000000000067e-01,0.000000000000000000e+00,7.594907452582463359e-01,9.999218760172473575e-01,0.000000000000000000e+00,-1.249967448170978893e-02,0.000000000000000000e+00,-4.522379090641443500e-01,0.000000000000000000e+00,0.000000000000000000e+00,9.207346850744899669e-01,-1.402135365396186550e-01,0.000000000000000000e+00,-4.465414642859332206e-01,0.000000000000000000e+00,0.000000000000000000e+00,6.270979094997065628e-01,-1.708396846845002814e-01,0.000000000000000000e+00,-6.826424548745441134e-02,0.000000000000000000e+00,-5.500000000000000028e-02,2.706391143178216163e-02,2.427547484958181290e-01,-5.461139638996353324e-02,7.299999999999999822e-01,7.281519518661803969e-02,-4.550949699163628348e-02,3.640759759330901985e-02,3.729360885682178606e-01,-1.972452515041818732e-01,-5.461139638996353324e-02,7.299999999999999822e-01,7.281519518661803969e-02,4.550949699163628348e-02,-3.640759759330901985e-02
4.230000,-3.200000000000000067e-01,0.000000000000000000e+00,7.594907452582463359e-01,9.999218760172473575e-01,0.000000000000000000e+00,-1.249967448170978893e-02,0.000000000000000000e+00,-4.481738108468811821e-01,0.000000000000000000e+00,0.000000000000000000e+00,9.124373743636617906e-01,-1.486173536205370738e-01,0.000000000000000000e+00,-4.525430416359670360e-01,0.000000000000000000e+00,0.000000000000000000e+00,6.387802265039457250e-01,-1.638833947642221456e-01,0.000000000000000000e+00,-6.284837566981862911e-02,0.000000000000000000e+00,-5.500000000000000028e-02,4.078411496979278406e-02,2.409494585566062108e-01,-5.027870053585490467e-02,7.299999999999999822e-01,6.703826738113988215e-02,-4.189891711321242634e-02,3.351913369056994108e-02,3.592158850302072381e-01,-1.990505414433937914e-01,-5.027870053585490467e-02,7.299999999999999822e-01,6.703826738113988215e-02,4.189891711321242634e-02,-3.351913369056994108e-02
4.240000,-3.200000000000000067e-01,0.000000000000000000e+00,7.594907452582463359e-01,9.999218760172473575e-01,0.000000000000000000e+00,-1.249967448170979066e-02,0.000000000000000000e+00,-4.427267079270645334e-01,0.000000000000000000e+00,0.000000000000000000e+00,9.013176028686243901e-01,-1.597135579489304957e-01,0.000000000000000000e+00,-4.603547469825725047e-01,0.000000000000000000e+00,0.000000000000000000e+00,6.539703082481421736e-01,-1.544928982581989518e-01,0.000000000000000000e+00,-5.566171585398400901e-02,0.000000000000000000e+00,-5.500000000000000028e-02,5.899031983657385125e-02,2.385539052846613328e-01,-4.452937268318720582e-02,7.299999999999999822e-01,5.937249691091628367e-02,-3.710781056932267730e-02,2.968624845545814184e-02,3.410096801634261432e-01,-2.014460947153386694e-01,-4.452937268318720582e-02,7.299999999999999822e-01,5.937249691091628367e-02,3.710781056932267730e-02,-2.968624845545814184e-02
4.250000,-3.200000000000000067e-01,0.000000000000000000e+00,7.594907452582463359e-01,9.999218760172473575e-01,0.000000000000000000e+00,-1.249967448170979066e-02,0.000000000000000000e+00,-4.359273683983109771e-01,0.000000000000000000e+00,0.000000000000000000e+00,8.874390916626815340e-01,-1.732946895297149403e-01,0.000000000000000000e+00,-4.697568471940353207e-01,0.000000000000000000e+00,0.000000000000000000e+00,6.722292095173273418e-01,-1.426893960579475040e-01,0.000000000000000000e+00,-4.680730017199524751e-02,0.000000000000000000e+00,-5.500000000000000028e-02,8.142150623094537853e-02,2.356024333906650836e-01,-3.744584013759619939e-02,7.299999999999999822e-01,4.992778685012826817e-02,-3.120486678133016500e-02,2.496389342506413409e-02,3.185784937690546714e-01,-2.043975666093349186e-01,-3.744584013759619939e-02,7.299999999999999822e-01,4.992778685012826817e-02,3.120486678133016500e-02,-2.496389342506413409e-02
4.260000,-3.200000000000000067e-01,0.000000000000000000e+00,7.594907452582463359e-01,9.999218760172473575e-01,0.000000000000000000e+00,-1.249967448170979066e-02,0.000000000000000000e+00,-4.278783866082755960e-01,0.000000000000000000e+00,0.000000000000000000e+00,8.710122882218825913e-01,-1.889837007455582585e-01,0.000000000000000000e+00,-4.804240926600561457e-01,0.000000000000000000e+00,0.000000000000000000e+00,6.929133397630125035e-01,-1.286394479710050165e-01,0.000000000000000000e+00,-3.649294322916372263e-02,0.000000000000000000e+00,-5.500000000000000028e-02,1.075512104861185703e-01,2.321643144097212397e-01,-2.919435458333097949e-02,7.299999999999999822e-01,3.892580611110797034e-02,-2.432862881944248407e-02,1.946290305555398517e-02,2.924487895138814242e-01,-2.078356855902787625e-01,-2.919435458333097949e-02,7.299999999999999822e-01,3.892580611110797034e-02,2.432862881944248407e-02,-1.946290305555398517e-02
4.270000,-3.200000000000000067e-01,0.000000000000000000e+00,7.594907452582463359e-01,9.999218760172473575e-01,0.000000000000000000e+00,-1.249967448170979066e-02,0.000000000000000000e+00,-4.187456560232484803e-01,0.000000000000000000e+00,0.000000000000000000e+00,8.523767993129693910e-01,-2.062738139344246768e-01,0.000000000000000000e+00,-4.919700455099172420e-01,0.000000000000000000e+00,0.000000000000000000e+00,7.152629624177537782e-01,-1.126502462631326917e-01,0.000000000000000000e+00,-2.501028400941267965e-02,0.000000000000000000e+00,-5.500000000000000028e-02,1.366406138428212236e-01,2.283367613364709059e-01,-2.000822720753014580e-02,7.299999999999999822e-01,2.667763627670685991e-02,-1.667352267294178875e-02,1.333881813835342996e-02,2.633593861571787986e-01,-2.116632386635290963e-01,-2.000822720753014580e-02,7.299999999999999822e-01,2.667763627670685991e-02,1.667352267294178875e-02,-1.333881813835342996e-02
4.280000,-3.200000000000000067e-01,0.000000000000000000e+00,7.594907452582463359e-01,9.999218760172473575e-01,0.000000000000000000e+00,-1.249967448170978546e-02,0.000000000000000000e+00,-4.087513255930471101e-01,0.000000000000000000e+00,0.000000000000000000e+00,8.319868407016463019e-01,-2.245699122871331888e-01,0.000000000000000000e+00,-5.039842985239226802e-01,0.000000000000000000e+00,0.000000000000000000e+00,7.384762634347361576e-01,-9.515756773227934673e-02,0.000000000000000000e+00,-1.271382978062825242e-02,0.000000000000000000e+00,-5.500000000000000028e-02,1.677916312224084217e-01,2.242379432602094047e-01,-1.017106382450260089e-02,7.299999999999999822e-01,1.356141843267013626e-02,-8.475886520418834946e-03,6.780709216335068130e-03,2.322083687775916006e-01,-2.157620567397905975e-01,-1.017106382450260089e-02,7.299999999999999822e-01,1.356141843267013626e-02,8.475886520418834946e-03,-6.780709216335068130e-03
4.290000,-3.200000000000000067e-01,0.000000000000000000e+00,7.594907452582463359e-01,9.999218760172473575e-01,0.000000000000000000e+00,-1.249967448170978893e-02,0.000000000000000000e+00,-3.981672730538164395e-01,0.000000000000000000e+00,0.000000000000000000e+00,8.103977560555040149e-01,-2.432304830016874808e-01,0.000000000000000000e+00,-5.160606899815958215e-01,0.000000000000000000e+00,0.000000000000000000e+00,7.617650652719053506e-01,-7.670437529030948998e-02,0.000000000000000000e+00,-2.498001805406601969e-17,0.000000000000000000e+00,-5.500000000000000028e-02,1.999999999999999556e-01,2.200000000000000011e-01,-1.998401444325281699e-17,7.299999999999999822e-01,2.664535259100375598e-17,-1.665334536937735057e-17,1.332267629550187799e-17,2.000000000000000666e-01,-2.200000000000000011e-01,-1.998401444325281699e-17,7.299999999999999822e-01,2.664535259100375598e-17,1.665334536937735057e-17,-1.332267629550187799e-17
4.300000,-3.200000000000000067e-01,0.000000000000000000e+00,7.594907452582463359e-01,9.999218760172473575e-01,0.000000000000000000e+00,-1.249967448170978546e-02,0.000000000000000000e+00,-3.873078834834132178e-01,0.000000000000000000e+00,0.000000000000000000e+00,7.882511555600199005e-01,-2.616088748980724965e-01,0.000000000000000000e+00,-5.278171587104456552e-01,0.000000000000000000e+00,0.000000000000000000e+00,7.843934284453362160e-01,-5.791066691342472428e-02,0.000000000000000000e+00,1.271382978062821079e-02,0.000000000000000000e+00,-5.500000000000000028e-02,2.322083687775914895e-01,2.157620567397905975e-01,1.017106382450256793e-02,7.299999999999999822e-01,-1.356141843267009116e-02,8.475886520418807191e-03,-6.780709216335045579e-03,1.677916312224085327e-01,-2.242379432602094047e-01,1.017106382450256793e-02,7.299999999999999822e-01,-1.356141843267009116e-02,-8.475886520418807191e-03,6.780709216335045579e-03
4.310000,-3.200000000000000067e-01,0.000000000000000000e+00,7.594907452582463359e-01,9.999218760172473575e-01,0.000000000000000000e+00,-1.249967448170979066e-02,0.000000000000000000e+00,-3.765206374102790798e-01,0.000000000000000000e+00,0.000000000000000000e+00,7.662556423306793318e-01,-2.790923342756989056e-01,0.000000000000000000e+00,-5.389092168779029413e-01,0.000000000000000000e+00,0.000000000000000000e+00,8.057031068377237260e-01,-3.943656060452205292e-02,0.000000000000000000e+00,2.501028400941373089e-02,0.000000000000000000e+00,-5.500000000000000028e-02,2.633593861571814632e-01,2.116632386635287633e-01,2.000822720753098194e-02,7.299999999999999822e-01,-2.667763627670798054e-02,1.667352267294248611e-02,-1.333881813835399027e-02,1.366406138428185590e-01,-2.283367613364712390e-01,2.000822720753098194e-02,7.299999999999999822e-01,-2.667763627670798054e-02,-1.667352267294248611e-02,1.333881813835399027e-02
4.320000,-3.200000000000000067e-01,0.000000000000000000e+00,7.594907452582463359e-01,9.999218760172473575e-01,0.000000000000000000e+00,-1.249967448170979066e-02,0.000000000000000000e+00,-3.661727688709879858e-01,0.000000000000000000e+00,0.000000000000000000e+00,7.451595931043781817e-01,-2.951370251014386881e-01,0.000000000000000000e+00,-5.490393423737287559e-01,0.000000000000000000e+00,0.000000000000000000e+00,8.251305046337852334e-01,-2.194096139200796269e-02,0.000000000000000000e+00,3.649294322916366712e-02,0.000000000000000000e+00,-5.500000000000000028e-02,2.924487895138813132e-01,2.078356855902787903e-01,2.919435458333093092e-02,7.299999999999999822e-01,-3.892580611110790789e-02,2.432862881944244590e-02,-1.946290305555395395e-02,1.075512104861187229e-01,-2.321643144097212119e-01,2.919435458333093092e-02,7.299999999999999822e-01,-3.892580611110790789e-02,-2.432862881944244590e-02,1.946290305555395395e-02
4.330000,-3.200000000000000067e-01,0.000000000000000000e+00,7.594907452582463359e-01,9.999218760172473575e-01,0.000000000000000000e+00,-1.249967448170979066e-02,0.000000000000000000e+00,-3.566322309969021664e-01,0.000000000000000000e+00,0.000000000000000000e+00,7.257124074233025635e-01,-3.092972101610558244e-01,0.000000000000000000e+00,-5.579643570417988085e-01,0.000000000000000000e+00,0.000000000000000000e+00,8.422193333077165889e-01,-6.037942531262219248e-03,0.000000000000000000e+00,4.680730017199519893e-02,0.000000000000000000e+00,-5.500000000000000028e-02,3.185784937690545049e-01,2.043975666093349464e-01,3.744584013759615776e-02,7.299999999999999822e-01,-4.992778685012821266e-02,3.120486678133013378e-02,-2.496389342506410633e-02,8.142150623094550344e-02,-2.356024333906650559e-01,3.744584013759615776e-02,7.299999999999999822e-01,-4.992778685012821266e-02,-3.120486678133013378e-02,2.496389342506410633e-02
4.340000,-3.200000000000000067e-01,0.000000000000000000e+00,7.594907452582463359e-01,9.999218760172473575e-01,0.000000000000000000e+00,-1.249967448170979066e-02,0.000000000000000000e+00,-3.482416812646275117e-01,0.000000000000000000e+00,0.000000000000000000e+00,7.086115986315982829e-01,-3.212472543595999985e-01,0.000000000000000000e+00,-5.655024353517464908e-01,0.000000000000000000e+00,0.000000000000000000e+00,8.566323431539826228e-01,7.747429190393173570e-03,0.000000000000000000e+00,5.566171585398397431e-02,0.000000000000000000e+00,-5.500000000000000028e-02,3.410096801634260877e-01,2.014460947153386694e-01,4.452937268318717806e-02,7.299999999999999822e-01,-5.937249691091624204e-02,3.710781056932265648e-02,-2.968624845545812102e-02,5.899031983657393452e-02,-2.385539052846613328e-01,4.452937268318717806e-02,7.299999999999999822e-01,-5.937249691091624204e-02,-3.710781056932265648e-02,2.968624845545812102e-02
4.350000,-3.200000000000000067e-01,0.000000000000000000e+00,7.594907452582463359e-01,9.999218760172473575e-01,0.000000000000000000e+00,-1.249967448170978719e-02,0.000000000000000000e+00,-3.412854391595500081e-01,0.000000000000000000e+00,0.000000000000000000e+00,6.944356171227238361e-01,-3.307963878594186169e-01,0.000000000000000000e+00,-5.715409891786068508e-01,0.000000000000000000e+00,0.000000000000000000e+00,8.681647249702657554e-01,1.902247410458590693e-02,0.000000000000000000e+00,6.284837566981921197e-02,0.000000000000000000e+00,-5.500000000000000028e-02,3.592158850302086814e-01,1.990505414433935971e-01,5.027870053585536958e-02,7.299999999999999822e-01,-6.703826738114049277e-02,4.189891711321280798e-02,-3.351913369057024639e-02,4.078411496979134077e-02,-2.409494585566064051e-01,5.027870053585536958e-02,7.299999999999999822e-01,-6.703826738114049277e-02,-4.189891711321280798e-02,3.351913369057024639e-02
4.360000,-3.200000000000000067e-01,0.000000000000000000e+00,7.594907452582463359e-01,9.999218760172473575e-01,0.000000000000000000e+00,-1.249967448170978893e-02,0.000000000000000000e+00,-3.359513882616328440e-01,0.000000000000000000e+00,0.000000000000000000e+00,6.835663976263959274e-01,-3.378982488354901337e-01,0.000000000000000000e+00,-5.760463708085723500e-01,0.000000000000000000e+00,0.000000000000000000e+00,8.767611849147344261e-01,2.756842536456505233e-02,0.000000000000000000e+00,6.826424548745448073e-02,0.000000000000000000e+00,-5.500000000000000028e-02,3.729360885682180271e-01,1.972452515041818455e-01,5.461139638996358181e-02,7.299999999999999822e-01,-7.281519518661812296e-02,4.550949699163632511e-02,-3.640759759330906148e-02,2.706391143178199510e-02,-2.427547484958181567e-01,5.461139638996358181e-02,7.299999999999999822e-01,-7.281519518661812296e-02,-4.550949699163632511e-02,3.640759759330906148e-02
4.370000,-3.200000000000000067e-01,0.000000000000000000e+00,7.594907452582463359e-01,9.999218760172473575e-01,0.000000000000000000e+00,-1.249967448170978372e-02,0.000000000000000000e+00,-3.322920365179087288e-01,0.000000000000000000e+00,0.000000000000000000e+00,6.761101783029564993e-01,-3.426595398514986623e-01,0.000000000000000000e+00,-5.790761134808068977e-01,0.000000000000000000e+00,0.000000000000000000e+00,8.825382524842321219e-01,3.337925906302574575e-02,0.000000000000000000e+00,7.193202774276467870e-02,0.000000000000000000e+00,-5.500000000000000028e-02,3.822278036150038583e-01,1.960226574190784277e-01,5.754562219421174851e-02,7.299999999999999822e-01,-7.672749625894900727e-02,4.795468516184312607e-02,-3.836374812947450363e-02,1.777219638499613619e-02,-2.439773425809215746e-01,5.754562219421174851e-02,7.299999999999999822e-01,-7.672749625894900727e-02,-4.795468516184312607e-02,3.836374812947450363e-02
4.380000,-3.200000000000000067e-01,0.000000000000000000e+00,7.594907452582463359e-01,9.999218760172473575e-01,0.000000000000000000e+00,-1.249967448170978719e-02,0.000000000000000000e+00,-3.301902185875009166e-01,0.000000000000000000e+00,0.000000000000000000e+00,6.718277237243837074e-01,-3.453534460500095049e-01,0.000000000000000000e+00,-5.807942128607039844e-01,0.000000000000000000e+00,0.000000000000000000e+00,8.858129313378224623e-01,3.669722243600825884e-02,0.000000000000000000e+00,7.402111753419718387e-02,0.000000000000000000e+00,-5.500000000000000028e-02,3.875201644199662288e-01,1.953262941552675880e-01,5.921689402735774710e-02,7.299999999999999822e-01,-7.895585870314367205e-02,4.934741168946479850e-02,-3.947792935157183603e-02,1.247983558003379345e-02,-2.446737058447324142e-01,5.921689402735774710e-02,7.299999999999999822e-01,-7.895585870314367205e-02,-4.934741168946479850e-02,3.947792935157183603e-02
4.390000,-3.200000000000000067e-01,0.000000000000000000e+00,7.594907452582463359e-01,9.999218760172473575e-01,0.000000000000000000e+00,-1.249967448170978893e-02,0.000000000000000000e+00,-3.293339138727117699e-01,0.000000000000000000e+00,0.000000000000000000e+00,6.700830370865884511e-01,-3.464424268878681934e-01,0.000000000000000000e+00,-5.814896126296316137e-01,0.000000000000000000e+00,0.000000000000000000e+00,8.871380738232482743e-01,3.804484248037487415e-02,0.000000000000000000e+00,7.486855871742495450e-02,0.000000000000000000e+00,-5.500000000000000028e-02,3.896670154174766143e-01,1.950438137608583311e-01,5.989484697393996498e-02,7.299999999999999822e-01,-7.985979596525329127e-02,4.991237247828331225e-02,-3.992989798262664564e-02,1.033298458252343566e-02,-2.449561862391416711e-01,5.989484697393996498e-02,7.299999999999999822e-01,-7.985979596525329127e-02,-4.991237247828331225e-02,3.992989798262664564e-02
4.400000,-3.200000000000000067e-01,0.000000000000000000e+00,7.594907452582463359e-01,9.999218760172473575e-01,0.000000000000000000e+00,-1.249967448170978719e-02,0.000000000000000000e+00,-3.292009047033100932e-01,0.000000000000000000e+00,0.000000000000000000e+00,6.698120380008112384e-01,-3.466111332975010950e-01,0.000000000000000000e+00,-5.815973920929660146e-01,0.000000000000000000e+00,0.000000000000000000e+00,8.873434420555956770e-01,3.825395003737042110e-02,0.000000000000000000e+00,7.499999999999999722e-02,0.000000000000000000e+00,-5.500000000000000028e-02,3.900000000000000133e-01,1.950000000000000067e-01,5.999999999999999778e-02,7.299999999999999822e-01,-8.000000000000000167e-02,5.000000000000000278e-02,-4.000000000000000083e-02,1.000000000000000888e-02,-2.449999999999999956e-01,5.999999999999999778e-02,7.299999999999999822e-01,-8.000000000000000167e-02,-5.000000000000000278e-02,4.000000000000000083e-02
4.410000,-3.200024884768325473e-01,0.000000000000000000e+00,7.594907452582463359e-01,9.999218760172473575e-01,0.000000000000000000e+00,-1.249967448170978719e-02,0.000000000000000000e+00,-3.292052240605706781e-01,0.000000000000000000e+00,0.000000000000000000e+00,6.698120379471855790e-01,-3.466068138866148507e-01,0.000000000000000000e+00,-5.815942758976453408e-01,0.000000000000000000e+00,0.000000000000000000e+00,8.873462026926685065e-01,3.824807320497691787e-02,0.000000000000000000e+00,7.499999999999999722e-02,0.000000000000000000e+00,-5.500000000000000028e-02,3.900000000000000133e-01,1.950000000000000067e-01,5.999999999999999778e-02,7.299999999999999822e-01,-8.000000000000000167e-02,5.000000000000000278e-02,-4.000000000000000083e-02,1.000000000000000888e-02,-2.449999999999999956e-01,5.999999999999999778e-02,7.299999999999999822e-01,-8.000000000000000167e-02,-5.000000000000000278e-02,4.000000000000000083e-02
4.420000,-3.200194667491162992e-01,0.000000000000000000e+00,7.594907452582463359e-01,9.999218760172473575e-01,0.000000000000000000e+00,-1.249967448170978719e-02,0.000000000000000000e+00,-3.292346925799871649e-01,0.000000000000000000e+00,0.000000000000000000e+00,6.698120347191391932e-01,-3.465773421391519782e-01,0.000000000000000000e+00,-5.815730134934538054e-01,0.000000000000000000e+00,0.000000000000000000e+00,8.873650353908423272e-01,3.820797810261156169e-02,0.000000000000000000e+00,7.499999999999999722e-02,0.000000000000000000e+00,-5.500000000000000028e-02,3.900000000000000133e-01,1.950000000000000067e-01,5.999999999999999778e-02,7.299999999999999822e-01,-8.000000000000000167e-02,5.000000000000000278e-02,-4.000000000000000083e-02,1.000000000000000888e-02,-2.449999999999999956e-01,5.999999999999999778e-02,7.299999999999999822e-01,-8.000000000000000167e-02,-5.000000000000000278e-02,4.000000000000000083e-02
4.430000,-3.200642295095562639e-01,0.000000000000000000e+00,7.594907452582463359e-01,9.999218760172473575e-01,0.000000000000000000e+00,-1.249967448170978719e-02,0.000000000000000000e+00,-3.293123737956390462e-01,0.000000000000000000e+00,0.000000000000000000e+00,6.698120022753756286e-01,-3.464996284797365322e-01,0.000000000000000000e+00,-5.815169443517200776e-01,0.000000000000000000e+00,0.000000000000000000e+00,8.874146667495655949e-01,3.810227760215456616e-02,0.000000000000000000e+00,7.499999999999999722e-02,0.000000000000000000e+00,-5.500000000000000028e-02,3.900000000000000133e-01,1.950000000000000067e-01,5.999999999999999778e-02,7.299999999999999822e-01,-8.000000000000000167e-02,5.000000000000000278e-02,-4.000000000000000083e-02,1.000000000000000888e-02,-2.449999999999999956e-01,5.999999999999999778e-02,7.299999999999999822e-01,-8.000000000000000167e-02,-5.000000000000000278e-02,4.000000000000000083e-02
4.440000,-3.201488037175574952e-01,0.000000000000000000e+00,7.594907452582463359e-01,9.999218760172473575e-01,0.000000000000000000e+00,-1.249967448170978719e-02,0.000000000000000000e+00,-3.294590972303295118e-01,0.000000000000000000e+00,0.000000000000000000e+00,6.698118462505666670e-01,-3.463527490202371051e-01,0.000000000000000000e+00,-5.814109629645303201e-01,0.000000000000000000e+00,0.000000000000000000e+00,8.875083583185455760e-01,3.790260464598482759e-02,0.000000000000000000e+00,7.499999999999999722e-02,0.000000000000000000e+00,-5.500000000000000028e-02,3.900000000000000133e-01,1.950000000000000067e-01,5.999999999999999778e-02,7.299999999999999822e-01,-8.000000000000000167e-02,5.000000000000000278e-02,-4.000000000000000083e-02,1.000000000000000888e-02,-2.449999999999999956e-01,5.999999999999999778e-02,7.299999999999999822e-01,-8.000000000000000167e-02,-5.000000000000000278e-02,4.000000000000000083e-02
4.450000,-3.202839882158907692e-01,0.000000000000000000e+00,7.594907452582463359e-01,9.999218760172473575e-01,0.000000000000000000e+00,-1.249967448170978719e-02,0.000000000000000000e+00,-3.296934955548904145e-01,0.000000000000000000e+00,0.000000000000000000e+00,6.698113395929130576e-01,-3.461178440380225929e-01,0.000000000000000000e+00,-5.812414386693649515e-01,0.000000000000000000e+00,0.000000000000000000e+00,8.876578953526111926e-01,3.758354331675384241e-02,0.000000000000000000e+00,7.499999999999999722e-02,0.000000000000000000e+00,-5.500000000000000028e-02,3.900000000000000133e-01,1.950000000000000067e-01,5.999999999999999778e-02,7.299999999999999822e-01,-8.000000000000000167e-02,5.000000000000000278e-02,-4.000000000000000083e-02,1.000000000000000888e-02,-2.449999999999999956e-01,5.999999999999999778e-02,7.299999999999999822e-01,-8.000000000000000167e-02,-5.000000000000000278e-02,4.000000000000000083e-02
4.460000,-3.204793933473582546e-01,0.000000000000000000e+00,7.594907452582463359e-01,9.999218760172473575e-01,0.000000000000000000e+00,-1.249967448170978719e-02,0.000000000000000000e+00,-3.300320366216808465e-01,0.000000000000000000e+00,0.000000000000000000e+00,6.698100478184937367e-01,-3.457780111968128400e-01,0.000000000000000000e+00,-5.809961306243788259e-01,0.000000000000000000e+00,0.000000000000000000e+00,8.878735667702671863e-01,3.712256385411161208e-02,0.000000000000000000e+00,7.499999999999999722e-02,0.000000000000000000e+00,-5.500000000000000028e-02,3.900000000000000133e-01,1.950000000000000067e-01,5.999999999999999778e-02,7.299999999999999822e-01,-8.000000000000000167e-02,5.000000000000000278e-02,-4.000000000000000083e-02,1.000000000000000888e-02,-2.449999999999999956e-01,5.999999999999999778e-02,7.299999999999999822e-01,-8.000000000000000167e-02,-5.000000000000000278e-02,4.000000000000000083e-02
4.470000,-3.207434805714589610e-01,0.000000000000000000e+00,7.594907452582463359e-01,9.999218760172473575e-01,0.000000000000000000e+00,-1.249967448170978719e-02,0.000000000000000000e+00,-3.304890539194814125e-01,0.000000000000000000e+00,0.000000000000000000e+00,6.698072511612414015e-01,-3.453181972417599388e-01,0.000000000000000000e+00,-5.806641014730284933e-01,0.000000000000000000e+00,0.000000000000000000e+00,8.881641426664427241e-01,3.649995880658585268e-02,0.000000000000000000e+00,7.499999999999999722e-02,0.000000000000000000e+00,-5.500000000000000028e-02,3.900000000000000133e-01,1.950000000000000067e-01,5.999999999999999778e-02,7.299999999999999822e-01,-8.000000000000000167e-02,5.000000000000000278e-02,-4.000000000000000083e-02,1.000000000000000888e-02,-2.449999999999999956e-01,5.999999999999999778e-02,7.299999999999999822e-01,-8.000000000000000167e-02,-5.000000000000000278e-02,4.000000000000000083e-02
4.480000,-3.210836020810546865e-01,0.000000000000000000e+00,7.594907452582463359e-01,9.999218760172473575e-01,0.000000000000000000e+00,-1.249967448170978719e-02,0.000000000000000000e+00,-3.310767783769870132e-01,0.000000000000000000e+00,0.000000000000000000e+00,6.698018696443901465e-01,-3.447250912674030832e-01,0.000000000000000000e+00,-5.802356326564972466e-01,0.000000000000000000e+00,0.000000000000000000e+00,8.885368546747743901e-01,3.569877798172294003e-02,0.000000000000000000e+00,7.499999999999999722e-02,0.000000000000000000e+00,-5.500000000000000028e-02,3.900000000000000133e-01,1.950000000000000067e-01,5.999999999999999778e-02,7.299999999999999822e-01,-8.000000000000000167e-02,5.000000000000000278e-02,-4.000000000000000083e-02,1.000000000000000888e-02,-2.449999999999999956e-01,5.999999999999999778e-02,7.299999999999999822e-01,-8.000000000000000167e-02,-5.000000000000000278e-02,4.000000000000000083e-02
4.490000,-3.215060404190351884e-01,0.000000000000000000e+00,7.594907452582463359e-01,9.999218760172473575e-01,0.000000000000000000e+00,-1.249967448170978719e-02,0.000000000000000000e+00,-3.318053738742817727e-01,0.000000000000000000e+00,0.000000000000000000e+00,6.697923959444573860e-01,-3.439870220701755632e-01,0.000000000000000000e+00,-5.797021437872920124e-01,0.000000000000000000e+00,0.000000000000000000e+00,8.889973834885394055e-01,3.470476029875269042e-02,0.000000000000000000e+00,7.499999999999999722e-02,0.000000000000000000e+00,-5.500000000000000028e-02,3.900000000000000133e-01,1.950000000000000067e-01,5.999999999999999778e-02,7.299999999999999822e-01,-8.000000000000000167e-02,5.000000000000000278e-02,-4.000000000000000083e-02,1.000000000000000888e-02,-2.449999999999999956e-01,5.999999999999999778e-02,7.299999999999999822e-01,-8.000000000000000167e-02,-5.000000000000000278e-02,4.000000000000000083e-02
4.500000,-3.220160480949842419e-01,0.000000000000000000e+00,7.594907452582463359e-01,9.999218760172473575e-01,0.000000000000000000e+00,-1.249967448170978719e-02,0.000000000000000000e+00,-3.326829783047010047e-01,0.000000000000000000e+00,0.000000000000000000e+00,6.697768398587365946e-01,-3.430938615540355396e-01,0.000000000000000000e+00,-5.790561179847832918e-01,0.000000000000000000e+00,0.000000000000000000e+00,8.895498569276448775e-01,3.350626105713849778e-02,0.000000000000000000e+00,7.499999999999999722e-02,0.000000000000000000e+00,-5.500000000000000028e-02,3.900000000000000133e-01,1.950000000000000067e-01,5.999999999999999778e-02,7.299999999999999822e-01,-8.000000000000000167e-02,5.000000000000000278e-02,-4.000000000000000083e-02,1.000000000000000888e-02,-2.449999999999999956e-01,5.999999999999999778e-02,7.299999999999999822e-01,-8.000000000000000167e-02,-5.000000000000000278e-02,4.000000000000000083e-02
4.510000,-3.226178872018449773e-01,0.000000000000000000e+00,7.594907452582463359e-01,9.999218760172473575e-01,0.000000000000000000e+00,-1.249967448170978719e-02,0.000000000000000000e+00,-3.337157515615510883e-01,0.000000000000000000e+00,0.000000000000000000e+00,6.697526872187722358e-01,-3.420369356572210973e-01,0.000000000000000000e+00,-5.782910345925613704e-01,0.000000000000000000e+00,0.000000000000000000e+00,8.901968610802861726e-01,3.209417351227528137e-02,0.000000000000000000e+00,7.499999999999999722e-02,0.000000000000000000e+00,-5.500000000000000028e-02,3.900000000000000133e-01,1.950000000000000067e-01,5.999999999999999778e-02,7.299999999999999822e-01,-8.000000000000000167e-02,5.000000000000000278e-02,-4.000000000000000083e-02,1.000000000000000888e-02,-2.449999999999999956e-01,5.999999999999999778e-02,7.299999999999999822e-01,-8.000000000000000167e-02,-5.000000000000000278e-02,4.000000000000000083e-02
4.520000,-3.233148690325857166e-01,0.000000000000000000e+00,7.594907452582463359e-01,9.999218760172473575e-01,0.000000000000000000e+00,-1.249967448170978719e-02,0.000000000000000000e+00,-3.349079314036053079e-01,0.000000000000000000e+00,0.000000000000000000e+00,6.697168752132325320e-01,-3.408089438096271739e-01,0.000000000000000000e+00,-5.774013102491176719e-01,0.000000000000000000e+00,0.000000000000000000e+00,8.909394662526652908e-01,3.046184399645235352e-02,0.000000000000000000e+00,7.499999999999999722e-02,0.000000000000000000e+00,-5.500000000000000028e-02,3.900000000000000133e-01,1.950000000000000067e-01,5.999999999999999778e-02,7.299999999999999822e-01,-8.000000000000000167e-02,5.000000000000000278e-02,-4.000000000000000083e-02,1.000000000000000888e-02,-2.449999999999999956e-01,5.999999999999999778e-02,7.299999999999999822e-01,-8.000000000000000167e-02,-5.000000000000000278e-02,4.000000000000000083e-02
4.530000,-3.241093936968652556e-01,0.000000000000000000e+00,7.594907452582463359e-01,9.999218760172473575e-01,0.000000000000000000e+00,-1.249967448170978719e-02,0.000000000000000000e+00,-3.362618977783506380e-01,0.000000000000000000e+00,0.000000000000000000e+00,6.696657852923245668e-01,-3.394038875139738787e-01,0.000000000000000000e+00,-5.763822488693156609e-01,0.000000000000000000e+00,0.000000000000000000e+00,8.917772687307177204e-01,2.860498013859791300e-02,0.000000000000000000e+00,7.499999999999999722e-02,0.000000000000000000e+00,-5.500000000000000028e-02,3.900000000000000133e-01,1.950000000000000067e-01,5.999999999999999778e-02,7.299999999999999822e-01,-8.000000000000000167e-02,5.000000000000000278e-02,-4.000000000000000083e-02,1.000000000000000888e-02,-2.449999999999999956e-01,5.999999999999999778e-02,7.299999999999999822e-01,-8.000000000000000167e-02,-5.000000000000000278e-02,4.000000000000000083e-02
4.540000,-3.250029897376989774e-01,0.000000000000000000e+00,7.594907452582463359e-01,9.999218760172473575e-01,0.000000000000000000e+00,-1.249967448170978719e-02,0.000000000000000000e+00,-3.377782458510296681e-01,0.000000000000000000e+00,0.000000000000000000e+00,6.695952541212875087e-01,-3.378170082702577903e-01,0.000000000000000000e+00,-5.752300007167896467e-01,0.000000000000000000e+00,0.000000000000000000e+00,8.927084486971678112e-01,2.652155201962191899e-02,0.000000000000000000e+00,7.499999999999999722e-02,0.000000000000000000e+00,-5.500000000000000028e-02,3.900000000000000133e-01,1.950000000000000067e-01,5.999999999999999778e-02,7.299999999999999822e-01,-8.000000000000000167e-02,5.000000000000000278e-02,-4.000000000000000083e-02,1.000000000000000888e-02,-2.449999999999999956e-01,5.999999999999999778e-02,7.299999999999999822e-01,-8.000000000000000167e-02,-5.000000000000000278e-02,4.000000000000000083e-02
4.550000,-3.259963537481239126e-01,0.000000000000000000e+00,7.594907452582463359e-01,9.999218760172473575e-01,0.000000000000000000e+00,-1.249967448170978719e-02,0.000000000000000000e+00,-3.394558676989658519e-01,0.000000000000000000e+00,0.000000000000000000e+00,6.695006024315525162e-01,-3.360447347325866141e-01,0.000000000000000000e+00,-5.739415304093261616e-01,0.000000000000000000e+00,0.000000000000000000e+00,8.937298440586993742e-01,2.421168635062675989e-02,0.000000000000000000e+00,7.499999999999999722e-02,0.000000000000000000e+00,-5.500000000000000028e-02,3.900000000000000133e-01,1.950000000000000067e-01,5.999999999999999778e-02,7.299999999999999822e-01,-8.000000000000000167e-02,5.000000000000000278e-02,-4.000000000000000083e-02,1.000000000000000888e-02,-2.449999999999999956e-01,5.999999999999999778e-02,7.299999999999999822e-01,-8.000000000000000167e-02,-5.000000000000000278e-02,4.000000000000000083e-02
4.560000,-3.270893899878650757e-01,0.000000000000000000e+00,7.594907452582463359e-01,9.999218760172473575e-01,0.000000000000000000e+00,-1.249967448170978719e-02,0.000000000000000000e+00,-3.412920423828052496e-01,0.000000000000000000e+00,0.000000000000000000e+00,6.693766810836232484e-01,-3.340846387008179486e-01,0.000000000000000000e+00,-5.725145934027625616e-01,0.000000000000000000e+00,0.000000000000000000e+00,8.948370394244783421e-01,2.167755397828419195e-02,0.000000000000000000e+00,7.499999999999999722e-02,0.000000000000000000e+00,-5.500000000000000028e-02,3.900000000000000133e-01,1.950000000000000067e-01,5.999999999999999778e-02,7.299999999999999822e-01,-8.000000000000000167e-02,5.000000000000000278e-02,-4.000000000000000083e-02,1.000000000000000888e-02,-2.449999999999999956e-01,5.999999999999999778e-02,7.299999999999999822e-01,-8.000000000000000167e-02,-5.000000000000000278e-02,4.000000000000000083e-02
4.570000,-3.282812500000000799e-01,0.000000000000000000e+00,7.594907452582463359e-01,9.999218760172473575e-01,0.000000000000000000e+00,-1.249967448170978719e-02,0.000000000000000000e+00,-3.432825338973306550e-01,0.000000000000000000e+00,0.000000000000000000e+00,6.692179332040106843e-01,-3.319353993066799791e-01,0.000000000000000000e+00,-5.709477202457837741e-01,0.000000000000000000e+00,0.000000000000000000e+00,8.960244690406802270e-01,1.892325120510363057e-02,0.000000000000000000e+00,7.499999999999999722e-02,0.000000000000000000e+00,-5.500000000000000028e-02,3.900000000000000133e-01,1.950000000000000067e-01,5.999999999999999778e-02,7.299999999999999822e-01,-8.000000000000000167e-02,5.000000000000000278e-02,-4.000000000000000083e-02,1.000000000000000888e-02,-2.449999999999999956e-01,5.999999999999999778e-02,7.299999999999999822e-01,-8.000000000000000167e-02,-5.000000000000000278e-02,4.000000000000000083e-02
4.580000,-3.295703722276257519e-01,0.000000000000000000e+00,7.594907452582463359e-01,9.999218760172473575e-01,0.000000000000000000e+00,-1.249967448170978719e-02,0.000000000000000000e+00,-3.454216963323562539e-01,0.000000000000000000e+00,0.000000000000000000e+00,6.690184708871346198e-01,-3.295967745547783156e-01,0.000000000000000000e+00,-5.692402076892520979e-01,0.000000000000000000e+00,0.000000000000000000e+00,8.972855321268301543e-01,1.595467556242191609e-02,0.000000000000000000e+00,7.499999999999999722e-02,0.000000000000000000e+00,-5.500000000000000028e-02,3.900000000000000133e-01,1.950000000000000067e-01,5.999999999999999778e-02,7.299999999999999822e-01,-8.000000000000000167e-02,5.000000000000000278e-02,-4.000000000000000083e-02,1.000000000000000888e-02,-2.449999999999999956e-01,5.999999999999999778e-02,7.299999999999999822e-01,-8.000000000000000167e-02,-5.000000000000000278e-02,4.000000000000000083e-02
4.590000,-3.309545216305233573e-01,0.000000000000000000e+00,7.594907452582463359e-01,9.999218760172473575e-01,0.000000000000000000e+00,-1.249967448170978719e-02,0.000000000000000000e+00,-3.477025854365496382e-01,0.000000000000000000e+00,0.000000000000000000e+00,6.687721646587195812e-01,-3.270695792221698928e-01,0.000000000000000000e+00,-5.673921155695490492e-01,0.000000000000000000e+00,0.000000000000000000e+00,8.986127187778444325e-01,1.277939679170458920e-02,0.000000000000000000e+00,7.499999999999999722e-02,0.000000000000000000e+00,-5.500000000000000028e-02,3.900000000000000133e-01,1.950000000000000067e-01,5.999999999999999778e-02,7.299999999999999822e-01,-8.000000000000000167e-02,5.000000000000000278e-02,-4.000000000000000083e-02,1.000000000000000888e-02,-2.449999999999999956e-01,5.999999999999999778e-02,7.299999999999999822e-01,-8.000000000000000167e-02,-5.000000000000000278e-02,4.000000000000000083e-02
4.600000,-3.324308293018241600e-01,0.000000000000000000e+00,7.594907452582463359e-01,9.999218760172473575e-01,0.000000000000000000e+00,-1.249967448170978719e-02,0.000000000000000000e+00,-3.501170756712299048e-01,0.000000000000000000e+00,0.000000000000000000e+00,6.684727436754399621e-01,-3.243556680042100071e-01,0.000000000000000000e+00,-5.654042682650373131e-01,0.000000000000000000e+00,0.000000000000000000e+00,8.999977443883919737e-01,9.406523876645422888e-03,0.000000000000000000e+00,7.499999999999999722e-02,0.000000000000000000e+00,-5.500000000000000028e-02,3.900000000000000133e-01,1.950000000000000067e-01,5.999999999999999778e-02,7.299999999999999822e-01,-8.000000000000000167e-02,5.000000000000000278e-02,-4.000000000000000083e-02,1.000000000000000888e-02,-2.449999999999999956e-01,5.999999999999999778e-02,7.299999999999999822e-01,-8.000000000000000167e-02,-5.000000000000000278e-02,4.000000000000000083e-02
4.610000,-3.339958320846748152e-01,0.000000000000000000e+00,7.594907452582463359e-01,9.999218760172473575e-01,0.000000000000000000e+00,-1.249967448170978719e-02,0.000000000000000000e+00,-3.526559817643381556e-01,0.000000000000000000e+00,0.000000000000000000e+00,6.681139044811350569e-01,-3.214579227167968511e-01,0.000000000000000000e+00,-5.632782594464539327e-01,0.000000000000000000e+00,0.000000000000000000e+00,9.014316904196154612e-01,5.846569026838444039e-03,0.000000000000000000e+00,7.499999999999999722e-02,0.000000000000000000e+00,-5.500000000000000028e-02,3.900000000000000133e-01,1.950000000000000067e-01,5.999999999999999778e-02,7.299999999999999822e-01,-8.000000000000000167e-02,5.000000000000000278e-02,-4.000000000000000083e-02,1.000000000000000888e-02,-2.449999999999999956e-01,5.999999999999999778e-02,7.299999999999999822e-01,-8.000000000000000167e-02,-5.000000000000000278e-02,4.000000000000000083e-02
4.620000,-3.356455121889035387e-01,0.000000000000000000e+00,7.594907452582463359e-01,9.999218760172473575e-01,0.000000000000000000e+00,-1.249967448170978719e-02,0.000000000000000000e+00,-3.553091837237319361e-01,0.000000000000000000e+00,0.000000000000000000e+00,6.676894260465725539e-01,-3.183802423228405676e-01,0.000000000000000000e+00,-5.610164588032132693e-01,0.000000000000000000e+00,0.000000000000000000e+00,9.029051492571565918e-01,2.111309546056649999e-03,0.000000000000000000e+00,7.499999999999999722e-02,0.000000000000000000e+00,-5.500000000000000028e-02,3.900000000000000133e-01,1.950000000000000067e-01,5.999999999999999778e-02,7.299999999999999822e-01,-8.000000000000000167e-02,5.000000000000000278e-02,-4.000000000000000083e-02,1.000000000000000888e-02,-2.449999999999999956e-01,5.999999999999999778e-02,7.299999999999999822e-01,-8.000000000000000167e-02,-5.000000000000000278e-02,4.000000000000000083e-02
4.630000,-3.373753368076855552e-01,0.000000000000000000e+00,7.594907452582463359e-01,9.999218760172473575e-01,0.000000000000000000e+00,-1.249967448170978719e-02,0.000000000000000000e+00,-3.580657542404542815e-01,0.000000000000000000e+00,0.000000000000000000e+00,6.671932887806384382e-01,-3.151275345401841066e-01,0.000000000000000000e+00,-5.586220194249404969e-01,0.000000000000000000e+00,0.000000000000000000e+00,9.044083708974115510e-01,-1.786351472470970592e-03,0.000000000000000000e+00,7.499999999999999722e-02,0.000000000000000000e+00,-5.500000000000000028e-02,3.900000000000000133e-01,1.950000000000000067e-01,5.999999999999999778e-02,7.299999999999999822e-01,-8.000000000000000167e-02,5.000000000000000278e-02,-4.000000000000000083e-02,1.000000000000000888e-02,-2.449999999999999956e-01,5.999999999999999778e-02,7.299999999999999822e-01,-8.000000000000000167e-02,-5.000000000000000278e-02,4.000000000000000083e-02
4.640000,-3.391802977342083802e-01,0.000000000000000000e+00,7.594907452582463359e-01,9.999218760172473575e-01,0.000000000000000000e+00,-1.249967448170978719e-02,0.000000000000000000e+00,-3.609140874033632262e-01,0.000000000000000000e+00,0.000000000000000000e+00,6.666197952085977096e-01,-3.117057078052344332e-01,0.000000000000000000e+00,-5.560988845471359632e-01,0.000000000000000000e+00,0.000000000000000000e+00,9.059314092388647266e-01,-5.832524691728679933e-03,0.000000000000000000e+00,7.499999999999999722e-02,0.000000000000000000e+00,-5.500000000000000028e-02,3.900000000000000133e-01,1.950000000000000067e-01,5.999999999999999778e-02,7.299999999999999822e-01,-8.000000000000000167e-02,5.000000000000000278e-02,-4.000000000000000083e-02,1.000000000000000888e-02,-2.449999999999999956e-01,5.999999999999999778e-02,7.299999999999999822e-01,-8.000000000000000167e-02,-5.000000000000000278e-02,4.000000000000000083e-02
4.650000,-3.410549509783380451e-01,0.000000000000000000e+00,7.594907452582463359e-01,9.999218760172473575e-01,0.000000000000000000e+00,-1.249967448170978719e-02,0.000000000000000000e+00,-3.638420276532616238e-01,0.000000000000000000e+00,0.000000000000000000e+00,6.659636900602267096e-01,-3.081216624069650356e-01,0.000000000000000000e+00,-5.534517924274627854e-01,0.000000000000000000e+00,0.000000000000000000e+00,9.074642658396009365e-01,-1.001247341213817865e-02,0.000000000000000000e+00,7.499999999999999722e-02,0.000000000000000000e+00,-5.500000000000000028e-02,3.900000000000000133e-01,1.950000000000000067e-01,5.999999999999999778e-02,7.299999999999999822e-01,-8.000000000000000167e-02,5.000000000000000278e-02,-4.000000000000000083e-02,1.000000000000000888e-02,-2.449999999999999956e-01,5.999999999999999778e-02,7.299999999999999822e-01,-8.000000000000000167e-02,-5.000000000000000278e-02,4.000000000000000083e-02
4.660000,-3.429934563832837124e-01,0.000000000000000000e+00,7.594907452582463359e-01,9.999218760172473575e-01,0.000000000000000000e+00,-1.249967448170978719e-02,0.000000000000000000e+00,-3.668369979244304191e-01,0.000000000000000000e+00,0.000000000000000000e+00,6.652202775897575471e-01,-3.043832796653270778e-01,0.000000000000000000e+00,-5.506862782002348577e-01,0.000000000000000000e+00,0.000000000000000000e+00,9.089970291229926280e-01,-1.431075092275768679e-02,0.000000000000000000e+00,7.499999999999999722e-02,0.000000000000000000e+00,-5.500000000000000028e-02,3.900000000000000133e-01,1.950000000000000067e-01,5.999999999999999778e-02,7.299999999999999822e-01,-8.000000000000000167e-02,5.000000000000000278e-02,-4.000000000000000083e-02,1.000000000000000888e-02,-2.449999999999999956e-01,5.999999999999999778e-02,7.299999999999999822e-01,-8.000000000000000167e-02,-5.000000000000000278e-02,4.000000000000000083e-02
4.670000,-3.449896172422645679e-01,0.000000000000000000e+00,7.594907452582463359e-01,9.999218760172473575e-01,0.000000000000000000e+00,-1.249967448170978719e-02,0.000000000000000000e+00,-3.698861259515063282e-01,0.000000000000000000e+00,0.000000000000000000e+00,6.643855340536051202e-01,-3.004994081020987418e-01,0.000000000000000000e+00,-5.478086716567656111e-01,0.000000000000000000e+00,0.000000000000000000e+00,9.105200071636572190e-01,-1.871133550689152436e-02,0.000000000000000000e+00,7.499999999999999722e-02,0.000000000000000000e+00,-5.500000000000000028e-02,3.900000000000000133e-01,1.950000000000000067e-01,5.999999999999999778e-02,7.299999999999999822e-01,-8.000000000000000167e-02,5.000000000000000278e-02,-4.000000000000000083e-02,1.000000000000000888e-02,-2.449999999999999956e-01,5.999999999999999778e-02,7.299999999999999822e-01,-8.000000000000000167e-02,-5.000000000000000278e-02,4.000000000000000083e-02
4.680000,-3.470369199151744910e-01,0.000000000000000000e+00,7.594907452582463359e-01,9.999218760172473575e-01,0.000000000000000000e+00,-1.249967448170978719e-02,0.000000000000000000e+00,-3.729763677576455327e-01,0.000000000000000000e+00,0.000000000000000000e+00,6.634562133944340578e-01,-2.964798456367884749e-01,0.000000000000000000e+00,-5.448260900139401119e-01,0.000000000000000000e+00,0.000000000000000000e+00,9.120238523580643797e-01,-2.319776234412418425e-02,0.000000000000000000e+00,7.499999999999999722e-02,0.000000000000000000e+00,-5.500000000000000028e-02,3.900000000000000133e-01,1.950000000000000067e-01,5.999999999999999778e-02,7.299999999999999822e-01,-8.000000000000000167e-02,5.000000000000000278e-02,-4.000000000000000083e-02,1.000000000000000888e-02,-2.449999999999999956e-01,5.999999999999999778e-02,7.299999999999999822e-01,-8.000000000000000167e-02,-5.000000000000000278e-02,4.000000000000000083e-02
4.690000,-3.491285734452484468e-01,0.000000000000000000e+00,7.594907452582463359e-01,9.999218760172473575e-01,0.000000000000000000e+00,-1.249967448170978719e-02,0.000000000000000000e+00,-3.760946273839879117e-01,0.000000000000000000e+00,0.000000000000000000e+00,6.624299443155156064e-01,-2.923353169315276445e-01,0.000000000000000000e+00,-5.417464248585429631e-01,0.000000000000000000e+00,0.000000000000000000e+00,9.134996764724426788e-01,-2.775325161389974316e-02,0.000000000000000000e+00,7.499999999999999722e-02,0.000000000000000000e+00,-5.500000000000000028e-02,3.900000000000000133e-01,1.950000000000000067e-01,5.999999999999999778e-02,7.299999999999999822e-01,-8.000000000000000167e-02,5.000000000000000278e-02,-4.000000000000000083e-02,1.000000000000000888e-02,-2.449999999999999956e-01,5.999999999999999778e-02,7.299999999999999822e-01,-8.000000000000000167e-02,-5.000000000000000278e-02,4.000000000000000083e-02
4.700000,-3.512575491757269353e-01,0.000000000000000000e+00,7.594907452582463359e-01,9.999218760172473575e-01,0.000000000000000000e+00,-1.249967448170978719e-02,0.000000000000000000e+00,-3.792278719692010469e-01,0.000000000000000000e+00,0.000000000000000000e+00,6.613053170729508157e-01,-2.880774451037497186e-01,0.000000000000000000e+00,-5.385783225867309953e-01,0.000000000000000000e+00,0.000000000000000000e+00,9.149391547593747065e-01,-3.236083217264373868e-02,0.000000000000000000e+00,7.499999999999999722e-02,0.000000000000000000e+00,-5.500000000000000028e-02,3.900000000000000133e-01,1.950000000000000067e-01,5.999999999999999778e-02,7.299999999999999822e-01,-8.000000000000000167e-02,5.000000000000000278e-02,-4.000000000000000083e-02,1.000000000000000888e-02,-2.449999999999999956e-01,5.999999999999999778e-02,7.299999999999999822e-01,-8.000000000000000167e-02,-5.000000000000000278e-02,4.000000000000000083e-02
4.710000,-3.534166203665228267e-01,0.000000000000000000e+00,7.594907452582463359e-01,9.999218760172473575e-01,0.000000000000000000e+00,-1.249967448170978719e-02,0.000000000000000000e+00,-3.823632413404430275e-01,0.000000000000000000e+00,0.000000000000000000e+00,6.600819584614836533e-01,-2.837187171210405756e-01,0.000000000000000000e+00,-5.353311577931942900e-01,0.000000000000000000e+00,0.000000000000000000e+00,9.163346180392027973e-01,-3.700346024600842387e-02,0.000000000000000000e+00,7.499999999999999722e-02,0.000000000000000000e+00,-5.500000000000000028e-02,3.900000000000000133e-01,1.950000000000000067e-01,5.999999999999999778e-02,7.299999999999999822e-01,-8.000000000000000167e-02,5.000000000000000278e-02,-4.000000000000000083e-02,1.000000000000000888e-02,-2.449999999999999956e-01,5.999999999999999778e-02,7.299999999999999822e-01,-8.000000000000000167e-02,-5.000000000000000278e-02,4.000000000000000083e-02
4.720000,-3.555984018108865330e-01,0.000000000000000000e+00,7.594907452582463359e-01,9.999218760172473575e-01,0.000000000000000000e+00,-1.249967448170978719e-02,0.000000000000000000e+00,-3.854881513330774001e-01,0.000000000000000000e+00,0.000000000000000000e+00,6.587605936198707157e-01,-2.792724422867932654e-01,0.000000000000000000e+00,-5.320149992000847705e-01,0.000000000000000000e+00,0.000000000000000000e+00,9.176791318494150751e-01,-4.166413264933033211e-02,0.000000000000000000e+00,7.499999999999999722e-02,0.000000000000000000e+00,-5.500000000000000028e-02,3.900000000000000133e-01,1.950000000000000067e-01,5.999999999999999778e-02,7.299999999999999822e-01,-8.000000000000000167e-02,5.000000000000000278e-02,-4.000000000000000083e-02,1.000000000000000888e-02,-2.449999999999999956e-01,5.999999999999999778e-02,7.299999999999999822e-01,-8.000000000000000167e-02,-5.000000000000000278e-02,4.000000000000000083e-02
4.730000,-3.577953894520716771e-01,0.000000000000000000e+00,7.594907452582463359e-01,9.999218760172473575e-01,0.000000000000000000e+00,-1.249967448170978719e-02,0.000000000000000000e+00,-3.885903901159866169e-01,0.000000000000000000e+00,0.000000000000000000e+00,6.573430934326858210e-01,-2.747527033166991539e-01,0.000000000000000000e+00,-5.286405678492289706e-01,0.000000000000000000e+00,0.000000000000000000e+00,9.189665619718240253e-01,-4.632599412259497118e-02,0.000000000000000000e+00,7.499999999999999722e-02,0.000000000000000000e+00,-5.500000000000000028e-02,3.900000000000000133e-01,1.950000000000000067e-01,5.999999999999999778e-02,7.299999999999999822e-01,-8.000000000000000167e-02,5.000000000000000278e-02,-4.000000000000000083e-02,1.000000000000000888e-02,-2.449999999999999956e-01,5.999999999999999778e-02,7.299999999999999822e-01,-8.000000000000000167e-02,-5.000000000000000278e-02,4.000000000000000083e-02
4.740000,-3.600000000000000977e-01,0.000000000000000000e+00,7.594907452582463359e-01,9.999218760172473575e-01,0.000000000000000000e+00,-1.249967448170978719e-02,0.000000000000000000e+00,-3.916582068628912672e-01,0.000000000000000000e+00,0.000000000000000000e+00,6.558325064567969154e-01,-2.701742995939055980e-01,0.000000000000000000e+00,-5.252191874104675806e-01,0.000000000000000000e+00,0.000000000000000000e+00,9.201916258515332459e-01,-5.097243844106569277e-02,0.000000000000000000e+00,7.499999999999999722e-02,0.000000000000000000e+00,-5.500000000000000028e-02,3.900000000000000133e-01,1.950000000000000067e-01,5.999999999999999778e-02,7.299999999999999822e-01,-8.000000000000000167e-02,5.000000000000000278e-02,-4.000000000000000083e-02,1.000000000000000888e-02,-2.449999999999999956e-01,5.999999999999999778e-02,7.299999999999999822e-01,-8.000000000000000167e-02,-5.000000000000000278e-02,4.000000000000000083e-02
4.750000,-3.622046105479284073e-01,0.000000000000000000e+00,7.594907452582463359e-01,9.999218760172473575e-01,0.000000000000000000e+00,-1.249967448170978719e-02,0.000000000000000000e+00,-3.946803921786060099e-01,0.000000000000000000e+00,0.000000000000000000e+00,6.542330744533092490e-01,-2.655526822747031890e-01,0.000000000000000000e+00,-5.217627265826246807e-01,0.000000000000000000e+00,0.000000000000000000e+00,9.213499296221598911e-01,-5.558720303953523789e-02,0.000000000000000000e+00,7.499999999999999722e-02,0.000000000000000000e+00,-5.500000000000000028e-02,3.900000000000000133e-01,1.950000000000000067e-01,5.999999999999999778e-02,7.299999999999999822e-01,-8.000000000000000167e-02,5.000000000000000278e-02,-4.000000000000000083e-02,1.000000000000000888e-02,-2.449999999999999956e-01,5.999999999999999778e-02,7.299999999999999822e-01,-8.000000000000000167e-02,-5.000000000000000278e-02,4.000000000000000083e-02
4.760000,-3.644015981891133849e-01,0.000000000000000000e+00,7.594907452582463359e-01,9.999218760172473575e-01,0.000000000000000000e+00,-1.249967448170978719e-02,0.000000000000000000e+00,-3.976463497638672573e-01,0.000000000000000000e+00,0.000000000000000000e+00,6.525502307613179065e-01,-2.609038809974505990e-01,0.000000000000000000e+00,-5.182835336804091364e-01,0.000000000000000000e+00,0.000000000000000000e+00,9.224379906476465329e-01,-6.015445696723742408e-02,0.000000000000000000e+00,7.499999999999999722e-02,0.000000000000000000e+00,-5.500000000000000028e-02,3.900000000000000133e-01,1.950000000000000067e-01,5.999999999999999778e-02,7.299999999999999822e-01,-8.000000000000000167e-02,5.000000000000000278e-02,-4.000000000000000083e-02,1.000000000000000888e-02,-2.449999999999999956e-01,5.999999999999999778e-02,7.299999999999999822e-01,-8.000000000000000167e-02,-5.000000000000000278e-02,4.000000000000000083e-02
4.770000,-3.665833796334773131e-01,0.000000000000000000e+00,7.594907452582463359e-01,9.999218760172473575e-01,0.000000000000000000e+00,-1.249967448170978719e-02,0.000000000000000000e+00,-4.005461588846972454e-01,0.000000000000000000e+00,0.000000000000000000e+00,6.507905809108317507e-01,-2.562444220261344552e-01,0.000000000000000000e+00,-5.147943636096750097e-01,0.000000000000000000e+00,0.000000000000000000e+00,9.234532456818987933e-01,-6.465888207222370010e-02,0.000000000000000000e+00,7.499999999999999722e-02,0.000000000000000000e+00,-5.500000000000000028e-02,3.900000000000000133e-01,1.950000000000000067e-01,5.999999999999999778e-02,7.299999999999999822e-01,-8.000000000000000167e-02,5.000000000000000278e-02,-4.000000000000000083e-02,1.000000000000000888e-02,-2.449999999999999956e-01,5.999999999999999778e-02,7.299999999999999822e-01,-8.000000000000000167e-02,-5.000000000000000278e-02,4.000000000000000083e-02
4.780000,-3.687424508242732046e-01,0.000000000000000000e+00,7.594907452582463359e-01,9.999218760172473575e-01,0.000000000000000000e+00,-1.249967448170978719e-02,0.000000000000000000e+00,-4.033706273038110135e-01,0.000000000000000000e+00,0.000000000000000000e+00,6.489618650419731738e-01,-2.515912377381621101e-01,0.000000000000000000e+00,-5.113082975344166448e-01,0.000000000000000000e+00,0.000000000000000000e+00,9.243940449331987663e-01,-6.908574739878214910e-02,0.000000000000000000e+00,7.499999999999999722e-02,0.000000000000000000e+00,-5.500000000000000028e-02,3.900000000000000133e-01,1.950000000000000067e-01,5.999999999999999778e-02,7.299999999999999822e-01,-8.000000000000000167e-02,5.000000000000000278e-02,-4.000000000000000083e-02,1.000000000000000888e-02,-2.449999999999999956e-01,5.999999999999999778e-02,7.299999999999999822e-01,-8.000000000000000167e-02,-5.000000000000000278e-02,4.000000000000000083e-02
4.790000,-3.708714265547516931e-01,0.000000000000000000e+00,7.594907452582463359e-01,9.999218760172473575e-01,0.000000000000000000e+00,-1.249967448170978719e-02,0.000000000000000000e+00,-4.061113344339390419e-01,0.000000000000000000e+00,0.000000000000000000e+00,6.470729018795955412e-01,-2.469615674456564491e-01,0.000000000000000000e+00,-5.078386556313780886e-01,0.000000000000000000e+00,0.000000000000000000e+00,9.252596325007621525e-01,-7.342097686938398038e-02,0.000000000000000000e+00,7.499999999999999722e-02,0.000000000000000000e+00,-5.500000000000000028e-02,3.900000000000000133e-01,1.950000000000000067e-01,5.999999999999999778e-02,7.299999999999999822e-01,-8.000000000000000167e-02,5.000000000000000278e-02,-4.000000000000000083e-02,1.000000000000000888e-02,-2.449999999999999956e-01,5.999999999999999778e-02,7.299999999999999822e-01,-8.000000000000000167e-02,-5.000000000000000278e-02,4.000000000000000083e-02
4.800000,-3.729630800848254268e-01,0.000000000000000000e+00,7.594907452582463359e-01,9.999218760172473575e-01,0.000000000000000000e+00,-1.249967448170978719e-02,0.000000000000000000e+00,-4.087606645875996869e-01,0.000000000000000000e+00,0.000000000000000000e+00,6.451335142105187881e-01,-2.423728496229190510e-01,0.000000000000000000e+00,-5.043989034121773019e-01,0.000000000000000000e+00,0.000000000000000000e+00,9.260501138258363518e-01,-7.765121041365907750e-02,0.000000000000000000e+00,7.499999999999999722e-02,0.000000000000000000e+00,-5.500000000000000028e-02,3.900000000000000133e-01,1.950000000000000067e-01,5.999999999999999778e-02,7.299999999999999822e-01,-8.000000000000000167e-02,5.000000000000000278e-02,-4.000000000000000083e-02,1.000000000000000888e-02,-2.449999999999999956e-01,5.999999999999999778e-02,7.299999999999999822e-01,-8.000000000000000167e-02,-5.000000000000000278e-02,4.000000000000000083e-02
4.810000,-3.750103827577355720e-01,0.000000000000000000e+00,7.594907452582463359e-01,9.999218760172473575e-01,0.000000000000000000e+00,-1.249967448170978719e-02,0.000000000000000000e+00,-4.113118303261138475e-01,0.000000000000000000e+00,0.000000000000000000e+00,6.431544360282599460e-01,-2.378426057021460482e-01,0.000000000000000000e+00,-5.010025521684355887e-01,0.000000000000000000e+00,0.000000000000000000e+00,9.267664109690447738e-01,-8.176385880060910161e-02,0.000000000000000000e+00,7.499999999999999722e-02,0.000000000000000000e+00,-5.500000000000000028e-02,3.900000000000000133e-01,1.950000000000000067e-01,5.999999999999999778e-02,7.299999999999999822e-01,-8.000000000000000167e-02,5.000000000000000278e-02,-4.000000000000000083e-02,1.000000000000000888e-02,-2.449999999999999956e-01,5.999999999999999778e-02,7.299999999999999822e-01,-8.000000000000000167e-02,-5.000000000000000278e-02,4.000000000000000083e-02
4.820000,-3.770065436167163719e-01,0.000000000000000000e+00,7.594907452582463359e-01,9.999218760172473575e-01,0.000000000000000000e+00,-1.249967448170978719e-02,0.000000000000000000e+00,-4.137588860532724899e-01,0.000000000000000000e+00,0.000000000000000000e+00,6.411472017503887511e-01,-2.333883156971162109e-01,0.000000000000000000e+00,-4.976630541627686810e-01,0.000000000000000000e+00,0.000000000000000000e+00,9.274102066887858209e-01,-8.574715252601705640e-02,0.000000000000000000e+00,7.499999999999999722e-02,0.000000000000000000e+00,-5.500000000000000028e-02,3.900000000000000133e-01,1.950000000000000067e-01,5.999999999999999778e-02,7.299999999999999822e-01,-8.000000000000000167e-02,5.000000000000000278e-02,-4.000000000000000083e-02,1.000000000000000888e-02,-2.449999999999999956e-01,5.999999999999999778e-02,7.299999999999999822e-01,-8.000000000000000167e-02,-5.000000000000000278e-02,4.000000000000000083e-02
4.830000,-3.789450490216620948e-01,0.000000000000000000e+00,7.594907452582463359e-01,9.999218760172473575e-01,0.000000000000000000e+00,-1.249967448170978719e-02,0.000000000000000000e+00,-4.160967321563073806e-01,0.000000000000000000e+00,0.000000000000000000e+00,6.391240181784575425e-01,-2.290272860221501117e-01,0.000000000000000000e+00,-4.943936932477901447e-01,0.000000000000000000e+00,0.000000000000000000e+00,9.279838784515086481e-01,-8.959018520371841987e-02,0.000000000000000000e+00,7.499999999999999722e-02,0.000000000000000000e+00,-5.500000000000000028e-02,3.900000000000000133e-01,1.950000000000000067e-01,5.999999999999999778e-02,7.299999999999999822e-01,-8.000000000000000167e-02,5.000000000000000278e-02,-4.000000000000000083e-02,1.000000000000000888e-02,-2.449999999999999956e-01,5.999999999999999778e-02,7.299999999999999822e-01,-8.000000000000000167e-02,-5.000000000000000278e-02,4.000000000000000083e-02
4.840000,-3.808197022657915376e-01,0.000000000000000000e+00,7.594907452582463359e-01,9.999218760172473575e-01,0.000000000000000000e+00,-1.249967448170978719e-02,0.000000000000000000e+00,-4.183211101680317512e-01,0.000000000000000000e+00,0.000000000000000000e+00,6.370976201604021671e-01,-2.247765099923703658e-01,0.000000000000000000e+00,-4.912074716467078606e-01,0.000000000000000000e+00,0.000000000000000000e+00,9.284904236523485732e-01,-9.328295200564062917e-02,0.000000000000000000e+00,7.499999999999999722e-02,0.000000000000000000e+00,-5.500000000000000028e-02,3.900000000000000133e-01,1.950000000000000067e-01,5.999999999999999778e-02,7.299999999999999822e-01,-8.000000000000000167e-02,5.000000000000000278e-02,-4.000000000000000083e-02,1.000000000000000888e-02,-2.449999999999999956e-01,5.999999999999999778e-02,7.299999999999999822e-01,-8.000000000000000167e-02,-5.000000000000000278e-02,4.000000000000000083e-02
4.850000,-3.826246631923145292e-01,0.000000000000000000e+00,7.594907452582463359e-01,9.999218760172473575e-01,0.000000000000000000e+00,-1.249967448170978719e-02,0.000000000000000000e+00,-4.204285896076211393e-01,0.000000000000000000e+00,0.000000000000000000e+00,6.350811112289260763e-01,-2.206525216213048868e-01,0.000000000000000000e+00,-4.881169936726960645e-01,0.000000000000000000e+00,0.000000000000000000e+00,9.289333774622561268e-01,-9.681638378956003432e-02,0.000000000000000000e+00,7.499999999999999722e-02,0.000000000000000000e+00,-5.500000000000000028e-02,3.900000000000000133e-01,1.950000000000000067e-01,5.999999999999999778e-02,7.299999999999999822e-01,-8.000000000000000167e-02,5.000000000000000278e-02,-4.000000000000000083e-02,1.000000000000000888e-02,-2.449999999999999956e-01,5.999999999999999778e-02,7.299999999999999822e-01,-8.000000000000000167e-02,-5.000000000000000278e-02,4.000000000000000083e-02
4.860000,-3.843544878110966012e-01,0.000000000000000000e+00,7.594907452582463359e-01,9.999218760172473575e-01,0.000000000000000000e+00,-1.249967448170978719e-02,0.000000000000000000e+00,-4.224165473506223401e-01,0.000000000000000000e+00,0.000000000000000000e+00,6.330877908229174400e-01,-2.166712434722950498e-01,0.000000000000000000e+00,-4.851343472000014256e-01,0.000000000000000000e+00,0.000000000000000000e+00,9.293167248432150362e-01,-1.001823776432135826e-01,0.000000000000000000e+00,7.499999999999999722e-02,0.000000000000000000e+00,-5.500000000000000028e-02,3.900000000000000133e-01,1.950000000000000067e-01,5.999999999999999778e-02,7.299999999999999822e-01,-8.000000000000000167e-02,5.000000000000000278e-02,-4.000000000000000083e-02,1.000000000000000888e-02,-2.449999999999999956e-01,5.999999999999999778e-02,7.299999999999999822e-01,-8.000000000000000167e-02,-5.000000000000000278e-02,4.000000000000000083e-02
4.870000,-3.860041679153253247e-01,0.000000000000000000e+00,7.594907452582463359e-01,9.999218760172473575e-01,0.000000000000000000e+00,-1.249967448170978719e-02,0.000000000000000000e+00,-4.242831405772031772e-01,0.000000000000000000e+00,0.000000000000000000e+00,6.311309700457349292e-01,-2.128478294685317018e-01,0.000000000000000000e+00,-4.822709837274438138e-01,0.000000000000000000e+00,0.000000000000000000e+00,9.296448083838217968e-01,-1.033738246563780105e-01,0.000000000000000000e+00,7.499999999999999722e-02,0.000000000000000000e+00,-5.500000000000000028e-02,3.900000000000000133e-01,1.950000000000000067e-01,5.999999999999999778e-02,7.299999999999999822e-01,-8.000000000000000167e-02,5.000000000000000278e-02,-4.000000000000000083e-02,1.000000000000000888e-02,-2.449999999999999956e-01,5.999999999999999778e-02,7.299999999999999822e-01,-8.000000000000000167e-02,-5.000000000000000278e-02,4.000000000000000083e-02
4.880000,-3.875691706981759244e-01,0.000000000000000000e+00,7.594907452582463359e-01,9.999218760172473575e-01,0.000000000000000000e+00,-1.249967448170978719e-02,0.000000000000000000e+00,-4.260272745456836208e-01,0.000000000000000000e+00,0.000000000000000000e+00,6.292237782646745714e-01,-2.091965037189909005e-01,0.000000000000000000e+00,-4.795375978942336692e-01,0.000000000000000000e+00,0.000000000000000000e+00,9.299222337003818506e-01,-1.063846358061482089e-01,0.000000000000000000e+00,7.499999999999999722e-02,0.000000000000000000e+00,-5.500000000000000028e-02,3.900000000000000133e-01,1.950000000000000067e-01,5.999999999999999778e-02,7.299999999999999822e-01,-8.000000000000000167e-02,5.000000000000000278e-02,-4.000000000000000083e-02,1.000000000000000888e-02,-2.449999999999999956e-01,5.999999999999999778e-02,7.299999999999999822e-01,-8.000000000000000167e-02,-5.000000000000000278e-02,4.000000000000000083e-02
4.890000,-3.890454783694766716e-01,0.000000000000000000e+00,7.594907452582463359e-01,9.999218760172473575e-01,0.000000000000000000e+00,-1.249967448170978719e-02,0.000000000000000000e+00,-4.276485666288119547e-01,0.000000000000000000e+00,0.000000000000000000e+00,6.273789631971922187e-01,-2.057303965683802138e-01,0.000000000000000000e+00,-4.769440073181820394e-01,0.000000000000000000e+00,0.000000000000000000e+00,9.301537742202861114e-01,-1.092097669021040440e-01,0.000000000000000000e+00,7.499999999999999722e-02,0.000000000000000000e+00,-5.500000000000000028e-02,3.900000000000000133e-01,1.950000000000000067e-01,5.999999999999999778e-02,7.299999999999999822e-01,-8.000000000000000167e-02,5.000000000000000278e-02,-4.000000000000000083e-02,1.000000000000000888e-02,-2.449999999999999956e-01,5.999999999999999778e-02,7.299999999999999822e-01,-8.000000000000000167e-02,-5.000000000000000278e-02,4.000000000000000083e-02
4.900000,-3.904296277723743325e-01,0.000000000000000000e+00,7.594907452582463359e-01,9.999218760172473575e-01,0.000000000000000000e+00,-1.249967448170978719e-02,0.000000000000000000e+00,-4.291473082244715020e-01,0.000000000000000000e+00,0.000000000000000000e+00,6.256086874457963409e-01,-2.024613792213247887e-01,0.000000000000000000e+00,-4.744990336266087239e-01,0.000000000000000000e+00,0.000000000000000000e+00,9.303442772110667169e-01,-1.118452435844580206e-01,0.000000000000000000e+00,7.499999999999999722e-02,0.000000000000000000e+00,-5.500000000000000028e-02,3.900000000000000133e-01,1.950000000000000067e-01,5.999999999999999778e-02,7.299999999999999822e-01,-8.000000000000000167e-02,5.000000000000000278e-02,-4.000000000000000083e-02,1.000000000000000888e-02,-2.449999999999999956e-01,5.999999999999999778e-02,7.299999999999999822e-01,-8.000000000000000167e-02,-5.000000000000000278e-02,4.000000000000000083e-02
4.910000,-3.917187500000000600e-01,0.000000000000000000e+00,7.594907452582463359e-01,9.999218760172473575e-01,0.000000000000000000e+00,-1.249967448170978719e-02,0.000000000000000000e+00,-4.305244263007448335e-01,0.000000000000000000e+00,0.000000000000000000e+00,6.239243247164926176e-01,-1.993998984157477339e-01,0.000000000000000000e+00,-4.722103855394628735e-01,0.000000000000000000e+00,0.000000000000000000e+00,9.304985729361753277e-01,-1.142881873967124262e-01,0.000000000000000000e+00,7.499999999999999722e-02,0.000000000000000000e+00,-5.500000000000000028e-02,3.900000000000000133e-01,1.950000000000000067e-01,5.999999999999999778e-02,7.299999999999999822e-01,-8.000000000000000167e-02,5.000000000000000278e-02,-4.000000000000000083e-02,1.000000000000000888e-02,-2.449999999999999956e-01,5.999999999999999778e-02,7.299999999999999822e-01,-8.000000000000000167e-02,-5.000000000000000278e-02,4.000000000000000083e-02
4.920000,-3.929106100121350642e-01,0.000000000000000000e+00,7.594907452582463359e-01,9.999218760172473575e-01,0.000000000000000000e+00,-1.249967448170978719e-02,0.000000000000000000e+00,-4.317814464469663105e-01,0.000000000000000000e+00,0.000000000000000000e+00,6.223362591650672959e-01,-1.965548127181009352e-01,0.000000000000000000e+00,-4.700845448410725935e-01,0.000000000000000000e+00,0.000000000000000000e+00,9.306213888030338000e-01,-1.165368439619611785e-01,0.000000000000000000e+00,7.499999999999999722e-02,0.000000000000000000e+00,-5.500000000000000028e-02,3.900000000000000133e-01,1.950000000000000067e-01,5.999999999999999778e-02,7.299999999999999822e-01,-8.000000000000000167e-02,5.000000000000000278e-02,-4.000000000000000083e-02,1.000000000000000888e-02,-2.449999999999999956e-01,5.999999999999999778e-02,7.299999999999999822e-01,-8.000000000000000167e-02,-5.000000000000000278e-02,4.000000000000000083e-02
4.930000,-3.940036462518760607e-01,0.000000000000000000e+00,7.594907452582463359e-01,9.999218760172473575e-01,0.000000000000000000e+00,-1.249967448170978719e-02,0.000000000000000000e+00,-4.329204593667221879e-01,0.000000000000000000e+00,0.000000000000000000e+00,6.208536914402779106e-01,-1.939332320735556725e-01,0.000000000000000000e+00,-4.681266560400469956e-01,0.000000000000000000e+00,0.000000000000000000e+00,9.307172703161339378e-01,-1.185906142760868587e-01,0.000000000000000000e+00,7.499999999999999722e-02,0.000000000000000000e+00,-5.500000000000000028e-02,3.900000000000000133e-01,1.950000000000000067e-01,5.999999999999999778e-02,7.299999999999999822e-01,-8.000000000000000167e-02,5.000000000000000278e-02,-4.000000000000000083e-02,1.000000000000000888e-02,-2.449999999999999956e-01,5.999999999999999778e-02,7.299999999999999822e-01,-8.000000000000000167e-02,-5.000000000000000278e-02,4.000000000000000083e-02
4.940000,-3.949970102623011070e-01,0.000000000000000000e+00,7.594907452582463359e-01,9.999218760172473575e-01,0.000000000000000000e+00,-1.249967448170978719e-02,0.000000000000000000e+00,-4.339440927552487004e-01,0.000000000000000000e+00,0.000000000000000000e+00,6.194844550125706562e-01,-1.915403622573219056e-01,0.000000000000000000e+00,-4.663404204644878703e-01,0.000000000000000000e+00,0.000000000000000000e+00,9.307905105537586099e-01,-1.204500900892706561e-01,0.000000000000000000e+00,7.499999999999999722e-02,0.000000000000000000e+00,-5.500000000000000028e-02,3.900000000000000133e-01,1.950000000000000067e-01,5.999999999999999778e-02,7.299999999999999822e-01,-8.000000000000000167e-02,5.000000000000000278e-02,-4.000000000000000083e-02,1.000000000000000888e-02,-2.449999999999999956e-01,5.999999999999999778e-02,7.299999999999999822e-01,-8.000000000000000167e-02,-5.000000000000000278e-02,4.000000000000000083e-02
4.950000,-3.958906063031347733e-01,0.000000000000000000e+00,7.594907452582463359e-01,9.999218760172473575e-01,0.000000000000000000e+00,-1.249967448170978719e-02,0.000000000000000000e+00,-4.348554904429742796e-01,0.000000000000000000e+00,0.000000000000000000e+00,6.182348462726144911e-01,-1.893793558296401613e-01,0.000000000000000000e+00,-4.647279954700853088e-01,0.000000000000000000e+00,0.000000000000000000e+00,9.308450897473788954e-01,-1.221170942772935586e-01,0.000000000000000000e+00,7.499999999999999722e-02,0.000000000000000000e+00,-5.500000000000000028e-02,3.900000000000000133e-01,1.950000000000000067e-01,5.999999999999999778e-02,7.299999999999999822e-01,-8.000000000000000167e-02,5.000000000000000278e-02,-4.000000000000000083e-02,1.000000000000000888e-02,-2.449999999999999956e-01,5.999999999999999778e-02,7.299999999999999822e-01,-8.000000000000000167e-02,-5.000000000000000278e-02,4.000000000000000083e-02
4.960000,-3.966851309674143122e-01,0.000000000000000000e+00,7.594907452582463359e-01,9.999218760172473575e-01,0.000000000000000000e+00,-1.249967448170978719e-02,0.000000000000000000e+00,-4.356583005514506057e-01,0.000000000000000000e+00,0.000000000000000000e+00,6.171094716402747427e-01,-1.874511710888240867e-01,0.000000000000000000e+00,-4.632898993498770768e-01,0.000000000000000000e+00,0.000000000000000000e+00,9.308846263542195354e-01,-1.235947270043423751e-01,0.000000000000000000e+00,7.499999999999999722e-02,0.000000000000000000e+00,-5.500000000000000028e-02,3.900000000000000133e-01,1.950000000000000067e-01,5.999999999999999778e-02,7.299999999999999822e-01,-8.000000000000000167e-02,5.000000000000000278e-02,-4.000000000000000083e-02,1.000000000000000888e-02,-2.449999999999999956e-01,5.999999999999999778e-02,7.299999999999999822e-01,-8.000000000000000167e-02,-5.000000000000000278e-02,4.000000000000000083e-02
4.970000,-3.973821127981550516e-01,0.000000000000000000e+00,7.594907452582463359e-01,9.999218760172473575e-01,0.000000000000000000e+00,-1.249967448170978719e-02,0.000000000000000000e+00,-4.363566741925359316e-01,0.000000000000000000e+00,0.000000000000000000e+00,6.161111145310478321e-01,-1.857544403385118503e-01,0.000000000000000000e+00,-4.620249224245596142e-01,0.000000000000000000e+00,0.000000000000000000e+00,9.309123407725825583e-01,-1.248874183480228606e-01,0.000000000000000000e+00,7.499999999999999722e-02,0.000000000000000000e+00,-5.500000000000000028e-02,3.900000000000000133e-01,1.950000000000000067e-01,5.999999999999999778e-02,7.299999999999999822e-01,-8.000000000000000167e-02,5.000000000000000278e-02,-4.000000000000000083e-02,1.000000000000000888e-02,-2.449999999999999956e-01,5.999999999999999778e-02,7.299999999999999822e-01,-8.000000000000000167e-02,-5.000000000000000278e-02,4.000000000000000083e-02
4.980000,-3.979839519050157870e-01,0.000000000000000000e+00,7.594907452582463359e-01,9.999218760172473575e-01,0.000000000000000000e+00,-1.249967448170978719e-02,0.000000000000000000e+00,-4.369552759442504319e-01,0.000000000000000000e+00,0.000000000000000000e+00,6.152406244783245048e-01,-1.842853485340740227e-01,0.000000000000000000e+00,-4.609300446590934297e-01,0.000000000000000000e+00,0.000000000000000000e+00,9.309310325532440533e-01,-1.260009878941505956e-01,0.000000000000000000e+00,7.499999999999999722e-02,0.000000000000000000e+00,-5.500000000000000028e-02,3.900000000000000133e-01,1.950000000000000067e-01,5.999999999999999778e-02,7.299999999999999822e-01,-8.000000000000000167e-02,5.000000000000000278e-02,-4.000000000000000083e-02,1.000000000000000888e-02,-2.449999999999999956e-01,5.999999999999999778e-02,7.299999999999999822e-01,-8.000000000000000167e-02,-5.000000000000000278e-02,4.000000000000000083e-02
4.990000,-3.984939595809648405e-01,0.000000000000000000e+00,7.594907452582463359e-01,9.999218760172473575e-01,0.000000000000000000e+00,-1.249967448170978719e-02,0.000000000000000000e+00,-4.374593069582462523e-01,0.000000000000000000e+00,0.000000000000000000e+00,6.144968300073320178e-01,-1.830375230490857152e-01,0.000000000000000000e+00,-4.600003599929262110e-01,0.000000000000000000e+00,0.000000000000000000e+00,9.309430716060105304e-01,-1.269427116130843469e-01,0.000000000000000000e+00,7.499999999999999722e-02,0.000000000000000000e+00,-5.500000000000000028e-02,3.900000000000000133e-01,1.950000000000000067e-01,5.999999999999999778e-02,7.299999999999999822e-01,-8.000000000000000167e-02,5.000000000000000278e-02,-4.000000000000000083e-02,1.000000000000000888e-02,-2.449999999999999956e-01,5.999999999999999778e-02,7.299999999999999822e-01,-8.000000000000000167e-02,-5.000000000000000278e-02,4.000000000000000083e-02
5.000000,-3.989163979189453979e-01,0.000000000000000000e+00,7.594907452582463359e-01,9.999218760172473575e-01,0.000000000000000000e+00,-1.249967448170978719e-02,0.000000000000000000e+00,-4.378745410984972164e-01,0.000000000000000000e+00,0.000000000000000000e+00,6.138764760074791882e-01,-1.820019349089819216e-01,0.000000000000000000e+00,-4.592290073852657861e-01,0.000000000000000000e+00,0.000000000000000000e+00,9.309504034859996668e-01,-1.277213961007338527e-01,0.000000000000000000e+00,7.499999999999999722e-02,0.000000000000000000e+00,-5.500000000000000028e-02,3.900000000000000133e-01,1.950000000000000067e-01,5.999999999999999778e-02,7.299999999999999822e-01,-8.000000000000000167e-02,5.000000000000000278e-02,-4.000000000000000083e-02,1.000000000000000888e-02,-2.449999999999999956e-01,5.999999999999999778e-02,7.299999999999999822e-01,-8.000000000000000167e-02,-5.000000000000000278e-02,4.000000000000000083e-02
5.010000,-3.992565194285410124e-01,0.000000000000000000e+00,7.594907452582463359e-01,9.999218760172473575e-01,0.000000000000000000e+00,-1.249967448170978719e-02,0.000000000000000000e+00,-4.382073739855129046e-01,0.000000000000000000e+00,0.000000000000000000e+00,6.133741853666980770e-01,-1.811668113811851222e-01,0.000000000000000000e+00,-4.586071083613464938e-01,0.000000000000000000e+00,0.000000000000000000e+00,9.309545683674340655e-01,-1.283474600060875437e-01,0.000000000000000000e+00,7.499999999999999722e-02,0.000000000000000000e+00,-5.500000000000000028e-02,3.900000000000000133e-01,1.950000000000000067e-01,5.999999999999999778e-02,7.299999999999999822e-01,-8.000000000000000167e-02,5.000000000000000278e-02,-4.000000000000000083e-02,1.000000000000000888e-02,-2.449999999999999956e-01,5.999999999999999778e-02,7.299999999999999822e-01,-8.000000000000000167e-02,-5.000000000000000278e-02,4.000000000000000083e-02
5.020000,-3.995206066526417743e-01,0.000000000000000000e+00,7.594907452582463359e-01,9.999218760172473575e-01,0.000000000000000000e+00,-1.249967448170978719e-02,0.000000000000000000e+00,-4.384648842340735930e-01,0.000000000000000000e+00,0.000000000000000000e+00,6.129824435308249830e-01,-1.805175592967513398e-01,0.000000000000000000e+00,-4.581237105982995383e-01,0.000000000000000000e+00,0.000000000000000000e+00,9.309567327718011320e-01,-1.288330221735015657e-01,0.000000000000000000e+00,7.499999999999999722e-02,0.000000000000000000e+00,-5.500000000000000028e-02,3.900000000000000133e-01,1.950000000000000067e-01,5.999999999999999778e-02,7.299999999999999822e-01,-8.000000000000000167e-02,5.000000000000000278e-02,-4.000000000000000083e-02,1.000000000000000888e-02,-2.449999999999999956e-01,5.999999999999999778e-02,7.299999999999999822e-01,-8.000000000000000167e-02,-5.000000000000000278e-02,4.000000000000000083e-02
5.030000,-3.997160117841092597e-01,0.000000000000000000e+00,7.594907452582463359e-01,9.999218760172473575e-01,0.000000000000000000e+00,-1.249967448170978719e-02,0.000000000000000000e+00,-4.386549055350567050e-01,0.000000000000000000e+00,0.000000000000000000e+00,6.126916034516209919e-01,-1.800366979165642367e-01,0.000000000000000000e+00,-4.577657368079167122e-01,0.000000000000000000e+00,0.000000000000000000e+00,9.309577325103702838e-01,-1.291919957024535437e-01,0.000000000000000000e+00,7.499999999999999722e-02,0.000000000000000000e+00,-5.500000000000000028e-02,3.900000000000000133e-01,1.950000000000000067e-01,5.999999999999999778e-02,7.299999999999999822e-01,-8.000000000000000167e-02,5.000000000000000278e-02,-4.000000000000000083e-02,1.000000000000000888e-02,-2.449999999999999956e-01,5.999999999999999778e-02,7.299999999999999822e-01,-8.000000000000000167e-02,-5.000000000000000278e-02,4.000000000000000083e-02
5.040000,-3.998511962824424781e-01,0.000000000000000000e+00,7.594907452582463359e-01,9.999218760172473575e-01,0.000000000000000000e+00,-1.249967448170978719e-02,0.000000000000000000e+00,-4.387861075530639088e-01,0.000000000000000000e+00,0.000000000000000000e+00,6.124899071067710921e-01,-1.797037995537071331e-01,0.000000000000000000e+00,-4.575179378560617627e-01,0.000000000000000000e+00,0.000000000000000000e+00,9.309581246264413412e-01,-1.294401867703796061e-01,0.000000000000000000e+00,7.499999999999999722e-02,0.000000000000000000e+00,-5.500000000000000028e-02,3.900000000000000133e-01,1.950000000000000067e-01,5.999999999999999778e-02,7.299999999999999822e-01,-8.000000000000000167e-02,5.000000000000000278e-02,-4.000000000000000083e-02,1.000000000000000888e-02,-2.449999999999999956e-01,5.999999999999999778e-02,7.299999999999999822e-01,-8.000000000000000167e-02,-5.000000000000000278e-02,4.000000000000000083e-02
5.050000,-3.999357704904437094e-01,0.000000000000000000e+00,7.594907452582463359e-01,9.999218760172473575e-01,0.000000000000000000e+00,-1.249967448170978719e-02,0.000000000000000000e+00,-4.388680828992903571e-01,0.000000000000000000e+00,0.000000000000000000e+00,6.123635184291871258e-01,-1.794954355298967186e-01,0.000000000000000000e+00,-4.573628487027080469e-01,0.000000000000000000e+00,0.000000000000000000e+00,9.309582453782916378e-01,-1.295953966755836184e-01,0.000000000000000000e+00,7.499999999999999722e-02,0.000000000000000000e+00,-5.500000000000000028e-02,3.900000000000000133e-01,1.950000000000000067e-01,5.999999999999999778e-02,7.299999999999999822e-01,-8.000000000000000167e-02,5.000000000000000278e-02,-4.000000000000000083e-02,1.000000000000000888e-02,-2.449999999999999956e-01,5.999999999999999778e-02,7.299999999999999822e-01,-8.000000000000000167e-02,-5.000000000000000278e-02,4.000000000000000083e-02
5.060000,-3.999805332508836742e-01,0.000000000000000000e+00,7.594907452582463359e-01,9.999218760172473575e-01,0.000000000000000000e+00,-1.249967448170978719e-02,0.000000000000000000e+00,-4.389114366983845050e-01,0.000000000000000000e+00,0.000000000000000000e+00,6.122965610804541603e-01,-1.793851243820696051e-01,0.000000000000000000e+00,-4.572807453506853581e-01,0.000000000000000000e+00,0.000000000000000000e+00,9.309582704874057590e-01,-1.296775251367203730e-01,0.000000000000000000e+00,7.499999999999999722e-02,0.000000000000000000e+00,-5.500000000000000028e-02,3.900000000000000133e-01,1.950000000000000067e-01,5.999999999999999778e-02,7.299999999999999822e-01,-8.000000000000000167e-02,5.000000000000000278e-02,-4.000000000000000083e-02,1.000000000000000888e-02,-2.449999999999999956e-01,5.999999999999999778e-02,7.299999999999999822e-01,-8.000000000000000167e-02,-5.000000000000000278e-02,4.000000000000000083e-02
5.070000,-3.999975115231674816e-01,0.000000000000000000e+00,7.594907452582463359e-01,9.999218760172473575e-01,0.000000000000000000e+00,-1.249967448170978719e-02,0.000000000000000000e+00,-4.389278744995085413e-01,0.000000000000000000e+00,0.000000000000000000e+00,6.122711530453883721e-01,-1.793432785458797807e-01,0.000000000000000000e+00,-4.572496005536993424e-01,0.000000000000000000e+00,0.000000000000000000e+00,9.309582729856787919e-01,-1.297086724319794770e-01,0.000000000000000000e+00,7.499999999999999722e-02,0.000000000000000000e+00,-5.500000000000000028e-02,3.900000000000000133e-01,1.950000000000000067e-01,5.999999999999999778e-02,7.299999999999999822e-01,-8.000000000000000167e-02,5.000000000000000278e-02,-4.000000000000000083e-02,1.000000000000000888e-02,-2.449999999999999956e-01,5.999999999999999778e-02,7.299999999999999822e-01,-8.000000000000000167e-02,-5.000000000000000278e-02,4.000000000000000083e-02
5.080000,-4.000000000000000222e-01,0.000000000000000000e+00,7.594907452582463359e-01,9.999218760172473575e-01,0.000000000000000000e+00,-1.249967448170978719e-02,0.000000000000000000e+00,-4.389302834803130438e-01,0.000000000000000000e+00,0.000000000000000000e+00,6.122674285019926721e-01,-1.793371450216795782e-01,0.000000000000000000e+00,-4.572450355541490263e-01,0.000000000000000000e+00,0.000000000000000000e+00,9.309582730271812601e-01,-1.297132374730322057e-01,0.000000000000000000e+00,7.499999999999999722e-02,0.000000000000000000e+00,-5.500000000000000028e-02,3.900000000000000133e-01,1.950000000000000067e-01,5.999999999999999778e-02,7.299999999999999822e-01,-8.000000000000000167e-02,5.000000000000000278e-02,-4.000000000000000083e-02,1.000000000000000888e-02,-2.449999999999999956e-01,5.999999999999999778e-02,7.299999999999999822e-01,-8.000000000000000167e-02,-5.000000000000000278e-02,4.000000000000000083e-02
5.090000,-4.000000000000000222e-01,0.000000000000000000e+00,7.594907452582463359e-01,9.999218760172473575e-01,0.000000000000000000e+00,-1.249967448170978893e-02,0.000000000000000000e+00,-4.390804342711054908e-01,0.000000000000000000e+00,0.000000000000000000e+00,6.125601608211004301e-01,-1.791730302239863404e-01,0.000000000000000000e+00,-4.571478197237122121e-01,0.000000000000000000e+00,0.000000000000000000e+00,9.307597666172332529e-01,-1.299186432195295060e-01,0.000000000000000000e+00,7.486855871742491286e-02,0.000000000000000000e+00,-5.500000000000000028e-02,3.896670154174765033e-01,1.950438137608583589e-01,5.989484697393993029e-02,7.299999999999999822e-01,-7.985979596525324964e-02,4.991237247828328449e-02,-3.992989798262662482e-02,1.033298458252354668e-02,-2.449561862391416434e-01,5.989484697393993029e-02,7.299999999999999822e-01,-7.985979596525324964e-02,-4.991237247828328449e-02,3.992989798262662482e-02
5.100000,-4.000000000000000222e-01,0.000000000000000000e+00,7.594907452582463359e-01,9.999218760172473575e-01,0.000000000000000000e+00,-1.249967448170978719e-02,0.000000000000000000e+00,-4.400469144582833669e-01,0.000000000000000000e+00,0.000000000000000000e+00,6.144442444736550879e-01,-1.781132709284983795e-01,0.000000000000000000e+00,-4.565205734815258043e-01,0.000000000000000000e+00,0.000000000000000000e+00,9.294789934044834778e-01,-1.312424790098308813e-01,0.000000000000000000e+00,7.402111753419715612e-02,0.000000000000000000e+00,-5.500000000000000028e-02,3.875201644199661732e-01,1.953262941552676157e-01,5.921689402735772628e-02,7.299999999999999822e-01,-7.895585870314364429e-02,4.934741168946477768e-02,-3.947792935157182215e-02,1.247983558003384896e-02,-2.446737058447323865e-01,5.921689402735772628e-02,7.299999999999999822e-01,-7.895585870314364429e-02,-4.934741168946477768e-02,3.947792935157182215e-02
5.110000,-4.000000000000000222e-01,0.000000000000000000e+00,7.594907452582463359e-01,9.999218760172473575e-01,0.000000000000000000e+00,-1.249967448170978372e-02,0.000000000000000000e+00,-4.424178516852238507e-01,0.000000000000000000e+00,0.000000000000000000e+00,6.190650755301327912e-01,-1.754886219113596657e-01,0.000000000000000000e+00,-4.549708333935084670e-01,0.000000000000000000e+00,0.000000000000000000e+00,9.263146550546835778e-01,-1.345024235947243074e-01,0.000000000000000000e+00,7.193202774276460931e-02,0.000000000000000000e+00,-5.500000000000000028e-02,3.822278036150036917e-01,1.960226574190784554e-01,5.754562219421168606e-02,7.299999999999999822e-01,-7.672749625894892400e-02,4.795468516184307750e-02,-3.836374812947446200e-02,1.777219638499633048e-02,-2.439773425809215468e-01,5.754562219421168606e-02,7.299999999999999822e-01,-7.672749625894892400e-02,-4.795468516184307750e-02,3.836374812947446200e-02
5.120000,-4.000000000000000222e-01,0.000000000000000000e+00,7.594907452582463359e-01,9.999218760172473575e-01,0.000000000000000000e+00,-1.249967448170978893e-02,0.000000000000000000e+00,-4.465414642859337757e-01,0.000000000000000000e+00,0.000000000000000000e+00,6.270979094997076730e-01,-1.708396846845003370e-01,0.000000000000000000e+00,-4.522379090641440169e-01,0.000000000000000000e+00,0.000000000000000000e+00,9.207346850744891897e-01,-1.402135365396186550e-01,0.000000000000000000e+00,6.826424548745421705e-02,0.000000000000000000e+00,-5.500000000000000028e-02,3.729360885682173610e-01,1.972452515041819288e-01,5.461139638996337364e-02,7.299999999999999822e-01,-7.281519518661783152e-02,4.550949699163614470e-02,-3.640759759330891576e-02,2.706391143178266123e-02,-2.427547484958180735e-01,5.461139638996337364e-02,7.299999999999999822e-01,-7.281519518661783152e-02,-4.550949699163614470e-02,3.640759759330891576e-02
5.130000,-4.000000000000000222e-01,0.000000000000000000e+00,7.594907452582463359e-01,9.999218760172473575e-01,0.000000000000000000e+00,-1.249967448170978719e-02,0.000000000000000000e+00,-4.525430416359670360e-01,0.000000000000000000e+00,0.000000000000000000e+00,6.387802265039457250e-01,-1.638833947642228117e-01,0.000000000000000000e+00,-4.481738108468811821e-01,0.000000000000000000e+00,0.000000000000000000e+00,9.124373743636617906e-01,-1.486173536205364076e-01,0.000000000000000000e+00,6.284837566981892054e-02,0.000000000000000000e+00,-5.500000000000000028e-02,3.592158850302079598e-01,1.990505414433936804e-01,5.027870053585513366e-02,7.299999999999999822e-01,-6.703826738114018746e-02,4.189891711321261369e-02,-3.351913369057009373e-02,4.078411496979209017e-02,-2.409494585566063218e-01,5.027870053585513366e-02,7.299999999999999822e-01,-6.703826738114018746e-02,-4.189891711321261369e-02,3.351913369057009373e-02
5.140000,-4.000000000000000222e-01,0.000000000000000000e+00,7.594907452582463359e-01,9.999218760172473575e-01,0.000000000000000000e+00,-1.249967448170979066e-02,0.000000000000000000e+00,-4.603547469825719496e-01,0.000000000000000000e+00,0.000000000000000000e+00,6.539703082481410634e-01,-1.544928982581992849e-01,0.000000000000000000e+00,-4.427267079270649219e-01,0.000000000000000000e+00,0.000000000000000000e+00,9.013176028686250563e-01,-1.597135579489298296e-01,0.000000000000000000e+00,5.566171585398437677e-02,0.000000000000000000e+00,-5.500000000000000028e-02,3.410096801634271424e-01,2.014460947153385306e-01,4.452937268318750419e-02,7.299999999999999822e-01,-5.937249691091667225e-02,3.710781056932292016e-02,-2.968624845545833613e-02,5.899031983657290756e-02,-2.385539052846614716e-01,4.452937268318750419e-02,7.299999999999999822e-01,-5.937249691091667225e-02,-3.710781056932292016e-02,2.968624845545833613e-02
5.150000,-4.000000000000000222e-01,0.000000000000000000e+00,7.594907452582463359e-01,9.999218760172473575e-01,0.000000000000000000e+00,-1.249967448170978893e-02,0.000000000000000000e+00,-4.697568471940357093e-01,0.000000000000000000e+00,0.000000000000000000e+00,6.722292095173282300e-01,-1.426893960579470599e-01,0.000000000000000000e+00,-4.359273683983106440e-01,0.000000000000000000e+00,0.000000000000000000e+00,8.874390916626808679e-01,-1.732946895297156065e-01,0.000000000000000000e+00,4.680730017199483117e-02,0.000000000000000000e+00,-5.500000000000000028e-02,3.185784937690535612e-01,2.043975666093350574e-01,3.744584013759586633e-02,7.299999999999999822e-01,-4.992778685012782408e-02,3.120486678132988745e-02,-2.496389342506391204e-02,8.142150623094643325e-02,-2.356024333906649448e-01,3.744584013759586633e-02,7.299999999999999822e-01,-4.992778685012782408e-02,-3.120486678132988745e-02,2.496389342506391204e-02
5.160000,-4.000000000000000222e-01,0.000000000000000000e+00,7.594907452582463359e-01,9.999218760172473575e-01,0.000000000000000000e+00,-1.249967448170979066e-02,0.000000000000000000e+00,-4.804240926600568118e-01,0.000000000000000000e+00,0.000000000000000000e+00,6.929133397630139468e-01,-1.286394479710045724e-01,0.000000000000000000e+00,-4.278783866082752074e-01,0.000000000000000000e+00,0.000000000000000000e+00,8.710122882218819251e-01,-1.889837007455591467e-01,0.000000000000000000e+00,3.649294322916322997e-02,0.000000000000000000e+00,-5.500000000000000028e-02,2.924487895138802029e-01,2.078356855902789291e-01,2.919435458333058397e-02,7.299999999999999822e-01,-3.892580611110744992e-02,2.432862881944215794e-02,-1.946290305555372496e-02,1.075512104861198193e-01,-2.321643144097210731e-01,2.919435458333058397e-02,7.299999999999999822e-01,-3.892580611110744992e-02,-2.432862881944215794e-02,1.946290305555372496e-02
5.170000,-4.000000000000000222e-01,0.000000000000000000e+00,7.594907452582463359e-01,9.999218760172473575e-01,0.000000000000000000e+00,-1.249967448170979066e-02,0.000000000000000000e+00,-4.919700455099166314e-01,0.000000000000000000e+00,0.000000000000000000e+00,7.152629624177526679e-01,-1.126502462631334689e-01,0.000000000000000000e+00,-4.187456560232488689e-01,0.000000000000000000e+00,0.000000000000000000e+00,8.523767993129702791e-01,-2.062738139344238997e-01,0.000000000000000000e+00,2.501028400941319660e-02,0.000000000000000000e+00,-5.500000000000000028e-02,2.633593861571801309e-01,2.116632386635289298e-01,2.000822720753055867e-02,7.299999999999999822e-01,-2.667763627670741156e-02,1.667352267294213222e-02,-1.333881813835370578e-02,1.366406138428198913e-01,-2.283367613364710724e-01,2.000822720753055867e-02,7.299999999999999822e-01,-2.667763627670741156e-02,-1.667352267294213222e-02,1.333881813835370578e-02
5.180000,-4.000000000000000222e-01,0.000000000000000000e+00,7.594907452582463359e-01,9.999218760172473575e-01,0.000000000000000000e+00,-1.249967448170978546e-02,0.000000000000000000e+00,-5.039842985239217921e-01,0.000000000000000000e+00,0.000000000000000000e+00,7.384762634347346033e-01,-9.515756773228001286e-02,0.000000000000000000e+00,-4.087513255930477762e-01,0.000000000000000000e+00,0.000000000000000000e+00,8.319868407016477452e-01,-2.245699122871327447e-01,0.000000000000000000e+00,1.271382978062880927e-02,0.000000000000000000e+00,-5.500000000000000028e-02,2.322083687775929883e-01,2.157620567397904032e-01,1.017106382450304845e-02,7.299999999999999822e-01,-1.356141843267073127e-02,8.475886520419207912e-03,-6.780709216335365636e-03,1.677916312224070339e-01,-2.242379432602095990e-01,1.017106382450304845e-02,7.299999999999999822e-01,-1.356141843267073127e-02,-8.475886520419207912e-03,6.780709216335365636e-03
5.190000,-4.000000000000000222e-01,0.000000000000000000e+00,7.594907452582463359e-01,9.999218760172473575e-01,0.000000000000000000e+00,-1.249967448170978893e-02,0.000000000000000000e+00,-5.160606899815962656e-01,0.000000000000000000e+00,0.000000000000000000e+00,7.617650652719061277e-01,-7.670437529030849078e-02,0.000000000000000000e+00,-3.981672730538159954e-01,0.000000000000000000e+00,0.000000000000000000e+00,8.103977560555031268e-01,-2.432304830016883690e-01,0.000000000000000000e+00,-5.495603971894525072e-16,0.000000000000000000e+00,-5.500000000000000028e-02,1.999999999999986233e-01,2.200000000000001954e-01,-4.396483177515619861e-16,7.299999999999999822e-01,5.861977570020826810e-16,-3.663735981263016879e-16,2.930988785010413405e-16,2.000000000000013989e-01,-2.199999999999998068e-01,-4.396483177515619861e-16,7.299999999999999822e-01,5.861977570020826810e-16,3.663735981263016879e-16,-2.930988785010413405e-16
5.200000,-4.000000000000000222e-01,0.000000000000000000e+00,7.594907452582463359e-01,9.999218760172473575e-01,0.000000000000000000e+00,-1.249967448170978546e-02,0.000000000000000000e+00,-5.278171587104463214e-01,0.000000000000000000e+00,0.000000000000000000e+00,7.843934284453374373e-01,-5.791066691342394712e-02,0.000000000000000000e+00,-3.873078834834126627e-01,0.000000000000000000e+00,0.000000000000000000e+00,7.882511555600186792e-01,-2.616088748980731626e-01,0.000000000000000000e+00,-1.271382978062877631e-02,0.000000000000000000e+00,-5.500000000000000028e-02,1.677916312224071171e-01,2.242379432602095990e-01,-1.017106382450302070e-02,7.299999999999999822e-01,1.356141843267069658e-02,-8.475886520419185360e-03,6.780709216335348288e-03,2.322083687775929051e-01,-2.157620567397904032e-01,-1.017106382450302070e-02,7.299999999999999822e-01,1.356141843267069658e-02,8.475886520419185360e-03,-6.780709216335348288e-03
5.210000,-4.000000000000000222e-01,0.000000000000000000e+00,7.594907452582463359e-01,9.999218760172473575e-01,0.000000000000000000e+00,-1.249967448170979066e-02,0.000000000000000000e+00,-5.389092168779022751e-01,0.000000000000000000e+00,0.000000000000000000e+00,8.057031068377225047e-01,-3.943656060452271905e-02,0.000000000000000000e+00,-3.765206374102795239e-01,0.000000000000000000e+00,0.000000000000000000e+00,7.662556423306801090e-01,-2.790923342756980174e-01,0.000000000000000000e+00,-2.501028400941319660e-02,0.000000000000000000e+00,-5.500000000000000028e-02,1.366406138428198913e-01,2.283367613364710724e-01,-2.000822720753055867e-02,7.299999999999999822e-01,2.667763627670741156e-02,-1.667352267294213222e-02,1.333881813835370578e-02,2.633593861571801309e-01,-2.116632386635289298e-01,-2.000822720753055867e-02,7.299999999999999822e-01,2.667763627670741156e-02,1.667352267294213222e-02,-1.333881813835370578e-02
5.220000,-4.000000000000000222e-01,0.000000000000000000e+00,7.594907452582463359e-01,9.999218760172473575e-01,0.000000000000000000e+00,-1.249967448170979066e-02,0.000000000000000000e+00,-5.490393423737283118e-01,0.000000000000000000e+00,0.000000000000000000e+00,8.251305046337843452e-01,-2.194096139200851781e-02,0.000000000000000000e+00,-3.661727688709885964e-01,0.000000000000000000e+00,0.000000000000000000e+00,7.451595931043795140e-01,-2.951370251014383550e-01,0.000000000000000000e+00,-3.649294322916319527e-02,0.000000000000000000e+00,-5.500000000000000028e-02,1.075512104861199025e-01,2.321643144097210731e-01,-2.919435458333055969e-02,7.299999999999999822e-01,3.892580611110741523e-02,-2.432862881944213365e-02,1.946290305555370762e-02,2.924487895138800919e-01,-2.078356855902789291e-01,-2.919435458333055969e-02,7.299999999999999822e-01,3.892580611110741523e-02,2.432862881944213365e-02,-1.946290305555370762e-02
5.230000,-4.000000000000000222e-01,0.000000000000000000e+00,7.594907452582463359e-01,9.999218760172473575e-01,0.000000000000000000e+00,-1.249967448170978893e-02,0.000000000000000000e+00,-5.579643570417995857e-01,0.000000000000000000e+00,0.000000000000000000e+00,8.422193333077179211e-01,-6.037942531261775159e-03,0.000000000000000000e+00,-3.566322309969017224e-01,0.000000000000000000e+00,0.000000000000000000e+00,7.257124074233015643e-01,-3.092972101610563240e-01,0.000000000000000000e+00,-4.680730017199564302e-02,0.000000000000000000e+00,-5.500000000000000028e-02,8.142150623094436546e-02,2.356024333906652224e-01,-3.744584013759651858e-02,7.299999999999999822e-01,4.992778685012869144e-02,-3.120486678133043215e-02,2.496389342506434572e-02,3.185784937690556706e-01,-2.043975666093347798e-01,-3.744584013759651858e-02,7.299999999999999822e-01,4.992778685012869144e-02,3.120486678133043215e-02,-2.496389342506434572e-02
5.240000,-4.000000000000000222e-01,0.000000000000000000e+00,7.594907452582463359e-01,9.999218760172473575e-01,0.000000000000000000e+00,-1.249967448170979066e-02,0.000000000000000000e+00,-5.655024353517468239e-01,0.000000000000000000e+00,0.000000000000000000e+00,8.566323431539833999e-01,7.747429190393617660e-03,0.000000000000000000e+00,-3.482416812646270676e-01,0.000000000000000000e+00,0.000000000000000000e+00,7.086115986315972837e-01,-3.212472543596003316e-01,0.000000000000000000e+00,-5.566171585398434207e-02,0.000000000000000000e+00,-5.500000000000000028e-02,5.899031983657299083e-02,2.385539052846614438e-01,-4.452937268318747643e-02,7.299999999999999822e-01,5.937249691091663756e-02,-3.710781056932289934e-02,2.968624845545831878e-02,3.410096801634270314e-01,-2.014460947153385584e-01,-4.452937268318747643e-02,7.299999999999999822e-01,5.937249691091663756e-02,3.710781056932289934e-02,-2.968624845545831878e-02
5.250000,-4.000000000000000222e-01,0.000000000000000000e+00,7.594907452582463359e-01,9.999218760172473575e-01,0.000000000000000000e+00,-1.249967448170978719e-02,0.000000000000000000e+00,-5.715409891786064067e-01,0.000000000000000000e+00,0.000000000000000000e+00,8.681647249702648672e-01,1.902247410458579591e-02,0.000000000000000000e+00,-3.412854391595505077e-01,0.000000000000000000e+00,0.000000000000000000e+00,6.944356171227248353e-01,-3.307963878594185059e-01,0.000000000000000000e+00,-6.284837566981894830e-02,0.000000000000000000e+00,-5.500000000000000028e-02,4.078411496979200690e-02,2.409494585566063218e-01,-5.027870053585515447e-02,7.299999999999999822e-01,6.703826738114021522e-02,-4.189891711321263451e-02,3.351913369057010761e-02,3.592158850302080153e-01,-1.990505414433936804e-01,-5.027870053585515447e-02,7.299999999999999822e-01,6.703826738114021522e-02,4.189891711321263451e-02,-3.351913369057010761e-02
5.260000,-4.000000000000000222e-01,0.000000000000000000e+00,7.594907452582463359e-01,9.999218760172473575e-01,0.000000000000000000e+00,-1.249967448170978719e-02,0.000000000000000000e+00,-5.760463708085719059e-01,0.000000000000000000e+00,0.000000000000000000e+00,8.767611849147336489e-01,2.756842536456471926e-02,0.000000000000000000e+00,-3.359513882616332880e-01,0.000000000000000000e+00,0.000000000000000000e+00,6.835663976263968156e-01,-3.378982488354899116e-01,0.000000000000000000e+00,-6.826424548745417542e-02,0.000000000000000000e+00,-5.500000000000000028e-02,2.706391143178274450e-02,2.427547484958180735e-01,-5.461139638996334589e-02,7.299999999999999822e-01,7.281519518661780377e-02,-4.550949699163612389e-02,3.640759759330890188e-02,3.729360885682172500e-01,-1.972452515041819288e-01,-5.461139638996334589e-02,7.299999999999999822e-01,7.281519518661780377e-02,4.550949699163612389e-02,-3.640759759330890188e-02
5.270000,-4.000000000000000222e-01,0.000000000000000000e+00,7.594907452582463359e-01,9.999218760172473575e-01,0.000000000000000000e+00,-1.249967448170978372e-02,0.000000000000000000e+00,-5.790761134808068977e-01,0.000000000000000000e+00,0.000000000000000000e+00,8.825382524842321219e-01,3.337925906302607881e-02,0.000000000000000000e+00,-3.322920365179080626e-01,0.000000000000000000e+00,0.000000000000000000e+00,6.761101783029550560e-01,-3.426595398514982183e-01,0.000000000000000000e+00,-7.193202774276483136e-02,0.000000000000000000e+00,-5.500000000000000028e-02,1.777219638499574761e-02,2.439773425809216301e-01,-5.754562219421186647e-02,7.299999999999999822e-01,7.672749625894915992e-02,-4.795468516184323016e-02,3.836374812947457996e-02,3.822278036150043024e-01,-1.960226574190783722e-01,-5.754562219421186647e-02,7.299999999999999822e-01,7.672749625894915992e-02,4.795468516184323016e-02,-3.836374812947457996e-02
5.280000,-4.000000000000000222e-01,0.000000000000000000e+00,7.594907452582463359e-01,9.999218760172473575e-01,0.000000000000000000e+00,-1.249967448170978719e-02,0.000000000000000000e+00,-5.807942128607039844e-01,0.000000000000000000e+00,0.000000000000000000e+00,8.858129313378224623e-01,3.669722243600825884e-02,0.000000000000000000e+00,-3.301902185875009166e-01,0.000000000000000000e+00,0.000000000000000000e+00,6.718277237243837074e-01,-3.453534460500095049e-01,0.000000000000000000e+00,-7.402111753419718387e-02,0.000000000000000000e+00,-5.500000000000000028e-02,1.247983558003379345e-02,2.446737058447324142e-01,-5.921689402735774710e-02,7.299999999999999822e-01,7.895585870314367205e-02,-4.934741168946479850e-02,3.947792935157183603e-02,3.875201644199662288e-01,-1.953262941552675880e-01,-5.921689402735774710e-02,7.299999999999999822e-01,7.895585870314367205e-02,4.934741168946479850e-02,-3.947792935157183603e-02
5.290000,-4.000000000000000222e-01,0.000000000000000000e+00,7.594907452582463359e-01,9.999218760172473575e-01,0.000000000000000000e+00,-1.249967448170978893e-02,0.000000000000000000e+00,-5.814896126296316137e-01,0.000000000000000000e+00,0.000000000000000000e+00,8.871380738232482743e-01,3.804484248037487415e-02,0.000000000000000000e+00,-3.293339138727117699e-01,0.000000000000000000e+00,0.000000000000000000e+00,6.700830370865884511e-01,-3.464424268878681934e-01,0.000000000000000000e+00,-7.486855871742495450e-02,0.000000000000000000e+00,-5.500000000000000028e-02,1.033298458252343566e-02,2.449561862391416711e-01,-5.989484697393996498e-02,7.299999999999999822e-01,7.985979596525329127e-02,-4.991237247828331225e-02,3.992989798262664564e-02,3.896670154174766143e-01,-1.950438137608583311e-01,-5.989484697393996498e-02,7.299999999999999822e-01,7.985979596525329127e-02,4.991237247828331225e-02,-3.992989798262664564e-02
5.300000,-4.000000000000000222e-01,0.000000000000000000e+00,7.594907452582463359e-01,9.999218760172473575e-01,0.000000000000000000e+00,-1.249967448170978719e-02,0.000000000000000000e+00,-5.815973920929660146e-01,0.000000000000000000e+00,0.000000000000000000e+00,8.873434420555956770e-01,3.825395003737064314e-02,0.000000000000000000e+00,-3.292009047033100932e-01,0.000000000000000000e+00,0.000000000000000000e+00,6.698120380008112384e-01,-3.466111332975013171e-01,0.000000000000000000e+00,-7.500000000000009437e-02,0.000000000000000000e+00,-5.500000000000000028e-02,9.999999999999759082e-03,2.450000000000000511e-01,-6.000000000000008105e-02,7.299999999999999822e-01,8.000000000000011269e-02,-5.000000000000007216e-02,4.000000000000005634e-02,3.900000000000002354e-01,-1.949999999999999512e-01,-6.000000000000008105e-02,7.299999999999999822e-01,8.000000000000011269e-02,5.000000000000007216e-02,-4.000000000000005634e-02
5.310000,-4.000024884768325628e-01,0.000000000000000000e+00,7.594907452582463359e-01,9.999218760172473575e-01,0.000000000000000000e+00,-1.249967448170978719e-02,0.000000000000000000e+00,-5.815942758976453408e-01,0.000000000000000000e+00,0.000000000000000000e+00,8.873462026926685065e-01,3.824807320497691787e-02,0.000000000000000000e+00,-3.292052240605706781e-01,0.000000000000000000e+00,0.000000000000000000e+00,6.698120379471855790e-01,-3.466068138866148507e-01,0.000000000000000000e+00,-7.499999999999999722e-02,0.000000000000000000e+00,-5.500000000000000028e-02,1.000000000000000888e-02,2.449999999999999956e-01,-5.999999999999999778e-02,7.299999999999999822e-01,8.000000000000000167e-02,-5.000000000000000278e-02,4.000000000000000083e-02,3.900000000000000133e-01,-1.950000000000000067e-01,-5.999999999999999778e-02,7.299999999999999822e-01,8.000000000000000167e-02,5.000000000000000278e-02,-4.000000000000000083e-02
5.320000,-4.000194667491163147e-01,0.000000000000000000e+00,7.594907452582463359e-01,9.999218760172473575e-01,0.000000000000000000e+00,-1.249967448170978719e-02,0.000000000000000000e+00,-5.815730134934538054e-01,0.000000000000000000e+00,0.000000000000000000e+00,8.873650353908423272e-01,3.820797810261156169e-02,0.000000000000000000e+00,-3.292346925799871649e-01,0.000000000000000000e+00,0.000000000000000000e+00,6.698120347191391932e-01,-3.465773421391519782e-01,0.000000000000000000e+00,-7.499999999999999722e-02,0.000000000000000000e+00,-5.500000000000000028e-02,1.000000000000000888e-02,2.449999999999999956e-01,-5.999999999999999778e-02,7.299999999999999822e-01,8.000000000000000167e-02,-5.000000000000000278e-02,4.000000000000000083e-02,3.900000000000000133e-01,-1.950000000000000067e-01,-5.999999999999999778e-02,7.299999999999999822e-01,8.000000000000000167e-02,5.000000000000000278e-02,-4.000000000000000083e-02
5.330000,-4.000642295095562795e-01,0.000000000000000000e+00,7.594907452582463359e-01,9.999218760172473575e-01,0.000000000000000000e+00,-1.249967448170978719e-02,0.000000000000000000e+00,-5.815169443517200776e-01,0.000000000000000000e+00,0.000000000000000000e+00,8.874146667495655949e-01,3.810227760215456616e-02,0.000000000000000000e+00,-3.293123737956390462e-01,0.000000000000000000e+00,0.000000000000000000e+00,6.698120022753756286e-01,-3.464996284797365322e-01,0.000000000000000000e+00,-7.499999999999999722e-02,0.000000000000000000e+00,-5.500000000000000028e-02,1.000000000000000888e-02,2.449999999999999956e-01,-5.999999999999999778e-02,7.299999999999999822e-01,8.000000000000000167e-02,-5.000000000000000278e-02,4.000000000000000083e-02,3.900000000000000133e-01,-1.950000000000000067e-01,-5.999999999999999778e-02,7.299999999999999822e-01,8.000000000000000167e-02,5.000000000000000278e-02,-4.000000000000000083e-02
5.340000,-4.001488037175575108e-01,0.000000000000000000e+00,7.594907452582463359e-01,9.999218760172473575e-01,0.000000000000000000e+00,-1.249967448170978719e-02,0.000000000000000000e+00,-5.814109629645303201e-01,0.000000000000000000e+00,0.000000000000000000e+00,8.875083583185455760e-01,3.790260464598482759e-02,0.000000000000000000e+00,-3.294590972303295118e-01,0.000000000000000000e+00,0.000000000000000000e+00,6.698118462505666670e-01,-3.463527490202371051e-01,0.000000000000000000e+00,-7.499999999999999722e-02,0.000000000000000000e+00,-5.500000000000000028e-02,1.000000000000000888e-02,2.449999999999999956e-01,-5.999999999999999778e-02,7.299999999999999822e-01,8.000000000000000167e-02,-5.000000000000000278e-02,4.000000000000000083e-02,3.900000000000000133e-01,-1.950000000000000067e-01,-5.999999999999999778e-02,7.299999999999999822e-01,8.000000000000000167e-02,5.000000000000000278e-02,-4.000000000000000083e-02
5.350000,-4.002839882158907847e-01,0.000000000000000000e+00,7.594907452582463359e-01,9.999218760172473575e-01,0.000000000000000000e+00,-1.249967448170978719e-02,0.000000000000000000e+00,-5.812414386693649515e-01,0.000000000000000000e+00,0.000000000000000000e+00,8.876578953526111926e-01,3.758354331675384241e-02,0.000000000000000000e+00,-3.296934955548904145e-01,0.000000000000000000e+00,0.000000000000000000e+00,6.698113395929130576e-01,-3.461178440380225929e-01,0.000000000000000000e+00,-7.499999999999999722e-02,0.000000000000000000e+00,-5.500000000000000028e-02,1.000000000000000888e-02,2.449999999999999956e-01,-5.999999999999999778e-02,7.299999999999999822e-01,8.000000000000000167e-02,-5.000000000000000278e-02,4.000000000000000083e-02,3.900000000000000133e-01,-1.950000000000000067e-01,-5.999999999999999778e-02,7.299999999999999822e-01,8.000000000000000167e-02,5.000000000000000278e-02,-4.000000000000000083e-02
5.360000,-4.004793933473582701e-01,0.000000000000000000e+00,7.594907452582463359e-01,9.999218760172473575e-01,0.000000000000000000e+00,-1.249967448170978719e-02,0.000000000000000000e+00,-5.809961306243787149e-01,0.000000000000000000e+00,0.000000000000000000e+00,8.878735667702671863e-01,3.712256385411161208e-02,0.000000000000000000e+00,-3.300320366216808465e-01,0.000000000000000000e+00,0.000000000000000000e+00,6.698100478184937367e-01,-3.457780111968128400e-01,0.000000000000000000e+00,-7.499999999999999722e-02,0.000000000000000000e+00,-5.500000000000000028e-02,1.000000000000000888e-02,2.449999999999999956e-01,-5.999999999999999778e-02,7.299999999999999822e-01,8.000000000000000167e-02,-5.000000000000000278e-02,4.000000000000000083e-02,3.900000000000000133e-01,-1.950000000000000067e-01,-5.999999999999999778e-02,7.299999999999999822e-01,8.000000000000000167e-02,5.000000000000000278e-02,-4.000000000000000083e-02
5.370000,-4.007434805714589765e-01,0.000000000000000000e+00,7.594907452582463359e-01,9.999218760172473575e-01,0.000000000000000000e+00,-1.249967448170978719e-02,0.000000000000000000e+00,-5.806641014730284933e-01,0.000000000000000000e+00,0.000000000000000000e+00,8.881641426664427241e-01,3.649995880658585268e-02,0.000000000000000000e+00,-3.304890539194814680e-01,0.000000000000000000e+00,0.000000000000000000e+00,6.698072511612414015e-01,-3.453181972417598833e-01,0.000000000000000000e+00,-7.499999999999999722e-02,0.000000000000000000e+00,-5.500000000000000028e-02,1.000000000000000888e-02,2.449999999999999956e-01,-5.999999999999999778e-02,7.299999999999999822e-01,8.000000000000000167e-02,-5.000000000000000278e-02,4.000000000000000083e-02,3.900000000000000133e-01,-1.950000000000000067e-01,-5.999999999999999778e-02,7.299999999999999822e-01,8.000000000000000167e-02,5.000000000000000278e-02,-4.000000000000000083e-02
5.380000,-4.010836020810546465e-01,0.000000000000000000e+00,7.594907452582463359e-01,9.999218760172473575e-01,0.000000000000000000e+00,-1.249967448170978719e-02,0.000000000000000000e+00,-5.802356326564972466e-01,0.000000000000000000e+00,0.000000000000000000e+00,8.885368546747743901e-01,3.569877798172294003e-02,0.000000000000000000e+00,-3.310767783769870132e-01,0.000000000000000000e+00,0.000000000000000000e+00,6.698018696443901465e-01,-3.447250912674030832e-01,0.000000000000000000e+00,-7.499999999999999722e-02,0.000000000000000000e+00,-5.500000000000000028e-02,1.000000000000000888e-02,2.449999999999999956e-01,-5.999999999999999778e-02,7.299999999999999822e-01,8.000000000000000167e-02,-5.000000000000000278e-02,4.000000000000000083e-02,3.900000000000000133e-01,-1.950000000000000067e-01,-5.999999999999999778e-02,7.299999999999999822e-01,8.000000000000000167e-02,5.000000000000000278e-02,-4.000000000000000083e-02
5.390000,-4.015060404190351484e-01,0.000000000000000000e+00,7.594907452582463359e-01,9.999218760172473575e-01,0.000000000000000000e+00,-1.249967448170978719e-02,0.000000000000000000e+00,-5.797021437872920124e-01,0.000000000000000000e+00,0.000000000000000000e+00,8.889973834885394055e-01,3.470476029875269042e-02,0.000000000000000000e+00,-3.318053738742817171e-01,0.000000000000000000e+00,0.000000000000000000e+00,6.697923959444573860e-01,-3.439870220701756187e-01,0.000000000000000000e+00,-7.499999999999999722e-02,0.000000000000000000e+00,-5.500000000000000028e-02,1.000000000000000888e-02,2.449999999999999956e-01,-5.999999999999999778e-02,7.299999999999999822e-01,8.000000000000000167e-02,-5.000000000000000278e-02,4.000000000000000083e-02,3.900000000000000133e-01,-1.950000000000000067e-01,-5.999999999999999778e-02,7.299999999999999822e-01,8.000000000000000167e-02,5.000000000000000278e-02,-4.000000000000000083e-02
5.400000,-4.020160480949842574e-01,0.000000000000000000e+00,7.594907452582463359e-01,9.999218760172473575e-01,0.000000000000000000e+00,-1.249967448170978719e-02,0.000000000000000000e+00,-5.790561179847831808e-01,0.000000000000000000e+00,0.000000000000000000e+00,8.895498569276448775e-01,3.350626105713827574e-02,0.000000000000000000e+00,-3.326829783047010047e-01,0.000000000000000000e+00,0.000000000000000000e+00,6.697768398587365946e-01,-3.430938615540355396e-01,0.000000000000000000e+00,-7.499999999999999722e-02,0.000000000000000000e+00,-5.500000000000000028e-02,1.000000000000000888e-02,2.449999999999999956e-01,-5.999999999999999778e-02,7.299999999999999822e-01,8.000000000000000167e-02,-5.000000000000000278e-02,4.000000000000000083e-02,3.900000000000000133e-01,-1.950000000000000067e-01,-5.999999999999999778e-02,7.299999999999999822e-01,8.000000000000000167e-02,5.000000000000000278e-02,-4.000000000000000083e-02
5.410000,-4.026178872018449928e-01,0.000000000000000000e+00,7.594907452582463359e-01,9.999218760172473575e-01,0.000000000000000000e+00,-1.249967448170978719e-02,0.000000000000000000e+00,-5.782910345925613704e-01,0.000000000000000000e+00,0.000000000000000000e+00,8.901968610802861726e-01,3.209417351227528137e-02,0.000000000000000000e+00,-3.337157515615511438e-01,0.000000000000000000e+00,0.000000000000000000e+00,6.697526872187722358e-01,-3.420369356572210418e-01,0.000000000000000000e+00,-7.499999999999999722e-02,0.000000000000000000e+00,-5.500000000000000028e-02,1.000000000000000888e-02,2.449999999999999956e-01,-5.999999999999999778e-02,7.299999999999999822e-01,8.000000000000000167e-02,-5.000000000000000278e-02,4.000000000000000083e-02,3.900000000000000133e-01,-1.950000000000000067e-01,-5.999999999999999778e-02,7.299999999999999822e-01,8.000000000000000167e-02,5.000000000000000278e-02,-4.000000000000000083e-02
5.420000,-4.033148690325857322e-01,0.000000000000000000e+00,7.594907452582463359e-01,9.999218760172473575e-01,0.000000000000000000e+00,-1.249967448170978719e-02,0.000000000000000000e+00,-5.774013102491177829e-01,0.000000000000000000e+00,0.000000000000000000e+00,8.909394662526652908e-01,3.046184399645257557e-02,0.000000000000000000e+00,-3.349079314036052524e-01,0.000000000000000000e+00,0.000000000000000000e+00,6.697168752132325320e-01,-3.408089438096272294e-01,0.000000000000000000e+00,-7.499999999999999722e-02,0.000000000000000000e+00,-5.500000000000000028e-02,1.000000000000000888e-02,2.449999999999999956e-01,-5.999999999999999778e-02,7.299999999999999822e-01,8.000000000000000167e-02,-5.000000000000000278e-02,4.000000000000000083e-02,3.900000000000000133e-01,-1.950000000000000067e-01,-5.999999999999999778e-02,7.299999999999999822e-01,8.000000000000000167e-02,5.000000000000000278e-02,-4.000000000000000083e-02
5.430000,-4.041093936968652711e-01,0.000000000000000000e+00,7.594907452582463359e-01,9.999218760172473575e-01,0.000000000000000000e+00,-1.249967448170978719e-02,0.000000000000000000e+00,-5.763822488693157720e-01,0.000000000000000000e+00,0.000000000000000000e+00,8.917772687307177204e-01,2.860498013859813504e-02,0.000000000000000000e+00,-3.362618977783505825e-01,0.000000000000000000e+00,0.000000000000000000e+00,6.696657852923245668e-01,-3.394038875139739342e-01,0.000000000000000000e+00,-7.499999999999999722e-02,0.000000000000000000e+00,-5.500000000000000028e-02,1.000000000000000888e-02,2.449999999999999956e-01,-5.999999999999999778e-02,7.299999999999999822e-01,8.000000000000000167e-02,-5.000000000000000278e-02,4.000000000000000083e-02,3.900000000000000133e-01,-1.950000000000000067e-01,-5.999999999999999778e-02,7.299999999999999822e-01,8.000000000000000167e-02,5.000000000000000278e-02,-4.000000000000000083e-02
5.440000,-4.050029897376989929e-01,0.000000000000000000e+00,7.594907452582463359e-01,9.999218760172473575e-01,0.000000000000000000e+00,-1.249967448170978719e-02,0.000000000000000000e+00,-5.752300007167895357e-01,0.000000000000000000e+00,0.000000000000000000e+00,8.927084486971678112e-01,2.652155201962169695e-02,0.000000000000000000e+00,-3.377782458510297237e-01,0.000000000000000000e+00,0.000000000000000000e+00,6.695952541212875087e-01,-3.378170082702577348e-01,0.000000000000000000e+00,-7.499999999999999722e-02,0.000000000000000000e+00,-5.500000000000000028e-02,1.000000000000000888e-02,2.449999999999999956e-01,-5.999999999999999778e-02,7.299999999999999822e-01,8.000000000000000167e-02,-5.000000000000000278e-02,4.000000000000000083e-02,3.900000000000000133e-01,-1.950000000000000067e-01,-5.999999999999999778e-02,7.299999999999999822e-01,8.000000000000000167e-02,5.000000000000000278e-02,-4.000000000000000083e-02
5.450000,-4.059963537481239837e-01,0.000000000000000000e+00,7.594907452582463359e-01,9.999218760172473575e-01,0.000000000000000000e+00,-1.249967448170978719e-02,0.000000000000000000e+00,-5.739415304093260506e-01,0.000000000000000000e+00,0.000000000000000000e+00,8.937298440586993742e-01,2.421168635062675989e-02,0.000000000000000000e+00,-3.394558676989659629e-01,0.000000000000000000e+00,0.000000000000000000e+00,6.695006024315525162e-01,-3.360447347325865031e-01,0.000000000000000000e+00,-7.499999999999999722e-02,0.000000000000000000e+00,-5.500000000000000028e-02,1.000000000000000888e-02,2.449999999999999956e-01,-5.999999999999999778e-02,7.299999999999999822e-01,8.000000000000000167e-02,-5.000000000000000278e-02,4.000000000000000083e-02,3.900000000000000133e-01,-1.950000000000000067e-01,-5.999999999999999778e-02,7.299999999999999822e-01,8.000000000000000167e-02,5.000000000000000278e-02,-4.000000000000000083e-02
5.460000,-4.070893899878650357e-01,0.000000000000000000e+00,7.594907452582463359e-01,9.999218760172473575e-01,0.000000000000000000e+00,-1.249967448170978719e-02,0.000000000000000000e+00,-5.725145934027624506e-01,0.000000000000000000e+00,0.000000000000000000e+00,8.948370394244778980e-01,2.167755397828463604e-02,0.000000000000000000e+00,-3.412920423828051941e-01,0.000000000000000000e+00,0.000000000000000000e+00,6.693766810836232484e-01,-3.340846387008180041e-01,0.000000000000000000e+00,-7.499999999999999722e-02,0.000000000000000000e+00,-5.500000000000000028e-02,1.000000000000000888e-02,2.449999999999999956e-01,-5.999999999999999778e-02,7.299999999999999822e-01,8.000000000000000167e-02,-5.000000000000000278e-02,4.000000000000000083e-02,3.900000000000000133e-01,-1.950000000000000067e-01,-5.999999999999999778e-02,7.299999999999999822e-01,8.000000000000000167e-02,5.000000000000000278e-02,-4.000000000000000083e-02
5.470000,-4.082812500000000400e-01,0.000000000000000000e+00,7.594907452582463359e-01,9.999218760172473575e-01,0.000000000000000000e+00,-1.249967448170978719e-02,0.000000000000000000e+00,-5.709477202457837741e-01,0.000000000000000000e+00,0.000000000000000000e+00,8.960244690406802270e-01,1.892325120510363057e-02,0.000000000000000000e+00,-3.432825338973305440e-01,0.000000000000000000e+00,0.000000000000000000e+00,6.692179332040106843e-01,-3.319353993066800901e-01,0.000000000000000000e+00,-7.499999999999999722e-02,0.000000000000000000e+00,-5.500000000000000028e-02,1.000000000000000888e-02,2.449999999999999956e-01,-5.999999999999999778e-02,7.299999999999999822e-01,8.000000000000000167e-02,-5.000000000000000278e-02,4.000000000000000083e-02,3.900000000000000133e-01,-1.950000000000000067e-01,-5.999999999999999778e-02,7.299999999999999822e-01,8.000000000000000167e-02,5.000000000000000278e-02,-4.000000000000000083e-02
5.480000,-4.095703722276258230e-01,0.000000000000000000e+00,7.594907452582463359e-01,9.999218760172473575e-01,0.000000000000000000e+00,-1.249967448170978719e-02,0.000000000000000000e+00,-5.692402076892519869e-01,0.000000000000000000e+00,0.000000000000000000e+00,8.972855321268301543e-01,1.595467556242191609e-02,0.000000000000000000e+00,-3.454216963323563649e-01,0.000000000000000000e+00,0.000000000000000000e+00,6.690184708871346198e-01,-3.295967745547782046e-01,0.000000000000000000e+00,-7.499999999999999722e-02,0.000000000000000000e+00,-5.500000000000000028e-02,1.000000000000000888e-02,2.449999999999999956e-01,-5.999999999999999778e-02,7.299999999999999822e-01,8.000000000000000167e-02,-5.000000000000000278e-02,4.000000000000000083e-02,3.900000000000000133e-01,-1.950000000000000067e-01,-5.999999999999999778e-02,7.299999999999999822e-01,8.000000000000000167e-02,5.000000000000000278e-02,-4.000000000000000083e-02
5.490000,-4.109545216305234283e-01,0.000000000000000000e+00,7.594907452582463359e-01,9.999218760172473575e-01,0.000000000000000000e+00,-1.249967448170978719e-02,0.000000000000000000e+00,-5.673921155695489382e-01,0.000000000000000000e+00,0.000000000000000000e+00,8.986127187778444325e-01,1.277939679170458920e-02,0.000000000000000000e+00,-3.477025854365497493e-01,0.000000000000000000e+00,0.000000000000000000e+00,6.687721646587195812e-01,-3.270695792221697817e-01,0.000000000000000000e+00,-7.499999999999999722e-02,0.000000000000000000e+00,-5.500000000000000028e-02,1.000000000000000888e-02,2.449999999999999956e-01,-5.999999999999999778e-02,7.299999999999999822e-01,8.000000000000000167e-02,-5.000000000000000278e-02,4.000000000000000083e-02,3.900000000000000133e-01,-1.950000000000000067e-01,-5.999999999999999778e-02,7.299999999999999822e-01,8.000000000000000167e-02,5.000000000000000278e-02,-4.000000000000000083e-02
5.500000,-4.124308293018241200e-01,0.000000000000000000e+00,7.594907452582463359e-01,9.999218760172473575e-01,0.000000000000000000e+00,-1.249967448170978719e-02,0.000000000000000000e+00,-5.654042682650374241e-01,0.000000000000000000e+00,0.000000000000000000e+00,8.999977443883919737e-01,9.406523876645422888e-03,0.000000000000000000e+00,-3.501170756712297938e-01,0.000000000000000000e+00,0.000000000000000000e+00,6.684727436754399621e-01,-3.243556680042101181e-01,0.000000000000000000e+00,-7.499999999999999722e-02,0.000000000000000000e+00,-5.500000000000000028e-02,1.000000000000000888e-02,2.449999999999999956e-01,-5.999999999999999778e-02,7.299999999999999822e-01,8.000000000000000167e-02,-5.000000000000000278e-02,4.000000000000000083e-02,3.900000000000000133e-01,-1.950000000000000067e-01,-5.999999999999999778e-02,7.299999999999999822e-01,8.000000000000000167e-02,5.000000000000000278e-02,-4.000000000000000083e-02
5.510000,-4.139958320846747197e-01,0.000000000000000000e+00,7.594907452582463359e-01,9.999218760172473575e-01,0.000000000000000000e+00,-1.249967448170978719e-02,0.000000000000000000e+00,-5.632782594464540438e-01,0.000000000000000000e+00,0.000000000000000000e+00,9.014316904196154612e-01,5.846569026838666083e-03,0.000000000000000000e+00,-3.526559817643380446e-01,0.000000000000000000e+00,0.000000000000000000e+00,6.681139044811350569e-01,-3.214579227167969622e-01,0.000000000000000000e+00,-7.499999999999999722e-02,0.000000000000000000e+00,-5.500000000000000028e-02,1.000000000000000888e-02,2.449999999999999956e-01,-5.999999999999999778e-02,7.299999999999999822e-01,8.000000000000000167e-02,-5.000000000000000278e-02,4.000000000000000083e-02,3.900000000000000133e-01,-1.950000000000000067e-01,-5.999999999999999778e-02,7.299999999999999822e-01,8.000000000000000167e-02,5.000000000000000278e-02,-4.000000000000000083e-02
5.520000,-4.156455121889036652e-01,0.000000000000000000e+00,7.594907452582463359e-01,9.999218760172473575e-01,0.000000000000000000e+00,-1.249967448170978719e-02,0.000000000000000000e+00,-5.610164588032131583e-01,0.000000000000000000e+00,0.000000000000000000e+00,9.029051492571565918e-01,2.111309546056649999e-03,0.000000000000000000e+00,-3.553091837237321027e-01,0.000000000000000000e+00,0.000000000000000000e+00,6.676894260465725539e-01,-3.183802423228404010e-01,0.000000000000000000e+00,-7.499999999999999722e-02,0.000000000000000000e+00,-5.500000000000000028e-02,1.000000000000000888e-02,2.449999999999999956e-01,-5.999999999999999778e-02,7.299999999999999822e-01,8.000000000000000167e-02,-5.000000000000000278e-02,4.000000000000000083e-02,3.900000000000000133e-01,-1.950000000000000067e-01,-5.999999999999999778e-02,7.299999999999999822e-01,8.000000000000000167e-02,5.000000000000000278e-02,-4.000000000000000083e-02
5.530000,-4.173753368076856818e-01,0.000000000000000000e+00,7.594907452582463359e-01,9.999218760172473575e-01,0.000000000000000000e+00,-1.249967448170978719e-02,0.000000000000000000e+00,-5.586220194249402748e-01,0.000000000000000000e+00,0.000000000000000000e+00,9.044083708974115510e-01,-1.786351472471192636e-03,0.000000000000000000e+00,-3.580657542404543925e-01,0.000000000000000000e+00,0.000000000000000000e+00,6.671932887806384382e-01,-3.151275345401839956e-01,0.000000000000000000e+00,-7.499999999999999722e-02,0.000000000000000000e+00,-5.500000000000000028e-02,1.000000000000000888e-02,2.449999999999999956e-01,-5.999999999999999778e-02,7.299999999999999822e-01,8.000000000000000167e-02,-5.000000000000000278e-02,4.000000000000000083e-02,3.900000000000000133e-01,-1.950000000000000067e-01,-5.999999999999999778e-02,7.299999999999999822e-01,8.000000000000000167e-02,5.000000000000000278e-02,-4.000000000000000083e-02
5.540000,-4.191802977342085068e-01,0.000000000000000000e+00,7.594907452582463359e-01,9.999218760172473575e-01,0.000000000000000000e+00,-1.249967448170978719e-02,0.000000000000000000e+00,-5.560988845471357411e-01,0.000000000000000000e+00,0.000000000000000000e+00,9.059314092388647266e-01,-5.832524691728901978e-03,0.000000000000000000e+00,-3.609140874033633928e-01,0.000000000000000000e+00,0.000000000000000000e+00,6.666197952085977096e-01,-3.117057078052342667e-01,0.000000000000000000e+00,-7.499999999999999722e-02,0.000000000000000000e+00,-5.500000000000000028e-02,1.000000000000000888e-02,2.449999999999999956e-01,-5.999999999999999778e-02,7.299999999999999822e-01,8.000000000000000167e-02,-5.000000000000000278e-02,4.000000000000000083e-02,3.900000000000000133e-01,-1.950000000000000067e-01,-5.999999999999999778e-02,7.299999999999999822e-01,8.000000000000000167e-02,5.000000000000000278e-02,-4.000000000000000083e-02
5.550000,-4.210549509783380051e-01,0.000000000000000000e+00,7.594907452582463359e-01,9.999218760172473575e-01,0.000000000000000000e+00,-1.249967448170978719e-02,0.000000000000000000e+00,-5.534517924274626743e-01,0.000000000000000000e+00,0.000000000000000000e+00,9.074642658396004924e-01,-1.001247341213773456e-02,0.000000000000000000e+00,-3.638420276532614572e-01,0.000000000000000000e+00,0.000000000000000000e+00,6.659636900602267096e-01,-3.081216624069652021e-01,0.000000000000000000e+00,-7.499999999999999722e-02,0.000000000000000000e+00,-5.500000000000000028e-02,1.000000000000000888e-02,2.449999999999999956e-01,-5.999999999999999778e-02,7.299999999999999822e-01,8.000000000000000167e-02,-5.000000000000000278e-02,4.000000000000000083e-02,3.900000000000000133e-01,-1.950000000000000067e-01,-5.999999999999999778e-02,7.299999999999999822e-01,8.000000000000000167e-02,5.000000000000000278e-02,-4.000000000000000083e-02
5.560000,-4.229934563832838390e-01,0.000000000000000000e+00,7.594907452582463359e-01,9.999218760172473575e-01,0.000000000000000000e+00,-1.249967448170978719e-02,0.000000000000000000e+00,-5.506862782002347467e-01,0.000000000000000000e+00,0.000000000000000000e+00,9.089970291229926280e-01,-1.431075092275790883e-02,0.000000000000000000e+00,-3.668369979244305856e-01,0.000000000000000000e+00,0.000000000000000000e+00,6.652202775897575471e-01,-3.043832796653269113e-01,0.000000000000000000e+00,-7.499999999999999722e-02,0.000000000000000000e+00,-5.500000000000000028e-02,1.000000000000000888e-02,2.449999999999999956e-01,-5.999999999999999778e-02,7.299999999999999822e-01,8.000000000000000167e-02,-5.000000000000000278e-02,4.000000000000000083e-02,3.900000000000000133e-01,-1.950000000000000067e-01,-5.999999999999999778e-02,7.299999999999999822e-01,8.000000000000000167e-02,5.000000000000000278e-02,-4.000000000000000083e-02
5.570000,-4.249896172422646390e-01,0.000000000000000000e+00,7.594907452582463359e-01,9.999218760172473575e-01,0.000000000000000000e+00,-1.249967448170978719e-02,0.000000000000000000e+00,-5.478086716567655001e-01,0.000000000000000000e+00,0.000000000000000000e+00,9.105200071636572190e-01,-1.871133550689174641e-02,0.000000000000000000e+00,-3.698861259515064948e-01,0.000000000000000000e+00,0.000000000000000000e+00,6.643855340536051202e-01,-3.004994081020985752e-01,0.000000000000000000e+00,-7.499999999999999722e-02,0.000000000000000000e+00,-5.500000000000000028e-02,1.000000000000000888e-02,2.449999999999999956e-01,-5.999999999999999778e-02,7.299999999999999822e-01,8.000000000000000167e-02,-5.000000000000000278e-02,4.000000000000000083e-02,3.900000000000000133e-01,-1.950000000000000067e-01,-5.999999999999999778e-02,7.299999999999999822e-01,8.000000000000000167e-02,5.000000000000000278e-02,-4.000000000000000083e-02
5.580000,-4.270369199151746176e-01,0.000000000000000000e+00,7.594907452582463359e-01,9.999218760172473575e-01,0.000000000000000000e+00,-1.249967448170978719e-02,0.000000000000000000e+00,-5.448260900139398899e-01,0.000000000000000000e+00,0.000000000000000000e+00,9.120238523580643797e-01,-2.319776234412440630e-02,0.000000000000000000e+00,-3.729763677576456438e-01,0.000000000000000000e+00,0.000000000000000000e+00,6.634562133944340578e-01,-2.964798456367883639e-01,0.000000000000000000e+00,-7.499999999999999722e-02,0.000000000000000000e+00,-5.500000000000000028e-02,1.000000000000000888e-02,2.449999999999999956e-01,-5.999999999999999778e-02,7.299999999999999822e-01,8.000000000000000167e-02,-5.000000000000000278e-02,4.000000000000000083e-02,3.900000000000000133e-01,-1.950000000000000067e-01,-5.999999999999999778e-02,7.299999999999999822e-01,8.000000000000000167e-02,5.000000000000000278e-02,-4.000000000000000083e-02
5.590000,-4.291285734452484069e-01,0.000000000000000000e+00,7.594907452582463359e-01,9.999218760172473575e-01,0.000000000000000000e+00,-1.249967448170978719e-02,0.000000000000000000e+00,-5.417464248585430742e-01,0.000000000000000000e+00,0.000000000000000000e+00,9.134996764724426788e-01,-2.775325161389952111e-02,0.000000000000000000e+00,-3.760946273839877452e-01,0.000000000000000000e+00,0.000000000000000000e+00,6.624299443155156064e-01,-2.923353169315278111e-01,0.000000000000000000e+00,-7.499999999999999722e-02,0.000000000000000000e+00,-5.500000000000000028e-02,1.000000000000000888e-02,2.449999999999999956e-01,-5.999999999999999778e-02,7.299999999999999822e-01,8.000000000000000167e-02,-5.000000000000000278e-02,4.000000000000000083e-02,3.900000000000000133e-01,-1.950000000000000067e-01,-5.999999999999999778e-02,7.299999999999999822e-01,8.000000000000000167e-02,5.000000000000000278e-02,-4.000000000000000083e-02
5.600000,-4.312575491757270063e-01,0.000000000000000000e+00,7.594907452582463359e-01,9.999218760172473575e-01,0.000000000000000000e+00,-1.249967448170978719e-02,0.000000000000000000e+00,-5.385783225867308843e-01,0.000000000000000000e+00,0.000000000000000000e+00,9.149391547593747065e-01,-3.236083217264373868e-02,0.000000000000000000e+00,-3.792278719692011579e-01,0.000000000000000000e+00,0.000000000000000000e+00,6.613053170729508157e-01,-2.880774451037496076e-01,0.000000000000000000e+00,-7.499999999999999722e-02,0.000000000000000000e+00,-5.500000000000000028e-02,1.000000000000000888e-02,2.449999999999999956e-01,-5.999999999999999778e-02,7.299999999999999822e-01,8.000000000000000167e-02,-5.000000000000000278e-02,4.000000000000000083e-02,3.900000000000000133e-01,-1.950000000000000067e-01,-5.999999999999999778e-02,7.299999999999999822e-01,8.000000000000000167e-02,5.000000000000000278e-02,-4.000000000000000083e-02
5.610000,-4.334166203665229533e-01,0.000000000000000000e+00,7.594907452582463359e-01,9.999218760172473575e-01,0.000000000000000000e+00,-1.249967448170978719e-02,0.000000000000000000e+00,-5.353311577931941789e-01,0.000000000000000000e+00,0.000000000000000000e+00,9.163346180392027973e-01,-3.700346024600864592e-02,0.000000000000000000e+00,-3.823632413404431940e-01,0.000000000000000000e+00,0.000000000000000000e+00,6.600819584614836533e-01,-2.837187171210404091e-01,0.000000000000000000e+00,-7.499999999999999722e-02,0.000000000000000000e+00,-5.500000000000000028e-02,1.000000000000000888e-02,2.449999999999999956e-01,-5.999999999999999778e-02,7.299999999999999822e-01,8.000000000000000167e-02,-5.000000000000000278e-02,4.000000000000000083e-02,3.900000000000000133e-01,-1.950000000000000067e-01,-5.999999999999999778e-02,7.299999999999999822e-01,8.000000000000000167e-02,5.000000000000000278e-02,-4.000000000000000083e-02
5.620000,-4.355984018108866596e-01,0.000000000000000000e+00,7.594907452582463359e-01,9.999218760172473575e-01,0.000000000000000000e+00,-1.249967448170978719e-02,0.000000000000000000e+00,-5.320149992000846595e-01,0.000000000000000000e+00,0.000000000000000000e+00,9.176791318494150751e-01,-4.166413264933033211e-02,0.000000000000000000e+00,-3.854881513330775111e-01,0.000000000000000000e+00,0.000000000000000000e+00,6.587605936198707157e-01,-2.792724422867931544e-01,0.000000000000000000e+00,-7.499999999999999722e-02,0.000000000000000000e+00,-5.500000000000000028e-02,1.000000000000000888e-02,2.449999999999999956e-01,-5.999999999999999778e-02,7.299999999999999822e-01,8.000000000000000167e-02,-5.000000000000000278e-02,4.000000000000000083e-02,3.900000000000000133e-01,-1.950000000000000067e-01,-5.999999999999999778e-02,7.299999999999999822e-01,8.000000000000000167e-02,5.000000000000000278e-02,-4.000000000000000083e-02
5.630000,-4.377953894520716371e-01,0.000000000000000000e+00,7.594907452582463359e-01,9.999218760172473575e-01,0.000000000000000000e+00,-1.249967448170978719e-02,0.000000000000000000e+00,-5.286405678492291926e-01,0.000000000000000000e+00,0.000000000000000000e+00,9.189665619718240253e-01,-4.632599412259474914e-02,0.000000000000000000e+00,-3.885903901159864504e-01,0.000000000000000000e+00,0.000000000000000000e+00,6.573430934326858210e-01,-2.747527033166993204e-01,0.000000000000000000e+00,-7.499999999999999722e-02,0.000000000000000000e+00,-5.500000000000000028e-02,1.000000000000000888e-02,2.449999999999999956e-01,-5.999999999999999778e-02,7.299999999999999822e-01,8.000000000000000167e-02,-5.000000000000000278e-02,4.000000000000000083e-02,3.900000000000000133e-01,-1.950000000000000067e-01,-5.999999999999999778e-02,7.299999999999999822e-01,8.000000000000000167e-02,5.000000000000000278e-02,-4.000000000000000083e-02
5.640000,-4.400000000000000022e-01,0.000000000000000000e+00,7.594907452582463359e-01,9.999218760172473575e-01,0.000000000000000000e+00,-1.249967448170978719e-02,0.000000000000000000e+00,-5.252191874104678027e-01,0.000000000000000000e+00,0.000000000000000000e+00,9.201916258515332459e-01,-5.097243844106547073e-02,0.000000000000000000e+00,-3.916582068628911006e-01,0.000000000000000000e+00,0.000000000000000000e+00,6.558325064567969154e-01,-2.701742995939057645e-01,0.000000000000000000e+00,-7.499999999999999722e-02,0.000000000000000000e+00,-5.500000000000000028e-02,1.000000000000000888e-02,2.449999999999999956e-01,-5.999999999999999778e-02,7.299999999999999822e-01,8.000000000000000167e-02,-5.000000000000000278e-02,4.000000000000000083e-02,3.900000000000000133e-01,-1.950000000000000067e-01,-5.999999999999999778e-02,7.299999999999999822e-01,8.000000000000000167e-02,5.000000000000000278e-02,-4.000000000000000083e-02
5.650000,-4.422046105479285338e-01,0.000000000000000000e+00,7.594907452582463359e-01,9.999218760172473575e-01,0.000000000000000000e+00,-1.249967448170978719e-02,0.000000000000000000e+00,-5.217627265826244587e-01,0.000000000000000000e+00,0.000000000000000000e+00,9.213499296221598911e-01,-5.558720303953545994e-02,0.000000000000000000e+00,-3.946803921786061764e-01,0.000000000000000000e+00,0.000000000000000000e+00,6.542330744533092490e-01,-2.655526822747030224e-01,0.000000000000000000e+00,-7.499999999999999722e-02,0.000000000000000000e+00,-5.500000000000000028e-02,1.000000000000000888e-02,2.449999999999999956e-01,-5.999999999999999778e-02,7.299999999999999822e-01,8.000000000000000167e-02,-5.000000000000000278e-02,4.000000000000000083e-02,3.900000000000000133e-01,-1.950000000000000067e-01,-5.999999999999999778e-02,7.299999999999999822e-01,8.000000000000000167e-02,5.000000000000000278e-02,-4.000000000000000083e-02
5.660000,-4.444015981891135114e-01,0.000000000000000000e+00,7.594907452582463359e-01,9.999218760172473575e-01,0.000000000000000000e+00,-1.249967448170978719e-02,0.000000000000000000e+00,-5.182835336804090254e-01,0.000000000000000000e+00,0.000000000000000000e+00,9.224379906476465329e-01,-6.015445696723742408e-02,0.000000000000000000e+00,-3.976463497638674238e-01,0.000000000000000000e+00,0.000000000000000000e+00,6.525502307613179065e-01,-2.609038809974504325e-01,0.000000000000000000e+00,-7.499999999999999722e-02,0.000000000000000000e+00,-5.500000000000000028e-02,1.000000000000000888e-02,2.449999999999999956e-01,-5.999999999999999778e-02,7.299999999999999822e-01,8.000000000000000167e-02,-5.000000000000000278e-02,4.000000000000000083e-02,3.900000000000000133e-01,-1.950000000000000067e-01,-5.999999999999999778e-02,7.299999999999999822e-01,8.000000000000000167e-02,5.000000000000000278e-02,-4.000000000000000083e-02
5.670000,-4.465833796334772177e-01,0.000000000000000000e+00,7.594907452582463359e-01,9.999218760172473575e-01,0.000000000000000000e+00,-1.249967448170978719e-02,0.000000000000000000e+00,-5.147943636096751208e-01,0.000000000000000000e+00,0.000000000000000000e+00,9.234532456818987933e-01,-6.465888207222370010e-02,0.000000000000000000e+00,-4.005461588846971344e-01,0.000000000000000000e+00,0.000000000000000000e+00,6.507905809108317507e-01,-2.562444220261345662e-01,0.000000000000000000e+00,-7.499999999999999722e-02,0.000000000000000000e+00,-5.500000000000000028e-02,1.000000000000000888e-02,2.449999999999999956e-01,-5.999999999999999778e-02,7.299999999999999822e-01,8.000000000000000167e-02,-5.000000000000000278e-02,4.000000000000000083e-02,3.900000000000000133e-01,-1.950000000000000067e-01,-5.999999999999999778e-02,7.299999999999999822e-01,8.000000000000000167e-02,5.000000000000000278e-02,-4.000000000000000083e-02
5.680000,-4.487424508242731092e-01,0.000000000000000000e+00,7.594907452582463359e-01,9.999218760172473575e-01,0.000000000000000000e+00,-1.249967448170978719e-02,0.000000000000000000e+00,-5.113082975344168668e-01,0.000000000000000000e+00,0.000000000000000000e+00,9.243940449331987663e-01,-6.908574739878192705e-02,0.000000000000000000e+00,-4.033706273038109025e-01,0.000000000000000000e+00,0.000000000000000000e+00,6.489618650419731738e-01,-2.515912377381622211e-01,0.000000000000000000e+00,-7.499999999999999722e-02,0.000000000000000000e+00,-5.500000000000000028e-02,1.000000000000000888e-02,2.449999999999999956e-01,-5.999999999999999778e-02,7.299999999999999822e-01,8.000000000000000167e-02,-5.000000000000000278e-02,4.000000000000000083e-02,3.900000000000000133e-01,-1.950000000000000067e-01,-5.999999999999999778e-02,7.299999999999999822e-01,8.000000000000000167e-02,5.000000000000000278e-02,-4.000000000000000083e-02
5.690000,-4.508714265547517641e-01,0.000000000000000000e+00,7.594907452582463359e-01,9.999218760172473575e-01,0.000000000000000000e+00,-1.249967448170978719e-02,0.000000000000000000e+00,-5.078386556313778666e-01,0.000000000000000000e+00,0.000000000000000000e+00,9.252596325007621525e-01,-7.342097686938420242e-02,0.000000000000000000e+00,-4.061113344339392084e-01,0.000000000000000000e+00,0.000000000000000000e+00,6.470729018795955412e-01,-2.469615674456562826e-01,0.000000000000000000e+00,-7.499999999999999722e-02,0.000000000000000000e+00,-5.500000000000000028e-02,1.000000000000000888e-02,2.449999999999999956e-01,-5.999999999999999778e-02,7.299999999999999822e-01,8.000000000000000167e-02,-5.000000000000000278e-02,4.000000000000000083e-02,3.900000000000000133e-01,-1.950000000000000067e-01,-5.999999999999999778e-02,7.299999999999999822e-01,8.000000000000000167e-02,5.000000000000000278e-02,-4.000000000000000083e-02
5.700000,-4.529630800848255534e-01,0.000000000000000000e+00,7.594907452582463359e-01,9.999218760172473575e-01,0.000000000000000000e+00,-1.249967448170978719e-02,0.000000000000000000e+00,-5.043989034121770798e-01,0.000000000000000000e+00,0.000000000000000000e+00,9.260501138258363518e-01,-7.765121041365929955e-02,0.000000000000000000e+00,-4.087606645875998534e-01,0.000000000000000000e+00,0.000000000000000000e+00,6.451335142105187881e-01,-2.423728496229188845e-01,0.000000000000000000e+00,-7.499999999999999722e-02,0.000000000000000000e+00,-5.500000000000000028e-02,1.000000000000000888e-02,2.449999999999999956e-01,-5.999999999999999778e-02,7.299999999999999822e-01,8.000000000000000167e-02,-5.000000000000000278e-02,4.000000000000000083e-02,3.900000000000000133e-01,-1.950000000000000067e-01,-5.999999999999999778e-02,7.299999999999999822e-01,8.000000000000000167e-02,5.000000000000000278e-02,-4.000000000000000083e-02
5.710000,-4.550103827577355320e-01,0.000000000000000000e+00,7.594907452582463359e-01,9.999218760172473575e-01,0.000000000000000000e+00,-1.249967448170978719e-02,0.000000000000000000e+00,-5.010025521684356997e-01,0.000000000000000000e+00,0.000000000000000000e+00,9.267664109690444407e-01,-8.176385880060876854e-02,0.000000000000000000e+00,-4.113118303261137365e-01,0.000000000000000000e+00,0.000000000000000000e+00,6.431544360282599460e-01,-2.378426057021461593e-01,0.000000000000000000e+00,-7.499999999999999722e-02,0.000000000000000000e+00,-5.500000000000000028e-02,1.000000000000000888e-02,2.449999999999999956e-01,-5.999999999999999778e-02,7.299999999999999822e-01,8.000000000000000167e-02,-5.000000000000000278e-02,4.000000000000000083e-02,3.900000000000000133e-01,-1.950000000000000067e-01,-5.999999999999999778e-02,7.299999999999999822e-01,8.000000000000000167e-02,5.000000000000000278e-02,-4.000000000000000083e-02
5.720000,-4.570065436167163320e-01,0.000000000000000000e+00,7.594907452582463359e-01,9.999218760172473575e-01,0.000000000000000000e+00,-1.249967448170978719e-02,0.000000000000000000e+00,-4.976630541627688475e-01,0.000000000000000000e+00,0.000000000000000000e+00,9.274102066887858209e-01,-8.574715252601694537e-02,0.000000000000000000e+00,-4.137588860532723789e-01,0.000000000000000000e+00,0.000000000000000000e+00,6.411472017503887511e-01,-2.333883156971163220e-01,0.000000000000000000e+00,-7.499999999999999722e-02,0.000000000000000000e+00,-5.500000000000000028e-02,1.000000000000000888e-02,2.449999999999999956e-01,-5.999999999999999778e-02,7.299999999999999822e-01,8.000000000000000167e-02,-5.000000000000000278e-02,4.000000000000000083e-02,3.900000000000000133e-01,-1.950000000000000067e-01,-5.999999999999999778e-02,7.299999999999999822e-01,8.000000000000000167e-02,5.000000000000000278e-02,-4.000000000000000083e-02
5.730000,-4.589450490216621659e-01,0.000000000000000000e+00,7.594907452582463359e-01,9.999218760172473575e-01,0.000000000000000000e+00,-1.249967448170978719e-02,0.000000000000000000e+00,-4.943936932477899782e-01,0.000000000000000000e+00,0.000000000000000000e+00,9.279838784515086481e-01,-8.959018520371864192e-02,0.000000000000000000e+00,-4.160967321563075472e-01,0.000000000000000000e+00,0.000000000000000000e+00,6.391240181784575425e-01,-2.290272860221499451e-01,0.000000000000000000e+00,-7.499999999999999722e-02,0.000000000000000000e+00,-5.500000000000000028e-02,1.000000000000000888e-02,2.449999999999999956e-01,-5.999999999999999778e-02,7.299999999999999822e-01,8.000000000000000167e-02,-5.000000000000000278e-02,4.000000000000000083e-02,3.900000000000000133e-01,-1.950000000000000067e-01,-5.999999999999999778e-02,7.299999999999999822e-01,8.000000000000000167e-02,5.000000000000000278e-02,-4.000000000000000083e-02
5.740000,-4.608197022657916642e-01,0.000000000000000000e+00,7.594907452582463359e-01,9.999218760172473575e-01,0.000000000000000000e+00,-1.249967448170978719e-02,0.000000000000000000e+00,-4.912074716467076385e-01,0.000000000000000000e+00,0.000000000000000000e+00,9.284904236523485732e-01,-9.328295200564085121e-02,0.000000000000000000e+00,-4.183211101680319177e-01,0.000000000000000000e+00,0.000000000000000000e+00,6.370976201604021671e-01,-2.247765099923701992e-01,0.000000000000000000e+00,-7.499999999999999722e-02,0.000000000000000000e+00,-5.500000000000000028e-02,1.000000000000000888e-02,2.449999999999999956e-01,-5.999999999999999778e-02,7.299999999999999822e-01,8.000000000000000167e-02,-5.000000000000000278e-02,4.000000000000000083e-02,3.900000000000000133e-01,-1.950000000000000067e-01,-5.999999999999999778e-02,7.299999999999999822e-01,8.000000000000000167e-02,5.000000000000000278e-02,-4.000000000000000083e-02
5.750000,-4.626246631923144892e-01,0.000000000000000000e+00,7.594907452582463359e-01,9.999218760172473575e-01,0.000000000000000000e+00,-1.249967448170978719e-02,0.000000000000000000e+00,-4.881169936726962311e-01,0.000000000000000000e+00,0.000000000000000000e+00,9.289333774622561268e-01,-9.681638378955992330e-02,0.000000000000000000e+00,-4.204285896076213058e-01,0.000000000000000000e+00,0.000000000000000000e+00,6.350811112289267424e-01,-2.206525216213053864e-01,0.000000000000000000e+00,-7.499999999999999722e-02,0.000000000000000000e+00,-5.500000000000000028e-02,1.000000000000000888e-02,2.449999999999999956e-01,-5.999999999999999778e-02,7.299999999999999822e-01,8.000000000000000167e-02,-5.000000000000000278e-02,4.000000000000000083e-02,3.900000000000000133e-01,-1.950000000000000067e-01,-5.999999999999999778e-02,7.299999999999999822e-01,8.000000000000000167e-02,5.000000000000000278e-02,-4.000000000000000083e-02
5.760000,-4.643544878110964502e-01,0.000000000000000000e+00,7.594907452582463359e-01,9.999218760172473575e-01,0.000000000000000000e+00,-1.249967448170978719e-02,0.000000000000000000e+00,-4.851343472000017032e-01,0.000000000000000000e+00,0.000000000000000000e+00,9.293167248432150362e-01,-1.001823776432133606e-01,0.000000000000000000e+00,-4.224165473506221180e-01,0.000000000000000000e+00,0.000000000000000000e+00,6.330877908229174400e-01,-2.166712434722952718e-01,0.000000000000000000e+00,-7.499999999999999722e-02,0.000000000000000000e+00,-5.500000000000000028e-02,1.000000000000000888e-02,2.449999999999999956e-01,-5.999999999999999778e-02,7.299999999999999822e-01,8.000000000000000167e-02,-5.000000000000000278e-02,4.000000000000000083e-02,3.900000000000000133e-01,-1.950000000000000067e-01,-5.999999999999999778e-02,7.299999999999999822e-01,8.000000000000000167e-02,5.000000000000000278e-02,-4.000000000000000083e-02
5.770000,-4.660041679153253957e-01,0.000000000000000000e+00,7.594907452582463359e-01,9.999218760172473575e-01,0.000000000000000000e+00,-1.249967448170978719e-02,0.000000000000000000e+00,-4.822709837274437028e-01,0.000000000000000000e+00,0.000000000000000000e+00,9.296448083838217968e-01,-1.033738246563780105e-01,0.000000000000000000e+00,-4.242831405772032327e-01,0.000000000000000000e+00,0.000000000000000000e+00,6.311309700457349292e-01,-2.128478294685316463e-01,0.000000000000000000e+00,-7.499999999999999722e-02,0.000000000000000000e+00,-5.500000000000000028e-02,1.000000000000000888e-02,2.449999999999999956e-01,-5.999999999999999778e-02,7.299999999999999822e-01,8.000000000000000167e-02,-5.000000000000000278e-02,4.000000000000000083e-02,3.900000000000000133e-01,-1.950000000000000067e-01,-5.999999999999999778e-02,7.299999999999999822e-01,8.000000000000000167e-02,5.000000000000000278e-02,-4.000000000000000083e-02
5.780000,-4.675691706981760509e-01,0.000000000000000000e+00,7.594907452582463359e-01,9.999218760172473575e-01,0.000000000000000000e+00,-1.249967448170978719e-02,0.000000000000000000e+00,-4.795375978942334472e-01,0.000000000000000000e+00,0.000000000000000000e+00,9.299222337003818506e-01,-1.063846358061484310e-01,0.000000000000000000e+00,-4.260272745456837873e-01,0.000000000000000000e+00,0.000000000000000000e+00,6.292237782646745714e-01,-2.091965037189907339e-01,0.000000000000000000e+00,-7.499999999999999722e-02,0.000000000000000000e+00,-5.500000000000000028e-02,1.000000000000000888e-02,2.449999999999999956e-01,-5.999999999999999778e-02,7.299999999999999822e-01,8.000000000000000167e-02,-5.000000000000000278e-02,4.000000000000000083e-02,3.900000000000000133e-01,-1.950000000000000067e-01,-5.999999999999999778e-02,7.299999999999999822e-01,8.000000000000000167e-02,5.000000000000000278e-02,-4.000000000000000083e-02
5.790000,-4.690454783694766872e-01,0.000000000000000000e+00,7.594907452582463359e-01,9.999218760172473575e-01,0.000000000000000000e+00,-1.249967448170978719e-02,0.000000000000000000e+00,-4.769440073181819839e-01,0.000000000000000000e+00,0.000000000000000000e+00,9.301537742202861114e-01,-1.092097669021041551e-01,0.000000000000000000e+00,-4.276485666288120102e-01,0.000000000000000000e+00,0.000000000000000000e+00,6.273789631971922187e-01,-2.057303965683801583e-01,0.000000000000000000e+00,-7.499999999999999722e-02,0.000000000000000000e+00,-5.500000000000000028e-02,1.000000000000000888e-02,2.449999999999999956e-01,-5.999999999999999778e-02,7.299999999999999822e-01,8.000000000000000167e-02,-5.000000000000000278e-02,4.000000000000000083e-02,3.900000000000000133e-01,-1.950000000000000067e-01,-5.999999999999999778e-02,7.299999999999999822e-01,8.000000000000000167e-02,5.000000000000000278e-02,-4.000000000000000083e-02
5.800000,-4.704296277723742370e-01,0.000000000000000000e+00,7.594907452582463359e-01,9.999218760172473575e-01,0.000000000000000000e+00,-1.249967448170978719e-02,0.000000000000000000e+00,-4.744990336266088904e-01,0.000000000000000000e+00,0.000000000000000000e+00,9.303442772110667169e-01,-1.118452435844577986e-01,0.000000000000000000e+00,-4.291473082244713355e-01,0.000000000000000000e+00,0.000000000000000000e+00,6.256086874457963409e-01,-2.024613792213249552e-01,0.000000000000000000e+00,-7.499999999999999722e-02,0.000000000000000000e+00,-5.500000000000000028e-02,1.000000000000000888e-02,2.449999999999999956e-01,-5.999999999999999778e-02,7.299999999999999822e-01,8.000000000000000167e-02,-5.000000000000000278e-02,4.000000000000000083e-02,3.900000000000000133e-01,-1.950000000000000067e-01,-5.999999999999999778e-02,7.299999999999999822e-01,8.000000000000000167e-02,5.000000000000000278e-02,-4.000000000000000083e-02
5.810000,-4.717187500000000755e-01,0.000000000000000000e+00,7.594907452582463359e-01,9.999218760172473575e-01,0.000000000000000000e+00,-1.249967448170978719e-02,0.000000000000000000e+00,-4.722103855394628735e-01,0.000000000000000000e+00,0.000000000000000000e+00,9.304985729361753277e-01,-1.142881873967124262e-01,0.000000000000000000e+00,-4.305244263007448335e-01,0.000000000000000000e+00,0.000000000000000000e+00,6.239243247164926176e-01,-1.993998984157477339e-01,0.000000000000000000e+00,-7.499999999999999722e-02,0.000000000000000000e+00,-5.500000000000000028e-02,1.000000000000000888e-02,2.449999999999999956e-01,-5.999999999999999778e-02,7.299999999999999822e-01,8.000000000000000167e-02,-5.000000000000000278e-02,4.000000000000000083e-02,3.900000000000000133e-01,-1.950000000000000067e-01,-5.999999999999999778e-02,7.299999999999999822e-01,8.000000000000000167e-02,5.000000000000000278e-02,-4.000000000000000083e-02
5.820000,-4.729106100121351353e-01,0.000000000000000000e+00,7.594907452582463359e-01,9.999218760172473575e-01,0.000000000000000000e+00,-1.249967448170978719e-02,0.000000000000000000e+00,-4.700845448410725380e-01,0.000000000000000000e+00,0.000000000000000000e+00,9.306213888030338000e-01,-1.165368439619612895e-01,0.000000000000000000e+00,-4.317814464469663660e-01,0.000000000000000000e+00,0.000000000000000000e+00,6.223362591650672959e-01,-1.965548127181008797e-01,0.000000000000000000e+00,-7.499999999999999722e-02,0.000000000000000000e+00,-5.500000000000000028e-02,1.000000000000000888e-02,2.449999999999999956e-01,-5.999999999999999778e-02,7.299999999999999822e-01,8.000000000000000167e-02,-5.000000000000000278e-02,4.000000000000000083e-02,3.900000000000000133e-01,-1.950000000000000067e-01,-5.999999999999999778e-02,7.299999999999999822e-01,8.000000000000000167e-02,5.000000000000000278e-02,-4.000000000000000083e-02
5.830000,-4.740036462518761318e-01,0.000000000000000000e+00,7.594907452582463359e-01,9.999218760172473575e-01,0.000000000000000000e+00,-1.249967448170978719e-02,0.000000000000000000e+00,-4.681266560400468846e-01,0.000000000000000000e+00,0.000000000000000000e+00,9.307172703161339378e-01,-1.185906142760870807e-01,0.000000000000000000e+00,-4.329204593667222989e-01,0.000000000000000000e+00,0.000000000000000000e+00,6.208536914402779106e-01,-1.939332320735555615e-01,0.000000000000000000e+00,-7.499999999999999722e-02,0.000000000000000000e+00,-5.500000000000000028e-02,1.000000000000000888e-02,2.449999999999999956e-01,-5.999999999999999778e-02,7.299999999999999822e-01,8.000000000000000167e-02,-5.000000000000000278e-02,4.000000000000000083e-02,3.900000000000000133e-01,-1.950000000000000067e-01,-5.999999999999999778e-02,7.299999999999999822e-01,8.000000000000000167e-02,5.000000000000000278e-02,-4.000000000000000083e-02
5.840000,-4.749970102623011226e-01,0.000000000000000000e+00,7.594907452582463359e-01,9.999218760172473575e-01,0.000000000000000000e+00,-1.249967448170978719e-02,0.000000000000000000e+00,-4.663404204644878703e-01,0.000000000000000000e+00,0.000000000000000000e+00,9.307905105537586099e-01,-1.204500900892706561e-01,0.000000000000000000e+00,-4.339440927552487004e-01,0.000000000000000000e+00,0.000000000000000000e+00,6.194844550125706562e-01,-1.915403622573219056e-01,0.000000000000000000e+00,-7.499999999999999722e-02,0.000000000000000000e+00,-5.500000000000000028e-02,1.000000000000000888e-02,2.449999999999999956e-01,-5.999999999999999778e-02,7.299999999999999822e-01,8.000000000000000167e-02,-5.000000000000000278e-02,4.000000000000000083e-02,3.900000000000000133e-01,-1.950000000000000067e-01,-5.999999999999999778e-02,7.299999999999999822e-01,8.000000000000000167e-02,5.000000000000000278e-02,-4.000000000000000083e-02
5.850000,-4.758906063031348443e-01,0.000000000000000000e+00,7.594907452582463359e-01,9.999218760172473575e-01,0.000000000000000000e+00,-1.249967448170978719e-02,0.000000000000000000e+00,-4.647279954700851978e-01,0.000000000000000000e+00,0.000000000000000000e+00,9.308450897473788954e-01,-1.221170942772936696e-01,0.000000000000000000e+00,-4.348554904429743351e-01,0.000000000000000000e+00,0.000000000000000000e+00,6.182348462726144911e-01,-1.893793558296401058e-01,0.000000000000000000e+00,-7.499999999999999722e-02,0.000000000000000000e+00,-5.500000000000000028e-02,1.000000000000000888e-02,2.449999999999999956e-01,-5.999999999999999778e-02,7.299999999999999822e-01,8.000000000000000167e-02,-5.000000000000000278e-02,4.000000000000000083e-02,3.900000000000000133e-01,-1.950000000000000067e-01,-5.999999999999999778e-02,7.299999999999999822e-01,8.000000000000000167e-02,5.000000000000000278e-02,-4.000000000000000083e-02
5.860000,-4.766851309674143833e-01,0.000000000000000000e+00,7.594907452582463359e-01,9.999218760172473575e-01,0.000000000000000000e+00,-1.249967448170978719e-02,0.000000000000000000e+00,-4.632898993498770213e-01,0.000000000000000000e+00,0.000000000000000000e+00,9.308846263542195354e-01,-1.235947270043424862e-01,0.000000000000000000e+00,-4.356583005514507168e-01,0.000000000000000000e+00,0.000000000000000000e+00,6.171094716402747427e-01,-1.874511710888239757e-01,0.000000000000000000e+00,-7.499999999999999722e-02,0.000000000000000000e+00,-5.500000000000000028e-02,1.000000000000000888e-02,2.449999999999999956e-01,-5.999999999999999778e-02,7.299999999999999822e-01,8.000000000000000167e-02,-5.000000000000000278e-02,4.000000000000000083e-02,3.900000000000000133e-01,-1.950000000000000067e-01,-5.999999999999999778e-02,7.299999999999999822e-01,8.000000000000000167e-02,5.000000000000000278e-02,-4.000000000000000083e-02
5.870000,-4.773821127981550116e-01,0.000000000000000000e+00,7.594907452582463359e-01,9.999218760172473575e-01,0.000000000000000000e+00,-1.249967448170978719e-02,0.000000000000000000e+00,-4.620249224245596698e-01,0.000000000000000000e+00,0.000000000000000000e+00,9.309123407725825583e-01,-1.248874183480228606e-01,0.000000000000000000e+00,-4.363566741925358761e-01,0.000000000000000000e+00,0.000000000000000000e+00,6.161111145310478321e-01,-1.857544403385119058e-01,0.000000000000000000e+00,-7.499999999999999722e-02,0.000000000000000000e+00,-5.500000000000000028e-02,1.000000000000000888e-02,2.449999999999999956e-01,-5.999999999999999778e-02,7.299999999999999822e-01,8.000000000000000167e-02,-5.000000000000000278e-02,4.000000000000000083e-02,3.900000000000000133e-01,-1.950000000000000067e-01,-5.999999999999999778e-02,7.299999999999999822e-01,8.000000000000000167e-02,5.000000000000000278e-02,-4.000000000000000083e-02
5.880000,-4.779839519050158025e-01,0.000000000000000000e+00,7.594907452582463359e-01,9.999218760172473575e-01,0.000000000000000000e+00,-1.249967448170978719e-02,0.000000000000000000e+00,-4.609300446590934852e-01,0.000000000000000000e+00,0.000000000000000000e+00,9.309310325532440533e-01,-1.260009878941505956e-01,0.000000000000000000e+00,-4.369552759442503209e-01,0.000000000000000000e+00,0.000000000000000000e+00,6.152406244783245048e-01,-1.842853485340741337e-01,0.000000000000000000e+00,-7.499999999999999722e-02,0.000000000000000000e+00,-5.500000000000000028e-02,1.000000000000000888e-02,2.449999999999999956e-01,-5.999999999999999778e-02,7.299999999999999822e-01,8.000000000000000167e-02,-5.000000000000000278e-02,4.000000000000000083e-02,3.900000000000000133e-01,-1.950000000000000067e-01,-5.999999999999999778e-02,7.299999999999999822e-01,8.000000000000000167e-02,5.000000000000000278e-02,-4.000000000000000083e-02
5.890000,-4.784939595809648560e-01,0.000000000000000000e+00,7.594907452582463359e-01,9.999218760172473575e-01,0.000000000000000000e+00,-1.249967448170978719e-02,0.000000000000000000e+00,-4.600003599929262110e-01,0.000000000000000000e+00,0.000000000000000000e+00,9.309430716060105304e-01,-1.269427116130843469e-01,0.000000000000000000e+00,-4.374593069582462523e-01,0.000000000000000000e+00,0.000000000000000000e+00,6.144968300073320178e-01,-1.830375230490857152e-01,0.000000000000000000e+00,-7.499999999999999722e-02,0.000000000000000000e+00,-5.500000000000000028e-02,1.000000000000000888e-02,2.449999999999999956e-01,-5.999999999999999778e-02,7.299999999999999822e-01,8.000000000000000167e-02,-5.000000000000000278e-02,4.000000000000000083e-02,3.900000000000000133e-01,-1.950000000000000067e-01,-5.999999999999999778e-02,7.299999999999999822e-01,8.000000000000000167e-02,5.000000000000000278e-02,-4.000000000000000083e-02
5.900000,-4.789163979189453579e-01,0.000000000000000000e+00,7.594907452582463359e-01,9.999218760172473575e-01,0.000000000000000000e+00,-1.249967448170978719e-02,0.000000000000000000e+00,-4.592290073852658416e-01,0.000000000000000000e+00,0.000000000000000000e+00,9.309504034859996668e-01,-1.277213961007337417e-01,0.000000000000000000e+00,-4.378745410984972164e-01,0.000000000000000000e+00,0.000000000000000000e+00,6.138764760074791882e-01,-1.820019349089819216e-01,0.000000000000000000e+00,-7.499999999999999722e-02,0.000000000000000000e+00,-5.500000000000000028e-02,1.000000000000000888e-02,2.449999999999999956e-01,-5.999999999999999778e-02,7.299999999999999822e-01,8.000000000000000167e-02,-5.000000000000000278e-02,4.000000000000000083e-02,3.900000000000000133e-01,-1.950000000000000067e-01,-5.999999999999999778e-02,7.299999999999999822e-01,8.000000000000000167e-02,5.000000000000000278e-02,-4.000000000000000083e-02
5.910000,-4.792565194285410834e-01,0.000000000000000000e+00,7.594907452582463359e-01,9.999218760172473575e-01,0.000000000000000000e+00,-1.249967448170978719e-02,0.000000000000000000e+00,-4.586071083613463828e-01,0.000000000000000000e+00,0.000000000000000000e+00,9.309545683674340655e-01,-1.283474600060876547e-01,0.000000000000000000e+00,-4.382073739855128491e-01,0.000000000000000000e+00,0.000000000000000000e+00,6.133741853666977439e-01,-1.811668113811848446e-01,0.000000000000000000e+00,-7.499999999999999722e-02,0.000000000000000000e+00,-5.500000000000000028e-02,1.000000000000000888e-02,2.449999999999999956e-01,-5.999999999999999778e-02,7.299999999999999822e-01,8.000000000000000167e-02,-5.000000000000000278e-02,4.000000000000000083e-02,3.900000000000000133e-01,-1.950000000000000067e-01,-5.999999999999999778e-02,7.299999999999999822e-01,8.000000000000000167e-02,5.000000000000000278e-02,-4.000000000000000083e-02
5.920000,-4.795206066526418454e-01,0.000000000000000000e+00,7.594907452582463359e-01,9.999218760172473575e-01,0.000000000000000000e+00,-1.249967448170978719e-02,0.000000000000000000e+00,-4.581237105982994273e-01,0.000000000000000000e+00,0.000000000000000000e+00,9.309567327718011320e-01,-1.288330221735016767e-01,0.000000000000000000e+00,-4.384648842340737041e-01,0.000000000000000000e+00,0.000000000000000000e+00,6.129824435308249830e-01,-1.805175592967512288e-01,0.000000000000000000e+00,-7.499999999999999722e-02,0.000000000000000000e+00,-5.500000000000000028e-02,1.000000000000000888e-02,2.449999999999999956e-01,-5.999999999999999778e-02,7.299999999999999822e-01,8.000000000000000167e-02,-5.000000000000000278e-02,4.000000000000000083e-02,3.900000000000000133e-01,-1.950000000000000067e-01,-5.999999999999999778e-02,7.299999999999999822e-01,8.000000000000000167e-02,5.000000000000000278e-02,-4.000000000000000083e-02
5.930000,-4.797160117841092197e-01,0.000000000000000000e+00,7.594907452582463359e-01,9.999218760172473575e-01,0.000000000000000000e+00,-1.249967448170978719e-02,0.000000000000000000e+00,-4.577657368079167677e-01,0.000000000000000000e+00,0.000000000000000000e+00,9.309577325103702838e-01,-1.291919957024535437e-01,0.000000000000000000e+00,-4.386549055350565940e-01,0.000000000000000000e+00,0.000000000000000000e+00,6.126916034516209919e-01,-1.800366979165643477e-01,0.000000000000000000e+00,-7.499999999999999722e-02,0.000000000000000000e+00,-5.500000000000000028e-02,1.000000000000000888e-02,2.449999999999999956e-01,-5.999999999999999778e-02,7.299999999999999822e-01,8.000000000000000167e-02,-5.000000000000000278e-02,4.000000000000000083e-02,3.900000000000000133e-01,-1.950000000000000067e-01,-5.999999999999999778e-02,7.299999999999999822e-01,8.000000000000000167e-02,5.000000000000000278e-02,-4.000000000000000083e-02
5.940000,-4.798511962824424937e-01,0.000000000000000000e+00,7.594907452582463359e-01,9.999218760172473575e-01,0.000000000000000000e+00,-1.249967448170978719e-02,0.000000000000000000e+00,-4.575179378560617627e-01,0.000000000000000000e+00,0.000000000000000000e+00,9.309581246264413412e-01,-1.294401867703796061e-01,0.000000000000000000e+00,-4.387861075530638533e-01,0.000000000000000000e+00,0.000000000000000000e+00,6.124899071067710921e-01,-1.797037995537071886e-01,0.000000000000000000e+00,-7.499999999999999722e-02,0.000000000000000000e+00,-5.500000000000000028e-02,1.000000000000000888e-02,2.449999999999999956e-01,-5.999999999999999778e-02,7.299999999999999822e-01,8.000000000000000167e-02,-5.000000000000000278e-02,4.000000000000000083e-02,3.900000000000000133e-01,-1.950000000000000067e-01,-5.999999999999999778e-02,7.299999999999999822e-01,8.000000000000000167e-02,5.000000000000000278e-02,-4.000000000000000083e-02
5.950000,-4.799357704904437805e-01,0.000000000000000000e+00,7.594907452582463359e-01,9.999218760172473575e-01,0.000000000000000000e+00,-1.249967448170978719e-02,0.000000000000000000e+00,-4.573628487027078249e-01,0.000000000000000000e+00,0.000000000000000000e+00,9.309582453782916378e-01,-1.295953966755838405e-01,0.000000000000000000e+00,-4.388680828992904681e-01,0.000000000000000000e+00,0.000000000000000000e+00,6.123635184291867928e-01,-1.794954355298962745e-01,0.000000000000000000e+00,-7.499999999999999722e-02,0.000000000000000000e+00,-5.500000000000000028e-02,1.000000000000000888e-02,2.449999999999999956e-01,-5.999999999999999778e-02,7.299999999999999822e-01,8.000000000000000167e-02,-5.000000000000000278e-02,4.000000000000000083e-02,3.900000000000000133e-01,-1.950000000000000067e-01,-5.999999999999999778e-02,7.299999999999999822e-01,8.000000000000000167e-02,5.000000000000000278e-02,-4.000000000000000083e-02
5.960000,-4.799805332508837452e-01,0.000000000000000000e+00,7.594907452582463359e-01,9.999218760172473575e-01,0.000000000000000000e+00,-1.249967448170978719e-02,0.000000000000000000e+00,-4.572807453506851916e-01,0.000000000000000000e+00,0.000000000000000000e+00,9.309582704874057590e-01,-1.296775251367205950e-01,0.000000000000000000e+00,-4.389114366983845050e-01,0.000000000000000000e+00,0.000000000000000000e+00,6.122965610804538272e-01,-1.793851243820692720e-01,0.000000000000000000e+00,-7.499999999999999722e-02,0.000000000000000000e+00,-5.500000000000000028e-02,1.000000000000000888e-02,2.449999999999999956e-01,-5.999999999999999778e-02,7.299999999999999822e-01,8.000000000000000167e-02,-5.000000000000000278e-02,4.000000000000000083e-02,3.900000000000000133e-01,-1.950000000000000067e-01,-5.999999999999999778e-02,7.299999999999999822e-01,8.000000000000000167e-02,5.000000000000000278e-02,-4.000000000000000083e-02
5.970000,-4.799975115231674971e-01,0.000000000000000000e+00,7.594907452582463359e-01,9.999218760172473575e-01,0.000000000000000000e+00,-1.249967448170978719e-02,0.000000000000000000e+00,-4.572496005536993979e-01,0.000000000000000000e+00,0.000000000000000000e+00,9.309582729856787919e-01,-1.297086724319793660e-01,0.000000000000000000e+00,-4.389278744995085413e-01,0.000000000000000000e+00,0.000000000000000000e+00,6.122711530453883721e-01,-1.793432785458797807e-01,0.000000000000000000e+00,-7.499999999999999722e-02,0.000000000000000000e+00,-5.500000000000000028e-02,1.000000000000000888e-02,2.449999999999999956e-01,-5.999999999999999778e-02,7.299999999999999822e-01,8.000000000000000167e-02,-5.000000000000000278e-02,4.000000000000000083e-02,3.900000000000000133e-01,-1.950000000000000067e-01,-5.999999999999999778e-02,7.299999999999999822e-01,8.000000000000000167e-02,5.000000000000000278e-02,-4.000000000000000083e-02
5.980000,-4.799999999999999822e-01,0.000000000000000000e+00,7.594907452582463359e-01,9.999218760172473575e-01,0.000000000000000000e+00,-1.249967448170978719e-02,0.000000000000000000e+00,-4.572450355541490263e-01,0.000000000000000000e+00,0.000000000000000000e+00,9.309582730271812601e-01,-1.297132374730322057e-01,0.000000000000000000e+00,-4.389302834803130438e-01,0.000000000000000000e+00,0.000000000000000000e+00,6.122674285019926721e-01,-1.793371450216795782e-01,0.000000000000000000e+00,-7.499999999999999722e-02,0.000000000000000000e+00,-5.500000000000000028e-02,1.000000000000000888e-02,2.449999999999999956e-01,-5.999999999999999778e-02,7.299999999999999822e-01,8.000000000000000167e-02,-5.000000000000000278e-02,4.000000000000000083e-02,3.900000000000000133e-01,-1.950000000000000067e-01,-5.999999999999999778e-02,7.299999999999999822e-01,8.000000000000000167e-02,5.000000000000000278e-02,-4.000000000000000083e-02
5.990000,-4.799999999999999822e-01,0.000000000000000000e+00,7.594907452582463359e-01,9.999218760172473575e-01,0.000000000000000000e+00,-1.249967448170978893e-02,0.000000000000000000e+00,-4.571478197237122121e-01,0.000000000000000000e+00,0.000000000000000000e+00,9.307597666172332529e-01,-1.299186432195295060e-01,0.000000000000000000e+00,-4.390804342711054908e-01,0.000000000000000000e+00,0.000000000000000000e+00,6.125601608211004301e-01,-1.791730302239863404e-01,0.000000000000000000e+00,-7.486855871742489899e-02,0.000000000000000000e+00,-5.500000000000000028e-02,1.033298458252360219e-02,2.449561862391416434e-01,-5.989484697393991641e-02,7.299999999999999822e-01,7.985979596525323576e-02,-4.991237247828327062e-02,3.992989798262661788e-02,3.896670154174763923e-01,-1.950438137608583589e-01,-5.989484697393991641e-02,7.299999999999999822e-01,7.985979596525323576e-02,4.991237247828327062e-02,-3.992989798262661788e-02
6.000000,-4.799999999999999822e-01,0.000000000000000000e+00,7.594907452582463359e-01,9.999218760172473575e-01,0.000000000000000000e+00,-1.249967448170978719e-02,0.000000000000000000e+00,-4.565205734815258043e-01,0.000000000000000000e+00,0.000000000000000000e+00,9.294789934044834778e-01,-1.312424790098307703e-01,0.000000000000000000e+00,-4.400469144582833669e-01,0.000000000000000000e+00,0.000000000000000000e+00,6.144442444736550879e-01,-1.781132709284985460e-01,0.000000000000000000e+00,-7.402111753419722551e-02,0.000000000000000000e+00,-5.500000000000000028e-02,1.247983558003371019e-02,2.446737058447324142e-01,-5.921689402735777485e-02,7.299999999999999822e-01,7.895585870314369981e-02,-4.934741168946481932e-02,3.947792935157184990e-02,3.875201644199662843e-01,-1.953262941552675880e-01,-5.921689402735777485e-02,7.299999999999999822e-01,7.895585870314369981e-02,4.934741168946481932e-02,-3.947792935157184990e-02
6.010000,-4.799999999999999822e-01,0.000000000000000000e+00,7.594907452582463359e-01,9.999218760172473575e-01,0.000000000000000000e+00,-1.249967448170978372e-02,0.000000000000000000e+00,-4.549708333935084670e-01,0.000000000000000000e+00,0.000000000000000000e+00,9.263146550546835778e-01,-1.345024235947239744e-01,0.000000000000000000e+00,-4.424178516852238507e-01,0.000000000000000000e+00,0.000000000000000000e+00,6.190650755301327912e-01,-1.754886219113599433e-01,0.000000000000000000e+00,-7.193202774276473421e-02,0.000000000000000000e+00,-5.500000000000000028e-02,1.777219638499599741e-02,2.439773425809215746e-01,-5.754562219421179015e-02,7.299999999999999822e-01,7.672749625894904890e-02,-4.795468516184316077e-02,3.836374812947452445e-02,3.822278036150040248e-01,-1.960226574190784277e-01,-5.754562219421179015e-02,7.299999999999999822e-01,7.672749625894904890e-02,4.795468516184316077e-02,-3.836374812947452445e-02
6.020000,-4.799999999999999822e-01,0.000000000000000000e+00,7.594907452582463359e-01,9.999218760172473575e-01,0.000000000000000000e+00,-1.249967448170978893e-02,0.000000000000000000e+00,-4.522379090641440169e-01,0.000000000000000000e+00,0.000000000000000000e+00,9.207346850744891897e-01,-1.402135365396190991e-01,0.000000000000000000e+00,-4.465414642859337757e-01,0.000000000000000000e+00,0.000000000000000000e+00,6.270979094997076730e-01,-1.708396846844998929e-01,0.000000000000000000e+00,-6.826424548745400889e-02,0.000000000000000000e+00,-5.500000000000000028e-02,2.706391143178316083e-02,2.427547484958180180e-01,-5.461139638996321405e-02,7.299999999999999822e-01,7.281519518661762336e-02,-4.550949699163601286e-02,3.640759759330881168e-02,3.729360885682168614e-01,-1.972452515041819843e-01,-5.461139638996321405e-02,7.299999999999999822e-01,7.281519518661762336e-02,4.550949699163601286e-02,-3.640759759330881168e-02
6.030000,-4.799999999999999822e-01,0.000000000000000000e+00,7.594907452582463359e-01,9.999218760172473575e-01,0.000000000000000000e+00,-1.249967448170978893e-02,0.000000000000000000e+00,-4.481738108468811821e-01,0.000000000000000000e+00,0.000000000000000000e+00,9.124373743636617906e-01,-1.486173536205370738e-01,0.000000000000000000e+00,-4.525430416359670360e-01,0.000000000000000000e+00,0.000000000000000000e+00,6.387802265039457250e-01,-1.638833947642221456e-01,0.000000000000000000e+00,-6.284837566981862911e-02,0.000000000000000000e+00,-5.500000000000000028e-02,4.078411496979278406e-02,2.409494585566062108e-01,-5.027870053585490467e-02,7.299999999999999822e-01,6.703826738113988215e-02,-4.189891711321242634e-02,3.351913369056994108e-02,3.592158850302072381e-01,-1.990505414433937914e-01,-5.027870053585490467e-02,7.299999999999999822e-01,6.703826738113988215e-02,4.189891711321242634e-02,-3.351913369056994108e-02
6.040000,-4.799999999999999822e-01,0.000000000000000000e+00,7.594907452582463359e-01,9.999218760172473575e-01,0.000000000000000000e+00,-1.249967448170979066e-02,0.000000000000000000e+00,-4.427267079270645334e-01,0.000000000000000000e+00,0.000000000000000000e+00,9.013176028686243901e-01,-1.597135579489304957e-01,0.000000000000000000e+00,-4.603547469825725047e-01,0.000000000000000000e+00,0.000000000000000000e+00,6.539703082481421736e-01,-1.544928982581989518e-01,0.000000000000000000e+00,-5.566171585398400901e-02,0.000000000000000000e+00,-5.500000000000000028e-02,5.899031983657385125e-02,2.385539052846613328e-01,-4.452937268318720582e-02,7.299999999999999822e-01,5.937249691091628367e-02,-3.710781056932267730e-02,2.968624845545814184e-02,3.410096801634261432e-01,-2.014460947153386694e-01,-4.452937268318720582e-02,7.299999999999999822e-01,5.937249691091628367e-02,3.710781056932267730e-02,-2.968624845545814184e-02
6.050000,-4.799999999999999822e-01,0.000000000000000000e+00,7.594907452582463359e-01,9.999218760172473575e-01,0.000000000000000000e+00,-1.249967448170979066e-02,0.000000000000000000e+00,-4.359273683983109771e-01,0.000000000000000000e+00,0.000000000000000000e+00,8.874390916626815340e-01,-1.732946895297149403e-01,0.000000000000000000e+00,-4.697568471940353207e-01,0.000000000000000000e+00,0.000000000000000000e+00,6.722292095173273418e-01,-1.426893960579475040e-01,0.000000000000000000e+00,-4.680730017199524751e-02,0.000000000000000000e+00,-5.500000000000000028e-02,8.142150623094537853e-02,2.356024333906650836e-01,-3.744584013759619939e-02,7.299999999999999822e-01,4.992778685012826817e-02,-3.120486678133016500e-02,2.496389342506413409e-02,3.185784937690546714e-01,-2.043975666093349186e-01,-3.744584013759619939e-02,7.299999999999999822e-01,4.992778685012826817e-02,3.120486678133016500e-02,-2.496389342506413409e-02
6.060000,-4.799999999999999822e-01,0.000000000000000000e+00,7.594907452582463359e-01,9.999218760172473575e-01,0.000000000000000000e+00,-1.249967448170979066e-02,0.000000000000000000e+00,-4.278783866082745968e-01,0.000000000000000000e+00,0.000000000000000000e+00,8.710122882218807039e-01,-1.889837007455597018e-01,0.000000000000000000e+00,-4.804240926600573114e-01,0.000000000000000000e+00,0.000000000000000000e+00,6.929133397630147240e-01,-1.286394479710037952e-01,0.000000000000000000e+00,-3.649294322916273731e-02,0.000000000000000000e+00,-5.500000000000000028e-02,1.075512104861210683e-01,2.321643144097209066e-01,-2.919435458333019193e-02,7.299999999999999822e-01,3.892580611110692257e-02,-2.432862881944182834e-02,1.946290305555346128e-02,2.924487895138789817e-01,-2.078356855902790956e-01,-2.919435458333019193e-02,7.299999999999999822e-01,3.892580611110692257e-02,2.432862881944182834e-02,-1.946290305555346128e-02
6.070000,-4.799999999999999822e-01,0.000000000000000000e+00,7.594907452582463359e-01,9.999218760172473575e-01,0.000000000000000000e+00,-1.249967448170979066e-02,0.000000000000000000e+00,-4.187456560232484803e-01,0.000000000000000000e+00,0.000000000000000000e+00,8.523767993129693910e-01,-2.062738139344246768e-01,0.000000000000000000e+00,-4.919700455099172420e-01,0.000000000000000000e+00,0.000000000000000000e+00,7.152629624177537782e-01,-1.126502462631326917e-01,0.000000000000000000e+00,-2.501028400941267965e-02,0.000000000000000000e+00,-5.500000000000000028e-02,1.366406138428212236e-01,2.283367613364709059e-01,-2.000822720753014580e-02,7.299999999999999822e-01,2.667763627670685991e-02,-1.667352267294178875e-02,1.333881813835342996e-02,2.633593861571787986e-01,-2.116632386635290963e-01,-2.000822720753014580e-02,7.299999999999999822e-01,2.667763627670685991e-02,1.667352267294178875e-02,-1.333881813835342996e-02
6.080000,-4.799999999999999822e-01,0.000000000000000000e+00,7.594907452582463359e-01,9.999218760172473575e-01,0.000000000000000000e+00,-1.249967448170978546e-02,0.000000000000000000e+00,-4.087513255930471101e-01,0.000000000000000000e+00,0.000000000000000000e+00,8.319868407016463019e-01,-2.245699122871331888e-01,0.000000000000000000e+00,-5.039842985239226802e-01,0.000000000000000000e+00,0.000000000000000000e+00,7.384762634347361576e-01,-9.515756773227934673e-02,0.000000000000000000e+00,-1.271382978062825242e-02,0.000000000000000000e+00,-5.500000000000000028e-02,1.677916312224084217e-01,2.242379432602094047e-01,-1.017106382450260089e-02,7.299999999999999822e-01,1.356141843267013626e-02,-8.475886520418834946e-03,6.780709216335068130e-03,2.322083687775916006e-01,-2.157620567397905975e-01,-1.017106382450260089e-02,7.299999999999999822e-01,1.356141843267013626e-02,8.475886520418834946e-03,-6.780709216335068130e-03
6.090000,-4.799999999999999822e-01,0.000000000000000000e+00,7.594907452582463359e-01,9.999218760172473575e-01,0.000000000000000000e+00,-1.249967448170978893e-02,0.000000000000000000e+00,-3.981672730538164395e-01,0.000000000000000000e+00,0.000000000000000000e+00,8.103977560555040149e-01,-2.432304830016874808e-01,0.000000000000000000e+00,-5.160606899815958215e-01,0.000000000000000000e+00,0.000000000000000000e+00,7.617650652719053506e-01,-7.670437529030948998e-02,0.000000000000000000e+00,-2.498001805406601969e-17,0.000000000000000000e+00,-5.500000000000000028e-02,1.999999999999999556e-01,2.200000000000000011e-01,-1.998401444325281699e-17,7.299999999999999822e-01,2.664535259100375598e-17,-1.665334536937735057e-17,1.332267629550187799e-17,2.000000000000000666e-01,-2.200000000000000011e-01,-1.998401444325281699e-17,7.299999999999999822e-01,2.664535259100375598e-17,1.665334536937735057e-17,-1.332267629550187799e-17
6.100000,-4.799999999999999822e-01,0.000000000000000000e+00,7.594907452582463359e-01,9.999218760172473575e-01,0.000000000000000000e+00,-1.249967448170978546e-02,0.000000000000000000e+00,-3.873078834834122741e-01,0.000000000000000000e+00,0.000000000000000000e+00,7.882511555600179021e-01,-2.616088748980740508e-01,0.000000000000000000e+00,-5.278171587104467655e-01,0.000000000000000000e+00,0.000000000000000000e+00,7.843934284453382144e-01,-5.791066691342294792e-02,0.000000000000000000e+00,1.271382978062932621e-02,0.000000000000000000e+00,-5.500000000000000028e-02,2.322083687775943206e-01,2.157620567397902367e-01,1.017106382450346132e-02,7.299999999999999822e-01,-1.356141843267128118e-02,8.475886520419551387e-03,-6.780709216335640589e-03,1.677916312224057016e-01,-2.242379432602097655e-01,1.017106382450346132e-02,7.299999999999999822e-01,-1.356141843267128118e-02,-8.475886520419551387e-03,6.780709216335640589e-03
6.110000,-4.799999999999999822e-01,0.000000000000000000e+00,7.594907452582463359e-01,9.999218760172473575e-01,0.000000000000000000e+00,-1.249967448170979066e-02,0.000000000000000000e+00,-3.765206374102790798e-01,0.000000000000000000e+00,0.000000000000000000e+00,7.662556423306793318e-01,-2.790923342756989056e-01,0.000000000000000000e+00,-5.389092168779029413e-01,0.000000000000000000e+00,0.000000000000000000e+00,8.057031068377237260e-01,-3.943656060452205292e-02,0.000000000000000000e+00,2.501028400941373089e-02,0.000000000000000000e+00,-5.500000000000000028e-02,2.633593861571814632e-01,2.116632386635287633e-01,2.000822720753098194e-02,7.299999999999999822e-01,-2.667763627670798054e-02,1.667352267294248611e-02,-1.333881813835399027e-02,1.366406138428185590e-01,-2.283367613364712390e-01,2.000822720753098194e-02,7.299999999999999822e-01,-2.667763627670798054e-02,-1.667352267294248611e-02,1.333881813835399027e-02
6.120000,-4.799999999999999822e-01,0.000000000000000000e+00,7.594907452582463359e-01,9.999218760172473575e-01,0.000000000000000000e+00,-1.249967448170979066e-02,0.000000000000000000e+00,-3.661727688709879858e-01,0.000000000000000000e+00,0.000000000000000000e+00,7.451595931043781817e-01,-2.951370251014386881e-01,0.000000000000000000e+00,-5.490393423737287559e-01,0.000000000000000000e+00,0.000000000000000000e+00,8.251305046337852334e-01,-2.194096139200796269e-02,0.000000000000000000e+00,3.649294322916366712e-02,0.000000000000000000e+00,-5.500000000000000028e-02,2.924487895138813132e-01,2.078356855902787903e-01,2.919435458333093092e-02,7.299999999999999822e-01,-3.892580611110790789e-02,2.432862881944244590e-02,-1.946290305555395395e-02,1.075512104861187229e-01,-2.321643144097212119e-01,2.919435458333093092e-02,7.299999999999999822e-01,-3.892580611110790789e-02,-2.432862881944244590e-02,1.946290305555395395e-02
6.130000,-4.799999999999999822e-01,0.000000000000000000e+00,7.594907452582463359e-01,9.999218760172473575e-01,0.000000000000000000e+00,-1.249967448170979066e-02,0.000000000000000000e+00,-3.566322309969021664e-01,0.000000000000000000e+00,0.000000000000000000e+00,7.257124074233025635e-01,-3.092972101610558244e-01,0.000000000000000000e+00,-5.579643570417988085e-01,0.000000000000000000e+00,0.000000000000000000e+00,8.422193333077165889e-01,-6.037942531262219248e-03,0.000000000000000000e+00,4.680730017199519893e-02,0.000000000000000000e+00,-5.500000000000000028e-02,3.185784937690545049e-01,2.043975666093349464e-01,3.744584013759615776e-02,7.299999999999999822e-01,-4.992778685012821266e-02,3.120486678133013378e-02,-2.496389342506410633e-02,8.142150623094550344e-02,-2.356024333906650559e-01,3.744584013759615776e-02,7.299999999999999822e-01,-4.992778685012821266e-02,-3.120486678133013378e-02,2.496389342506410633e-02
6.140000,-4.799999999999999822e-01,0.000000000000000000e+00,7.594907452582463359e-01,9.999218760172473575e-01,0.000000000000000000e+00,-1.249967448170979240e-02,0.000000000000000000e+00,-3.482416812646263460e-01,0.000000000000000000e+00,0.000000000000000000e+00,7.086115986315959514e-01,-3.212472543596004981e-01,0.000000000000000000e+00,-5.655024353517468239e-01,0.000000000000000000e+00,0.000000000000000000e+00,8.566323431539833999e-01,7.747429190394394816e-03,0.000000000000000000e+00,5.566171585398469596e-02,0.000000000000000000e+00,-5.500000000000000028e-02,3.410096801634279196e-01,2.014460947153384474e-01,4.452937268318775399e-02,7.299999999999999822e-01,-5.937249691091700532e-02,3.710781056932312832e-02,-2.968624845545850266e-02,5.899031983657213041e-02,-2.385539052846615549e-01,4.452937268318775399e-02,7.299999999999999822e-01,-5.937249691091700532e-02,-3.710781056932312832e-02,2.968624845545850266e-02
6.150000,-4.799999999999999822e-01,0.000000000000000000e+00,7.594907452582463359e-01,9.999218760172473575e-01,0.000000000000000000e+00,-1.249967448170978719e-02,0.000000000000000000e+00,-3.412854391595500081e-01,0.000000000000000000e+00,0.000000000000000000e+00,6.944356171227238361e-01,-3.307963878594186169e-01,0.000000000000000000e+00,-5.715409891786068508e-01,0.000000000000000000e+00,0.000000000000000000e+00,8.681647249702657554e-01,1.902247410458590693e-02,0.000000000000000000e+00,6.284837566981921197e-02,0.000000000000000000e+00,-5.500000000000000028e-02,3.592158850302086814e-01,1.990505414433935971e-01,5.027870053585536958e-02,7.299999999999999822e-01,-6.703826738114049277e-02,4.189891711321280798e-02,-3.351913369057024639e-02,4.078411496979134077e-02,-2.409494585566064051e-01,5.027870053585536958e-02,7.299999999999999822e-01,-6.703826738114049277e-02,-4.189891711321280798e-02,3.351913369057024639e-02
6.160000,-4.799999999999999822e-01,0.000000000000000000e+00,7.594907452582463359e-01,9.999218760172473575e-01,0.000000000000000000e+00,-1.249967448170978893e-02,0.000000000000000000e+00,-3.359513882616328440e-01,0.000000000000000000e+00,0.000000000000000000e+00,6.835663976263959274e-01,-3.378982488354901337e-01,0.000000000000000000e+00,-5.760463708085723500e-01,0.000000000000000000e+00,0.000000000000000000e+00,8.767611849147344261e-01,2.756842536456505233e-02,0.000000000000000000e+00,6.826424548745448073e-02,0.000000000000000000e+00,-5.500000000000000028e-02,3.729360885682180271e-01,1.972452515041818455e-01,5.461139638996358181e-02,7.299999999999999822e-01,-7.281519518661812296e-02,4.550949699163632511e-02,-3.640759759330906148e-02,2.706391143178199510e-02,-2.427547484958181567e-01,5.461139638996358181e-02,7.299999999999999822e-01,-7.281519518661812296e-02,-4.550949699163632511e-02,3.640759759330906148e-02
6.170000,-4.799999999999999822e-01,0.000000000000000000e+00,7.594907452582463359e-01,9.999218760172473575e-01,0.000000000000000000e+00,-1.249967448170978372e-02,0.000000000000000000e+00,-3.322920365179087288e-01,0.000000000000000000e+00,0.000000000000000000e+00,6.761101783029564993e-01,-3.426595398514986623e-01,0.000000000000000000e+00,-5.790761134808068977e-01,0.000000000000000000e+00,0.000000000000000000e+00,8.825382524842321219e-01,3.337925906302574575e-02,0.000000000000000000e+00,7.193202774276467870e-02,0.000000000000000000e+00,-5.500000000000000028e-02,3.822278036150038583e-01,1.960226574190784277e-01,5.754562219421174851e-02,7.299999999999999822e-01,-7.672749625894900727e-02,4.795468516184312607e-02,-3.836374812947450363e-02,1.777219638499613619e-02,-2.439773425809215746e-01,5.754562219421174851e-02,7.299999999999999822e-01,-7.672749625894900727e-02,-4.795468516184312607e-02,3.836374812947450363e-02
6.180000,-4.799999999999999822e-01,0.000000000000000000e+00,7.594907452582463359e-01,9.999218760172473575e-01,0.000000000000000000e+00,-1.249967448170978719e-02,0.000000000000000000e+00,-3.301902185875009166e-01,0.000000000000000000e+00,0.000000000000000000e+00,6.718277237243837074e-01,-3.453534460500095049e-01,0.000000000000000000e+00,-5.807942128607039844e-01,0.000000000000000000e+00,0.000000000000000000e+00,8.858129313378224623e-01,3.669722243600825884e-02,0.000000000000000000e+00,7.402111753419718387e-02,0.000000000000000000e+00,-5.500000000000000028e-02,3.875201644199662288e-01,1.953262941552675880e-01,5.921689402735774710e-02,7.299999999999999822e-01,-7.895585870314367205e-02,4.934741168946479850e-02,-3.947792935157183603e-02,1.247983558003379345e-02,-2.446737058447324142e-01,5.921689402735774710e-02,7.299999999999999822e-01,-7.895585870314367205e-02,-4.934741168946479850e-02,3.947792935157183603e-02
6.190000,-4.799999999999999822e-01,0.000000000000000000e+00,7.594907452582463359e-01,9.999218760172473575e-01,0.000000000000000000e+00,-1.249967448170978893e-02,0.000000000000000000e+00,-3.293339138727117699e-01,0.000000000000000000e+00,0.000000000000000000e+00,6.700830370865884511e-01,-3.464424268878682489e-01,0.000000000000000000e+00,-5.814896126296316137e-01,0.000000000000000000e+00,0.000000000000000000e+00,8.871380738232482743e-01,3.804484248037498517e-02,0.000000000000000000e+00,7.486855871742496837e-02,0.000000000000000000e+00,-5.500000000000000028e-02,3.896670154174766143e-01,1.950438137608583311e-01,5.989484697393997886e-02,7.299999999999999822e-01,-7.985979596525330515e-02,4.991237247828331919e-02,-3.992989798262665258e-02,1.033298458252340790e-02,-2.449561862391416711e-01,5.989484697393997886e-02,7.299999999999999822e-01,-7.985979596525330515e-02,-4.991237247828331919e-02,3.992989798262665258e-02
6.200000,-4.799999999999999822e-01,0.000000000000000000e+00,7.594907452582463359e-01,9.999218760172473575e-01,0.000000000000000000e+00,-1.249967448170978719e-02,0.000000000000000000e+00,-3.292009047033100932e-01,0.000000000000000000e+00,0.000000000000000000e+00,6.698120380008112384e-01,-3.466111332975010950e-01,0.000000000000000000e+00,-5.815973920929660146e-01,0.000000000000000000e+00,0.000000000000000000e+00,8.873434420555956770e-01,3.825395003737042110e-02,0.000000000000000000e+00,7.499999999999999722e-02,0.000000000000000000e+00,-5.500000000000000028e-02,3.900000000000000133e-01,1.950000000000000067e-01,5.999999999999999778e-02,7.299999999999999822e-01,-8.000000000000000167e-02,5.000000000000000278e-02,-4.000000000000000083e-02,1.000000000000000888e-02,-2.449999999999999956e-01,5.999999999999999778e-02,7.299999999999999822e-01,-8.000000000000000167e-02,-5.000000000000000278e-02,4.000000000000000083e-02
6.210000,-4.800024884768325228e-01,0.000000000000000000e+00,7.594907452582463359e-01,9.999218760172473575e-01,0.000000000000000000e+00,-1.249967448170978719e-02,0.000000000000000000e+00,-3.292052240605706781e-01,0.000000000000000000e+00,0.000000000000000000e+00,6.698120379471855790e-01,-3.466068138866148507e-01,0.000000000000000000e+00,-5.815942758976453408e-01,0.000000000000000000e+00,0.000000000000000000e+00,8.873462026926685065e-01,3.824807320497691787e-02,0.000000000000000000e+00,7.499999999999999722e-02,0.000000000000000000e+00,-5.500000000000000028e-02,3.900000000000000133e-01,1.950000000000000067e-01,5.999999999999999778e-02,7.299999999999999822e-01,-8.000000000000000167e-02,5.000000000000000278e-02,-4.000000000000000083e-02,1.000000000000000888e-02,-2.449999999999999956e-01,5.999999999999999778e-02,7.299999999999999822e-01,-8.000000000000000167e-02,-5.000000000000000278e-02,4.000000000000000083e-02
6.220000,-4.800194667491162748e-01,0.000000000000000000e+00,7.594907452582463359e-01,9.999218760172473575e-01,0.000000000000000000e+00,-1.249967448170978719e-02,0.000000000000000000e+00,-3.292346925799871649e-01,0.000000000000000000e+00,0.000000000000000000e+00,6.698120347191391932e-01,-3.465773421391519782e-01,0.000000000000000000e+00,-5.815730134934538054e-01,0.000000000000000000e+00,0.000000000000000000e+00,8.873650353908423272e-01,3.820797810261156169e-02,0.000000000000000000e+00,7.499999999999999722e-02,0.000000000000000000e+00,-5.500000000000000028e-02,3.900000000000000133e-01,1.950000000000000067e-01,5.999999999999999778e-02,7.299999999999999822e-01,-8.000000000000000167e-02,5.000000000000000278e-02,-4.000000000000000083e-02,1.000000000000000888e-02,-2.449999999999999956e-01,5.999999999999999778e-02,7.299999999999999822e-01,-8.000000000000000167e-02,-5.000000000000000278e-02,4.000000000000000083e-02
6.230000,-4.800642295095562395e-01,0.000000000000000000e+00,7.594907452582463359e-01,9.999218760172473575e-01,0.000000000000000000e+00,-1.249967448170978719e-02,0.000000000000000000e+00,-3.293123737956390462e-01,0.000000000000000000e+00,0.000000000000000000e+00,6.698120022753756286e-01,-3.464996284797365322e-01,0.000000000000000000e+00,-5.815169443517200776e-01,0.000000000000000000e+00,0.000000000000000000e+00,8.874146667495655949e-01,3.810227760215456616e-02,0.000000000000000000e+00,7.499999999999999722e-02,0.000000000000000000e+00,-5.500000000000000028e-02,3.900000000000000133e-01,1.950000000000000067e-01,5.999999999999999778e-02,7.299999999999999822e-01,-8.000000000000000167e-02,5.000000000000000278e-02,-4.000000000000000083e-02,1.000000000000000888e-02,-2.449999999999999956e-01,5.999999999999999778e-02,7.299999999999999822e-01,-8.000000000000000167e-02,-5.000000000000000278e-02,4.000000000000000083e-02
6.240000,-4.801488037175574708e-01,0.000000000000000000e+00,7.594907452582463359e-01,9.999218760172473575e-01,0.000000000000000000e+00,-1.249967448170978719e-02,0.000000000000000000e+00,-3.294590972303295118e-01,0.000000000000000000e+00,0.000000000000000000e+00,6.698118462505666670e-01,-3.463527490202371051e-01,0.000000000000000000e+00,-5.814109629645303201e-01,0.000000000000000000e+00,0.000000000000000000e+00,8.875083583185455760e-01,3.790260464598482759e-02,0.000000000000000000e+00,7.499999999999999722e-02,0.000000000000000000e+00,-5.500000000000000028e-02,3.900000000000000133e-01,1.950000000000000067e-01,5.999999999999999778e-02,7.299999999999999822e-01,-8.000000000000000167e-02,5.000000000000000278e-02,-4.000000000000000083e-02,1.000000000000000888e-02,-2.449999999999999956e-01,5.999999999999999778e-02,7.299999999999999822e-01,-8.000000000000000167e-02,-5.000000000000000278e-02,4.000000000000000083e-02
6.250000,-4.802839882158907447e-01,0.000000000000000000e+00,7.594907452582463359e-01,9.999218760172473575e-01,0.000000000000000000e+00,-1.249967448170978719e-02,0.000000000000000000e+00,-3.296934955548904145e-01,0.000000000000000000e+00,0.000000000000000000e+00,6.698113395929130576e-01,-3.461178440380225929e-01,0.000000000000000000e+00,-5.812414386693650625e-01,0.000000000000000000e+00,0.000000000000000000e+00,8.876578953526111926e-01,3.758354331675384241e-02,0.000000000000000000e+00,7.499999999999999722e-02,0.000000000000000000e+00,-5.500000000000000028e-02,3.900000000000000133e-01,1.950000000000000067e-01,5.999999999999999778e-02,7.299999999999999822e-01,-8.000000000000000167e-02,5.000000000000000278e-02,-4.000000000000000083e-02,1.000000000000000888e-02,-2.449999999999999956e-01,5.999999999999999778e-02,7.299999999999999822e-01,-8.000000000000000167e-02,-5.000000000000000278e-02,4.000000000000000083e-02
6.260000,-4.804793933473581746e-01,0.000000000000000000e+00,7.594907452582463359e-01,9.999218760172473575e-01,0.000000000000000000e+00,-1.249967448170978719e-02,0.000000000000000000e+00,-3.300320366216808465e-01,0.000000000000000000e+00,0.000000000000000000e+00,6.698100478184937367e-01,-3.457780111968128400e-01,0.000000000000000000e+00,-5.809961306243788259e-01,0.000000000000000000e+00,0.000000000000000000e+00,8.878735667702671863e-01,3.712256385411161208e-02,0.000000000000000000e+00,7.499999999999999722e-02,0.000000000000000000e+00,-5.500000000000000028e-02,3.900000000000000133e-01,1.950000000000000067e-01,5.999999999999999778e-02,7.299999999999999822e-01,-8.000000000000000167e-02,5.000000000000000278e-02,-4.000000000000000083e-02,1.000000000000000888e-02,-2.449999999999999956e-01,5.999999999999999778e-02,7.299999999999999822e-01,-8.000000000000000167e-02,-5.000000000000000278e-02,4.000000000000000083e-02
6.270000,-4.807434805714589365e-01,0.000000000000000000e+00,7.594907452582463359e-01,9.999218760172473575e-01,0.000000000000000000e+00,-1.249967448170978719e-02,0.000000000000000000e+00,-3.304890539194814680e-01,0.000000000000000000e+00,0.000000000000000000e+00,6.698072511612414015e-01,-3.453181972417598833e-01,0.000000000000000000e+00,-5.806641014730284933e-01,0.000000000000000000e+00,0.000000000000000000e+00,8.881641426664427241e-01,3.649995880658585268e-02,0.000000000000000000e+00,7.499999999999999722e-02,0.000000000000000000e+00,-5.500000000000000028e-02,3.900000000000000133e-01,1.950000000000000067e-01,5.999999999999999778e-02,7.299999999999999822e-01,-8.000000000000000167e-02,5.000000000000000278e-02,-4.000000000000000083e-02,1.000000000000000888e-02,-2.449999999999999956e-01,5.999999999999999778e-02,7.299999999999999822e-01,-8.000000000000000167e-02,-5.000000000000000278e-02,4.000000000000000083e-02
6.280000,-4.810836020810546065e-01,0.000000000000000000e+00,7.594907452582463359e-01,9.999218760172473575e-01,0.000000000000000000e+00,-1.249967448170978719e-02,0.000000000000000000e+00,-3.310767783769870132e-01,0.000000000000000000e+00,0.000000000000000000e+00,6.698018696443901465e-01,-3.447250912674030832e-01,0.000000000000000000e+00,-5.802356326564972466e-01,0.000000000000000000e+00,0.000000000000000000e+00,8.885368546747743901e-01,3.569877798172294003e-02,0.000000000000000000e+00,7.499999999999999722e-02,0.000000000000000000e+00,-5.500000000000000028e-02,3.900000000000000133e-01,1.950000000000000067e-01,5.999999999999999778e-02,7.299999999999999822e-01,-8.000000000000000167e-02,5.000000000000000278e-02,-4.000000000000000083e-02,1.000000000000000888e-02,-2.449999999999999956e-01,5.999999999999999778e-02,7.299999999999999822e-01,-8.000000000000000167e-02,-5.000000000000000278e-02,4.000000000000000083e-02
6.290000,-4.815060404190351084e-01,0.000000000000000000e+00,7.594907452582463359e-01,9.999218760172473575e-01,0.000000000000000000e+00,-1.249967448170978719e-02,0.000000000000000000e+00,-3.318053738742817171e-01,0.000000000000000000e+00,0.000000000000000000e+00,6.697923959444573860e-01,-3.439870220701756187e-01,0.000000000000000000e+00,-5.797021437872920124e-01,0.000000000000000000e+00,0.000000000000000000e+00,8.889973834885394055e-01,3.470476029875269042e-02,0.000000000000000000e+00,7.499999999999999722e-02,0.000000000000000000e+00,-5.500000000000000028e-02,3.900000000000000133e-01,1.950000000000000067e-01,5.999999999999999778e-02,7.299999999999999822e-01,-8.000000000000000167e-02,5.000000000000000278e-02,-4.000000000000000083e-02,1.000000000000000888e-02,-2.449999999999999956e-01,5.999999999999999778e-02,7.299999999999999822e-01,-8.000000000000000167e-02,-5.000000000000000278e-02,4.000000000000000083e-02
6.300000,-4.820160480949841619e-01,0.000000000000000000e+00,7.594907452582463359e-01,9.999218760172473575e-01,0.000000000000000000e+00,-1.249967448170978719e-02,0.000000000000000000e+00,-3.326829783047009492e-01,0.000000000000000000e+00,0.000000000000000000e+00,6.697768398587365946e-01,-3.430938615540355952e-01,0.000000000000000000e+00,-5.790561179847832918e-01,0.000000000000000000e+00,0.000000000000000000e+00,8.895498569276448775e-01,3.350626105713849778e-02,0.000000000000000000e+00,7.499999999999999722e-02,0.000000000000000000e+00,-5.500000000000000028e-02,3.900000000000000133e-01,1.950000000000000067e-01,5.999999999999999778e-02,7.299999999999999822e-01,-8.000000000000000167e-02,5.000000000000000278e-02,-4.000000000000000083e-02,1.000000000000000888e-02,-2.449999999999999956e-01,5.999999999999999778e-02,7.299999999999999822e-01,-8.000000000000000167e-02,-5.000000000000000278e-02,4.000000000000000083e-02
6.310000,-4.826178872018449528e-01,0.000000000000000000e+00,7.594907452582463359e-01,9.999218760172473575e-01,0.000000000000000000e+00,-1.249967448170978719e-02,0.000000000000000000e+00,-3.337157515615511438e-01,0.000000000000000000e+00,0.000000000000000000e+00,6.697526872187722358e-01,-3.420369356572210418e-01,0.000000000000000000e+00,-5.782910345925613704e-01,0.000000000000000000e+00,0.000000000000000000e+00,8.901968610802861726e-01,3.209417351227528137e-02,0.000000000000000000e+00,7.499999999999999722e-02,0.000000000000000000e+00,-5.500000000000000028e-02,3.900000000000000133e-01,1.950000000000000067e-01,5.999999999999999778e-02,7.299999999999999822e-01,-8.000000000000000167e-02,5.000000000000000278e-02,-4.000000000000000083e-02,1.000000000000000888e-02,-2.449999999999999956e-01,5.999999999999999778e-02,7.299999999999999822e-01,-8.000000000000000167e-02,-5.000000000000000278e-02,4.000000000000000083e-02
6.320000,-4.833148690325856922e-01,0.000000000000000000e+00,7.594907452582463359e-01,9.999218760172473575e-01,0.000000000000000000e+00,-1.249967448170978719e-02,0.000000000000000000e+00,-3.349079314036052524e-01,0.000000000000000000e+00,0.000000000000000000e+00,6.697168752132325320e-01,-3.408089438096272294e-01,0.000000000000000000e+00,-5.774013102491177829e-01,0.000000000000000000e+00,0.000000000000000000e+00,8.909394662526652908e-01,3.046184399645257557e-02,0.000000000000000000e+00,7.499999999999999722e-02,0.000000000000000000e+00,-5.500000000000000028e-02,3.900000000000000133e-01,1.950000000000000067e-01,5.999999999999999778e-02,7.299999999999999822e-01,-8.000000000000000167e-02,5.000000000000000278e-02,-4.000000000000000083e-02,1.000000000000000888e-02,-2.449999999999999956e-01,5.999999999999999778e-02,7.299999999999999822e-01,-8.000000000000000167e-02,-5.000000000000000278e-02,4.000000000000000083e-02
6.330000,-4.841093936968652311e-01,0.000000000000000000e+00,7.594907452582463359e-01,9.999218760172473575e-01,0.000000000000000000e+00,-1.249967448170978719e-02,0.000000000000000000e+00,-3.362618977783505825e-01,0.000000000000000000e+00,0.000000000000000000e+00,6.696657852923245668e-01,-3.394038875139739342e-01,0.000000000000000000e+00,-5.763822488693157720e-01,0.000000000000000000e+00,0.000000000000000000e+00,8.917772687307177204e-01,2.860498013859813504e-02,0.000000000000000000e+00,7.499999999999999722e-02,0.000000000000000000e+00,-5.500000000000000028e-02,3.900000000000000133e-01,1.950000000000000067e-01,5.999999999999999778e-02,7.299999999999999822e-01,-8.000000000000000167e-02,5.000000000000000278e-02,-4.000000000000000083e-02,1.000000000000000888e-02,-2.449999999999999956e-01,5.999999999999999778e-02,7.299999999999999822e-01,-8.000000000000000167e-02,-5.000000000000000278e-02,4.000000000000000083e-02
6.340000,-4.850029897376988974e-01,0.000000000000000000e+00,7.594907452582463359e-01,9.999218760172473575e-01,0.000000000000000000e+00,-1.249967448170978719e-02,0.000000000000000000e+00,-3.377782458510295571e-01,0.000000000000000000e+00,0.000000000000000000e+00,6.695952541212875087e-01,-3.378170082702579013e-01,0.000000000000000000e+00,-5.752300007167896467e-01,0.000000000000000000e+00,0.000000000000000000e+00,8.927084486971678112e-01,2.652155201962191899e-02,0.000000000000000000e+00,7.499999999999999722e-02,0.000000000000000000e+00,-5.500000000000000028e-02,3.900000000000000133e-01,1.950000000000000067e-01,5.999999999999999778e-02,7.299999999999999822e-01,-8.000000000000000167e-02,5.000000000000000278e-02,-4.000000000000000083e-02,1.000000000000000888e-02,-2.449999999999999956e-01,5.999999999999999778e-02,7.299999999999999822e-01,-8.000000000000000167e-02,-5.000000000000000278e-02,4.000000000000000083e-02
6.350000,-4.859963537481239437e-01,0.000000000000000000e+00,7.594907452582463359e-01,9.999218760172473575e-01,0.000000000000000000e+00,-1.249967448170978719e-02,0.000000000000000000e+00,-3.394558676989659629e-01,0.000000000000000000e+00,0.000000000000000000e+00,6.695006024315525162e-01,-3.360447347325865031e-01,0.000000000000000000e+00,-5.739415304093260506e-01,0.000000000000000000e+00,0.000000000000000000e+00,8.937298440586993742e-01,2.421168635062675989e-02,0.000000000000000000e+00,7.499999999999999722e-02,0.000000000000000000e+00,-5.500000000000000028e-02,3.900000000000000133e-01,1.950000000000000067e-01,5.999999999999999778e-02,7.299999999999999822e-01,-8.000000000000000167e-02,5.000000000000000278e-02,-4.000000000000000083e-02,1.000000000000000888e-02,-2.449999999999999956e-01,5.999999999999999778e-02,7.299999999999999822e-01,-8.000000000000000167e-02,-5.000000000000000278e-02,4.000000000000000083e-02
6.360000,-4.870893899878649957e-01,0.000000000000000000e+00,7.594907452582463359e-01,9.999218760172473575e-01,0.000000000000000000e+00,-1.249967448170978719e-02,0.000000000000000000e+00,-3.412920423828051941e-01,0.000000000000000000e+00,0.000000000000000000e+00,6.693766810836232484e-01,-3.340846387008180041e-01,0.000000000000000000e+00,-5.725145934027624506e-01,0.000000000000000000e+00,0.000000000000000000e+00,8.948370394244778980e-01,2.167755397828463604e-02,0.000000000000000000e+00,7.499999999999999722e-02,0.000000000000000000e+00,-5.500000000000000028e-02,3.900000000000000133e-01,1.950000000000000067e-01,5.999999999999999778e-02,7.299999999999999822e-01,-8.000000000000000167e-02,5.000000000000000278e-02,-4.000000000000000083e-02,1.000000000000000888e-02,-2.449999999999999956e-01,5.999999999999999778e-02,7.299999999999999822e-01,-8.000000000000000167e-02,-5.000000000000000278e-02,4.000000000000000083e-02
6.370000,-4.882812500000000000e-01,0.000000000000000000e+00,7.594907452582463359e-01,9.999218760172473575e-01,0.000000000000000000e+00,-1.249967448170978719e-02,0.000000000000000000e+00,-3.432825338973305440e-01,0.000000000000000000e+00,0.000000000000000000e+00,6.692179332040106843e-01,-3.319353993066800901e-01,0.000000000000000000e+00,-5.709477202457837741e-01,0.000000000000000000e+00,0.000000000000000000e+00,8.960244690406802270e-01,1.892325120510363057e-02,0.000000000000000000e+00,7.499999999999999722e-02,0.000000000000000000e+00,-5.500000000000000028e-02,3.900000000000000133e-01,1.950000000000000067e-01,5.999999999999999778e-02,7.299999999999999822e-01,-8.000000000000000167e-02,5.000000000000000278e-02,-4.000000000000000083e-02,1.000000000000000888e-02,-2.449999999999999956e-01,5.999999999999999778e-02,7.299999999999999822e-01,-8.000000000000000167e-02,-5.000000000000000278e-02,4.000000000000000083e-02
6.380000,-4.895703722276256720e-01,0.000000000000000000e+00,7.594907452582463359e-01,9.999218760172473575e-01,0.000000000000000000e+00,-1.249967448170978719e-02,0.000000000000000000e+00,-3.454216963323561984e-01,0.000000000000000000e+00,0.000000000000000000e+00,6.690184708871346198e-01,-3.295967745547783712e-01,0.000000000000000000e+00,-5.692402076892522089e-01,0.000000000000000000e+00,0.000000000000000000e+00,8.972855321268301543e-01,1.595467556242213814e-02,0.000000000000000000e+00,7.499999999999999722e-02,0.000000000000000000e+00,-5.500000000000000028e-02,3.900000000000000133e-01,1.950000000000000067e-01,5.999999999999999778e-02,7.299999999999999822e-01,-8.000000000000000167e-02,5.000000000000000278e-02,-4.000000000000000083e-02,1.000000000000000888e-02,-2.449999999999999956e-01,5.999999999999999778e-02,7.299999999999999822e-01,-8.000000000000000167e-02,-5.000000000000000278e-02,4.000000000000000083e-02
6.390000,-4.909545216305233883e-01,0.000000000000000000e+00,7.594907452582463359e-01,9.999218760172473575e-01,0.000000000000000000e+00,-1.249967448170978719e-02,0.000000000000000000e+00,-3.477025854365497493e-01,0.000000000000000000e+00,0.000000000000000000e+00,6.687721646587195812e-01,-3.270695792221697817e-01,0.000000000000000000e+00,-5.673921155695489382e-01,0.000000000000000000e+00,0.000000000000000000e+00,8.986127187778444325e-01,1.277939679170458920e-02,0.000000000000000000e+00,7.499999999999999722e-02,0.000000000000000000e+00,-5.500000000000000028e-02,3.900000000000000133e-01,1.950000000000000067e-01,5.999999999999999778e-02,7.299999999999999822e-01,-8.000000000000000167e-02,5.000000000000000278e-02,-4.000000000000000083e-02,1.000000000000000888e-02,-2.449999999999999956e-01,5.999999999999999778e-02,7.299999999999999822e-01,-8.000000000000000167e-02,-5.000000000000000278e-02,4.000000000000000083e-02
6.400000,-4.924308293018240801e-01,0.000000000000000000e+00,7.594907452582463359e-01,9.999218760172473575e-01,0.000000000000000000e+00,-1.249967448170978719e-02,0.000000000000000000e+00,-3.501170756712297938e-01,0.000000000000000000e+00,0.000000000000000000e+00,6.684727436754399621e-01,-3.243556680042101181e-01,0.000000000000000000e+00,-5.654042682650374241e-01,0.000000000000000000e+00,0.000000000000000000e+00,8.999977443883919737e-01,9.406523876645422888e-03,0.000000000000000000e+00,7.499999999999999722e-02,0.000000000000000000e+00,-5.500000000000000028e-02,3.900000000000000133e-01,1.950000000000000067e-01,5.999999999999999778e-02,7.299999999999999822e-01,-8.000000000000000167e-02,5.000000000000000278e-02,-4.000000000000000083e-02,1.000000000000000888e-02,-2.449999999999999956e-01,5.999999999999999778e-02,7.299999999999999822e-01,-8.000000000000000167e-02,-5.000000000000000278e-02,4.000000000000000083e-02
6.410000,-4.939958320846746798e-01,0.000000000000000000e+00,7.594907452582463359e-01,9.999218760172473575e-01,0.000000000000000000e+00,-1.249967448170978719e-02,0.000000000000000000e+00,-3.526559817643380446e-01,0.000000000000000000e+00,0.000000000000000000e+00,6.681139044811350569e-01,-3.214579227167969622e-01,0.000000000000000000e+00,-5.632782594464540438e-01,0.000000000000000000e+00,0.000000000000000000e+00,9.014316904196154612e-01,5.846569026838666083e-03,0.000000000000000000e+00,7.499999999999999722e-02,0.000000000000000000e+00,-5.500000000000000028e-02,3.900000000000000133e-01,1.950000000000000067e-01,5.999999999999999778e-02,7.299999999999999822e-01,-8.000000000000000167e-02,5.000000000000000278e-02,-4.000000000000000083e-02,1.000000000000000888e-02,-2.449999999999999956e-01,5.999999999999999778e-02,7.299999999999999822e-01,-8.000000000000000167e-02,-5.000000000000000278e-02,4.000000000000000083e-02
6.420000,-4.956455121889034587e-01,0.000000000000000000e+00,7.594907452582463359e-01,9.999218760172473575e-01,0.000000000000000000e+00,-1.249967448170978719e-02,0.000000000000000000e+00,-3.553091837237318251e-01,0.000000000000000000e+00,0.000000000000000000e+00,6.676894260465725539e-01,-3.183802423228406786e-01,0.000000000000000000e+00,-5.610164588032133803e-01,0.000000000000000000e+00,0.000000000000000000e+00,9.029051492571565918e-01,2.111309546056872044e-03,0.000000000000000000e+00,7.499999999999999722e-02,0.000000000000000000e+00,-5.500000000000000028e-02,3.900000000000000133e-01,1.950000000000000067e-01,5.999999999999999778e-02,7.299999999999999822e-01,-8.000000000000000167e-02,5.000000000000000278e-02,-4.000000000000000083e-02,1.000000000000000888e-02,-2.449999999999999956e-01,5.999999999999999778e-02,7.299999999999999822e-01,-8.000000000000000167e-02,-5.000000000000000278e-02,4.000000000000000083e-02
6.430000,-4.973753368076854753e-01,0.000000000000000000e+00,7.594907452582463359e-01,9.999218760172473575e-01,0.000000000000000000e+00,-1.249967448170978719e-02,0.000000000000000000e+00,-3.580657542404541149e-01,0.000000000000000000e+00,0.000000000000000000e+00,6.671932887806384382e-01,-3.151275345401842731e-01,0.000000000000000000e+00,-5.586220194249404969e-01,0.000000000000000000e+00,0.000000000000000000e+00,9.044083708974111069e-01,-1.786351472470526502e-03,0.000000000000000000e+00,7.499999999999999722e-02,0.000000000000000000e+00,-5.500000000000000028e-02,3.900000000000000133e-01,1.950000000000000067e-01,5.999999999999999778e-02,7.299999999999999822e-01,-8.000000000000000167e-02,5.000000000000000278e-02,-4.000000000000000083e-02,1.000000000000000888e-02,-2.449999999999999956e-01,5.999999999999999778e-02,7.299999999999999822e-01,-8.000000000000000167e-02,-5.000000000000000278e-02,4.000000000000000083e-02
6.440000,-4.991802977342084668e-01,0.000000000000000000e+00,7.594907452582463359e-01,9.999218760172473575e-01,0.000000000000000000e+00,-1.249967448170978719e-02,0.000000000000000000e+00,-3.609140874033633928e-01,0.000000000000000000e+00,0.000000000000000000e+00,6.666197952085977096e-01,-3.117057078052342667e-01,0.000000000000000000e+00,-5.560988845471357411e-01,0.000000000000000000e+00,0.000000000000000000e+00,9.059314092388647266e-01,-5.832524691728901978e-03,0.000000000000000000e+00,7.499999999999999722e-02,0.000000000000000000e+00,-5.500000000000000028e-02,3.900000000000000133e-01,1.950000000000000067e-01,5.999999999999999778e-02,7.299999999999999822e-01,-8.000000000000000167e-02,5.000000000000000278e-02,-4.000000000000000083e-02,1.000000000000000888e-02,-2.449999999999999956e-01,5.999999999999999778e-02,7.299999999999999822e-01,-8.000000000000000167e-02,-5.000000000000000278e-02,4.000000000000000083e-02
6.450000,-5.010549509783379651e-01,0.000000000000000000e+00,7.594907452582463359e-01,9.999218760172473575e-01,0.000000000000000000e+00,-1.249967448170978719e-02,0.000000000000000000e+00,-3.638420276532614572e-01,0.000000000000000000e+00,0.000000000000000000e+00,6.659636900602267096e-01,-3.081216624069652021e-01,0.000000000000000000e+00,-5.534517924274626743e-01,0.000000000000000000e+00,0.000000000000000000e+00,9.074642658396004924e-01,-1.001247341213773456e-02,0.000000000000000000e+00,7.499999999999999722e-02,0.000000000000000000e+00,-5.500000000000000028e-02,3.900000000000000133e-01,1.950000000000000067e-01,5.999999999999999778e-02,7.299999999999999822e-01,-8.000000000000000167e-02,5.000000000000000278e-02,-4.000000000000000083e-02,1.000000000000000888e-02,-2.449999999999999956e-01,5.999999999999999778e-02,7.299999999999999822e-01,-8.000000000000000167e-02,-5.000000000000000278e-02,4.000000000000000083e-02
6.460000,-5.029934563832836325e-01,0.000000000000000000e+00,7.594907452582463359e-01,9.999218760172473575e-01,0.000000000000000000e+00,-1.249967448170978719e-02,0.000000000000000000e+00,-3.668369979244302526e-01,0.000000000000000000e+00,0.000000000000000000e+00,6.652202775897575471e-01,-3.043832796653272443e-01,0.000000000000000000e+00,-5.506862782002350798e-01,0.000000000000000000e+00,0.000000000000000000e+00,9.089970291229926280e-01,-1.431075092275746474e-02,0.000000000000000000e+00,7.499999999999999722e-02,0.000000000000000000e+00,-5.500000000000000028e-02,3.900000000000000133e-01,1.950000000000000067e-01,5.999999999999999778e-02,7.299999999999999822e-01,-8.000000000000000167e-02,5.000000000000000278e-02,-4.000000000000000083e-02,1.000000000000000888e-02,-2.449999999999999956e-01,5.999999999999999778e-02,7.299999999999999822e-01,-8.000000000000000167e-02,-5.000000000000000278e-02,4.000000000000000083e-02
6.470000,-5.049896172422644325e-01,0.000000000000000000e+00,7.594907452582463359e-01,9.999218760172473575e-01,0.000000000000000000e+00,-1.249967448170978719e-02,0.000000000000000000e+00,-3.698861259515064392e-01,0.000000000000000000e+00,0.000000000000000000e+00,6.643855340536056753e-01,-3.004994081020991858e-01,0.000000000000000000e+00,-5.478086716567658332e-01,0.000000000000000000e+00,0.000000000000000000e+00,9.105200071636572190e-01,-1.871133550689130232e-02,0.000000000000000000e+00,7.499999999999999722e-02,0.000000000000000000e+00,-5.500000000000000028e-02,3.900000000000000133e-01,1.950000000000000067e-01,5.999999999999999778e-02,7.299999999999999822e-01,-8.000000000000000167e-02,5.000000000000000278e-02,-4.000000000000000083e-02,1.000000000000000888e-02,-2.449999999999999956e-01,5.999999999999999778e-02,7.299999999999999822e-01,-8.000000000000000167e-02,-5.000000000000000278e-02,4.000000000000000083e-02
6.480000,-5.070369199151746331e-01,0.000000000000000000e+00,7.594907452582463359e-01,9.999218760172473575e-01,0.000000000000000000e+00,-1.249967448170978719e-02,0.000000000000000000e+00,-3.729763677576456438e-01,0.000000000000000000e+00,0.000000000000000000e+00,6.634562133944340578e-01,-2.964798456367883639e-01,0.000000000000000000e+00,-5.448260900139398899e-01,0.000000000000000000e+00,0.000000000000000000e+00,9.120238523580643797e-01,-2.319776234412440630e-02,0.000000000000000000e+00,7.499999999999999722e-02,0.000000000000000000e+00,-5.500000000000000028e-02,3.900000000000000133e-01,1.950000000000000067e-01,5.999999999999999778e-02,7.299999999999999822e-01,-8.000000000000000167e-02,5.000000000000000278e-02,-4.000000000000000083e-02,1.000000000000000888e-02,-2.449999999999999956e-01,5.999999999999999778e-02,7.299999999999999822e-01,-8.000000000000000167e-02,-5.000000000000000278e-02,4.000000000000000083e-02
6.490000,-5.091285734452483114e-01,0.000000000000000000e+00,7.594907452582463359e-01,9.999218760172473575e-01,0.000000000000000000e+00,-1.249967448170978719e-02,0.000000000000000000e+00,-3.760946273839877452e-01,0.000000000000000000e+00,0.000000000000000000e+00,6.624299443155156064e-01,-2.923353169315278111e-01,0.000000000000000000e+00,-5.417464248585430742e-01,0.000000000000000000e+00,0.000000000000000000e+00,9.134996764724426788e-01,-2.775325161389952111e-02,0.000000000000000000e+00,7.499999999999999722e-02,0.000000000000000000e+00,-5.500000000000000028e-02,3.900000000000000133e-01,1.950000000000000067e-01,5.999999999999999778e-02,7.299999999999999822e-01,-8.000000000000000167e-02,5.000000000000000278e-02,-4.000000000000000083e-02,1.000000000000000888e-02,-2.449999999999999956e-01,5.999999999999999778e-02,7.299999999999999822e-01,-8.000000000000000167e-02,-5.000000000000000278e-02,4.000000000000000083e-02
6.500000,-5.112575491757267443e-01,0.000000000000000000e+00,7.594907452582463359e-01,9.999218760172473575e-01,0.000000000000000000e+00,-1.249967448170978719e-02,0.000000000000000000e+00,-3.792278719692008804e-01,0.000000000000000000e+00,0.000000000000000000e+00,6.613053170729508157e-01,-2.880774451037498851e-01,0.000000000000000000e+00,-5.385783225867312174e-01,0.000000000000000000e+00,0.000000000000000000e+00,9.149391547593747065e-01,-3.236083217264351664e-02,0.000000000000000000e+00,7.499999999999999722e-02,0.000000000000000000e+00,-5.500000000000000028e-02,3.900000000000000133e-01,1.950000000000000067e-01,5.999999999999999778e-02,7.299999999999999822e-01,-8.000000000000000167e-02,5.000000000000000278e-02,-4.000000000000000083e-02,1.000000000000000888e-02,-2.449999999999999956e-01,5.999999999999999778e-02,7.299999999999999822e-01,-8.000000000000000167e-02,-5.000000000000000278e-02,4.000000000000000083e-02
6.510000,-5.134166203665226913e-01,0.000000000000000000e+00,7.594907452582463359e-01,9.999218760172473575e-01,0.000000000000000000e+00,-1.249967448170978719e-02,0.000000000000000000e+00,-3.823632413404428054e-01,0.000000000000000000e+00,0.000000000000000000e+00,6.600819584614836533e-01,-2.837187171210407977e-01,0.000000000000000000e+00,-5.353311577931945120e-01,0.000000000000000000e+00,0.000000000000000000e+00,9.163346180392027973e-01,-3.700346024600820183e-02,0.000000000000000000e+00,7.499999999999999722e-02,0.000000000000000000e+00,-5.500000000000000028e-02,3.900000000000000133e-01,1.950000000000000067e-01,5.999999999999999778e-02,7.299999999999999822e-01,-8.000000000000000167e-02,5.000000000000000278e-02,-4.000000000000000083e-02,1.000000000000000888e-02,-2.449999999999999956e-01,5.999999999999999778e-02,7.299999999999999822e-01,-8.000000000000000167e-02,-5.000000000000000278e-02,4.000000000000000083e-02
6.520000,-5.155984018108865641e-01,0.000000000000000000e+00,7.594907452582463359e-01,9.999218760172473575e-01,0.000000000000000000e+00,-1.249967448170978719e-02,0.000000000000000000e+00,-3.854881513330775111e-01,0.000000000000000000e+00,0.000000000000000000e+00,6.587605936198707157e-01,-2.792724422867931544e-01,0.000000000000000000e+00,-5.320149992000846595e-01,0.000000000000000000e+00,0.000000000000000000e+00,9.176791318494150751e-01,-4.166413264933033211e-02,0.000000000000000000e+00,7.499999999999999722e-02,0.000000000000000000e+00,-5.500000000000000028e-02,3.900000000000000133e-01,1.950000000000000067e-01,5.999999999999999778e-02,7.299999999999999822e-01,-8.000000000000000167e-02,5.000000000000000278e-02,-4.000000000000000083e-02,1.000000000000000888e-02,-2.449999999999999956e-01,5.999999999999999778e-02,7.299999999999999822e-01,-8.000000000000000167e-02,-5.000000000000000278e-02,4.000000000000000083e-02
6.530000,-5.177953894520715972e-01,0.000000000000000000e+00,7.594907452582463359e-01,9.999218760172473575e-01,0.000000000000000000e+00,-1.249967448170978719e-02,0.000000000000000000e+00,-3.885903901159864504e-01,0.000000000000000000e+00,0.000000000000000000e+00,6.573430934326858210e-01,-2.747527033166993204e-01,0.000000000000000000e+00,-5.286405678492291926e-01,0.000000000000000000e+00,0.000000000000000000e+00,9.189665619718240253e-01,-4.632599412259474914e-02,0.000000000000000000e+00,7.499999999999999722e-02,0.000000000000000000e+00,-5.500000000000000028e-02,3.900000000000000133e-01,1.950000000000000067e-01,5.999999999999999778e-02,7.299999999999999822e-01,-8.000000000000000167e-02,5.000000000000000278e-02,-4.000000000000000083e-02,1.000000000000000888e-02,-2.449999999999999956e-01,5.999999999999999778e-02,7.299999999999999822e-01,-8.000000000000000167e-02,-5.000000000000000278e-02,4.000000000000000083e-02
6.540000,-5.199999999999999067e-01,0.000000000000000000e+00,7.594907452582463359e-01,9.999218760172473575e-01,0.000000000000000000e+00,-1.249967448170978719e-02,0.000000000000000000e+00,-3.916582068628911006e-01,0.000000000000000000e+00,0.000000000000000000e+00,6.558325064567969154e-01,-2.701742995939057645e-01,0.000000000000000000e+00,-5.252191874104678027e-01,0.000000000000000000e+00,0.000000000000000000e+00,9.201916258515332459e-01,-5.097243844106547073e-02,0.000000000000000000e+00,7.499999999999999722e-02,0.000000000000000000e+00,-5.500000000000000028e-02,3.900000000000000133e-01,1.950000000000000067e-01,5.999999999999999778e-02,7.299999999999999822e-01,-8.000000000000000167e-02,5.000000000000000278e-02,-4.000000000000000083e-02,1.000000000000000888e-02,-2.449999999999999956e-01,5.999999999999999778e-02,7.299999999999999822e-01,-8.000000000000000167e-02,-5.000000000000000278e-02,4.000000000000000083e-02
6.550000,-5.222046105479283273e-01,0.000000000000000000e+00,7.594907452582463359e-01,9.999218760172473575e-01,0.000000000000000000e+00,-1.249967448170978719e-02,0.000000000000000000e+00,-3.946803921786057878e-01,0.000000000000000000e+00,0.000000000000000000e+00,6.542330744533092490e-01,-2.655526822747034110e-01,0.000000000000000000e+00,-5.217627265826247918e-01,0.000000000000000000e+00,0.000000000000000000e+00,9.213499296221598911e-01,-5.558720303953501585e-02,0.000000000000000000e+00,7.499999999999999722e-02,0.000000000000000000e+00,-5.500000000000000028e-02,3.900000000000000133e-01,1.950000000000000067e-01,5.999999999999999778e-02,7.299999999999999822e-01,-8.000000000000000167e-02,5.000000000000000278e-02,-4.000000000000000083e-02,1.000000000000000888e-02,-2.449999999999999956e-01,5.999999999999999778e-02,7.299999999999999822e-01,-8.000000000000000167e-02,-5.000000000000000278e-02,4.000000000000000083e-02
6.560000,-5.244015981891134714e-01,0.000000000000000000e+00,7.594907452582463359e-01,9.999218760172473575e-01,0.000000000000000000e+00,-1.249967448170978719e-02,0.000000000000000000e+00,-3.976463497638674238e-01,0.000000000000000000e+00,0.000000000000000000e+00,6.525502307613179065e-01,-2.609038809974504325e-01,0.000000000000000000e+00,-5.182835336804090254e-01,0.000000000000000000e+00,0.000000000000000000e+00,9.224379906476465329e-01,-6.015445696723742408e-02,0.000000000000000000e+00,7.499999999999999722e-02,0.000000000000000000e+00,-5.500000000000000028e-02,3.900000000000000133e-01,1.950000000000000067e-01,5.999999999999999778e-02,7.299999999999999822e-01,-8.000000000000000167e-02,5.000000000000000278e-02,-4.000000000000000083e-02,1.000000000000000888e-02,-2.449999999999999956e-01,5.999999999999999778e-02,7.299999999999999822e-01,-8.000000000000000167e-02,-5.000000000000000278e-02,4.000000000000000083e-02
6.570000,-5.265833796334771222e-01,0.000000000000000000e+00,7.594907452582463359e-01,9.999218760172473575e-01,0.000000000000000000e+00,-1.249967448170978719e-02,0.000000000000000000e+00,-4.005461588846971344e-01,0.000000000000000000e+00,0.000000000000000000e+00,6.507905809108317507e-01,-2.562444220261345662e-01,0.000000000000000000e+00,-5.147943636096751208e-01,0.000000000000000000e+00,0.000000000000000000e+00,9.234532456818987933e-01,-6.465888207222370010e-02,0.000000000000000000e+00,7.499999999999999722e-02,0.000000000000000000e+00,-5.500000000000000028e-02,3.900000000000000133e-01,1.950000000000000067e-01,5.999999999999999778e-02,7.299999999999999822e-01,-8.000000000000000167e-02,5.000000000000000278e-02,-4.000000000000000083e-02,1.000000000000000888e-02,-2.449999999999999956e-01,5.999999999999999778e-02,7.299999999999999822e-01,-8.000000000000000167e-02,-5.000000000000000278e-02,4.000000000000000083e-02
6.580000,-5.287424508242730692e-01,0.000000000000000000e+00,7.594907452582463359e-01,9.999218760172473575e-01,0.000000000000000000e+00,-1.249967448170978719e-02,0.000000000000000000e+00,-4.033706273038109025e-01,0.000000000000000000e+00,0.000000000000000000e+00,6.489618650419731738e-01,-2.515912377381622211e-01,0.000000000000000000e+00,-5.113082975344168668e-01,0.000000000000000000e+00,0.000000000000000000e+00,9.243940449331987663e-01,-6.908574739878192705e-02,0.000000000000000000e+00,7.499999999999999722e-02,0.000000000000000000e+00,-5.500000000000000028e-02,3.900000000000000133e-01,1.950000000000000067e-01,5.999999999999999778e-02,7.299999999999999822e-01,-8.000000000000000167e-02,5.000000000000000278e-02,-4.000000000000000083e-02,1.000000000000000888e-02,-2.449999999999999956e-01,5.999999999999999778e-02,7.299999999999999822e-01,-8.000000000000000167e-02,-5.000000000000000278e-02,4.000000000000000083e-02
6.590000,-5.308714265547515021e-01,0.000000000000000000e+00,7.594907452582463359e-01,9.999218760172473575e-01,0.000000000000000000e+00,-1.249967448170978719e-02,0.000000000000000000e+00,-4.061113344339388753e-01,0.000000000000000000e+00,0.000000000000000000e+00,6.470729018795955412e-01,-2.469615674456566157e-01,0.000000000000000000e+00,-5.078386556313783107e-01,0.000000000000000000e+00,0.000000000000000000e+00,9.252596325007621525e-01,-7.342097686938375833e-02,0.000000000000000000e+00,7.499999999999999722e-02,0.000000000000000000e+00,-5.500000000000000028e-02,3.900000000000000133e-01,1.950000000000000067e-01,5.999999999999999778e-02,7.299999999999999822e-01,-8.000000000000000167e-02,5.000000000000000278e-02,-4.000000000000000083e-02,1.000000000000000888e-02,-2.449999999999999956e-01,5.999999999999999778e-02,7.299999999999999822e-01,-8.000000000000000167e-02,-5.000000000000000278e-02,4.000000000000000083e-02
6.600000,-5.329630800848255134e-01,0.000000000000000000e+00,7.594907452582463359e-01,9.999218760172473575e-01,0.000000000000000000e+00,-1.249967448170978719e-02,0.000000000000000000e+00,-4.087606645875998534e-01,0.000000000000000000e+00,0.000000000000000000e+00,6.451335142105187881e-01,-2.423728496229188845e-01,0.000000000000000000e+00,-5.043989034121770798e-01,0.000000000000000000e+00,0.000000000000000000e+00,9.260501138258363518e-01,-7.765121041365929955e-02,0.000000000000000000e+00,7.499999999999999722e-02,0.000000000000000000e+00,-5.500000000000000028e-02,3.900000000000000133e-01,1.950000000000000067e-01,5.999999999999999778e-02,7.299999999999999822e-01,-8.000000000000000167e-02,5.000000000000000278e-02,-4.000000000000000083e-02,1.000000000000000888e-02,-2.449999999999999956e-01,5.999999999999999778e-02,7.299999999999999822e-01,-8.000000000000000167e-02,-5.000000000000000278e-02,4.000000000000000083e-02
6.610000,-5.350103827577354920e-01,0.000000000000000000e+00,7.594907452582463359e-01,9.999218760172473575e-01,0.000000000000000000e+00,-1.249967448170978719e-02,0.000000000000000000e+00,-4.113118303261137365e-01,0.000000000000000000e+00,0.000000000000000000e+00,6.431544360282599460e-01,-2.378426057021461593e-01,0.000000000000000000e+00,-5.010025521684356997e-01,0.000000000000000000e+00,0.000000000000000000e+00,9.267664109690444407e-01,-8.176385880060876854e-02,0.000000000000000000e+00,7.499999999999999722e-02,0.000000000000000000e+00,-5.500000000000000028e-02,3.900000000000000133e-01,1.950000000000000067e-01,5.999999999999999778e-02,7.299999999999999822e-01,-8.000000000000000167e-02,5.000000000000000278e-02,-4.000000000000000083e-02,1.000000000000000888e-02,-2.449999999999999956e-01,5.999999999999999778e-02,7.299999999999999822e-01,-8.000000000000000167e-02,-5.000000000000000278e-02,4.000000000000000083e-02
6.620000,-5.370065436167162920e-01,0.000000000000000000e+00,7.594907452582463359e-01,9.999218760172473575e-01,0.000000000000000000e+00,-1.249967448170978719e-02,0.000000000000000000e+00,-4.137588860532723789e-01,0.000000000000000000e+00,0.000000000000000000e+00,6.411472017503887511e-01,-2.333883156971163220e-01,0.000000000000000000e+00,-4.976630541627688475e-01,0.000000000000000000e+00,0.000000000000000000e+00,9.274102066887858209e-01,-8.574715252601694537e-02,0.000000000000000000e+00,7.499999999999999722e-02,0.000000000000000000e+00,-5.500000000000000028e-02,3.900000000000000133e-01,1.950000000000000067e-01,5.999999999999999778e-02,7.299999999999999822e-01,-8.000000000000000167e-02,5.000000000000000278e-02,-4.000000000000000083e-02,1.000000000000000888e-02,-2.449999999999999956e-01,5.999999999999999778e-02,7.299999999999999822e-01,-8.000000000000000167e-02,-5.000000000000000278e-02,4.000000000000000083e-02
6.630000,-5.389450490216619594e-01,0.000000000000000000e+00,7.594907452582463359e-01,9.999218760172473575e-01,0.000000000000000000e+00,-1.249967448170978719e-02,0.000000000000000000e+00,-4.160967321563072696e-01,0.000000000000000000e+00,0.000000000000000000e+00,6.391240181784575425e-01,-2.290272860221502227e-01,0.000000000000000000e+00,-4.943936932477902557e-01,0.000000000000000000e+00,0.000000000000000000e+00,9.279838784515086481e-01,-8.959018520371841987e-02,0.000000000000000000e+00,7.499999999999999722e-02,0.000000000000000000e+00,-5.500000000000000028e-02,3.900000000000000133e-01,1.950000000000000067e-01,5.999999999999999778e-02,7.299999999999999822e-01,-8.000000000000000167e-02,5.000000000000000278e-02,-4.000000000000000083e-02,1.000000000000000888e-02,-2.449999999999999956e-01,5.999999999999999778e-02,7.299999999999999822e-01,-8.000000000000000167e-02,-5.000000000000000278e-02,4.000000000000000083e-02
6.640000,-5.408197022657915687e-01,0.000000000000000000e+00,7.594907452582463359e-01,9.999218760172473575e-01,0.000000000000000000e+00,-1.249967448170978719e-02,0.000000000000000000e+00,-4.183211101680319177e-01,0.000000000000000000e+00,0.000000000000000000e+00,6.370976201604021671e-01,-2.247765099923701992e-01,0.000000000000000000e+00,-4.912074716467076385e-01,0.000000000000000000e+00,0.000000000000000000e+00,9.284904236523485732e-01,-9.328295200564085121e-02,0.000000000000000000e+00,7.499999999999999722e-02,0.000000000000000000e+00,-5.500000000000000028e-02,3.900000000000000133e-01,1.950000000000000067e-01,5.999999999999999778e-02,7.299999999999999822e-01,-8.000000000000000167e-02,5.000000000000000278e-02,-4.000000000000000083e-02,1.000000000000000888e-02,-2.449999999999999956e-01,5.999999999999999778e-02,7.299999999999999822e-01,-8.000000000000000167e-02,-5.000000000000000278e-02,4.000000000000000083e-02
6.650000,-5.426246631923143937e-01,0.000000000000000000e+00,7.594907452582463359e-01,9.999218760172473575e-01,0.000000000000000000e+00,-1.249967448170978719e-02,0.000000000000000000e+00,-4.204285896076213058e-01,0.000000000000000000e+00,0.000000000000000000e+00,6.350811112289267424e-01,-2.206525216213053864e-01,0.000000000000000000e+00,-4.881169936726962311e-01,0.000000000000000000e+00,0.000000000000000000e+00,9.289333774622561268e-01,-9.681638378955992330e-02,0.000000000000000000e+00,7.499999999999999722e-02,0.000000000000000000e+00,-5.500000000000000028e-02,3.900000000000000133e-01,1.950000000000000067e-01,5.999999999999999778e-02,7.299999999999999822e-01,-8.000000000000000167e-02,5.000000000000000278e-02,-4.000000000000000083e-02,1.000000000000000888e-02,-2.449999999999999956e-01,5.999999999999999778e-02,7.299999999999999822e-01,-8.000000000000000167e-02,-5.000000000000000278e-02,4.000000000000000083e-02
6.660000,-5.443544878110964103e-01,0.000000000000000000e+00,7.594907452582463359e-01,9.999218760172473575e-01,0.000000000000000000e+00,-1.249967448170978719e-02,0.000000000000000000e+00,-4.224165473506221180e-01,0.000000000000000000e+00,0.000000000000000000e+00,6.330877908229174400e-01,-2.166712434722952718e-01,0.000000000000000000e+00,-4.851343472000017032e-01,0.000000000000000000e+00,0.000000000000000000e+00,9.293167248432150362e-01,-1.001823776432133606e-01,0.000000000000000000e+00,7.499999999999999722e-02,0.000000000000000000e+00,-5.500000000000000028e-02,3.900000000000000133e-01,1.950000000000000067e-01,5.999999999999999778e-02,7.299999999999999822e-01,-8.000000000000000167e-02,5.000000000000000278e-02,-4.000000000000000083e-02,1.000000000000000888e-02,-2.449999999999999956e-01,5.999999999999999778e-02,7.299999999999999822e-01,-8.000000000000000167e-02,-5.000000000000000278e-02,4.000000000000000083e-02
6.670000,-5.460041679153252447e-01,0.000000000000000000e+00,7.594907452582463359e-01,9.999218760172473575e-01,0.000000000000000000e+00,-1.249967448170978719e-02,0.000000000000000000e+00,-4.242831405772030662e-01,0.000000000000000000e+00,0.000000000000000000e+00,6.311309700457349292e-01,-2.128478294685318128e-01,0.000000000000000000e+00,-4.822709837274439248e-01,0.000000000000000000e+00,0.000000000000000000e+00,9.296448083838217968e-01,-1.033738246563777885e-01,0.000000000000000000e+00,7.499999999999999722e-02,0.000000000000000000e+00,-5.500000000000000028e-02,3.900000000000000133e-01,1.950000000000000067e-01,5.999999999999999778e-02,7.299999999999999822e-01,-8.000000000000000167e-02,5.000000000000000278e-02,-4.000000000000000083e-02,1.000000000000000888e-02,-2.449999999999999956e-01,5.999999999999999778e-02,7.299999999999999822e-01,-8.000000000000000167e-02,-5.000000000000000278e-02,4.000000000000000083e-02
6.680000,-5.475691706981758999e-01,0.000000000000000000e+00,7.594907452582463359e-01,9.999218760172473575e-01,0.000000000000000000e+00,-1.249967448170978719e-02,0.000000000000000000e+00,-4.260272745456835652e-01,0.000000000000000000e+00,0.000000000000000000e+00,6.292237782646745714e-01,-2.091965037189909560e-01,0.000000000000000000e+00,-4.795375978942337247e-01,0.000000000000000000e+00,0.000000000000000000e+00,9.299222337003818506e-01,-1.063846358061480979e-01,0.000000000000000000e+00,7.499999999999999722e-02,0.000000000000000000e+00,-5.500000000000000028e-02,3.900000000000000133e-01,1.950000000000000067e-01,5.999999999999999778e-02,7.299999999999999822e-01,-8.000000000000000167e-02,5.000000000000000278e-02,-4.000000000000000083e-02,1.000000000000000888e-02,-2.449999999999999956e-01,5.999999999999999778e-02,7.299999999999999822e-01,-8.000000000000000167e-02,-5.000000000000000278e-02,4.000000000000000083e-02
6.690000,-5.490454783694767027e-01,0.000000000000000000e+00,7.594907452582463359e-01,9.999218760172473575e-01,0.000000000000000000e+00,-1.249967448170978719e-02,0.000000000000000000e+00,-4.276485666288120102e-01,0.000000000000000000e+00,0.000000000000000000e+00,6.273789631971922187e-01,-2.057303965683801583e-01,0.000000000000000000e+00,-4.769440073181819839e-01,0.000000000000000000e+00,0.000000000000000000e+00,9.301537742202861114e-01,-1.092097669021041551e-01,0.000000000000000000e+00,7.499999999999999722e-02,0.000000000000000000e+00,-5.500000000000000028e-02,3.900000000000000133e-01,1.950000000000000067e-01,5.999999999999999778e-02,7.299999999999999822e-01,-8.000000000000000167e-02,5.000000000000000278e-02,-4.000000000000000083e-02,1.000000000000000888e-02,-2.449999999999999956e-01,5.999999999999999778e-02,7.299999999999999822e-01,-8.000000000000000167e-02,-5.000000000000000278e-02,4.000000000000000083e-02
6.700000,-5.504296277723742525e-01,0.000000000000000000e+00,7.594907452582463359e-01,9.999218760172473575e-01,0.000000000000000000e+00,-1.249967448170978719e-02,0.000000000000000000e+00,-4.291473082244713355e-01,0.000000000000000000e+00,0.000000000000000000e+00,6.256086874457963409e-01,-2.024613792213249552e-01,0.000000000000000000e+00,-4.744990336266088904e-01,0.000000000000000000e+00,0.000000000000000000e+00,9.303442772110667169e-01,-1.118452435844577986e-01,0.000000000000000000e+00,7.499999999999999722e-02,0.000000000000000000e+00,-5.500000000000000028e-02,3.900000000000000133e-01,1.950000000000000067e-01,5.999999999999999778e-02,7.299999999999999822e-01,-8.000000000000000167e-02,5.000000000000000278e-02,-4.000000000000000083e-02,1.000000000000000888e-02,-2.449999999999999956e-01,5.999999999999999778e-02,7.299999999999999822e-01,-8.000000000000000167e-02,-5.000000000000000278e-02,4.000000000000000083e-02
6.710000,-5.517187500000000355e-01,0.000000000000000000e+00,7.594907452582463359e-01,9.999218760172473575e-01,0.000000000000000000e+00,-1.249967448170978719e-02,0.000000000000000000e+00,-4.305244263007447225e-01,0.000000000000000000e+00,0.000000000000000000e+00,6.239243247164926176e-01,-1.993998984157478449e-01,0.000000000000000000e+00,-4.722103855394629290e-01,0.000000000000000000e+00,0.000000000000000000e+00,9.304985729361753277e-01,-1.142881873967124262e-01,0.000000000000000000e+00,7.499999999999999722e-02,0.000000000000000000e+00,-5.500000000000000028e-02,3.900000000000000133e-01,1.950000000000000067e-01,5.999999999999999778e-02,7.299999999999999822e-01,-8.000000000000000167e-02,5.000000000000000278e-02,-4.000000000000000083e-02,1.000000000000000888e-02,-2.449999999999999956e-01,5.999999999999999778e-02,7.299999999999999822e-01,-8.000000000000000167e-02,-5.000000000000000278e-02,4.000000000000000083e-02
6.720000,-5.529106100121349288e-01,0.000000000000000000e+00,7.594907452582463359e-01,9.999218760172473575e-01,0.000000000000000000e+00,-1.249967448170978719e-02,0.000000000000000000e+00,-4.317814464469663105e-01,0.000000000000000000e+00,0.000000000000000000e+00,6.223362591650678510e-01,-1.965548127181014904e-01,0.000000000000000000e+00,-4.700845448410728156e-01,0.000000000000000000e+00,0.000000000000000000e+00,9.306213888030338000e-01,-1.165368439619609564e-01,0.000000000000000000e+00,7.499999999999999722e-02,0.000000000000000000e+00,-5.500000000000000028e-02,3.900000000000000133e-01,1.950000000000000067e-01,5.999999999999999778e-02,7.299999999999999822e-01,-8.000000000000000167e-02,5.000000000000000278e-02,-4.000000000000000083e-02,1.000000000000000888e-02,-2.449999999999999956e-01,5.999999999999999778e-02,7.299999999999999822e-01,-8.000000000000000167e-02,-5.000000000000000278e-02,4.000000000000000083e-02
6.730000,-5.540036462518760363e-01,0.000000000000000000e+00,7.594907452582463359e-01,9.999218760172473575e-01,0.000000000000000000e+00,-1.249967448170978719e-02,0.000000000000000000e+00,-4.329204593667222989e-01,0.000000000000000000e+00,0.000000000000000000e+00,6.208536914402779106e-01,-1.939332320735555615e-01,0.000000000000000000e+00,-4.681266560400468846e-01,0.000000000000000000e+00,0.000000000000000000e+00,9.307172703161339378e-01,-1.185906142760870807e-01,0.000000000000000000e+00,7.499999999999999722e-02,0.000000000000000000e+00,-5.500000000000000028e-02,3.900000000000000133e-01,1.950000000000000067e-01,5.999999999999999778e-02,7.299999999999999822e-01,-8.000000000000000167e-02,5.000000000000000278e-02,-4.000000000000000083e-02,1.000000000000000888e-02,-2.449999999999999956e-01,5.999999999999999778e-02,7.299999999999999822e-01,-8.000000000000000167e-02,-5.000000000000000278e-02,4.000000000000000083e-02
6.740000,-5.549970102623010826e-01,0.000000000000000000e+00,7.594907452582463359e-01,9.999218760172473575e-01,0.000000000000000000e+00,-1.249967448170978719e-02,0.000000000000000000e+00,-4.339440927552487004e-01,0.000000000000000000e+00,0.000000000000000000e+00,6.194844550125706562e-01,-1.915403622573219056e-01,0.000000000000000000e+00,-4.663404204644878703e-01,0.000000000000000000e+00,0.000000000000000000e+00,9.307905105537586099e-01,-1.204500900892706561e-01,0.000000000000000000e+00,7.499999999999999722e-02,0.000000000000000000e+00,-5.500000000000000028e-02,3.900000000000000133e-01,1.950000000000000067e-01,5.999999999999999778e-02,7.299999999999999822e-01,-8.000000000000000167e-02,5.000000000000000278e-02,-4.000000000000000083e-02,1.000000000000000888e-02,-2.449999999999999956e-01,5.999999999999999778e-02,7.299999999999999822e-01,-8.000000000000000167e-02,-5.000000000000000278e-02,4.000000000000000083e-02
6.750000,-5.558906063031346934e-01,0.000000000000000000e+00,7.594907452582463359e-01,9.999218760172473575e-01,0.000000000000000000e+00,-1.249967448170978719e-02,0.000000000000000000e+00,-4.348554904429742796e-01,0.000000000000000000e+00,0.000000000000000000e+00,6.182348462726144911e-01,-1.893793558296401613e-01,0.000000000000000000e+00,-4.647279954700853088e-01,0.000000000000000000e+00,0.000000000000000000e+00,9.308450897473788954e-01,-1.221170942772935586e-01,0.000000000000000000e+00,7.499999999999999722e-02,0.000000000000000000e+00,-5.500000000000000028e-02,3.900000000000000133e-01,1.950000000000000067e-01,5.999999999999999778e-02,7.299999999999999822e-01,-8.000000000000000167e-02,5.000000000000000278e-02,-4.000000000000000083e-02,1.000000000000000888e-02,-2.449999999999999956e-01,5.999999999999999778e-02,7.299999999999999822e-01,-8.000000000000000167e-02,-5.000000000000000278e-02,4.000000000000000083e-02
6.760000,-5.566851309674143433e-01,0.000000000000000000e+00,7.594907452582463359e-01,9.999218760172473575e-01,0.000000000000000000e+00,-1.249967448170978719e-02,0.000000000000000000e+00,-4.356583005514506057e-01,0.000000000000000000e+00,0.000000000000000000e+00,6.171094716402747427e-01,-1.874511710888240867e-01,0.000000000000000000e+00,-4.632898993498771323e-01,0.000000000000000000e+00,0.000000000000000000e+00,9.308846263542195354e-01,-1.235947270043423751e-01,0.000000000000000000e+00,7.499999999999999722e-02,0.000000000000000000e+00,-5.500000000000000028e-02,3.900000000000000133e-01,1.950000000000000067e-01,5.999999999999999778e-02,7.299999999999999822e-01,-8.000000000000000167e-02,5.000000000000000278e-02,-4.000000000000000083e-02,1.000000000000000888e-02,-2.449999999999999956e-01,5.999999999999999778e-02,7.299999999999999822e-01,-8.000000000000000167e-02,-5.000000000000000278e-02,4.000000000000000083e-02
6.770000,-5.573821127981549717e-01,0.000000000000000000e+00,7.594907452582463359e-01,9.999218760172473575e-01,0.000000000000000000e+00,-1.249967448170978719e-02,0.000000000000000000e+00,-4.363566741925358761e-01,0.000000000000000000e+00,0.000000000000000000e+00,6.161111145310478321e-01,-1.857544403385119058e-01,0.000000000000000000e+00,-4.620249224245596698e-01,0.000000000000000000e+00,0.000000000000000000e+00,9.309123407725825583e-01,-1.248874183480228606e-01,0.000000000000000000e+00,7.499999999999999722e-02,0.000000000000000000e+00,-5.500000000000000028e-02,3.900000000000000133e-01,1.950000000000000067e-01,5.999999999999999778e-02,7.299999999999999822e-01,-8.000000000000000167e-02,5.000000000000000278e-02,-4.000000000000000083e-02,1.000000000000000888e-02,-2.449999999999999956e-01,5.999999999999999778e-02,7.299999999999999822e-01,-8.000000000000000167e-02,-5.000000000000000278e-02,4.000000000000000083e-02
6.780000,-5.579839519050158181e-01,0.000000000000000000e+00,7.594907452582463359e-01,9.999218760172473575e-01,0.000000000000000000e+00,-1.249967448170978719e-02,0.000000000000000000e+00,-4.369552759442503209e-01,0.000000000000000000e+00,0.000000000000000000e+00,6.152406244783245048e-01,-1.842853485340741337e-01,0.000000000000000000e+00,-4.609300446590934852e-01,0.000000000000000000e+00,0.000000000000000000e+00,9.309310325532440533e-01,-1.260009878941505956e-01,0.000000000000000000e+00,7.499999999999999722e-02,0.000000000000000000e+00,-5.500000000000000028e-02,3.900000000000000133e-01,1.950000000000000067e-01,5.999999999999999778e-02,7.299999999999999822e-01,-8.000000000000000167e-02,5.000000000000000278e-02,-4.000000000000000083e-02,1.000000000000000888e-02,-2.449999999999999956e-01,5.999999999999999778e-02,7.299999999999999822e-01,-8.000000000000000167e-02,-5.000000000000000278e-02,4.000000000000000083e-02
6.790000,-5.584939595809648161e-01,0.000000000000000000e+00,7.594907452582463359e-01,9.999218760172473575e-01,0.000000000000000000e+00,-1.249967448170978719e-02,0.000000000000000000e+00,-4.374593069582462523e-01,0.000000000000000000e+00,0.000000000000000000e+00,6.144968300073320178e-01,-1.830375230490857152e-01,0.000000000000000000e+00,-4.600003599929262110e-01,0.000000000000000000e+00,0.000000000000000000e+00,9.309430716060105304e-01,-1.269427116130843469e-01,0.000000000000000000e+00,7.499999999999999722e-02,0.000000000000000000e+00,-5.500000000000000028e-02,3.900000000000000133e-01,1.950000000000000067e-01,5.999999999999999778e-02,7.299999999999999822e-01,-8.000000000000000167e-02,5.000000000000000278e-02,-4.000000000000000083e-02,1.000000000000000888e-02,-2.449999999999999956e-01,5.999999999999999778e-02,7.299999999999999822e-01,-8.000000000000000167e-02,-5.000000000000000278e-02,4.000000000000000083e-02
6.800000,-5.589163979189453180e-01,0.000000000000000000e+00,7.594907452582463359e-01,9.999218760172473575e-01,0.000000000000000000e+00,-1.249967448170978719e-02,0.000000000000000000e+00,-4.378745410984970499e-01,0.000000000000000000e+00,0.000000000000000000e+00,6.138764760074791882e-01,-1.820019349089820881e-01,0.000000000000000000e+00,-4.592290073852659527e-01,0.000000000000000000e+00,0.000000000000000000e+00,9.309504034859996668e-01,-1.277213961007337417e-01,0.000000000000000000e+00,7.499999999999999722e-02,0.000000000000000000e+00,-5.500000000000000028e-02,3.900000000000000133e-01,1.950000000000000067e-01,5.999999999999999778e-02,7.299999999999999822e-01,-8.000000000000000167e-02,5.000000000000000278e-02,-4.000000000000000083e-02,1.000000000000000888e-02,-2.449999999999999956e-01,5.999999999999999778e-02,7.299999999999999822e-01,-8.000000000000000167e-02,-5.000000000000000278e-02,4.000000000000000083e-02
6.810000,-5.592565194285410435e-01,0.000000000000000000e+00,7.594907452582463359e-01,9.999218760172473575e-01,0.000000000000000000e+00,-1.249967448170978719e-02,0.000000000000000000e+00,-4.382073739855128491e-01,0.000000000000000000e+00,0.000000000000000000e+00,6.133741853666977439e-01,-1.811668113811848446e-01,0.000000000000000000e+00,-4.586071083613463828e-01,0.000000000000000000e+00,0.000000000000000000e+00,9.309545683674340655e-01,-1.283474600060876547e-01,0.000000000000000000e+00,7.499999999999999722e-02,0.000000000000000000e+00,-5.500000000000000028e-02,3.900000000000000133e-01,1.950000000000000067e-01,5.999999999999999778e-02,7.299999999999999822e-01,-8.000000000000000167e-02,5.000000000000000278e-02,-4.000000000000000083e-02,1.000000000000000888e-02,-2.449999999999999956e-01,5.999999999999999778e-02,7.299999999999999822e-01,-8.000000000000000167e-02,-5.000000000000000278e-02,4.000000000000000083e-02
6.820000,-5.595206066526418054e-01,0.000000000000000000e+00,7.594907452582463359e-01,9.999218760172473575e-01,0.000000000000000000e+00,-1.249967448170978719e-02,0.000000000000000000e+00,-4.384648842340737041e-01,0.000000000000000000e+00,0.000000000000000000e+00,6.129824435308249830e-01,-1.805175592967512288e-01,0.000000000000000000e+00,-4.581237105982994273e-01,0.000000000000000000e+00,0.000000000000000000e+00,9.309567327718011320e-01,-1.288330221735016767e-01,0.000000000000000000e+00,7.499999999999999722e-02,0.000000000000000000e+00,-5.500000000000000028e-02,3.900000000000000133e-01,1.950000000000000067e-01,5.999999999999999778e-02,7.299999999999999822e-01,-8.000000000000000167e-02,5.000000000000000278e-02,-4.000000000000000083e-02,1.000000000000000888e-02,-2.449999999999999956e-01,5.999999999999999778e-02,7.299999999999999822e-01,-8.000000000000000167e-02,-5.000000000000000278e-02,4.000000000000000083e-02
6.830000,-5.597160117841091242e-01,0.000000000000000000e+00,7.594907452582463359e-01,9.999218760172473575e-01,0.000000000000000000e+00,-1.249967448170978719e-02,0.000000000000000000e+00,-4.386549055350565940e-01,0.000000000000000000e+00,0.000000000000000000e+00,6.126916034516209919e-01,-1.800366979165643477e-01,0.000000000000000000e+00,-4.577657368079167677e-01,0.000000000000000000e+00,0.000000000000000000e+00,9.309577325103702838e-01,-1.291919957024535437e-01,0.000000000000000000e+00,7.499999999999999722e-02,0.000000000000000000e+00,-5.500000000000000028e-02,3.900000000000000133e-01,1.950000000000000067e-01,5.999999999999999778e-02,7.299999999999999822e-01,-8.000000000000000167e-02,5.000000000000000278e-02,-4.000000000000000083e-02,1.000000000000000888e-02,-2.449999999999999956e-01,5.999999999999999778e-02,7.299999999999999822e-01,-8.000000000000000167e-02,-5.000000000000000278e-02,4.000000000000000083e-02
6.840000,-5.598511962824425092e-01,0.000000000000000000e+00,7.594907452582463359e-01,9.999218760172473575e-01,0.000000000000000000e+00,-1.249967448170978719e-02,0.000000000000000000e+00,-4.387861075530640198e-01,0.000000000000000000e+00,0.000000000000000000e+00,6.124899071067710921e-01,-1.797037995537070221e-01,0.000000000000000000e+00,-4.575179378560616517e-01,0.000000000000000000e+00,0.000000000000000000e+00,9.309581246264413412e-01,-1.294401867703796061e-01,0.000000000000000000e+00,7.499999999999999722e-02,0.000000000000000000e+00,-5.500000000000000028e-02,3.900000000000000133e-01,1.950000000000000067e-01,5.999999999999999778e-02,7.299999999999999822e-01,-8.000000000000000167e-02,5.000000000000000278e-02,-4.000000000000000083e-02,1.000000000000000888e-02,-2.449999999999999956e-01,5.999999999999999778e-02,7.299999999999999822e-01,-8.000000000000000167e-02,-5.000000000000000278e-02,4.000000000000000083e-02
6.850000,-5.599357704904437405e-01,0.000000000000000000e+00,7.594907452582463359e-01,9.999218760172473575e-01,0.000000000000000000e+00,-1.249967448170978719e-02,0.000000000000000000e+00,-4.388680828992904681e-01,0.000000000000000000e+00,0.000000000000000000e+00,6.123635184291867928e-01,-1.794954355298962745e-01,0.000000000000000000e+00,-4.573628487027078249e-01,0.000000000000000000e+00,0.000000000000000000e+00,9.309582453782916378e-01,-1.295953966755838405e-01,0.000000000000000000e+00,7.499999999999999722e-02,0.000000000000000000e+00,-5.500000000000000028e-02,3.900000000000000133e-01,1.950000000000000067e-01,5.999999999999999778e-02,7.299999999999999822e-01,-8.000000000000000167e-02,5.000000000000000278e-02,-4.000000000000000083e-02,1.000000000000000888e-02,-2.449999999999999956e-01,5.999999999999999778e-02,7.299999999999999822e-01,-8.000000000000000167e-02,-5.000000000000000278e-02,4.000000000000000083e-02
6.860000,-5.599805332508837052e-01,0.000000000000000000e+00,7.594907452582463359e-01,9.999218760172473575e-01,0.000000000000000000e+00,-1.249967448170978719e-02,0.000000000000000000e+00,-4.389114366983845050e-01,0.000000000000000000e+00,0.000000000000000000e+00,6.122965610804538272e-01,-1.793851243820692720e-01,0.000000000000000000e+00,-4.572807453506851916e-01,0.000000000000000000e+00,0.000000000000000000e+00,9.309582704874057590e-01,-1.296775251367205950e-01,0.000000000000000000e+00,7.499999999999999722e-02,0.000000000000000000e+00,-5.500000000000000028e-02,3.900000000000000133e-01,1.950000000000000067e-01,5.999999999999999778e-02,7.299999999999999822e-01,-8.000000000000000167e-02,5.000000000000000278e-02,-4.000000000000000083e-02,1.000000000000000888e-02,-2.449999999999999956e-01,5.999999999999999778e-02,7.299999999999999822e-01,-8.000000000000000167e-02,-5.000000000000000278e-02,4.000000000000000083e-02
6.870000,-5.599975115231674572e-01,0.000000000000000000e+00,7.594907452582463359e-01,9.999218760172473575e-01,0.000000000000000000e+00,-1.249967448170978719e-02,0.000000000000000000e+00,-4.389278744995085413e-01,0.000000000000000000e+00,0.000000000000000000e+00,6.122711530453883721e-01,-1.793432785458797807e-01,0.000000000000000000e+00,-4.572496005536993979e-01,0.000000000000000000e+00,0.000000000000000000e+00,9.309582729856787919e-01,-1.297086724319793660e-01,0.000000000000000000e+00,7.499999999999999722e-02,0.000000000000000000e+00,-5.500000000000000028e-02,3.900000000000000133e-01,1.950000000000000067e-01,5.999999999999999778e-02,7.299999999999999822e-01,-8.000000000000000167e-02,5.000000000000000278e-02,-4.000000000000000083e-02,1.000000000000000888e-02,-2.449999999999999956e-01,5.999999999999999778e-02,7.299999999999999822e-01,-8.000000000000000167e-02,-5.000000000000000278e-02,4.000000000000000083e-02
6.880000,-5.600000000000000533e-01,0.000000000000000000e+00,7.594907452582463359e-01,9.999218760172473575e-01,0.000000000000000000e+00,-1.249967448170978719e-02,0.000000000000000000e+00,-4.389302834803131548e-01,0.000000000000000000e+00,0.000000000000000000e+00,6.122674285019926721e-01,-1.793371450216794671e-01,0.000000000000000000e+00,-4.572450355541489708e-01,0.000000000000000000e+00,0.000000000000000000e+00,9.309582730271812601e-01,-1.297132374730323168e-01,0.000000000000000000e+00,7.499999999999999722e-02,0.000000000000000000e+00,-5.500000000000000028e-02,3.900000000000000133e-01,1.950000000000000067e-01,5.999999999999999778e-02,7.299999999999999822e-01,-8.000000000000000167e-02,5.000000000000000278e-02,-4.000000000000000083e-02,1.000000000000000888e-02,-2.449999999999999956e-01,5.999999999999999778e-02,7.299999999999999822e-01,-8.000000000000000167e-02,-5.000000000000000278e-02,4.000000000000000083e-02
6.890000,-5.600000000000000533e-01,0.000000000000000000e+00,7.594907452582463359e-01,9.999218760172473575e-01,0.000000000000000000e+00,-1.249967448170978893e-02,0.000000000000000000e+00,-4.390804342711054908e-01,0.000000000000000000e+00,0.000000000000000000e+00,6.125601608211004301e-01,-1.791730302239863404e-01,0.000000000000000000e+00,-4.571478197237122121e-01,0.000000000000000000e+00,0.000000000000000000e+00,9.307597666172332529e-01,-1.299186432195295060e-01,0.000000000000000000e+00,7.486855871742489899e-02,0.000000000000000000e+00,-5.500000000000000028e-02,3.896670154174763923e-01,1.950438137608583589e-01,5.989484697393991641e-02,7.299999999999999822e-01,-7.985979596525323576e-02,4.991237247828327062e-02,-3.992989798262661788e-02,1.033298458252360219e-02,-2.449561862391416434e-01,5.989484697393991641e-02,7.299999999999999822e-01,-7.985979596525323576e-02,-4.991237247828327062e-02,3.992989798262661788e-02
6.900000,-5.600000000000000533e-01,0.000000000000000000e+00,7.594907452582463359e-01,9.999218760172473575e-01,0.000000000000000000e+00,-1.249967448170978719e-02,0.000000000000000000e+00,-4.400469144582833669e-01,0.000000000000000000e+00,0.000000000000000000e+00,6.144442444736550879e-01,-1.781132709284985460e-01,0.000000000000000000e+00,-4.565205734815258043e-01,0.000000000000000000e+00,0.000000000000000000e+00,9.294789934044834778e-01,-1.312424790098307703e-01,0.000000000000000000e+00,7.402111753419722551e-02,0.000000000000000000e+00,-5.500000000000000028e-02,3.875201644199662843e-01,1.953262941552675880e-01,5.921689402735777485e-02,7.299999999999999822e-01,-7.895585870314369981e-02,4.934741168946481932e-02,-3.947792935157184990e-02,1.247983558003371019e-02,-2.446737058447324142e-01,5.921689402735777485e-02,7.299999999999999822e-01,-7.895585870314369981e-02,-4.934741168946481932e-02,3.947792935157184990e-02
6.910000,-5.600000000000000533e-01,0.000000000000000000e+00,7.594907452582463359e-01,9.999218760172473575e-01,0.000000000000000000e+00,-1.249967448170978372e-02,0.000000000000000000e+00,-4.424178516852238507e-01,0.000000000000000000e+00,0.000000000000000000e+00,6.190650755301327912e-01,-1.754886219113599433e-01,0.000000000000000000e+00,-4.549708333935084670e-01,0.000000000000000000e+00,0.000000000000000000e+00,9.263146550546835778e-01,-1.345024235947239744e-01,0.000000000000000000e+00,7.193202774276473421e-02,0.000000000000000000e+00,-5.500000000000000028e-02,3.822278036150040248e-01,1.960226574190784277e-01,5.754562219421179015e-02,7.299999999999999822e-01,-7.672749625894904890e-02,4.795468516184316077e-02,-3.836374812947452445e-02,1.777219638499599741e-02,-2.439773425809215746e-01,5.754562219421179015e-02,7.299999999999999822e-01,-7.672749625894904890e-02,-4.795468516184316077e-02,3.836374812947452445e-02
6.920000,-5.600000000000000533e-01,0.000000000000000000e+00,7.594907452582463359e-01,9.999218760172473575e-01,0.000000000000000000e+00,-1.249967448170978893e-02,0.000000000000000000e+00,-4.465414642859332206e-01,0.000000000000000000e+00,0.000000000000000000e+00,6.270979094997065628e-01,-1.708396846845002814e-01,0.000000000000000000e+00,-4.522379090641443500e-01,0.000000000000000000e+00,0.000000000000000000e+00,9.207346850744899669e-01,-1.402135365396186550e-01,0.000000000000000000e+00,6.826424548745441134e-02,0.000000000000000000e+00,-5.500000000000000028e-02,3.729360885682178606e-01,1.972452515041818732e-01,5.461139638996353324e-02,7.299999999999999822e-01,-7.281519518661803969e-02,4.550949699163628348e-02,-3.640759759330901985e-02,2.706391143178216163e-02,-2.427547484958181290e-01,5.461139638996353324e-02,7.299999999999999822e-01,-7.281519518661803969e-02,-4.550949699163628348e-02,3.640759759330901985e-02
6.930000,-5.600000000000000533e-01,0.000000000000000000e+00,7.594907452582463359e-01,9.999218760172473575e-01,0.000000000000000000e+00,-1.249967448170978719e-02,0.000000000000000000e+00,-4.525430416359663699e-01,0.000000000000000000e+00,0.000000000000000000e+00,6.387802265039446148e-01,-1.638833947642229782e-01,0.000000000000000000e+00,-4.481738108468815707e-01,0.000000000000000000e+00,0.000000000000000000e+00,9.124373743636626788e-01,-1.486173536205362966e-01,0.000000000000000000e+00,6.284837566981919810e-02,0.000000000000000000e+00,-5.500000000000000028e-02,3.592158850302086259e-01,1.990505414433935971e-01,5.027870053585535570e-02,7.299999999999999822e-01,-6.703826738114047890e-02,4.189891711321280104e-02,-3.351913369057023945e-02,4.078411496979136852e-02,-2.409494585566064051e-01,5.027870053585535570e-02,7.299999999999999822e-01,-6.703826738114047890e-02,-4.189891711321280104e-02,3.351913369057023945e-02
6.940000,-5.600000000000000533e-01,0.000000000000000000e+00,7.594907452582463359e-01,9.999218760172473575e-01,0.000000000000000000e+00,-1.249967448170979066e-02,0.000000000000000000e+00,-4.603547469825725047e-01,0.000000000000000000e+00,0.000000000000000000e+00,6.539703082481421736e-01,-1.544928982581989518e-01,0.000000000000000000e+00,-4.427267079270645334e-01,0.000000000000000000e+00,0.000000000000000000e+00,9.013176028686243901e-01,-1.597135579489304957e-01,0.000000000000000000e+00,5.566171585398400901e-02,0.000000000000000000e+00,-5.500000000000000028e-02,3.410096801634261432e-01,2.014460947153386694e-01,4.452937268318720582e-02,7.299999999999999822e-01,-5.937249691091628367e-02,3.710781056932267730e-02,-2.968624845545814184e-02,5.899031983657385125e-02,-2.385539052846613328e-01,4.452937268318720582e-02,7.299999999999999822e-01,-5.937249691091628367e-02,-3.710781056932267730e-02,2.968624845545814184e-02
6.950000,-5.600000000000000533e-01,0.000000000000000000e+00,7.594907452582463359e-01,9.999218760172473575e-01,0.000000000000000000e+00,-1.249967448170979066e-02,0.000000000000000000e+00,-4.697568471940353207e-01,0.000000000000000000e+00,0.000000000000000000e+00,6.722292095173273418e-01,-1.426893960579475040e-01,0.000000000000000000e+00,-4.359273683983109771e-01,0.000000000000000000e+00,0.000000000000000000e+00,8.874390916626815340e-01,-1.732946895297149403e-01,0.000000000000000000e+00,4.680730017199524751e-02,0.000000000000000000e+00,-5.500000000000000028e-02,3.185784937690546714e-01,2.043975666093349186e-01,3.744584013759619939e-02,7.299999999999999822e-01,-4.992778685012826817e-02,3.120486678133016500e-02,-2.496389342506413409e-02,8.142150623094537853e-02,-2.356024333906650836e-01,3.744584013759619939e-02,7.299999999999999822e-01,-4.992778685012826817e-02,-3.120486678133016500e-02,2.496389342506413409e-02
6.960000,-5.600000000000000533e-01,0.000000000000000000e+00,7.594907452582463359e-01,9.999218760172473575e-01,0.000000000000000000e+00,-1.249967448170979066e-02,0.000000000000000000e+00,-4.804240926600561457e-01,0.000000000000000000e+00,0.000000000000000000e+00,6.929133397630125035e-01,-1.286394479710050165e-01,0.000000000000000000e+00,-4.278783866082755960e-01,0.000000000000000000e+00,0.000000000000000000e+00,8.710122882218825913e-01,-1.889837007455582585e-01,0.000000000000000000e+00,3.649294322916372263e-02,0.000000000000000000e+00,-5.500000000000000028e-02,2.924487895138814242e-01,2.078356855902787625e-01,2.919435458333097949e-02,7.299999999999999822e-01,-3.892580611110797034e-02,2.432862881944248407e-02,-1.946290305555398517e-02,1.075512104861185703e-01,-2.321643144097212397e-01,2.919435458333097949e-02,7.299999999999999822e-01,-3.892580611110797034e-02,-2.432862881944248407e-02,1.946290305555398517e-02
6.970000,-5.600000000000000533e-01,0.000000000000000000e+00,7.594907452582463359e-01,9.999218760172473575e-01,0.000000000000000000e+00,-1.249967448170979066e-02,0.000000000000000000e+00,-4.919700455099161873e-01,0.000000000000000000e+00,0.000000000000000000e+00,7.152629624177518908e-01,-1.126502462631343571e-01,0.000000000000000000e+00,-4.187456560232494795e-01,0.000000000000000000e+00,0.000000000000000000e+00,8.523767993129715004e-01,-2.062738139344232335e-01,0.000000000000000000e+00,2.501028400941373089e-02,0.000000000000000000e+00,-5.500000000000000028e-02,2.633593861571814632e-01,2.116632386635287633e-01,2.000822720753098194e-02,7.299999999999999822e-01,-2.667763627670798054e-02,1.667352267294248611e-02,-1.333881813835399027e-02,1.366406138428185590e-01,-2.283367613364712390e-01,2.000822720753098194e-02,7.299999999999999822e-01,-2.667763627670798054e-02,-1.667352267294248611e-02,1.333881813835399027e-02
6.980000,-5.600000000000000533e-01,0.000000000000000000e+00,7.594907452582463359e-01,9.999218760172473575e-01,0.000000000000000000e+00,-1.249967448170978546e-02,0.000000000000000000e+00,-5.039842985239226802e-01,0.000000000000000000e+00,0.000000000000000000e+00,7.384762634347361576e-01,-9.515756773227934673e-02,0.000000000000000000e+00,-4.087513255930471101e-01,0.000000000000000000e+00,0.000000000000000000e+00,8.319868407016463019e-01,-2.245699122871331888e-01,0.000000000000000000e+00,1.271382978062825242e-02,0.000000000000000000e+00,-5.500000000000000028e-02,2.322083687775916006e-01,2.157620567397905975e-01,1.017106382450260089e-02,7.299999999999999822e-01,-1.356141843267013626e-02,8.475886520418834946e-03,-6.780709216335068130e-03,1.677916312224084217e-01,-2.242379432602094047e-01,1.017106382450260089e-02,7.299999999999999822e-01,-1.356141843267013626e-02,-8.475886520418834946e-03,6.780709216335068130e-03
6.990000,-5.600000000000000533e-01,0.000000000000000000e+00,7.594907452582463359e-01,9.999218760172473575e-01,0.000000000000000000e+00,-1.249967448170978893e-02,0.000000000000000000e+00,-5.160606899815958215e-01,0.000000000000000000e+00,0.000000000000000000e+00,7.617650652719053506e-01,-7.670437529030948998e-02,0.000000000000000000e+00,-3.981672730538164395e-01,0.000000000000000000e+00,0.000000000000000000e+00,8.103977560555040149e-01,-2.432304830016874808e-01,0.000000000000000000e+00,2.498001805406601969e-17,0.000000000000000000e+00,-5.500000000000000028e-02,2.000000000000000666e-01,2.200000000000000011e-01,1.998401444325281699e-17,7.299999999999999822e-01,-2.664535259100375598e-17,1.665334536937735057e-17,-1.332267629550187799e-17,1.999999999999999556e-01,-2.200000000000000011e-01,1.998401444325281699e-17,7.299999999999999822e-01,-2.664535259100375598e-17,-1.665334536937735057e-17,1.332267629550187799e-17
7.000000,-5.600000000000000533e-01,0.000000000000000000e+00,7.594907452582463359e-01,9.999218760172473575e-01,0.000000000000000000e+00,-1.249967448170978546e-02,0.000000000000000000e+00,-5.278171587104456552e-01,0.000000000000000000e+00,0.000000000000000000e+00,7.843934284453362160e-01,-5.791066691342472428e-02,0.000000000000000000e+00,-3.873078834834132178e-01,0.000000000000000000e+00,0.000000000000000000e+00,7.882511555600199005e-01,-2.616088748980724965e-01,0.000000000000000000e+00,-1.271382978062821079e-02,0.000000000000000000e+00,-5.500000000000000028e-02,1.677916312224085327e-01,2.242379432602094047e-01,-1.017106382450256793e-02,7.299999999999999822e-01,1.356141843267009116e-02,-8.475886520418807191e-03,6.780709216335045579e-03,2.322083687775914895e-01,-2.157620567397905975e-01,-1.017106382450256793e-02,7.299999999999999822e-01,1.356141843267009116e-02,8.475886520418807191e-03,-6.780709216335045579e-03
7.010000,-5.600000000000000533e-01,0.000000000000000000e+00,7.594907452582463359e-01,9.999218760172473575e-01,0.000000000000000000e+00,-1.249967448170979066e-02,0.000000000000000000e+00,-5.389092168779018310e-01,0.000000000000000000e+00,0.000000000000000000e+00,8.057031068377217276e-01,-3.943656060452371825e-02,0.000000000000000000e+00,-3.765206374102799680e-01,0.000000000000000000e+00,0.000000000000000000e+00,7.662556423306811082e-01,-2.790923342756972403e-01,0.000000000000000000e+00,-2.501028400941263108e-02,0.000000000000000000e+00,-5.500000000000000028e-02,1.366406138428213346e-01,2.283367613364708781e-01,-2.000822720753010417e-02,7.299999999999999822e-01,2.667763627670680787e-02,-1.667352267294175405e-02,1.333881813835340394e-02,2.633593861571786876e-01,-2.116632386635291241e-01,-2.000822720753010417e-02,7.299999999999999822e-01,2.667763627670680787e-02,1.667352267294175405e-02,-1.333881813835340394e-02
7.020000,-5.600000000000000533e-01,0.000000000000000000e+00,7.594907452582463359e-01,9.999218760172473575e-01,0.000000000000000000e+00,-1.249967448170979066e-02,0.000000000000000000e+00,-5.490393423737287559e-01,0.000000000000000000e+00,0.000000000000000000e+00,8.251305046337852334e-01,-2.194096139200796269e-02,0.000000000000000000e+00,-3.661727688709879858e-01,0.000000000000000000e+00,0.000000000000000000e+00,7.451595931043781817e-01,-2.951370251014386881e-01,0.000000000000000000e+00,-3.649294322916366712e-02,0.000000000000000000e+00,-5.500000000000000028e-02,1.075512104861187229e-01,2.321643144097212119e-01,-2.919435458333093092e-02,7.299999999999999822e-01,3.892580611110790789e-02,-2.432862881944244590e-02,1.946290305555395395e-02,2.924487895138813132e-01,-2.078356855902787903e-01,-2.919435458333093092e-02,7.299999999999999822e-01,3.892580611110790789e-02,2.432862881944244590e-02,-1.946290305555395395e-02
7.030000,-5.600000000000000533e-01,0.000000000000000000e+00,7.594907452582463359e-01,9.999218760172473575e-01,0.000000000000000000e+00,-1.249967448170979066e-02,0.000000000000000000e+00,-5.579643570417988085e-01,0.000000000000000000e+00,0.000000000000000000e+00,8.422193333077165889e-01,-6.037942531262219248e-03,0.000000000000000000e+00,-3.566322309969021664e-01,0.000000000000000000e+00,0.000000000000000000e+00,7.257124074233025635e-01,-3.092972101610558244e-01,0.000000000000000000e+00,-4.680730017199519893e-02,0.000000000000000000e+00,-5.500000000000000028e-02,8.142150623094550344e-02,2.356024333906650559e-01,-3.744584013759615776e-02,7.299999999999999822e-01,4.992778685012821266e-02,-3.120486678133013378e-02,2.496389342506410633e-02,3.185784937690545049e-01,-2.043975666093349464e-01,-3.744584013759615776e-02,7.299999999999999822e-01,4.992778685012821266e-02,3.120486678133013378e-02,-2.496389342506410633e-02
7.040000,-5.600000000000000533e-01,0.000000000000000000e+00,7.594907452582463359e-01,9.999218760172473575e-01,0.000000000000000000e+00,-1.249967448170979066e-02,0.000000000000000000e+00,-5.655024353517464908e-01,0.000000000000000000e+00,0.000000000000000000e+00,8.566323431539826228e-01,7.747429190393173570e-03,0.000000000000000000e+00,-3.482416812646275117e-01,0.000000000000000000e+00,0.000000000000000000e+00,7.086115986315982829e-01,-3.212472543595999985e-01,0.000000000000000000e+00,-5.566171585398397431e-02,0.000000000000000000e+00,-5.500000000000000028e-02,5.899031983657393452e-02,2.385539052846613328e-01,-4.452937268318717806e-02,7.299999999999999822e-01,5.937249691091624204e-02,-3.710781056932265648e-02,2.968624845545812102e-02,3.410096801634260877e-01,-2.014460947153386694e-01,-4.452937268318717806e-02,7.299999999999999822e-01,5.937249691091624204e-02,3.710781056932265648e-02,-2.968624845545812102e-02
7.050000,-5.600000000000000533e-01,0.000000000000000000e+00,7.594907452582463359e-01,9.999218760172473575e-01,0.000000000000000000e+00,-1.249967448170978893e-02,0.000000000000000000e+00,-5.715409891786064067e-01,0.000000000000000000e+00,0.000000000000000000e+00,8.681647249702648672e-01,1.902247410458512977e-02,0.000000000000000000e+00,-3.412854391595505077e-01,0.000000000000000000e+00,0.000000000000000000e+00,6.944356171227248353e-01,-3.307963878594178397e-01,0.000000000000000000e+00,-6.284837566981867074e-02,0.000000000000000000e+00,-5.500000000000000028e-02,4.078411496979270079e-02,2.409494585566062386e-01,-5.027870053585493937e-02,7.299999999999999822e-01,6.703826738113992378e-02,-4.189891711321245410e-02,3.351913369056996189e-02,3.592158850302072937e-01,-1.990505414433937637e-01,-5.027870053585493937e-02,7.299999999999999822e-01,6.703826738113992378e-02,4.189891711321245410e-02,-3.351913369056996189e-02
7.060000,-5.600000000000000533e-01,0.000000000000000000e+00,7.594907452582463359e-01,9.999218760172473575e-01,0.000000000000000000e+00,-1.249967448170978893e-02,0.000000000000000000e+00,-5.760463708085723500e-01,0.000000000000000000e+00,0.000000000000000000e+00,8.767611849147344261e-01,2.756842536456505233e-02,0.000000000000000000e+00,-3.359513882616328440e-01,0.000000000000000000e+00,0.000000000000000000e+00,6.835663976263959274e-01,-3.378982488354901337e-01,0.000000000000000000e+00,-6.826424548745448073e-02,0.000000000000000000e+00,-5.500000000000000028e-02,2.706391143178199510e-02,2.427547484958181567e-01,-5.461139638996358181e-02,7.299999999999999822e-01,7.281519518661812296e-02,-4.550949699163632511e-02,3.640759759330906148e-02,3.729360885682180271e-01,-1.972452515041818455e-01,-5.461139638996358181e-02,7.299999999999999822e-01,7.281519518661812296e-02,4.550949699163632511e-02,-3.640759759330906148e-02
7.070000,-5.600000000000000533e-01,0.000000000000000000e+00,7.594907452582463359e-01,9.999218760172473575e-01,0.000000000000000000e+00,-1.249967448170978372e-02,0.000000000000000000e+00,-5.790761134808068977e-01,0.000000000000000000e+00,0.000000000000000000e+00,8.825382524842321219e-01,3.337925906302574575e-02,0.000000000000000000e+00,-3.322920365179087288e-01,0.000000000000000000e+00,0.000000000000000000e+00,6.761101783029564993e-01,-3.426595398514986623e-01,0.000000000000000000e+00,-7.193202774276467870e-02,0.000000000000000000e+00,-5.500000000000000028e-02,1.777219638499613619e-02,2.439773425809215746e-01,-5.754562219421174851e-02,7.299999999999999822e-01,7.672749625894900727e-02,-4.795468516184312607e-02,3.836374812947450363e-02,3.822278036150038583e-01,-1.960226574190784277e-01,-5.754562219421174851e-02,7.299999999999999822e-01,7.672749625894900727e-02,4.795468516184312607e-02,-3.836374812947450363e-02
7.080000,-5.600000000000000533e-01,0.000000000000000000e+00,7.594907452582463359e-01,9.999218760172473575e-01,0.000000000000000000e+00,-1.249967448170978719e-02,0.000000000000000000e+00,-5.807942128607039844e-01,0.000000000000000000e+00,0.000000000000000000e+00,8.858129313378224623e-01,3.669722243600825884e-02,0.000000000000000000e+00,-3.301902185875009166e-01,0.000000000000000000e+00,0.000000000000000000e+00,6.718277237243837074e-01,-3.453534460500095049e-01,0.000000000000000000e+00,-7.402111753419718387e-02,0.000000000000000000e+00,-5.500000000000000028e-02,1.247983558003379345e-02,2.446737058447324142e-01,-5.921689402735774710e-02,7.299999999999999822e-01,7.895585870314367205e-02,-4.934741168946479850e-02,3.947792935157183603e-02,3.875201644199662288e-01,-1.953262941552675880e-01,-5.921689402735774710e-02,7.299999999999999822e-01,7.895585870314367205e-02,4.934741168946479850e-02,-3.947792935157183603e-02
7.090000,-5.600000000000000533e-01,0.000000000000000000e+00,7.594907452582463359e-01,9.999218760172473575e-01,0.000000000000000000e+00,-1.249967448170978893e-02,0.000000000000000000e+00,-5.814896126296316137e-01,0.000000000000000000e+00,0.000000000000000000e+00,8.871380738232482743e-01,3.804484248037487415e-02,0.000000000000000000e+00,-3.293339138727117699e-01,0.000000000000000000e+00,0.000000000000000000e+00,6.700830370865884511e-01,-3.464424268878681934e-01,0.000000000000000000e+00,-7.486855871742495450e-02,0.000000000000000000e+00,-5.500000000000000028e-02,1.033298458252343566e-02,2.449561862391416711e-01,-5.989484697393996498e-02,7.299999999999999822e-01,7.985979596525329127e-02,-4.991237247828331225e-02,3.992989798262664564e-02,3.896670154174766143e-01,-1.950438137608583311e-01,-5.989484697393996498e-02,7.299999999999999822e-01,7.985979596525329127e-02,4.991237247828331225e-02,-3.992989798262664564e-02
7.100000,-5.600000000000000533e-01,0.000000000000000000e+00,7.594907452582463359e-01,9.999218760172473575e-01,0.000000000000000000e+00,-1.249967448170978719e-02,0.000000000000000000e+00,-5.815973920929660146e-01,0.000000000000000000e+00,0.000000000000000000e+00,8.873434420555956770e-01,3.825395003737042110e-02,0.000000000000000000e+00,-3.292009047033100932e-01,0.000000000000000000e+00,0.000000000000000000e+00,6.698120380008112384e-01,-3.466111332975010950e-01,0.000000000000000000e+00,-7.499999999999999722e-02,0.000000000000000000e+00,-5.500000000000000028e-02,1.000000000000000888e-02,2.449999999999999956e-01,-5.999999999999999778e-02,7.299999999999999822e-01,8.000000000000000167e-02,-5.000000000000000278e-02,4.000000000000000083e-02,3.900000000000000133e-01,-1.950000000000000067e-01,-5.999999999999999778e-02,7.299999999999999822e-01,8.000000000000000167e-02,5.000000000000000278e-02,-4.000000000000000083e-02
7.110000,-5.600024884768325384e-01,0.000000000000000000e+00,7.594907452582463359e-01,9.999218760172473575e-01,0.000000000000000000e+00,-1.249967448170978719e-02,0.000000000000000000e+00,-5.815942758976453408e-01,0.000000000000000000e+00,0.000000000000000000e+00,8.873462026926685065e-01,3.824807320497691787e-02,0.000000000000000000e+00,-3.292052240605706781e-01,0.000000000000000000e+00,0.000000000000000000e+00,6.698120379471855790e-01,-3.466068138866148507e-01,0.000000000000000000e+00,-7.499999999999999722e-02,0.000000000000000000e+00,-5.500000000000000028e-02,1.000000000000000888e-02,2.449999999999999956e-01,-5.999999999999999778e-02,7.299999999999999822e-01,8.000000000000000167e-02,-5.000000000000000278e-02,4.000000000000000083e-02,3.900000000000000133e-01,-1.950000000000000067e-01,-5.999999999999999778e-02,7.299999999999999822e-01,8.000000000000000167e-02,5.000000000000000278e-02,-4.000000000000000083e-02
7.120000,-5.600194667491162903e-01,0.000000000000000000e+00,7.594907452582463359e-01,9.999218760172473575e-01,0.000000000000000000e+00,-1.249967448170978719e-02,0.000000000000000000e+00,-5.815730134934538054e-01,0.000000000000000000e+00,0.000000000000000000e+00,8.873650353908423272e-01,3.820797810261156169e-02,0.000000000000000000e+00,-3.292346925799871649e-01,0.000000000000000000e+00,0.000000000000000000e+00,6.698120347191391932e-01,-3.465773421391519782e-01,0.000000000000000000e+00,-7.499999999999999722e-02,0.000000000000000000e+00,-5.500000000000000028e-02,1.000000000000000888e-02,2.449999999999999956e-01,-5.999999999999999778e-02,7.299999999999999822e-01,8.000000000000000167e-02,-5.000000000000000278e-02,4.000000000000000083e-02,3.900000000000000133e-01,-1.950000000000000067e-01,-5.999999999999999778e-02,7.299999999999999822e-01,8.000000000000000167e-02,5.000000000000000278e-02,-4.000000000000000083e-02
7.130000,-5.600642295095562551e-01,0.000000000000000000e+00,7.594907452582463359e-01,9.999218760172473575e-01,0.000000000000000000e+00,-1.249967448170978719e-02,0.000000000000000000e+00,-5.815169443517200776e-01,0.000000000000000000e+00,0.000000000000000000e+00,8.874146667495655949e-01,3.810227760215456616e-02,0.000000000000000000e+00,-3.293123737956390462e-01,0.000000000000000000e+00,0.000000000000000000e+00,6.698120022753756286e-01,-3.464996284797365322e-01,0.000000000000000000e+00,-7.499999999999999722e-02,0.000000000000000000e+00,-5.500000000000000028e-02,1.000000000000000888e-02,2.449999999999999956e-01,-5.999999999999999778e-02,7.299999999999999822e-01,8.000000000000000167e-02,-5.000000000000000278e-02,4.000000000000000083e-02,3.900000000000000133e-01,-1.950000000000000067e-01,-5.999999999999999778e-02,7.299999999999999822e-01,8.000000000000000167e-02,5.000000000000000278e-02,-4.000000000000000083e-02
7.140000,-5.601488037175574863e-01,0.000000000000000000e+00,7.594907452582463359e-01,9.999218760172473575e-01,0.000000000000000000e+00,-1.249967448170978719e-02,0.000000000000000000e+00,-5.814109629645303201e-01,0.000000000000000000e+00,0.000000000000000000e+00,8.875083583185455760e-01,3.790260464598482759e-02,0.000000000000000000e+00,-3.294590972303295118e-01,0.000000000000000000e+00,0.000000000000000000e+00,6.698118462505666670e-01,-3.463527490202371051e-01,0.000000000000000000e+00,-7.499999999999999722e-02,0.000000000000000000e+00,-5.500000000000000028e-02,1.000000000000000888e-02,2.449999999999999956e-01,-5.999999999999999778e-02,7.299999999999999822e-01,8.000000000000000167e-02,-5.000000000000000278e-02,4.000000000000000083e-02,3.900000000000000133e-01,-1.950000000000000067e-01,-5.999999999999999778e-02,7.299999999999999822e-01,8.000000000000000167e-02,5.000000000000000278e-02,-4.000000000000000083e-02
7.150000,-5.602839882158908713e-01,0.000000000000000000e+00,7.594907452582463359e-01,9.999218760172473575e-01,0.000000000000000000e+00,-1.249967448170978719e-02,0.000000000000000000e+00,-5.812414386693649515e-01,0.000000000000000000e+00,0.000000000000000000e+00,8.876578953526111926e-01,3.758354331675384241e-02,0.000000000000000000e+00,-3.296934955548904145e-01,0.000000000000000000e+00,0.000000000000000000e+00,6.698113395929130576e-01,-3.461178440380225929e-01,0.000000000000000000e+00,-7.499999999999999722e-02,0.000000000000000000e+00,-5.500000000000000028e-02,1.000000000000000888e-02,2.449999999999999956e-01,-5.999999999999999778e-02,7.299999999999999822e-01,8.000000000000000167e-02,-5.000000000000000278e-02,4.000000000000000083e-02,3.900000000000000133e-01,-1.950000000000000067e-01,-5.999999999999999778e-02,7.299999999999999822e-01,8.000000000000000167e-02,5.000000000000000278e-02,-4.000000000000000083e-02
7.160000,-5.604793933473583012e-01,0.000000000000000000e+00,7.594907452582463359e-01,9.999218760172473575e-01,0.000000000000000000e+00,-1.249967448170978719e-02,0.000000000000000000e+00,-5.809961306243787149e-01,0.000000000000000000e+00,0.000000000000000000e+00,8.878735667702671863e-01,3.712256385411161208e-02,0.000000000000000000e+00,-3.300320366216808465e-01,0.000000000000000000e+00,0.000000000000000000e+00,6.698100478184937367e-01,-3.457780111968128400e-01,0.000000000000000000e+00,-7.499999999999999722e-02,0.000000000000000000e+00,-5.500000000000000028e-02,1.000000000000000888e-02,2.449999999999999956e-01,-5.999999999999999778e-02,7.299999999999999822e-01,8.000000000000000167e-02,-5.000000000000000278e-02,4.000000000000000083e-02,3.900000000000000133e-01,-1.950000000000000067e-01,-5.999999999999999778e-02,7.299999999999999822e-01,8.000000000000000167e-02,5.000000000000000278e-02,-4.000000000000000083e-02
7.170000,-5.607434805714590631e-01,0.000000000000000000e+00,7.594907452582463359e-01,9.999218760172473575e-01,0.000000000000000000e+00,-1.249967448170978719e-02,0.000000000000000000e+00,-5.806641014730284933e-01,0.000000000000000000e+00,0.000000000000000000e+00,8.881641426664427241e-01,3.649995880658585268e-02,0.000000000000000000e+00,-3.304890539194814680e-01,0.000000000000000000e+00,0.000000000000000000e+00,6.698072511612414015e-01,-3.453181972417598833e-01,0.000000000000000000e+00,-7.499999999999999722e-02,0.000000000000000000e+00,-5.500000000000000028e-02,1.000000000000000888e-02,2.449999999999999956e-01,-5.999999999999999778e-02,7.299999999999999822e-01,8.000000000000000167e-02,-5.000000000000000278e-02,4.000000000000000083e-02,3.900000000000000133e-01,-1.950000000000000067e-01,-5.999999999999999778e-02,7.299999999999999822e-01,8.000000000000000167e-02,5.000000000000000278e-02,-4.000000000000000083e-02
7.180000,-5.610836020810546776e-01,0.000000000000000000e+00,7.594907452582463359e-01,9.999218760172473575e-01,0.000000000000000000e+00,-1.249967448170978719e-02,0.000000000000000000e+00,-5.802356326564972466e-01,0.000000000000000000e+00,0.000000000000000000e+00,8.885368546747743901e-01,3.569877798172294003e-02,0.000000000000000000e+00,-3.310767783769870132e-01,0.000000000000000000e+00,0.000000000000000000e+00,6.698018696443901465e-01,-3.447250912674030832e-01,0.000000000000000000e+00,-7.499999999999999722e-02,0.000000000000000000e+00,-5.500000000000000028e-02,1.000000000000000888e-02,2.449999999999999956e-01,-5.999999999999999778e-02,7.299999999999999822e-01,8.000000000000000167e-02,-5.000000000000000278e-02,4.000000000000000083e-02,3.900000000000000133e-01,-1.950000000000000067e-01,-5.999999999999999778e-02,7.299999999999999822e-01,8.000000000000000167e-02,5.000000000000000278e-02,-4.000000000000000083e-02
7.190000,-5.615060404190352905e-01,0.000000000000000000e+00,7.594907452582463359e-01,9.999218760172473575e-01,0.000000000000000000e+00,-1.249967448170978719e-02,0.000000000000000000e+00,-5.797021437872919014e-01,0.000000000000000000e+00,0.000000000000000000e+00,8.889973834885394055e-01,3.470476029875246837e-02,0.000000000000000000e+00,-3.318053738742817727e-01,0.000000000000000000e+00,0.000000000000000000e+00,6.697923959444573860e-01,-3.439870220701755632e-01,0.000000000000000000e+00,-7.499999999999999722e-02,0.000000000000000000e+00,-5.500000000000000028e-02,1.000000000000000888e-02,2.449999999999999956e-01,-5.999999999999999778e-02,7.299999999999999822e-01,8.000000000000000167e-02,-5.000000000000000278e-02,4.000000000000000083e-02,3.900000000000000133e-01,-1.950000000000000067e-01,-5.999999999999999778e-02,7.299999999999999822e-01,8.000000000000000167e-02,5.000000000000000278e-02,-4.000000000000000083e-02
7.200000,-5.620160480949842885e-01,0.000000000000000000e+00,7.594907452582463359e-01,9.999218760172473575e-01,0.000000000000000000e+00,-1.249967448170978719e-02,0.000000000000000000e+00,-5.790561179847831808e-01,0.000000000000000000e+00,0.000000000000000000e+00,8.895498569276448775e-01,3.350626105713827574e-02,0.000000000000000000e+00,-3.326829783047010047e-01,0.000000000000000000e+00,0.000000000000000000e+00,6.697768398587365946e-01,-3.430938615540355396e-01,0.000000000000000000e+00,-7.499999999999999722e-02,0.000000000000000000e+00,-5.500000000000000028e-02,1.000000000000000888e-02,2.449999999999999956e-01,-5.999999999999999778e-02,7.299999999999999822e-01,8.000000000000000167e-02,-5.000000000000000278e-02,4.000000000000000083e-02,3.900000000000000133e-01,-1.950000000000000067e-01,-5.999999999999999778e-02,7.299999999999999822e-01,8.000000000000000167e-02,5.000000000000000278e-02,-4.000000000000000083e-02
7.210000,-5.626178872018450239e-01,0.000000000000000000e+00,7.594907452582463359e-01,9.999218760172473575e-01,0.000000000000000000e+00,-1.249967448170978719e-02,0.000000000000000000e+00,-5.782910345925613704e-01,0.000000000000000000e+00,0.000000000000000000e+00,8.901968610802861726e-01,3.209417351227528137e-02,0.000000000000000000e+00,-3.337157515615511438e-01,0.000000000000000000e+00,0.000000000000000000e+00,6.697526872187722358e-01,-3.420369356572210418e-01,0.000000000000000000e+00,-7.499999999999999722e-02,0.000000000000000000e+00,-5.500000000000000028e-02,1.000000000000000888e-02,2.449999999999999956e-01,-5.999999999999999778e-02,7.299999999999999822e-01,8.000000000000000167e-02,-5.000000000000000278e-02,4.000000000000000083e-02,3.900000000000000133e-01,-1.950000000000000067e-01,-5.999999999999999778e-02,7.299999999999999822e-01,8.000000000000000167e-02,5.000000000000000278e-02,-4.000000000000000083e-02
7.220000,-5.633148690325857633e-01,0.000000000000000000e+00,7.594907452582463359e-01,9.999218760172473575e-01,0.000000000000000000e+00,-1.249967448170978719e-02,0.000000000000000000e+00,-5.774013102491177829e-01,0.000000000000000000e+00,0.000000000000000000e+00,8.909394662526652908e-01,3.046184399645257557e-02,0.000000000000000000e+00,-3.349079314036052524e-01,0.000000000000000000e+00,0.000000000000000000e+00,6.697168752132325320e-01,-3.408089438096272294e-01,0.000000000000000000e+00,-7.499999999999999722e-02,0.000000000000000000e+00,-5.500000000000000028e-02,1.000000000000000888e-02,2.449999999999999956e-01,-5.999999999999999778e-02,7.299999999999999822e-01,8.000000000000000167e-02,-5.000000000000000278e-02,4.000000000000000083e-02,3.900000000000000133e-01,-1.950000000000000067e-01,-5.999999999999999778e-02,7.299999999999999822e-01,8.000000000000000167e-02,5.000000000000000278e-02,-4.000000000000000083e-02
7.230000,-5.641093936968654132e-01,0.000000000000000000e+00,7.594907452582463359e-01,9.999218760172473575e-01,0.000000000000000000e+00,-1.249967448170978719e-02,0.000000000000000000e+00,-5.763822488693155499e-01,0.000000000000000000e+00,0.000000000000000000e+00,8.917772687307177204e-01,2.860498013859791300e-02,0.000000000000000000e+00,-3.362618977783506935e-01,0.000000000000000000e+00,0.000000000000000000e+00,6.696657852923245668e-01,-3.394038875139738232e-01,0.000000000000000000e+00,-7.499999999999999722e-02,0.000000000000000000e+00,-5.500000000000000028e-02,1.000000000000000888e-02,2.449999999999999956e-01,-5.999999999999999778e-02,7.299999999999999822e-01,8.000000000000000167e-02,-5.000000000000000278e-02,4.000000000000000083e-02,3.900000000000000133e-01,-1.950000000000000067e-01,-5.999999999999999778e-02,7.299999999999999822e-01,8.000000000000000167e-02,5.000000000000000278e-02,-4.000000000000000083e-02
7.240000,-5.650029897376990240e-01,0.000000000000000000e+00,7.594907452582463359e-01,9.999218760172473575e-01,0.000000000000000000e+00,-1.249967448170978719e-02,0.000000000000000000e+00,-5.752300007167895357e-01,0.000000000000000000e+00,0.000000000000000000e+00,8.927084486971678112e-01,2.652155201962169695e-02,0.000000000000000000e+00,-3.377782458510297237e-01,0.000000000000000000e+00,0.000000000000000000e+00,6.695952541212875087e-01,-3.378170082702577348e-01,0.000000000000000000e+00,-7.499999999999999722e-02,0.000000000000000000e+00,-5.500000000000000028e-02,1.000000000000000888e-02,2.449999999999999956e-01,-5.999999999999999778e-02,7.299999999999999822e-01,8.000000000000000167e-02,-5.000000000000000278e-02,4.000000000000000083e-02,3.900000000000000133e-01,-1.950000000000000067e-01,-5.999999999999999778e-02,7.299999999999999822e-01,8.000000000000000167e-02,5.000000000000000278e-02,-4.000000000000000083e-02
7.250000,-5.659963537481240703e-01,0.000000000000000000e+00,7.594907452582463359e-01,9.999218760172473575e-01,0.000000000000000000e+00,-1.249967448170978719e-02,0.000000000000000000e+00,-5.739415304093260506e-01,0.000000000000000000e+00,0.000000000000000000e+00,8.937298440586993742e-01,2.421168635062675989e-02,0.000000000000000000e+00,-3.394558676989659629e-01,0.000000000000000000e+00,0.000000000000000000e+00,6.695006024315525162e-01,-3.360447347325865031e-01,0.000000000000000000e+00,-7.499999999999999722e-02,0.000000000000000000e+00,-5.500000000000000028e-02,1.000000000000000888e-02,2.449999999999999956e-01,-5.999999999999999778e-02,7.299999999999999822e-01,8.000000000000000167e-02,-5.000000000000000278e-02,4.000000000000000083e-02,3.900000000000000133e-01,-1.950000000000000067e-01,-5.999999999999999778e-02,7.299999999999999822e-01,8.000000000000000167e-02,5.000000000000000278e-02,-4.000000000000000083e-02
7.260000,-5.670893899878650668e-01,0.000000000000000000e+00,7.594907452582463359e-01,9.999218760172473575e-01,0.000000000000000000e+00,-1.249967448170978719e-02,0.000000000000000000e+00,-5.725145934027624506e-01,0.000000000000000000e+00,0.000000000000000000e+00,8.948370394244778980e-01,2.167755397828463604e-02,0.000000000000000000e+00,-3.412920423828051941e-01,0.000000000000000000e+00,0.000000000000000000e+00,6.693766810836232484e-01,-3.340846387008180041e-01,0.000000000000000000e+00,-7.499999999999999722e-02,0.000000000000000000e+00,-5.500000000000000028e-02,1.000000000000000888e-02,2.449999999999999956e-01,-5.999999999999999778e-02,7.299999999999999822e-01,8.000000000000000167e-02,-5.000000000000000278e-02,4.000000000000000083e-02,3.900000000000000133e-01,-1.950000000000000067e-01,-5.999999999999999778e-02,7.299999999999999822e-01,8.000000000000000167e-02,5.000000000000000278e-02,-4.000000000000000083e-02
7.270000,-5.682812500000001821e-01,0.000000000000000000e+00,7.594907452582463359e-01,9.999218760172473575e-01,0.000000000000000000e+00,-1.249967448170978719e-02,0.000000000000000000e+00,-5.709477202457836631e-01,0.000000000000000000e+00,0.000000000000000000e+00,8.960244690406802270e-01,1.892325120510340852e-02,0.000000000000000000e+00,-3.432825338973307661e-01,0.000000000000000000e+00,0.000000000000000000e+00,6.692179332040106843e-01,-3.319353993066798680e-01,0.000000000000000000e+00,-7.499999999999999722e-02,0.000000000000000000e+00,-5.500000000000000028e-02,1.000000000000000888e-02,2.449999999999999956e-01,-5.999999999999999778e-02,7.299999999999999822e-01,8.000000000000000167e-02,-5.000000000000000278e-02,4.000000000000000083e-02,3.900000000000000133e-01,-1.950000000000000067e-01,-5.999999999999999778e-02,7.299999999999999822e-01,8.000000000000000167e-02,5.000000000000000278e-02,-4.000000000000000083e-02
7.280000,-5.695703722276258540e-01,0.000000000000000000e+00,7.594907452582463359e-01,9.999218760172473575e-01,0.000000000000000000e+00,-1.249967448170978719e-02,0.000000000000000000e+00,-5.692402076892519869e-01,0.000000000000000000e+00,0.000000000000000000e+00,8.972855321268301543e-01,1.595467556242191609e-02,0.000000000000000000e+00,-3.454216963323563649e-01,0.000000000000000000e+00,0.000000000000000000e+00,6.690184708871346198e-01,-3.295967745547782046e-01,0.000000000000000000e+00,-7.499999999999999722e-02,0.000000000000000000e+00,-5.500000000000000028e-02,1.000000000000000888e-02,2.449999999999999956e-01,-5.999999999999999778e-02,7.299999999999999822e-01,8.000000000000000167e-02,-5.000000000000000278e-02,4.000000000000000083e-02,3.900000000000000133e-01,-1.950000000000000067e-01,-5.999999999999999778e-02,7.299999999999999822e-01,8.000000000000000167e-02,5.000000000000000278e-02,-4.000000000000000083e-02
7.290000,-5.709545216305235149e-01,0.000000000000000000e+00,7.594907452582463359e-01,9.999218760172473575e-01,0.000000000000000000e+00,-1.249967448170978719e-02,0.000000000000000000e+00,-5.673921155695489382e-01,0.000000000000000000e+00,0.000000000000000000e+00,8.986127187778444325e-01,1.277939679170458920e-02,0.000000000000000000e+00,-3.477025854365497493e-01,0.000000000000000000e+00,0.000000000000000000e+00,6.687721646587195812e-01,-3.270695792221697817e-01,0.000000000000000000e+00,-7.499999999999999722e-02,0.000000000000000000e+00,-5.500000000000000028e-02,1.000000000000000888e-02,2.449999999999999956e-01,-5.999999999999999778e-02,7.299999999999999822e-01,8.000000000000000167e-02,-5.000000000000000278e-02,4.000000000000000083e-02,3.900000000000000133e-01,-1.950000000000000067e-01,-5.999999999999999778e-02,7.299999999999999822e-01,8.000000000000000167e-02,5.000000000000000278e-02,-4.000000000000000083e-02
7.300000,-5.724308293018240956e-01,0.000000000000000000e+00,7.594907452582463359e-01,9.999218760172473575e-01,0.000000000000000000e+00,-1.249967448170978719e-02,0.000000000000000000e+00,-5.654042682650374241e-01,0.000000000000000000e+00,0.000000000000000000e+00,8.999977443883919737e-01,9.406523876645422888e-03,0.000000000000000000e+00,-3.501170756712297938e-01,0.000000000000000000e+00,0.000000000000000000e+00,6.684727436754399621e-01,-3.243556680042101181e-01,0.000000000000000000e+00,-7.499999999999999722e-02,0.000000000000000000e+00,-5.500000000000000028e-02,1.000000000000000888e-02,2.449999999999999956e-01,-5.999999999999999778e-02,7.299999999999999822e-01,8.000000000000000167e-02,-5.000000000000000278e-02,4.000000000000000083e-02,3.900000000000000133e-01,-1.950000000000000067e-01,-5.999999999999999778e-02,7.299999999999999822e-01,8.000000000000000167e-02,5.000000000000000278e-02,-4.000000000000000083e-02
7.310000,-5.739958320846748618e-01,0.000000000000000000e+00,7.594907452582463359e-01,9.999218760172473575e-01,0.000000000000000000e+00,-1.249967448170978719e-02,0.000000000000000000e+00,-5.632782594464537107e-01,0.000000000000000000e+00,0.000000000000000000e+00,9.014316904196154612e-01,5.846569026838221994e-03,0.000000000000000000e+00,-3.526559817643381556e-01,0.000000000000000000e+00,0.000000000000000000e+00,6.681139044811347238e-01,-3.214579227167965181e-01,0.000000000000000000e+00,-7.499999999999999722e-02,0.000000000000000000e+00,-5.500000000000000028e-02,1.000000000000000888e-02,2.449999999999999956e-01,-5.999999999999999778e-02,7.299999999999999822e-01,8.000000000000000167e-02,-5.000000000000000278e-02,4.000000000000000083e-02,3.900000000000000133e-01,-1.950000000000000067e-01,-5.999999999999999778e-02,7.299999999999999822e-01,8.000000000000000167e-02,5.000000000000000278e-02,-4.000000000000000083e-02
7.320000,-5.756455121889036963e-01,0.000000000000000000e+00,7.594907452582463359e-01,9.999218760172473575e-01,0.000000000000000000e+00,-1.249967448170978719e-02,0.000000000000000000e+00,-5.610164588032131583e-01,0.000000000000000000e+00,0.000000000000000000e+00,9.029051492571565918e-01,2.111309546056649999e-03,0.000000000000000000e+00,-3.553091837237321027e-01,0.000000000000000000e+00,0.000000000000000000e+00,6.676894260465725539e-01,-3.183802423228404010e-01,0.000000000000000000e+00,-7.499999999999999722e-02,0.000000000000000000e+00,-5.500000000000000028e-02,1.000000000000000888e-02,2.449999999999999956e-01,-5.999999999999999778e-02,7.299999999999999822e-01,8.000000000000000167e-02,-5.000000000000000278e-02,4.000000000000000083e-02,3.900000000000000133e-01,-1.950000000000000067e-01,-5.999999999999999778e-02,7.299999999999999822e-01,8.000000000000000167e-02,5.000000000000000278e-02,-4.000000000000000083e-02
7.330000,-5.773753368076857129e-01,0.000000000000000000e+00,7.594907452582463359e-01,9.999218760172473575e-01,0.000000000000000000e+00,-1.249967448170978719e-02,0.000000000000000000e+00,-5.586220194249402748e-01,0.000000000000000000e+00,0.000000000000000000e+00,9.044083708974115510e-01,-1.786351472471192636e-03,0.000000000000000000e+00,-3.580657542404543925e-01,0.000000000000000000e+00,0.000000000000000000e+00,6.671932887806384382e-01,-3.151275345401839956e-01,0.000000000000000000e+00,-7.499999999999999722e-02,0.000000000000000000e+00,-5.500000000000000028e-02,1.000000000000000888e-02,2.449999999999999956e-01,-5.999999999999999778e-02,7.299999999999999822e-01,8.000000000000000167e-02,-5.000000000000000278e-02,4.000000000000000083e-02,3.900000000000000133e-01,-1.950000000000000067e-01,-5.999999999999999778e-02,7.299999999999999822e-01,8.000000000000000167e-02,5.000000000000000278e-02,-4.000000000000000083e-02
7.340000,-5.791802977342085379e-01,0.000000000000000000e+00,7.594907452582463359e-01,9.999218760172473575e-01,0.000000000000000000e+00,-1.249967448170978719e-02,0.000000000000000000e+00,-5.560988845471357411e-01,0.000000000000000000e+00,0.000000000000000000e+00,9.059314092388647266e-01,-5.832524691728901978e-03,0.000000000000000000e+00,-3.609140874033633928e-01,0.000000000000000000e+00,0.000000000000000000e+00,6.666197952085977096e-01,-3.117057078052342667e-01,0.000000000000000000e+00,-7.499999999999999722e-02,0.000000000000000000e+00,-5.500000000000000028e-02,1.000000000000000888e-02,2.449999999999999956e-01,-5.999999999999999778e-02,7.299999999999999822e-01,8.000000000000000167e-02,-5.000000000000000278e-02,4.000000000000000083e-02,3.900000000000000133e-01,-1.950000000000000067e-01,-5.999999999999999778e-02,7.299999999999999822e-01,8.000000000000000167e-02,5.000000000000000278e-02,-4.000000000000000083e-02
7.350000,-5.810549509783381472e-01,0.000000000000000000e+00,7.594907452582463359e-01,9.999218760172473575e-01,0.000000000000000000e+00,-1.249967448170978719e-02,0.000000000000000000e+00,-5.534517924274625633e-01,0.000000000000000000e+00,0.000000000000000000e+00,9.074642658396009365e-01,-1.001247341213840070e-02,0.000000000000000000e+00,-3.638420276532617903e-01,0.000000000000000000e+00,0.000000000000000000e+00,6.659636900602267096e-01,-3.081216624069648691e-01,0.000000000000000000e+00,-7.499999999999999722e-02,0.000000000000000000e+00,-5.500000000000000028e-02,1.000000000000000888e-02,2.449999999999999956e-01,-5.999999999999999778e-02,7.299999999999999822e-01,8.000000000000000167e-02,-5.000000000000000278e-02,4.000000000000000083e-02,3.900000000000000133e-01,-1.950000000000000067e-01,-5.999999999999999778e-02,7.299999999999999822e-01,8.000000000000000167e-02,5.000000000000000278e-02,-4.000000000000000083e-02
7.360000,-5.829934563832838146e-01,0.000000000000000000e+00,7.594907452582463359e-01,9.999218760172473575e-01,0.000000000000000000e+00,-1.249967448170978719e-02,0.000000000000000000e+00,-5.506862782002347467e-01,0.000000000000000000e+00,0.000000000000000000e+00,9.089970291229926280e-01,-1.431075092275790883e-02,0.000000000000000000e+00,-3.668369979244305856e-01,0.000000000000000000e+00,0.000000000000000000e+00,6.652202775897575471e-01,-3.043832796653269113e-01,0.000000000000000000e+00,-7.499999999999999722e-02,0.000000000000000000e+00,-5.500000000000000028e-02,1.000000000000000888e-02,2.449999999999999956e-01,-5.999999999999999778e-02,7.299999999999999822e-01,8.000000000000000167e-02,-5.000000000000000278e-02,4.000000000000000083e-02,3.900000000000000133e-01,-1.950000000000000067e-01,-5.999999999999999778e-02,7.299999999999999822e-01,8.000000000000000167e-02,5.000000000000000278e-02,-4.000000000000000083e-02
7.370000,-5.849896172422647256e-01,0.000000000000000000e+00,7.594907452582463359e-01,9.999218760172473575e-01,0.000000000000000000e+00,-1.249967448170978719e-02,0.000000000000000000e+00,-5.478086716567655001e-01,0.000000000000000000e+00,0.000000000000000000e+00,9.105200071636572190e-01,-1.871133550689174641e-02,0.000000000000000000e+00,-3.698861259515064948e-01,0.000000000000000000e+00,0.000000000000000000e+00,6.643855340536051202e-01,-3.004994081020985752e-01,0.000000000000000000e+00,-7.499999999999999722e-02,0.000000000000000000e+00,-5.500000000000000028e-02,1.000000000000000888e-02,2.449999999999999956e-01,-5.999999999999999778e-02,7.299999999999999822e-01,8.000000000000000167e-02,-5.000000000000000278e-02,4.000000000000000083e-02,3.900000000000000133e-01,-1.950000000000000067e-01,-5.999999999999999778e-02,7.299999999999999822e-01,8.000000000000000167e-02,5.000000000000000278e-02,-4.000000000000000083e-02
7.380000,-5.870369199151747042e-01,0.000000000000000000e+00,7.594907452582463359e-01,9.999218760172473575e-01,0.000000000000000000e+00,-1.249967448170978719e-02,0.000000000000000000e+00,-5.448260900139398899e-01,0.000000000000000000e+00,0.000000000000000000e+00,9.120238523580643797e-01,-2.319776234412440630e-02,0.000000000000000000e+00,-3.729763677576456438e-01,0.000000000000000000e+00,0.000000000000000000e+00,6.634562133944340578e-01,-2.964798456367883639e-01,0.000000000000000000e+00,-7.499999999999999722e-02,0.000000000000000000e+00,-5.500000000000000028e-02,1.000000000000000888e-02,2.449999999999999956e-01,-5.999999999999999778e-02,7.299999999999999822e-01,8.000000000000000167e-02,-5.000000000000000278e-02,4.000000000000000083e-02,3.900000000000000133e-01,-1.950000000000000067e-01,-5.999999999999999778e-02,7.299999999999999822e-01,8.000000000000000167e-02,5.000000000000000278e-02,-4.000000000000000083e-02
7.390000,-5.891285734452486045e-01,0.000000000000000000e+00,7.594907452582463359e-01,9.999218760172473575e-01,0.000000000000000000e+00,-1.249967448170978719e-02,0.000000000000000000e+00,-5.417464248585427411e-01,0.000000000000000000e+00,0.000000000000000000e+00,9.134996764724426788e-01,-2.775325161389996520e-02,0.000000000000000000e+00,-3.760946273839878562e-01,0.000000000000000000e+00,0.000000000000000000e+00,6.624299443155151623e-01,-2.923353169315272559e-01,0.000000000000000000e+00,-7.499999999999999722e-02,0.000000000000000000e+00,-5.500000000000000028e-02,1.000000000000000888e-02,2.449999999999999956e-01,-5.999999999999999778e-02,7.299999999999999822e-01,8.000000000000000167e-02,-5.000000000000000278e-02,4.000000000000000083e-02,3.900000000000000133e-01,-1.950000000000000067e-01,-5.999999999999999778e-02,7.299999999999999822e-01,8.000000000000000167e-02,5.000000000000000278e-02,-4.000000000000000083e-02
7.400000,-5.912575491757270374e-01,0.000000000000000000e+00,7.594907452582463359e-01,9.999218760172473575e-01,0.000000000000000000e+00,-1.249967448170978719e-02,0.000000000000000000e+00,-5.385783225867308843e-01,0.000000000000000000e+00,0.000000000000000000e+00,9.149391547593747065e-01,-3.236083217264373868e-02,0.000000000000000000e+00,-3.792278719692011579e-01,0.000000000000000000e+00,0.000000000000000000e+00,6.613053170729508157e-01,-2.880774451037496076e-01,0.000000000000000000e+00,-7.499999999999999722e-02,0.000000000000000000e+00,-5.500000000000000028e-02,1.000000000000000888e-02,2.449999999999999956e-01,-5.999999999999999778e-02,7.299999999999999822e-01,8.000000000000000167e-02,-5.000000000000000278e-02,4.000000000000000083e-02,3.900000000000000133e-01,-1.950000000000000067e-01,-5.999999999999999778e-02,7.299999999999999822e-01,8.000000000000000167e-02,5.000000000000000278e-02,-4.000000000000000083e-02
7.410000,-5.934166203665229844e-01,0.000000000000000000e+00,7.594907452582463359e-01,9.999218760172473575e-01,0.000000000000000000e+00,-1.249967448170978719e-02,0.000000000000000000e+00,-5.353311577931941789e-01,0.000000000000000000e+00,0.000000000000000000e+00,9.163346180392027973e-01,-3.700346024600864592e-02,0.000000000000000000e+00,-3.823632413404431940e-01,0.000000000000000000e+00,0.000000000000000000e+00,6.600819584614836533e-01,-2.837187171210404091e-01,0.000000000000000000e+00,-7.499999999999999722e-02,0.000000000000000000e+00,-5.500000000000000028e-02,1.000000000000000888e-02,2.449999999999999956e-01,-5.999999999999999778e-02,7.299999999999999822e-01,8.000000000000000167e-02,-5.000000000000000278e-02,4.000000000000000083e-02,3.900000000000000133e-01,-1.950000000000000067e-01,-5.999999999999999778e-02,7.299999999999999822e-01,8.000000000000000167e-02,5.000000000000000278e-02,-4.000000000000000083e-02
7.420000,-5.955984018108866351e-01,0.000000000000000000e+00,7.594907452582463359e-01,9.999218760172473575e-01,0.000000000000000000e+00,-1.249967448170978719e-02,0.000000000000000000e+00,-5.320149992000846595e-01,0.000000000000000000e+00,0.000000000000000000e+00,9.176791318494150751e-01,-4.166413264933033211e-02,0.000000000000000000e+00,-3.854881513330775111e-01,0.000000000000000000e+00,0.000000000000000000e+00,6.587605936198707157e-01,-2.792724422867931544e-01,0.000000000000000000e+00,-7.499999999999999722e-02,0.000000000000000000e+00,-5.500000000000000028e-02,1.000000000000000888e-02,2.449999999999999956e-01,-5.999999999999999778e-02,7.299999999999999822e-01,8.000000000000000167e-02,-5.000000000000000278e-02,4.000000000000000083e-02,3.900000000000000133e-01,-1.950000000000000067e-01,-5.999999999999999778e-02,7.299999999999999822e-01,8.000000000000000167e-02,5.000000000000000278e-02,-4.000000000000000083e-02
7.430000,-5.977953894520716682e-01,0.000000000000000000e+00,7.594907452582463359e-01,9.999218760172473575e-01,0.000000000000000000e+00,-1.249967448170978719e-02,0.000000000000000000e+00,-5.286405678492291926e-01,0.000000000000000000e+00,0.000000000000000000e+00,9.189665619718240253e-01,-4.632599412259474914e-02,0.000000000000000000e+00,-3.885903901159864504e-01,0.000000000000000000e+00,0.000000000000000000e+00,6.573430934326858210e-01,-2.747527033166993204e-01,0.000000000000000000e+00,-7.499999999999999722e-02,0.000000000000000000e+00,-5.500000000000000028e-02,1.000000000000000888e-02,2.449999999999999956e-01,-5.999999999999999778e-02,7.299999999999999822e-01,8.000000000000000167e-02,-5.000000000000000278e-02,4.000000000000000083e-02,3.900000000000000133e-01,-1.950000000000000067e-01,-5.999999999999999778e-02,7.299999999999999822e-01,8.000000000000000167e-02,5.000000000000000278e-02,-4.000000000000000083e-02
7.440000,-6.000000000000001998e-01,0.000000000000000000e+00,7.594907452582463359e-01,9.999218760172473575e-01,0.000000000000000000e+00,-1.249967448170978719e-02,0.000000000000000000e+00,-5.252191874104674696e-01,0.000000000000000000e+00,0.000000000000000000e+00,9.201916258515332459e-01,-5.097243844106569277e-02,0.000000000000000000e+00,-3.916582068628914337e-01,0.000000000000000000e+00,0.000000000000000000e+00,6.558325064567969154e-01,-2.701742995939054315e-01,0.000000000000000000e+00,-7.499999999999999722e-02,0.000000000000000000e+00,-5.500000000000000028e-02,1.000000000000000888e-02,2.449999999999999956e-01,-5.999999999999999778e-02,7.299999999999999822e-01,8.000000000000000167e-02,-5.000000000000000278e-02,4.000000000000000083e-02,3.900000000000000133e-01,-1.950000000000000067e-01,-5.999999999999999778e-02,7.299999999999999822e-01,8.000000000000000167e-02,5.000000000000000278e-02,-4.000000000000000083e-02
7.450000,-6.022046105479286204e-01,0.000000000000000000e+00,7.594907452582463359e-01,9.999218760172473575e-01,0.000000000000000000e+00,-1.249967448170978719e-02,0.000000000000000000e+00,-5.217627265826244587e-01,0.000000000000000000e+00,0.000000000000000000e+00,9.213499296221598911e-01,-5.558720303953545994e-02,0.000000000000000000e+00,-3.946803921786061764e-01,0.000000000000000000e+00,0.000000000000000000e+00,6.542330744533092490e-01,-2.655526822747030224e-01,0.000000000000000000e+00,-7.499999999999999722e-02,0.000000000000000000e+00,-5.500000000000000028e-02,1.000000000000000888e-02,2.449999999999999956e-01,-5.999999999999999778e-02,7.299999999999999822e-01,8.000000000000000167e-02,-5.000000000000000278e-02,4.000000000000000083e-02,3.900000000000000133e-01,-1.950000000000000067e-01,-5.999999999999999778e-02,7.299999999999999822e-01,8.000000000000000167e-02,5.000000000000000278e-02,-4.000000000000000083e-02
7.460000,-6.044015981891135425e-01,0.000000000000000000e+00,7.594907452582463359e-01,9.999218760172473575e-01,0.000000000000000000e+00,-1.249967448170978719e-02,0.000000000000000000e+00,-5.182835336804090254e-01,0.000000000000000000e+00,0.000000000000000000e+00,9.224379906476465329e-01,-6.015445696723742408e-02,0.000000000000000000e+00,-3.976463497638674238e-01,0.000000000000000000e+00,0.000000000000000000e+00,6.525502307613179065e-01,-2.609038809974504325e-01,0.000000000000000000e+00,-7.499999999999999722e-02,0.000000000000000000e+00,-5.500000000000000028e-02,1.000000000000000888e-02,2.449999999999999956e-01,-5.999999999999999778e-02,7.299999999999999822e-01,8.000000000000000167e-02,-5.000000000000000278e-02,4.000000000000000083e-02,3.900000000000000133e-01,-1.950000000000000067e-01,-5.999999999999999778e-02,7.299999999999999822e-01,8.000000000000000167e-02,5.000000000000000278e-02,-4.000000000000000083e-02
7.470000,-6.065833796334771932e-01,0.000000000000000000e+00,7.594907452582463359e-01,9.999218760172473575e-01,0.000000000000000000e+00,-1.249967448170978719e-02,0.000000000000000000e+00,-5.147943636096751208e-01,0.000000000000000000e+00,0.000000000000000000e+00,9.234532456818987933e-01,-6.465888207222370010e-02,0.000000000000000000e+00,-4.005461588846971344e-01,0.000000000000000000e+00,0.000000000000000000e+00,6.507905809108317507e-01,-2.562444220261345662e-01,0.000000000000000000e+00,-7.499999999999999722e-02,0.000000000000000000e+00,-5.500000000000000028e-02,1.000000000000000888e-02,2.449999999999999956e-01,-5.999999999999999778e-02,7.299999999999999822e-01,8.000000000000000167e-02,-5.000000000000000278e-02,4.000000000000000083e-02,3.900000000000000133e-01,-1.950000000000000067e-01,-5.999999999999999778e-02,7.299999999999999822e-01,8.000000000000000167e-02,5.000000000000000278e-02,-4.000000000000000083e-02
7.480000,-6.087424508242733623e-01,0.000000000000000000e+00,7.594907452582463359e-01,9.999218760172473575e-01,0.000000000000000000e+00,-1.249967448170978719e-02,0.000000000000000000e+00,-5.113082975344165337e-01,0.000000000000000000e+00,0.000000000000000000e+00,9.243940449331987663e-01,-6.908574739878214910e-02,0.000000000000000000e+00,-4.033706273038112355e-01,0.000000000000000000e+00,0.000000000000000000e+00,6.489618650419731738e-01,-2.515912377381618881e-01,0.000000000000000000e+00,-7.499999999999999722e-02,0.000000000000000000e+00,-5.500000000000000028e-02,1.000000000000000888e-02,2.449999999999999956e-01,-5.999999999999999778e-02,7.299999999999999822e-01,8.000000000000000167e-02,-5.000000000000000278e-02,4.000000000000000083e-02,3.900000000000000133e-01,-1.950000000000000067e-01,-5.999999999999999778e-02,7.299999999999999822e-01,8.000000000000000167e-02,5.000000000000000278e-02,-4.000000000000000083e-02
7.490000,-6.108714265547517952e-01,0.000000000000000000e+00,7.594907452582463359e-01,9.999218760172473575e-01,0.000000000000000000e+00,-1.249967448170978719e-02,0.000000000000000000e+00,-5.078386556313778666e-01,0.000000000000000000e+00,0.000000000000000000e+00,9.252596325007621525e-01,-7.342097686938420242e-02,0.000000000000000000e+00,-4.061113344339392084e-01,0.000000000000000000e+00,0.000000000000000000e+00,6.470729018795955412e-01,-2.469615674456562826e-01,0.000000000000000000e+00,-7.499999999999999722e-02,0.000000000000000000e+00,-5.500000000000000028e-02,1.000000000000000888e-02,2.449999999999999956e-01,-5.999999999999999778e-02,7.299999999999999822e-01,8.000000000000000167e-02,-5.000000000000000278e-02,4.000000000000000083e-02,3.900000000000000133e-01,-1.950000000000000067e-01,-5.999999999999999778e-02,7.299999999999999822e-01,8.000000000000000167e-02,5.000000000000000278e-02,-4.000000000000000083e-02
7.500000,-6.129630800848255845e-01,0.000000000000000000e+00,7.594907452582463359e-01,9.999218760172473575e-01,0.000000000000000000e+00,-1.249967448170978719e-02,0.000000000000000000e+00,-5.043989034121770798e-01,0.000000000000000000e+00,0.000000000000000000e+00,9.260501138258363518e-01,-7.765121041365929955e-02,0.000000000000000000e+00,-4.087606645875998534e-01,0.000000000000000000e+00,0.000000000000000000e+00,6.451335142105187881e-01,-2.423728496229188845e-01,0.000000000000000000e+00,-7.499999999999999722e-02,0.000000000000000000e+00,-5.500000000000000028e-02,1.000000000000000888e-02,2.449999999999999956e-01,-5.999999999999999778e-02,7.299999999999999822e-01,8.000000000000000167e-02,-5.000000000000000278e-02,4.000000000000000083e-02,3.900000000000000133e-01,-1.950000000000000067e-01,-5.999999999999999778e-02,7.299999999999999822e-01,8.000000000000000167e-02,5.000000000000000278e-02,-4.000000000000000083e-02
7.510000,-6.150103827577355631e-01,0.000000000000000000e+00,7.594907452582463359e-01,9.999218760172473575e-01,0.000000000000000000e+00,-1.249967448170978719e-02,0.000000000000000000e+00,-5.010025521684356997e-01,0.000000000000000000e+00,0.000000000000000000e+00,9.267664109690444407e-01,-8.176385880060876854e-02,0.000000000000000000e+00,-4.113118303261137365e-01,0.000000000000000000e+00,0.000000000000000000e+00,6.431544360282599460e-01,-2.378426057021461593e-01,0.000000000000000000e+00,-7.499999999999999722e-02,0.000000000000000000e+00,-5.500000000000000028e-02,1.000000000000000888e-02,2.449999999999999956e-01,-5.999999999999999778e-02,7.299999999999999822e-01,8.000000000000000167e-02,-5.000000000000000278e-02,4.000000000000000083e-02,3.900000000000000133e-01,-1.950000000000000067e-01,-5.999999999999999778e-02,7.299999999999999822e-01,8.000000000000000167e-02,5.000000000000000278e-02,-4.000000000000000083e-02
7.520000,-6.170065436167165851e-01,0.000000000000000000e+00,7.594907452582463359e-01,9.999218760172473575e-01,0.000000000000000000e+00,-1.249967448170978719e-02,0.000000000000000000e+00,-4.976630541627684590e-01,0.000000000000000000e+00,0.000000000000000000e+00,9.274102066887858209e-01,-8.574715252601727844e-02,0.000000000000000000e+00,-4.137588860532724344e-01,0.000000000000000000e+00,0.000000000000000000e+00,6.411472017503881959e-01,-2.333883156971157113e-01,0.000000000000000000e+00,-7.499999999999999722e-02,0.000000000000000000e+00,-5.500000000000000028e-02,1.000000000000000888e-02,2.449999999999999956e-01,-5.999999999999999778e-02,7.299999999999999822e-01,8.000000000000000167e-02,-5.000000000000000278e-02,4.000000000000000083e-02,3.900000000000000133e-01,-1.950000000000000067e-01,-5.999999999999999778e-02,7.299999999999999822e-01,8.000000000000000167e-02,5.000000000000000278e-02,-4.000000000000000083e-02
7.530000,-6.189450490216622525e-01,0.000000000000000000e+00,7.594907452582463359e-01,9.999218760172473575e-01,0.000000000000000000e+00,-1.249967448170978719e-02,0.000000000000000000e+00,-4.943936932477899782e-01,0.000000000000000000e+00,0.000000000000000000e+00,9.279838784515086481e-01,-8.959018520371864192e-02,0.000000000000000000e+00,-4.160967321563075472e-01,0.000000000000000000e+00,0.000000000000000000e+00,6.391240181784575425e-01,-2.290272860221499451e-01,0.000000000000000000e+00,-7.499999999999999722e-02,0.000000000000000000e+00,-5.500000000000000028e-02,1.000000000000000888e-02,2.449999999999999956e-01,-5.999999999999999778e-02,7.299999999999999822e-01,8.000000000000000167e-02,-5.000000000000000278e-02,4.000000000000000083e-02,3.900000000000000133e-01,-1.950000000000000067e-01,-5.999999999999999778e-02,7.299999999999999822e-01,8.000000000000000167e-02,5.000000000000000278e-02,-4.000000000000000083e-02
7.540000,-6.208197022657916397e-01,0.000000000000000000e+00,7.594907452582463359e-01,9.999218760172473575e-01,0.000000000000000000e+00,-1.249967448170978719e-02,0.000000000000000000e+00,-4.912074716467076385e-01,0.000000000000000000e+00,0.000000000000000000e+00,9.284904236523485732e-01,-9.328295200564085121e-02,0.000000000000000000e+00,-4.183211101680319177e-01,0.000000000000000000e+00,0.000000000000000000e+00,6.370976201604021671e-01,-2.247765099923701992e-01,0.000000000000000000e+00,-7.499999999999999722e-02,0.000000000000000000e+00,-5.500000000000000028e-02,1.000000000000000888e-02,2.449999999999999956e-01,-5.999999999999999778e-02,7.299999999999999822e-01,8.000000000000000167e-02,-5.000000000000000278e-02,4.000000000000000083e-02,3.900000000000000133e-01,-1.950000000000000067e-01,-5.999999999999999778e-02,7.299999999999999822e-01,8.000000000000000167e-02,5.000000000000000278e-02,-4.000000000000000083e-02
7.550000,-6.226246631923144648e-01,0.000000000000000000e+00,7.594907452582463359e-01,9.999218760172473575e-01,0.000000000000000000e+00,-1.249967448170978719e-02,0.000000000000000000e+00,-4.881169936726962311e-01,0.000000000000000000e+00,0.000000000000000000e+00,9.289333774622561268e-01,-9.681638378955992330e-02,0.000000000000000000e+00,-4.204285896076213058e-01,0.000000000000000000e+00,0.000000000000000000e+00,6.350811112289267424e-01,-2.206525216213053864e-01,0.000000000000000000e+00,-7.499999999999999722e-02,0.000000000000000000e+00,-5.500000000000000028e-02,1.000000000000000888e-02,2.449999999999999956e-01,-5.999999999999999778e-02,7.299999999999999822e-01,8.000000000000000167e-02,-5.000000000000000278e-02,4.000000000000000083e-02,3.900000000000000133e-01,-1.950000000000000067e-01,-5.999999999999999778e-02,7.299999999999999822e-01,8.000000000000000167e-02,5.000000000000000278e-02,-4.000000000000000083e-02
7.560000,-6.243544878110967034e-01,0.000000000000000000e+00,7.594907452582463359e-01,9.999218760172473575e-01,0.000000000000000000e+00,-1.249967448170978719e-02,0.000000000000000000e+00,-4.851343472000013701e-01,0.000000000000000000e+00,0.000000000000000000e+00,9.293167248432150362e-01,-1.001823776432135826e-01,0.000000000000000000e+00,-4.224165473506223401e-01,0.000000000000000000e+00,0.000000000000000000e+00,6.330877908229171069e-01,-2.166712434722947167e-01,0.000000000000000000e+00,-7.499999999999999722e-02,0.000000000000000000e+00,-5.500000000000000028e-02,1.000000000000000888e-02,2.449999999999999956e-01,-5.999999999999999778e-02,7.299999999999999822e-01,8.000000000000000167e-02,-5.000000000000000278e-02,4.000000000000000083e-02,3.900000000000000133e-01,-1.950000000000000067e-01,-5.999999999999999778e-02,7.299999999999999822e-01,8.000000000000000167e-02,5.000000000000000278e-02,-4.000000000000000083e-02
7.570000,-6.260041679153254268e-01,0.000000000000000000e+00,7.594907452582463359e-01,9.999218760172473575e-01,0.000000000000000000e+00,-1.249967448170978719e-02,0.000000000000000000e+00,-4.822709837274437028e-01,0.000000000000000000e+00,0.000000000000000000e+00,9.296448083838217968e-01,-1.033738246563780105e-01,0.000000000000000000e+00,-4.242831405772032327e-01,0.000000000000000000e+00,0.000000000000000000e+00,6.311309700457349292e-01,-2.128478294685316463e-01,0.000000000000000000e+00,-7.499999999999999722e-02,0.000000000000000000e+00,-5.500000000000000028e-02,1.000000000000000888e-02,2.449999999999999956e-01,-5.999999999999999778e-02,7.299999999999999822e-01,8.000000000000000167e-02,-5.000000000000000278e-02,4.000000000000000083e-02,3.900000000000000133e-01,-1.950000000000000067e-01,-5.999999999999999778e-02,7.299999999999999822e-01,8.000000000000000167e-02,5.000000000000000278e-02,-4.000000000000000083e-02
7.580000,-6.275691706981760820e-01,0.000000000000000000e+00,7.594907452582463359e-01,9.999218760172473575e-01,0.000000000000000000e+00,-1.249967448170978719e-02,0.000000000000000000e+00,-4.795375978942334472e-01,0.000000000000000000e+00,0.000000000000000000e+00,9.299222337003818506e-01,-1.063846358061484310e-01,0.000000000000000000e+00,-4.260272745456837873e-01,0.000000000000000000e+00,0.000000000000000000e+00,6.292237782646745714e-01,-2.091965037189907339e-01,0.000000000000000000e+00,-7.499999999999999722e-02,0.000000000000000000e+00,-5.500000000000000028e-02,1.000000000000000888e-02,2.449999999999999956e-01,-5.999999999999999778e-02,7.299999999999999822e-01,8.000000000000000167e-02,-5.000000000000000278e-02,4.000000000000000083e-02,3.900000000000000133e-01,-1.950000000000000067e-01,-5.999999999999999778e-02,7.299999999999999822e-01,8.000000000000000167e-02,5.000000000000000278e-02,-4.000000000000000083e-02
7.590000,-6.290454783694767738e-01,0.000000000000000000e+00,7.594907452582463359e-01,9.999218760172473575e-01,0.000000000000000000e+00,-1.249967448170978719e-02,0.000000000000000000e+00,-4.769440073181819839e-01,0.000000000000000000e+00,0.000000000000000000e+00,9.301537742202861114e-01,-1.092097669021041551e-01,0.000000000000000000e+00,-4.276485666288120102e-01,0.000000000000000000e+00,0.000000000000000000e+00,6.273789631971922187e-01,-2.057303965683801583e-01,0.000000000000000000e+00,-7.499999999999999722e-02,0.000000000000000000e+00,-5.500000000000000028e-02,1.000000000000000888e-02,2.449999999999999956e-01,-5.999999999999999778e-02,7.299999999999999822e-01,8.000000000000000167e-02,-5.000000000000000278e-02,4.000000000000000083e-02,3.900000000000000133e-01,-1.950000000000000067e-01,-5.999999999999999778e-02,7.299999999999999822e-01,8.000000000000000167e-02,5.000000000000000278e-02,-4.000000000000000083e-02
7.600000,-6.304296277723744346e-01,0.000000000000000000e+00,7.594907452582463359e-01,9.999218760172473575e-01,0.000000000000000000e+00,-1.249967448170978719e-02,0.000000000000000000e+00,-4.744990336266086128e-01,0.000000000000000000e+00,0.000000000000000000e+00,9.303442772110667169e-01,-1.118452435844580206e-01,0.000000000000000000e+00,-4.291473082244716131e-01,0.000000000000000000e+00,0.000000000000000000e+00,6.256086874457963409e-01,-2.024613792213246777e-01,0.000000000000000000e+00,-7.499999999999999722e-02,0.000000000000000000e+00,-5.500000000000000028e-02,1.000000000000000888e-02,2.449999999999999956e-01,-5.999999999999999778e-02,7.299999999999999822e-01,8.000000000000000167e-02,-5.000000000000000278e-02,4.000000000000000083e-02,3.900000000000000133e-01,-1.950000000000000067e-01,-5.999999999999999778e-02,7.299999999999999822e-01,8.000000000000000167e-02,5.000000000000000278e-02,-4.000000000000000083e-02
7.610000,-6.317187500000001066e-01,0.000000000000000000e+00,7.594907452582463359e-01,9.999218760172473575e-01,0.000000000000000000e+00,-1.249967448170978719e-02,0.000000000000000000e+00,-4.722103855394628735e-01,0.000000000000000000e+00,0.000000000000000000e+00,9.304985729361753277e-01,-1.142881873967124262e-01,0.000000000000000000e+00,-4.305244263007448335e-01,0.000000000000000000e+00,0.000000000000000000e+00,6.239243247164926176e-01,-1.993998984157477339e-01,0.000000000000000000e+00,-7.499999999999999722e-02,0.000000000000000000e+00,-5.500000000000000028e-02,1.000000000000000888e-02,2.449999999999999956e-01,-5.999999999999999778e-02,7.299999999999999822e-01,8.000000000000000167e-02,-5.000000000000000278e-02,4.000000000000000083e-02,3.900000000000000133e-01,-1.950000000000000067e-01,-5.999999999999999778e-02,7.299999999999999822e-01,8.000000000000000167e-02,5.000000000000000278e-02,-4.000000000000000083e-02
7.620000,-6.329106100121351108e-01,0.000000000000000000e+00,7.594907452582463359e-01,9.999218760172473575e-01,0.000000000000000000e+00,-1.249967448170978719e-02,0.000000000000000000e+00,-4.700845448410725380e-01,0.000000000000000000e+00,0.000000000000000000e+00,9.306213888030338000e-01,-1.165368439619612895e-01,0.000000000000000000e+00,-4.317814464469663660e-01,0.000000000000000000e+00,0.000000000000000000e+00,6.223362591650672959e-01,-1.965548127181008797e-01,0.000000000000000000e+00,-7.499999999999999722e-02,0.000000000000000000e+00,-5.500000000000000028e-02,1.000000000000000888e-02,2.449999999999999956e-01,-5.999999999999999778e-02,7.299999999999999822e-01,8.000000000000000167e-02,-5.000000000000000278e-02,4.000000000000000083e-02,3.900000000000000133e-01,-1.950000000000000067e-01,-5.999999999999999778e-02,7.299999999999999822e-01,8.000000000000000167e-02,5.000000000000000278e-02,-4.000000000000000083e-02
7.630000,-6.340036462518761073e-01,0.000000000000000000e+00,7.594907452582463359e-01,9.999218760172473575e-01,0.000000000000000000e+00,-1.249967448170978719e-02,0.000000000000000000e+00,-4.681266560400468846e-01,0.000000000000000000e+00,0.000000000000000000e+00,9.307172703161339378e-01,-1.185906142760870807e-01,0.000000000000000000e+00,-4.329204593667222989e-01,0.000000000000000000e+00,0.000000000000000000e+00,6.208536914402779106e-01,-1.939332320735555615e-01,0.000000000000000000e+00,-7.499999999999999722e-02,0.000000000000000000e+00,-5.500000000000000028e-02,1.000000000000000888e-02,2.449999999999999956e-01,-5.999999999999999778e-02,7.299999999999999822e-01,8.000000000000000167e-02,-5.000000000000000278e-02,4.000000000000000083e-02,3.900000000000000133e-01,-1.950000000000000067e-01,-5.999999999999999778e-02,7.299999999999999822e-01,8.000000000000000167e-02,5.000000000000000278e-02,-4.000000000000000083e-02
7.640000,-6.349970102623011536e-01,0.000000000000000000e+00,7.594907452582463359e-01,9.999218760172473575e-01,0.000000000000000000e+00,-1.249967448170978719e-02,0.000000000000000000e+00,-4.663404204644878148e-01,0.000000000000000000e+00,0.000000000000000000e+00,9.307905105537586099e-01,-1.204500900892707671e-01,0.000000000000000000e+00,-4.339440927552487004e-01,0.000000000000000000e+00,0.000000000000000000e+00,6.194844550125706562e-01,-1.915403622573219056e-01,0.000000000000000000e+00,-7.499999999999999722e-02,0.000000000000000000e+00,-5.500000000000000028e-02,1.000000000000000888e-02,2.449999999999999956e-01,-5.999999999999999778e-02,7.299999999999999822e-01,8.000000000000000167e-02,-5.000000000000000278e-02,4.000000000000000083e-02,3.900000000000000133e-01,-1.950000000000000067e-01,-5.999999999999999778e-02,7.299999999999999822e-01,8.000000000000000167e-02,5.000000000000000278e-02,-4.000000000000000083e-02
7.650000,-6.358906063031348754e-01,0.000000000000000000e+00,7.594907452582463359e-01,9.999218760172473575e-01,0.000000000000000000e+00,-1.249967448170978719e-02,0.000000000000000000e+00,-4.647279954700851978e-01,0.000000000000000000e+00,0.000000000000000000e+00,9.308450897473788954e-01,-1.221170942772936696e-01,0.000000000000000000e+00,-4.348554904429743351e-01,0.000000000000000000e+00,0.000000000000000000e+00,6.182348462726144911e-01,-1.893793558296401058e-01,0.000000000000000000e+00,-7.499999999999999722e-02,0.000000000000000000e+00,-5.500000000000000028e-02,1.000000000000000888e-02,2.449999999999999956e-01,-5.999999999999999778e-02,7.299999999999999822e-01,8.000000000000000167e-02,-5.000000000000000278e-02,4.000000000000000083e-02,3.900000000000000133e-01,-1.950000000000000067e-01,-5.999999999999999778e-02,7.299999999999999822e-01,8.000000000000000167e-02,5.000000000000000278e-02,-4.000000000000000083e-02
7.660000,-6.366851309674144144e-01,0.000000000000000000e+00,7.594907452582463359e-01,9.999218760172473575e-01,0.000000000000000000e+00,-1.249967448170978719e-02,0.000000000000000000e+00,-4.632898993498770213e-01,0.000000000000000000e+00,0.000000000000000000e+00,9.308846263542195354e-01,-1.235947270043424862e-01,0.000000000000000000e+00,-4.356583005514507168e-01,0.000000000000000000e+00,0.000000000000000000e+00,6.171094716402747427e-01,-1.874511710888239757e-01,0.000000000000000000e+00,-7.499999999999999722e-02,0.000000000000000000e+00,-5.500000000000000028e-02,1.000000000000000888e-02,2.449999999999999956e-01,-5.999999999999999778e-02,7.299999999999999822e-01,8.000000000000000167e-02,-5.000000000000000278e-02,4.000000000000000083e-02,3.900000000000000133e-01,-1.950000000000000067e-01,-5.999999999999999778e-02,7.299999999999999822e-01,8.000000000000000167e-02,5.000000000000000278e-02,-4.000000000000000083e-02
7.670000,-6.373821127981550427e-01,0.000000000000000000e+00,7.594907452582463359e-01,9.999218760172473575e-01,0.000000000000000000e+00,-1.249967448170978719e-02,0.000000000000000000e+00,-4.620249224245596698e-01,0.000000000000000000e+00,0.000000000000000000e+00,9.309123407725825583e-01,-1.248874183480228606e-01,0.000000000000000000e+00,-4.363566741925358761e-01,0.000000000000000000e+00,0.000000000000000000e+00,6.161111145310478321e-01,-1.857544403385119058e-01,0.000000000000000000e+00,-7.499999999999999722e-02,0.000000000000000000e+00,-5.500000000000000028e-02,1.000000000000000888e-02,2.449999999999999956e-01,-5.999999999999999778e-02,7.299999999999999822e-01,8.000000000000000167e-02,-5.000000000000000278e-02,4.000000000000000083e-02,3.900000000000000133e-01,-1.950000000000000067e-01,-5.999999999999999778e-02,7.299999999999999822e-01,8.000000000000000167e-02,5.000000000000000278e-02,-4.000000000000000083e-02
7.680000,-6.379839519050158891e-01,0.000000000000000000e+00,7.594907452582463359e-01,9.999218760172473575e-01,0.000000000000000000e+00,-1.249967448170978719e-02,0.000000000000000000e+00,-4.609300446590934852e-01,0.000000000000000000e+00,0.000000000000000000e+00,9.309310325532440533e-01,-1.260009878941505956e-01,0.000000000000000000e+00,-4.369552759442503209e-01,0.000000000000000000e+00,0.000000000000000000e+00,6.152406244783245048e-01,-1.842853485340741337e-01,0.000000000000000000e+00,-7.499999999999999722e-02,0.000000000000000000e+00,-5.500000000000000028e-02,1.000000000000000888e-02,2.449999999999999956e-01,-5.999999999999999778e-02,7.299999999999999822e-01,8.000000000000000167e-02,-5.000000000000000278e-02,4.000000000000000083e-02,3.900000000000000133e-01,-1.950000000000000067e-01,-5.999999999999999778e-02,7.299999999999999822e-01,8.000000000000000167e-02,5.000000000000000278e-02,-4.000000000000000083e-02
7.690000,-6.384939595809649981e-01,0.000000000000000000e+00,7.594907452582463359e-01,9.999218760172473575e-01,0.000000000000000000e+00,-1.249967448170978719e-02,0.000000000000000000e+00,-4.600003599929260445e-01,0.000000000000000000e+00,0.000000000000000000e+00,9.309430716060105304e-01,-1.269427116130844579e-01,0.000000000000000000e+00,-4.374593069582461968e-01,0.000000000000000000e+00,0.000000000000000000e+00,6.144968300073315737e-01,-1.830375230490853267e-01,0.000000000000000000e+00,-7.499999999999999722e-02,0.000000000000000000e+00,-5.500000000000000028e-02,1.000000000000000888e-02,2.449999999999999956e-01,-5.999999999999999778e-02,7.299999999999999822e-01,8.000000000000000167e-02,-5.000000000000000278e-02,4.000000000000000083e-02,3.900000000000000133e-01,-1.950000000000000067e-01,-5.999999999999999778e-02,7.299999999999999822e-01,8.000000000000000167e-02,5.000000000000000278e-02,-4.000000000000000083e-02
7.700000,-6.389163979189453890e-01,0.000000000000000000e+00,7.594907452582463359e-01,9.999218760172473575e-01,0.000000000000000000e+00,-1.249967448170978719e-02,0.000000000000000000e+00,-4.592290073852658416e-01,0.000000000000000000e+00,0.000000000000000000e+00,9.309504034859996668e-01,-1.277213961007337417e-01,0.000000000000000000e+00,-4.378745410984972164e-01,0.000000000000000000e+00,0.000000000000000000e+00,6.138764760074791882e-01,-1.820019349089819216e-01,0.000000000000000000e+00,-7.499999999999999722e-02,0.000000000000000000e+00,-5.500000000000000028e-02,1.000000000000000888e-02,2.449999999999999956e-01,-5.999999999999999778e-02,7.299999999999999822e-01,8.000000000000000167e-02,-5.000000000000000278e-02,4.000000000000000083e-02,3.900000000000000133e-01,-1.950000000000000067e-01,-5.999999999999999778e-02,7.299999999999999822e-01,8.000000000000000167e-02,5.000000000000000278e-02,-4.000000000000000083e-02
7.710000,-6.392565194285411145e-01,0.000000000000000000e+00,7.594907452582463359e-01,9.999218760172473575e-01,0.000000000000000000e+00,-1.249967448170978719e-02,0.000000000000000000e+00,-4.586071083613463828e-01,0.000000000000000000e+00,0.000000000000000000e+00,9.309545683674340655e-01,-1.283474600060876547e-01,0.000000000000000000e+00,-4.382073739855128491e-01,0.000000000000000000e+00,0.000000000000000000e+00,6.133741853666977439e-01,-1.811668113811848446e-01,0.000000000000000000e+00,-7.499999999999999722e-02,0.000000000000000000e+00,-5.500000000000000028e-02,1.000000000000000888e-02,2.449999999999999956e-01,-5.999999999999999778e-02,7.299999999999999822e-01,8.000000000000000167e-02,-5.000000000000000278e-02,4.000000000000000083e-02,3.900000000000000133e-01,-1.950000000000000067e-01,-5.999999999999999778e-02,7.299999999999999822e-01,8.000000000000000167e-02,5.000000000000000278e-02,-4.000000000000000083e-02
7.720000,-6.395206066526418764e-01,0.000000000000000000e+00,7.594907452582463359e-01,9.999218760172473575e-01,0.000000000000000000e+00,-1.249967448170978719e-02,0.000000000000000000e+00,-4.581237105982994273e-01,0.000000000000000000e+00,0.000000000000000000e+00,9.309567327718011320e-01,-1.288330221735016767e-01,0.000000000000000000e+00,-4.384648842340737041e-01,0.000000000000000000e+00,0.000000000000000000e+00,6.129824435308249830e-01,-1.805175592967512288e-01,0.000000000000000000e+00,-7.499999999999999722e-02,0.000000000000000000e+00,-5.500000000000000028e-02,1.000000000000000888e-02,2.449999999999999956e-01,-5.999999999999999778e-02,7.299999999999999822e-01,8.000000000000000167e-02,-5.000000000000000278e-02,4.000000000000000083e-02,3.900000000000000133e-01,-1.950000000000000067e-01,-5.999999999999999778e-02,7.299999999999999822e-01,8.000000000000000167e-02,5.000000000000000278e-02,-4.000000000000000083e-02
7.730000,-6.397160117841093063e-01,0.000000000000000000e+00,7.594907452582463359e-01,9.999218760172473575e-01,0.000000000000000000e+00,-1.249967448170978719e-02,0.000000000000000000e+00,-4.577657368079166567e-01,0.000000000000000000e+00,0.000000000000000000e+00,9.309577325103702838e-01,-1.291919957024535437e-01,0.000000000000000000e+00,-4.386549055350567050e-01,0.000000000000000000e+00,0.000000000000000000e+00,6.126916034516209919e-01,-1.800366979165642367e-01,0.000000000000000000e+00,-7.499999999999999722e-02,0.000000000000000000e+00,-5.500000000000000028e-02,1.000000000000000888e-02,2.449999999999999956e-01,-5.999999999999999778e-02,7.299999999999999822e-01,8.000000000000000167e-02,-5.000000000000000278e-02,4.000000000000000083e-02,3.900000000000000133e-01,-1.950000000000000067e-01,-5.999999999999999778e-02,7.299999999999999822e-01,8.000000000000000167e-02,5.000000000000000278e-02,-4.000000000000000083e-02
7.740000,-6.398511962824425803e-01,0.000000000000000000e+00,7.594907452582463359e-01,9.999218760172473575e-01,0.000000000000000000e+00,-1.249967448170978719e-02,0.000000000000000000e+00,-4.575179378560617627e-01,0.000000000000000000e+00,0.000000000000000000e+00,9.309581246264413412e-01,-1.294401867703796061e-01,0.000000000000000000e+00,-4.387861075530638533e-01,0.000000000000000000e+00,0.000000000000000000e+00,6.124899071067710921e-01,-1.797037995537071886e-01,0.000000000000000000e+00,-7.499999999999999722e-02,0.000000000000000000e+00,-5.500000000000000028e-02,1.000000000000000888e-02,2.449999999999999956e-01,-5.999999999999999778e-02,7.299999999999999822e-01,8.000000000000000167e-02,-5.000000000000000278e-02,4.000000000000000083e-02,3.900000000000000133e-01,-1.950000000000000067e-01,-5.999999999999999778e-02,7.299999999999999822e-01,8.000000000000000167e-02,5.000000000000000278e-02,-4.000000000000000083e-02
7.750000,-6.399357704904438116e-01,0.000000000000000000e+00,7.594907452582463359e-01,9.999218760172473575e-01,0.000000000000000000e+00,-1.249967448170978719e-02,0.000000000000000000e+00,-4.573628487027078249e-01,0.000000000000000000e+00,0.000000000000000000e+00,9.309582453782916378e-01,-1.295953966755838405e-01,0.000000000000000000e+00,-4.388680828992904681e-01,0.000000000000000000e+00,0.000000000000000000e+00,6.123635184291867928e-01,-1.794954355298962745e-01,0.000000000000000000e+00,-7.499999999999999722e-02,0.000000000000000000e+00,-5.500000000000000028e-02,1.000000000000000888e-02,2.449999999999999956e-01,-5.999999999999999778e-02,7.299999999999999822e-01,8.000000000000000167e-02,-5.000000000000000278e-02,4.000000000000000083e-02,3.900000000000000133e-01,-1.950000000000000067e-01,-5.999999999999999778e-02,7.299999999999999822e-01,8.000000000000000167e-02,5.000000000000000278e-02,-4.000000000000000083e-02
7.760000,-6.399805332508837763e-01,0.000000000000000000e+00,7.594907452582463359e-01,9.999218760172473575e-01,0.000000000000000000e+00,-1.249967448170978719e-02,0.000000000000000000e+00,-4.572807453506851916e-01,0.000000000000000000e+00,0.000000000000000000e+00,9.309582704874057590e-01,-1.296775251367205950e-01,0.000000000000000000e+00,-4.389114366983845050e-01,0.000000000000000000e+00,0.000000000000000000e+00,6.122965610804538272e-01,-1.793851243820692720e-01,0.000000000000000000e+00,-7.499999999999999722e-02,0.000000000000000000e+00,-5.500000000000000028e-02,1.000000000000000888e-02,2.449999999999999956e-01,-5.999999999999999778e-02,7.299999999999999822e-01,8.000000000000000167e-02,-5.000000000000000278e-02,4.000000000000000083e-02,3.900000000000000133e-01,-1.950000000000000067e-01,-5.999999999999999778e-02,7.299999999999999822e-01,8.000000000000000167e-02,5.000000000000000278e-02,-4.000000000000000083e-02
7.770000,-6.399975115231675282e-01,0.000000000000000000e+00,7.594907452582463359e-01,9.999218760172473575e-01,0.000000000000000000e+00,-1.249967448170978719e-02,0.000000000000000000e+00,-4.572496005536993979e-01,0.000000000000000000e+00,0.000000000000000000e+00,9.309582729856787919e-01,-1.297086724319793660e-01,0.000000000000000000e+00,-4.389278744995084858e-01,0.000000000000000000e+00,0.000000000000000000e+00,6.122711530453883721e-01,-1.793432785458798362e-01,0.000000000000000000e+00,-7.499999999999999722e-02,0.000000000000000000e+00,-5.500000000000000028e-02,1.000000000000000888e-02,2.449999999999999956e-01,-5.999999999999999778e-02,7.299999999999999822e-01,8.000000000000000167e-02,-5.000000000000000278e-02,4.000000000000000083e-02,3.900000000000000133e-01,-1.950000000000000067e-01,-5.999999999999999778e-02,7.299999999999999822e-01,8.000000000000000167e-02,5.000000000000000278e-02,-4.000000000000000083e-02
7.780000,-6.400000000000000133e-01,0.000000000000000000e+00,7.594907452582463359e-01,9.999218760172473575e-01,0.000000000000000000e+00,-1.249967448170978719e-02,0.000000000000000000e+00,-4.572450355541490263e-01,0.000000000000000000e+00,0.000000000000000000e+00,9.309582730271812601e-01,-1.297132374730322057e-01,0.000000000000000000e+00,-4.389302834803130438e-01,0.000000000000000000e+00,0.000000000000000000e+00,6.122674285019926721e-01,-1.793371450216795782e-01,0.000000000000000000e+00,-7.499999999999999722e-02,0.000000000000000000e+00,-5.500000000000000028e-02,1.000000000000000888e-02,2.449999999999999956e-01,-5.999999999999999778e-02,7.299999999999999822e-01,8.000000000000000167e-02,-5.000000000000000278e-02,4.000000000000000083e-02,3.900000000000000133e-01,-1.950000000000000067e-01,-5.999999999999999778e-02,7.299999999999999822e-01,8.000000000000000167e-02,5.000000000000000278e-02,-4.000000000000000083e-02
7.790000,-6.400000000000000133e-01,0.000000000000000000e+00,7.594907452582463359e-01,9.999218760172473575e-01,0.000000000000000000e+00,-1.249967448170978893e-02,0.000000000000000000e+00,-4.571478197237122121e-01,0.000000000000000000e+00,0.000000000000000000e+00,9.307597666172332529e-01,-1.299186432195295060e-01,0.000000000000000000e+00,-4.390804342711054908e-01,0.000000000000000000e+00,0.000000000000000000e+00,6.125601608211004301e-01,-1.791730302239863404e-01,0.000000000000000000e+00,-7.486855871742489899e-02,0.000000000000000000e+00,-5.500000000000000028e-02,1.033298458252360219e-02,2.449561862391416434e-01,-5.989484697393991641e-02,7.299999999999999822e-01,7.985979596525323576e-02,-4.991237247828327062e-02,3.992989798262661788e-02,3.896670154174763923e-01,-1.950438137608583589e-01,-5.989484697393991641e-02,7.299999999999999822e-01,7.985979596525323576e-02,4.991237247828327062e-02,-3.992989798262661788e-02
7.800000,-6.400000000000000133e-01,0.000000000000000000e+00,7.594907452582463359e-01,9.999218760172473575e-01,0.000000000000000000e+00,-1.249967448170978719e-02,0.000000000000000000e+00,-4.565205734815258043e-01,0.000000000000000000e+00,0.000000000000000000e+00,9.294789934044834778e-01,-1.312424790098307703e-01,0.000000000000000000e+00,-4.400469144582833669e-01,0.000000000000000000e+00,0.000000000000000000e+00,6.144442444736550879e-01,-1.781132709284985460e-01,0.000000000000000000e+00,-7.402111753419722551e-02,0.000000000000000000e+00,-5.500000000000000028e-02,1.247983558003371019e-02,2.446737058447324142e-01,-5.921689402735777485e-02,7.299999999999999822e-01,7.895585870314369981e-02,-4.934741168946481932e-02,3.947792935157184990e-02,3.875201644199662843e-01,-1.953262941552675880e-01,-5.921689402735777485e-02,7.299999999999999822e-01,7.895585870314369981e-02,4.934741168946481932e-02,-3.947792935157184990e-02
7.810000,-6.400000000000000133e-01,0.000000000000000000e+00,7.594907452582463359e-01,9.999218760172473575e-01,0.000000000000000000e+00,-1.249967448170978372e-02,0.000000000000000000e+00,-4.549708333935084670e-01,0.000000000000000000e+00,0.000000000000000000e+00,9.263146550546835778e-01,-1.345024235947246405e-01,0.000000000000000000e+00,-4.424178516852238507e-01,0.000000000000000000e+00,0.000000000000000000e+00,6.190650755301327912e-01,-1.754886219113593326e-01,0.000000000000000000e+00,-7.193202774276448441e-02,0.000000000000000000e+00,-5.500000000000000028e-02,1.777219638499663579e-02,2.439773425809214913e-01,-5.754562219421158892e-02,7.299999999999999822e-01,7.672749625894878522e-02,-4.795468516184299423e-02,3.836374812947439261e-02,3.822278036150034142e-01,-1.960226574190785109e-01,-5.754562219421158892e-02,7.299999999999999822e-01,7.672749625894878522e-02,4.795468516184299423e-02,-3.836374812947439261e-02
7.820000,-6.400000000000000133e-01,0.000000000000000000e+00,7.594907452582463359e-01,9.999218760172473575e-01,0.000000000000000000e+00,-1.249967448170978893e-02,0.000000000000000000e+00,-4.522379090641440169e-01,0.000000000000000000e+00,0.000000000000000000e+00,9.207346850744891897e-01,-1.402135365396190991e-01,0.000000000000000000e+00,-4.465414642859337757e-01,0.000000000000000000e+00,0.000000000000000000e+00,6.270979094997076730e-01,-1.708396846844998929e-01,0.000000000000000000e+00,-6.826424548745400889e-02,0.000000000000000000e+00,-5.500000000000000028e-02,2.706391143178316083e-02,2.427547484958180180e-01,-5.461139638996321405e-02,7.299999999999999822e-01,7.281519518661762336e-02,-4.550949699163601286e-02,3.640759759330881168e-02,3.729360885682168614e-01,-1.972452515041819843e-01,-5.461139638996321405e-02,7.299999999999999822e-01,7.281519518661762336e-02,4.550949699163601286e-02,-3.640759759330881168e-02
7.830000,-6.400000000000000133e-01,0.000000000000000000e+00,7.594907452582463359e-01,9.999218760172473575e-01,0.000000000000000000e+00,-1.249967448170978893e-02,0.000000000000000000e+00,-4.481738108468811821e-01,0.000000000000000000e+00,0.000000000000000000e+00,9.124373743636617906e-01,-1.486173536205370738e-01,0.000000000000000000e+00,-4.525430416359670360e-01,0.000000000000000000e+00,0.000000000000000000e+00,6.387802265039457250e-01,-1.638833947642221456e-01,0.000000000000000000e+00,-6.284837566981862911e-02,0.000000000000000000e+00,-5.500000000000000028e-02,4.078411496979278406e-02,2.409494585566062108e-01,-5.027870053585490467e-02,7.299999999999999822e-01,6.703826738113988215e-02,-4.189891711321242634e-02,3.351913369056994108e-02,3.592158850302072381e-01,-1.990505414433937914e-01,-5.027870053585490467e-02,7.299999999999999822e-01,6.703826738113988215e-02,4.189891711321242634e-02,-3.351913369056994108e-02
7.840000,-6.400000000000000133e-01,0.000000000000000000e+00,7.594907452582463359e-01,9.999218760172473575e-01,0.000000000000000000e+00,-1.249967448170979066e-02,0.000000000000000000e+00,-4.427267079270645334e-01,0.000000000000000000e+00,0.000000000000000000e+00,9.013176028686243901e-01,-1.597135579489304957e-01,0.000000000000000000e+00,-4.603547469825725047e-01,0.000000000000000000e+00,0.000000000000000000e+00,6.539703082481421736e-01,-1.544928982581989518e-01,0.000000000000000000e+00,-5.566171585398400901e-02,0.000000000000000000e+00,-5.500000000000000028e-02,5.899031983657385125e-02,2.385539052846613328e-01,-4.452937268318720582e-02,7.299999999999999822e-01,5.937249691091628367e-02,-3.710781056932267730e-02,2.968624845545814184e-02,3.410096801634261432e-01,-2.014460947153386694e-01,-4.452937268318720582e-02,7.299999999999999822e-01,5.937249691091628367e-02,3.710781056932267730e-02,-2.968624845545814184e-02
7.850000,-6.400000000000000133e-01,0.000000000000000000e+00,7.594907452582463359e-01,9.999218760172473575e-01,0.000000000000000000e+00,-1.249967448170978893e-02,0.000000000000000000e+00,-4.359273683983101999e-01,0.000000000000000000e+00,0.000000000000000000e+00,8.874390916626799797e-01,-1.732946895297161616e-01,0.000000000000000000e+00,-4.697568471940357093e-01,0.000000000000000000e+00,0.000000000000000000e+00,6.722292095173282300e-01,-1.426893960579460607e-01,0.000000000000000000e+00,-4.680730017199439402e-02,0.000000000000000000e+00,-5.500000000000000028e-02,8.142150623094752959e-02,2.356024333906648061e-01,-3.744584013759551938e-02,7.299999999999999822e-01,4.992778685012735918e-02,-3.120486678132959948e-02,2.496389342506367959e-02,3.185784937690525065e-01,-2.043975666093351962e-01,-3.744584013759551938e-02,7.299999999999999822e-01,4.992778685012735918e-02,3.120486678132959948e-02,-2.496389342506367959e-02
7.860000,-6.400000000000000133e-01,0.000000000000000000e+00,7.594907452582463359e-01,9.999218760172473575e-01,0.000000000000000000e+00,-1.249967448170979066e-02,0.000000000000000000e+00,-4.278783866082745968e-01,0.000000000000000000e+00,0.000000000000000000e+00,8.710122882218807039e-01,-1.889837007455597018e-01,0.000000000000000000e+00,-4.804240926600573114e-01,0.000000000000000000e+00,0.000000000000000000e+00,6.929133397630147240e-01,-1.286394479710037952e-01,0.000000000000000000e+00,-3.649294322916273731e-02,0.000000000000000000e+00,-5.500000000000000028e-02,1.075512104861210683e-01,2.321643144097209066e-01,-2.919435458333019193e-02,7.299999999999999822e-01,3.892580611110692257e-02,-2.432862881944182834e-02,1.946290305555346128e-02,2.924487895138789817e-01,-2.078356855902790956e-01,-2.919435458333019193e-02,7.299999999999999822e-01,3.892580611110692257e-02,2.432862881944182834e-02,-1.946290305555346128e-02
7.870000,-6.400000000000000133e-01,0.000000000000000000e+00,7.594907452582463359e-01,9.999218760172473575e-01,0.000000000000000000e+00,-1.249967448170979066e-02,0.000000000000000000e+00,-4.187456560232484803e-01,0.000000000000000000e+00,0.000000000000000000e+00,8.523767993129693910e-01,-2.062738139344246768e-01,0.000000000000000000e+00,-4.919700455099172420e-01,0.000000000000000000e+00,0.000000000000000000e+00,7.152629624177537782e-01,-1.126502462631326917e-01,0.000000000000000000e+00,-2.501028400941267965e-02,0.000000000000000000e+00,-5.500000000000000028e-02,1.366406138428212236e-01,2.283367613364709059e-01,-2.000822720753014580e-02,7.299999999999999822e-01,2.667763627670685991e-02,-1.667352267294178875e-02,1.333881813835342996e-02,2.633593861571787986e-01,-2.116632386635290963e-01,-2.000822720753014580e-02,7.299999999999999822e-01,2.667763627670685991e-02,1.667352267294178875e-02,-1.333881813835342996e-02
7.880000,-6.400000000000000133e-01,0.000000000000000000e+00,7.594907452582463359e-01,9.999218760172473575e-01,0.000000000000000000e+00,-1.249967448170978546e-02,0.000000000000000000e+00,-4.087513255930471101e-01,0.000000000000000000e+00,0.000000000000000000e+00,8.319868407016463019e-01,-2.245699122871331888e-01,0.000000000000000000e+00,-5.039842985239226802e-01,0.000000000000000000e+00,0.000000000000000000e+00,7.384762634347361576e-01,-9.515756773227934673e-02,0.000000000000000000e+00,-1.271382978062825242e-02,0.000000000000000000e+00,-5.500000000000000028e-02,1.677916312224084217e-01,2.242379432602094047e-01,-1.017106382450260089e-02,7.299999999999999822e-01,1.356141843267013626e-02,-8.475886520418834946e-03,6.780709216335068130e-03,2.322083687775916006e-01,-2.157620567397905975e-01,-1.017106382450260089e-02,7.299999999999999822e-01,1.356141843267013626e-02,8.475886520418834946e-03,-6.780709216335068130e-03
7.890000,-6.400000000000000133e-01,0.000000000000000000e+00,7.594907452582463359e-01,9.999218760172473575e-01,0.000000000000000000e+00,-1.249967448170978893e-02,0.000000000000000000e+00,-3.981672730538153848e-01,0.000000000000000000e+00,0.000000000000000000e+00,8.103977560555019055e-01,-2.432304830016890351e-01,0.000000000000000000e+00,-5.160606899815968207e-01,0.000000000000000000e+00,0.000000000000000000e+00,7.617650652719071269e-01,-7.670437529030771362e-02,0.000000000000000000e+00,1.115774139748282205e-15,0.000000000000000000e+00,-5.500000000000000028e-02,2.000000000000028422e-01,2.199999999999996403e-01,8.926193117986257638e-16,7.299999999999999822e-01,-1.190159082398167882e-15,7.438494264988549018e-16,-5.950795411990839412e-16,1.999999999999971800e-01,-2.200000000000003619e-01,8.926193117986257638e-16,7.299999999999999822e-01,-1.190159082398167882e-15,-7.438494264988549018e-16,5.950795411990839412e-16
7.900000,-6.400000000000000133e-01,0.000000000000000000e+00,7.594907452582463359e-01,9.999218760172473575e-01,0.000000000000000000e+00,-1.249967448170978546e-02,0.000000000000000000e+00,-3.873078834834122741e-01,0.000000000000000000e+00,0.000000000000000000e+00,7.882511555600179021e-01,-2.616088748980740508e-01,0.000000000000000000e+00,-5.278171587104467655e-01,0.000000000000000000e+00,0.000000000000000000e+00,7.843934284453382144e-01,-5.791066691342294792e-02,0.000000000000000000e+00,1.271382978062932621e-02,0.000000000000000000e+00,-5.500000000000000028e-02,2.322083687775943206e-01,2.157620567397902367e-01,1.017106382450346132e-02,7.299999999999999822e-01,-1.356141843267128118e-02,8.475886520419551387e-03,-6.780709216335640589e-03,1.677916312224057016e-01,-2.242379432602097655e-01,1.017106382450346132e-02,7.299999999999999822e-01,-1.356141843267128118e-02,-8.475886520419551387e-03,6.780709216335640589e-03
7.910000,-6.400000000000000133e-01,0.000000000000000000e+00,7.594907452582463359e-01,9.999218760172473575e-01,0.000000000000000000e+00,-1.249967448170979066e-02,0.000000000000000000e+00,-3.765206374102790798e-01,0.000000000000000000e+00,0.000000000000000000e+00,7.662556423306793318e-01,-2.790923342756989056e-01,0.000000000000000000e+00,-5.389092168779029413e-01,0.000000000000000000e+00,0.000000000000000000e+00,8.057031068377237260e-01,-3.943656060452205292e-02,0.000000000000000000e+00,2.501028400941373089e-02,0.000000000000000000e+00,-5.500000000000000028e-02,2.633593861571814632e-01,2.116632386635287633e-01,2.000822720753098194e-02,7.299999999999999822e-01,-2.667763627670798054e-02,1.667352267294248611e-02,-1.333881813835399027e-02,1.366406138428185590e-01,-2.283367613364712390e-01,2.000822720753098194e-02,7.299999999999999822e-01,-2.667763627670798054e-02,-1.667352267294248611e-02,1.333881813835399027e-02
7.920000,-6.400000000000000133e-01,0.000000000000000000e+00,7.594907452582463359e-01,9.999218760172473575e-01,0.000000000000000000e+00,-1.249967448170979066e-02,0.000000000000000000e+00,-3.661727688709879858e-01,0.000000000000000000e+00,0.000000000000000000e+00,7.451595931043781817e-01,-2.951370251014386881e-01,0.000000000000000000e+00,-5.490393423737287559e-01,0.000000000000000000e+00,0.000000000000000000e+00,8.251305046337852334e-01,-2.194096139200796269e-02,0.000000000000000000e+00,3.649294322916366712e-02,0.000000000000000000e+00,-5.500000000000000028e-02,2.924487895138813132e-01,2.078356855902787903e-01,2.919435458333093092e-02,7.299999999999999822e-01,-3.892580611110790789e-02,2.432862881944244590e-02,-1.946290305555395395e-02,1.075512104861187229e-01,-2.321643144097212119e-01,2.919435458333093092e-02,7.299999999999999822e-01,-3.892580611110790789e-02,-2.432862881944244590e-02,1.946290305555395395e-02
7.930000,-6.400000000000000133e-01,0.000000000000000000e+00,7.594907452582463359e-01,9.999218760172473575e-01,0.000000000000000000e+00,-1.249967448170978893e-02,0.000000000000000000e+00,-3.566322309969010007e-01,0.000000000000000000e+00,0.000000000000000000e+00,7.257124074233002320e-01,-3.092972101610566016e-01,0.000000000000000000e+00,-5.579643570417995857e-01,0.000000000000000000e+00,0.000000000000000000e+00,8.422193333077179211e-01,-6.037942531260886980e-03,0.000000000000000000e+00,4.680730017199604548e-02,0.000000000000000000e+00,-5.500000000000000028e-02,3.185784937690566698e-01,2.043975666093346411e-01,3.744584013759683777e-02,7.299999999999999822e-01,-4.992778685012911472e-02,3.120486678133069930e-02,-2.496389342506455736e-02,8.142150623094335238e-02,-2.356024333906653612e-01,3.744584013759683777e-02,7.299999999999999822e-01,-4.992778685012911472e-02,-3.120486678133069930e-02,2.496389342506455736e-02
7.940000,-6.400000000000000133e-01,0.000000000000000000e+00,7.594907452582463359e-01,9.999218760172473575e-01,0.000000000000000000e+00,-1.249967448170979240e-02,0.000000000000000000e+00,-3.482416812646263460e-01,0.000000000000000000e+00,0.000000000000000000e+00,7.086115986315959514e-01,-3.212472543596004981e-01,0.000000000000000000e+00,-5.655024353517468239e-01,0.000000000000000000e+00,0.000000000000000000e+00,8.566323431539833999e-01,7.747429190394394816e-03,0.000000000000000000e+00,5.566171585398469596e-02,0.000000000000000000e+00,-5.500000000000000028e-02,3.410096801634279196e-01,2.014460947153384474e-01,4.452937268318775399e-02,7.299999999999999822e-01,-5.937249691091700532e-02,3.710781056932312832e-02,-2.968624845545850266e-02,5.899031983657213041e-02,-2.385539052846615549e-01,4.452937268318775399e-02,7.299999999999999822e-01,-5.937249691091700532e-02,-3.710781056932312832e-02,2.968624845545850266e-02
7.950000,-6.400000000000000133e-01,0.000000000000000000e+00,7.594907452582463359e-01,9.999218760172473575e-01,0.000000000000000000e+00,-1.249967448170978719e-02,0.000000000000000000e+00,-3.412854391595500081e-01,0.000000000000000000e+00,0.000000000000000000e+00,6.944356171227238361e-01,-3.307963878594186169e-01,0.000000000000000000e+00,-5.715409891786068508e-01,0.000000000000000000e+00,0.000000000000000000e+00,8.681647249702657554e-01,1.902247410458590693e-02,0.000000000000000000e+00,6.284837566981921197e-02,0.000000000000000000e+00,-5.500000000000000028e-02,3.592158850302086814e-01,1.990505414433935971e-01,5.027870053585536958e-02,7.299999999999999822e-01,-6.703826738114049277e-02,4.189891711321280798e-02,-3.351913369057024639e-02,4.078411496979134077e-02,-2.409494585566064051e-01,5.027870053585536958e-02,7.299999999999999822e-01,-6.703826738114049277e-02,-4.189891711321280798e-02,3.351913369057024639e-02
7.960000,-6.400000000000000133e-01,0.000000000000000000e+00,7.594907452582463359e-01,9.999218760172473575e-01,0.000000000000000000e+00,-1.249967448170978893e-02,0.000000000000000000e+00,-3.359513882616328440e-01,0.000000000000000000e+00,0.000000000000000000e+00,6.835663976263959274e-01,-3.378982488354901337e-01,0.000000000000000000e+00,-5.760463708085723500e-01,0.000000000000000000e+00,0.000000000000000000e+00,8.767611849147344261e-01,2.756842536456505233e-02,0.000000000000000000e+00,6.826424548745448073e-02,0.000000000000000000e+00,-5.500000000000000028e-02,3.729360885682180271e-01,1.972452515041818455e-01,5.461139638996358181e-02,7.299999999999999822e-01,-7.281519518661812296e-02,4.550949699163632511e-02,-3.640759759330906148e-02,2.706391143178199510e-02,-2.427547484958181567e-01,5.461139638996358181e-02,7.299999999999999822e-01,-7.281519518661812296e-02,-4.550949699163632511e-02,3.640759759330906148e-02
7.970000,-6.400000000000000133e-01,0.000000000000000000e+00,7.594907452582463359e-01,9.999218760172473575e-01,0.000000000000000000e+00,-1.249967448170978372e-02,0.000000000000000000e+00,-3.322920365179087288e-01,0.000000000000000000e+00,0.000000000000000000e+00,6.761101783029564993e-01,-3.426595398514986623e-01,0.000000000000000000e+00,-5.790761134808068977e-01,0.000000000000000000e+00,0.000000000000000000e+00,8.825382524842321219e-01,3.337925906302574575e-02,0.000000000000000000e+00,7.193202774276467870e-02,0.000000000000000000e+00,-5.500000000000000028e-02,3.822278036150038583e-01,1.960226574190784277e-01,5.754562219421174851e-02,7.299999999999999822e-01,-7.672749625894900727e-02,4.795468516184312607e-02,-3.836374812947450363e-02,1.777219638499613619e-02,-2.439773425809215746e-01,5.754562219421174851e-02,7.299999999999999822e-01,-7.672749625894900727e-02,-4.795468516184312607e-02,3.836374812947450363e-02
7.980000,-6.400000000000000133e-01,0.000000000000000000e+00,7.594907452582463359e-01,9.999218760172473575e-01,0.000000000000000000e+00,-1.249967448170978719e-02,0.000000000000000000e+00,-3.301902185875009166e-01,0.000000000000000000e+00,0.000000000000000000e+00,6.718277237243837074e-01,-3.453534460500097270e-01,0.000000000000000000e+00,-5.807942128607039844e-01,0.000000000000000000e+00,0.000000000000000000e+00,8.858129313378224623e-01,3.669722243600848088e-02,0.000000000000000000e+00,7.402111753419726714e-02,0.000000000000000000e+00,-5.500000000000000028e-02,3.875201644199664508e-01,1.953262941552675880e-01,5.921689402735781649e-02,7.299999999999999822e-01,-7.895585870314375532e-02,4.934741168946485401e-02,-3.947792935157187766e-02,1.247983558003357141e-02,-2.446737058447324142e-01,5.921689402735781649e-02,7.299999999999999822e-01,-7.895585870314375532e-02,-4.934741168946485401e-02,3.947792935157187766e-02
7.990000,-6.400000000000000133e-01,0.000000000000000000e+00,7.594907452582463359e-01,9.999218760172473575e-01,0.000000000000000000e+00,-1.249967448170978893e-02,0.000000000000000000e+00,-3.293339138727117699e-01,0.000000000000000000e+00,0.000000000000000000e+00,6.700830370865884511e-01,-3.464424268878682489e-01,0.000000000000000000e+00,-5.814896126296316137e-01,0.000000000000000000e+00,0.000000000000000000e+00,8.871380738232482743e-01,3.804484248037498517e-02,0.000000000000000000e+00,7.486855871742496837e-02,0.000000000000000000e+00,-5.500000000000000028e-02,3.896670154174766143e-01,1.950438137608583311e-01,5.989484697393997886e-02,7.299999999999999822e-01,-7.985979596525330515e-02,4.991237247828331919e-02,-3.992989798262665258e-02,1.033298458252340790e-02,-2.449561862391416711e-01,5.989484697393997886e-02,7.299999999999999822e-01,-7.985979596525330515e-02,-4.991237247828331919e-02,3.992989798262665258e-02
8.000000,-6.400000000000000133e-01,0.000000000000000000e+00,7.594907452582463359e-01,9.999218760172473575e-01,0.000000000000000000e+00,-1.249967448170978719e-02,0.000000000000000000e+00,-3.292009047033100932e-01,0.000000000000000000e+00,0.000000000000000000e+00,6.698120380008112384e-01,-3.466111332975010950e-01,0.000000000000000000e+00,-5.815973920929660146e-01,0.000000000000000000e+00,0.000000000000000000e+00,8.873434420555956770e-01,3.825395003737042110e-02,0.000000000000000000e+00,7.499999999999999722e-02,0.000000000000000000e+00,-5.500000000000000028e-02,3.900000000000000133e-01,1.950000000000000067e-01,5.999999999999999778e-02,7.299999999999999822e-01,-8.000000000000000167e-02,5.000000000000000278e-02,-4.000000000000000083e-02,1.000000000000000888e-02,-2.449999999999999956e-01,5.999999999999999778e-02,7.299999999999999822e-01,-8.000000000000000167e-02,-5.000000000000000278e-02,4.000000000000000083e-02
8.010000,-6.400000000000000133e-01,0.000000000000000000e+00,7.594905740630359947e-01,9.999218804754034240e-01,0.000000000000000000e+00,-1.249931784270823243e-02,0.000000000000000000e+00,-3.292004252306404144e-01,0.000000000000000000e+00,0.000000000000000000e+00,6.698120380001503227e-01,-3.466116127695098581e-01,0.000000000000000000e+00,-5.815906785353047725e-01,0.000000000000000000e+00,0.000000000000000000e+00,8.873395943170697686e-01,3.824109754601512368e-02,0.000000000000000000e+00,7.499572005868143654e-02,0.000000000000000000e+00,-5.499843066579401807e-02,3.899891574819930318e-01,1.950014266471061797e-01,5.999657604694515201e-02,7.299980026655560339e-01,-7.999543472926021193e-02,4.999714670578762898e-02,-3.999771736463010596e-02,1.001084251800701819e-02,-2.449985733528938225e-01,5.999657604694515201e-02,7.299980026655560339e-01,-7.999543472926021193e-02,-4.999714670578762898e-02,3.999771736463010596e-02
8.020000,-6.400000000000000133e-01,0.000000000000000000e+00,7.594894054302420150e-01,9.999219109115905502e-01,0.000000000000000000e+00,-1.249688276784479204e-02,0.000000000000000000e+00,-3.291971514495852791e-01,0.000000000000000000e+00,0.000000000000000000e+00,6.698120379603216268e-01,-3.466148865107362975e-01,0.000000000000000000e+00,-5.815448381682024603e-01,0.000000000000000000e+00,0.000000000000000000e+00,8.873133195268138040e-01,3.815334454726126978e-02,0.000000000000000000e+00,7.496650055834680471e-02,0.000000000000000000e+00,-5.498771549949425796e-02,3.899151347478119201e-01,1.950111664805510570e-01,5.997320044667744238e-02,7.299843651811745993e-01,-7.996426726223659909e-02,4.997766703889787443e-02,-3.998213363111829954e-02,1.008486525218810215e-02,-2.449888335194489453e-01,5.997320044667744238e-02,7.299843651811745993e-01,-7.996426726223659909e-02,-4.997766703889787443e-02,3.998213363111829954e-02
8.030000,-6.400000000000000133e-01,0.000000000000000000e+00,7.594863239075599903e-01,9.999219911960760543e-01,0.000000000000000000e+00,-1.249045725641753125e-02,0.000000000000000000e+00,-3.291885126720932031e-01,0.000000000000000000e+00,0.000000000000000000e+00,6.698120375594424081e-01,-3.466235248873491548e-01,0.000000000000000000e+00,-5.814238671935405556e-01,0.000000000000000000e+00,0.000000000000000000e+00,8.872439619326241145e-01,3.792180280360701872e-02,0.000000000000000000e+00,7.488942544699705994e-02,0.000000000000000000e+00,-5.495944104242280609e-02,3.897198777990592555e-01,1.950368581843343052e-01,5.991154035759765212e-02,7.299483795085381921e-01,-7.988205381013019357e-02,4.992628363133137792e-02,-3.994102690506509679e-02,1.028012220094076667e-02,-2.449631418156656970e-01,5.991154035759765212e-02,7.299483795085381921e-01,-7.988205381013019357e-02,-4.992628363133137792e-02,3.994102690506509679e-02
8.040000,-6.400000000000000133e-01,0.000000000000000000e+00,7.594805051260461459e-01,9.999221429087596924e-01,0.000000000000000000e+00,-1.247830600498530187e-02,0.000000000000000000e+00,-3.291721753509713744e-01,0.000000000000000000e+00,0.000000000000000000e+00,6.698120356286269006e-01,-3.466398602776554760e-01,0.000000000000000000e+00,-5.811950579582183529e-01,0.000000000000000000e+00,0.000000000000000000e+00,8.871126992269160461e-01,3.748399471630858848e-02,0.000000000000000000e+00,7.474377748714211567e-02,0.000000000000000000e+00,-5.490597136907240938e-02,3.893509029674266930e-01,1.950854075042859626e-01,5.979502198971369670e-02,7.298803271970012441e-01,-7.972669598628492893e-02,4.982918499142808405e-02,-3.986334799314246446e-02,1.064909703257330142e-02,-2.449145924957140397e-01,5.979502198971369670e-02,7.298803271970012441e-01,-7.972669598628492893e-02,-4.982918499142808405e-02,3.986334799314246446e-02
8.050000,-6.400000000000000133e-01,0.000000000000000000e+00,7.594712191681701752e-01,9.999223853287905195e-01,0.000000000000000000e+00,-1.245886505191246170e-02,0.000000000000000000e+00,-3.291460354869599203e-01,0.000000000000000000e+00,0.000000000000000000e+00,6.698120293486968801e-01,-3.466659938617369097e-01,0.000000000000000000e+00,-5.808288695820410519e-01,0.000000000000000000e+00,0.000000000000000000e+00,8.869024155512051921e-01,3.678370101126071656e-02,0.000000000000000000e+00,7.451104822699658459e-02,0.000000000000000000e+00,-5.482042452549532041e-02,3.887613221750579884e-01,1.951629839243344822e-01,5.960883858159726073e-02,7.297714493960849591e-01,-7.947845144212969948e-02,4.967403215133105870e-02,-3.973922572106484974e-02,1.123867782494200607e-02,-2.448370160756655201e-01,5.960883858159726073e-02,7.297714493960849591e-01,-7.947845144212969948e-02,-4.967403215133105870e-02,3.973922572106484974e-02
8.060000,-6.400000000000000133e-01,0.000000000000000000e+00,7.594578349410334717e-01,9.999227354110979960e-01,0.000000000000000000e+00,-1.243073642175835693e-02,0.000000000000000000e+00,-3.291082109691106372e-01,0.000000000000000000e+00,0.000000000000000000e+00,6.698120133109202179e-01,-3.467038023418095305e-01,0.000000000000000000e+00,-5.802987936872351371e-01,0.000000000000000000e+00,0.000000000000000000e+00,8.865975625899572554e-01,3.577081543713622747e-02,0.000000000000000000e+00,7.417496053623780228e-02,0.000000000000000000e+00,-5.469664896769202422e-02,3.879099000251358120e-01,1.952750131545873957e-01,5.933996842899024599e-02,7.296139168679717235e-01,-7.911995790532033723e-02,4.944997369082521077e-02,-3.955997895266016862e-02,1.209009997486423793e-02,-2.447249868454126065e-01,5.933996842899024599e-02,7.296139168679717235e-01,-7.911995790532033723e-02,-4.944997369082521077e-02,3.955997895266016862e-02
8.070000,-6.400000000000000133e-01,0.000000000000000000e+00,7.594398248998462941e-01,9.999232077583615208e-01,0.000000000000000000e+00,-1.239268276962571247e-02,0.000000000000000000e+00,-3.290570338919910909e-01,0.000000000000000000e+00,0.000000000000000000e+00,6.698119785303732199e-01,-3.467549446383820788e-01,0.000000000000000000e+00,-5.795812183176134447e-01,0.000000000000000000e+00,0.000000000000000000e+00,8.861840161902946322e-01,3.440120212731878624e-02,0.000000000000000000e+00,7.372149551999998551e-02,0.000000000000000000e+00,-5.452919999999999295e-02,3.867611219839999226e-01,1.954261681599999967e-01,5.897719641599998008e-02,7.294008000000000713e-01,-7.863626188799997807e-02,4.914766367999999497e-02,-3.931813094399998904e-02,1.323887801600007186e-02,-2.445738318400000055e-01,5.897719641599998008e-02,7.294008000000000713e-01,-7.863626188799997807e-02,-4.914766367999999497e-02,3.931813094399998904e-02
8.080000,-6.400000000000000133e-01,0.000000000000000000e+00,7.594167695750018154e-01,9.999238145955370305e-01,0.000000000000000000e+00,-1.234362202556569914e-02,0.000000000000000000e+00,-3.289910428860450264e-01,0.000000000000000000e+00,0.000000000000000000e+00,6.698119114858652745e-01,-3.468208685998201979e-01,0.000000000000000000e+00,-5.786552926000196884e-01,0.000000000000000000e+00,0.000000000000000000e+00,8.856489346399766260e-01,3.263655204584059444e-02,0.000000000000000000e+00,7.313891697782821943e-02,0.000000000000000000e+00,-5.431331621348247513e-02,3.852852563438314837e-01,1.956203610073905808e-01,5.851113358226257138e-02,7.291260388171595386e-01,-7.801484477635010906e-02,4.875927798521881990e-02,-3.900742238817505453e-02,1.471474365616851077e-02,-2.443796389926094215e-01,5.851113358226257138e-02,7.291260388171595386e-01,-7.801484477635010906e-02,-4.875927798521881990e-02,3.900742238817505453e-02
8.090000,-6.400000000000000133e-01,0.000000000000000000e+00,7.593883614558651907e-01,9.999245657527592313e-01,0.000000000000000000e+00,-1.228262203912181168e-02,0.000000000000000000e+00,-3.289089754908272045e-01,0.000000000000000000e+00,0.000000000000000000e+00,6.698117932468793390e-01,-3.469028177560520843e-01,0.000000000000000000e+00,-5.775027942125127156e-01,0.000000000000000000e+00,0.000000000000000000e+00,8.849806235538930643e-01,3.044423563154763368e-02,0.000000000000000000e+00,7.241778782157727579e-02,0.000000000000000000e+00,-5.404489592431725026e-02,3.834583958146624560e-01,1.958607373928075712e-01,5.793423025726181230e-02,7.287844129945856286e-01,-7.724564034301575899e-02,4.827852521438485284e-02,-3.862282017150787949e-02,1.654160418533759391e-02,-2.441392626071924310e-01,5.793423025726181230e-02,7.287844129945856286e-01,-7.724564034301575899e-02,-4.827852521438485284e-02,3.862282017150787949e-02
8.100000,-6.400000000000000133e-01,0.000000000000000000e+00,7.593544078759930649e-01,9.999254686612435439e-01,0.000000000000000000e+00,-1.220889522407914846e-02,0.000000000000000000e+00,-3.288097605947393198e-01,0.000000000000000000e+00,0.000000000000000000e+00,6.698115987355812706e-01,-3.470018381408419006e-01,0.000000000000000000e+00,-5.761080012821002683e-01,0.000000000000000000e+00,0.000000000000000000e+00,8.841684112581755794e-01,2.779714937419552889e-02,0.000000000000000000e+00,7.155097401117790912e-02,0.000000000000000000e+00,-5.372047361218541123e-02,3.812624674949840475e-01,1.961496753296073647e-01,5.724077920894232036e-02,7.283715118700542224e-01,-7.632103894525643639e-02,4.770064934078527275e-02,-3.816051947262821820e-02,1.873753250501597467e-02,-2.438503246703926375e-01,5.724077920894232036e-02,7.283715118700542224e-01,-7.632103894525643639e-02,-4.770064934078527275e-02,3.816051947262821820e-02
8.110000,-6.400000000000000133e-01,0.000000000000000000e+00,7.593148326281821126e-01,9.999265283657255976e-01,0.000000000000000000e+00,-1.212179320346980053e-02,0.000000000000000000e+00,-3.286925109593302752e-01,0.000000000000000000e+00,0.000000000000000000e+00,6.698112961606332849e-01,-3.471187852013029596e-01,0.000000000000000000e+00,-5.744575699382141742e-01,0.000000000000000000e+00,0.000000000000000000e+00,8.832025376170076214e-01,2.467355460358899855e-02,0.000000000000000000e+00,7.053363261327928735e-02,0.000000000000000000e+00,-5.333719635866010500e-02,3.786852026203075816e-01,1.964887891289069100e-01,5.642690609062343127e-02,7.278837044564765435e-01,-7.523587478749790836e-02,4.702242174218619619e-02,-3.761793739374895418e-02,2.131479737969246835e-02,-2.435112108710930923e-01,5.642690609062343127e-02,7.278837044564765435e-01,-7.523587478749790836e-02,-4.702242174218619619e-02,3.761793739374895418e-02
8.120000,-6.400000000000000133e-01,0.000000000000000000e+00,7.592696761138049144e-01,9.999277475559834594e-01,0.000000000000000000e+00,-1.202080145487013224e-02,0.000000000000000000e+00,-3.285565158411546394e-01,0.000000000000000000e+00,0.000000000000000000e+00,6.698108466492511681e-01,-3.472543308080964786e-01,0.000000000000000000e+00,-5.725404183943950676e-01,0.000000000000000000e+00,0.000000000000000000e+00,8.820740584139141749e-01,2.105690725245068506e-02,0.000000000000000000e+00,6.936318153847596812e-02,0.000000000000000000e+00,-5.289280028559523866e-02,3.757200598974724803e-01,1.968789394871746645e-01,5.549054523078077172e-02,7.273181094543940128e-01,-7.398739364104102434e-02,4.624212102565065236e-02,-3.699369682052051217e-02,2.427994010252754187e-02,-2.431210605128253377e-01,5.549054523078077172e-02,7.273181094543940128e-01,-7.398739364104102434e-02,-4.624212102565065236e-02,3.699369682052051217e-02
8.130000,-6.400000000000000133e-01,0.000000000000000000e+00,7.592190938995919680e-01,9.999291266190930560e-01,0.000000000000000000e+00,-1.190553395601061382e-02,0.000000000000000000e+00,-3.284012337196099418e-01,0.000000000000000000e+00,0.000000000000000000e+00,6.698102040946588565e-01,-3.474089703750488645e-01,0.000000000000000000e+00,-5.703476181177487003e-01,0.000000000000000000e+00,0.000000000000000000e+00,8.807747666696200683e-01,1.693567777049409528e-02,0.000000000000000000e+00,6.803924937161361097e-02,0.000000000000000000e+00,-5.238558699351456710e-02,3.723660984080878200e-01,1.973202502094621447e-01,5.443139949729088739e-02,7.266725652644731026e-01,-7.257519932972118781e-02,4.535949958107574065e-02,-3.628759966486059391e-02,2.763390159191220219e-02,-2.426797497905378576e-01,5.443139949729088739e-02,7.266725652644731026e-01,-7.257519932972118781e-02,-4.535949958107574065e-02,3.628759966486059391e-02
8.140000,-6.400000000000000133e-01,0.000000000000000000e+00,7.591633536166463303e-01,9.999306637132682196e-01,0.000000000000000000e+00,-1.177572783070438174e-02,0.000000000000000000e+00,-3.282262851350535304e-01,0.000000000000000000e+00,0.000000000000000000e+00,6.698093152277461160e-01,-3.475830300926925354e-01,0.000000000000000000e+00,-5.678722923713795945e-01,0.000000000000000000e+00,0.000000000000000000e+00,8.792971316445787888e-01,1.230316072680059936e-02,0.000000000000000000e+00,6.656360447999991325e-02,0.000000000000000000e+00,-5.181439999999996188e-02,3.686277980159997636e-01,1.978121318400000161e-01,5.325088358399992366e-02,7.259455999999999687e-01,-7.100117811199989359e-02,4.437573631999994217e-02,-3.550058905599994680e-02,3.137220198400023086e-02,-2.421878681599999861e-01,5.325088358399992366e-02,7.259455999999999687e-01,-7.100117811199989359e-02,-4.437573631999994217e-02,3.550058905599994680e-02
8.150000,-6.400000000000000133e-01,0.000000000000000000e+00,7.591028301913054221e-01,9.999323548634185821e-01,0.000000000000000000e+00,-1.163123799508804755e-02,0.000000000000000000e+00,-3.280314456378393695e-01,0.000000000000000000e+00,0.000000000000000000e+00,6.698081199143191000e-01,-3.477766742764796803e-01,0.000000000000000000e+00,-5.651095221771638144e-01,0.000000000000000000e+00,0.000000000000000000e+00,8.776342557282783563e-01,7.157273945761710721e-03,0.000000000000000000e+00,6.494006326971139831e-02,0.000000000000000000e+00,-5.117860117808054055e-02,3.645148269499355886e-01,1.983533122434295304e-01,5.195205061576912281e-02,7.251364014993753049e-01,-6.926940082102550633e-02,4.329337551314094146e-02,-3.463470041051275317e-02,3.548517305006443356e-02,-2.416466877565704718e-01,5.195205061576912281e-02,7.251364014993753049e-01,-6.926940082102550633e-02,-4.329337551314094146e-02,3.463470041051275317e-02
8.160000,-6.400000000000000133e-01,0.000000000000000000e+00,7.590379994457734369e-01,9.999341940779324922e-01,0.000000000000000000e+00,-1.147203180415538523e-02,0.000000000000000000e+00,-3.278166388456907332e-01,0.000000000000000000e+00,0.000000000000000000e+00,6.698065516728043400e-01,-3.479899128271135567e-01,0.000000000000000000e+00,-5.620562595428452157e-01,0.000000000000000000e+00,0.000000000000000000e+00,8.757798489518187068e-01,1.500347284071112952e-03,0.000000000000000000e+00,6.317437806402677325e-02,0.000000000000000000e+00,-5.047804719462127554e-02,3.600417577622011533e-01,1.989418739786577572e-01,5.053950245122142138e-02,7.242447873386089752e-01,-6.738600326829521925e-02,4.211625204268451550e-02,-3.369300163414760962e-02,3.995824223779884110e-02,-2.410581260213422450e-01,5.053950245122142138e-02,7.242447873386089752e-01,-6.738600326829521925e-02,-4.211625204268451550e-02,3.369300163414760962e-02
8.170000,-6.400000000000000133e-01,0.000000000000000000e+00,7.589694301485111483e-01,9.999361734856448969e-01,0.000000000000000000e+00,-1.129818369855427503e-02,0.000000000000000000e+00,-3.275819296040087814e-01,0.000000000000000000e+00,0.000000000000000000e+00,6.698045384015725023e-01,-3.482226087975636708e-01,0.000000000000000000e+00,-5.587112476266599126e-01,0.000000000000000000e+00,0.000000000000000000e+00,8.737282204678566977e-01,-4.661098622121384594e-03,0.000000000000000000e+00,6.127410560382579724e-02,0.000000000000000000e+00,-4.971306594871185286e-02,3.552277341963586688e-01,1.995752981320580710e-01,4.901928448306063640e-02,7.232711748438150900e-01,-6.535904597741418187e-02,4.084940373588386714e-02,-3.267952298870709094e-02,4.477226580364135344e-02,-2.404247018679419312e-01,4.901928448306063640e-02,7.232711748438150900e-01,-6.535904597741418187e-02,-4.084940373588386714e-02,3.267952298870709094e-02
8.180000,-6.400000000000000133e-01,0.000000000000000000e+00,7.588977746304675920e-01,9.999382834914763984e-01,0.000000000000000000e+00,-1.110986985160804588e-02,0.000000000000000000e+00,-3.273275172413111500e-01,0.000000000000000000e+00,0.000000000000000000e+00,6.698020033001733653e-01,-3.484744860588621651e-01,0.000000000000000000e+00,-5.550749473725241634e-01,0.000000000000000000e+00,0.000000000000000000e+00,8.714742860159702120e-01,-1.131658312491190532e-02,0.000000000000000000e+00,5.924845762102289026e-02,0.000000000000000000e+00,-4.888443301005535729e-02,3.500960926399246942e-01,2.002505141263256905e-01,4.739876609681831221e-02,7.222165511037068608e-01,-6.319835479575774961e-02,3.949897174734860045e-02,-3.159917739787887481e-02,4.990390736007532801e-02,-2.397494858736743117e-01,4.739876609681831221e-02,7.222165511037068608e-01,-6.319835479575774961e-02,-3.949897174734860045e-02,3.159917739787887481e-02
8.190000,-6.400000000000000133e-01,0.000000000000000000e+00,7.588237581136512144e-01,9.999405129488397881e-01,0.000000000000000000e+00,-1.090736281651497226e-02,0.000000000000000000e+00,-3.270537289099591516e-01,0.000000000000000000e+00,0.000000000000000000e+00,6.697988659646546550e-01,-3.487451370546954532e-01,0.000000000000000000e+00,-5.511494700374013345e-01,0.000000000000000000e+00,0.000000000000000000e+00,8.690135901255099382e-01,-1.845190517765427085e-02,0.000000000000000000e+00,5.710813531623031014e-02,0.000000000000000000e+00,-4.799334805735709641e-02,3.446739428011167949e-01,2.009639548945899024e-01,4.568650825298424534e-02,7.210824429820908987e-01,-6.091534433731232712e-02,3.807209021082020445e-02,-3.045767216865616356e-02,5.532605719888322726e-02,-2.390360451054100999e-01,4.568650825298424534e-02,7.210824429820908987e-01,-6.091534433731232712e-02,-3.807209021082020445e-02,3.045767216865616356e-02
8.200000,-6.400000000000000133e-01,0.000000000000000000e+00,7.587481669235335291e-01,9.999428493465782886e-01,0.000000000000000000e+00,-1.069102617367440576e-02,0.000000000000000000e+00,-3.267610130006802782e-01,0.000000000000000000e+00,0.000000000000000000e+00,6.697950436337781754e-01,-3.490340306330978470e-01,0.000000000000000000e+00,-5.469385149475439745e-01,0.000000000000000000e+00,0.000000000000000000e+00,8.663423415957299811e-01,-2.604939099637382238e-02,0.000000000000000000e+00,5.486514988433568996e-02,0.000000000000000000e+00,-4.704141131671334131e-02,3.389917130403171108e-01,2.017116167052214470e-01,4.389211990746855196e-02,7.198708871303625134e-01,-5.852282654329140493e-02,3.657676658955712895e-02,-2.926141327164570247e-02,6.100828695968291138e-02,-2.382883832947785552e-01,4.389211990746855196e-02,7.198708871303625134e-01,-5.852282654329140493e-02,-3.657676658955712895e-02,2.926141327164570247e-02
8.210000,-6.400000000000000133e-01,0.000000000000000000e+00,7.586718357766463194e-01,9.999452790079468301e-01,0.000000000000000000e+00,-1.046130917808438775e-02,0.000000000000000000e+00,-3.264499326180656524e-01,0.000000000000000000e+00,0.000000000000000000e+00,6.697904525602539350e-01,-3.493405199421882323e-01,0.000000000000000000e+00,-5.424473117598481720e-01,0.000000000000000000e+00,0.000000000000000000e+00,8.634574606289504572e-01,-3.408814886910283004e-02,0.000000000000000000e+00,5.253263147999978622e-02,0.000000000000000000e+00,-4.603059999999990770e-02,3.330826664159994843e-01,2.024891228400000631e-01,4.202610518399983036e-02,7.185843999999999010e-01,-5.603480691199977382e-02,3.502175431999986210e-02,-2.801740345599988691e-02,6.691733358400053788e-02,-2.375108771599999391e-01,4.202610518399983036e-02,7.185843999999999010e-01,-5.603480691199977382e-02,-3.502175431999986210e-02,2.801740345599988691e-02
8.220000,-6.400000000000000133e-01,0.000000000000000000e+00,7.585956343497433085e-01,9.999477872989478433e-01,0.000000000000000000e+00,-1.021874140675431766e-02,0.000000000000000000e+00,-3.261211591032417978e-01,0.000000000000000000e+00,0.000000000000000000e+00,6.697850094790978037e-01,-3.496638503758559557e-01,0.000000000000000000e+00,-5.376825664659240500e-01,0.000000000000000000e+00,0.000000000000000000e+00,8.603566358707597228e-01,-4.254433012953418025e-02,0.000000000000000000e+00,5.012462920270530781e-02,0.000000000000000000e+00,-4.496324474326165999e-02,3.269823939801868029e-01,2.032917902657648823e-01,4.009970336216424347e-02,7.172259478550603307e-01,-5.346627114955233157e-02,3.341641946847020983e-02,-2.673313557477616578e-02,7.301760601981321930e-02,-2.367082097342351199e-01,4.009970336216424347e-02,7.172259478550603307e-01,-5.346627114955233157e-02,-3.341641946847020983e-02,2.673313557477616578e-02
8.230000,-6.400000000000000133e-01,0.000000000000000000e+00,7.585204533473268729e-01,9.999503588432010481e-01,0.000000000000000000e+00,-9.963927406075880414e-03,0.000000000000000000e+00,-3.257754655892318718e-01,0.000000000000000000e+00,0.000000000000000000e+00,6.697786331438131402e-01,-3.500031675545812182e-01,0.000000000000000000e+00,-5.326524103571184110e-01,0.000000000000000000e+00,0.000000000000000000e+00,8.570383895265808460e-01,-5.139139524609748211e-02,0.000000000000000000e+00,4.765590481137032403e-02,0.000000000000000000e+00,-4.384200604510021110e-02,3.207282921888048310e-01,2.041146983962098815e-01,3.812472384909626477e-02,7.157989167846730005e-01,-5.083296513212835072e-02,3.177060320758022527e-02,-2.541648256606417536e-02,7.927170781119519116e-02,-2.358853016037901207e-01,3.812472384909626477e-02,7.157989167846730005e-01,-5.083296513212835072e-02,-3.177060320758022527e-02,2.541648256606417536e-02
8.240000,-6.400000000000000133e-01,0.000000000000000000e+00,7.584471902904722507e-01,9.999529777404417841e-01,0.000000000000000000e+00,-9.697541339098860597e-03,0.000000000000000000e+00,-3.254137205741436389e-01,0.000000000000000000e+00,0.000000000000000000e+00,6.697712459002849172e-01,-3.503575253261412281e-01,0.000000000000000000e+00,-5.273663511658246428e-01,0.000000000000000000e+00,0.000000000000000000e+00,8.535021486710265837e-01,-6.060038392752620240e-02,0.000000000000000000e+00,4.514172295518331657e-02,0.000000000000000000e+00,-4.266985070506333633e-02,3.143590314864644353e-01,2.049527590149388956e-01,3.611337836414665881e-02,7.143070827155352243e-01,-4.815117115219554739e-02,3.009448197012221798e-02,-2.407558557609777369e-02,8.564096851353558693e-02,-2.350472409850611066e-01,3.611337836414665881e-02,7.143070827155352243e-01,-4.815117115219554739e-02,-3.009448197012221798e-02,2.407558557609777369e-02
8.250000,-6.400000000000000133e-01,0.000000000000000000e+00,7.583767352519882321e-01,9.999556277857218900e-01,0.000000000000000000e+00,-9.420321632660941594e-03,0.000000000000000000e+00,-3.250368814971930087e-01,0.000000000000000000e+00,0.000000000000000000e+00,6.697627752679843338e-01,-3.507258937707912749e-01,0.000000000000000000e+00,-5.218352256087688268e-01,0.000000000000000000e+00,0.000000000000000000e+00,8.497483208399886356e-01,-7.014018810918731806e-02,0.000000000000000000e+00,4.259764073363778158e-02,0.000000000000000000e+00,-4.145002826203367935e-02,3.079140231918824355e-01,2.058007864221207406e-01,3.407811258691022249e-02,7.127545814244065081e-01,-4.543748344921363924e-02,2.839842715575852453e-02,-2.271874172460681962e-02,9.208597680811761443e-02,-2.341992135778792616e-01,3.407811258691022249e-02,7.127545814244065081e-01,-4.543748344921363924e-02,-2.839842715575852453e-02,2.271874172460681962e-02
8.260000,-6.400000000000000133e-01,0.000000000000000000e+00,7.583099567613126313e-01,9.999582926864009069e-01,0.000000000000000000e+00,-9.133065624326463031e-03,0.000000000000000000e+00,-3.246459883027226767e-01,0.000000000000000000e+00,0.000000000000000000e+00,6.697531554983292557e-01,-3.511071671956065288e-01,0.000000000000000000e+00,-5.160711525786629839e-01,0.000000000000000000e+00,0.000000000000000000e+00,8.457783719906180053e-01,-7.997782665893526932e-02,0.000000000000000000e+00,4.003929937826217200e-02,0.000000000000000000e+00,-4.018604743261738887e-02,3.014328917582641543e-01,2.066535668739126197e-01,3.203143950260974038e-02,7.111458785506039604e-01,-4.270858600347965384e-02,2.669286625217478365e-02,-2.135429300173982692e-02,9.856710824173584018e-02,-2.333464331260873825e-01,3.203143950260974038e-02,7.111458785506039604e-01,-4.270858600347965384e-02,-2.669286625217478365e-02,2.135429300173982692e-02
8.270000,-6.400000000000000133e-01,0.000000000000000000e+00,7.582476880974363675e-01,9.999609562740873203e-01,0.000000000000000000e+00,-8.836624209095632690e-03,0.000000000000000000e+00,-3.242421569777280688e-01,0.000000000000000000e+00,0.000000000000000000e+00,6.697423290807154039e-01,-3.515001721029872850e-01,0.000000000000000000e+00,-5.100874862582511771e-01,0.000000000000000000e+00,0.000000000000000000e+00,8.415949049261410853e-01,-9.007872062540722702e-02,0.000000000000000000e+00,3.748222078469268942e-02,0.000000000000000000e+00,-3.888165254953299121e-02,2.949549593212215104e-01,2.075059264051024310e-01,2.998577662775415292e-02,7.094857396084965906e-01,-3.998103550367220621e-02,2.498814718979512975e-02,-1.999051775183610311e-02,1.050450406787785118e-01,-2.324940735948975712e-01,2.998577662775415292e-02,7.094857396084965906e-01,-3.998103550367220621e-02,-2.498814718979512975e-02,1.999051775183610311e-02
8.280000,-6.400000000000000133e-01,0.000000000000000000e+00,7.581907141798462924e-01,9.999636027087959178e-01,0.000000000000000000e+00,-8.531896485852657336e-03,0.000000000000000000e+00,-3.238265730489989780e-01,0.000000000000000000e+00,0.000000000000000000e+00,6.697302481678862884e-01,-3.519036751188872603e-01,0.000000000000000000e+00,-5.038987684622627805e-01,0.000000000000000000e+00,0.000000000000000000e+00,8.372017363063185558e-01,-1.004069678440552282e-01,0.000000000000000000e+00,3.494161152000015147e-02,0.000000000000000000e+00,-3.754080000000008244e-02,2.885187491840003893e-01,2.083527961599999645e-01,2.795328921600012326e-02,7.077792000000001638e-01,-3.727105228800016434e-02,2.329440768000010098e-02,-1.863552614400008217e-02,1.114812508159996191e-01,-2.316472038400000377e-01,2.795328921600012326e-02,7.077792000000001638e-01,-3.727105228800016434e-02,-2.329440768000010098e-02,1.863552614400008217e-02
8.290000,-6.400000000000000133e-01,0.000000000000000000e+00,7.581397592562710841e-01,9.999662166727310009e-01,0.000000000000000000e+00,-8.219824403529800427e-03,0.000000000000000000e+00,-3.234004850267486186e-01,0.000000000000000000e+00,0.000000000000000000e+00,6.697168758938000233e-01,-3.523163908670513544e-01,0.000000000000000000e+00,-4.975206795450428099e-01,0.000000000000000000e+00,0.000000000000000000e+00,8.326039703959363658e-01,-1.109256157155341649e-01,0.000000000000000000e+00,3.243217679002876469e-02,0.000000000000000000e+00,-3.616763466412790951e-02,2.821615145347395326e-01,2.091892744033237439e-01,2.594574143202300898e-02,7.060315350270719437e-01,-3.459432190936401197e-02,2.162145119335250748e-02,-1.729716095468200598e-02,1.178384854652604757e-01,-2.308107255966762583e-01,2.594574143202300898e-02,7.060315350270719437e-01,-3.459432190936401197e-02,-2.162145119335250748e-02,1.729716095468200598e-02
8.300000,-6.400000000000000133e-01,0.000000000000000000e+00,7.580954755721578397e-01,9.999687835512891532e-01,0.000000000000000000e+00,-7.901387406972939023e-03,0.000000000000000000e+00,-3.229651977825520603e-01,0.000000000000000000e+00,0.000000000000000000e+00,6.697021875590298823e-01,-3.527369897764777718e-01,0.000000000000000000e+00,-4.909699872416976030e-01,0.000000000000000000e+00,0.000000000000000000e+00,8.278080677389083597e-01,-1.215969309761784078e-01,0.000000000000000000e+00,2.996794667840066428e-02,0.000000000000000000e+00,-3.476646635330506857e-02,2.759187982519483717e-01,2.100106844405331130e-01,2.397435734272053073e-02,7.042482299042064353e-01,-3.196580979029404329e-02,1.997863111893377619e-02,-1.598290489514702165e-02,1.240812017480516505e-01,-2.299893155594668892e-01,2.397435734272053073e-02,7.042482299042064353e-01,-3.196580979029404329e-02,-1.997863111893377619e-02,1.598290489514702165e-02
8.310000,-6.400000000000000133e-01,0.000000000000000000e+00,7.580584331906090600e-01,9.999712895990841011e-01,0.000000000000000000e+00,-7.577597082501985430e-03,0.000000000000000000e+00,-3.225220658505185689e-01,0.000000000000000000e+00,0.000000000000000000e+00,6.696861716609177062e-01,-3.531641058103990871e-01,0.000000000000000000e+00,-4.842644928359951528e-01,0.000000000000000000e+00,0.000000000000000000e+00,8.228219069810008834e-01,-1.323826652903622447e-01,0.000000000000000000e+00,2.756211676624347254e-02,0.000000000000000000e+00,-3.334174624858682323e-02,2.698240291411501124e-01,2.108126277445855068e-01,2.204969341299477595e-02,7.024349497709286849e-01,-2.939959121732637140e-02,1.837474451082898169e-02,-1.469979560866318570e-02,1.301759708588498821e-01,-2.291873722554144954e-01,2.204969341299477595e-02,7.024349497709286849e-01,-2.939959121732637140e-02,-1.837474451082898169e-02,1.469979560866318570e-02
8.320000,-6.400000000000000133e-01,0.000000000000000000e+00,7.580291111132132498e-01,9.999737220890335676e-01,0.000000000000000000e+00,-7.249491803169945750e-03,0.000000000000000000e+00,-3.220724866418553933e-01,0.000000000000000000e+00,0.000000000000000000e+00,6.696688307481551972e-01,-3.535963441062997537e-01,0.000000000000000000e+00,-4.774229740668431421e-01,0.000000000000000000e+00,0.000000000000000000e+00,8.176548380968865493e-01,-1.432443155085942887e-01,0.000000000000000000e+00,2.522690501311081190e-02,0.000000000000000000e+00,-3.189804333908485834e-02,2.639081593665473791e-01,2.115910316622963971e-01,2.018152401048864744e-02,7.005975097042898003e-01,-2.690869868065153339e-02,1.681793667540720794e-02,-1.345434934032576670e-02,1.360918406334526432e-01,-2.284089683377036051e-01,2.018152401048864744e-02,7.005975097042898003e-01,-2.690869868065153339e-02,-1.681793667540720794e-02,1.345434934032576670e-02
8.330000,-6.400000000000000133e-01,0.000000000000000000e+00,7.580078898321160885e-01,9.999760694428121433e-01,0.000000000000000000e+00,-6.918131373730696670e-03,0.000000000000000000e+00,-3.216178935643285164e-01,0.000000000000000000e+00,0.000000000000000000e+00,6.696501820821743056e-01,-3.540322885178457391e-01,0.000000000000000000e+00,-4.704651241952657048e-01,0.000000000000000000e+00,0.000000000000000000e+00,8.123177253050586355e-01,-1.541433774529833434e-01,0.000000000000000000e+00,2.297342652840236865e-02,0.000000000000000000e+00,-3.044002086035578827e-02,2.581993472052860339e-01,2.123421911571992116e-01,1.837874122272189353e-02,6.987418447313619163e-01,-2.450498829696252587e-02,1.531561768560157910e-02,-1.225249414848126293e-02,1.418006527947140161e-01,-2.276578088428007907e-01,1.837874122272189353e-02,6.987418447313619163e-01,-2.450498829696252587e-02,-1.531561768560157910e-02,1.225249414848126293e-02
8.340000,-6.400000000000000133e-01,0.000000000000000000e+00,7.579950454220593103e-01,9.999783213412524185e-01,0.000000000000000000e+00,-6.584591675334342149e-03,0.000000000000000000e+00,-3.211597490395739496e-01,0.000000000000000000e+00,0.000000000000000000e+00,6.696302580906222657e-01,-3.544705090510482659e-01,0.000000000000000000e+00,-4.634114866545662736e-01,0.000000000000000000e+00,0.000000000000000000e+00,8.068229779759394926e-01,-1.650415921127099672e-01,0.000000000000000000e+00,2.081158759237506858e-02,0.000000000000000000e+00,-2.897241273278992543e-02,2.527226885673501955e-01,2.130628041358749725e-01,1.664927007390005695e-02,6.968739798417327158e-01,-2.219902676520007362e-02,1.387439172825004688e-02,-1.109951338260003681e-02,1.472773114326498267e-01,-2.269371958641250298e-01,1.664927007390005695e-02,6.968739798417327158e-01,-2.219902676520007362e-02,-1.387439172825004688e-02,1.109951338260003681e-02
8.350000,-6.400000000000000133e-01,0.000000000000000000e+00,7.579907452582463900e-01,9.999804688135781605e-01,0.000000000000000000e+00,-6.249959309975320829e-03,0.000000000000000000e+00,-3.206995374127367127e-01,0.000000000000000000e+00,0.000000000000000000e+00,6.696091066012889170e-01,-3.549095691885521542e-01,0.000000000000000000e+00,-4.562833846976049323e-01,0.000000000000000000e+00,0.000000000000000000e+00,8.011845678542738325e-01,-1.759011831566684725e-01,0.000000000000000000e+00,1.875000000000008257e-02,0.000000000000000000e+00,-2.750000000000006259e-02,2.475000000000002198e-01,2.137499999999999678e-01,1.500000000000006536e-02,6.950000000000000622e-01,-2.000000000000009062e-02,1.250000000000005621e-02,-1.000000000000004531e-02,1.524999999999998024e-01,-2.262500000000000344e-01,1.500000000000006536e-02,6.950000000000000622e-01,-2.000000000000009062e-02,-1.250000000000005621e-02,1.000000000000004531e-02
8.360000,-6.400000000000000133e-01,0.000000000000000000e+00,7.579950454220593103e-01,9.999825043046595141e-01,0.000000000000000000e+00,-5.915326244724403333e-03,0.000000000000000000e+00,-3.202387577504903216e-01,0.000000000000000000e+00,0.000000000000000000e+00,6.695867908480305219e-01,-3.553480330975401502e-01,0.000000000000000000e+00,-4.491028454375453616e-01,0.000000000000000000e+00,0.000000000000000000e+00,7.954180309278773287e-01,-1.866850846989944746e-01,0.000000000000000000e+00,1.679591650294812513e-02,0.000000000000000000e+00,-2.602758726721017199e-02,2.425496551408019286e-01,2.144013611656839513e-01,1.343673320235849906e-02,6.931260201582675196e-01,-1.791564426981133440e-02,1.119727766863208573e-02,-8.957822134905667200e-03,1.574503448591980936e-01,-2.255986388343160509e-01,1.343673320235849906e-02,6.931260201582675196e-01,-1.791564426981133440e-02,-1.119727766863208573e-02,8.957822134905667200e-03
8.370000,-6.400000000000000133e-01,0.000000000000000000e+00,7.580078898321160885e-01,9.999844217198031737e-01,0.000000000000000000e+00,-5.581784455780159498e-03,0.000000000000000000e+00,-3.197789165251171406e-01,0.000000000000000000e+00,0.000000000000000000e+00,6.695633892435556289e-01,-3.557844727184384381e-01,0.000000000000000000e+00,-4.418925176538196498e-01,0.000000000000000000e+00,0.000000000000000000e+00,7.895404522839918338e-01,-1.973571582869827479e-01,0.000000000000000000e+00,1.495518781834092106e-02,0.000000000000000000e+00,-2.455997913964404200e-02,2.378864758064636875e-01,2.150149373938863573e-01,1.196415025467273754e-02,6.912581552686378750e-01,-1.595220033956365122e-02,9.970125212227280709e-03,-7.976100169781825608e-03,1.621135241935363347e-01,-2.249850626061136449e-01,1.196415025467273754e-02,6.912581552686378750e-01,-1.595220033956365122e-02,-9.970125212227280709e-03,7.976100169781825608e-03
8.380000,-6.400000000000000133e-01,0.000000000000000000e+00,7.580291111132132498e-01,9.999862164469134340e-01,0.000000000000000000e+00,-5.250420572379265079e-03,0.000000000000000000e+00,-3.193215201839693096e-01,0.000000000000000000e+00,0.000000000000000000e+00,6.695389949172757538e-01,-3.562174747333063940e-01,0.000000000000000000e+00,-4.346755827062173116e-01,0.000000000000000000e+00,0.000000000000000000e+00,7.835704323065191268e-01,-2.078823981217519101e-01,0.000000000000000000e+00,1.323224136106100103e-02,0.000000000000000000e+00,-2.310195666091497541e-02,2.335216781146878806e-01,2.155892528796463370e-01,1.058579308884880117e-02,6.894024902957099910e-01,-1.411439078513173490e-02,8.821494240707335177e-03,-7.057195392565867448e-03,1.664783218853121416e-01,-2.244107471203536652e-01,1.058579308884880117e-02,6.894024902957099910e-01,-1.411439078513173490e-02,-8.821494240707335177e-03,7.057195392565867448e-03
8.390000,-6.400000000000000133e-01,0.000000000000000000e+00,7.580584331906090600e-01,9.999878853561871006e-01,0.000000000000000000e+00,-4.922310520605858823e-03,0.000000000000000000e+00,-3.188680676052763618e-01,0.000000000000000000e+00,0.000000000000000000e+00,6.695137150198083864e-01,-3.566456474145319744e-01,0.000000000000000000e+00,-4.274756578708779342e-01,0.000000000000000000e+00,0.000000000000000000e+00,7.775280325889087907e-01,-2.182271235726752634e-01,0.000000000000000000e+00,1.163008154282469710e-02,0.000000000000000000e+00,-2.165825375141302092e-02,2.294628732418225736e-01,2.161233061523917809e-01,9.304065234259757677e-03,6.875650502290711064e-01,-1.240542031234634530e-02,7.753387695216464731e-03,-6.202710156173172652e-03,1.705371267581774486e-01,-2.238766938476082213e-01,9.304065234259757677e-03,6.875650502290711064e-01,-1.240542031234634530e-02,-7.753387695216464731e-03,6.202710156173172652e-03
8.400000,-6.400000000000000133e-01,0.000000000000000000e+00,7.580954755721578397e-01,9.999894267778307588e-01,0.000000000000000000e+00,-4.598514167142958055e-03,0.000000000000000000e+00,-3.184200424429044496e-01,0.000000000000000000e+00,0.000000000000000000e+00,6.694876697990843617e-01,-3.570676273561798619e-01,0.000000000000000000e+00,-4.203166913878136346e-01,0.000000000000000000e+00,0.000000000000000000e+00,7.714346999772424551e-01,-2.283591581104619239e-01,0.000000000000000000e+00,1.015031116938669084e-02,0.000000000000000000e+00,-2.023353364669478252e-02,2.257141216291129737e-01,2.166165629435377604e-01,8.120248935509354060e-03,6.857517700957933560e-01,-1.082699858067913933e-02,6.766874112924462295e-03,-5.413499290339569663e-03,1.742858783708870485e-01,-2.233834370564622418e-01,8.120248935509354060e-03,6.857517700957933560e-01,-1.082699858067913933e-02,-6.766874112924462295e-03,5.413499290339569663e-03
8.410000,-6.400000000000000133e-01,0.000000000000000000e+00,7.581397592562710841e-01,9.999908404586073107e-01,0.000000000000000000e+00,-4.280069963006112414e-03,0.000000000000000000e+00,-3.179789053642663732e-01,0.000000000000000000e+00,0.000000000000000000e+00,6.694609914563087738e-01,-3.574820860920423504e-01,0.000000000000000000e+00,-4.132228484965511650e-01,0.000000000000000000e+00,0.000000000000000000e+00,7.653131672267359242e-01,-2.382479938655450713e-01,0.000000000000000000e+00,8.793173160588866472e-03,0.000000000000000000e+00,-1.883236533587193812e-02,2.222760386734917992e-01,2.170689422798037227e-01,7.034538528471093177e-03,6.839684649729279586e-01,-9.379384704628125971e-03,5.862115440392577648e-03,-4.689692352314062986e-03,1.777239613265082230e-01,-2.229310577201962795e-01,7.034538528471093177e-03,6.839684649729279586e-01,-9.379384704628125971e-03,-5.862115440392577648e-03,4.689692352314062986e-03
8.420000,-6.400000000000000133e-01,0.000000000000000000e+00,7.581907141798462924e-01,9.999921274983294417e-01,0.000000000000000000e+00,-3.967989587298994050e-03,0.000000000000000000e+00,-3.175460861871429730e-01,0.000000000000000000e+00,0.000000000000000000e+00,6.694338227932642438e-01,-3.578877366061212206e-01,0.000000000000000000e+00,-4.062183877420174061e-01,0.000000000000000000e+00,0.000000000000000000e+00,7.591873288651808105e-01,-2.478649411231633737e-01,0.000000000000000000e+00,7.557611520000001928e-03,0.000000000000000000e+00,-1.745920000000000458e-02,2.191459491840000162e-01,2.174807961599999895e-01,6.046089216000001890e-03,6.822208000000000716e-01,-8.061452288000004254e-03,5.038407680000002442e-03,-4.030726144000002127e-03,1.808540508160000060e-01,-2.225192038400000127e-01,6.046089216000001890e-03,6.822208000000000716e-01,-8.061452288000004254e-03,-5.038407680000002442e-03,4.030726144000002127e-03
8.430000,-6.400000000000000133e-01,0.000000000000000000e+00,7.582476880974363675e-01,9.999932902677168833e-01,0.000000000000000000e+00,-3.663252591027023417e-03,0.000000000000000000e+00,-3.171229759226584233e-01,0.000000000000000000e+00,0.000000000000000000e+00,6.694063156655288838e-01,-3.582833397428704103e-01,0.000000000000000000e+00,-3.993275268649534304e-01,0.000000000000000000e+00,0.000000000000000000e+00,7.530820910229450993e-01,-2.571832622004737168e-01,0.000000000000000000e+00,6.441350195057337670e-03,0.000000000000000000e+00,-1.611834745046710274e-02,2.163180871608119393e-01,2.178528832683142291e-01,5.153080156045870656e-03,6.805142603915036448e-01,-6.870773541394494498e-03,4.294233463371558736e-03,-3.435386770697247249e-03,1.836819128391880829e-01,-2.221471167316857731e-01,5.153080156045870656e-03,6.805142603915036448e-01,-6.870773541394494498e-03,-4.294233463371558736e-03,3.435386770697247249e-03
8.440000,-6.400000000000000133e-01,0.000000000000000000e+00,7.583099567613126313e-01,9.999943323093137826e-01,0.000000000000000000e+00,-3.366801041001166433e-03,0.000000000000000000e+00,-3.167109187330544029e-01,0.000000000000000000e+00,0.000000000000000000e+00,6.693786292591185072e-01,-3.586677105260640541e-01,0.000000000000000000e+00,-3.925742976584764565e-01,0.000000000000000000e+00,0.000000000000000000e+00,7.470231942259342173e-01,-2.661782893204769351e-01,0.000000000000000000e+00,5.440988198396639296e-03,0.000000000000000000e+00,-1.481395256738269987e-02,2.137838367692715125e-01,2.181863372672011303e-01,4.352790558717311610e-03,6.788541214493961640e-01,-5.803720744956415191e-03,3.627325465597760253e-03,-2.901860372478207595e-03,1.862161632307285097e-01,-2.218136627327988719e-01,4.352790558717311610e-03,6.788541214493961640e-01,-5.803720744956415191e-03,-3.627325465597760253e-03,2.901860372478207595e-03
8.450000,-6.400000000000000133e-01,0.000000000000000000e+00,7.583767352519882321e-01,9.999952582234246101e-01,0.000000000000000000e+00,-3.079534163859114736e-03,0.000000000000000000e+00,-3.163112038142191218e-01,0.000000000000000000e+00,0.000000000000000000e+00,6.693509282108064395e-01,-3.590397243965872676e-01,0.000000000000000000e+00,-3.859823892834064463e-01,0.000000000000000000e+00,0.000000000000000000e+00,7.410370084703077342e-01,-2.748275263089332565e-01,0.000000000000000000e+00,4.552109109909625168e-03,0.000000000000000000e+00,-1.354997173796640073e-02,2.115320097451043879e-01,2.184826302966967893e-01,3.641687287927699700e-03,6.772454185755936162e-01,-4.855583050570266845e-03,3.034739406606416778e-03,-2.427791525285133423e-03,1.884679902548956343e-01,-2.215173697033032130e-01,3.641687287927699700e-03,6.772454185755936162e-01,-4.855583050570266845e-03,-3.034739406606416778e-03,2.427791525285133423e-03
8.460000,-6.400000000000000133e-01,0.000000000000000000e+00,7.584471902904722507e-01,9.999960735412669610e-01,0.000000000000000000e+00,-2.802302990225343134e-03,0.000000000000000000e+00,-3.159250572140961943e-01,0.000000000000000000e+00,0.000000000000000000e+00,6.693233805948545223e-01,-3.593983233807582778e-01,0.000000000000000000e+00,-3.795749796972326950e-01,0.000000000000000000e+00,0.000000000000000000e+00,7.351503003189154839e-01,-2.831107341993593929e-01,0.000000000000000000e+00,3.769402850465050202e-03,0.000000000000000000e+00,-1.233014929493652517e-02,2.095491538878448134e-01,2.187435323831783129e-01,3.015522280372039902e-03,6.756929172844646780e-01,-4.020696373829387403e-03,2.512935233643366802e-03,-2.010348186914693702e-03,1.904508461121552088e-01,-2.212564676168216893e-01,3.015522280372039902e-03,6.756929172844646780e-01,-4.020696373829387403e-03,-2.512935233643366802e-03,2.010348186914693702e-03
8.470000,-6.400000000000000133e-01,0.000000000000000000e+00,7.585204533473268729e-01,9.999967845877485439e-01,0.000000000000000000e+00,-2.535904999025822854e-03,0.000000000000000000e+00,-3.155536335991619423e-01,0.000000000000000000e+00,0.000000000000000000e+00,6.692961558011257805e-01,-3.597425222019637880e-01,0.000000000000000000e+00,-3.733745550711840000e-01,0.000000000000000000e+00,0.000000000000000000e+00,7.293899722895008653e-01,-2.910100011416825727e-01,0.000000000000000000e+00,3.086797415642418985e-03,0.000000000000000000e+00,-1.115799395489966948e-02,2.078198867862941501e-01,2.189710675281192065e-01,2.469437932513935102e-03,6.742010832153269018e-01,-3.292583910018580425e-03,2.057864943761612657e-03,-1.646291955009290212e-03,1.921801132137058721e-01,-2.210289324718807957e-01,2.469437932513935102e-03,6.742010832153269018e-01,-3.292583910018580425e-03,-2.057864943761612657e-03,1.646291955009290212e-03
8.480000,-6.400000000000000133e-01,0.000000000000000000e+00,7.585956343497433085e-01,9.999973983364565111e-01,0.000000000000000000e+00,-2.281078761965898549e-03,0.000000000000000000e+00,-3.151980079820388969e-01,0.000000000000000000e+00,0.000000000000000000e+00,6.692694223314388235e-01,-3.600714143493998765e-01,0.000000000000000000e+00,-3.674027173499354593e-01,0.000000000000000000e+00,0.000000000000000000e+00,7.237827754482456522e-01,-2.985097973736124399e-01,0.000000000000000000e+00,2.497598084718894405e-03,0.000000000000000000e+00,-1.003675525673821019e-02,2.063272484812878893e-01,2.191674673050937050e-01,1.998078467775115871e-03,6.727740521449395716e-01,-2.664104623700154495e-03,1.665065389812596559e-03,-1.332052311850077247e-03,1.936727515187121329e-01,-2.208325326949062972e-01,1.998078467775115871e-03,6.727740521449395716e-01,-2.664104623700154495e-03,-1.665065389812596559e-03,1.332052311850077247e-03
8.490000,-6.400000000000000133e-01,0.000000000000000000e+00,7.586718357766463194e-01,9.999979222595944961e-01,0.000000000000000000e+00,-2.038498588175190109e-03,0.000000000000000000e+00,-3.148591674240457938e-01,0.000000000000000000e+00,0.000000000000000000e+00,6.692433455425891298e-01,-3.603841781185432858e-01,0.000000000000000000e+00,-3.616799804485992809e-01,0.000000000000000000e+00,0.000000000000000000e+00,7.183549968763996985e-01,-3.055970164278006274e-01,0.000000000000000000e+00,1.994631479999983952e-03,0.000000000000000000e+00,-8.969399999999964207e-03,2.050530664159999628e-01,2.193351228400000075e-01,1.595705183999986902e-03,6.714156000000000013e-01,-2.127606911999982680e-03,1.329754319999989229e-03,-1.063803455999991340e-03,1.949469335840000594e-01,-2.206648771599999947e-01,1.595705183999986902e-03,6.714156000000000013e-01,-2.127606911999982680e-03,-1.329754319999989229e-03,1.063803455999991340e-03
8.500000,-6.400000000000000133e-01,0.000000000000000000e+00,7.587481669235335291e-01,9.999983641757086428e-01,0.000000000000000000e+00,-1.808769169015613139e-03,0.000000000000000000e+00,-3.145380027270103240e-01,0.000000000000000000e+00,0.000000000000000000e+00,6.692180853656096717e-01,-3.606800826385992975e-01,0.000000000000000000e+00,-3.562255559761078882e-01,0.000000000000000000e+00,0.000000000000000000e+00,7.131321245295894062e-01,-3.122610042052931245e-01,0.000000000000000000e+00,1.570391747844785638e-03,0.000000000000000000e+00,-7.958588683286735299e-03,2.039783257612068079e-01,2.194765360840517376e-01,1.256313398275828554e-03,6.701291128696377219e-01,-1.675084531034438072e-03,1.046927831896523903e-03,-8.375422655172190360e-04,1.960216742387932143e-01,-2.205234639159482646e-01,1.256313398275828554e-03,6.701291128696377219e-01,-1.675084531034438072e-03,-1.046927831896523903e-03,8.375422655172190360e-04
8.510000,-6.400000000000000133e-01,0.000000000000000000e+00,7.588237581136512144e-01,9.999987320981128525e-01,0.000000000000000000e+00,-1.592420223044011852e-03,0.000000000000000000e+00,-3.142353001290028036e-01,0.000000000000000000e+00,0.000000000000000000e+00,6.691937940315799693e-01,-3.609584939025771155e-01,0.000000000000000000e+00,-3.510571298116317296e-01,0.000000000000000000e+00,0.000000000000000000e+00,7.081384929345002632e-01,-3.184935780333222888e-01,0.000000000000000000e+00,1.217186068892791304e-03,0.000000000000000000e+00,-7.006651942642974987e-03,2.030835380411950830e-01,2.195942713103690713e-01,9.737488551142329781e-04,6.689175570179092256e-01,-1.298331806818977304e-03,8.114573792618608693e-04,-6.491659034094886521e-04,1.969164619588049392e-01,-2.204057286896309309e-01,9.737488551142329781e-04,6.689175570179092256e-01,-1.298331806818977304e-03,-8.114573792618608693e-04,6.491659034094886521e-04
8.520000,-6.400000000000000133e-01,0.000000000000000000e+00,7.588977746304675920e-01,9.999990340869424621e-01,0.000000000000000000e+00,-1.389901141115736094e-03,0.000000000000000000e+00,-3.139517330187374666e-01,0.000000000000000000e+00,0.000000000000000000e+00,6.691706138345311361e-01,-3.612188808157936193e-01,0.000000000000000000e+00,-3.461906313231009058e-01,0.000000000000000000e+00,0.000000000000000000e+00,7.033969141280213000e-01,-3.242890383234540708e-01,0.000000000000000000e+00,9.272766845082967141e-04,0.000000000000000000e+00,-6.115566989944701964e-03,2.023491009340877000e-01,2.196909077718305625e-01,7.418213476066373062e-04,6.677834488962932635e-01,-9.890951301421832195e-04,6.181844563388645122e-04,-4.945475650710916098e-04,1.976508990659123222e-01,-2.203090922281694397e-01,7.418213476066373062e-04,6.677834488962932635e-01,-9.890951301421832195e-04,-6.181844563388645122e-04,4.945475650710916098e-04
8.530000,-6.400000000000000133e-01,0.000000000000000000e+00,7.589694301485111483e-01,9.999992781077401416e-01,0.000000000000000000e+00,-1.201575631611184010e-03,0.000000000000000000e+00,-3.136878536832578002e-01,0.000000000000000000e+00,0.000000000000000000e+00,6.691486749617573393e-01,-3.614608212784994890e-01,0.000000000000000000e+00,-3.416399974796720529e-01,0.000000000000000000e+00,0.000000000000000000e+00,6.989282991887324492e-01,-3.296441759281354966e-01,0.000000000000000000e+00,6.930166527934853576e-04,0.000000000000000000e+00,-5.286934051288192521e-03,2.017556421870768391e-01,2.197689944490688330e-01,5.544133222347883512e-04,6.667288251561850343e-01,-7.392177629797178377e-04,4.620111018623236621e-04,-3.696088814898589188e-04,1.982443578129231831e-01,-2.202310055509311693e-01,5.544133222347883512e-04,6.667288251561850343e-01,-7.392177629797178377e-04,-4.620111018623236621e-04,3.696088814898589188e-04
8.540000,-6.400000000000000133e-01,0.000000000000000000e+00,7.590379994457734369e-01,9.999994718993963083e-01,0.000000000000000000e+00,-1.027716365764385492e-03,0.000000000000000000e+00,-3.134440851031065622e-01,0.000000000000000000e+00,0.000000000000000000e+00,6.691280934210276365e-01,-3.616840083179210241e-01,0.000000000000000000e+00,-3.374169345423573829e-01,0.000000000000000000e+00,0.000000000000000000e+00,6.947512765765748721e-01,-3.345582787272623482e-01,0.000000000000000000e+00,5.069766241505438767e-04,0.000000000000000000e+00,-4.521952805378660553e-03,2.012843407811813756e-01,2.198310077919498062e-01,4.055812993204351014e-04,6.657552126613910382e-01,-5.407750657605802074e-04,3.379844161003626567e-04,-2.703875328802901037e-04,1.987156592188186466e-01,-2.201689922080501960e-01,4.055812993204351014e-04,6.657552126613910382e-01,-5.407750657605802074e-04,-3.379844161003626567e-04,2.703875328802901037e-04
8.550000,-6.400000000000000133e-01,0.000000000000000000e+00,7.591028301913054221e-01,9.999996228541312426e-01,0.000000000000000000e+00,-8.684996230707095087e-04,0.000000000000000000e+00,-3.132207128084962267e-01,0.000000000000000000e+00,0.000000000000000000e+00,6.691089690927896072e-01,-3.618882562842933304e-01,0.000000000000000000e+00,-3.335306803837956857e-01,0.000000000000000000e+00,0.000000000000000000e+00,6.908818142114986349e-01,-3.390331413245795122e-01,0.000000000000000000e+00,3.620600567644691420e-04,0.000000000000000000e+00,-3.821398821919392945e-03,2.009172188104700052e-01,2.198793133144118506e-01,2.896480454115753678e-04,6.648635985006247084e-01,-3.861973938821004542e-04,2.413733711763127975e-04,-1.930986969410502271e-04,1.990827811895300170e-01,-2.201206866855881517e-01,2.896480454115753678e-04,6.648635985006247084e-01,-3.861973938821004542e-04,-2.413733711763127975e-04,1.930986969410502271e-04
8.560000,-6.400000000000000133e-01,0.000000000000000000e+00,7.591633536166463303e-01,9.999997379120114660e-01,0.000000000000000000e+00,-7.239999367494239250e-04,0.000000000000000000e+00,-3.130178768090162711e-01,0.000000000000000000e+00,0.000000000000000000e+00,6.690913839334544644e-01,-3.620735071244381431e-01,0.000000000000000000e+00,-3.299877707519455750e-01,0.000000000000000000e+00,0.000000000000000000e+00,6.873328527094355600e-01,-3.430730819574901447e-01,0.000000000000000000e+00,2.516044799999949365e-04,0.000000000000000000e+00,-3.185599999999967711e-03,2.006373980160000015e-01,2.199161318400000009e-01,2.012835839999959221e-04,6.640544000000000446e-01,-2.683781119999945628e-04,1.677363199999966424e-04,-1.341890559999972814e-04,1.993626019840000207e-01,-2.200838681600000013e-01,2.012835839999959221e-04,6.640544000000000446e-01,-2.683781119999945628e-04,-1.677363199999966424e-04,1.341890559999972814e-04
8.570000,-6.400000000000000133e-01,0.000000000000000000e+00,7.592190938995920790e-01,9.999998234722322632e-01,0.000000000000000000e+00,-5.941847392378491995e-04,0.000000000000000000e+00,-3.128355636081007196e-01,0.000000000000000000e+00,0.000000000000000000e+00,6.690754003531396155e-01,-3.622398367450388457e-01,0.000000000000000000e+00,-3.267918129170121477e-01,0.000000000000000000e+00,0.000000000000000000e+00,6.841139573799314144e-01,-3.466849707852850404e-01,0.000000000000000000e+00,1.694666620284263894e-04,0.000000000000000000e+00,-2.614413006485368993e-03,2.004293155438053586e-01,2.199435111126571973e-01,1.355733296227411278e-04,6.633274347355269107e-01,-1.807644394969881523e-04,1.129777746856176155e-04,-9.038221974849407615e-05,1.995706844561946636e-01,-2.200564888873428049e-01,1.355733296227411278e-04,6.633274347355269107e-01,-1.807644394969881523e-04,-1.129777746856176155e-04,9.038221974849407615e-05
8.580000,-6.400000000000000133e-01,0.000000000000000000e+00,7.592696761138049144e-01,9.999998853230745999e-01,0.000000000000000000e+00,-4.789090076944624904e-04,0.000000000000000000e+00,-3.126735983118532070e-01,0.000000000000000000e+00,0.000000000000000000e+00,6.690610597878761112e-01,-3.623874614760228541e-01,0.000000000000000000e+00,-3.239432700945398813e-01,0.000000000000000000e+00,0.000000000000000000e+00,6.812309964096782133e-01,-3.498782735871083793e-01,0.000000000000000000e+00,1.100898504889397816e-04,0.000000000000000000e+00,-2.107199714404697430e-03,2.002788942879053236e-01,2.199633033831703555e-01,8.807188039115181717e-05,6.626818905456060005e-01,-1.174291738548690896e-04,7.339323365929318775e-05,-5.871458692743454478e-05,1.997211057120946986e-01,-2.200366966168296468e-01,8.807188039115181717e-05,6.626818905456060005e-01,-1.174291738548690896e-04,-7.339323365929318775e-05,5.871458692743454478e-05
8.590000,-6.400000000000000133e-01,0.000000000000000000e+00,7.593148326281821126e-01,9.999999285920475600e-01,0.000000000000000000e+00,-3.779099094910790772e-04,0.000000000000000000e+00,-3.125316368398197708e-01,0.000000000000000000e+00,0.000000000000000000e+00,6.690483814821321928e-01,-3.625167446423123718e-01,0.000000000000000000e+00,-3.214392597974642385e-01,0.000000000000000000e+00,0.000000000000000000e+00,6.786858520633266556e-01,-3.526651145482449512e-01,0.000000000000000000e+00,6.855163511536789165e-05,0.000000000000000000e+00,-1.662803641339882267e-03,2.001736641422922902e-01,2.199771494549615514e-01,5.484130809229431061e-05,6.621162955435234698e-01,-7.312174412305908985e-05,4.570109007691193454e-05,-3.656087206152954492e-05,1.998263358577077320e-01,-2.200228505450384509e-01,5.484130809229431061e-05,6.621162955435234698e-01,-7.312174412305908985e-05,-4.570109007691193454e-05,3.656087206152954492e-05
8.600000,-6.400000000000000133e-01,0.000000000000000000e+00,7.593544078759930649e-01,9.999999577172581366e-01,0.000000000000000000e+00,-2.908014476774254406e-04,0.000000000000000000e+00,-3.124091582429464053e-01,0.000000000000000000e+00,0.000000000000000000e+00,6.690373614926142798e-01,-3.626282032496678243e-01,0.000000000000000000e+00,-3.192733688246620627e-01,0.000000000000000000e+00,0.000000000000000000e+00,6.764761707042510341e-01,-3.550603612298594558e-01,0.000000000000000000e+00,4.059143249042881696e-05,0.000000000000000000e+00,-1.279526387814632852e-03,2.001028316289757691e-01,2.199864695225031974e-01,3.247314599234305763e-05,6.616284881299459020e-01,-4.329752798979074577e-05,2.706095499361921695e-05,-2.164876399489537289e-05,1.998971683710242531e-01,-2.200135304774968048e-01,3.247314599234305763e-05,6.616284881299459020e-01,-4.329752798979074577e-05,-2.706095499361921695e-05,2.164876399489537289e-05
8.610000,-6.400000000000000133e-01,0.000000000000000000e+00,7.593883614558651907e-01,9.999999764405012037e-01,0.000000000000000000e+00,-2.170691064050430795e-04,0.000000000000000000e+00,-3.123054571311904004e-01,0.000000000000000000e+00,0.000000000000000000e+00,6.690279719185651119e-01,-3.627225147873746613e-01,0.000000000000000000e+00,-3.174354869463854034e-01,0.000000000000000000e+00,0.000000000000000000e+00,6.745951559798422092e-01,-3.570817340063845435e-01,0.000000000000000000e+00,2.261711889386426380e-05,0.000000000000000000e+00,-9.551040756827805945e-04,2.000572967011977898e-01,2.199924609603687020e-01,1.809369511509140697e-05,6.612155870054144957e-01,-2.412492682012188161e-05,1.507807926257617473e-05,-1.206246341006094080e-05,1.999427032988022324e-01,-2.200075390396313002e-01,1.809369511509140697e-05,6.612155870054144957e-01,-2.412492682012188161e-05,-1.507807926257617473e-05,1.206246341006094080e-05
8.620000,-6.400000000000000133e-01,0.000000000000000000e+00,7.594167695750018154e-01,9.999999878219364424e-01,0.000000000000000000e+00,-1.560644963022729894e-04,0.000000000000000000e+00,-3.122196362100904121e-01,0.000000000000000000e+00,0.000000000000000000e+00,6.690201603572086819e-01,-3.628005241471182196e-01,0.000000000000000000e+00,-3.159116605155894986e-01,0.000000000000000000e+00,0.000000000000000000e+00,6.730314076644571264e-01,-3.587499412346653593e-01,0.000000000000000000e+00,1.169094105783479366e-05,0.000000000000000000e+00,-6.866837865174940355e-04,2.000296170506798699e-01,2.199961030196473932e-01,9.352752846267835943e-06,6.608739611828404747e-01,-1.247033712835711403e-05,7.793960705223196902e-06,-6.235168564178557013e-06,1.999703829493201523e-01,-2.200038969803526090e-01,9.352752846267835943e-06,6.608739611828404747e-01,-1.247033712835711403e-05,-7.793960705223196902e-06,6.235168564178557013e-06
8.630000,-6.400000000000000133e-01,0.000000000000000000e+00,7.594398248998462941e-01,9.999999942755000149e-01,0.000000000000000000e+00,-1.069999997958332913e-04,0.000000000000000000e+00,-3.121505989219988675e-01,0.000000000000000000e+00,0.000000000000000000e+00,6.690138495755266757e-01,-3.628632506535277580e-01,0.000000000000000000e+00,-3.146839662499899548e-01,0.000000000000000000e+00,0.000000000000000000e+00,6.717688064723362773e-01,-3.600888402223460516e-01,0.000000000000000000e+00,5.495520000000727461e-06,0.000000000000000000e+00,-4.708000000000311762e-04,2.000139219840000038e-01,2.199981681600000072e-01,4.396416000000583154e-06,6.605992000000000530e-01,-5.861888000000776974e-06,3.663680000000485821e-06,-2.930944000000388487e-06,1.999860780160000184e-01,-2.200018318399999950e-01,4.396416000000583154e-06,6.605992000000000530e-01,-5.861888000000776974e-06,-3.663680000000485821e-06,2.930944000000388487e-06
8.640000,-6.400000000000000133e-01,0.000000000000000000e+00,7.594578349410334717e-01,9.999999976234026366e-01,0.000000000000000000e+00,-6.894341637901559711e-05,0.000000000000000000e+00,-3.120970421836358200e-01,0.000000000000000000e+00,0.000000000000000000e+00,6.690089373811674012e-01,-3.629118951975315310e-01,0.000000000000000000e+00,-3.137304043345082727e-01,0.000000000000000000e+00,0.000000000000000000e+00,6.707864427277332453e-01,-3.611256227330832402e-01,0.000000000000000000e+00,2.281533441379808473e-06,0.000000000000000000e+00,-3.033510323079829929e-04,2.000057798847181822e-01,2.199992394888528879e-01,1.825226753103846736e-06,6.603860831320284008e-01,-2.433635670805128840e-06,1.521022294253205578e-06,-1.216817835402564420e-06,1.999942201152818400e-01,-2.200007605111471143e-01,1.825226753103846736e-06,6.603860831320284008e-01,-2.433635670805128840e-06,-1.521022294253205578e-06,1.216817835402564420e-06
8.650000,-6.400000000000000133e-01,0.000000000000000000e+00,7.594712191681701752e-01,9.999999991671655319e-01,0.000000000000000000e+00,-4.081260783064096442e-05,0.000000000000000000e+00,-3.120574492071095385e-01,0.000000000000000000e+00,0.000000000000000000e+00,6.690052966659431055e-01,-3.629478474588335168e-01,0.000000000000000000e+00,-3.130248088347583613e-01,0.000000000000000000e+00,0.000000000000000000e+00,6.700585842062208863e-01,-3.618910223518873037e-01,0.000000000000000000e+00,7.995211002540058266e-07,0.000000000000000000e+00,-1.795754745046723852e-04,2.000020254534539965e-01,2.199997334929665871e-01,6.396168802032047037e-07,6.602285506039150542e-01,-8.528225069376063068e-07,5.330140668360039550e-07,-4.264112534688031534e-07,1.999979745465460257e-01,-2.200002665070334151e-01,6.396168802032047037e-07,6.602285506039150542e-01,-8.528225069376063068e-07,-5.330140668360039550e-07,4.264112534688031534e-07
8.660000,-6.400000000000000133e-01,0.000000000000000000e+00,7.594805051260461459e-01,9.999999997716584321e-01,0.000000000000000000e+00,-2.137014339100704575e-05,0.000000000000000000e+00,-3.120300823865459483e-01,0.000000000000000000e+00,0.000000000000000000e+00,6.690027755850305180e-01,-3.629726931984845195e-01,0.000000000000000000e+00,-3.125367722359600475e-01,0.000000000000000000e+00,0.000000000000000000e+00,6.695546758344832483e-01,-3.624195395835294042e-01,0.000000000000000000e+00,2.192078537384263126e-07,0.000000000000000000e+00,-9.402863092758784560e-05,2.000005553265628289e-01,2.199999269307154337e-01,1.753662829907410607e-07,6.601196728029987693e-01,-2.338217106543214054e-07,1.461385691589509016e-07,-1.169108553271607027e-07,1.999994446734371933e-01,-2.200000730692845685e-01,1.753662829907410607e-07,6.601196728029987693e-01,-2.338217106543214054e-07,-1.461385691589509016e-07,1.169108553271607027e-07
8.670000,-6.400000000000000133e-01,0.000000000000000000e+00,7.594863239075599903e-01,9.999999999575147624e-01,0.000000000000000000e+00,-9.217944903777604428e-06,0.000000000000000000e+00,-3.120129762269708840e-01,0.000000000000000000e+00,0.000000000000000000e+00,6.690011978236296564e-01,-3.629882215966587222e-01,0.000000000000000000e+00,-3.122315797677103766e-01,0.000000000000000000e+00,0.000000000000000000e+00,6.692393613362347393e-01,-3.627496791112148622e-01,0.000000000000000000e+00,4.078584396071337640e-08,0.000000000000000000e+00,-4.055895757719585489e-05,2.000001033241380344e-01,2.199999864047186837e-01,3.262867516857069980e-08,6.600516204914619323e-01,-4.350490022476093968e-08,2.719056264047558647e-08,-2.175245011238046984e-08,1.999998966758619878e-01,-2.200000135952813185e-01,3.262867516857069980e-08,6.600516204914619323e-01,-4.350490022476093968e-08,-2.719056264047558647e-08,2.175245011238046984e-08
8.680000,-6.400000000000000133e-01,0.000000000000000000e+00,7.594894054302420150e-01,9.999999999961025621e-01,0.000000000000000000e+00,-2.791931933115147364e-06,0.000000000000000000e+00,-3.120039302860612707e-01,0.000000000000000000e+00,0.000000000000000000e+00,6.690003628904026556e-01,-3.629964326043413347e-01,0.000000000000000000e+00,-3.120701480694513252e-01,0.000000000000000000e+00,0.000000000000000000e+00,6.690725143919564744e-01,-3.629241922283777955e-01,0.000000000000000000e+00,3.741544281200801061e-09,0.000000000000000000e+00,-1.228450050572260582e-05,2.000000094785788496e-01,2.199999987528185874e-01,2.993235424960640766e-09,6.600156348188255251e-01,-3.990980566614187688e-09,2.494362854133867512e-09,-1.995490283307093844e-09,1.999999905214211726e-01,-2.200000012471814148e-01,2.993235424960640766e-09,6.600156348188255251e-01,-3.990980566614187688e-09,-2.494362854133867512e-09,1.995490283307093844e-09
8.690000,-6.400000000000000133e-01,0.000000000000000000e+00,7.594905740630361057e-01,9.999999999999363842e-01,0.000000000000000000e+00,-3.566668649923533969e-07,0.000000000000000000e+00,-3.120005020928053319e-01,0.000000000000000000e+00,0.000000000000000000e+00,6.690000463634578898e-01,-3.629995442706525077e-01,0.000000000000000000e+00,-3.120089617018158012e-01,0.000000000000000000e+00,0.000000000000000000e+00,6.690092644546190570e-01,-3.629903160805834084e-01,0.000000000000000000e+00,6.106140124006994860e-11,0.000000000000000000e+00,-1.569334205966388404e-06,2.000000001546888839e-01,2.199999999796461991e-01,4.884912099205595888e-11,6.600019973344439794e-01,-6.513216132274127850e-11,4.070760082671330553e-11,-3.256608066137063925e-11,1.999999998453111383e-01,-2.200000000203538031e-01,4.884912099205595888e-11,6.600019973344439794e-01,-6.513216132274127850e-11,-4.070760082671330553e-11,3.256608066137063925e-11
8.700000,-6.400000000000000133e-01,0.000000000000000000e+00,7.594907452582463359e-01,1.000000000000000000e+00,0.000000000000000000e+00,-0.000000000000000000e+00,0.000000000000000000e+00,-3.120000000000004436e-01,0.000000000000000000e+00,0.000000000000000000e+00,6.690000000000010383e-01,-3.630000000000005445e-01,0.000000000000000000e+00,-3.120000000000004436e-01,0.000000000000000000e+00,0.000000000000000000e+00,6.690000000000010383e-01,-3.630000000000005445e-01,0.000000000000000000e+00,-0.000000000000000000e+00,0.000000000000000000e+00,-0.000000000000000000e+00,2.000000000000000111e-01,2.200000000000000011e-01,-0.000000000000000000e+00,6.600000000000000311e-01,0.000000000000000000e+00,-0.000000000000000000e+00,0.000000000000000000e+00,2.000000000000000111e-01,-2.200000000000000011e-01,-0.000000000000000000e+00,6.600000000000000311e-01,0.000000000000000000e+00,0.000000000000000000e+00,-0.000000000000000000e+00
